NODE_ID,NODE_TYPE,NODE_NAME,UPDATEDATE,lon,lat,gid,avg_speed
3850018100,106,진례IC앞,20230519,128.758072,35.27067105,마라14ab97bb,
3850000600,104,대정2교,20230519,128.7842439,35.18439047,마라16bb88ab,
3850001700,101,대청지하차도,20230519,128.8019127,35.19393014,마라18ba89ba,
3850002401,101,장유면사무소사거리,20230519,128.8129119,35.20060119,마라19ba90ab,
3850003601,101,풍류도주유소앞교차로,20230519,128.8475122,35.21913017,마라22ba92ab,
3850005100,101,불암2육교,20230519,128.93086,35.22266841,마라30aa92bb,
3850009903,101,김해중앙병원앞교차로,20230519,128.8572663,35.23112479,마라23ba93ba,
3850010001,101,내삼리686-2,20230519,128.8209925,35.23379249,마라20aa93bb,
3850010700,101,바라밀정사,20230519,128.8503959,35.23274624,마라22bb93bb,
3850013301,101,주촌교차로,20230519,128.8342131,35.23715556,마라21ab94ab,
3850016500,101,진례면행정복지센터,20230519,128.7483247,35.2489803,마라13ba95ba,32.35187861
3850016504,104,시레교,20230519,128.7470194,35.25520032,마라13ab96aa,
3850017000,104,구산교,20230519,128.8702838,35.25164605,마라24ba95bb,20.43352601
3850017101,101,노인복지관사거리,20230519,128.8660265,35.25681063,마라24ab96ba,
3850017700,106,청천교,20230519,128.7526832,35.26469314,마라13bb97ab,
3850019101,101,고모삼거리,20230519,128.768604,35.28080732,마라15ab99aa,
3850020400,101,경성특수화물,20230519,128.7851237,35.29326408,마마16bb00ba,
3850021000,104,설창교,20230519,128.778016,35.29469946,마마16aa00ba,
3850022100,101,축산물도매판매장,20230519,128.7344807,35.30281783,마마12aa01ba,12
3850022101,101,진영교회앞교차로,20230519,128.731124,35.30315641,마마11bb01ba,
3850022103,101,대흥초교앞교차로,20230519,128.7263749,35.30389249,마마11ab01ba,
3850022104,103,속성변화점,20230519,128.7252972,35.30407366,마마11ab01ba,
3850022106,101,진영리686,20230519,128.7297481,35.303286,마마11bb01ba,
3850022401,101,부곡IC삼거리,20230519,128.719677,35.30385507,마마10bb01ba,31.16473988
3850024701,104,여차교,20230519,128.8933841,35.33728717,마마26ba05ba,
3850035000,101,바다속으로앞교차로,20230519,128.8025533,35.17791786,마라18ba87ba,
3850035100,101,대초연립,20230519,128.7859196,35.17792046,마라17aa87ba,
3850037800,101,덕정공원사거리,20230519,128.7997081,35.17972199,마라18ab87bb,
3850042700,101,동성프라자앞교차로,20230519,128.7947619,35.18839323,마라17bb88bb,
3850043000,101,갑오푸르지오1단지앞교차로,20230519,128.7959841,35.18849655,마라17bb88bb,
3850045000,101,경원벤딩기득산업앞교차로,20230519,128.8072022,35.18927985,마라19aa89aa,
3850051700,101,매일우유장유DS대리점,20230519,128.8058569,35.19305039,마라18bb89ab,57
3850051900,101,재영프라자사거리,20230519,128.8045823,35.19309843,마라18bb89ab,
3850055100,101,방울공원앞교차로,20230519,128.84281,35.19472986,마라22aa89ba,
3850055400,101,큰기쁨교회,20230519,128.8057248,35.19482132,마라18bb89ba,92.87369942
3850056300,101,능동삼거리,20230519,128.7935958,35.19546533,마라17bb89ba,
3850061000,101,삼문고교앞교차로,20230519,128.7969839,35.1978761,마라18aa89bb,
3850061800,101,소리공원입구교차로,20230519,128.7981715,35.19826657,마라18aa89bb,
3850062200,101,향나무집앞교차로,20230519,128.844641,35.19846965,마라22ab90aa,
3850063100,101,화목동1267-2,20230519,128.8460786,35.19909785,마라22ba90aa,32.80924855
3850063601,101,장유면사무소사거리,20230519,128.8138854,35.20023676,마라19ba90aa,
3850065700,101,화목동1556-16,20230519,128.8489182,35.20196855,마라22bb90ab,10
3850066800,101,장유고등학교사거리,20230519,128.804462,35.20309826,마라18ba90ba,33.75
3850067400,101,코아상가사거리,20230519,128.8098875,35.20345606,마라19aa90ba,
3850069800,101,갯바위횟집앞교차로,20230519,128.8148588,35.20470947,마라19ba90ba,
3850072200,101,장유초교앞교차로,20230519,128.8110697,35.20544399,마라19ab90bb,10
3850078600,102,누리도니,20230519,128.8484952,35.20913458,마라22ba91ab,
3850079100,101,흥동296,20230519,128.8536042,35.20982121,마라23aa91ab,
3850079300,102,유하마을회관경로당,20230519,128.812685,35.21012571,마라19ab91ab,
3850083900,103,속성변화점,20230519,128.8456896,35.21896328,마라22ab92ab,
3850086200,101,두산빌라앞교차로,20230519,128.8628817,35.22147129,마라24aa92ba,12
3850087500,101,김해봉황초교입구교차로,20230519,128.8680603,35.22190429,마라24ba92ba,25.87586705
3850087900,101,우림파크빌입구교차로,20230519,128.8562467,35.22205294,마라23ab92ba,30.21965318
3850088000,101,한빛드림빌앞교차로,20230519,128.8628252,35.2220578,마라24aa92ba,33.10982659
3850088900,102,해반천교,20230519,128.8747661,35.22243924,마라25aa92bb,17
3850089400,101,중앙어린이집,20230519,128.8493532,35.22266797,마라22bb92bb,25.56213873
3850093501,101,임호사거리,20230519,128.8655674,35.22920301,마라24ab93ba,
3850093600,104,용덕교,20230519,128.834226,35.22874667,마라21ab93ab,
3850094200,101,김해소방서앞교차로,20230519,128.9007518,35.22927,마라27ab93ba,
3850096500,101,신풍빌딩앞교차로,20230519,128.9222812,35.23035053,마라29ab93ba,21
3850097702,101,삼정동263,20230519,128.8945138,35.23129232,마라26bb93bb,
3850099800,101,소망의교회,20230519,128.9226383,35.23148219,마라29ab93bb,37.3
3850100600,101,셀라어린이집,20230519,128.8597422,35.23184604,마라23ba93bb,30.52109827
3850101400,101,한국1차사거리,20230519,128.8662381,35.23210383,마라24ab93bb,34.17268786
3850102300,101,영남자동차매매상사앞교차로,20230519,128.9217672,35.23233135,마라29ab93bb,53.08193642
3850106200,101,임호초교삼거리,20230519,128.8705506,35.23403275,마라24ba94aa,
3850112300,101,한빛은혜교회,20230519,128.8589378,35.23633176,마라23ba94ab,
3850107000,101,해금공원입구교차로,20230519,128.9041024,35.2344567,마라27bb94aa,
3850108500,101,김해예루살렘교회,20230519,128.900299,35.23474825,마라27ab94aa,54.41763006
3850115000,102,초대교회,20230519,128.8781919,35.23774283,마라25ab94ab,42.95462428
3850116500,101,새동네삼거리,20230519,128.8874917,35.23831789,마라26aa94ba,30.1767341
3850120800,101,동상어린이집,20230519,128.8877821,35.23991627,마라26ab94ba,10
3850121200,101,GS25동상스마일,20230519,128.8839938,35.24008955,마라25bb94ba,22
3850121400,101,소바우공원앞교차로,20230519,128.8645147,35.2401377,마라24aa94ba,
3850125300,101,대성오렌지어린이집,20230519,128.8793725,35.24236562,마라25ba94bb,
3850126800,101,김해등기소사거리,20230519,128.868329,35.2430647,마라24ab95aa,
3850127400,101,신어초등사거리,20230519,128.9128481,35.24359167,마라28ba95aa,20.47109827
3850128700,102,신풍사,20230519,128.9148064,35.24411588,마라28ba95aa,6
3850130400,101,구지공원입구교차로,20230519,128.8727027,35.24554904,마라24bb95ab,17.5
3850131000,104,돈담교,20230519,128.7650677,35.24603035,마라15aa95aa,
3850131200,104,돈담교,20230519,128.7646357,35.24620956,마라15aa95ab,
3850135900,101,GS25S연지공원역점,20230519,128.8699064,35.25038032,마라24ba95bb,13.56286127
3850136700,101,구산주공5단지앞교차로,20230519,128.8723416,35.25114859,마라24bb95bb,24
3850138300,101,원지리산185-1,20230519,128.8209059,35.25320092,마라20aa96aa,35.12572254
3850139300,104,상하평교,20230519,128.7623489,35.25407614,마라14bb96aa,19.87427746
3850140000,104,담안교,20230519,128.7688311,35.25540246,마라15ab96ab,29
3850149600,101,삼계동1520-9,20230519,128.8704618,35.2621412,마라24ba97aa,
3850149900,101,김해YMCA입구교차로,20230519,128.8687046,35.26229513,마라24ba97aa,
3850150800,101,희망공원앞교차로,20230519,128.8729894,35.26249902,마라24bb97aa,
3850152200,101,화정초교앞교차로,20230519,128.8656465,35.26343387,마라24aa97ab,
3850152500,101,블루시티오피스텔,20230519,128.8718959,35.26348577,마라24bb97ab,
3850153200,101,어리연공원입구교차로,20230519,128.875294,35.2637395,마라25aa97ab,
3850155600,101,삼계중교앞교차로,20230519,128.8649574,35.26561618,마라24aa97ba,
3850157200,102,하동제첩국,20230519,128.7482033,35.26777315,마라13ba97ba,18
3850157700,101,김해북교회앞교차로,20230519,128.8638722,35.26861231,마라24aa97bb,
3850158700,101,무봉리토종순대국앞교차로,20230519,128.8628593,35.26948658,마라23bb97bb,
3850161300,104,소동교,20230519,128.7210605,35.27585938,마라11aa98ba,16.26517341
3850162500,101,대동분기점앞교차로,20230519,128.9862973,35.28143805,마라35aa99ab,19
3850163100,102,병동리182,20230519,128.8030992,35.28413087,마라18ba99ba,
3850167000,103,속성변화점,20230519,128.9120987,35.29807457,마마28ab01aa,26.05780347
3850168900,104,진영제2육교,20230519,128.7547691,35.30291478,마마14aa01ba,
3850171001,101,진영리600-1,20230519,128.7167897,35.3067625,마마10ba01bb,
3850171300,104,어용교,20230519,128.8236785,35.30569498,마마20ab01bb,
3850172300,104,하라전교차로,20230519,128.8735763,35.3061523,마마24bb02aa,45.74277457
3850175600,101,진영리1357-1,20230519,128.7196432,35.30732536,마마10bb01bb,
3850181200,102,용전교,20230519,128.9284864,35.30915596,마마29bb02ab,22.96965318
3850181800,101,진영리1646,20230519,128.7262241,35.3096506,마마11ab02ab,28.78106936
3850182801,101,진영리1641,20230519,128.7329655,35.31206498,마마12aa02ba,
3850184500,101,중흥S클래스1단지앞교차로,20230519,128.7350863,35.31287953,마마12ab02ba,19
3850186000,101,부산경남양돈협동조합앞교차로,20230519,128.754912,35.31419038,마마14aa02bb,23
3850189800,101,한림애경물류,20230519,128.8023047,35.32268371,마마18ab03bb,5.874277457
3850190000,101,한림체육관앞교차로,20230519,128.8014629,35.3228404,마마18ab03bb,23.45375723
3850190500,101,그린종합환경,20230519,128.8015672,35.3232485,마마18ab03bb,
3850190700,101,한림주유소앞교차로,20230519,128.8002804,35.32346953,마마18aa03bb,
3850190900,101,그린이에스,20230519,128.8016497,35.32355117,마마18ab03bb,50.06286127
3850191000,101,한림소방서입구교차로,20230519,128.8003279,35.32377981,마마18aa03bb,52.3
3850191600,102,학산교,20230519,128.8487483,35.32412489,마마22ba04aa,
3850193500,104,장재교,20230519,128.8090162,35.32562033,마마18bb04aa,
3850194000,101,한림파출소,20230519,128.7986503,35.32594298,마마18aa04aa,17.04624277
3850194300,104,장재2교,20230519,128.8076479,35.3260634,마마18bb04aa,22
3850199000,104,창암교,20230519,128.8348785,35.37847787,마마21aa10aa,26
3850199600,101,2호광장사거리,20230519,128.8179168,35.1951027,마라19bb89ba,22.90751445
3850201700,104,김해2터널남측,20230519,128.8254487,35.2487261,마라20ba95ba,23
3850201900,104,김해3터널남측,20230519,128.8299696,35.24414574,마라21aa95aa,30.34537572
3850202400,101,대청동800-36,20230519,128.7718448,35.18208453,마라15bb88aa,16.56358382
3850202801,101,초정리376,20230519,128.9709711,35.24145731,마라33bb94bb,
3850203300,104,해반천교,20230519,128.8750146,35.22180628,마라25aa92ba,23
3850204300,106,동김해IC,20230519,128.8963041,35.22357784,마라27aa92bb,16
3850287200,103,속성변화점,20230519,128.9923203,35.23348999,마라35bb94aa,22
3850287400,101,회명대교입구,20230519,128.993998,35.23366642,마라35bb94aa,21
3850318600,106,케이바특수화물,20230519,128.8294747,35.20870273,마라21aa91aa,
3850319401,101,몽골영사관,20230519,128.8324392,35.21311661,마라21ab91ba,
3850320200,104,여래교,20230519,128.7353224,35.29250167,마마12ab00ab,33.21372832
3850322400,103,속성변화점,20230519,128.8941315,35.30560115,마마26ba02aa,
3850322800,104,터널북측,20230519,128.9138243,35.29896375,마마28ba01ab,
3850324400,106,김해가야하이패스IC서측,20230519,129,35.27063054,마라36ab98ab,
3850348603,101,관동동1132,20230519,128.8129478,35.17729906,마라19ba87ba,
3850349400,101,모아프라자앞,20230519,128.8114205,35.16869653,마라19ab86ba,25
3850349702,101,율하동1417,20230519,128.8141013,35.17161094,마라19ba87aa,
3850350500,101,김해서부복합문화센터,20230519,128.822315,35.17182404,마라20ab87aa,23
3850351600,101,신문동1427,20230519,128.8275567,35.18615127,마라20bb88ba,14
3850363701,101,담안리1537,20230519,128.7662884,35.26594445,마라15aa97ab,
3850364600,101,고모리1612,20230519,128.7691005,35.26631807,마라15ab97ba,
3850364901,101,고모리1595,20230519,128.7693402,35.27097054,마라15ab98aa,
3850367200,101,담안리1467-3,20230519,128.7748255,35.26553507,마라15bb97ab,
3850368800,101,여래리1008,20230519,128.7382698,35.30753632,마마12ba02aa,
3850369100,102,여차리417-2,20230519,128.8944265,35.34733634,마마26ba06ba,21
3850370500,102,본산리1699,20230519,128.7518516,35.32217154,마마13bb03ba,
3850371000,101,진영리1757,20230519,128.7382404,35.31413068,마마12ba02bb,
3850372600,101,여래리514,20230519,128.737953,35.30518168,마마12ba01bb,
3850372700,102,여래리518-1,20230519,128.737878,35.30468174,마마12ba01ba,
3850379400,102,내삼리763-1,20230519,128.8184717,35.23130713,마라19bb93ba,14
3850380000,102,내삼리763-1,20230519,128.8186592,35.2301156,마라19bb93ba,16.5
3850385700,101,인제삼거리,20230519,128.9033892,35.24518114,마라27ba95ab,
3850389400,101,삼정동346-6,20230519,128.9032269,35.22619159,마라27ba93aa,17.37182081
3850390000,102,내동327,20230519,128.8602055,35.24116463,마라23bb94bb,38
3850392400,102,무계동66-7,20230519,128.8182971,35.20144379,마라20aa90ab,13.53034682
3850396200,103,속성변화점,20230519,128.8150226,35.17196373,마라19ba87aa,27.21820809
3850397500,101,장유동587-2,20230519,128.828409,35.16372307,마라20bb86aa,
3850205200,104,불암1육교,20230519,128.9259389,35.22400416,마라29bb93aa,22.71820809
3850404701,101,병동리1202,20230519,128.7941002,35.29177592,마마17ba00ab,
3850409100,102,내덕동6-19,20230519,128.8204312,35.212151,마라20aa91ba,
3850405501,104,덕산지하차도,20230519,128.9760702,35.30067525,마마34aa01ba,
1410410401,103,해반천,20230519,128.8727025,35.2031267,마라24bb90ba,
3880294800,105,김해시-양산시,20230519,128.9989814,35.28807577,마마36ab00aa,
4140082600,101,상포마을회관,20230519,128.713343,35.32303938,마마10ab03ba,
4150052900,105,김해시-창원시성산구,20230519,128.744025,35.18182749,마라13ab88aa,
3850098100,102,수안마을수국정원축제,20230519,128.9345566,35.2309542,마라30ba93bb,20
3850002300,106,능동교,20230519,128.8044207,35.19913549,마라18ba90aa,
3850002400,106,무계지하차도,20230519,128.8110916,35.19917755,마라19ab90aa,
3850003701,104,장유휴게소,20230519,128.7952526,35.20870249,마라17bb91aa,
3850006800,101,신월교,20230519,128.7667478,35.22828086,마라15ab93ab,53.54523121
3850009500,101,임호사거리,20230519,128.8657144,35.22986458,마라24ab93ba,60.25650289
3850010302,104,봉황교,20230519,128.8727386,35.23221288,마라24bb93bb,
3850010400,101,일신교회,20230519,128.8524846,35.23213674,마라23aa93bb,42.52745665
3850013600,101,초전교,20230519,128.7512821,35.23847293,마라13bb94ab,
3850017300,106,진례IC,20230519,128.7567521,35.2577428,마라14ab96ba,
3850017601,101,거북카센터앞교차로,20230519,128.7533957,35.2667123,마라14aa97ba,
3850017701,104,진영휴게소,20230519,128.7193031,35.27877639,마라10bb98bb,
3850017702,104,진영휴게소,20230519,128.7132977,35.27889546,마라10ab98bb,
3850020300,101,용담삼거리,20230519,128.7626308,35.29289411,마마14bb00ab,
3850021901,103,속성변화점,20230519,128.7405327,35.30220387,마마12bb01ab,
3850024800,101,신영기업,20230519,128.8462397,35.33812699,마마22ab05ba,
3850024902,104,생철교차로,20230519,128.8481381,35.3541916,마마22ab07ab,28.57225434
3850025004,101,여차리1574,20230519,128.8998166,35.35601181,마마27aa07ba,
3850027301,101,관동동479,20230519,128.8035674,35.17508827,마라18ba87ab,
3850035500,101,신안초교입구교차로,20230519,128.7908835,35.17823479,마라17ba87bb,
3850060800,101,무계교,20230519,128.8161001,35.19782166,마라19bb89bb,
3850040300,101,대청프라자사거리,20230519,128.7980929,35.18635948,마라18aa88ba,
3850040800,101,석화꽃무지풀무지유치원,20230519,128.8024218,35.18685128,마라18ba88ba,
3850041000,101,장유푸르지오2차입구교차로,20230519,128.7999638,35.18695542,마라18ab88ba,
3850045400,101,대청2교,20230519,128.8011662,35.1894567,마라18ab89aa,
3850054400,101,장유풀잎문화센터,20230519,128.7995882,35.19437004,마라18ab89ba,
3850055700,101,장유농협앞교차로,20230519,128.801444,35.19496599,마라18ab89ba,91.91921965
3850060400,101,화목동796,20230519,128.8477008,35.19771308,마라22ba89bb,
3850061900,101,삼문초등학교삼거리,20230519,128.8021015,35.19828926,마라18ba89bb,66.79479769
3850064000,101,화목동1556-39,20230519,128.8467428,35.20006143,마라22ba90aa,77.91690751
3850066100,101,제일물류앞교차로,20230519,128.8498553,35.2023887,마라22bb90ba,23.5
3850066700,101,석봉대동2단지서측교차로,20230519,128.8076933,35.20307744,마라19aa90ba,18
3850067000,101,영진목재앞교차로,20230519,128.8511145,35.20322766,마라22bb90ba,
3850067800,103,속성변화점,20230519,128.8003781,35.20365894,마라18ab90ba,
3850071600,101,거성교회앞교차로,20230519,128.8092785,35.20528535,마라19aa90bb,12
3850072100,101,내덕동349,20230519,128.8219103,35.20542792,마라20ab90bb,17.46965318
3850073000,101,내덕동349,20230519,128.8212243,35.20560779,마라20ab90bb,13
3850073800,101,내덕동349,20230519,128.8216877,35.20579352,마라20ab90bb,11
3850074600,101,내덕동351,20230519,128.8179704,35.20628806,마라19bb90bb,18.87427746
3850074900,101,부곡초등학교사거리,20230519,128.8009204,35.20643784,마라18ab90bb,30.43786127
3850075400,101,내덕동351,20230519,128.8177061,35.20664854,마라19bb90bb,14
3850076300,101,내덕동348,20230519,128.819719,35.20704868,마라20aa90bb,14
3850077900,101,풍유동435,20230519,128.8497053,35.20860755,마라22bb91aa,38.56358382
3850078900,101,월산부영1단지입구교차로,20230519,128.7997273,35.20970702,마라18ab91ab,
3850079500,101,칠산초교앞교차로,20230519,128.8514558,35.21015915,마라23aa91ab,
3850080800,101,흥동291,20230519,128.8525941,35.21202537,마라23aa91ba,80.10549133
3850082700,102,여여세라믹스판매장,20230519,128.8521807,35.21528596,마라23aa91bb,41.13121387
3850083100,101,농소교,20230519,128.8397856,35.21589432,마라21bb91bb,34.08526012
3850083400,104,농소교,20230519,128.8411103,35.21697876,마라22aa92aa,
3850083700,104,농소교,20230519,128.8419378,35.21765881,마라22aa92aa,
3850085300,101,예원산업앞교차로,20230519,128.8498075,35.22102443,마라22bb92ba,
3850086400,101,김해봉황초교앞교차로,20230519,128.8695775,35.2215516,마라24ba92ba,
3850087200,101,유천식당앞교차로,20230519,128.8671889,35.22183109,마라24ab92ba,32.11416185
3850088300,101,청호아트빌앞교차로,20230519,128.8642343,35.22218457,마라24aa92ba,35.56213873
3850089600,102,바위집,20230519,128.7319828,35.2228035,마라12aa92ba,27.12716763
3850091200,101,동아그린아파트입구교차로,20230519,128.8726151,35.2255707,마라24bb93aa,17.85910405
3850091700,101,금호타이어부산물류앞교차로,20230519,128.9186515,35.22654023,마라29aa93ab,
3850095000,101,젠투커피,20230519,128.869865,35.22975985,마라24ba93ba,17
3850095300,102,합동수산,20230519,128.8960539,35.22989762,마라27aa93ba,14
3850100800,101,외동초교앞교차로,20230519,128.8588343,35.2319534,마라23ba93bb,16.90693642
3850101600,104,원당교,20230519,128.8180078,35.23219431,마라19bb93bb,40.36054913
3850104900,101,어방조방낙지사거리,20230519,128.9050041,35.23332546,마라27bb94aa,
3850105700,101,임호중교앞교차로,20230519,128.8717738,35.233892,마라24bb94aa,
3850106100,101,남산전기앞교차로,20230519,128.9194948,35.23399429,마라29aa94aa,
3850110600,101,김해동부교회앞교차로,20230519,128.9194034,35.23571149,마라29aa94ab,
3850114500,101,한덕아파트앞교차로,20230519,128.8893299,35.2374155,마라26ab94ab,53.17586705
3850115900,104,청하,20230519,128.774416,35.2381064,마라15bb94ab,14
3850117200,101,동성휴먼빌리지,20230519,128.8818635,35.23860854,마라25ba94ba,20.43786127
3850120300,101,한일아파트앞교차로,20230519,128.91363,35.23963358,마라28ba94ba,36.04624277
3850122800,101,연지동부아파트앞교차로,20230519,128.871688,35.24074953,마라24bb94bb,
3850122900,101,롯데캐슬1차사거리,20230519,128.8848261,35.24084342,마라26aa94bb,
3850123700,101,대우아파트사거리,20230519,128.8659709,35.24130634,마라24ab94bb,
3850124000,102,풍성한침레교회,20230519,128.9169803,35.24136932,마라28bb94bb,
3850124100,101,해강하이츠빌라,20230519,128.7734779,35.24138107,마라15bb94ba,
3850125100,101,김해산성교회앞교차로,20230519,128.9138874,35.2422373,마라28ba95aa,
3850125200,101,우암초교사거리,20230519,128.8672508,35.24226353,마라24ab94bb,
3850130300,101,구지공원앞교차로,20230519,128.8718997,35.24553207,마라24bb95ab,15.09248555
3850130600,101,신어중사거리,20230519,128.9120358,35.24565007,마라28ab95ab,28
3850132500,101,삼방제일성결교회,20230519,128.9112971,35.24748743,마라28ab95ba,37
3850132600,101,우암기계,20230519,128.7738743,35.2477919,마라15bb95ab,19
3850134000,101,충절교,20230519,128.9063858,35.24913255,마라27bb95bb,33
3850134300,101,금계삼계탕앞교차로,20230519,128.8712318,35.24924036,마라24bb95ba,17.87283237
3850138600,104,삼방교,20230519,128.9031386,35.25358557,마라27ba96ab,24.21965318
3850139800,101,덕암교차로,20230519,128.8197408,35.25569742,마라20aa96ab,38.70708092
3850140601,101,담안리1477-4,20230519,128.7695065,35.25861138,마라15ab96ba,
3850140900,101,지구촌교회앞교차로,20230519,128.8690503,35.25671619,마라24ba96ba,
3850144200,101,찬양교회앞교차로,20230519,128.8660627,35.25920821,마라24ab96bb,4
3850148700,101,블루시티캐슬,20230519,128.8739695,35.26155974,마라24bb97aa,
3850151000,101,바이핸즈,20230519,128.873838,35.26257615,마라24bb97aa,
3850152800,101,카페바스켓,20230519,128.8732971,35.26358529,마라24bb97ab,
3850153100,101,삼계성당입구교차로,20230519,128.8747105,35.26369622,마라25aa97ab,
3850154800,101,분성고교앞교차로,20230519,128.8745277,35.26471765,마라25aa97ab,
3850155000,101,조은금강병원사거리,20230519,128.8640881,35.26478226,마라24aa97ab,
3850157900,101,분성동원로얄듀크앞교차로,20230519,128.8651378,35.26862379,마라24aa97bb,
3850158400,101,여여정사김해교포원,20230519,128.8638368,35.26944797,마라24aa97bb,
3850160900,102,대감리1182-3,20230519,128.993787,35.27553527,마라35bb98bb,13.53034682
3850161100,102,소감교,20230519,128.9948095,35.27562424,마라35bb98bb,10.26517341
3850162100,104,모촌교,20230519,128.7699496,35.27908533,마라15ab98bb,13
3850164200,101,영동공업앞교차로,20230519,128.7723484,35.28640662,마라15ba99ba,
3850166600,102,그린필드종합건설,20230519,128.8147952,35.29539475,마마19ba00bb,17
3850375600,102,명동리1390,20230519,128.8018226,35.29487492,마마18ab00ba,
3850169300,101,나전금속앞교차로,20230519,128.8742646,35.30311815,마마24bb01ba,
3850172200,102,진영병원장례식장,20230519,128.7258055,35.30611644,마마11ab01bb,44.19508671
3850172503,101,진영리991,20230519,128.7408824,35.31008312,마마12bb02ab,
3850173600,101,진영육교,20230519,128.723802,35.30680515,마마11ab01bb,
3850175000,101,진영리1665,20230519,128.7354132,35.30724781,마마12ab02aa,
3850178700,101,진영중교앞교차로,20230519,128.7351537,35.30817986,마마12ab02aa,10
3850180900,101,진영리1642,20230519,128.7272508,35.30885812,마마11ba02aa,17.56358382
3850183100,101,중흥S클래스1단지앞교차로,20230519,128.7355401,35.31187474,마마12ab02ba,29
3850185800,101,썬텔앞교차로,20230519,128.7435896,35.31412112,마마13aa02bb,33
3850186400,102,영강사,20230519,128.7937617,35.3148976,마마17ba02bb,23
3850188401,101,본산리1299-4,20230519,128.7421912,35.31934507,마마12bb03ab,
3850188501,101,가산리773,20230519,128.7598037,35.32104827,마마14ba03ba,
3850189200,102,매리271-4,20230519,128.962666,35.32063218,마마32bb03bb,
3850191300,101,경동교앞교차로,20230519,128.8307932,35.32390114,마마20bb03bb,
3850192000,101,명진빌라앞교차로,20230519,128.7993135,35.32451389,마마18aa03bb,
3850193200,101,성신양회김해공장,20230519,128.803569,35.32555044,마마18ab04aa,
3850194800,101,장방리1296-6,20230519,128.8014382,35.32790476,마마18ab04ab,17
3850195300,101,에스비케이,20230519,128.7553299,35.33109415,마마14aa04ba,6
3850196600,102,여차리1136,20230519,128.8893958,35.33800309,마마26ab05ba,
3850197000,102,시산리137-31,20230519,128.8059777,35.34534963,마마18ba06ab,17
3850197200,104,모정교,20230519,128.806563,35.34947268,마마18ba06bb,12
3850197800,101,금곡리763,20230519,128.8088337,35.35273065,마마18bb07aa,29
3850198001,101,생철리506-3,20230519,128.8502071,35.35754208,마마22ba07ba,
3850198600,101,안양회관입구교차로,20230519,128.8475167,35.37380417,마마22ab09ba,25
3850202900,101,대청로교회,20230519,128.7936995,35.19075511,마라17bb89aa,19.90390173
3850203100,104,응달동324,20230519,128.8260868,35.17659943,마라20bb87ba,17
3850206100,104,대동3터널북측,20230519,128.9711756,35.27154855,마라33bb98ab,27.60693642
3850289800,104,장유1터널북측,20230519,128.7858096,35.19941706,마라17aa90aa,7
3850318801,101,농소리652,20230519,128.8306382,35.21370067,마라21aa91ba,
3850320100,104,터널남측,20230519,128.7274217,35.28925126,마라11ba99bb,34
3850323000,104,내동천교,20230519,128.9283368,35.29202334,마마29bb00ba,
3850349706,101,율하동1417,20230519,128.8144649,35.16923184,마라19ba86bb,
3850349903,101,율하동1417,20230519,128.8147947,35.17362406,마라19ba87ab,
3850350201,101,율하동1417,20230519,128.8163626,35.17280444,마라19bb87aa,
3850351101,101,신문동769-1,20230519,128.8240507,35.18210114,마라20ba88aa,
3850351500,101,신문동134-46,20230519,128.8274117,35.18742298,마라20bb88bb,28.00289017
3850365701,101,고모리1594,20230519,128.7706499,35.27319419,마라15ba98ab,
3850366400,101,담안리582-2,20230519,128.772021,35.26010525,마라15ba96bb,
3850367100,101,담안리263,20230519,128.7740503,35.2632616,마라15bb97aa,
3850368300,104,퇴래천교(동측),20230519,128.8133142,35.2950952,마마19ab00ba,
3850368500,101,여차리1613,20230519,128.9017383,35.35550214,마마27ab07ba,
3850370300,102,본산리366-1,20230519,128.7549514,35.32114668,마마14aa03ba,
3850374500,102,고모리1439-1,20230519,128.782587,35.26725288,마라16ba97ba,
3850377900,101,덕암리산2-19,20230519,128.8240362,35.25703798,마라20ab96ba,20.90751445
3850378300,101,덕암리산11-1,20230519,128.8256708,35.259754,마라20ba96bb,13.71820809
3850379200,102,내삼리690-10,20230519,128.8229088,35.23351524,마라20ab93bb,15
3850382100,103,속성변화점,20230519,128.8202842,35.22234147,마라20aa92ba,28.25144509
3850382200,101,망덕리885,20230519,128.8249213,35.21915019,마라20ba92ab,6
3850382500,101,농소리652,20230519,128.8309958,35.21265096,마라21aa91ba,9
3850383700,101,구산동1084,20230519,128.8673298,35.25013035,마라24ab95bb,14
3850388400,101,삼정동565-43,20230519,128.9037769,35.22569998,마라27ba93aa,33.58641618
3850389300,101,삼정동565-45,20230519,128.9037269,35.22714149,마라27ba93ab,34.28323699
3850392700,101,무계동75-1,20230519,128.8201219,35.20021894,마라20aa90aa,15.32080925
3850397300,101,장유동670,20230519,128.8247343,35.16599926,마라20ba86ab,
3850399600,105,김해시-밀양시,20230519,128.8391907,35.38666011,마마21ba10bb,11.71820809
3850400800,104,대포천교,20230519,128.9083993,35.30248036,마마28aa01ba,15.56358382
3850403501,101,JDX,20230519,128.8417903,35.20798803,마라22aa91aa,
3850407600,101,내덕동28-36,20230519,128.8190755,35.20991358,마라20aa91ab,
3850408900,102,내덕동479-5,20230519,128.8265127,35.20571178,마라20ba90bb,
3850018903,101,덕산리682-3,20230519,128.9824517,35.28371273,마라34bb99ba,
3850092800,101,부원동사거리,20230519,128.8851543,35.228149,마라26aa93ab,
3850093000,101,김해경신교회,20230519,128.8719138,35.22832699,마라24bb93ab,
3850253800,104,전산1교서측,20230519,128.9018523,35.21488518,마라27ba91bb,
3850254800,101,수안교차로,20230519,128.935714,35.22796849,마라30ba93ab,19.5
4140082900,104,풍년교,20230519,128.7165159,35.32533627,마마10ba03bb,
3850016100,101,KAL삼거리,20230519,128.8668691,35.24567174,마라24ab95ab,42.38439306
3850375500,101,명동리1391,20230519,128.8019726,35.29442497,마마18ab00ba,
3850082300,104,유하교,20230519,128.8161274,35.21463762,마라19bb91bb,79.16618497
1410339100,103,속성변화점,20230519,128.8653535,35.15999089,마라24ab85bb,
1410391100,101,미음동217-122,20230519,128.8680182,35.15275788,마라24ba85aa,
3850383900,102,내동225-2,20230519,128.8639301,35.24873881,마라24aa95ba,20.87427746
3850004300,101,서김해IC2육교,20230519,128.8480645,35.22113477,마라22ba92ba,
3850004500,106,냉정JC,20230519,128.7905689,35.22201674,마라17ab92ba,
3850005301,104,불암교,20230519,128.9237419,35.21992449,마라29ba92ba,
3850005303,104,시만교,20230519,128.9168776,35.21708839,마라28bb92aa,
3850007100,101,금강병원장례식장,20230519,128.8824944,35.2278923,마라25bb93ab,84.42745665
3850007300,101,활천삼거리,20230519,128.8992704,35.22799521,마라27ab93ab,50.86632948
3850010000,101,도안휴먼시아10단지아파트,20230519,128.8201496,35.23136018,마라20aa93ba,97.05202312
3850011300,101,아뜰리에정,20230519,128.8774885,35.23302636,마라25ab93bb,
3850012700,101,초전교,20230519,128.7532179,35.23601502,마라14aa94aa,40.53757225
3850014702,101,김해예안리고분군앞교차로,20230519,128.9665132,35.23873352,마라33ab94ba,40.91907514
3850015500,104,구지터널,20230519,128.8767127,35.24368271,마라25ab95aa,
3850015800,101,우암삼거리,20230519,128.8665352,35.24466052,마라24ab95aa,
3850017002,101,구름공이입고교차로,20230519,128.8717541,35.25053199,마라24bb95bb,
3850017103,101,김해신도시삼거리,20230519,128.8650231,35.25985845,마라24aa96bb,
3850020900,104,설창교,20230519,128.7788215,35.29453936,마마16ab00ba,
3850022105,101,진영리689,20230519,128.7290049,35.30335498,마마11ba01ba,
3850023300,101,진영리322-251,20230519,128.7240546,35.3084643,마마11ab02aa,
3850024702,104,여차교,20230519,128.8933188,35.33710294,마마26ba05ba,34.07947977
3850024703,101,여차리산29-2,20230519,128.8981374,35.34691179,마마27aa06ba,45.72543353
3850026300,106,대동JC,20230519,128.9835321,35.28871999,마마34bb00ab,
3850027500,101,관동동514,20230519,128.7997376,35.17495881,마라18ab87ab,
3850033100,101,관동공원앞교차로,20230519,128.8002756,35.17744408,마라18ab87ba,35.93424855
3850035900,101,팔판부영3단지입구교차로,20230519,128.7955033,35.1783409,마라17bb87bb,
3850036300,101,관동동480,20230519,128.8002754,35.17858159,마라18ab87bb,
3850039700,101,갑오마을주공2단지앞교차로,20230519,128.7938809,35.1858258,마라17bb88ba,
3850040000,101,덴마크우유유통대리점,20230519,128.8003293,35.18624065,마라18ab88ba,
3850040400,101,선무검도관앞교차로,20230519,128.8001574,35.18657556,마라18ab88ba,
3850043600,101,교통관,20230519,128.7979684,35.18879256,마라18aa88bb,
3850043700,101,대청1교사거리,20230519,128.7968849,35.18880128,마라18aa88bb,
3850044000,101,다솔어린이집,20230519,128.7993687,35.18886256,마라18ab88bb,
3850044900,101,다솔어린이집,20230519,128.7992161,35.18920687,마라18ab88bb,
3850047700,101,대청동336,20230519,128.7945068,35.19066819,마라17bb89aa,47
3850049200,101,리티스빌딩사거리,20230519,128.8053371,35.19154868,마라18bb89ab,
3850049800,101,이동3통마을회관앞교차로,20230519,128.8397604,35.19196564,마라21bb89ab,
3850052100,101,롯데마트장유점앞교차로,20230519,128.8002052,35.19312003,마라18ab89ab,
3850053700,101,능동공원앞교차로,20230519,128.7971057,35.19402879,마라18aa89ba,
3850056200,101,부영그린6차사거리,20230519,128.801222,35.19539293,마라18ab89ba,43.06864162
3850056400,101,화목동1431,20230519,128.8437702,35.19561618,마라22ab89ba,
3850057200,101,화목동1428,20230519,128.8452275,35.19623548,마라22ab89bb,
3850058700,101,능동중교앞교차로,20230519,128.7943088,35.19697992,마라17bb89bb,54.26156069
3850059300,101,김해삼문우체국앞교차로,20230519,128.7973285,35.19717833,마라18aa89bb,
3850059700,101,바람개비공원앞교차로,20230519,128.8457786,35.1975046,마라22ba89bb,
3850064700,101,월산초등학교사거리,20230519,128.8065917,35.20109654,마라18bb90ab,16.65751445
3850064800,101,석봉대동4단지입구교차로,20230519,128.8102281,35.20114373,마라19ab90ab,
3850065300,101,주석초교앞교차로,20230519,128.8024987,35.20163721,마라18ba90ab,26
3850065400,103,속성변화점,20230519,128.8073856,35.20167335,마라19aa90ab,11
3850067500,101,운남성앞교차로,20230519,128.8504152,35.20349268,마라22bb90ba,
3850070100,101,바위공원앞교차로,20230519,128.8171575,35.20477376,마라19bb90ba,28.70231214
3850071500,101,내덕동349,20230519,128.8214612,35.20525102,마라20ab90bb,17
3850071700,101,내덕동351,20230519,128.8186176,35.20539091,마라20aa90bb,20.53034682
3850074300,101,빛과향기의원앞교차로,20230519,128.806961,35.20624413,마라18bb90bb,18
3850074500,101,장유제일교회앞교차로,20230519,128.8190975,35.20627917,마라20aa90bb,
3850077700,101,내덕동117-4,20230519,128.815114,35.20823863,마라19ba91aa,18.4234104
3850078100,101,장유출장소삼거리,20230519,128.7984277,35.20877618,마라18aa91aa,41.66040462
3850083200,104,농소1교,20230519,128.8380386,35.21657566,마라21bb92aa,32.96387283
3850085500,101,동서종합철강앞교차로,20230519,128.8490343,35.2210792,마라22bb92ba,
3850087300,101,한빛빌라앞교차로,20230519,128.8603833,35.2218567,마라23bb92ba,31.6517341
3850088500,101,청호빌라6차입구교차로,20230519,128.8538116,35.22227526,마라23aa92ba,28.26228324
3850089100,101,솔로몬선교원,20230519,128.8513273,35.22249271,마라22bb92ba,16.03323699
3850090100,101,S-Oil흥동스마트셀프,20230519,128.8713142,35.22383384,마라24bb92bb,5
3850092000,101,동아그린A삼거리,20230519,128.8725113,35.22696567,마라24bb93ab,
3850097800,103,속성변화점,20230519,128.8073463,35.23074317,마라18bb93ba,17
3850099200,101,김해터미널앞교차로,20230519,128.872323,35.23140067,마라24bb93bb,25
3850099600,101,소망의교회,20230519,128.9220646,35.2314364,마라29ab93bb,18.43641618
3850099700,101,경희의료원교육협력중앙병원,20230519,128.8571891,35.23147557,마라23ab93ba,30
3850100900,101,덕산아파트앞교차로,20230519,128.8672629,35.23199381,마라24ab93bb,24
3850103900,101,삼성골드빌라앞교차로,20230519,128.9021947,35.23307605,마라27ba93bb,
3850104600,101,경남빌라입구교차로,20230519,128.904253,35.23325821,마라27bb93bb,
3850105100,101,파랑공원입구교차로,20230519,128.8591302,35.23343114,마라23ba93bb,
3850106800,101,송정빌라앞교차로,20230519,128.9027256,35.23435801,마라27ba94aa,
3850106900,101,공주공원앞교차로,20230519,128.8677137,35.23440407,마라24ab94aa,
3850108900,101,송학아파트입구교차로,20230519,128.9019542,35.2348708,마라27ba94aa,39.47109827
3850109400,101,화남정밀앞교차로,20230519,128.9175871,35.2351756,마라28bb94aa,54.26011561
3850109800,101,김해농고교앞교차로,20230519,128.8577627,35.23541419,마라23ba94aa,
3850110000,101,대현부분정비공업사앞교차로,20230519,128.9183169,35.23545159,마라29aa94ab,
3850111500,101,부경양돈농협어방지점,20230519,128.9025254,35.23608536,마라27ba94ab,
3850111900,101,뉴태양장여관,20230519,128.9038744,35.23618356,마라27ba94ab,
3850115200,101,광남아파트입구교차로,20230519,128.8817606,35.23801118,마라25ba94ab,24
3850117900,101,임호삼성아파트입구교차로,20230519,128.8685304,35.2388144,마라24ba94ba,25
3850118700,102,금빛샘어린이집,20230519,128.8582921,35.23902439,마라23ba94ba,31.09248555
3850119300,101,문화사거리,20230519,128.8728322,35.23918926,마라24bb94ba,19.83092486
3850119500,101,하늘동산어린이집,20230519,128.8888234,35.23938341,마라26ab94ba,23.36705202
3850120700,101,롯데캐슬2차사거리,20230519,128.8858503,35.2399005,마라26aa94ba,28.79768786
3850122400,102,산마루,20230519,128.9196387,35.24043085,마라29aa94bb,
3850127000,103,속성변화점,20230519,128.9054505,35.2432027,마라27bb95aa,
3850127200,101,김해롯데캐슬입구교차로,20230519,128.8832288,35.24338872,마라25bb95aa,29.03323699
3850128100,101,신풍사,20230519,128.9140363,35.24389911,마라28ba95aa,23.8265896
3850134600,101,가야고속관광앞교차로,20230519,128.8691791,35.24927224,마라24ba95ba,25
3850146900,101,삼계카센터앞교차로,20230519,128.8740399,35.26097813,마라24bb97aa,
3850148800,101,야구장입구교차로,20230519,128.8759514,35.26169126,마라25aa97aa,
3850151300,101,분성교,20230519,128.8671914,35.26315199,마라24ab97ab,
3850151500,101,화정부영5단지앞교차로,20230519,128.8686444,35.26321971,마라24ab97ab,
3850154100,101,감사한교회,20230519,128.8719691,35.26454597,마라24bb97ab,
3850155200,101,둥지공원앞교차로,20230519,128.8646339,35.26504162,마라24aa97ab,
3850158200,101,김해북교회,20230519,128.8638478,35.26912017,마라24aa97bb,
3850159200,101,감분교,20230519,128.862522,35.26993223,마라23bb98aa,
3850160100,103,속성변화점,20230519,128.8923281,35.27231535,마라26ba98ab,
3850161500,101,소동교앞교차로,20230519,128.7201164,35.27605152,마라10bb98ba,41
3850161900,101,오척경로당앞교차로,20230519,128.7281312,35.27889086,마라11ba98bb,25.23482659
3850163901,101,병동리1139,20230519,128.7982358,35.28547471,마라18aa99ba,
3850166400,103,속성변화점,20230519,128.7964158,35.29451957,마마17bb00ba,34.90751445
3850169600,103,속성변화점,20230519,128.830866,35.30346138,마마20bb01ba,
3850172000,101,이화유치원,20230519,128.7226331,35.30582144,마마11aa01bb,49.36849711
3850172400,101,수홍하이랜드5차입구교차로,20230519,128.7250293,35.3061828,마마11ab01bb,45.46242775
3850175100,101,진영리1656,20230519,128.7299906,35.30726051,마마11bb01bb,
3850180100,101,진영리1646,20230519,128.7263912,35.30855199,마마11ab02aa,18.04624277
3850182800,101,진영코아루아파트북측교차로,20230519,128.7299381,35.31162243,마마11bb02ab,40
3850189600,101,한림보건지소,20230519,128.8008928,35.32190148,마마18aa03ba,31
3850193300,101,생태계어린이집,20230519,128.8008127,35.32555991,마마18aa04aa,
3850193900,101,한림파출소,20230519,128.7992587,35.32583822,마마18aa04aa,8
3850194600,101,장방리1250-7,20230519,128.8055572,35.3267206,마마18ba04aa,21.5
3850197300,101,신촌민물장어앞교차로,20230519,128.801981,35.3497646,마마18ab06bb,15.87427746
3850197500,101,시산리95-2,20230519,128.8031931,35.35050611,마마18ab06bb,15.04624277
3850202301,101,외동727,20230519,128.853248,35.23591152,마라23aa94aa,
3850203600,104,김해육교,20230519,128.8861797,35.22424839,마라26aa92bb,19.43713873
3850318702,101,농소리656,20230519,128.8291253,35.21312391,마라20bb91ba,
3850319200,106,내덕동61-34,20230519,128.8310016,35.20625609,마라21aa90bb,
3850323400,106,대감JC서측,20230519,128.9804733,35.27026577,마라34ba98aa,
3850324600,106,김해가야IC교차로남측,20230519,129.0022163,35.26717393,마라36ba97bb,
3850343500,101,대감교차로,20230519,128.9280006,35.30883024,마마29bb02ab,
3850363600,101,고모리1317-1,20230519,128.765026,35.26947752,마라15aa97bb,
3850363800,101,담안리678-2,20230519,128.7664509,35.26668617,마라15aa97ba,
3850365201,101,담안리1567,20230519,128.7679384,35.26114229,마라15ab96bb,
3850367000,101,고모리1106-15,20230519,128.7738761,35.27029385,마라15bb97bb,
3850368200,103,속성변화점,20230519,128.8121513,35.29574428,마마19ab00bb,
3850373300,101,진영리348-3,20230519,128.7229294,35.30289851,마마11aa01ba,
3850373400,101,진영리1734,20230519,128.7263165,35.3118392,마마11ab02ba,
3850373600,101,병동리639,20230519,128.7939734,35.28316784,마라17ba99ab,
3850375400,101,명동리1389,20230519,128.802635,35.29459162,마마18ab00ba,
3850375700,101,명동리1393,20230519,128.8017226,35.29146697,마마18ab00ab,
3850377000,101,병동리636,20230519,128.7939859,35.28177633,마라17ba99aa,31
3850378600,102,예안리1480,20230519,128.9654715,35.23194136,마라33ab93bb,16.87427746
3850378800,102,주동리1008-2,20230519,128.9458606,35.24228174,마라31ba95aa,26.00144509
3850379300,101,내삼리763-1,20230519,128.8187092,35.2312738,마라19bb93ba,16.9833815
3850380600,102,천곡리69-17,20230519,128.8327079,35.23958963,마라21ab94ba,36.25289017
3850380900,101,주촌면사무소,20230519,128.8313206,35.23607335,마라21aa94aa,41
3850384700,102,삼정동21,20230519,128.8914779,35.23543215,마라26ba94aa,
3850385100,101,삼정동102-1,20230519,128.8982648,35.23454896,마라27aa94aa,
3850386200,102,삼방동770-40,20230519,128.9029767,35.25700482,마라27ba96ba,
3850388300,101,삼정동344-8,20230519,128.9032644,35.22571664,마라27ba93aa,25.93352601
3850390700,101,천곡리991,20230519,128.8448195,35.2235165,마라22ab92bb,11.12572254
3850391500,102,천곡리1410,20230519,128.8472318,35.22479971,마라22ba92bb,29.51560694
3850392600,101,무계동32-5,20230519,128.8204219,35.199719,마라20aa90aa,34.37066474
3850395100,101,율하동1418,20230519,128.8130728,35.17177207,마라19ba87aa,15.74855491
3850395200,101,율하동1418,20230519,128.8122979,35.17094716,마라19ba86bb,16.52210983
3850395900,102,율하동1421,20230519,128.8122604,35.16914736,마라19ba86bb,41
3850396800,102,장유동1432,20230519,128.8181974,35.1648812,마라20aa86ab,28.80491329
3850399400,104,진영교,20230519,128.7584081,35.29591599,마마14ab00bb,30.43786127
3850375800,101,명동리1391,20230519,128.7994103,35.29204189,마마18aa00ab,
3850410400,101,내덕동30-10,20230519,128.8273384,35.20852547,마라20bb91aa,14
3850410800,101,내덕동69-31,20230519,128.824629,35.21120361,마라20ba91ab,21
3850406100,101,송현리1289-237,20230519,128.7721026,35.23309985,마라15bb93bb,13.53034682
3850250900,101,장유동산62-7,20230519,128.8196,35.16389933,마라20aa86aa,
1410181300,105,강서구-김해시,20230519,128.8322593,35.15696749,마라21ab85ab,
3850062800,101,화목동1224-2,20230519,128.8457385,35.19898891,마라22ba90aa,25.14450867
3850001400,104,지하차도,20230519,128.7987639,35.19287403,마라18aa89ab,
3850001900,101,레드페이스김해장유점,20230519,128.8038632,35.19454649,마라18ba89ba,
3850002901,101,무계지하차도,20230519,128.8195352,35.20397807,마라20aa90ba,
3850004100,106,서김해IC,20230519,128.8501406,35.22022758,마라22bb92ab,
3850005101,101,수안교차로,20230519,128.9358751,35.22826394,마라30ba93ab,
3850005200,101,망덕교,20230519,128.8177742,35.22351358,마라19bb92bb,
3850005300,101,불암사거리,20230519,128.9273253,35.22273933,마라29bb92bb,
3850005800,101,양정골삼거리,20230519,128.9257413,35.22493977,마라29ba93aa,
3850006900,101,신월교,20230519,128.7664884,35.22832908,마라15ab93ab,29
3850009900,101,성원아파트삼거리,20230519,128.8599873,35.23063943,마라23bb93ba,91.30751445
3850010301,104,봉황교,20230519,128.8723556,35.23201497,마라24bb93bb,
3850011800,101,김해외국인력지원센터,20230519,128.8815572,35.23352311,마라25ba93bb,31
3850013800,101,아가포세교회,20230519,128.8589298,35.23797035,마라23ba94ab,
3850014304,101,주동리381-2,20230519,128.9502892,35.23653484,마라31bb94ab,
3850014800,101,한국문화센터김해지부,20230519,128.8632228,35.24134052,마라24aa94bb,
3850015301,101,수로왕비릉앞교차로,20230519,128.8773302,35.24277228,마라25ab95aa,
3850015400,101,김해은혜교회,20230519,128.8659714,35.24355443,마라24ab95aa,
3850016900,101,투썸플레이스김해구산점,20230519,128.8725808,35.24960843,마라24bb95bb,42.69508671
3850017102,101,노인복지관사거리,20230519,128.8657986,35.2575003,마라24aa96ba,
3850018900,101,덕산삼거리,20230519,128.9844173,35.27802301,마라35aa99aa,
3850021200,101,설창사거리,20230519,128.7635469,35.29602002,마마14bb00bb,
3850022800,101,진영리337-1,20230519,128.7212867,35.30535878,마마11aa01bb,24.60693642
3850023600,104,주천교,20230519,128.72762,35.31333664,마마11ba02ba,30.15317919
3850024502,104,생림교,20230519,128.8472232,35.33260744,마마22ab04bb,
3850025800,101,마사리1429-1,20230519,128.8207413,35.37665489,마마19bb09bb,
3850027000,104,관동교,20230519,128.8029963,35.17406989,마라18ba87ab,
3850028500,104,신안교,20230519,128.7895419,35.17561933,마라17ab87ab,
3850028700,104,덕정교,20230519,128.7997289,35.1758369,마라18ab87ba,39
3850029700,101,관동동510,20230519,128.7904079,35.17620759,마라17ba87ba,
3850031400,101,중원프라자앞교차로,20230519,128.7904104,35.17694035,마라17ba87ba,
3850032600,101,관동동485,20230519,128.802551,35.17734554,마라18ba87ba,
3850032800,101,정자나무공원입구교차로,20230519,128.7955038,35.17739857,마라17bb87ba,
3850035800,101,팔판부영2단지입구교차로,20230519,128.7960441,35.1783365,마라18aa87bb,
3850036100,101,관동동500,20230519,128.7888694,35.17845866,마라17ab87bb,12.59682081
3850039600,103,속성변화점,20230519,128.7963728,35.18580102,마라18aa88ba,
3850044200,101,장유병원사거리,20230519,128.8065231,35.18906151,마라18bb88bb,
3850044700,104,마찰교,20230519,128.8381707,35.18913831,마라21bb89aa,
3850046600,101,대청2교사거리,20230519,128.8008646,35.19007137,마라18ab89aa,80.62774566
3850047900,101,이동288,20230519,128.8390892,35.19075873,마라21bb89aa,45.87427746
3850049300,101,이동284,20230519,128.8402658,35.19157835,마라22aa89ab,
3850049400,101,좋은교회,20230519,128.8056798,35.19166185,마라18bb89ab,
3850049600,101,개미공원앞교차로,20230519,128.8060315,35.19178343,마라18bb89ab,
3850051000,101,삼문2교,20230519,128.80805,35.19272444,마라19aa89ab,
3850054000,101,이동281,20230519,128.8413955,35.19413812,마라22aa89ba,
3850055500,101,이동338-2,20230519,128.8411157,35.19487287,마라22aa89ba,
3850055900,101,이동244,20230519,128.8423784,35.19504907,마라22aa89ba,38.87427746
3850057000,101,장유능동마을서측교차로,20230519,128.7943353,35.19610241,마라17bb89ba,
3850060900,101,바람개비공원앞교차로,20230519,128.8453776,35.19785492,마라22ab89bb,
3850067700,101,섬마을에서앞교차로,20230519,128.8153074,35.20359012,마라19ba90ba,
3850069300,101,애기나라공원앞교차로,20230519,128.8509599,35.20457099,마라22bb90bb,
3850070600,101,아량앞교차로,20230519,128.8174557,35.2048981,마라19bb90ba,39.5650289
3850070800,101,내덕동351,20230519,128.8188566,35.20504294,마라20aa90bb,28.74710983
3850071200,101,제자교회,20230519,128.8150081,35.20518295,마라19ba90bb,11.68930636
3850075900,101,내덕동348,20230519,128.8212112,35.20678674,마라20ab90bb,18
3850078500,101,칠산초교앞교차로,20230519,128.8516974,35.20913003,마라23aa91ab,
3850079600,101,흥동882-2,20230519,128.8514428,35.21035715,마라23aa91ab,
3850084300,101,한걸음공원앞교차로,20230519,128.8590184,35.22076269,마라23ba92ba,
3850087101,101,흥동660,20230519,128.8590706,35.22233423,마라23ba92ba,
3850088400,101,청호그린아파트앞교차로,20230519,128.8544433,35.2222201,마라23ab92ba,23
3850089300,101,그랜드빌라입구교차로,20230519,128.8500042,35.22261422,마라22bb92bb,12
3850089800,101,청호아트빌앞교차로,20230519,128.8701255,35.22304551,마라24ba92bb,15
3850091800,101,조일기업앞교차로,20230519,128.9152734,35.22661227,마라28bb93ab,
3850092100,101,외동전자랜드삼거리,20230519,128.8740499,35.22710555,마라25aa93ab,
3850094400,101,함께가는교회,20230519,128.869454,35.22932206,마라24ba93ba,
3850097500,101,이디야커피지내동점,20230519,128.9212661,35.23069817,마라29ab93ba,29.89378613
3850098300,101,삼성테크,20230519,128.8085746,35.23103158,마라19aa93ba,8
3850098700,102,피노키오어린이집,20230519,128.8862606,35.23119783,마라26aa93ba,21.09248555
3850100400,101,경원고앞교차로,20230519,128.8602304,35.23177431,마라23bb93bb,38.30491329
3850101300,101,LG전자앞교차로,20230519,128.905156,35.23208266,마라27bb93bb,29.01676301
3850105300,102,호성단조,20230519,128.8085605,35.23361255,마라19aa93bb,
3850106700,101,돌일궁전빌라앞교차로,20230519,128.902035,35.23431034,마라27ba94aa,
3850108100,101,동명목재합판,20230519,128.9175732,35.23465124,마라28bb94aa,55.92919075
3850109000,102,소리작은도서관,20230519,128.8826197,35.23487187,마라25bb94aa,33.37427746
3850110900,101,지내동513,20230519,128.9220735,35.23581731,마라29ab94ab,
3850117300,101,김해향교입구교차로,20230519,128.8816745,35.23862843,마라25ba94ba,31
3850117500,101,현대3차사거리,20230519,128.862033,35.23872848,마라23bb94ba,19
3850118300,101,경원현대3차앞교차로,20230519,128.8630064,35.23893711,마라24aa94ba,39.71343931
3850121000,101,청산빌라입구교차로,20230519,128.8604881,35.23999235,마라23bb94ba,28.83815029
3850121700,101,동상롯데캐슬가야2단지아파트,20230519,128.8882626,35.24024487,마라26ab94bb,
3850121900,101,부성빌라앞교차로,20230519,128.8781037,35.24029623,마라25ab94ba,
3850123000,101,김해여고앞교차로,20230519,128.8794481,35.24091301,마라25ba94bb,
3850124600,101,김해롯데캐슬입구교차로,20230519,128.8863743,35.24190607,마라26aa94bb,
3850129100,101,문화의전당삼거리,20230519,128.8687964,35.24457242,마라24ba95aa,7
3850129800,104,신방교,20230519,128.9066045,35.24513089,마라27bb95ab,35
3850131300,101,삼방한의원앞교차로,20230519,128.9083624,35.24622314,마라28aa95ab,
3850132700,101,대보궁전앞교차로,20230519,128.7516568,35.24808701,마라13bb95ab,27
3850134700,103,속성변화점,20230519,128.9105712,35.24928929,마라28ab95bb,22.43786127
3850135200,101,미가정앞교차로,20230519,128.8689142,35.24990097,마라24ba95bb,17.37572254
3850136600,101,담안마을회관,20230519,128.776592,35.25114175,마라16aa95bb,28.24132948
3850138800,101,해달별어린이집,20230519,128.9061837,35.25368057,마라27bb96ab,15.09248555
3850139500,102,창의자연어린이집,20230519,128.8741499,35.25414005,마라25aa96ab,27.67196532
3850142300,101,브라운도트삼계점,20230519,128.8722248,35.25771343,마라24bb96ba,
3850142600,101,영광침례교회앞교차로,20230519,128.8659773,35.25818781,마라24ab96ba,
3850143100,103,속성변화점,20230519,128.7639258,35.25864846,마라14bb96ba,
3850144300,102,김해사격장,20230519,128.880639,35.25923938,마라25ba96bb,70
3850146400,101,부산은행앞교차로,20230519,128.8696361,35.26061691,마라24ba96bb,46
3850148600,101,세븐일레븐김해삼계원룸점,20230519,128.8735387,35.26153092,마라24bb97aa,
3850149200,101,바이핸즈,20230519,128.8739042,35.26203683,마라24bb97aa,
3850150100,101,삼계동1520-6,20230519,128.86966,35.262343,마라24ba97aa,
3850152400,101,현대I파크사거리,20230519,128.8716785,35.26346518,마라24bb97ab,
3850153800,101,가야중앙교회,20230519,128.865375,35.26442535,마라24aa97ab,
3850154200,101,분성초교앞교차로,20230519,128.8723115,35.26456904,마라24bb97ab,
3850154700,101,분성고교앞교차로,20230519,128.8739642,35.26467893,마라24bb97ab,
3850156600,101,분성부영아파트앞교차로,20230519,128.865187,35.26718753,마라24aa97ba,107
3850159700,102,덕암리산102-5,20230519,128.8101219,35.27018588,마라19aa97bb,
3850160101,101,나전리95-2,20230519,128.8884794,35.28118613,마라26ab99ab,
3850162001,101,하계리442,20230519,128.7266327,35.28248994,마라11ba99aa,
3850163903,101,병동리595,20230519,128.7939605,35.28474856,마라17ba99ba,
3850166200,104,용담교,20230519,128.7614327,35.29367403,마마14ba00ba,16.46965318
3850167700,104,효동교,20230519,128.7658017,35.30084778,마마15aa01ab,15.09248555
3850168200,101,천주교진영교회앞교차로,20230519,128.7308193,35.30144482,마마11bb01ab,32.85982659
3850168500,104,진영제2육교,20230519,128.7556553,35.30219529,마마14aa01ab,26
3850168600,104,안곡교,20230519,128.8386352,35.30238761,마마21ba01ba,19.09248555
3850171100,101,대원기계앞교차로,20230519,128.8752669,35.30545141,마마25aa01bb,
3850173900,101,진영리1660,20230519,128.7331411,35.30688703,마마12aa01bb,
3850178300,104,신촌교,20230519,128.9576375,35.30809977,마마32ba02ab,55
3850179900,101,진영리1646,20230519,128.7267518,35.30851976,마마11ba02aa,10.12572254
3850180000,101,김해진영코아루아파트앞교차로,20230519,128.7309108,35.30854938,마마11bb02aa,29.81358382
3850180400,101,진영리1647,20230519,128.7252489,35.30861169,마마11ab02aa,35.62138728
3850181500,101,GS자이아파트앞교차로,20230519,128.7273801,35.3095804,마마11ba02ab,28.65606936
3850183200,101,진영리1669,20230519,128.7359213,35.31195116,마마12ab02ba,36.33699422
3850185500,101,본산주유소앞교차로,20230519,128.7423546,35.31396352,마마12bb02bb,19.56286127
3850185900,101,예전앞교차로,20230519,128.7531813,35.31416286,마마13bb02bb,22.56213873
3850187400,101,본산공단카서비스앞교차로,20230519,128.751901,35.31633504,마마13bb03aa,
3850190400,101,대성철물,20230519,128.8024259,35.32308173,마마18ab03bb,
3850197600,103,속성변화점,20230519,128.805111,35.35161322,마마18ba07aa,13
3850198300,104,마사교,20230519,128.8126716,35.36769681,마마19aa08bb,37
3850202700,101,청소년비전나눔센터,20230519,128.8586179,35.23773043,마라23ba94ab,17
3850203200,104,서부산TG,20230519,128.8729887,35.17227013,마라25aa87aa,24.43641618
3850289300,104,대청TG,20230519,128.783275,35.179384,마라16bb87bb,18
3850318504,101,대아건설중기,20230519,128.8262853,35.21968908,마라20ba92ab,
3850319700,106,대동IC,20230519,128.9835758,35.25384036,마라34bb96ab,
3850320900,106,진영IC서측,20230519,128.7642498,35.29847539,마마14bb01aa,22.76517341
3850321000,106,진영IC북측,20230519,128.7671507,35.30115078,마마15aa01ab,26.72774566
3850323300,106,대감JC서측,20230519,128.9798191,35.26924207,마라34ba98aa,
3850324200,106,대감JC,20230519,128.98645,35.2703638,마라35aa98aa,
3850343600,101,대감리산219-11,20230519,128.928556,35.30762289,마마29bb02ab,
3850349708,101,율하동1426,20230519,128.8194343,35.16979706,마라20aa86bb,
3850349904,101,율하동1417,20230519,128.8163033,35.17500203,마라19bb87ab,
3850364401,101,담안리1538,20230519,128.7679153,35.26415938,마라15ab97ab,
3850365202,101,담안리1569,20230519,128.7699138,35.26094512,마라15ba96bb,
3850365700,101,고모리1280,20230519,128.7711753,35.27281064,마라15ba98aa,
3850366200,101,고모리1106-6,20230519,128.7718754,35.2705941,마라15ba97bb,
3850368000,106,한림하이패스IC(진출),20230519,128.8097848,35.29646201,마마19aa00bb,
3850370200,102,본산리407-3,20230519,128.7548764,35.3227215,마마14aa03ba,29
3850370900,101,진영리1757,20230519,128.7401027,35.31414736,마마12ba02bb,
3850372100,102,진영리26-6,20230519,128.7395528,35.31003115,마마12ba02ab,
3850373700,102,진영리1734,20230519,128.7194296,35.30800625,마마10bb02aa,
3850374400,102,고모리1461,20230519,128.7774874,35.27533528,마라16aa98ba,
3850375900,102,명동리1393,20230519,128.8008102,35.29007545,마마18ab00aa,89
3850376800,102,병동리567,20230519,128.7931234,35.28369278,마라17ba99ab,32
3850378500,102,초정리796-1,20230519,128.9715958,35.24592318,마라33bb95ab,24
3850379800,102,내삼리763-1,20230519,128.8186217,35.23069886,마라19bb93ba,20.71893064
3850381300,101,천곡리1381-16,20230519,128.8452695,35.22749939,마라22ab93ab,18.5
3850383400,101,구산동1084,20230519,128.8669048,35.25304669,마라24ab96aa,25.31069364
3850386500,102,삼방동1366-1,20230519,128.9102386,35.25470512,마라28ab96ab,
3850386900,101,봉황동67-41,20230519,128.8795665,35.22428331,마라25ba92bb,
3850387100,101,봉황동67-45,20230519,128.879679,35.22352506,마라25ba92bb,15.90751445
3850387200,101,봉황동56-3,20230519,128.8815913,35.22396669,마라25ba92bb,14
3850387700,101,시청사거리,20230519,128.8895509,35.2278987,마라26ab93ab,33.35404624
3850388200,101,삼정동565-37,20230519,128.8995773,35.22581661,마라27ab93aa,26.49710983
3850388900,101,삼정동431-1,20230519,128.8994398,35.22681649,마라27ab93ab,35.90751445
3850389900,102,내동1155,20230519,128.8623054,35.23998145,마라23bb94ba,19.34393064
3850391800,101,무계동42,20230519,128.8187532,35.20100887,마라20aa90ab,11
3850393700,101,관동동1135,20230519,128.8145976,35.17685484,마라19ba87ba,20.43786127
3850394800,101,율하동1418,20230519,128.8144727,35.17326358,마라19ba87aa,8
3850396300,103,속성변화점,20230519,128.8138977,35.1706722,마라19ba86bb,30
3850398700,101,장유동41-9,20230519,128.8249226,35.17149711,마라20ba87aa,19.95375723
3850398900,105,김해시-창원시의창구,20230519,128.7023472,35.29656379,마마09ab00bb,28
3850400600,104,용산교,20230519,128.9002449,35.35897524,마마27aa07bb,16
3850400700,104,대포천교,20230519,128.9013777,35.30521564,마마27ab01bb,20
3850402101,101,보성아이엔디,20230519,128.815107,35.20860595,마라19ba91aa,
3850318900,101,GS25,20230519,128.8301689,35.21220442,마라21aa91ba,
3850406400,101,내덕동43-10,20230519,128.8171736,35.20740013,마라19bb91aa,
3850406600,101,내덕동38-1,20230519,128.817109,35.20816207,마라19bb91aa,
3850406800,101,내덕동32-20,20230519,128.8173076,35.20860311,마라19bb91aa,
3850407900,101,내덕동28-10,20230519,128.8201168,35.20982643,마라20aa91ab,
3850408200,101,내덕동10-27,20230519,128.8188325,35.21120257,마라20aa91ab,
3850408600,101,내덕동93-2,20230519,128.8245462,35.20662653,마라20ba90bb,
3850408700,102,내덕동439-9,20230519,128.8252729,35.2061485,마라20ba90bb,
3850405401,104,덕산지하차도,20230519,128.9760635,35.2994717,마마34aa01ab,
3850012200,101,내삼교회,20230519,128.8217561,35.23469611,마라20ab94aa,94.72427746
3850093300,102,선우테크,20230519,128.808319,35.2286027,마라19aa93ab,
3850206300,106,대동1교,20230519,128.9823858,35.27962354,마라34bb99aa,25.26011561
3850251000,101,율하교차로,20230519,128.8215902,35.16481587,마라20ab86ab,
3850254700,104,불암지하차도동측,20230519,128.9299942,35.22195338,마라30aa92bb,32.1199422
3850001901,104,대청지하차도,20230519,128.8041303,35.19466815,마라18ba89ba,
3850002902,101,외덕사거리,20230519,128.8182173,35.20342087,마라19bb90ba,
3850011601,101,수로왕릉앞교차로,20230519,128.8797524,35.2333015,마라25ba93bb,
3850012201,103,속성변화점,20230519,128.8211421,35.23393533,마라20aa93bb,
3850013900,101,도안휴먼시아10단지아파트정문,20230519,128.8374097,35.23839133,마라21ba94ab,
3850014303,101,주중교,20230519,128.9481898,35.23486068,마라31bb94aa,
3850015100,101,원지마을회관앞,20230519,128.9826985,35.24178621,마라34bb95aa,17.34393064
3850016700,101,구산육거리,20230519,128.8731092,35.24872764,마라24bb95ba,
3850017600,101,다곡삼거리,20230519,128.7517313,35.26377886,마라13bb97aa,36.15028902
3850018700,101,망천삼거리,20230519,128.834198,35.27763914,마라21ab98bb,
3850019100,101,고모삼거리,20230519,128.7680053,35.28010074,마라15ab99aa,
3850021100,101,진영모터스,20230519,128.775198,35.29526664,마마15bb00ba,
3850021502,101,여래리219-3,20230519,128.7442348,35.30194241,마마13aa01ab,35.04407514
3850021600,101,나전교,20230519,128.876794,35.29728627,마마25aa01aa,
3850022900,101,이화유치원,20230519,128.7222142,35.30633896,마마11aa01bb,
3850023800,101,매리1교,20230519,128.9679707,35.31626752,마마33ab03ab,37.53482659
3850024300,103,속성변화점,20230519,128.847665,35.3305284,마마22ab04ba,
3850025600,101,밀양냉장,20230519,128.8250364,35.37135568,마마20ab09aa,26.03323699
3850027100,104,관동교,20230519,128.8032752,35.17443747,마라18ba87ab,
3850029100,101,관동동492,20230519,128.8031008,35.17606472,마라18ba87ba,
3850034300,101,예그린유치원,20230519,128.7904222,35.17786773,마라17ba87ba,
3850034600,101,신안초교입구교차로,20230519,128.7896339,35.17787284,마라17ab87ba,30.14523121
3850036500,101,도당공원입구교차로,20230519,128.7867468,35.1787485,마라17aa87bb,
3850036800,101,신안초교앞교차로,20230519,128.7896294,35.17883945,마라17ab87bb,14.09393064
3850039300,101,갑오주공2단지입구교차로,20230519,128.7960732,35.18571316,마라18aa88ba,
3850041400,101,갑오푸르지오1단지입구교차로,20230519,128.7930599,35.18754012,마라17ba88bb,
3850041800,101,갑오푸르지오1단지앞교차로,20230519,128.7938188,35.18779149,마라17bb88bb,
3850045900,101,대청동336,20230519,128.7928854,35.18962105,마라17ba89aa,
3850047300,101,가야정앞교차로,20230519,128.8042811,35.19047566,마라18ba89aa,78.28786127
3850051300,101,삼문2교,20230519,128.807168,35.1928171,마라19aa89ab,
3850052300,101,나무와새어린이집,20230519,128.7963582,35.19331709,마라18aa89ab,
3850053200,101,장유실내골프연습장앞교차로,20230519,128.8070386,35.19371227,마라18bb89ab,
3850054800,101,CU장유명진파크뷰점,20230519,128.8039488,35.19441205,마라18ba89ba,
3850056500,101,이동286-1,20230519,128.8415248,35.19569497,마라22aa89bb,
3850057100,101,화목동1430,20230519,128.8429687,35.19620297,마라22ab89bb,
3850057900,101,장유능동마을서측교차로,20230519,128.7936056,35.19674721,마라17bb89bb,54
3850059600,101,내원골공원앞교차로,20230519,128.7954783,35.19737022,마라17bb89bb,
3850060200,101,능동중교입구교차로,20230519,128.7936039,35.19761216,마라17bb89bb,
3850060600,101,삼문동800,20230519,128.8005633,35.1977651,마라18ab89bb,
3850060700,101,삼문동803-1,20230519,128.7996658,35.19781657,마라18ab89bb,
3850061300,101,장유꿈나무어린이집,20230519,128.7934119,35.19800377,마라17ba89bb,
3850062600,101,바람개비공원앞교차로,20230519,128.8464032,35.19881694,마라22ba90aa,48.18843931
3850063300,101,꽃샘공원앞교차로,20230519,128.8476558,35.19926557,마라22ba90aa,33.9234104
3850065900,101,대동피렌체3단지앞교차로,20230519,128.8079606,35.20207643,마라19aa90ab,19.14595376
3850066200,101,신성메디칼앞교차로,20230519,128.8147984,35.20238966,마라19ba90ab,21.99855491
3850068300,101,장유로교회,20230519,128.8098299,35.20418927,마라19aa90ba,
3850072400,103,속성변화점,20230519,128.7995396,35.20545157,마라18ab90bb,20.31069364
3850076400,101,서원어린이집,20230519,128.8052034,35.20709638,마라18bb90bb,19
3850076800,101,풍유동435,20230519,128.8496924,35.20754683,마라22bb91aa,35.87427746
3850077100,101,동심공원앞교차로,20230519,128.8521184,35.20779342,마라23aa91aa,19.5
3850078200,101,부영7차삼거리,20230519,128.80427,35.20881005,마라18ba91aa,
3850080000,101,흥동873-3,20230519,128.8513693,35.21100631,마라23aa91ab,37.59971098
3850080900,101,영하카부분정비앞교차로,20230519,128.8532572,35.21211309,마라23aa91ba,76.3132948
3850082800,104,농소교,20230519,128.8393987,35.21536454,마라21bb91bb,30.64306358
3850086300,101,비비추공원입구,20230519,128.8550952,35.22147908,마라23ab92ba,
3850091504,101,부원동641,20230519,128.8812985,35.22631377,마라25ba93aa,
3850092300,101,태창목재앞교차로,20230519,128.915215,35.22770135,마라28bb93ab,
3850094600,102,도담어린이집,20230519,128.8583693,35.22942054,마라23ba93ba,27.09393064
3850097700,101,효성상가아파트앞교차로,20230519,128.8936478,35.23071985,마라26bb93ba,26
3850099500,101,영남화훼원예농협지내동지점,20230519,128.9218208,35.23143405,마라29ab93bb,29
3850100000,104,신정교,20230519,128.9851606,35.23154361,마라35aa93bb,50
3850102100,102,은진무역,20230519,128.8095042,35.2322888,마라19aa93bb,59.33453757
3850102400,101,지내2차동원아파트앞교차로,20230519,128.9223121,35.23235876,마라29ab93bb,26.56647399
3850103400,101,영생당약국앞교차로,20230519,128.8974934,35.23290812,마라27aa93bb,
3850104700,101,대영맨션아파트앞교차로,20230519,128.9219559,35.23327191,마라29ab94aa,
3850107800,101,중앙사거리,20230519,128.8667006,35.23453638,마라24ab94aa,51.53034682
3850109900,101,청석빌딩앞교차로,20230519,128.9018901,35.23543201,마라27ba94aa,49.65765896
3850110100,101,피칭스크린골프입구교차로,20230519,128.9026065,35.23547766,마라27ba94aa,40.55274566
3850110500,101,동서사거리,20230519,128.9047327,35.23563056,마라27bb94ab,
3850113900,101,대동시장입구교차로,20230519,128.9947168,35.23713144,마라36aa94ba,31
3850115600,101,어방주공2차입구교차로,20230519,128.9029121,35.23805016,마라27ba94ba,19.66907514
3850117600,102,이화예능유치원,20230519,128.8579897,35.23876013,마라23ba94ba,15.43786127
3850119700,101,연지현대아파트앞교차로,20230519,128.8700643,35.2394629,마라24ba94ba,12.40606936
3850119800,101,국제해운군산지사,20230519,128.8852868,35.23954156,마라26aa94ba,28.23410405
3850121100,101,김해주영교회앞교차로,20230519,128.9144948,35.24007772,마라28ba94bb,20
3850122500,101,한일아파트사거리,20230519,128.9152747,35.24048976,마라28bb94bb,
3850122700,101,명문교회,20230519,128.8652203,35.24070181,마라24aa94bb,
3850127500,101,수인공원입구교차로,20230519,128.8622406,35.24364793,마라23bb95aa,24.34465318
3850128501,101,어방동577-6,20230519,128.9023585,35.24515622,마라27ba95ab,
3850129500,101,가야외과의원앞교차로,20230519,128.9084931,35.24493603,마라28aa95ab,29
3850129900,104,구산터널,20230519,128.8797973,35.24519835,마라25ba95ab,17.5
3850131100,102,다대열방교회,20230519,128.9138289,35.24612323,마라28ba95ab,
3850131800,103,속성변화점,20230519,128.7696819,35.24662689,마라15ba95ab,
3850132800,104,둔덕교,20230519,128.7539871,35.24844441,마라14aa95ba,21.90751445
3850134100,101,현대병원장례식장,20230519,128.8707603,35.24923775,마라24ba95ba,20.90751445
3850134800,104,충절교,20230519,128.9063717,35.24939251,마라27bb95bb,20.38800578
3850135400,101,김해자연횟집앞교차로,20230519,128.8707524,35.25001064,마라24ba95bb,29
3850137600,101,김해구지초등학교병설유치원,20230519,128.868627,35.25211555,마라24ba96aa,17.90462428
3850142700,101,낙이있는집앞교차로,20230519,128.8663312,35.25826522,마라24ab96ba,
3850143600,101,김해파티마병원앞교차로,20230519,128.8722378,35.25897555,마라24bb96bb,
3850144400,101,참나리공원앞교차로,20230519,128.8664775,35.25926288,마라24ab96bb,21.06546243
3850145700,101,진스커피,20230519,128.8733732,35.26024954,마라24bb96bb,18.21820809
3850147900,101,모노레일커피경남김해점,20230519,128.8706123,35.26130591,마라24ba97aa,
3850148100,101,스타벅스김해삼계점,20230519,128.8719228,35.26143122,마라24bb97aa,
3850148200,101,북부동사무소입구교차로,20230519,128.8673201,35.26144854,마라24ab97aa,
3850148300,101,수리공원입구교차로,20230519,128.868373,35.26145953,마라24ab97aa,
3850148900,101,삼계동1519-22,20230519,128.8649685,35.26183425,마라24aa97aa,
3850149300,101,삼계동1520-9,20230519,128.8691095,35.26205616,마라24ba97aa,
3850150300,101,삼계동1520-6,20230519,128.8700611,35.2623753,마라24ba97aa,
3850158000,101,김해북교회,20230519,128.8647451,35.26862511,마라24aa97bb,
3850158100,103,속성변화점,20230519,128.9869265,35.26879727,마라35aa98aa,
3850158800,104,서천교,20230519,128.7123444,35.26960546,마라10ab97bb,
3850160000,104,당죽교남측,20230519,128.7645837,35.27200756,마라15aa98aa,
3850161000,101,소감교,20230519,128.9944008,35.27557965,마라35bb98bb,23
3850161800,102,우주기업,20230519,128.8523361,35.27767636,마라22bb98bb,35.43786127
3850163001,101,묵방리953-1,20230519,128.8928257,35.28481339,마라26ba99ba,
3850163400,101,동신인텍앞교차로,20230519,128.7712018,35.28466534,마라15ba99ba,
3850164900,101,안금마을입구교차로,20230519,128.8857104,35.28809204,마마26aa00aa,
3850168201,101,진영리204-18,20230519,128.7294868,35.30156715,마마11bb01ab,
3850170900,101,김영일정형외과의원앞교차로,20230519,128.7348309,35.30535565,마마12ab01bb,
3850172100,104,하라전교차로,20230519,128.8735876,35.30596431,마마24bb02aa,46.9400289
3850172505,101,여래리491-1,20230519,128.7407295,35.30583534,마마12bb01bb,
3850173100,101,진영리1381-7,20230519,128.721171,35.30641699,마마11aa01bb,40.2933526
3850174700,101,진영리1362-1,20230519,128.7220054,35.30722572,마마11aa01bb,
3850174800,101,진영리1655,20230519,128.7282463,35.30724185,마마11ba01bb,
3850175800,101,진영리1652,20230519,128.7274182,35.30734505,마마11ba02aa,
3850176200,101,진영리1651,20230519,128.726292,35.30741095,마마11ab02aa,
3850176800,101,진영리1656,20230519,128.7295286,35.30772435,마마11bb02aa,
3850177800,101,진영리1661,20230519,128.7336489,35.30801118,마마12aa02aa,55
3850178800,101,진영리1649,20230519,128.7244365,35.30820884,마마11ab02aa,17
3850181600,101,진영금병초교앞교차로,20230519,128.7353232,35.30958467,마마12ab02ab,28.78034682
3850182500,101,KMT앞교차로,20230519,128.7506137,35.311379,마마13ba02ab,17.96676301
3850184400,101,진영리1670,20230519,128.7358685,35.31287946,마마12ab02ba,65
3850205100,106,김해JC,20230519,128.9132832,35.2245723,마라28ba93aa,113
3850187600,102,본산리343,20230519,128.75667,35.316893,마마14aa03aa,
3850190300,101,한국농촌공사입구교차로,20230519,128.8001833,35.32306145,마마18aa03bb,
3850196100,104,오서교,20230519,128.8141325,35.33610632,마마19ab05ab,19.03468208
3850196800,102,대창단조,20230519,128.8443667,35.33812679,마마22aa05ba,
3850197900,104,생철교,20230519,128.8477679,35.3569408,마마22ab07ba,19.5
3850202000,103,속성변화점,20230519,128.833361,35.23451258,마라21ab94aa,19.65606936
3850202800,104,시례교북측,20230519,128.9700858,35.2403659,마라33bb94bb,22
3850205500,104,대동1터널북측,20230519,128.9414208,35.24024419,마라31aa94bb,15.71387283
3850288400,104,장유2터널북측,20230519,128.7747319,35.21954449,마라16aa92ab,9.781791908
3850289900,104,관동터널북측,20230519,128.7857334,35.18323788,마라17aa88ab,
3850319100,106,삼영주유소,20230519,128.8307958,35.20648033,마라21aa90bb,
3850322500,106,광재IC북측,20230519,128.8961095,35.30596856,마마26bb02aa,
3850323200,106,대감JC서측,20230519,128.9768907,35.26987375,마라34ab98aa,
3850324800,106,김해가야하이패스IC동측,20230519,129.0033563,35.27108903,마라36ba98ab,
3850348601,101,관동동1132,20230519,128.8110108,35.1773359,마라19ab87ba,
3850348900,101,율하고등학교앞,20230519,128.8076185,35.17320597,마라19aa87aa,
3850349704,101,율하초등학교,20230519,128.8084929,35.1726885,마라19aa87aa,
3850349902,101,관동동1136,20230519,128.8162747,35.17572423,마라19bb87ba,
3850350200,101,수남중학교앞,20230519,128.8198743,35.17214169,마라20aa87aa,28.08959538
3850350501,101,율하동1430,20230519,128.8233283,35.17632206,마라20ab87ba,
3850363700,101,담안리1537,20230519,128.7659764,35.26442803,마라15aa97ab,
3850364701,101,고모리1595,20230519,128.7688981,35.26889863,마라15ab97bb,
3850364900,101,고모리1345,20230519,128.7699881,35.27087739,마라15ba98aa,
3850365200,101,담안리244-7,20230519,128.7703381,35.25980363,마라15ba96bb,
3850366500,101,담안리240-17,20230519,128.7720878,35.26177772,마라15ba97aa,
3850368100,103,속성변화점,20230519,128.8120079,35.2951861,마마19ab00bb,
3850370700,102,본산리1709-9,20230519,128.7439149,35.31689708,마마13aa03aa,
3850374700,102,송정리1193,20230519,128.7462404,35.23873083,마라13ab94ab,
3850376300,102,병동리1131,20230519,128.791586,35.28838391,마라17ab99bb,13
3850379100,102,내삼리311-14,20230519,128.8117722,35.24138096,마라19ab94bb,30
3850379700,101,내삼리763-1,20230519,128.8192342,35.23059888,마라20aa93ba,17
3850380100,101,천곡리116-2,20230519,128.8340828,35.23821479,마라21ab94ab,7.295520231
3850380300,101,천곡리116-1,20230519,128.8335079,35.23814813,마라21ab94ab,21.04696532
3850381100,101,천곡리1373-18,20230519,128.8396824,35.23384865,마라21bb93bb,15
3850381600,101,천곡리1379-2,20230519,128.8400574,35.22877422,마라21bb93ab,39.22687861
3850382300,101,망덕리885,20230519,128.8263337,35.21682546,마라20ba92aa,8
3850382700,102,농소리649,20230519,128.8379577,35.21247602,마라21bb91ba,7
3850384800,102,삼정동252,20230519,128.8944901,35.23339906,마라26bb94aa,
3850385900,102,인제삼거리,20230519,128.9033642,35.24593939,마라27ba95ab,
3850387600,101,부원동981-50,20230519,128.8898531,35.22577488,마라26ab93aa,35
3850387900,101,삼정삼거리,20230519,128.8942719,35.22669558,마라26bb93ab,33.98843931
3850389700,102,봉황동126-16,20230519,128.8761293,35.22880779,마라25aa93ab,16.8333815
3850394000,102,관동동1135,20230519,128.8114104,35.17647987,마라19ab87ba,12
3850397700,102,장유동614,20230519,128.828634,35.16266485,마라21aa86aa,
3850398500,101,장유동43-15,20230519,128.8246968,35.17249706,마라20ba87aa,17.5
3850399200,105,김해시-창원시의창구,20230519,128.709478,35.30893945,마마09bb02aa,10
3850399300,102,자여마을회관앞,20230519,128.7110453,35.27062351,마라10aa97bb,22.46965318
3850399700,104,낙동대교,20230519,128.8401857,35.38553704,마마21ba10bb,22
3850401100,104,운하천교,20230519,128.9918218,35.2701454,마라35ba98aa,
3850402401,101,아시스골프타운,20230519,128.8259812,35.20981386,마라20ba91ab,
3850404101,103,빨간펜수학의달인,20230519,128.8118822,35.19213523,마라19ab89ab,
3850411400,101,망덕리720-17,20230519,128.8211239,35.2205232,마라20aa92ab,12
3850004700,101,장유육교,20230519,128.8156575,35.22221024,마라19ba92ba,
3850092900,101,도인하이츠빌라앞교차로,20230519,128.8695383,35.22821928,마라24ba93ab,
1410401200,105,강서구-김해시,20230519,128.8219062,35.15745587,마라20ab85ab,
3850321200,104,터널서측,20230519,128.7847777,35.29981485,마마16bb01aa,18.73482659
3850061400,101,화목동1414,20230519,128.8450688,35.1981093,마라22ab90aa,
1410183600,104,전산1교동측,20230519,128.903261,35.21461192,마라27ba91bb,
1410339102,101,미음동1590,20230519,128.8669357,35.16024375,마라24ab85bb,
3850206000,104,대동3터널남측,20230519,128.962096,35.26243361,마라32bb97ab,31.34393064
3850006301,101,시청사거리,20230519,128.8896094,35.22713385,마라26ab93ab,
3850004800,101,불암역,20230519,128.9285789,35.22165625,마라30aa92ba,
3850004900,101,세븐일레븐김해풍유점,20230519,128.8485097,35.22271865,마라22ba92bb,
3850008302,101,안동409-2,20230519,128.9101533,35.23268373,마라28ab93bb,
3850008800,101,안동공단사거리,20230519,128.9151407,35.22901493,마라28bb93ba,70.17919075
3850009600,101,무접삼거리,20230519,128.8679238,35.22990521,마라24ab93ba,52.49927746
3850013601,104,산월교,20230519,128.7502077,35.23909972,마라13bb94ab,
3850014400,101,평전사거리,20230519,128.8609488,35.23956824,마라23bb94ba,28.50794798
3850015302,101,삼산골프연습장앞교차로,20230519,128.8780659,35.24171959,마라25ab94bb,
3850018201,101,죽곡리189-2,20230519,128.7660229,35.27751054,마라15aa98ba,33.78757225
3850019001,104,대동TG,20230519,128.9832833,35.25591146,마라34bb96ba,
3850020702,101,명동리1239-7,20230519,128.8027205,35.29580162,마마18ab00bb,
3850023500,101,새진영교회,20230519,128.7265191,35.3111598,마마11ab02ab,21.67052023
3850023901,101,삼원기술앞교차로,20230519,128.9670003,35.31852047,마마33ab03ba,22.6083815
3850024700,101,여차마을회관,20230519,128.8935278,35.33778427,마마26ba05ba,
3850030700,101,관동동488,20230519,128.8023492,35.17644378,마라18ba87ba,42.69364162
3850030900,101,관동동504,20230519,128.7896384,35.17656331,마라17ab87ba,
3850032100,101,관동동487,20230519,128.801156,35.17709113,마라18ab87ba,
3850034000,101,정자나무공원앞교차로,20230519,128.7954937,35.1777804,마라17bb87ba,
3850039000,101,장유수정교회앞교차로,20230519,128.7995715,35.18453297,마라18ab88ab,
3850041700,101,버드소리장유점,20230519,128.8046109,35.18769938,마라18bb88bb,
3850043500,101,대청동341,20230519,128.7958584,35.18873865,마라17bb88bb,
3850045800,101,수변공원앞교차로,20230519,128.8016356,35.18960948,마라18ba89aa,
3850048300,102,투썸플레이스장유대청점,20230519,128.8016057,35.19084159,마라18ba89aa,
3850048600,101,김해샤론교회,20230519,128.8004374,35.19093876,마라18ab89aa,
3850052900,101,더치카페카와,20230519,128.7973102,35.19362613,마라18aa89ab,
3850053300,101,롯데마트장유점앞교차로,20230519,128.8020405,35.19372572,마라18ba89ab,
3850056700,101,화목동1435,20230519,128.845713,35.19586953,마라22ba89bb,
3850058000,101,화목동1435,20230519,128.8466593,35.19676286,마라22ba89bb,30.90751445
3850062400,101,화목동796,20230519,128.8485012,35.19853059,마라22bb90aa,
3850066300,101,화목동799-2,20230519,128.849426,35.2025354,마라22bb90ba,28.90751445
3850067300,101,청일식앞교차로,20230519,128.8148538,35.20344841,마라19ba90ba,
3850068400,101,화목동785,20230519,128.8517005,35.20429379,마라23aa90ba,
3850069100,101,장유교회,20230519,128.8143952,35.20450977,마라19ba90ba,
3850070900,101,내덕동350,20230519,128.8199235,35.20505513,마라20aa90bb,37.49566474
3850072600,101,고깃배횟집앞교차로,20230519,128.8147994,35.20552918,마라19ba90bb,17
3850073400,101,부영2차삼거리,20230519,128.8081738,35.20576247,마라19aa90bb,20
3850074200,101,내덕동351,20230519,128.818157,35.20604251,마라19bb90bb,10
3850076200,101,내덕동348,20230519,128.8173848,35.20702389,마라19bb90bb,11.92413295
3850077500,101,풍유동435,20230519,128.8496978,35.20810965,마라22bb91aa,18.90751445
3850081200,101,흥동296,20230519,128.8530059,35.21288478,마라23aa91ba,81
3850082200,104,신답교,20230519,128.8314904,35.21459549,마라21aa91bb,85.30881503
3850082900,101,칠산IC연결로교,20230519,128.8530583,35.2154062,마라23aa91bb,39.17630058
3850083600,101,칠산교차로,20230519,128.8532603,35.21758956,마라23aa92aa,
3850090000,101,반도보라아파트앞교차로,20230519,128.8733607,35.223719,마라24bb92bb,19
3850092500,101,부영공업사앞교차로,20230519,128.921382,35.22774464,마라29ab93ab,
3850093700,101,청솔아파트앞교차로,20230519,128.9236286,35.22877517,마라29ba93ba,
3850095500,101,영동제과앞교차로,20230519,128.9197619,35.22996335,마라29aa93ba,30.90751445
3850096100,101,김해사또폐차장앞교차로,20230519,128.9223148,35.23007649,마라29ab93ba,12.43641618
3850096700,101,충헌교회앞교차로,20230519,128.8999908,35.2304359,마라27ab93ba,16.99421965
3850102701,101,삼정동242,20230519,128.8959941,35.23348474,마라27aa94aa,
3850104000,101,덕성앞교차로,20230519,128.9177223,35.23309046,마라29aa93bb,
3850104200,101,동신쉐르빌앞교차로,20230519,128.9028911,35.2331449,마라27ba93bb,
3850104500,101,지내동원2차사거리,20230519,128.9210973,35.23323454,마라29ab94aa,
3850111600,101,안동사거리,20230519,128.9146618,35.2361029,마라28ba94ab,
3850116300,101,자성공원앞교차로,20230519,128.904385,35.23831618,마라27bb94ba,58
3850116400,101,동상아파트입구교차로,20230519,128.8865943,35.23831735,마라26aa94ba,47
3850118600,101,한일여고사거리,20230519,128.9164279,35.23899561,마라28bb94ba,41
3850118800,101,폴인커피,20230519,128.8743814,35.23905727,마라25aa94ba,26
3850123600,101,롯데캐슬2차입구교차로,20230519,128.8875945,35.24119829,마라26ab94bb,
3850129400,101,신방교,20230519,128.9070192,35.24493159,마라28aa95ab,30
3850129600,101,칠암문화센터앞교차로,20230519,128.9093935,35.24493661,마라28aa95ab,10
3850130100,101,에이스빌딩앞교차로,20230519,128.9059557,35.24538311,마라27bb95ab,22
3850130800,102,화인어린이집,20230519,128.9023466,35.24580879,마라27ba95ab,
3850133200,101,현대병원앞교차로,20230519,128.8707545,35.24878285,마라24ba95ba,18.09248555
3850133500,104,석칠교,20230519,128.8401854,35.24885041,마라21bb95ba,20
3850135100,101,연지공원역,20230519,128.8685593,35.24989154,마라24ba95bb,30
3850136400,103,속성변화점,20230519,128.9098281,35.25110973,마라28ab95bb,18.5
3850136900,101,태진산업앞교차로,20230519,128.7747615,35.25181701,마라15bb95bb,29.35028902
3850137400,101,김해구지초교입구교차로,20230519,128.8686579,35.25196309,마라24ba96aa,30
3850139600,104,옥천교,20230519,128.8251688,35.25454817,마라20ba96ab,22.87427746
3850141900,101,GS25삼계사거리,20230519,128.8670908,35.2574553,마라24ab96ba,
3850142100,101,금수바다장어앞교차로,20230519,128.8675298,35.25751932,마라24ab96ba,
3850143400,101,매정공원앞교차로,20230519,128.8709705,35.25878326,마라24ba96bb,
3850145200,101,신도시주유소앞교차로,20230519,128.8657441,35.26005142,마라24aa96bb,29
3850147700,101,투썸플레이스김해삼계점,20230519,128.869734,35.26124106,마라24ba97aa,
3850150400,101,삼계하나로마트사거리,20230519,128.8718128,35.26238327,마라24bb97aa,
3850150500,101,삼계동1520-6,20230519,128.8704496,35.26239222,마라24ba97aa,
3850152000,101,화정초교입구교차로,20230519,128.8647974,35.26342243,마라24aa97ab,27
3850153400,102,삼방동산120-1,20230519,128.9116164,35.26395719,마라28ab97ab,
3850159000,101,삼계사거리,20230519,128.8602597,35.26986585,마라23ba98aa,
3850161600,104,고모교,20230519,128.7737472,35.27636398,마라15bb98ba,26
3850162900,104,점마교,20230519,128.8335239,35.28202952,마라21ab99ab,
3850163000,103,속성변화점,20230519,128.8953095,35.28396914,마라26bb99ba,
3850163600,103,속성변화점,20230519,128.8342657,35.28482552,마라21ab99ba,
3850165800,102,한일스틸,20230519,128.7755077,35.29096931,마마15bb00aa,
3850166000,104,내룡리412,20230519,128.7564321,35.29285955,마마14aa00ab,11.04624277
3850166100,104,내룡리412,20230519,128.7562275,35.29290025,마마14aa00ab,22.43641618
3850168000,103,속성변화점,20230519,128.7976521,35.3010156,마마17bb01ab,14.43786127
3850168400,102,자율방범환경초소,20230519,128.947353,35.30211625,마마31ba01ba,15
3850172700,104,하나전교,20230519,128.8751595,35.30626821,마마25aa02aa,54.00072254
3850173300,101,진영리64-642,20230519,128.7293383,35.30671047,마마11bb01bb,48.43612717
3850173700,101,진영리1660,20230519,128.7338416,35.30681231,마마12aa01bb,
3850174300,101,진영리1394,20230519,128.7250927,35.30701476,마마11ab01bb,
3850176100,101,진영리1651,20230519,128.7266395,35.3073945,마마11ba02aa,
3850178900,104,신촌교,20230519,128.9572107,35.30827121,마마32ab02ab,36
3850179200,101,진영리1654,20230519,128.7287594,35.30834245,마마11ba02aa,29.90751445
3850181400,101,진영리1666,20230519,128.7356979,35.30957195,마마12ab02ab,52.34537572
3850183300,101,진영리1669,20230519,128.73628,35.31200286,마마12ab02ba,24
3850183600,101,대림기업앞교차로,20230519,128.754862,35.31207602,마마14aa02ba,15.68930636
3850184100,101,본산공단관리사무소앞교차로,20230519,128.747056,35.31253996,마마13ab02ba,6
3850185200,102,본산리산5-1,20230519,128.7771285,35.31377562,마마16aa02bb,
3850187000,101,용화사앞교차로,20230519,128.7472594,35.31605764,마마13ab02bb,
3850188000,102,봉화정,20230519,128.8024253,35.31765573,마마18ab03aa,37.12572254
3850188600,101,한림어패럴,20230519,128.7560275,35.31942577,마마14aa03ab,15.56213873
3850192900,101,공립한림어린이집,20230519,128.8021222,35.32533255,마마18ab04aa,
3850194900,101,성심카센터앞교차로,20230519,128.7970314,35.32869518,마마17bb04ab,22.43786127
3850196000,103,속성변화점,20230519,128.8074656,35.33609323,마마18bb05ab,11.53034682
3850197100,101,시산리95-2,20230519,128.8006068,35.34894656,마마18aa06ba,22
3850201301,101,병동리542,20230519,128.7932281,35.28614367,마라17ba99ba,
3850202300,101,커피세븐,20230519,128.8523868,35.23435892,마라23aa94aa,5
3850203400,104,해반천교,20230519,128.8759318,35.22200257,마라25aa92ba,21
3850287300,104,대동화명대교서측,20230519,128.9933442,35.23487363,마라35bb94ab,16.53034682
3850288500,103,속성변화점,20230519,128.7759852,35.22459674,마라16aa92bb,17.17789017
3850318506,101,김해일반산업단지,20230519,128.8276583,35.21734501,마라20bb92aa,
3850318701,103,속성변화점,20230519,128.8342844,35.20888411,마라21ab91aa,
3850319402,101,농소리647,20230519,128.8349992,35.21343288,마라21ba91ba,
3850323800,106,대감JC남측,20230519,128.9832386,35.26816156,마라34bb97bb,
3850348902,101,관동동1129,20230519,128.8062934,35.17603536,마라18bb87ba,
3850349901,101,관동동1136,20230519,128.8162298,35.17685487,마라19bb87ba,
3850363500,101,담안리659-5,20230519,128.7639011,35.26706111,마라14bb97ba,
3850364000,101,고모리1592,20230519,128.7674384,35.27124412,마라15ab98aa,
3850364501,101,고모리1592,20230519,128.7717256,35.27693528,마라15ba98ba,
3850371200,102,본산리1759,20230519,128.7401777,35.31510559,마마12ba02bb,
3850371500,102,본산리944-1,20230519,128.7451898,35.31199764,마마13aa02ba,
3850374200,102,죽곡리183-3,20230519,128.769363,35.28026801,마라15ab99aa,
3850375300,102,병동리992-3,20230519,128.7810119,35.29168347,마마16ab00ab,
3850381500,102,천곡리1402,20230519,128.837845,35.23524015,마라21ba94aa,18
3850381700,101,선지리682-8,20230519,128.8436196,35.23142395,마라22ab93ba,20.56213873
3850382800,101,삼계동301-15,20230519,128.8623551,35.26352049,마라23bb97ab,37.87789017
3850384100,102,내동1088,20230519,128.865555,35.24842219,마라24aa95ba,20
3850384600,102,활천고개삼거리,20230519,128.8903655,35.23414062,마라26ba94aa,
3850393400,101,관동동1128,20230519,128.804611,35.17601321,마라18bb87ba,17.56358382
3850393500,101,관동동1133,20230519,128.8083981,35.17670482,마라19aa87ba,14.46965318
3850393900,101,관동동1135,20230519,128.8129603,35.17619657,마라19ba87ba,17.21965318
3850394100,102,관동동1166,20230519,128.8129227,35.17909625,마라19ba87bb,14.31430636
3850395500,101,율하동1419,20230519,128.8153976,35.17176375,마라19bb87aa,39
3850396400,102,율하동262,20230519,128.8047235,35.17025552,마라18bb86bb,36.5
3850397600,102,모산초등학교,20230519,128.8258592,35.16845586,마라20ba86ba,
3850399100,106,진영JC서측,20230519,128.7068566,35.27891265,마라09bb98bb,16.56213873
3850400000,101,봉황동518-1,20230519,128.8754507,35.2226495,마라25aa92bb,14
3850405901,104,내삼리1347-135,20230519,128.8185136,35.2291471,마라19bb93ab,
3850409500,101,내덕동20-35,20230519,128.8224843,35.21128492,마라20ab91ab,22.46965318
3850406900,101,내덕동32-8,20230519,128.8183801,35.20886173,마라20aa91aa,
3850407200,101,내덕동28-27,20230519,128.818379,35.20938582,마라20aa91aa,
3850407800,101,내덕동23-53,20230519,128.8184996,35.2108275,마라20aa91ab,
3850408800,101,내덕동39-15,20230519,128.8242104,35.20710674,마라20ba90bb,
3850409200,101,내덕동6-32,20230519,128.8207741,35.21204132,마라20aa91ba,20
3850409400,101,내덕동72-5,20230519,128.8208819,35.21258789,마라20aa91ba,12
3850404201,101,버스정류장,20230519,128.8677241,35.17522466,마라24ba87ba,
1410410501,103,중동교,20230519,128.8738447,35.20401424,마라25aa90ba,
1410008900,105,강서구-김해시,20230519,128.9299967,35.2208673,마라30aa92ba,
3850251600,101,마사교차로,20230519,128.8335536,35.36833695,마마21aa08bb,
3850252100,101,봉림삼거리,20230519,128.8465702,35.34007308,마마22ab05bb,
3850069600,101,내덕동351,20230519,128.8190932,35.20467858,마라20aa90ba,
3850084200,101,김해농협도정공장앞교차로,20230519,128.856238,35.22074924,마라23ab92ba,
3850085400,101,서부주유소앞교차로,20230519,128.8659795,35.22107698,마라24ab92ba,
3850085800,101,청호빌라3차앞교차로,20230519,128.8576201,35.22130863,마라23ba92ba,
3850088100,104,망덕육교,20230519,128.8350645,35.22213203,마라21ba92ba,32
3850088600,101,청호빌라1차앞교차로,20230519,128.8657248,35.22230529,마라24ab92ba,13
3850088700,101,청호빌라9차입구교차로,20230519,128.8526452,35.2223799,마라23aa92ba,30
3850088800,101,두산프리빌리지앞교차로,20230519,128.8670968,35.22241815,마라24ab92ba,29
3850089000,101,플러스아파트입구교차로,20230519,128.8724388,35.22248254,마라24bb92bb,9
3850089900,101,유민공원앞교차로,20230519,128.8716454,35.22347123,마라24bb92bb,19.53034682
3850090600,102,CU김해반도보라점,20230519,128.8734139,35.2250014,마라24bb93aa,32
3850092200,101,서원철재앞교차로,20230519,128.9106146,35.22768153,마라28ab93ab,
3850401200,104,양산낙동강대교,20230519,128.9977121,35.28705771,마마36aa00aa,
3850093800,101,함께가는교회,20230519,128.8695015,35.22878604,마라24ba93ab,
3850095600,101,김해고교앞교차로,20230519,128.897013,35.22997946,마라27aa93ba,33
3850099100,101,김해활천초교앞교차로,20230519,128.9196735,35.23136384,마라29aa93bb,23
3850099300,104,신정교,20230519,128.9847268,35.23141036,마라35aa93bb,7
3850101000,106,천곡리709-1,20230519,128.833887,35.23199464,마라21ab93bb,35.58179191
3850102700,101,삼정공원입구교차로,20230519,128.896715,35.2325786,마라27aa93bb,
3850108600,101,예수은혜교회,20230519,128.9194443,35.23475043,마라29aa94aa,36.14017341
3850112900,101,대원포교원,20230519,128.9032277,35.23666409,마라27ba94ab,
3850114000,101,경원동아2차아파트앞교차로,20230519,128.8661613,35.23713481,마라24ab94ab,38.78179191
3850138400,101,김해대학삼거리,20230519,128.9024146,35.25356075,마라27ba96aa,43
3850139000,101,북부신도시주유소앞교차로,20230519,128.8714003,35.25394906,마라24bb96ab,27
3850139900,104,담안교,20230519,128.7691333,35.25530722,마라15ab96ab,51
3850140100,104,상평교,20230519,128.7665091,35.25582514,마라15aa96ab,18.28179191
3850142900,101,해오름공원앞교차로,20230519,128.873602,35.25836835,마라24bb96ba,
3850144000,101,김해생명의전화,20230519,128.873518,35.25919496,마라24bb96bb,33.12283237
3850144900,101,북부대우푸르지오앞교차로,20230519,128.8686177,35.25985178,마라24ab96bb,7
3850145400,101,IBK기업은행김해삼계지점,20230519,128.8720807,35.26014572,마라24bb96bb,28.93713873
3850145600,101,가야카클리닉앞교차로,20230519,128.8728142,35.26020295,마라24bb96bb,8.874277457
3850146300,101,김해농협앞교차로,20230519,128.8685372,35.26052884,마라24ab96bb,17
3850147100,101,김해시민체육공원입구교차로,20230519,128.8760225,35.2611332,마라25aa97aa,
3850151600,101,삼계동1520-5,20230519,128.8690359,35.26325583,마라24ba97ab,20.31069364
3850155900,101,삼계초교삼거리,20230519,128.8652171,35.26645515,마라24aa97ba,29.64248555
3850156200,101,분성여고교입구교차로,20230519,128.8717039,35.26683934,마라24bb97ba,15
3850161201,101,병동리987-1,20230519,128.7790936,35.29197474,마마16ab00ab,
3850162000,103,속성변화점,20230519,128.7276199,35.27895923,마라11ba98bb,19.12572254
3850162700,104,점마교,20230519,128.8335582,35.28183283,마라21ab99ab,35
3850165300,101,장척골황토찜질방앞교차로,20230519,128.91315,35.28950177,마마28ba00aa,
3850166500,101,성원산업앞교차로,20230519,128.882885,35.29474912,마마25ba00bb,16.0166185
3850198000,104,생철교,20230519,128.8480633,35.35700894,마마22ab07ba,27.36054913
3850205800,104,예안천교남측,20230519,128.9567621,35.25307295,마라32ba96ab,33
3850289000,106,진례JC,20230519,128.7792288,35.22831965,마라16ab93ab,22.43641618
3850289200,104,장유2터널남측,20230519,128.7835421,35.20354996,마라16bb90ba,14.12572254
3850321500,104,터널동측,20230519,128.8230895,35.29441473,마마20ab00ba,31
3850322600,106,광재IC남측,20230519,128.8963617,35.30492422,마마26bb01bb,
3850348602,101,관동동1132,20230519,128.8083731,35.17731574,마라19aa87ba,
3850348903,101,율하동1417,20230519,128.8132907,35.17454445,마라19ba87ab,
3850349705,101,율하동1417,20230519,128.8110778,35.17115858,마라19ab86bb,
3850350401,101,장유동1430,20230519,128.8204271,35.16658586,마라20ab86ba,
3850364300,101,담안리1551,20230519,128.7682009,35.2623617,마라15ab97aa,
3850399500,104,진영교,20230519,128.7647212,35.29867387,마마14bb01aa,12
3850399800,104,무척산터널,20230519,128.8593026,35.36247629,마마23ab08ab,50
3850399900,104,무척산터널,20230519,128.8725441,35.35748881,마마24ba07ba,16
3850401300,104,운하천교,20230519,128.9977526,35.27041963,마라36aa98aa,
3850108300,101,한독유압기계앞교차로,20230519,128.9183933,35.23470022,마라29aa94aa,48.19508671
3850288700,106,산본삼거리,20230519,128.7761327,35.22307994,마라16aa92ba,16.96676301
3850043200,104,대청2교,20230519,128.8015439,35.18868787,마라18ab88bb,
3850369200,102,생철리13,20230519,128.8532425,35.35613508,마마22bb07ba,14
3850324300,106,대감JC동측,20230519,128.9898342,35.27007284,마라35ba98aa,
3850037000,101,관동동481,20230519,128.8009307,35.17894325,마라18ab87bb,
3850178200,101,진영리1657,20230519,128.7308588,35.30808506,마마11bb02aa,18.5
1410183800,101,식만JC,20230519,128.9116615,35.21609363,마라28ab92aa,
1410391400,101,범방동396-90,20230519,128.864656,35.15663243,마라24ab85ab,
1410392200,102,미음동1592,20230519,128.8687681,35.16016539,마라24ba85bb,
4140079200,106,동창원IC앞,20230519,128.7037765,35.2881115,마라09ab99bb,
3850002402,101,대동1단지사거리,20230519,128.8149546,35.20198656,마라19ba90ab,
3850013500,101,생명과학고사거리,20230519,128.8582581,35.23744252,마라23ba94ab,
3850013602,104,산월교,20230519,128.7501569,35.23927553,마라13ba94ab,37.70231214
3850014401,101,평전사거리,20230519,128.8615535,35.24003643,마라23bb94ba,
3850015600,101,갈보리교회,20230519,128.8663403,35.24403877,마라24ab95aa,
3850015900,101,작은천사어린이집,20230519,128.8757888,35.24504549,마라25aa95ab,
3850016101,101,연지2교사거리,20230519,128.8680635,35.2480622,마라24ab95ba,
3850017003,101,부광식품,20230519,128.8720866,35.2502252,마라24bb95bb,
3850018902,104,덕산2교,20230519,128.9841949,35.27832666,마라34bb99aa,
3850019200,101,유목2삼거리,20230519,128.7688993,35.28146124,마라15ab99aa,
3850019901,104,좌곤교,20230519,128.7060558,35.29007621,마마09ba00aa,
3850019902,104,좌곤교,20230519,128.7063452,35.29032224,마마09ba00aa,
3850021602,101,나전리산248-2,20230519,128.8765231,35.29723275,마마25aa01aa,38.50867052
3850022400,104,진영교,20230519,128.7203047,35.30425868,마마10bb01ba,
3850022500,101,부곡2동마을회관,20230519,128.719118,35.30452415,마마10bb01ba,
3850023801,104,매리2교,20230519,128.9693118,35.31283541,마마33ba02bb,
3850027600,101,조양앞교차로,20230519,128.8017798,35.17521492,마라18ba87ab,
3850028300,101,덕정생고기앞교차로,20230519,128.8019438,35.17552826,마라18ba87ab,
3850029600,101,팔판푸르지오6단지입구교차로,20230519,128.7909164,35.17620615,마라17ba87ba,39.57369942
3850031300,101,관동동503,20230519,128.7896367,35.17693775,마라17ab87ba,
3850032900,101,덕정초교사거리,20230519,128.7997231,35.17743207,마라18ab87ba,20.08959538
3850034200,101,물꽁아구찜앞교차로,20230519,128.8002763,35.17786306,마라18ab87ba,38.43713873
3850036000,101,관동동503,20230519,128.7873361,35.17834789,마라17aa87bb,
3850036400,101,관동동481,20230519,128.8012928,35.17858657,마라18ab87bb,
3850037600,101,관동동477,20230519,128.7888652,35.17948217,마라17ab87bb,
3850037900,101,덕정사거리,20230519,128.7960378,35.17972234,마라18aa87bb,
3850038300,102,대청동산109-24,20230519,128.7641052,35.18183653,마라15aa88aa,
3850039200,101,하늘사랑유치원,20230519,128.7991334,35.1854442,마라18ab88ba,
3850042100,104,대청1교,20230519,128.7972474,35.18805536,마라18aa88bb,
3850043900,101,새싹공원앞교차로,20230519,128.7950111,35.18885728,마라17bb88bb,
3850044100,101,삼전교회,20230519,128.7940831,35.18894879,마라17bb88bb,
3850045500,101,차쉼터카클리닉앞교차로,20230519,128.7990816,35.18949632,마라18ab89aa,75
3850046100,101,대청동339,20230519,128.793686,35.18972659,마라17bb89aa,
3850046400,103,속성변화점,20230519,128.8371291,35.19002277,마라21ba89aa,77.3767341
3850048200,101,동경돈까스앞교차로,20230519,128.7948499,35.19083883,마라17bb89aa,
3850048500,101,이동288,20230519,128.8403819,35.19091567,마라22aa89aa,
3850049500,102,김해축산농협장유지점,20230519,128.8043934,35.1917699,마라18bb89ab,
3850053500,101,이동282,20230519,128.8437786,35.19401638,마라22ab89ba,
3850053800,101,하늘나라공원앞교차로,20230519,128.8049289,35.19404373,마라18bb89ba,
3850058900,101,무계교,20230519,128.8164312,35.1971142,마라19bb89bb,
3850059800,101,능동초교앞교차로,20230519,128.7959139,35.19751426,마라17bb89bb,
3850063000,101,장유능동마을북측교차로,20230519,128.797791,35.19909591,마라18aa90aa,32.18930636
3850070200,101,삼소앞교차로,20230519,128.814191,35.20483286,마라19ba90ba,10
3850070400,101,화목동978-2,20230519,128.850205,35.20486967,마라22bb90bb,33.94580925
3850073300,101,숲정이공원앞교차로,20230519,128.8183858,35.20571838,마라20aa90bb,51
3850074100,101,웅진식품앞교차로,20230519,128.8508458,35.20590842,마라22bb90bb,19
3850074800,101,내덕동349,20230519,128.8211198,35.20639198,마라20ab90bb,9
3850075800,101,화목동1122-1,20230519,128.8515489,35.20673106,마라23aa90bb,29
3850076600,101,부영3차삼거리,20230519,128.8057433,35.20747839,마라18bb91aa,10
3850080500,101,이화반점앞교차로,20230519,128.85101,35.21132812,마라22bb91ab,47.87124277
3850081700,101,칠산교차로,20230519,128.8525398,35.21396593,마라23aa91bb,76.93887283
3850125000,102,성덕산업,20230519,128.8275405,35.24210505,마라20bb94bb,
3850114300,102,주중리616-1,20230519,128.946662,35.23719564,마라31ba94ab,52.06430636
3850114600,101,김해새소망교회,20230519,128.9031186,35.23741816,마라27ba94ab,14.46965318
3850114901,101,새동네삼거리,20230519,128.8873901,35.23749295,마라26aa94ab,
3850118100,101,대흥교회,20230519,128.8782768,35.23885014,마라25ab94ba,21.17196532
3850120000,101,가야하이츠빌라앞교차로,20230519,128.8590017,35.23956652,마라23ba94ba,26.08381503
3850123100,101,주원동산빌라앞교차로,20230519,128.9162336,35.24100393,마라28bb94bb,
3850126900,101,가현빌리지,20230519,128.8805914,35.24315388,마라25ba95aa,
3850128500,101,유토피아사거리,20230519,128.9039584,35.24392762,마라27ba95aa,27
3850129700,104,초전교,20230519,128.7523512,35.24495994,마라13bb95aa,36.89017341
3850133300,101,연지제1교,20230519,128.8697485,35.24878627,마라24ba95ba,15.56358382
3850137100,104,하도교,20230519,128.9043944,35.25196255,마라27bb96aa,33.06069364
3850166900,101,은석학원앞교차로,20230519,128.8101401,35.29779238,마마19aa01aa,14.47109827
3850171400,101,진영병원장례식장,20230519,128.7264102,35.30573594,마마11ab01bb,
3850171900,101,소락교,20230519,128.9118558,35.30579456,마마28ab02aa,41.29768786
3850173500,101,진영리1660,20230519,128.7342436,35.30677518,마마12aa01bb,
3850173800,101,진영리1660,20230519,128.7335178,35.30684184,마마12aa01bb,
3850174200,101,북구사거리,20230519,128.7264311,35.30694019,마마11ab01bb,
3850176900,101,진영리1655,20230519,128.7291378,35.30776105,마마11ba02aa,24.09248555
3850178500,101,진영리1665,20230519,128.7359504,35.30813934,마마12ab02aa,55
3850181300,101,진영리1666,20230519,128.7361171,35.30956058,마마12ab02ab,14
3850181900,101,진영리1646,20230519,128.7258969,35.30982535,마마11ab02ab,28.12572254
3850182100,101,대명종합폐차장앞교차로,20230519,128.7483473,35.31052007,마마13ab02ab,25.56213873
3850183700,104,어은교,20230519,128.8185966,35.31223611,마마19bb02ba,17
3850187300,104,화포2교,20230519,128.8079979,35.31625587,마마18bb03aa,
3850188300,104,사천교,20230519,128.8655702,35.31848331,마마24aa03ab,20
3850190100,101,한림정역앞교차로,20230519,128.8030224,35.32296993,마마18ab03bb,
3850192100,101,한림초교앞교차로,20230519,128.7990814,35.3245547,마마18aa03bb,
3850364400,101,계동교,20230519,128.7686257,35.26406986,마라15ab97ab,
3850364601,101,담안리1602,20230519,128.7683882,35.26641955,마라15ab97ba,
3850366000,101,고모리1500-6,20230519,128.7717628,35.28010138,마라15ba99aa,
3850367201,101,고모리1100-2,20230519,128.7748133,35.26617691,마라15bb97ab,
3850368900,103,속성변화점,20230519,128.9025257,35.35616874,마마27ab07ba,
3850369400,101,금곡리1025-7,20230519,128.8092714,35.34901892,마마18bb06ba,
3850369600,101,금곡리1025-1,20230519,128.808984,35.34340288,마마18bb06aa,37
3850369700,102,금곡리581-1,20230519,128.820508,35.34394456,마마19bb06aa,36
3850373200,102,여래리157-13,20230519,128.7440275,35.30044059,마마13aa01ab,
3850373500,101,진영리1734,20230519,128.7253416,35.31188918,마마11ab02ba,
3850374300,102,죽곡리676,20230519,128.7673007,35.27673505,마라15ab98ba,
3850375000,101,담안리1462-13,20230519,128.7826372,35.2473301,마라16ba95ab,
3850377500,102,삼계동산144,20230519,128.8653796,35.28764281,마라24aa99bb,8
3850378400,101,원지리산232,20230519,128.829633,35.25687935,마라20bb96ba,26
3850380700,101,천곡리127-1,20230519,128.8336329,35.23738155,마라21ab94ab,41
3850381000,102,천곡리1139-1,20230519,128.8404574,35.22758269,마라21bb93ab,17
3850381900,102,선지리952-5,20230519,128.8484192,35.22722445,마라22ba93ab,11.26011561
3850385800,102,인제삼거리,20230519,128.9033892,35.2448895,마라27ba95ab,
3850386800,101,봉황동74-22,20230519,128.8775042,35.22395834,마라25ab92bb,
3850389500,101,삼정동347-1,20230519,128.9025645,35.22615826,마라27ba93aa,24.99132948
3850390100,102,외동708,20230519,128.8526187,35.2368484,마라23aa94ab,13
3850390300,102,흥동558-11,20230519,128.8558686,35.22226672,마라23ab92ba,23
3850391100,101,풍유동989,20230519,128.8462194,35.2233082,마라22ba92bb,17.87427746
3850391200,102,천곡리1410,20230519,128.8455695,35.22376648,마라22ab92bb,13
3850395000,101,율하동1418,20230519,128.8133478,35.1720637,마라19ba87aa,9.125722543
3850397000,101,응달동1228,20230519,128.8379831,35.17742993,마라21bb87ba,29.5433526
3850398200,101,장유동43-4,20230519,128.8242718,35.17104722,마라20ba86bb,19.68930636
3850401901,101,동림엔지니어링,20230519,128.8008649,35.21580018,마라18ab91bb,
3850405201,101,천곡리산40-3,20230519,128.8269669,35.23665442,마라20ba94ab,
3850408500,101,내덕동29-41,20230519,128.8218835,35.2087507,마라20ab91aa,
3850407500,101,내덕동32-11,20230519,128.8194026,35.20899598,마라20aa91aa,
1410009200,105,강서구-김해시,20230519,128.9772485,35.2272058,마라34ab93ab,
3850251300,101,장유동산57-9,20230519,128.8253227,35.16182282,마라20ba85bb,
3850252400,101,봉림교차로,20230519,128.8515819,35.32484089,마마22bb04aa,
3850064200,101,화목동794,20230519,128.847986,35.20035448,마라22ba90ab,77.86690751
4140072500,101,월잠리593,20230519,128.6919104,35.30917401,마마08ab02aa,
1410289200,105,강서구-김해시,20230519,128.8801142,35.17751358,마라25ba87bb,
3850035300,101,관동동503,20230519,128.7876797,35.17811682,마라17ab87ba,
3850125800,104,어방3교,20230519,128.9067743,35.24256863,마라27bb95aa,
3850000800,105,김해시-창원시성산구,20230519,128.745069,35.18575002,마라13ab88ba,
3850001200,101,호텔런더너,20230519,128.796856,35.19224724,마라18aa89ab,
3850002100,106,장유IC서측,20230519,128.8055769,35.19536596,마라18bb89ba,
3850003000,101,무계지하차도,20230519,128.821675,35.20487646,마라20ab90ba,
3850003100,101,냉정IC,20230519,128.8355898,35.20479024,마라21ba90bb,
3850003200,101,GS25장유내덕스타점,20230519,128.8236631,35.20509589,마라20ab90bb,
3850003303,104,정천교,20230519,128.8332853,35.20609287,마라21ab90bb,
3850003500,101,정도공인중개사사무소,20230519,128.8445656,35.20919058,마라22ab91ab,
3850007500,101,동김해지하차도,20230519,128.9008607,35.22814521,마라27ab93ab,
3850009300,101,김해전문장례식장,20230519,128.919784,35.22917743,마라29aa93ba,35.92919075
3850010003,101,내삼리763-4,20230519,128.8194906,35.23152382,마라20aa93ba,
3850010500,101,외동사거리,20230519,128.8518606,35.23233386,마라23aa93bb,40.02312139
3850014700,101,시례교남측,20230519,128.9699043,35.2401237,마라33ba94bb,
3850020100,101,좌곤삼거리,20230519,128.7077342,35.29201265,마마09bb00ab,
3850024200,101,보화교회,20230519,128.8498945,35.32572333,마마22ba04aa,
3850024904,104,생림1교,20230519,128.8503123,35.35252102,마마22ba07aa,
3850029500,101,관동동510,20230519,128.7896444,35.1762038,마라17ab87ba,34.42919075
3850029800,104,신안교,20230519,128.7884423,35.17622013,마라17ab87ba,
3850030000,101,관동고분공원앞교차로,20230519,128.7997258,35.17628129,마라18ab87ba,34.28106936
3850031700,101,도당공원입구교차로,20230519,128.7880409,35.17703309,마라17ab87ba,21.5650289
3850033000,101,구실공원앞교차로,20230519,128.8019412,35.17744264,마라18ba87ba,41.02890173
3850034400,101,팔판푸르지오6단지입구교차로,20230519,128.7908821,35.1778693,마라17ba87ba,
3850037400,101,관동중교앞교차로,20230519,128.7908598,35.17946933,마라17ba87bb,
3850038400,101,대청동산109-24,20230519,128.764688,35.18197597,마라15aa88aa,
3850039500,101,리치앞교차로,20230519,128.798971,35.18579012,마라18ab88ba,
3850040700,101,김해농수산물유통센터앞교차로,20230519,128.8361117,35.1868401,마라21ba88bb,
3850043100,101,대청동337,20230519,128.7929803,35.1885859,마라17ba88bb,
3850045100,101,대청경로당앞교차로,20230519,128.8007005,35.18930525,마라18ab88bb,
3850046700,101,세븐일레븐,20230519,128.8093307,35.19009309,마라19aa89aa,40.38424855
3850047800,101,장유문화센터앞교차로,20230519,128.7959278,35.1907289,마라17bb89aa,79.88294798
3850048400,101,부산은행장유지점,20230519,128.8034166,35.19086911,마라18ba89aa,
3850051100,101,호텔파인그로브,20230519,128.7977476,35.19273194,마라18aa89ab,
3850051400,101,이동284,20230519,128.8408058,35.1928236,마라22aa89ab,
3850053900,101,대청지하차도,20230519,128.8018538,35.19410721,마라18ba89ba,
3850054700,102,장신교차로영만교방면,20230519,128.8109263,35.19440499,마라19ab89ba,
3850055200,101,옥스포드빌딩사거리,20230519,128.7993794,35.19478129,마라18ab89ba,
3850056600,101,김해장유7차푸르지오앞교차로,20230519,128.794502,35.19577552,마라17bb89ba,
3850058300,101,해바라기어린이집앞교차로,20230519,128.7952859,35.19685134,마라17bb89bb,
3850059900,101,이오삼겹살앞교차로,20230519,128.7971593,35.19753434,마라18aa89bb,
3850062500,101,소리공원앞교차로,20230519,128.7992489,35.19861763,마라18ab90aa,
3850062900,101,화목동796,20230519,128.8487756,35.19900288,마라22bb90aa,15.85260116
3850063700,103,속성변화점,20230519,128.8049097,35.19991748,마라18bb90aa,
3850063800,101,신용기전앞교차로,20230519,128.8493191,35.1999709,마라22bb90aa,
3850065200,101,화목동1556-16,20230519,128.8483889,35.20149762,마라22ba90ab,12
3850065600,103,속성변화점,20230519,128.836228,35.20191277,마라21ba90ab,29
3850072900,101,내덕동351,20230519,128.8190942,35.20559391,마라20aa90bb,19
3850075600,101,내덕동348,20230519,128.8217075,35.20667904,마라20ab90bb,21
3850076500,103,속성변화점,20230519,128.8023077,35.20742678,마라18ba91aa,18
3850077200,101,월산부영18차앞교차로,20230519,128.7993574,35.2079062,마라18ab91aa,26
3850078400,101,화목동780,20230519,128.8527653,35.20891985,마라23aa91aa,
3850079200,101,풍유동437,20230519,128.8508344,35.21001669,마라22bb91ab,
3850079900,101,포텍앞교차로,20230519,128.8493227,35.21088355,마라22bb91ab,39.91184971
3850081500,104,풍류1교,20230519,128.849095,35.21358097,마라22bb91ba,74.70086705
3850082000,104,농소2교,20230519,128.840982,35.21440579,마라22aa91bb,79.16893064
3850082100,101,칠산교차로,20230519,128.8529135,35.2144709,마라23aa91bb,78.13771676
3850084600,101,흥동사거리,20230519,128.8537404,35.22082104,마라23aa92ba,
3850084800,101,금광철재앞교차로,20230519,128.8525267,35.22086735,마라23aa92ba,
3850087000,101,청호아트빌입구교차로,20230519,128.8512523,35.22177972,마라22bb92ba,17
3850087100,101,경남아트빌라입구교차로,20230519,128.8590516,35.22178086,마라23ba92ba,22.24421965
3850091400,101,전하교교차로,20230519,128.8743818,35.22567899,마라25aa93aa,25
3850091500,101,전하교교차로,20230519,128.8753255,35.22571801,마라25aa93aa,30
3850091600,101,삼진정공사앞교차로,20230519,128.9214063,35.22648487,마라29ab93ab,20
3850094300,101,작은나무어린이집,20230519,128.8680987,35.22929831,마라24ab93ba,
3850094800,101,청운복국앞교차로,20230519,128.9047101,35.2296066,마라27bb93ba,25.71893064
3850095400,101,김해터미널입구교차로,20230519,128.86964,35.22993813,마라24ba93ba,31.04624277
3850095900,103,속성변화점,20230519,128.8836622,35.23006999,마라25bb93ba,25.09248555
3850096000,102,대한양계협회부산경남도지회,20230519,128.897929,35.23007366,마라27aa93ba,39.56213873
3850096300,101,한솔빌리지앞교차로,20230519,128.8585562,35.23028617,마라23ba93ba,16
3850096400,101,대민교회앞교차로,20230519,128.8986577,35.23031665,마라27ab93ba,11.56358382
3850097100,101,통영횟집앞교차로,20230519,128.92298,35.23056582,마라29ab93ba,35
3850124500,101,영광빌,20230519,128.8810909,35.24183675,마라25ba94bb,
3850100100,102,김해교회,20230519,128.8764741,35.2315586,마라25ab93bb,48.19436416
3850100500,101,가마목앞교차로,20230519,128.8545854,35.23182106,마라23ab93bb,25.47254335
3850105400,104,산본교,20230519,128.7684883,35.23370616,마라15ab93bb,
3850105500,101,근린공원입구교차로,20230519,128.8555759,35.23372875,마라23ab93bb,
3850105600,101,제일교회사거리,20230519,128.8845638,35.23388714,마라25bb94aa,
3850105900,104,산본교,20230519,128.7685442,35.23391969,마라15ab93bb,
3850111800,101,안동육거리,20230519,128.9174871,35.23617209,마라28bb94ab,
3850108000,101,활천고개삼거리,20230519,128.8897161,35.23465104,마라26ab94aa,46.48988439
3850110300,101,백조빌라,20230519,128.8726522,35.23555959,마라24bb94aa,45.15462428
3850112500,101,성우빌라앞교차로,20230519,128.8954654,35.23649461,마라26bb94ab,
3850115601,101,어방동325-1,20230519,128.9023358,35.23839201,마라27ba94ba,
3850120600,101,연지사거리,20230519,128.8676627,35.23982085,마라24ab94ba,34.45303468
3850122000,101,에스프레소키친,20230519,128.8862761,35.24030164,마라26aa94bb,
3850126600,101,한국야쿠르트김해공장앞교차로,20230519,128.9084988,35.24292939,마라28aa95aa,
3850127600,101,경운엔즈빌입구교차로,20230519,128.8640291,35.24367649,마라24aa95aa,22.90751445
3850128000,101,우진주유소앞교차로,20230519,128.8814277,35.24389278,마라25ba95aa,13.09971098
3850128900,101,김해박물관오거리,20230519,128.8725092,35.24436992,마라24bb95aa,42.06286127
3850130101,101,삼방동252,20230519,128.9059615,35.24643931,마라27bb95ab,
3850131500,101,구산동산70-6,20230519,128.8783176,35.24636034,마라25ab95ab,
3850133801,101,삼방동248,20230519,128.9047018,35.24908705,마라27bb95bb,
3850134500,101,대덕숯불갈비앞교차로,20230519,128.8720452,35.24924829,마라24bb95ba,20.45375723
3850136300,101,구름송이공원앞교차로,20230519,128.8705539,35.2509378,마라24ba95bb,11.09609827
3850137200,104,하도교,20230519,128.9046854,35.2519775,마라27bb96aa,22
3850137500,101,삼방사거리,20230519,128.9062388,35.25203185,마라27bb96aa,23.90751445
3850140700,101,옥천마을회관,20230519,128.8219817,35.25647321,마라20ab96ab,34.69855491
3850141700,102,용곡마을회관,20230519,128.8223157,35.2573999,마라20ab96ba,
3850144100,101,삼계동30-4,20230519,128.8784901,35.25919551,마라25ab96bb,27.53612717
3850144500,101,인제대학교백병원앞교차로,20230519,128.8739178,35.25926575,마라24bb96bb,12
3850145500,101,삼계동1520-4,20230519,128.8761353,35.26018722,마라25aa96bb,36.34393064
3850146200,101,삼계동1519-24,20230519,128.8656383,35.26045908,마라24aa96bb,24.87427746
3850146800,101,삼계위너스타운사거리,20230519,128.8737769,35.26094609,마라24bb97aa,
3850150700,101,희망공원앞교차로,20230519,128.8725515,35.26245599,마라24bb97aa,
3850152900,101,평강교회,20230519,128.8737091,35.26362277,마라24bb97ab,
3850154300,101,분성초교앞교차로,20230519,128.8727265,35.26460029,마라24bb97ab,
3850155700,101,분성중교앞교차로,20230519,128.8718393,35.26565419,마라24bb97ba,
3850158600,104,서천교,20230519,128.7127551,35.2694598,마라10ab97bb,
3850160801,101,하계리582,20230519,128.7319338,35.27816304,마라12aa98bb,
3850164000,103,속성변화점,20230519,128.7151778,35.28545769,마라10ba99ba,
3850165100,102,상용마을회관,20230519,128.7487225,35.28833316,마라13ba99bb,
3850166300,104,용담교,20230519,128.761269,35.2938269,마마14ba00ba,33
3850166700,103,속성변화점,20230519,128.9106979,35.29673907,마마28ab01aa,24.43786127
3850167300,101,송정1교앞교차로,20230519,128.8759188,35.30042583,마마25aa01ab,19.92196532
3850168102,101,여래리730-18,20230519,128.7344207,35.30210051,마마12aa01ab,
3850168202,101,진영리142-2,20230519,128.7263565,35.30196773,마마11ab01ab,
3850169400,101,송정2교,20230519,128.8756141,35.3032725,마마25aa01ba,
3850170200,101,진영어린이집,20230519,128.7358366,35.30451107,마마12ab01ba,
3850173000,101,고궁생복앞교차로,20230519,128.7227211,35.3063673,마마11aa01bb,42.48554913
3850182000,101,CJ주식회사앞교차로,20230519,128.746852,35.30987576,마마13ab02ab,21.28179191
3850183800,104,어은교,20230519,128.8190674,35.3122826,마마19bb02ba,8
3850186200,101,수빈철강,20230519,128.7578494,35.31425293,마마14ab02bb,27
3850186801,101,본산리340,20230519,128.7423138,35.31585848,마마12bb02bb,
3850193100,101,진영하수종말처리장입구교차로,20230519,128.7453213,35.32554926,마마13aa04aa,
3850193400,101,장재교,20230519,128.8092077,35.3255707,마마18bb04aa,
3850194400,104,장재2교,20230519,128.8066229,35.32641272,마마18bb04aa,20
3850195500,103,속성변화점,20230519,128.7597511,35.3332566,마마14ab04bb,20.56358382
3850199700,103,속성변화점,20230519,128.8167995,35.19682348,마라19bb89bb,18.54624277
3850201200,103,속성변화점,20230519,128.7913507,35.28716408,마라17ab99bb,38.34942197
3850204800,106,삼정교,20230519,128.8986236,35.22522166,마라27ab93aa,16.71893064
3850318505,101,망덕리885,20230519,128.8235269,35.21569546,마라20ab91bb,
3850318704,101,농소리656,20230519,128.8283884,35.21081777,마라20bb91ab,
3850321400,104,터널서측,20230519,128.8161603,35.29448531,마마19ba00ba,40.34393064
3850321600,104,한림3터널,20230519,128.8329511,35.29437442,마마21aa00ba,25.5
3850322200,101,광재삼거리,20230519,128.8930929,35.30207609,마마26ba01ba,24.53034682
3850322300,106,광재IC서측,20230519,128.8936382,35.30483807,마마26ba01bb,
3850323100,104,터널남측,20230519,128.9693731,35.2716759,마라33ba98ab,
3850343100,104,나전터널서측,20230519,128.8784203,35.29841992,마마25ab01aa,
3850343200,104,나전터널동측,20230519,128.8870015,35.30110085,마마26aa01ba,
3850348600,101,장유3동주민센터앞,20230519,128.806223,35.1772067,마라18bb87ba,
3850350300,101,파크프라자앞,20230519,128.8205111,35.17896757,마라20aa87bb,
3850350600,101,신문동101-1,20230519,128.8226274,35.1857173,마라20ab88ba,16
3850352200,101,응달동116-1,20230519,128.8379152,35.18019171,마라21bb88aa,
3850364100,101,고모리1527-1,20230519,128.7676882,35.2751519,마라15ab98ab,
3850364500,101,고모리1592,20230519,128.7691131,35.27421868,마라15ab98ab,
3850364700,101,고모리1395,20230519,128.7695756,35.26880262,마라15ab97bb,
3850365300,101,담안리263,20230519,128.7704631,35.26381152,마라15ba97aa,
3850365600,101,고모리1612,20230519,128.7709385,35.26607663,마라15ba97ab,
3850370800,102,본산리1293-19,20230519,128.7465272,35.31652214,마마13ab03aa,
3850371900,101,여래리1008,20230519,128.7382004,35.30694359,마마12ba01bb,
3850372400,101,여래리1006,20230519,128.7361657,35.30769806,마마12ab02aa,
3850372500,101,여래리982,20230519,128.7403278,35.30375686,마마12bb01ba,
3850374900,102,담안리1315,20230519,128.7811248,35.24990481,마라16ba95ba,
3850379000,102,내삼리1350,20230519,128.8138721,35.2336735,마라19ba93bb,21.5
3850379600,102,내삼리763-1,20230519,128.8196841,35.23112382,마라20aa93ba,11
3850379900,102,내삼리763-1,20230519,128.8195842,35.23054889,마라20aa93ba,20
3850380400,102,천곡리69-5,20230519,128.8332579,35.23963963,마라21ab94ba,22
3850381400,101,천곡리1371-12,20230519,128.837995,35.23382364,마라21ba93bb,13.09248555
3850383200,101,구산동1084,20230519,128.86508,35.25597135,마라24aa96ab,26.90751445
3850383600,101,구산동1084,20230519,128.8670798,35.25185515,마라24ab96aa,106
3850385000,101,삼정동585-10,20230519,128.8936902,35.23235751,마라26bb93bb,
3850387500,102,부원역(부산김해경전철),20230519,128.8842731,35.22547918,마라25bb93aa,23.34393064
3850388700,101,삼정동432-3,20230519,128.8989148,35.22677483,마라27ab93ab,10
3850389800,102,외동238-14,20230519,128.8638303,35.22912434,마라24aa93ab,37.31358382
3850390400,101,풍유동810,20230519,128.8515939,35.22321658,마라23aa92bb,16
3850392800,102,무계동99,20230519,128.819397,35.20148546,마라20aa90ab,29.91473988
3850394300,102,관동동1137,20230519,128.8146101,35.17754643,마라19ba87ba,12.68930636
3850394700,101,율하동1416,20230519,128.8155225,35.17502172,마라19bb87ab,20
3850396100,103,속성변화점,20230519,128.8130103,35.1711888,마라19ba87aa,21.78179191
3850396600,102,김해수남고등학교,20230519,128.817235,35.16777254,마라19bb86ba,29
3850398100,101,장유동43-4,20230519,128.8235844,35.17115554,마라20ba87aa,12.46965318
3850398800,102,장유동6-1,20230519,128.8257467,35.1751801,마라20ba87ab,21.09393064
3850400400,101,부원동986,20230519,128.8870227,35.21730836,마라26aa92aa,47
3850400500,104,용산교,20230519,128.892594,35.35738904,마마26ba07bb,15.87427746
3850400900,104,대감분기점교,20230519,128.9791978,35.26976689,마라34ba98aa,
3850402501,101,GS충전소,20230519,128.7971021,35.21543133,마라18aa91bb,
3850404401,101,병동리909-1,20230519,128.7907575,35.29058431,마마17ab00aa,
3850411200,102,농소리644-10,20230519,128.8247978,35.21372914,마라20ba91ba,17
3850410100,101,내덕동20-9,20230519,128.8242428,35.21078815,마라20ba91ab,16.12572254
3850406500,101,내덕동37-6,20230519,128.8164613,35.20819513,마라19bb91aa,
3850407100,101,내덕동77-7,20230519,128.8178342,35.20957884,마라19bb91ab,
3850409300,101,내덕동11-45,20230519,128.8213907,35.21183614,마라20ab91ba,21.52890173
1410007900,105,강서구-김해시,20230519,128.9165145,35.21685074,마라28bb92aa,
3850250600,104,대청터널남측,20230519,128.7828415,35.17503093,마라16bb87ab,
3850250800,104,율하터널동측,20230519,128.8023537,35.169901,마라18ba86bb,
3850252600,101,흥동254-1,20230519,128.8556305,35.21372289,마라23ab91bb,
3850254600,101,불암지하차도교차로,20230519,128.9290412,35.22139774,마라30aa92ba,19.32947977
3850072000,101,내덕동350,20230519,128.8207917,35.20542615,마라20aa90bb,9
3850182900,101,진영리1641,20230519,128.7281998,35.31177297,마마11ba02ab,17
3850393300,101,관동동1128,20230519,128.8045985,35.17509664,마라18bb87ab,13.53034682
3850023802,104,매리2교,20230519,128.9694275,35.31252316,마마33ba02bb,
4180092500,105,김해시-창원시진해구,20230519,128.7794961,35.15929464,마라16ba85ba,
3850071400,101,내덕동350,20230519,128.820359,35.20524098,마라20aa90bb,11.26517341
1410183700,101,식만동397-1,20230519,128.9044451,35.21443625,마라27bb91bb,
3850000401,104,대청1교,20230519,128.7608857,35.18181699,마라14bb88aa,
3850003102,106,내덕동103-4,20230519,128.8328157,35.20584395,마라21ab90bb,
3850003400,106,김해꽃식물원,20230519,128.8290991,35.20601804,마라20bb90bb,
3850003600,106,서김해IC앞,20230519,128.8460348,35.21432793,마라22ba91bb,
3850007000,101,삼정삼거리,20230519,128.8941199,35.22755624,마라26bb93ab,49.50086705
3850010002,101,내삼리763-3,20230519,128.8188418,35.23189411,마라20aa93ba,
3850011400,101,블루베베어린이집,20230519,128.8489014,35.23327327,마라22ba93bb,
3850011402,101,선천교차로,20230519,128.8396539,35.23641328,마라21bb94ab,16.71820809
3850013400,101,생명과학고사거리,20230519,128.857942,35.23717868,마라23ba94ab,
3850013604,104,진례교,20230519,128.7492198,35.24425382,마라13ba95aa,41.4566474
3850014200,101,대성동사거리,20230519,128.8801517,35.23872824,마라25ba94ba,26.61560694
3850016400,101,대한유통,20230519,128.7485724,35.24769524,마라13ba95ab,
3850016502,103,속성변화점,20230519,128.7475688,35.25304432,마라13ab96aa,
3850018901,101,덕산삼거리,20230519,128.9844009,35.27816482,마라34bb99aa,
3850019000,106,대동JC,20230519,128.9847579,35.27705437,마라35aa98bb,
3850020701,101,소업삼거리,20230519,128.7856706,35.2931544,마마16bb00ab,38.99205202
3850024903,104,생림1교,20230519,128.850096,35.35271407,마마22ba07aa,
3850025002,103,속성변화점,20230519,128.9007133,35.35622401,마마27ab07ba,27.37572254
3850025900,104,삼랑진교,20230519,128.8214519,35.37809154,마마20aa09bb,
3850026100,106,상동IC,20230519,128.937994,35.32373678,마마30ba04aa,
3850027400,101,관동동487,20230519,128.8031005,35.1748773,마라18ba87ab,
3850030400,101,관동동488,20230519,128.8030967,35.17643714,마라18ba87ba,
3850030600,101,관동동479,20230519,128.8035764,35.17644224,마라18ba87ba,
3850031200,101,팔판푸르지오6단지입구교차로,20230519,128.7908989,35.1769367,마라17ba87ba,33.23482659
3850032000,101,관동동486,20230519,128.8015616,35.17708949,마라18ba87ba,
3850033200,101,관동공원앞교차로,20230519,128.8011624,35.17744779,마라18ab87ba,40.61849711
3850036700,101,관동동500,20230519,128.7888683,35.17883671,마라17ab87bb,14
3850038900,101,부영9차삼거리,20230519,128.7991212,35.18423684,마라18ab88ab,
3850039400,101,참생공원앞교차로,20230519,128.8001462,35.18577568,마라18ab88ba,
3850039900,101,갑오주공3단지입구교차로,20230519,128.7974105,35.1861362,마라18aa88ba,
3850040600,101,석화꽃무지풀무지유치원,20230519,128.8020044,35.1867359,마라18ba88ba,
3850041100,101,석화꽃무지풀무지어린이집,20230519,128.8028284,35.18696946,마라18ba88ba,
3850042800,101,김해장유8차푸르지오앞교차로,20230519,128.8046545,35.18845185,마라18bb88bb,
3850045700,101,열린하늘교회,20230519,128.795889,35.18955619,마라17bb89aa,
3850046900,101,대청동336,20230519,128.7938098,35.1903097,마라17bb89aa,
3850047000,101,삼문1교,20230519,128.8059255,35.19032319,마라18bb89aa,
3850047100,101,대청공원입구교차로,20230519,128.7961118,35.19036461,마라18aa89aa,
3850047200,101,솔향기어린이집,20230519,128.8027774,35.19036931,마라18ba89aa,
3850047500,101,이동288,20230519,128.8394028,35.19051832,마라21bb89aa,
3850055000,101,레드페이스김해장유점,20230519,128.8038024,35.19471714,마라18ba89ba,
3850056800,101,화목동1431,20230519,128.8433347,35.19593476,마라22ab89bb,
3850056900,101,삼문체육공원삼거리,20230519,128.8031694,35.19604364,마라18ba89ba,
3850058600,101,내원골공원앞교차로,20230519,128.7956716,35.19697562,마라17bb89bb,
3850058800,101,대동앙코르사거리,20230519,128.7982719,35.19703708,마라18aa89bb,14.91184971
3850059200,101,화목짜장앞교차로,20230519,128.8440035,35.19717516,마라22ab89bb,32.16690751
3850060300,101,삼문동803-1,20230519,128.7992983,35.19769739,마라18ab89bb,
3850060500,101,장유능동마을삼거리,20230519,128.7925203,35.19772092,마라17ba89bb,
3850060801,101,장유농협삼거리,20230519,128.8154569,35.19921871,마라19ba90aa,
3850067600,101,코아약국앞교차로,20230519,128.8090378,35.20352628,마라19aa90ba,
3850068000,101,베스트월드앞교차로,20230519,128.8087064,35.20382327,마라19aa90ba,
3850069000,101,장유로교회,20230519,128.8095011,35.20450285,마라19aa90ba,
3850070700,101,예가앞교차로,20230519,128.809579,35.20500214,마라19aa90ba,23.65895954
3850072300,101,새반석교회,20230519,128.8107085,35.20545072,마라19ab90bb,12.90751445
3850073600,101,바위공원앞교차로,20230519,128.8163858,35.20577449,마라19bb90bb,16
3850075700,101,대호산업앞교차로,20230519,128.852117,35.20670044,마라23aa90bb,17
3850077000,101,동심공원앞교차로,20230519,128.8525261,35.20769255,마라23aa91aa,29
3850079000,101,풍유동436,20230519,128.849514,35.20971501,마라22bb91ab,
3850082400,104,유하교,20230519,128.816369,35.21480979,마라19bb91bb,82.58959538
3850084900,101,홍동산업유통상가앞교차로,20230519,128.8629351,35.22089953,마라24aa92ba,
3850085700,101,대영아트빌라앞교차로,20230519,128.859037,35.22129752,마라23ba92ba,
3850086100,101,우림파크빌입구교차로,20230519,128.856241,35.22139472,마라23ab92ba,18.5
3850089200,101,전하오거리,20230519,128.8691387,35.22256851,마라24ba92bb,14
3850090300,104,망덕육교,20230519,128.8347914,35.22418527,마라21ab92bb,8
3850090800,101,태화철강앞교차로,20230519,128.9214343,35.22513953,마라29ab93aa,39
3850091505,101,봉황동125-5,20230519,128.8747718,35.22867503,마라25aa93ab,
3850091900,101,정수정밀앞교차로,20230519,128.9105591,35.22670898,마라28ab93ab,
3850094900,101,협신1급정비앞교차로,20230519,128.9054455,35.22967586,마라27bb93ba,28
3850096200,103,속성변화점,20230519,128.807321,35.23024847,마라18bb93ba,26.34393064
3850096600,101,가야2차아파트앞교차로,20230519,128.8993582,35.23038351,마라27ab93ba,24.28106936
3850098500,101,내삼농공단지앞교차로,20230519,128.8095206,35.23108235,마라19aa93ba,15.43641618
3850098501,101,내삼리1133-1,20230519,128.8132939,35.23217533,마라19ba93bb,
3850102800,101,미화당돼지꿈앞교차로,20230519,128.8976472,35.23258317,마라27aa93bb,
3850103000,101,외동우체국,20230519,128.8574724,35.23284312,마라23ba93bb,
3850103300,101,뜨란채사거리,20230519,128.8599594,35.23288322,마라23ba93bb,
3850107400,101,우주빌라입구교차로,20230519,128.8886197,35.23449366,마라26ab94aa,
3850107900,106,천곡리686-5,20230519,128.8340081,35.2345473,마라21ab94aa,35.71820809
3850108700,101,강남주유소앞교차로,20230519,128.9208542,35.23483202,마라29ab94aa,42.27312139
3850111000,101,대성동고분박물관,20230519,128.8726336,35.23586601,마라24bb94aa,
3850112600,101,송림공원앞교차로,20230519,128.9016348,35.23657519,마라27ba94ab,
3850114700,101,한덕아파트앞교차로,20230519,128.8897802,35.23768446,마라26ab94ab,11.87427746
3850115100,101,안동재래시장앞교차로,20230519,128.914522,35.23782448,마라28ba94ba,40.54263006
3850115300,101,성원교회,20230519,128.8795512,35.23801852,마라25ba94ab,29
3850116600,101,못자리제일선교원,20230519,128.8890479,35.23832231,마라26ab94ba,38
3850116800,103,속성변화점,20230519,128.8982506,35.23836188,마라27aa94ba,26.4349711
3850117100,101,못자리제일선교원,20230519,128.889235,35.23849976,마라26ab94ba,20.43786127
3850117400,101,만장대굿당,20230519,128.8895491,35.23866123,마라26ab94ba,34.68930636
3850118200,101,김해여중삼거리,20230519,128.876912,35.23893395,마라25ab94ba,12.37572254
3850119000,101,해성사사거리,20230519,128.8841879,35.23911906,마라25bb94ba,23
3850121500,101,대영어린이집,20230519,128.8828306,35.24015419,마라25bb94ba,
3850123800,101,한성아파트앞교차로,20230519,128.9120933,35.241343,마라28ab94bb,
3850124800,101,청소년문화의집앞교차로,20230519,128.8787846,35.2420519,마라25ab94bb,
3850124900,101,철이네HOUSE,20230519,128.8814625,35.24207278,마라25ba94bb,
3850126100,101,김해문화의전당입구교차로,20230519,128.8714836,35.24279036,마라24bb95aa,
3850131900,101,경남은행삼방동지점앞교차로,20230519,128.9081887,35.24665021,마라28aa95ab,
3850133100,101,이구삼거리,20230519,128.8753613,35.24868115,마라25aa95ba,21.90751445
3850133700,104,석칠교,20230519,128.8403169,35.24899289,마라21bb95ba,13.09248555
3850135500,101,연지공원역,20230519,128.8698622,35.2500126,마라24ba95bb,10.42052023
3850135600,101,구름송이공원앞교차로,20230519,128.8707537,35.25034108,마라24ba95bb,12
3850137300,101,구산중교앞교차로,20230519,128.8678415,35.2519149,마라24ab96aa,28
3850141300,101,푸르지오꿈모아어린이집,20230519,128.8702405,35.25711386,마라24ba96ba,
3850142800,101,삼계보리밥앞교차로,20230519,128.8667569,35.25834972,마라24ab96ba,
3850144600,103,속성변화점,20230519,128.8136036,35.2593228,마라19ab96bb,38
3850145800,101,미리내공원앞교차로,20230519,128.873825,35.26028742,마라24bb96bb,22.40317919
3850147000,101,삼계동1520-2,20230519,128.8672578,35.26107091,마라24ab97aa,
3850148400,101,김해축산농협삼계가야지점,20230519,128.8726498,35.26146957,마라24bb97aa,
3850149800,101,삼계동1520-6,20230519,128.8691011,35.26228567,마라24ba97aa,
3850151400,101,김해삼계동경찰서앞교차로,20230519,128.8681859,35.26317773,마라24ab97ab,
3850154500,101,분성초교앞교차로,20230519,128.8731729,35.26462723,마라24bb97ab,
3850154900,101,분성고교앞교차로,20230519,128.875136,35.26475673,마라25aa97ab,
3850155500,101,화정부영3단지입구교차로,20230519,128.8714013,35.26561449,마라24ba97ba,
3850156700,101,유정아구찜앞교차로,20230519,128.8643633,35.26764198,마라24aa97bb,90
3850157400,101,진례식당,20230519,128.779125,35.26822921,마라16ab97ba,17
3850158900,102,서천교,20230519,128.7119225,35.26976853,마라10aa97bb,
3850159800,104,상우교,20230519,128.7756246,35.270445,마라16aa97bb,
3850160500,104,당죽교북측,20230519,128.7638729,35.2727267,마라14bb98aa,13.1849711
3850161700,104,고모교,20230519,128.7735067,35.27662046,마라15bb98ba,13.43786127
3850162200,104,모촌교,20230519,128.7692586,35.27929564,마라15ab98bb,16
3850163300,104,사산교,20230519,128.7128653,35.28460163,마라10ab99ab,
3850164300,101,안금2교앞교차로,20230519,128.8854454,35.28655712,마라25bb99bb,
3850164600,101,에스탱크엔지니어링앞교차로,20230519,128.7289003,35.28676,마라11ba99ba,
3850165200,102,대우화학,20230519,128.7714057,35.28898565,마마15ba00aa,
3850165700,104,안금4교앞교차로,20230519,128.8845547,35.29016512,마마25bb00ab,
3850167600,101,애니메이션고교입구교차로,20230519,128.8746592,35.30078242,마마24bb01ab,23.26734104
3850167900,104,효동교,20230519,128.7659997,35.30090579,마마15aa01ab,21.43641618
3850169100,103,속성변화점,20230519,128.8282922,35.30296376,마마20bb01ba,
3850169700,104,안하교,20230519,128.8314056,35.30361902,마마21aa01ba,
3850169900,103,속성변화점,20230519,128.8090755,35.30374866,마마19aa01ba,
3850170101,101,진영여자중학교,20230519,128.7310563,35.30480334,마마11bb01ba,
3850170500,103,속성변화점,20230519,128.7276284,35.3050897,마마11ba01bb,
3850171700,101,수홍하이랜드5차입구교차로,20230519,128.7236821,35.30574695,마마11aa01bb,47.41618497
3850172500,101,부평사거리,20230519,128.7357567,35.30618442,마마12ab01bb,53.14595376
3850173400,101,CU진영삼성점,20230519,128.7250927,35.30671631,마마11ab01bb,
3850176600,101,진영리1650,20230519,128.7247498,35.30750949,마마11ab02aa,
3850177600,101,진영리1661,20230519,128.7339738,35.30798639,마마12aa02aa,19.5
3850178100,101,진영리1620-5,20230519,128.7329044,35.30808333,마마12aa02aa,33
3850180600,104,남포교,20230519,128.70953,35.30871644,마마09bb02aa,34.05635838
3850180800,101,진영리1642,20230519,128.7283457,35.3087492,마마11ba02aa,24.43641618
3850184300,101,축산폐수처리사업소입구교차로,20230519,128.8234667,35.31283537,마마20ab02ba,8
3850186500,101,동아기업입구교차로,20230519,128.7606173,35.31491435,마마14ba02bb,19
3850187100,101,경남자동차종합정비앞교차로,20230519,128.7532251,35.31606251,마마13bb02bb,
3850187800,101,창호설비앞교차로,20230519,128.7553831,35.3171649,마마14aa03aa,
3850191700,101,장방리579-7,20230519,128.791825,35.32412879,마마17ab03bb,
3850192300,101,생태계어린이집,20230519,128.8005889,35.32469847,마마18aa04aa,
3850193600,101,세기공인중개사,20230519,128.800302,35.32565462,마마18aa04aa,
3850198100,102,여차리1557,20230519,128.8989412,35.36156768,마마27aa08aa,26
3850202200,101,진영리319-116,20230519,128.7268627,35.31181963,마마11ba02ab,7.373554913
3850205400,104,불암교,20230519,128.9317859,35.22256047,마라30ab92bb,20
3850205600,104,대동2터널남측,20230519,128.9464841,35.24432295,마라31ba95ab,37
3850288600,106,대청IC,20230519,128.7752183,35.18144566,마라16aa88aa,23.78106936
3850318901,101,세븐일레븐,20230519,128.8309021,35.21210137,마라21aa91ba,
3850319001,101,망덕리887,20230519,128.8300573,35.22117285,마라21aa92ba,
3850319002,101,망덕리887,20230519,128.8295214,35.21804867,마라21aa92aa,
3850320500,104,김해터널남측,20230519,128.74421,35.27157329,마라13aa98aa,28
3850321800,104,한림4터널,20230519,128.8475608,35.29418302,마마22ba00ba,32.3
3850323600,106,대감JC남측,20230519,128.9822761,35.26392328,마라34bb97ba,
3850366300,101,고모리1515,20230519,128.7723255,35.27755974,마라15ba98bb,
3850367600,104,퇴래교(서측),20230519,128.8011779,35.29787717,마마18ab01aa,
3850370600,101,본산리1748,20230519,128.7422275,35.31689707,마마12bb03aa,
3850371400,102,진영리1760,20230519,128.7402153,35.31278918,마마12ba02ba,
3850371600,101,진영리1788,20230519,128.7347907,35.31333908,마마12aa02ba,
3850371700,101,진영리1752,20230519,128.7326284,35.31258915,마마12aa02ba,
3850372900,102,진영리224-123,20230519,128.7321536,35.30062382,마마12aa01ab,
3850374600,102,시례리592-1,20230519,128.7393659,35.25162101,마라12ba95bb,
3850375200,102,담안리1430,20230519,128.7857744,35.24643856,마라16bb95ab,
3850376400,101,병동교차로,20230519,128.7907861,35.28806727,마라17ab99bb,38
3850385500,102,어방동806,20230519,128.8989522,35.23639042,마라27ab94ab,
3850388000,102,김해시청역(부산김해경전철),20230519,128.891453,35.22645815,마라26ba93aa,32.11488439
3850388800,102,삼정동451-2,20230519,128.8981524,35.2267165,마라27aa93ab,35.37586705
3850390200,102,외동904-3,20230519,128.8498315,35.23210724,마라22bb93bb,17.86127168
3850390900,101,풍유동995,20230519,128.845332,35.22245829,마라22ab92ba,28
3850393000,102,무계동553-3,20230519,128.8113852,35.19705257,마라19ab89bb,13
3850396900,102,장유동1429,20230519,128.822097,35.17332195,마라20ab87aa,25.45520231
3850401000,104,대감분기점교,20230519,128.9861703,35.26993906,마라35aa98aa,
3850402301,101,내덕리,20230519,128.8238668,35.20751305,마라20ba91aa,
3850404901,102,명동리산219-6,20230519,128.7960342,35.29357874,마마17bb00ba,
3850059400,101,삼문동800,20230519,128.7990847,35.19728783,마라18ab89bb,
3850108002,101,삼정동22,20230519,128.8915371,35.23480806,마라26ba94aa,
3850318501,101,망덕리885,20230519,128.8214132,35.22060386,마라20ab92ab,
3850410500,101,내덕동7-12,20230519,128.8233021,35.2122369,마라20ab91ba,20.95375723
3850409600,101,내덕동24-36,20230519,128.8241549,35.21003491,마라20ba91ab,32.65606936
3850410000,101,내덕동7-10,20230519,128.8228445,35.21172353,마라20ab91ba,17.90751445
3850410300,101,내덕동69-30,20230519,128.825416,35.21011181,마라20ba91ab,17
3850406700,101,내덕동38-6,20230519,128.8179354,35.20780434,마라19bb91aa,
3850093200,101,영신빌라앞교차로,20230519,128.8704182,35.22852246,마라24ba93ab,
3850250700,104,율하터널서측,20230519,128.7942351,35.17258657,마라17bb87aa,
3850251700,104,녹산터널북측,20230519,128.8292476,35.15994402,마라21aa85bb,
3850201400,104,김해1터널,20230519,128.8086628,35.26351508,마라19aa97aa,33.54768786
3850128300,104,어방교,20230519,128.9065599,35.24391406,마라27bb95aa,21.86127168
3850318705,101,농소리650,20230519,128.8315696,35.20870132,마라21aa91aa,
1410391200,101,미음동217-117,20230519,128.8673683,35.15364944,마라24ba85aa,
3850026900,101,관동교,20230519,128.8028087,35.17383322,마라18ba87ab,
3850389000,101,삼정동353,20230519,128.9019645,35.22705815,마라27ba93ab,34.39739884
3850000200,101,대청동산109-24,20230519,128.7649015,35.18216374,마라15aa88aa,
3850003700,106,냉정JC,20230519,128.7952708,35.21471652,마라17bb91bb,
3850004000,101,양동육교,20230519,128.8060558,35.22035521,마라18bb92ab,
3850004200,106,냉정JC,20230519,128.800006,35.22062193,마라18ab92ab,
3850005400,101,GS25김해주촌,20230519,128.8188581,35.22509955,마라20aa92bb,
3850006100,101,가락로삼거리,20230519,128.8827522,35.22645614,마라25bb93aa,
3850006300,101,호계로사거리,20230519,128.8854159,35.22672736,마라26aa93ab,
3850007702,101,삼정동150-40,20230519,128.9029502,35.22833767,마라27ba93ab,40
3850008300,101,초선대삼거리,20230519,128.9089696,35.22876174,마라28aa93ba,48.10115607
3850008301,104,김해대로교량,20230519,128.908534,35.22874206,마라28aa93ba,
3850008900,101,지내공단사거리,20230519,128.9213049,35.22899202,마라29ab93ba,
3850009901,101,풍림아파트입구교차로,20230519,128.8586762,35.23089579,마라23ba93ba,
3850014100,101,서울우유김해보급소,20230519,128.8598608,35.23872233,마라23ba94ba,36.42052023
3850014300,101,장시마을,20230519,128.963137,35.23833861,마라33aa94ba,14.20086705
3850015000,101,내동사거리,20230519,128.864544,35.24240818,마라24aa94bb,
3850016503,104,시레교,20230519,128.7471677,35.25488558,마라13ab96aa,
3850017001,101,동서남북교회앞교차로,20230519,128.8706977,35.25133196,마라24ba95bb,
3850019400,106,대동JC,20230519,128.9901047,35.28363027,마라35ba99ba,
3850022700,104,진영교,20230519,128.7206966,35.30471699,마마10bb01ba,29.3265896
3850025200,101,성포교,20230519,128.8404232,35.36092636,마마21bb08aa,27.03323699
3850028000,101,관동동490,20230519,128.8023291,35.17539365,마라18ba87ab,24.43641618
3850032200,101,관동동486,20230519,128.8019406,35.1770939,마라18ba87ba,
3850035400,101,관동동480,20230519,128.8002745,35.17822862,마라18ab87bb,
3850036600,101,관동동499,20230519,128.7892416,35.17883258,마라17ab87bb,
3850037100,101,신안초교앞교차로,20230519,128.7896274,35.17919122,마라17ab87bb,
3850037700,101,반석교회앞교차로,20230519,128.8002713,35.17971078,마라18ab87bb,
3850042000,101,금강숯불갈비앞교차로,20230519,128.7936931,35.1880419,마라17bb88bb,
3850044800,104,대청2교,20230519,128.8013203,35.18914779,마라18ab88bb,
3850045300,101,새싹공원앞교차로,20230519,128.7955237,35.1894283,마라17bb89aa,
3850049000,101,그린1차삼거리,20230519,128.8087785,35.19126968,마라19aa89aa,
3850049700,101,아모르빌딩앞교차로,20230519,128.8008131,35.19186259,마라18ab89ab,
3850050500,101,이동284,20230519,128.8412649,35.19250007,마라22aa89ab,
3850050600,101,삼문2교,20230519,128.8069718,35.1925156,마라18bb89ab,
3850052400,101,남해해물탕앞교차로,20230519,128.8052802,35.19332447,마라18bb89ab,
3850052500,101,삼문2교,20230519,128.8077287,35.19332894,마라19aa89ab,
3850053000,101,하늘나라공원앞교차로,20230519,128.8050934,35.19369518,마라18bb89ab,
3850053400,101,방울공원앞교차로,20230519,128.8418277,35.19379628,마라22aa89ba,
3850054600,101,하늘나라공원앞교차로,20230519,128.8059183,35.1943933,마라18bb89ba,
3850058100,101,삼문경찰서앞교차로,20230519,128.7975367,35.19677493,마라18aa89bb,19
3850062000,101,소리공원입구교차로,20230519,128.7985402,35.19838262,마라18aa90aa,59.15317919
3850063400,101,화목동796,20230519,128.8490269,35.19946249,마라22bb90aa,
3850064500,101,화목동789,20230519,128.8483878,35.20075621,마라22ba90ab,23.54624277
3850065000,101,화목동796,20230519,128.8500966,35.20134172,마라22bb90ab,14
3850066400,101,신라생복국앞교차로,20230519,128.8152439,35.20256979,마라19ba90ab,12
3850066500,101,장유농협입구교차로,20230519,128.8013357,35.20274748,마라18ab90ab,23.46965318
3850066600,104,장유터널,20230519,128.7962605,35.20306039,마라17bb90ba,35
3850072800,101,장터국밥촌국수앞교차로,20230519,128.8229786,35.2055622,마라20ab90bb,17
3850073200,101,화목어울림아파트앞교차로,20230519,128.8515801,35.20564037,마라23aa90bb,22
3850073500,101,내덕동351,20230519,128.819473,35.20576967,마라20aa90bb,25.71893064
3850074000,101,내덕동349,20230519,128.8227521,35.20588089,마라20ab90bb,10.02774566
3850076000,101,화목동1123-1,20230519,128.8516746,35.20684785,마라23aa91aa,12.87427746
3850078300,101,일월성앞교차로,20230519,128.8533563,35.20882411,마라23aa91aa,
3850080600,101,흥동291,20230519,128.8512994,35.2118585,마라22bb91ba,24.61849711
3850080700,101,흥동291,20230519,128.8519681,35.21194287,마라23aa91ba,
3850081100,101,흥동292,20230519,128.8523904,35.21280629,마라23aa91ba,76.72774566
3850081800,101,칠산IC연결로교,20230519,128.8505615,35.21408408,마라22bb91bb,71.96098266
3850087400,101,가야그린빌입구교차로,20230519,128.8499148,35.22188902,마라22bb92ba,22.90606936
3850088200,101,농산물품질관리원입구교차로,20230519,128.8550979,35.22215817,마라23ab92ba,33
3850091501,101,봉황동28,20230519,128.8769865,35.22588368,마라25ab93aa,
3850091503,101,경찰서앞삼거리,20230519,128.8810544,35.22628942,마라25ba93aa,
3850094000,101,영신빌라입구교차로,20230519,128.8709276,35.22901743,마라24bb93ab,
3850095200,101,김해골프연습장앞교차로,20230519,128.9179475,35.22988611,마라29aa93ba,13.65606936
3850097600,101,가야아파트앞교차로,20230519,128.9032087,35.23070439,마라27ba93ba,22.95953757
3850097901,101,예안리1483-2,20230519,128.967985,35.23235904,마라33ba93bb,43
3850098600,101,수은사,20230519,128.8778981,35.23113501,마라25ab93ba,25.47109827
3850098800,101,김해활천초교입구교차로,20230519,128.9178359,35.23129181,마라29aa93bb,12
3850101800,101,원당교,20230519,128.8176007,35.23221717,마라19bb93bb,48.18930636
3850103100,101,뜨란채사거리,20230519,128.8604255,35.23285035,마라23bb93bb,
3850103500,101,청구아트입구교차로,20230519,128.9003431,35.23291689,마라27ab93bb,
3850103800,101,신성빌라입구교차로,20230519,128.9015661,35.23301374,마라27ba93bb,
3850107100,103,속성변화점,20230519,128.8330736,35.23447543,마라21ab94aa,
3850107300,101,주사랑교회,20230519,128.8745994,35.23449185,마라25aa94aa,
3850108200,101,경원소방서앞교차로,20230519,128.8657088,35.23465923,마라24ab94aa,47.14017341
3850108800,101,내외동사무소앞교차로,20230519,128.86426,35.23483405,마라24aa94aa,38.68034682
3850109200,101,활천고개사거리,20230519,128.8929534,35.23493024,마라26ba94aa,31.49132948
3850109500,101,원선암,20230519,128.8865733,35.23517721,마라26aa94aa,
3850112000,101,김해방주침례교회,20230519,128.8744343,35.23621488,마라25aa94ab,
3850113700,101,우성하이츠빌라입구교차로,20230519,128.8888921,35.2370334,마라26ab94ab,
3850114400,101,거북공원앞교차로,20230519,128.8647291,35.23728796,마라24aa94ab,46.90895954
3850114900,101,신태양주유소앞교차로,20230519,128.8881389,35.23772431,마라26ab94ab,17
3850117800,101,하늘동산어린이집,20230519,128.8879602,35.23879381,마라26ab94ba,21.87427746
3850118900,101,경원건영아파트앞교차로,20230519,128.8665364,35.23909531,마라24ab94ba,29
3850121800,101,내동중교앞교차로,20230519,128.8582057,35.24027935,마라23ba94ba,
3850122200,101,내동우체국앞교차로,20230519,128.8599862,35.2404107,마라23ba94ba,
3850123400,103,속성변화점,20230519,128.9840952,35.24109684,마라35aa94bb,
3850126400,101,서재골사거리,20230519,128.8826673,35.24283467,마라25bb95aa,
3850128200,101,삼안동사무소앞교차로,20230519,128.9070534,35.24390856,마라28aa95aa,23.80563584
3850129000,101,연지1교사거리,20230519,128.87131,35.24438653,마라24bb95aa,26
3850132900,104,둔덕교,20230519,128.7534805,35.24847777,마라14aa95ba,17.46965318
3850137800,102,어방동993-1,20230519,128.8898947,35.25243044,마라26ab96aa,14.61849711
3850139400,104,상하평교,20230519,128.761942,35.25407764,마라14bb96aa,26.90751445
3850141500,101,관찰교,20230519,128.8683481,35.25727332,마라24ab96ba,
3850141800,101,북부종합상가앞교차로,20230519,128.8701285,35.25744746,마라24ba96ba,
3850142500,103,속성변화점,20230519,128.8774661,35.25808729,마라25ab96ba,
3850143800,101,하동재첩사랑앞교차로,20230519,128.8730009,35.25910984,마라24bb96bb,26.68352601
3850159500,101,농협앞교차로,20230519,128.8646437,35.2699792,마라24aa98aa,
3850159900,101,상우교앞교차로,20230519,128.7756688,35.27060493,마라16aa97bb,
3850162600,103,속성변화점,20230519,128.7152412,35.28179569,마라10ba99aa,10
3850163500,104,동산교,20230519,128.7134906,35.28478168,마라10ab99ab,
3850165400,103,속성변화점,20230519,128.8306743,35.28952124,마마21aa00aa,
3850165500,101,성우정공,20230519,128.8315783,35.28960284,마마21aa00aa,
3850165900,101,나발고개사거리,20230519,128.8690902,35.29184962,마마24ab00ab,23.56358382
3850166800,101,농공단지입구교차로,20230519,128.810108,35.29757242,마마19aa01aa,11
3850170000,102,큐엔텍,20230519,128.7967904,35.30411421,마마17bb01ba,
3850170300,103,속성변화점,20230519,128.82679,35.30460599,마마20ba01bb,
3850170400,101,수홍하이랜드8차입구교차로,20230519,128.7225417,35.30468968,마마11aa01ba,
3850174000,101,진영리1660,20230519,128.7327918,35.30690574,마마12aa01bb,
3850176000,101,진영리1652,20230519,128.7270345,35.30736387,마마11ba02aa,
3850176400,101,진영리1650,20230519,128.7255024,35.30746812,마마11ab02aa,
3850177100,103,속성변화점,20230519,128.9287981,35.30783707,마마29bb02ab,30
3850179500,101,김해진영코아루아파트앞교차로,20230519,128.7321882,35.30842005,마마12aa02aa,33.56213873
3850179700,101,진영리1653,20230519,128.7275276,35.30843587,마마11ba02aa,26
3850180300,101,진영리1646,20230519,128.7259817,35.30859222,마마11ab02aa,41
3850204900,104,동김해TG,20230519,128.8996119,35.2235022,마라27ab92bb,22
3850180700,101,진영리1648,20230519,128.7248783,35.30871924,마마11ab02aa,31.00939306
3850183000,101,화표교앞교차로,20230519,128.8076673,35.31185446,마마18bb02ba,35.5
3850183500,101,문화직물앞교차로,20230519,128.7531381,35.31206064,마마13bb02ba,16
3850185100,101,대한종합상사,20230519,128.7531559,35.31331518,마마13bb02ba,
3850185600,101,세본산정비공업사앞교차로,20230519,128.747108,35.31404234,마마13ab02bb,28
3850188400,101,세동농산입구교차로,20230519,128.7416755,35.31896938,마마12bb03ab,18
3850188900,101,독점교,20230519,128.8292205,35.32000255,마마20bb03ba,39.69075145
3850193800,101,사랑의나눔쌀본사,20230519,128.8022401,35.32578842,마마18ab04aa,
3850194100,101,한림파출소,20230519,128.7984432,35.32598196,마마18aa04aa,23.34393064
3850194200,101,세기공인중개사,20230519,128.8009281,35.32601831,마마18aa04aa,19
3850197700,101,금곡리761-2,20230519,128.810213,35.35229089,마마19aa07aa,17.43641618
3850198800,104,안양1교,20230519,128.8386299,35.37422295,마마21ba09ba,19.25144509
3850199200,102,도요가족극장,20230519,128.8647767,35.38475456,마마23bb10bb,20.03323699
3850205700,104,대동2터널북측,20230519,128.9554318,35.2516993,마라32ab96aa,30.43208092
3850318502,101,망덕리885,20230519,128.8226967,35.22112127,마라20ab92ba,
3850318706,101,농소리650,20230519,128.8336098,35.21115383,마라21ab91ab,
3850319403,101,농소리647,20230519,128.838519,35.21494675,마라21bb91bb,
3850320000,106,진영JC동측,20230519,128.7244173,35.27890671,마라11ab98bb,17.90751445
3850320700,106,진영교차로,20230519,128.7576712,35.30049442,마마14ab01ab,33.09248555
3850321900,104,터널동측,20230519,128.8673816,35.29487579,마마24ab00bb,28.5
3850322900,104,내동천교,20230519,128.9252692,35.29335574,마마29ba00ba,
3850323700,106,대감JC북측,20230519,128.9827867,35.27176047,마라34bb98ab,
3850324000,106,대감JC북측,20230519,128.9843455,35.27210521,마라35aa98ab,
3850343300,106,광재사거리,20230519,128.8925836,35.30404872,마마26ba01bb,
3850348400,101,관동동479,20230519,128.803307,35.17717271,마라18ba87ba,
3850349700,101,율하동1417,20230519,128.8127693,35.17015741,마라19ba86bb,25.31069364
3850349701,101,율하동1417,20230519,128.8119685,35.17063141,마라19ab86bb,
3850351800,101,신문동134-46,20230519,128.831292,35.18774664,마라21aa88bb,
3850364200,101,죽곡리354-2,20230519,128.7686621,35.2835902,마라15ab99ab,
3850366600,101,담안리263,20230519,128.7724375,35.26351903,마라15ba97aa,
3850366900,101,고모리209-2,20230519,128.7737752,35.28010139,마라15bb99aa,
3850368600,101,여차리1613,20230519,128.9013633,35.3558271,마마27ab07ba,
3850369300,102,생철리954-2,20230519,128.8395562,35.3578098,마마21ba07ba,12
3850370100,101,본산리1699,20230519,128.7548764,35.32177161,마마14aa03ba,42
3850373800,103,속성변화점,20230519,128.725854,35.31243913,마마11ab02ba,
3850376100,102,병동리136-1,20230519,128.7990229,35.28731741,마라18aa99bb,21
3850378700,101,주동리568-1,20230519,128.9473105,35.24134852,마라31ba94bb,18
3850381800,101,선지리1003-7,20230519,128.8468068,35.22869927,마라22ba93ab,38.94219653
3850383000,102,삼계동301-15,20230519,128.8624426,35.26262059,마라23bb97aa,31.34393064
3850385200,102,삼정동241,20230519,128.8970649,35.23408234,마라27aa94aa,
3850386000,101,삼방동606,20230519,128.9046641,35.25018892,마라27bb95bb,
3850386300,101,삼방동708-2,20230519,128.9092386,35.25380521,마라28aa96ab,
3850390800,101,풍유동992,20230519,128.8442321,35.22325819,마라22ab92bb,28.87427746
3850391600,102,유하동698-5,20230519,128.8129224,35.21553385,마라19ab91bb,32.09248555
3850392500,101,버스정류장앞사거리,20230519,128.8191845,35.19982731,마라20aa90aa,11.03323699
3850398000,101,장유동97-3,20230519,128.8233469,35.16997234,마라20ba86bb,
3850404601,101,병동리1244,20230519,128.7938837,35.2905216,마마17ba00aa,
3850205900,104,예안천교북측,20230519,128.9576939,35.25432177,마라32ba96ab,34.56054913
3850409800,103,내덕동30-19,20230519,128.8264029,35.20832134,마라20ba91aa,11
3850411300,101,망덕리879-5,20230519,128.8233456,35.2155241,마라20ab91bb,20.03323699
3850407700,101,내덕동33-6,20230519,128.8214158,35.20804837,마라20ab91aa,
3850408000,101,내덕동51-5,20230519,128.8251508,35.20562234,마라20ba90bb,
3850013200,101,메카마트,20230519,128.8304868,35.23683382,마라21aa94ab,
3850093400,103,속성변화점,20230519,128.8910524,35.22870486,마라26ba93ab,
1410009000,104,불암교,20230519,128.9333167,35.22201784,마라30ab92bb,
3850250500,104,대청터널북측,20230519,128.7793419,35.17842377,마라16ab87bb,
3850254900,101,수안교차로,20230519,128.9367264,35.22731935,마라30ba93ab,27
4140080200,101,죽산자동차정비공업사앞교차로,20230519,128.7051869,35.27858699,마라09ba98bb,
4140084700,105,김해시-창원시의창구,20230519,128.7419935,35.32043651,마마12bb03ab,
1410039300,105,강서구-김해시,20230519,128.8886862,35.21480383,마라26ab91bb,
3850321300,104,한림1터널,20230519,128.7999985,35.29800433,마마18aa01aa,42.03323699
3850000700,104,대청2교,20230519,128.7853512,35.18523033,마라17aa88ba,
3850001300,101,호텔파인그로브,20230519,128.797801,35.19255546,마라18aa89ab,
3850006200,101,부원역,20230519,128.884433,35.22662724,마라25bb93aa,
3850006801,101,산본1교차로,20230519,128.7677097,35.22820114,마라15ab93ab,
3850010200,101,부산우유김해3대리점,20230519,128.854496,35.23153452,마라23ab93ba,56.90751445
3850011700,101,동성아파트삼거리,20230519,128.8533336,35.23356515,마라23aa93bb,33
3850012400,101,축협삼거리,20230519,128.8547002,35.23463108,마라23ab94aa,
3850012701,104,초전교,20230519,128.7528895,35.23614215,마라14aa94aa,
3850013101,104,천곡교동측,20230519,128.8317046,35.23696925,마라21aa94ab,
3850017900,101,삼계사거리,20230519,128.8611895,35.26826369,마라23bb97bb,19.28612717
3850018200,101,등리삼거리,20230519,128.7624661,35.27372927,마라14bb98ab,
3850019900,105,김해시-창원시의창구,20230519,128.7046906,35.28890716,마라09ba99bb,25.61040462
3850021400,101,설창사거리,20230519,128.7628176,35.29631774,마마14bb00bb,18.54479769
3850021500,101,레인보우진영점,20230519,128.7610614,35.29647621,마마14ba00bb,
3850021501,101,여래리369-24,20230519,128.7416026,35.30211471,마마12bb01ab,19.8216763
3850022200,101,광대현삼거리,20230519,128.7108913,35.30311833,마마10aa01ba,16.43786127
3850022600,101,진영제1육교,20230519,128.7140502,35.30475307,마마10ab01ba,
3850023900,104,매리1교,20230519,128.9677007,35.31688036,마마33ab03ab,
3850024500,101,신성할인마트,20230519,128.8469503,35.33463696,마마22ab05aa,
3850032400,101,관동동505,20230519,128.7882944,35.17728665,마라17ab87ba,
3850032700,101,농협앞교차로,20230519,128.7960439,35.17739803,마라18aa87ba,
3850034700,101,관동동501,20230519,128.7892522,35.17787541,마라17ab87ba,
3850039800,101,덴마크우유유통대리점,20230519,128.8003995,35.18610199,마라18ab88ba,
3850044400,102,장유임마누엘교회,20230519,128.7923075,35.18907347,마라17ba88bb,
3850044600,101,교통관,20230519,128.7978278,35.18909962,마라18aa88bb,
3850045200,101,진미제주생갈치전문앞교차로,20230519,128.7942678,35.18940745,마라17bb88bb,
3850048000,104,삼문1교,20230519,128.805711,35.1907724,마라18bb89aa,49.90751445
3850050100,103,속성변화점,20230519,128.7968162,35.19237502,마라18aa89ab,
3850050400,101,세계로선교교회,20230519,128.8026498,35.19246073,마라18ba89ab,
3850051001,101,신문동1357-2,20230519,128.8095634,35.19354139,마라19aa89ab,
3850057800,103,속성변화점,20230519,128.8326366,35.196699,마라21ab89bb,49.27225434
3850060000,101,KT김해전화국화목분국앞교차로,20230519,128.843486,35.19757507,마라22ab89bb,
3850062700,101,꽃샘공원앞교차로,20230519,128.848082,35.19889515,마라22ba90aa,22.41763006
3850069500,101,내덕동354,20230519,128.8180091,35.20467544,마라19bb90ba,
3850063200,101,장유능동마을북측교차로,20230519,128.7971977,35.19922968,마라18aa90aa,26.11416185
3850064100,104,장유터널,20230519,128.7926746,35.20030176,마라17ba90aa,74.6666185
3850065100,101,농협앞교차로,20230519,128.8120136,35.20147084,마라19ab90ab,11.12572254
3850065500,101,화목동788,20230519,128.8493732,35.20173095,마라22bb90ab,28
3850068100,101,월산주공11단지입구교차로,20230519,128.8007902,35.20394441,마라18ab90ba,
3850068500,101,내덕동354,20230519,128.818257,35.20431674,마라19bb90ba,
3850070500,101,새반석교회,20230519,128.8100312,35.20487713,마라19aa90ba,13.86849711
3850071300,101,신우모터스,20230519,128.8172171,35.20524021,마라19bb90bb,13
3850074400,101,내덕동349,20230519,128.8216422,35.20624655,마라20ab90bb,
3850075200,101,대신석유앞교차로,20230519,128.8527044,35.20653794,마라23aa90bb,14
3850076100,101,김해교회앞교차로,20230519,128.8510877,35.20696683,마라22bb91aa,12.12572254
3850077300,101,부경플러스앞교차로,20230519,128.8520869,35.20808765,마라23aa91aa,24
3850077701,101,유하동705-25,20230519,128.8149965,35.21354155,마라19ba91ba,
3850080400,101,우리철강앞교차로,20230519,128.8535149,35.21129174,마라23aa91ab,41.92630058
3850081400,104,풍류1교,20230519,128.8434357,35.21352183,마라22ab91ba,84.44306358
3850082500,101,칠산교차로,20230519,128.8548262,35.21486062,마라23ab91bb,80.61054913
3850083500,104,농소1교,20230519,128.837525,35.21716515,마라21ba92aa,
3850084400,101,김해제향군인회앞교차로,20230519,128.8550804,35.22076297,마라23ab92ba,
3850086900,101,칠산서부동사무소입구교차로,20230519,128.8705792,35.22173672,마라24ba92ba,9.453757225
3850087600,101,카페소담,20230519,128.8575846,35.22192596,마라23ba92ba,23.80057803
3850091502,101,경찰서앞삼거리,20230519,128.8792073,35.22610521,마라25ba93aa,
3850097300,101,가야3차아파트앞교차로,20230519,128.9024953,35.23062969,마라27ba93ba,39
3850098200,101,삼성테크,20230519,128.8082849,35.23102944,마라19aa93ba,15
3850098400,102,수은사,20230519,128.8774852,35.23106471,마라25ab93ba,32.7765896
3850102600,101,한독유압앞교차로,20230519,128.9196019,35.23256836,마라29aa93bb,
3850102702,101,삼정동242,20230519,128.896346,35.2330425,마라27aa93bb,
3850103700,101,외동초교입구교차로,20230519,128.8590413,35.23301061,마라23ba93bb,
3850104300,101,덕일섬유앞교차로,20230519,128.9195422,35.23317521,마라29aa94aa,
3850105000,101,근린공원앞교차로,20230519,128.8564324,35.23335001,마라23ab93bb,
3850107200,101,덕산빌라5차입구교차로,20230519,128.9001723,35.23449039,마라27ab94aa,
3850108001,101,활천고개삼거리,20230519,128.8902769,35.23469937,마라26ba94aa,
3850111400,101,송림공원앞교차로,20230519,128.9018178,35.23600762,마라27ba94ab,
3850113100,101,경인빌라입구교차로,20230519,128.9045896,35.2367665,마라27bb94ab,
3850113300,102,내삼리585-5,20230519,128.8193612,35.23679959,마라20aa94ab,4.059248555
3850113400,104,운하교,20230519,128.9831138,35.23686205,마라34bb94ba,26
3850113600,101,경원사거리,20230519,128.8671572,35.23701673,마라24ab94ab,
3850116000,101,원불교원광진양효도교당,20230519,128.8768592,35.23819405,마라25ab94ba,24
3850117000,101,해성사사거리,20230519,128.8843284,35.23845996,마라25bb94ba,27.34393064
3850118400,101,글로벌키즈하우스어린이집,20230519,128.8859206,35.23894965,마라26aa94ba,35.12572254
3850120200,101,아래각단사거리,20230519,128.9042335,35.23962439,마라27bb94ba,23.96531792
3850120500,101,경원교,20230519,128.8728236,35.23976002,마라24bb94ba,24.89017341
3850120900,101,어방동원A삼거리,20230519,128.8996582,35.23998059,마라27ab94ba,31.9132948
3850125400,102,에버그린어린이집,20230519,128.8630809,35.24239933,마라24aa94bb,
3850126700,103,속성변화점,20230519,128.9133084,35.2429733,마라28ba95aa,
3850127800,104,초전교,20230519,128.7526145,35.24370075,마라13bb94bb,13.54190751
3850128400,101,영덕사포교원,20230519,128.9056798,35.24391821,마라27bb95aa,17
3850130500,101,원지교,20230519,128.8333105,35.24563471,마라21ab95ab,27
3850133800,101,삼방삼거리,20230519,128.9042312,35.24905704,마라27bb95bb,15.56213873
3850135000,101,연지공원역2번출구,20230519,128.8698314,35.24976781,마라24ba95bb,35
3850135700,101,구름송이공원앞교차로,20230519,128.871217,35.25036041,마라24ba95bb,32
3850138200,101,구지동원아파트앞교차로,20230519,128.8699589,35.25319252,마라24ba96aa,10.93569364
3850140300,103,속성변화점,20230519,128.8759302,35.2561666,마라25aa96ba,32.56358382
3850140800,103,속성변화점,20230519,128.7663062,35.25662903,마라15aa96ab,35
3850146500,101,금우빌딩앞교차로,20230519,128.8707382,35.26071057,마라24ba97aa,
3850147500,101,부산은행삼계동지점,20230519,128.8695352,35.26122225,마라24ba97aa,
3850148500,101,김해축산농협삼계가야지점,20230519,128.8731147,35.26150349,마라24bb97aa,
3850149700,101,야구장입구교차로,20230519,128.8758888,35.26220006,마라25aa97aa,
3850150200,101,삼계동1519-24,20230519,128.8653479,35.26236314,마라24aa97aa,
3850152700,101,희망공원입구교차로,20230519,128.8728566,35.26355523,마라24bb97ab,
3850153000,101,평강교회,20230519,128.8741366,35.26365113,마라24bb97ab,
3850153700,101,가야중앙교회,20230519,128.8652054,35.26435055,마라24aa97ab,
3850155800,101,금남D&F앞교차로,20230519,128.7505815,35.26622169,마라13ba97ab,23.12572254
3850163700,101,동산교앞교차로,20230519,128.7134334,35.28489479,마라10ab99ab,
3850168800,104,안곡교,20230519,128.838214,35.30245639,마마21ba01ba,
3850169200,104,상소락교,20230519,128.9015707,35.30310186,마마27ab01ba,
3850171200,101,두산목재산업앞교차로,20230519,128.9106337,35.30549867,마마28aa02aa,
3850176500,101,진영리1650,20230519,128.7251422,35.30748867,마마11ab02aa,
3850177400,104,대감교,20230519,128.929495,35.30796004,마마29bb02ab,36.73771676
3850177500,101,금동초교앞교차로,20230519,128.9301826,35.30798298,마마30aa02ab,40.99638728
3850177700,101,진영리1621-5,20230519,128.7343906,35.30798872,마마12aa02aa,13.5
3850178600,101,진영리1659,20230519,128.7321457,35.30814476,마마12aa02aa,22
3850179600,101,진영리1665,20230519,128.7359911,35.30842113,마마12ab02aa,13.96893064
3850182300,101,진영리1667,20230519,128.7358163,35.31066241,마마12ab02ab,28
3850182600,101,GS자이아파트앞교차로,20230519,128.7281202,35.31139697,마마11ba02ab,15.12572254
3850184700,101,세계공인중개사,20230519,128.7357301,35.31312254,마마12ab02ba,28
3850186900,101,화인몰드앞교차로,20230519,128.7454385,35.31599212,마마13aa02bb,27
3850189400,101,한림마을회관,20230519,128.8020308,35.32163016,마마18ab03ba,38.65606936
3850192400,101,학산교,20230519,128.8483456,35.32471793,마마22ba04aa,
3850195600,103,속성변화점,20230519,128.7613466,35.33339707,마마14ba04bb,28
3850196300,104,여차교,20230519,128.8928605,35.33777319,마마26ba05ba,48
3850196400,104,여차교,20230519,128.8930743,35.33778262,마마26ba05ba,
3850196900,102,봉림리830-2,20230519,128.844972,35.33954418,마마22aa05ba,
3850198700,104,안양1교,20230519,128.8384037,35.3741015,마마21ba09ba,20.96228324
3850201500,101,덕암리산187-1,20230519,128.8183581,35.25517992,마라19bb96ab,12
3850255000,106,초정IC,20230519,128.9730846,35.22943664,마라34aa93ba,33.21893064
3850255100,106,초정IC,20230519,128.9802718,35.23432826,마라34ba94aa,19.5
3850288000,106,진례JC,20230519,128.7735056,35.22725069,마라15bb93aa,20.54624277
3850289100,106,대청IC,20230519,128.7823994,35.1802986,마라16bb87bb,20
3850289500,104,굴암터널북측,20230519,128.7847911,35.17413014,마라16bb87ab,22.03323699
3850290000,104,장유1터널남측,20230519,128.7863074,35.18763585,마라17aa88bb,
3850320300,104,김해터널북측,20230519,128.7375676,35.2750367,마라12ba98ab,35.03323699
3850320400,104,터널서측,20230519,128.7408515,35.29309571,마마12bb00ab,75
3850321700,104,안하천교,20230519,128.8418837,35.29425966,마마22aa00ba,34
3850348604,101,관동동1132,20230519,128.8145913,35.17732679,마라19ba87ba,
3850348700,101,김해외국어고등학교앞,20230519,128.8062709,35.17181827,마라18bb87aa,
3850349703,101,율하동1417,20230519,128.8135236,35.16971922,마라19ba86bb,
3850363900,101,고모리1317,20230519,128.7669883,35.26916942,마라15aa97bb,
3850367900,106,한림하이패스IC(진입),20230519,128.8095722,35.29579755,마마19aa00bb,
3850372300,102,여래리1008,20230519,128.7381513,35.30628262,마마12ba01bb,
3850374100,102,담안리549-2,20230519,128.7743878,35.25722061,마라15bb96ab,
3850374800,101,담안리1462-13,20230519,128.7784125,35.24964649,마라16ab95ba,
3850377300,101,하계리759,20230519,128.7271667,35.28021774,마라11ba98bb,10.68930636
3850378900,102,주동리산61-3,20230519,128.9454731,35.24568969,마라31ba95ab,51.5650289
3850383500,102,구산동1088,20230519,128.86538,35.25271338,마라24aa96aa,23.90751445
3850384000,101,내동1084,20230519,128.8674048,35.24845554,마라24ab95ba,18.09248555
3850384200,102,삼계동1435,20230519,128.8632676,35.25950427,마라24aa96bb,20.00144509
3850384400,102,대성동87-8,20230519,128.8744043,35.23842337,마라25aa94ba,
3850385400,101,청석사거리,20230519,128.9000396,35.2357405,마라27ab94ab,
3850385600,102,어방동787,20230519,128.9029268,35.23937345,마라27ba94ba,
3850387300,101,부원동1060,20230519,128.8816815,35.22461284,마라25ba93aa,97
3850387400,101,부원동1060,20230519,128.881831,35.22401144,마라25bb92bb,11
3850393600,102,관동동314-19,20230519,128.8081107,35.17899623,마라19aa87bb,13
3850394400,102,관동동1166,20230519,128.8148476,35.17931291,마라19ba87bb,10
3850394600,101,신문동652-7,20230519,128.8220219,35.18582889,마라20ab88ba,14
3850396500,102,율하동1409,20230519,128.8069983,35.1717387,마라19aa87aa,20.56286127
3850397800,101,장유동43-7,20230519,128.8236761,35.17165337,마라20ba87aa,
3850398400,101,장유동43-16,20230519,128.8239843,35.17260538,마라20ba87aa,18
3850401801,101,덕창산기,20230519,128.7964406,35.21779179,마라17bb92aa,
3850401501,101,유록스,20230519,128.7982554,35.21399196,마라18aa91ba,
3850110400,101,원다낚시마트앞교차로,20230519,128.9039426,35.23556939,마라27ba94ab,
3850405601,101,내삼리1296-3,20230519,128.8117865,35.22563734,마라19ab93aa,
3850411100,101,내덕동676-1,20230519,128.8260286,35.21080575,마라20ba91ab,91
3850408300,101,내덕동80,20230519,128.8229083,35.20775916,마라20ab91aa,
3850408400,101,내덕동51-15,20230519,128.8249956,35.20598382,마라20ba90bb,
3850409000,101,내덕동41,20230519,128.825066,35.20716506,마라20ba91aa,
3850406000,101,산본리산21,20230519,128.7736193,35.23091114,마라15bb93ba,28.5
3850059500,104,무계교,20230519,128.8163037,35.19736315,마라19bb89bb,68.67153179
3850251200,104,삼랑진교남측,20230519,128.830125,35.37850922,마마20bb10aa,
3850251500,101,마사1교,20230519,128.8326882,35.37067461,마마21aa09aa,
3850402001,103,가야양념족발,20230519,128.8429845,35.22579771,마라22aa93aa,
4140083000,105,김해시-창원시의창구,20230519,128.7167758,35.32514836,마마10ba03bb,
3850073900,101,애니카랜드앞교차로,20230519,128.814589,35.20587391,마라19ba90bb,9
3850367300,101,고모리1192-4,20230519,128.7754921,35.27003309,마라16aa97bb,
3850206500,106,대동JC,20230519,128.9850388,35.28454347,마라35aa99bb,25.23699422
3850023200,104,진영육교,20230519,128.7234744,35.30770383,마마11aa02aa,
3850195900,104,오서교,20230519,128.8153058,35.33597093,마마19ba05ab,18.43786127
3850002000,106,장유IC,20230519,128.8110554,35.19528236,마라19ab89ba,
3850007200,101,스타벅스김해대로DT점,20230519,128.8972591,35.22781946,마라27aa93ab,
3850007700,101,수화림앞,20230519,128.9034622,35.22839083,마라27ba93ab,
3850007900,101,동김해지하차도,20230519,128.9048117,35.22850596,마라27bb93ab,45.87066474
3850009000,101,S-Oil반석셀프,20230519,128.8498045,35.22955208,마라22bb93ba,
3850009800,101,에스티앤에이치,20230519,128.7605818,35.23124561,마라14ba93ba,95.11069364
3850009902,101,한국2단지앞교차로,20230519,128.8615134,35.2300494,마라23bb93ba,
3850010600,101,봉황교,20230519,128.8730263,35.23236393,마라24bb93bb,19.66546243
3850010701,101,외동760,20230519,128.8501626,35.23282834,마라22bb93bb,
3850013100,101,천곡교,20230519,128.831112,35.2369013,마라21aa94ab,
3850013605,101,송정리662-2,20230519,128.749884,35.24075308,마라13ba94ba,20.67774566
3850013700,101,김해교회,20230519,128.8808539,35.23766605,마라25ba94ab,
3850014302,104,주중교,20230519,128.9484519,35.23498095,마라31bb94aa,
3850016800,101,연지2교사거리,20230519,128.8685967,35.24878046,마라24ba95ba,
3850019600,101,유목1삼거리,20230519,128.7666191,35.28601427,마라15aa99ba,
3850020500,101,신기삼거리,20230519,128.783597,35.29355896,마마16ba00ba,44.76011561
3850021401,101,설창사거리,20230519,128.7626997,35.29601532,마마14bb00bb,
3850021800,101,송정마을회관,20230519,128.8773285,35.29882461,마마25aa01aa,
3850025003,101,용산마을입구교차로,20230519,128.9030082,35.36285117,마마27ab08ab,
3850027800,101,관동동491,20230519,128.8027286,35.1752406,마라18ba87ab,
3850029900,101,팔판푸르지오4단지입구교차로,20230519,128.7960509,35.17625099,마라18aa87ba,38.04913295
3850030200,101,관동동488,20230519,128.8015716,35.17643051,마라18ba87ba,
3850032500,101,관동동503,20230519,128.7889076,35.17728989,마라17ab87ba,
3850034900,101,예그린유치원,20230519,128.7900194,35.17787903,마라17ab87ba,
3850035200,101,도당공원앞교차로,20230519,128.7888713,35.17811144,마라17ab87ba,
3850038200,101,갑오부영6단지입구교차로,20230519,128.7997074,35.18173349,마라18ab88aa,
3850038600,101,갑오부영5단지입구교차로,20230519,128.7952886,35.18290379,마라17bb88ab,
3850040900,104,계동교,20230519,128.7933538,35.18688619,마라17bb88ba,
3850042500,104,마찰교,20230519,128.8359248,35.18833077,마라21ba88bb,
3850046000,101,대청동340,20230519,128.7949954,35.1896525,마라17bb89aa,
3850046800,101,이동711-3,20230519,128.8375852,35.19020483,마라21bb89aa,38.50722543
3850047400,101,대청로교회앞교차로,20230519,128.7941719,35.19049434,마라17bb89aa,77.81531792
3850051800,101,이동773-1,20230519,128.8404856,35.19305836,마라22aa89ab,40.56358382
3850052000,101,수변공원앞교차로,20230519,128.8073534,35.1931069,마라19aa89ab,
3850052200,101,장유그린골프삼거리,20230519,128.7946985,35.19323108,마라17bb89ab,
3850052600,101,방울공원앞교차로,20230519,128.8422693,35.19344792,마라22aa89ba,
3850054200,101,연세우유김해장유대리점,20230519,128.8068114,35.19425679,마라18bb89ba,
3850058400,101,장유능동마을서측교차로,20230519,128.7939625,35.19686704,마라17bb89bb,
3850059000,101,정인테크앞교차로,20230519,128.8462112,35.19715156,마라22ba89bb,
3850060100,101,삼문동803-1,20230519,128.79894,35.19757718,마라18aa89bb,
3850061100,101,삼문동803-1,20230519,128.8000395,35.19793971,마라18ab89bb,
3850061600,101,삼문고교앞교차로,20230519,128.7977363,35.19812578,마라18aa89bb,
3850063600,101,장유농협삼거리,20230519,128.8152338,35.19970338,마라19ba90aa,
3850063900,101,케이씨통상앞교차로,20230519,128.8476272,35.19999082,마라22ba90aa,71.04190751
3850064900,101,꼬꼬마공원앞교차로,20230519,128.8487952,35.2011532,마라22bb90ab,
3850065800,101,대동3단지삼거리,20230519,128.8114203,35.20201844,마라19ab90ab,25.76445087
3850066000,101,GS화목주유소앞교차로,20230519,128.8505421,35.20216144,마라22bb90ab,24.33699422
3850066900,101,부산은행앞교차로,20230519,128.8094661,35.20314651,마라19aa90ba,30.24421965
3850068900,101,대동2단지사거리,20230519,128.8088221,35.20445763,마라19aa90ba,
3850069700,101,내덕동350,20230519,128.8201512,35.20470138,마라20aa90ba,
3850070300,101,제자교회앞교차로,20230519,128.8152024,35.2048601,마라19ba90ba,28
3850071100,101,장유침례교회앞교차로,20230519,128.8106391,35.20513753,마라19ab90bb,17
3850071800,101,화목동785,20230519,128.8522934,35.20539174,마라23aa90bb,7
3850073100,101,내덕동348,20230519,128.8235304,35.20562839,마라20ab90bb,18
3850074700,101,GM대우바로정비앞교차로,20230519,128.815875,35.20639197,마라19bb90bb,21
3850076900,101,화목동785,20230519,128.8529836,35.20756225,마라23aa91aa,19.90751445
3850078000,102,하림상사,20230519,128.8489749,35.20861852,마라22bb91aa,48.12861272
3850079400,101,화목교회앞교차로,20230519,128.8529987,35.21014302,마라23aa91ab,
3850079800,101,장유제일주유소앞교차로,20230519,128.8013561,35.21086944,마라18ab91ab,26.49132948
3850081000,101,칠산파출소앞교차로,20230519,128.8517589,35.2127286,마라23aa91ba,73.22687861
3850081600,104,농소2교,20230519,128.8426557,35.21369899,마라22aa91bb,84.28395954
3850084100,101,청호빌라3차입구교차로,20230519,128.8576468,35.22074458,마라23ba92ba,
3850084700,101,흥동평리마을사거리,20230519,128.8617105,35.22083484,마라23bb92ba,
3850085100,101,김해중앙침례교회,20230519,128.8643798,35.22098156,마라24aa92ba,
3850086600,101,제일베스트빌앞교차로,20230519,128.8643105,35.22158055,마라24aa92ba,21
3850086700,101,청호빌라9차앞교차로,20230519,128.8525853,35.22167011,마라23aa92ba,26.28757225
3850091000,101,한국칼라강재앞교차로,20230519,128.9189624,35.2252365,마라29aa93aa,18
3850091100,101,한국가스공사앞교차로,20230519,128.9153373,35.22540446,마라28bb93aa,16
3850092400,101,부산식당앞교차로,20230519,128.918369,35.22771871,마라29aa93ab,
3850095100,101,부원동73-3,20230519,128.888133,35.22977995,마라26ab93ba,16
3850095800,101,자동차마당앞교차로,20230519,128.9212862,35.23003373,마라29ab93ba,15
3850097400,101,가야테크앞교차로,20230519,128.9197354,35.2306388,마라29aa93ba,28.99132948
3850100300,101,지내4차동원아파트앞교차로,20230519,128.923911,35.23175995,마라29ba93bb,36.68208092
3850101500,101,외동초교앞교차로,20230519,128.857332,35.23215463,마라23ba93bb,34.49855491
3850102900,101,한성학원앞교차로,20230519,128.8990655,35.23281938,마라27ab93bb,
3850103401,101,삼정동240,20230519,128.8989883,35.233692,마라27ab94aa,
3850103600,101,동서그랜저빌라앞교차로,20230519,128.9009768,35.23296261,마라27ab93bb,
3850105800,101,한성기업앞교차로,20230519,128.9176302,35.2339008,마라28bb94aa,
3850106000,101,삼성초교입구교차로,20230519,128.8993491,35.2339651,마라27ab94aa,
3850110201,101,동상동680,20230519,128.8883914,35.23660139,마라26ab94ab,
3850110800,101,중앙정형외과의원앞교차로,20230519,128.9188765,35.23582553,마라29aa94ab,
3850114100,102,엘케이솔루션,20230519,128.7759936,35.2371485,마라16aa94ab,50.41618497
3850114200,101,경운초교삼거리,20230519,128.8612679,35.23717623,마라23bb94ab,52.37861272
3850118000,102,정토사,20230519,128.9179538,35.23882473,마라29aa94ba,16
3850120100,101,금창빌라앞교차로,20230519,128.9173667,35.2395775,마라28bb94ba,9.690751445
3850123500,101,홈플러스사거리,20230519,128.868463,35.24118606,마라24ba94bb,
3850124200,101,참좋은교회,20230519,128.8833165,35.24140051,마라25bb94bb,
3850125600,101,할천소라아파트앞교차로,20230519,128.9052386,35.24244628,마라27bb95aa,
3850126500,101,문화삼거리,20230519,128.8693892,35.24292463,마라24ba95aa,
3850127100,101,삼방대동A사거리,20230519,128.9104712,35.24321545,마라28ab95aa,13.8150289
3850128600,101,일우빌라앞교차로,20230519,128.8635488,35.24408831,마라24aa95aa,26
3850130000,101,인제삼거리,20230519,128.9039123,35.24536618,마라27ba95ab,10
3850130200,101,삼방시장앞교차로,20230519,128.9084982,35.24545671,마라28aa95ab,21
3850130900,104,원지교,20230519,128.8345011,35.24582539,마라21ab95ab,
3850132300,101,구산시영아파트입구교차로,20230519,128.8729467,35.24703096,마라24bb95ab,27
3850132400,101,고운어린이교실앞교차로,20230519,128.8709093,35.24705912,마라24ba95ab,13
3850133900,103,속성변화점,20230519,128.9051628,35.24911654,마라27bb95bb,28
3850135300,101,연지공원역,20230519,128.8692927,35.24992446,마라24ba95bb,15.53034682
3850136200,101,GS25S연지공원역점,20230519,128.8688817,35.25090854,마라24ba95bb,12.93713873
3850137900,101,나폴리횟집앞교차로,20230519,128.7507958,35.25252389,마라13bb95bb,11.12572254
3850138500,104,삼방교,20230519,128.9028809,35.2535807,마라27ba96ab,36.31069364
3850139700,104,옥천교,20230519,128.8252478,35.25477659,마라20ba96ab,33.56358382
3850141400,101,한일유엔아이아파트앞교차로,20230519,128.8677475,35.257131,마라24ab96ba,
3850142400,101,김해보훈회관사거리,20230519,128.8729043,35.25801531,마라24bb96ba,
3850143900,101,청해횟집앞교차로,20230519,128.8656747,35.25916539,마라24aa96bb,34.40231214
3850145900,101,화정공원입구교차로,20230519,128.8656772,35.26030219,마라24aa96bb,26.2283237
3850146700,101,금천집앞교차로,20230519,128.8727266,35.26086719,마라24bb97aa,
3850151800,101,삼계동1520-5,20230519,128.8700048,35.2633389,마라24ba97ab,33
3850153300,101,김해장애인종합복지관앞교차로,20230519,128.8756861,35.26376913,마라25aa97ab,
3850156400,101,감천교앞교차로,20230519,128.9929255,35.26711164,마라35bb97bb,107
3850156900,101,금진회집앞교차로,20230519,128.8639109,35.26765321,마라24aa97bb,5
3850158300,101,홀마트김해점앞교차로,20230519,128.8647106,35.26914918,마라24aa97bb,
3850160600,101,두곡교,20230519,128.8641703,35.27261396,마라24aa98ab,26.12572254
3850160800,104,김해터널,20230519,128.7391713,35.27482502,마라12ba98ab,15.74710983
3850162300,101,신천리244-2,20230519,128.8340439,35.27969099,마라21ab99aa,15.56213873
3850162800,104,우동교,20230519,128.7151672,35.28196859,마라10ba99aa,15
3850164800,101,성진테크앞교차로,20230519,128.7702788,35.28736126,마라15ba99bb,
3850167100,102,음폐수바이오가스,20230519,128.7772904,35.29890751,마마16aa01aa,28
3850167800,101,차세대종합정비,20230519,128.8758079,35.30090024,마마25aa01ab,13
3850170100,101,새마을금고진영지점앞교차로,20230519,128.7347033,35.30448372,마마12ab01ba,
3850170600,102,은가비어린이집,20230519,128.7243558,35.30509556,마마11ab01bb,
3850170800,101,수홍하이랜드8차앞교차로,20230519,128.7225741,35.30524601,마마11aa01bb,
3850172800,101,수홍하이랜드5차입구교차로,20230519,128.7237382,35.3062817,마마11ab01bb,45.3316474
3850175200,101,진영리1663,20230519,128.7350066,35.30728898,마마12ab02aa,
3850176300,101,진영리1651,20230519,128.7258872,35.30743373,마마11ab02aa,
3850177000,101,진영리1665,20230519,128.7359139,35.30782802,마마12ab02aa,31.89306358
3850177300,101,대감교,20230519,128.9291561,35.30794242,마마29bb02ab,18.5
3850179100,101,진영리1658,20230519,128.7337504,35.30830038,마마12aa02aa,36.35028902
3850184200,104,화포교,20230519,128.8081754,35.31282672,마마18bb02ba,60
3850184900,101,화은사앞교차로,20230519,128.809273,35.31325832,마마19aa02bb,53
3850185000,102,우계마을회관,20230519,128.9070672,35.3132878,마마27bb02bb,33
3850185300,104,화포교,20230519,128.8091073,35.31393241,마마19aa02bb,22.12572254
3850185400,104,화포교,20230519,128.8087396,35.3139402,마마18bb02bb,27.67413295
3850186100,106,상동IC삼거리,20230519,128.9406496,35.31401633,마마30bb03aa,16
3850186600,101,대신물산앞교차로,20230519,128.7579124,35.31511144,마마14ab02bb,45
3850186800,101,부일이엔씨앞교차로,20230519,128.7437358,35.3159336,마마13aa02bb,40
3850187700,104,화포2교,20230519,128.8075226,35.31709061,마마18bb03aa,
3850188100,101,장방리228-131,20230519,128.8028729,35.31826795,마마18ab03ab,15
3850188200,101,장방리1253-122,20230519,128.8024998,35.31842566,마마18ab03ab,16
3850188402,101,본산리1183-9,20230519,128.742648,35.31960335,마마12bb03ab,
3850189700,101,한림면보건지소앞교차로,20230519,128.8012115,35.32215398,마마18ab03ba,21
3850191500,101,공립한림어린이집,20230519,128.8017942,35.32407431,마마18ab03bb,
3850191800,101,생태계어린이집,20230519,128.801134,35.32419716,마마18ab03bb,
3850194500,101,한주시스템창호,20230519,128.7981684,35.32650382,마마17bb04aa,22.56358382
3850195100,101,대항교,20230519,128.7954194,35.33058987,마마17ba04ba,20.12572254
3850203500,104,김해육교,20230519,128.8853075,35.22403675,마라26aa92bb,21.9833815
3850203800,106,동김해IC,20230519,128.8922246,35.22533889,마라26ba93aa,22.87427746
3850289700,104,관동터널남측,20230519,128.7853182,35.1800565,마라17aa87bb,18
3850319900,106,진영JC북측,20230519,128.7204876,35.28089223,마라10bb99aa,22
3850324900,103,속성변화점,20230519,129.0038723,35.27214954,마라36bb98ab,
3850350100,101,관동초등학교앞,20230519,128.8161928,35.17778942,마라19bb87ba,26.5734104
3850351100,101,신문동780-2,20230519,128.8251417,35.17847646,마라20ba87bb,18
3850363801,101,담안리1592,20230519,128.7666008,35.26732752,마라15aa97ba,
3850365100,101,담안리240-10,20230519,128.7701006,35.26208671,마라15ba97aa,
3850366100,101,담안리240-14,20230519,128.7715255,35.26185341,마라15ba97aa,
3850366701,101,고모리1604,20230519,128.7730504,35.26639464,마라15bb97ba,
3850367800,104,퇴래천교(서측),20230519,128.8091871,35.29629112,마마19aa00bb,
3850369500,102,금곡리779-1,20230519,128.8088589,35.35045209,마마18bb06bb,
3850371300,102,진영리1760,20230519,128.7390279,35.31229756,마마12ba02ba,
3850372000,102,진영리991,20230519,128.7420776,35.30995618,마마12bb02ab,
3850375100,102,담안리1412-10,20230519,128.785387,35.24838001,마라16bb95ba,
3850376900,102,병동리570,20230519,128.7928735,35.28309284,마라17ba99ab,13
3850377200,102,병동리635,20230519,128.7960482,35.28201799,마라17bb99ab,16.34393064
3850380500,101,천곡리131-27,20230519,128.8330204,35.23809813,마라21ab94ab,15.87427746
3850386600,102,안동116-1,20230519,128.918363,35.23801537,마라29aa94ba,
3850393200,102,대청동1099-2,20230519,128.8048859,35.18597043,마라18bb88ba,22.09248555
3850393800,101,관동동1135,20230519,128.8146101,35.17584662,마라19ba87ba,49
3850395400,101,율하동1419,20230519,128.81601,35.17243035,마라19bb87aa,29
3850396000,103,속성변화점,20230519,128.8143852,35.17262198,마라19ba87aa,38.3
3850396700,103,속성변화점,20230519,128.8186598,35.16974733,마라20aa86bb,29.6199422
3850397200,101,장유동342,20230519,128.8290214,35.16901415,마라21aa86bb,
3850404501,101,병동리908-9,20230519,128.7916655,35.29089131,마마17ab00ab,
3850401400,101,응달동 171-7,20230519,128.8334776,35.17985498,마라21ab87bb,
3850405001,101,명동리1386-2,20230519,128.7999767,35.29392074,마마18aa00ba,
3850410200,101,내덕동20-11,20230519,128.8246493,35.21054717,마라20ba91ab,58
3850318200,101,우리부동산,20230519,128.8198115,35.22978063,마라20aa93ba,
3850404301,101,원남목재수출포장,20230519,128.8708535,35.2008733,마라24bb90ab,
3850092700,101,극단이루마아트홀,20230519,128.8839222,35.22803232,마라25bb93ab,
3850250100,101,진영교차로,20230519,128.728237,35.31547816,마마11ba02bb,
3850252300,101,대한철강,20230519,128.8484126,35.34345666,마마22ba06aa,
4140082200,104,남포교,20230519,128.7094237,35.30916794,마마09bb02aa,
3850111100,104,활천교사거리,20230519,128.909313,35.2359474,마라28aa94ab,
1410182600,101,부원교차로,20230519,128.8891967,35.21347783,마라26ab91bb,
3850000400,104,창원터널,20230519,128.7584522,35.18273193,마라14ba88aa,
3850001600,101,경남은행대청지점,20230519,128.8000808,35.19329899,마라18ab89ab,
3850004400,106,서김해IC,20230519,128.8428514,35.22121318,마라22aa92ba,
3850007701,101,인제대역2번출구,20230519,128.9021617,35.22826379,마라27ba93ab,38.31878613
3850008600,101,동산보청기,20230519,128.9106679,35.22887658,마라28ab93ba,
3850010300,101,여객터미널앞사거리,20230519,128.8722486,35.23196036,마라24bb93bb,53.13078035
3850013701,101,김해교회,20230519,128.8806408,35.23800352,마라25ba94ab,
3850016501,101,CU김해클레이아크점,20230519,128.7476999,35.25211735,마라13ba95bb,
3850017901,101,조은금강병원사거리,20230519,128.8637701,35.2646191,마라24aa97ab,
3850018301,103,속성변화점,20230519,128.8492664,35.27309611,마라22ba98ab,
3850018904,101,대감육교앞교차로,20230519,128.9814239,35.27038148,마라34ba98aa,
3850021601,101,나전리1094-11,20230519,128.8706169,35.29237508,마마24ba00ba,38.2765896
3850025001,103,속성변화점,20230519,128.9010583,35.35325235,마마27ab07ab,37.29248555
3850030100,101,관동동488,20230519,128.8019503,35.17642828,마라18ba87ba,
3850031000,101,관동동504,20230519,128.790415,35.17656789,마라17ba87ba,
3850037200,101,관동동500,20230519,128.7888684,35.17919363,마라17ab87bb,
3850038100,101,갑오부영7단지입구교차로,20230519,128.7960141,35.18132556,마라18aa88aa,
3850038500,101,갈맬산폭포수기도원앞교차로,20230519,128.7681878,35.18260514,마라15ab88aa,
3850041300,101,버드소리장유점,20230519,128.8036509,35.18719402,마라18ba88bb,
3850043300,101,대청동337,20230519,128.7933534,35.18871321,마라17bb88bb,
3850043400,101,새싹공원입구교차로,20230519,128.7945991,35.1887211,마라17bb88bb,
3850044300,101,담레스토랑앞교차로,20230519,128.7944279,35.18906172,마라17bb88bb,
3850046500,101,기산꼼장어앞교차로,20230519,128.8029444,35.1900326,마라18ba89aa,72.58800578
3850048800,101,피자에땅장유점앞교차로,20230519,128.8039735,35.19106466,마라18ba89aa,
3850050000,101,이동283,20230519,128.8417852,35.19211623,마라22aa89ab,43.80794798
3850051500,101,삼문교회앞교차로,20230519,128.8054729,35.19292798,마라18bb89ab,
3850054300,101,장신교차로,20230519,128.8048026,35.19432693,마라18bb89ba,
3850057300,101,장유위더랜드사거리,20230519,128.7960151,35.19625515,마라17bb89bb,20.98554913
3850058200,101,대청마루앞교차로,20230519,128.7962546,35.19683045,마라18aa89bb,53
3850059100,101,내원골공원앞교차로,20230519,128.7960819,35.19716996,마라17bb89bb,33.8966763
3850061200,101,삼문고교앞교차로,20230519,128.7973473,35.19799988,마라18aa89bb,
3850061700,103,속성변화점,20230519,128.7940478,35.19822022,마라17bb89bb,
3850068600,101,C&C24앞교차로,20230519,128.8139365,35.20431803,마라19ba90ba,
3850068800,101,롯데칠성음료앞교차로,20230519,128.8193073,35.20434954,마라20aa90ba,
3850071000,101,월산중교앞교차로,20230519,128.8023667,35.20507737,마라18ba90ba,26
3850075300,101,내덕동351,20230519,128.8196554,35.20660461,마라20aa90bb,14.04624277
3850077400,101,아이공원앞교차로,20230519,128.8511107,35.20809566,마라22bb91aa,21
3850078700,101,풍유동436,20230519,128.8497091,35.20914036,마라22bb91ab,
3850082600,104,신답교,20230519,128.831244,35.21501094,마라21aa91bb,51.64378613
3850083300,102,S-Oil나들목,20230519,128.8394383,35.21692013,마라21bb92aa,41.08598266
3850085900,101,명덕골드빌앞교차로,20230519,128.8604383,35.22131305,마라23bb92ba,
3850086500,101,청호빌라6차입구교차로,20230519,128.8537491,35.22157816,마라23aa92ba,22.82210983
3850087800,101,선조어서각앞교차로,20230519,128.861595,35.22195746,마라23bb92ba,
3850090400,103,속성변화점,20230519,128.8039599,35.22444885,마라18ba92bb,17
3850090900,101,전하교,20230519,128.8746839,35.22522143,마라25aa93aa,21.81141618
3850201300,104,김해터널,20230519,128.8032988,35.27657804,마라18ba98ba,25.48554913
3850131600,101,강변교,20230519,128.7685958,35.24651976,마라15ab95ab,
3850098900,101,경동아파트앞교차로,20230519,128.8871953,35.23130063,마라26aa93bb,32
3850100200,101,왕성교회,20230519,128.8777326,35.23173232,마라25ab93bb,14.93265896
3850101100,101,초정리1035-1,20230519,128.9870094,35.23204085,마라35ab93bb,33.59913295
3850101700,101,김해중교앞교차로,20230519,128.8845906,35.23221561,마라25bb93bb,44.41112717
3850102500,101,대용하이테크앞교차로,20230519,128.917762,35.23247486,마라29aa93bb,
3850103200,101,하남빌라입구교차로,20230519,128.8996928,35.23286406,마라27ab93bb,
3850106300,101,성진일렉트론앞교차로,20230519,128.9210456,35.23410985,마라29ab94aa,
3850110700,101,김해방주침례교회,20230519,128.8744869,35.23572384,마라25aa94aa,
3850111300,101,송림공원앞교차로,20230519,128.9010634,35.23595466,마라27ab94ab,
3850115400,101,송현리1289-36,20230519,128.7741181,35.2380213,마라15bb94ab,11.7933526
3850115500,101,경인빌라입구교차로,20230519,128.9036538,35.23803709,마라27ba94ba,13.72543353
3850116700,101,내동지석묘앞교차로,20230519,128.8584705,35.23835291,마라23ba94ba,18
3850116900,101,현대3차사거리,20230519,128.8623914,35.23844773,마라23bb94ba,17.56358382
3850119200,101,명성빌라앞교차로,20230519,128.8594757,35.23917386,마라23ba94ba,10.8265896
3850121600,101,김해향교앞교차로,20230519,128.8815463,35.24020731,마라25ba94ba,
3850125700,101,다솜조명백화점앞교차로,20230519,128.903993,35.24249481,마라27ba95aa,
3850126300,101,백운공원,20230519,128.8809252,35.24283165,마라25ba95aa,
3850129200,101,은혜교회,20230519,128.8650475,35.24466157,마라24aa95aa,27
3850129300,101,홍익그린빌라입구교차로,20230519,128.8645493,35.24488836,마라24aa95aa,16.5
3850131700,101,삼방교,20230519,128.9077396,35.24653456,마라28aa95ab,
3850133000,101,진례면보건소앞교차로,20230519,128.7515587,35.24866707,마라13bb95ba,15.12572254
3850134400,101,현대병원장례식장,20230519,128.8716503,35.24924333,마라24bb95ba,35
3850134900,101,효원앞교차로,20230519,128.8707579,35.24974982,마라24ba95bb,119
3850136000,102,덕암리산223-4,20230519,128.816816,35.25085816,마라19bb95bb,20.56358382
3850136100,101,구산중교앞교차로,20230519,128.8694661,35.25090072,마라24ba95bb,12
3850136500,101,구산주공3단지입구교차로,20230519,128.8751264,35.25112792,마라25aa95bb,28.6632948
3850138000,103,속성변화점,20230519,128.871841,35.25253617,마라24bb96aa,30.85982659
3850141200,103,속성변화점,20230519,128.8768088,35.25700575,마라25aa96ba,
3850143500,101,호텔마실,20230519,128.8714724,35.25883547,마라24bb96bb,
3850144800,101,푸르지오2차아파트앞교차로,20230519,128.8673012,35.25974589,마라24ab96bb,17.53034682
3850146100,101,화정교,20230519,128.8671416,35.26042452,마라24ab96bb,20.3150289
3850146600,101,김해동물병원앞교차로,20230519,128.8720028,35.26080719,마라24bb97aa,
3850147600,101,천문대삼거리,20230519,128.8982675,35.26123331,마라27aa97aa,
3850151200,101,분성교,20230519,128.8666741,35.26309175,마라24ab97ab,
3850151700,101,삼계동1520-5,20230519,128.8695308,35.26330114,마라24ba97ab,13.31069364
3850153600,101,가야중앙교회,20230519,128.865002,35.26424647,마라24aa97ab,
3850156800,101,삼계보리밥앞교차로,20230519,128.8635018,35.26765152,마라24aa97bb,29
3850157300,101,삼계교,20230519,128.862723,35.26779096,마라23bb97bb,40
3850159300,101,감분교,20230519,128.8629502,35.26993555,마라23bb98aa,
3850161200,101,상아기공앞교차로,20230519,128.7762822,35.27564922,마라16aa98ba,17.38800578
3850162002,101,하계리459-3,20230519,128.7255561,35.28075193,마라11ab99aa,
3850163902,101,병동리778-5,20230519,128.7914409,35.28518068,마라17ab99ba,
3850164500,104,안금2교,20230519,128.8852116,35.28669191,마라25bb99bb,
3850167400,103,속성변화점,20230519,128.7980192,35.30059074,마마18aa01ab,25
3850168100,101,베네스빌라2단지앞교차로,20230519,128.73434,35.30113579,마마12aa01ab,29.75722543
3850169800,101,안하교,20230519,128.8287084,35.3036373,마마20bb01ba,
3850171002,101,진영리1347-3,20230519,128.7178836,35.30714792,마마10ba01bb,
3850171600,104,어용교,20230519,128.8233908,35.30573712,마마20ab01bb,48.85982659
3850173200,101,북구사거리,20230519,128.7264331,35.30663025,마마11ab01bb,46.39595376
3850175900,101,본산입구삼거리,20230519,128.7466382,35.30736012,마마13ab02aa,
3850176700,101,진영리1650,20230519,128.7243769,35.30756016,마마11ab02aa,
3850178400,101,진영리1620-3,20230519,128.7325444,35.30812026,마마12aa02aa,25
3850179300,101,진영리1654,20230519,128.7283194,35.30837673,마마11ba02aa,34.12572254
3850179400,101,진영리1653,20230519,128.7279477,35.3084082,마마11ba02aa,33.56213873
3850182200,101,진영리1667,20230519,128.7362377,35.31065823,마마12ab02ab,35.1566474
3850184600,101,코피코앞교차로,20230519,128.7549032,35.31309752,마마14aa02ba,22.87427746
3850184800,101,월드테크앞교차로,20230519,128.7578091,35.31316241,마마14ab02ba,78
3850188800,102,약수암,20230519,128.8040707,35.31999501,마마18ba03ab,29.24205202
3850189900,101,모정숯불갈비앞교차로,20230519,128.8018439,35.32275443,마마18ab03bb,13.03323699
3850192500,104,봉림교,20230519,128.8487631,35.32476967,마마22ba04aa,
3850192800,102,한림문화마을공영주차장,20230519,128.8031983,35.32513426,마마18ab04aa,
3850195000,101,MS주유소앞교차로,20230519,128.7541085,35.32911651,마마13bb04ab,21.56213873
3850198500,101,북곡마을입구교차로,20230519,128.8252352,35.37246135,마마20ab09ab,22
3850202500,101,천곡교,20230519,128.8323123,35.23700755,마라21aa94ab,18
3850288200,106,진례JC,20230519,128.7742217,35.22745196,마라15bb93aa,7
3850289400,104,대청TG,20230519,128.7836802,35.17974134,마라16bb87bb,59
3850289600,106,대청IC,20230519,128.785051,35.17730533,마라17aa87ba,15
3850318400,101,한미프렉시블,20230519,128.8249561,35.22200682,마라20ba92ba,
3850318800,101,경남은행,20230519,128.8299467,35.21343804,마라21aa91ba,
3850319300,101,김해중소기업비즈니스센터,20230519,128.8317646,35.2141688,마라21aa91bb,
3850319500,106,대동IC교차로북측,20230519,128.9812797,35.2592344,마라34ba96bb,
3850321100,106,진영IC동측,20230519,128.7705387,35.30045205,마마15ba01ab,22.53034682
3850322100,104,생림터널,20230519,128.8872364,35.30202877,마마26aa01ba,22.14234104
3850322700,106,광재IC동측,20230519,128.900652,35.3053159,마마27ab01bb,
3850343000,101,상나전교차로,20230519,128.8733076,35.29888226,마마24bb01aa,
3850363400,101,담안리1533,20230519,128.7625191,35.26495484,마라14bb97ab,
3850364101,101,고모리1590,20230519,128.7702255,35.27787661,마라15ba98bb,
3850365400,101,고모리1510-1,20230519,128.7708555,35.27851857,마라15ba98bb,
3850365900,101,고모리1497-1,20230519,128.7718003,35.28218447,마라15ba99ab,
3850368400,106,한림하이패스IC,20230519,128.8139339,35.29493601,마마19ab00ba,
3850369800,102,장방리2386,20230519,128.7842363,35.32597133,마마16ba04aa,39
3850372800,102,진영리305-5,20230519,128.7311786,35.30623152,마마11bb01bb,
3850373900,102,진영리582-2,20230519,128.7171423,35.3061981,마마10ba01bb,
3850374000,102,진영리573-8,20230519,128.7194171,35.3060148,마마10bb01bb,
3850376000,102,병동리1391,20230519,128.7984229,35.28918387,마마18aa00aa,16
3850376500,101,병동교차로,20230519,128.7904236,35.28729236,마라17ab99bb,22.87427746
3850378000,102,원지리700-10,20230519,128.8335577,35.25118834,마라21ab95bb,15
3850379500,101,내삼리763-1,20230519,128.8193967,35.23116548,마라20aa93ba,8
3850383300,102,구산동1084,20230519,128.8638176,35.25569637,마라24aa96ab,14.56213873
3850384300,102,구산동579-4,20230519,128.8742055,35.25478732,마라25aa96ab,
3850391300,101,풍유동978,20230519,128.8476568,35.22226666,마라22ba92ba,19
3850391700,104,대청천교(북측),20230519,128.8184498,35.19855688,마라20aa90aa,23
3850392200,104,대청천교(남측),20230519,128.8184044,35.19808306,마라20aa89bb,8
3850394200,101,관동동1137,20230519,128.81591,35.17811305,마라19bb87bb,12
3850397900,101,장유동96-7,20230519,128.8225845,35.17006399,마라20ab86bb,
3850398300,101,장유동43-11,20230519,128.8237594,35.17202211,마라20ba87aa,13
3850398600,101,장유동41-5,20230519,128.8251342,35.17243874,마라20ba87aa,23
3850400300,101,부원동311-8,20230519,128.8856956,35.22483852,마라26aa93aa,15.47109827
3860001800,105,김해시-밀양시,20230519,128.8216299,35.38104196,마마20aa10ab,
3850352100,101,장유교차로,20230519,128.8311607,35.1705407,마라21aa86bb,
3850402701,104,달봉이빵집,20230519,128.8376316,35.18221512,마라21bb88ab,
3850402801,102,장유화섬공업사,20230519,128.8400068,35.1859126,마라22aa88ba,
3850020703,101,병동삼거리,20230519,128.7898812,35.29198675,마마17ab00ab,
3850405801,101,내삼리896-3,20230519,128.8179379,35.22862479,마라19bb93ab,
3850410900,101,내덕동667-36,20230519,128.8276289,35.20903293,마라20bb91aa,41
3850406300,101,내덕동43-12,20230519,128.8167863,35.20725217,마라19bb91aa,25.31069364
3850093500,101,김해선교교회,20230519,128.8681288,35.22873968,마라24ab93ab,
1410401800,101,대저교앞교차로,20230519,128.9938303,35.23312291,마라35bb94aa,
3850250400,104,불모산터널동측,20230519,128.7563315,35.18159436,마라14ab88aa,26.07369942
1410182500,105,강서구-김해시,20230519,128.8840524,35.2127101,마라25bb91ba,
3850003101,104,정천교구,20230519,128.8337328,35.20549484,마라21ab90bb,
3850004901,101,풍유동167,20230519,128.8491778,35.22506842,마라22bb93aa,
3850004902,101,풍유동4-14,20230519,128.8488763,35.22398277,마라22bb92bb,
3850008000,106,동김해IC사거리,20230519,128.9055467,35.22856805,마라27bb93ab,29.48627168
3850009601,101,무접삼거리,20230519,128.8691639,35.2302967,마라24ba93ba,
3850014301,103,속성변화점,20230519,128.9514505,35.23650157,마라32aa94ab,
3850014600,101,GS25김해대성,20230519,128.8788203,35.24063336,마라25ab94bb,34.23482659
3850017902,101,김해신도시삼거리,20230519,128.8649096,35.26020414,마라24aa96bb,
3850021700,101,나전교,20230519,128.8777531,35.29806605,마마25ab01aa,
3850021701,104,나전교,20230519,128.8775467,35.2976139,마마25ab01aa,31.22687861
3850023100,101,GS25김해나전공단,20230519,128.8767856,35.30646958,마마25aa02aa,
3850025601,101,농협입구교차로,20230519,128.8245807,35.37251217,마마20ab09ab,
3850026000,106,상동IC,20230519,128.9468639,35.31737006,마마31ba03ab,
3850027700,101,관동동492,20230519,128.8030955,35.17521852,마라18ba87ab,
3850029200,101,관동동490,20230519,128.8023414,35.17606487,마라18ba87ba,
3850030300,101,고궁앞교차로,20230519,128.80116,35.17643259,마라18ab87ba,
3850031600,101,관동동503,20230519,128.7900317,35.17694361,마라17ab87ba,
3850033300,101,구실공원앞교차로,20230519,128.8015553,35.17745547,마라18ba87ba,45
3850033400,101,관동동502,20230519,128.7896345,35.17746043,마라17ab87ba,37.43786127
3850033600,101,도당공원앞교차로,20230519,128.7885343,35.17753718,마라17ab87ba,35.79624277
3850034100,101,팔판부영3단지입구교차로,20230519,128.7945579,35.17778377,마라17bb87ba,13.65606936
3850034500,101,도당공원앞교차로,20230519,128.7880367,35.17787214,마라17ab87ba,35.80057803
3850037300,101,박서방반점앞교차로,20230519,128.800278,35.17931456,마라18ab87bb,
3850037500,101,신안초교입구교차로,20230519,128.789631,35.17947659,마라17ab87bb,
3850041200,101,멋진장신교회앞교차로,20230519,128.8217844,35.18705355,마라20ab88bb,
3850041600,101,돌고래횟집앞교차로,20230519,128.8034379,35.18764762,마라18ba88bb,
3850042300,101,갑오푸르지오1단지앞교차로,20230519,128.7948798,35.18814598,마라17bb88bb,
3850046200,101,대청동341,20230519,128.795363,35.18976856,마라17bb89aa,
3850051600,101,이동737-7,20230519,128.8427719,35.19305007,마라22aa89ab,
3850052800,101,경남은행앞교차로,20230519,128.8000151,35.19350148,마라18ab89ab,
3850055800,101,연세우유김해장유대리점,20230519,128.8060707,35.19499796,마라18bb89ba,95.93020231
3850057600,101,나래공원앞교차로,20230519,128.8447835,35.19657192,마라22ab89bb,49.06286127
3850062300,101,소리공원앞교차로,20230519,128.7988974,35.19850667,마라18aa90aa,
3850064600,102,부곡동881-6,20230519,128.8014867,35.20091545,마라18ab90ab,32.79046243
3850067900,101,화목동791-2,20230519,128.8499267,35.20367119,마라22bb90ba,
3850069200,101,내덕동350,20230519,128.8197361,35.20452527,마라20aa90ba,
3850069400,101,초롱어린이집,20230519,128.8137833,35.20466706,마라19ba90ba,
3850070000,101,대동2단지사거리,20230519,128.8092213,35.20474204,마라19aa90ba,30.76517341
3850072500,101,부영2차삼거리,20230519,128.8077563,35.20546371,마라19aa90bb,12.31069364
3850072700,101,뽀빠이밥집앞교차로,20230519,128.815827,35.20554293,마라19bb90bb,22.12572254
3850075100,101,내덕동349,20230519,128.8201322,35.20653229,마라20aa90bb,25.56358382
3850077800,101,화목동1058,20230519,128.8511221,35.20858859,마라22bb91aa,45.61271676
3850083000,104,농소교,20230519,128.8391205,35.21555398,마라21bb91bb,28.09971098
3850085000,101,골든스틸앞교차로,20230519,128.8511643,35.22092098,마라22bb92ba,
3850089700,103,속성변화점,20230519,128.8048266,35.22290305,마라18ba92ba,14
3850090200,101,국민건강보험공단앞교차로,20230519,128.8748038,35.22394692,마라25aa92bb,10
3850093900,101,부원아파트앞교차로,20230519,128.8939046,35.22899496,마라26bb93ba,
3850094500,101,소방공원앞교차로,20230519,128.9020305,35.22937504,마라27ba93ba,23.90751445
3850097000,101,승현테크앞교차로,20230519,128.917897,35.23055235,마라29aa93ba,34.81011561
3850097900,104,신정소교,20230519,128.9773435,35.23077958,마라34ab93bb,
3850099400,101,동원APT사거리,20230519,128.9212467,35.23142115,마라29ab93bb,16.65606936
3850099900,101,남산공원앞교차로,20230519,128.8890246,35.23151119,마라26ab93bb,48.08901734
3850104400,101,외동경찰서앞교차로,20230519,128.8575566,35.23322962,마라23ba93bb,
3850105200,101,지내동원아파트앞교차로,20230519,128.9231612,35.23357702,마라29ba94aa,
3850107600,103,속성변화점,20230519,128.8956403,35.23450596,마라26bb94aa,
3850109300,101,덕산빌라8차입구교차로,20230519,128.8955969,35.23504168,마라26bb94aa,51.49710983
3850109600,101,경운중사거리,20230519,128.8609342,35.23526819,마라23bb94aa,
3850111200,101,활천교사거리,20230519,128.9097654,35.23594779,마라28ab94ab,
3850112700,101,음악이좋은사람들,20230519,128.9024422,35.23662365,마라27ba94ab,
3850113500,101,임호현대2차아파트앞교차로,20230519,128.8681922,35.23688363,마라24ab94ab,27
3850116200,101,관음사,20230519,128.8566489,35.23828093,마라23ab94ab,15
3850117501,101,현대3차사거리,20230519,128.8626563,35.2391996,마라23bb94ba,
3850118500,101,연지사거리,20230519,128.8674999,35.23896948,마라24ab94ba,19.56358382
3850122300,101,CU김해성림점,20230519,128.8843305,35.24042101,마라25bb94bb,
3850122600,101,대영어린이집,20230519,128.8822965,35.24066297,마라25bb94bb,
3850123900,101,영광빌,20230519,128.8803686,35.24136123,마라25ba94bb,
3850126200,101,대성오렌지어린이집,20230519,128.8800742,35.24281678,마라25ba95aa,
3850127300,101,학성마을입구교차로,20230519,128.7690455,35.24343495,마라15ab94bb,26
3850131400,101,원지교,20230519,128.834504,35.24622418,마라21ab95ab,
3850137000,101,인제대후문삼거리,20230519,128.9031207,35.25191669,마라27ba96aa,29
3850139100,101,덕암교차로,20230519,128.8187953,35.25395968,마라19bb96aa,20.43786127
3850140200,101,상평교,20230519,128.7665135,35.25601883,마라15aa96ab,20.56358382
3850140500,101,덕암교차로,20230519,128.8199137,35.25639915,마라20aa96ab,18.56358382
3850143200,101,한국전기안전공사김해양산지사,20230519,128.8732522,35.25875112,마라24bb96bb,
3850144700,101,장신대역,20230519,128.8669101,35.25938179,마라24ab96bb,26.87427746
3850147300,101,김해농협삼계지점,20230519,128.8688114,35.26118136,마라24ba97aa,
3850147400,101,부산은행삼계동지점,20230519,128.8692496,35.26121213,마라24ba97aa,
3850147800,101,모노레일커피경남김해점,20230519,128.8702119,35.26127579,마라24ba97aa,
3850149500,101,삼계동1520-9,20230519,128.8700644,35.26213356,마라24ba97aa,
3850150600,101,삼계동1519-19,20230519,128.8667387,35.26245265,마라24ab97aa,
3850151900,101,삼계동1439-5,20230519,128.8703497,35.26338466,마라24ba97ab,31
3850155100,101,분성고교앞교차로,20230519,128.8755518,35.26478682,마라25aa97ab,
3850155300,101,해반교,20230519,128.864953,35.2652042,마라24aa97ab,
3850155400,101,해반교,20230519,128.8655777,35.26551082,마라24aa97ba,
3850157000,101,삼계초교앞교차로,20230519,128.8648208,35.26765504,마라24aa97bb,27
3850158500,101,감분교,20230519,128.8633367,35.26945765,마라24aa97bb,
3850160200,101,도곡교앞교차로,20230519,128.8646421,35.27237438,마라24aa98ab,
3850161400,104,소동교,20230519,128.7211995,35.27590769,마라11aa98ba,16.09248555
3850163800,101,사산교,20230519,128.7131972,35.2849317,마라10ab99ba,
3850165600,104,안금4교,20230519,128.8845457,35.28994446,마마25bb00ab,
3850167200,104,송정1교,20230519,128.8762135,35.30003391,마마25aa01ab,21
3850167500,101,대창초교앞교차로,20230519,128.7378556,35.30076709,마마12ba01ab,26.90751445
3850168300,103,속성변화점,20230519,128.8090251,35.3015668,마마19aa01ab,29.31069364
3850168700,102,설창리428,20230519,128.770069,35.3023918,마마15ab01ba,
3850170102,101,진영리275-280,20230519,128.7291938,35.30495957,마마11bb01ba,
3850172502,101,여래리1004,20230519,128.7383267,35.30795575,마마12ba02aa,
3850172504,101,진영리15-2,20230519,128.7396841,35.30947702,마마12ba02ab,
3850172506,101,여래리513-4,20230519,128.7380458,35.30602374,마마12ba01bb,
3850172600,101,부평사거리,20230519,128.734962,35.30624818,마마12ab01bb,44.28699422
3850174500,101,진영육교,20230519,128.7234549,35.30713915,마마11aa01bb,
3850174600,101,진영리1655,20230519,128.7286674,35.30720811,마마11ba01bb,
3850175400,101,진영리1652,20230519,128.7278503,35.30729546,마마11ba01bb,
3850177900,101,진영리1661,20230519,128.7332683,35.30804614,마마12aa02aa,24
3850180200,101,진영리1647,20230519,128.7256199,35.30858916,마마11ab02aa,22.03323699
3850180500,101,GS자이아파트입구교차로,20230519,128.7296685,35.30865309,마마11bb02aa,40.83771676
3850187500,101,본산교회앞교차로,20230519,128.7409693,35.31655474,마마12bb03aa,
3850190600,101,하봉회관앞교차로,20230519,128.8420327,35.32332054,마마21bb03bb,36.12572254
3850191200,101,한림정역,20230519,128.8029396,35.32386444,마마18ab03bb,57
3850191400,101,경동마을입구교차로,20230519,128.839457,35.32404347,마마21ba03bb,
3850191900,101,한림화목교회,20230519,128.8004817,35.32430509,마마18aa03bb,
3850192600,101,한림화목교회,20230519,128.8000961,35.32479502,마마18aa04aa,
3850193700,104,장재교,20230519,128.8084899,35.32578542,마마18bb04aa,
3850195800,101,방주교회,20230519,128.8068197,35.33526663,마마18bb05aa,15
3850196500,101,시호1구입구교차로,20230519,128.7877111,35.33788723,마마17aa05ab,
3850196700,101,대창단조앞교차로,20230519,128.8449404,35.33811202,마마22aa05ba,
3850198900,101,안양리999,20230519,128.8421919,35.37649466,마마21bb09bb,36.93872832
3850206200,104,대동1교,20230519,128.9817806,35.27918344,마라34bb99aa,31.15823699
3850318503,101,망덕리885,20230519,128.8223689,35.21815858,마라20ab92aa,
3850323500,106,대감JC남측,20230519,128.9815227,35.26727142,마라34bb97bb,
3850324500,103,속성변화점,20230519,129.0022199,35.26854602,마라36ba98aa,
3850325000,106,김해가야하이패스IC,20230519,129.0040278,35.27088725,마라36bb98ab,31.87427746
3850348401,101,관동동1129,20230519,128.8045982,35.17725736,마라18bb87ba,
3850349900,101,율하동1417,20230519,128.8155324,35.1731726,마라19bb87aa,40
3850350202,101,율하동1426,20230519,128.820555,35.17354665,마라20ab87ab,
3850351700,104,장유터널동측,20230519,128.8283202,35.16007361,마라20bb85bb,
3850363802,101,담안리1602,20230519,128.764488,35.26696122,마라15aa97ba,
3850364800,101,꿈의궁전,20230519,128.7699924,35.28294831,마라15ab99ab,
3850366800,101,고모리1109-14,20230519,128.7734375,35.26820155,마라15bb97ba,
3850368700,102,여차리1613,20230519,128.9010258,35.35626872,마마27ab07ba,
3850369000,102,여차리1567,20230519,128.8963177,35.35781956,마마26bb07bb,13
3850370400,101,본산리1699,20230519,128.7539765,35.32181326,마마13bb03ba,
3850371800,102,진영리1749,20230519,128.7317535,35.31228085,마마11bb02ba,
3850373100,102,여래리355-1,20230519,128.7414028,35.30074887,마마12bb01ab,
3850378200,101,원지리산234,20230519,128.8281082,35.25742094,마라20bb96ba,22.09248555
3850380800,102,천곡리127-1,20230519,128.8338828,35.23741488,마라21ab94ab,26.95375723
3850381200,101,천곡리1379-19,20230519,128.8421197,35.2302824,마라22aa93ba,12.65606936
3850383100,102,구산동760-2,20230519,128.8629301,35.2574795,마라23bb96ba,23.47109827
3850385300,102,어방초등학교,20230519,128.8985397,35.24057329,마라27aa94bb,
3850386100,102,삼방동608,20230519,128.905064,35.25020559,마라27bb95bb,
3850386700,102,삼정동569,20230519,128.8996398,35.21922568,마라27ab92ab,
3850387000,101,봉황동474-5,20230519,128.8814413,35.22457496,마라25ba93aa,
3850387800,102,부원동645,20230519,128.891003,35.22804963,마라26ba93ab,26.67485549
3850390500,101,풍유동991,20230519,128.8474318,35.22161673,마라22ba92ba,14.25144509
3850390600,101,풍유동991,20230519,128.845757,35.22290824,마라22ab92bb,24
3850391000,102,서김해IC,20230519,128.8460569,35.22190836,마라22ba92ba,14
3850391400,101,풍유동978,20230519,128.8482192,35.22410813,마라22ba92bb,10
3850393100,102,삼문동442-2,20230519,128.8089979,35.19407789,마라19aa89ba,14
3850394900,101,율하동1418,20230519,128.8136602,35.172397,마라19ba87aa,18
3850395700,101,율하동1419,20230519,128.8145727,35.17086385,마라19ba86bb,32
3850395800,101,율하동1419,20230519,128.8138102,35.17003893,마라19ba86bb,86
3850400200,101,아이스퀘어호텔,20230519,128.8855845,35.22558867,마라26aa93aa,16.03323699
3850351102,101,응달동 182-4,20230519,128.8345835,35.17849905,마라21ba87bb,
3850376200,101,병동리1135,20230519,128.7911736,35.28856722,마라17ab99bb,22.56358382
3850325100,104,낙동강대교서측,20230519,129.00564,35.27147391,마라36bb98ab,28.12572254
3850410600,101,내덕동69-9,20230519,128.8265658,35.20947967,마라20ba91ab,29
3850409700,101,내덕동24-7,20230519,128.8238273,35.21034115,마라20ab91ab,27
3850409900,101,내덕동30-38,20230519,128.8260587,35.20895746,마라20ba91aa,18.90751445
3850407000,101,내덕동32-10,20230519,128.8190246,35.20839244,마라20aa91aa,
3850407400,101,내덕동32-15,20230519,128.8202209,35.20822031,마라20aa91aa,
1410039800,101,강서구-김해시,20230519,128.8776159,35.20865645,마라25ab91aa,
3850093100,102,유나베네스타운,20230519,128.8607102,35.22838279,마라23bb93ab,
3850206400,106,대동JC,20230519,128.9834706,35.28382575,마라34bb99ba,31.57369942
3850251800,101,마사교차로,20230519,128.8342265,35.36889656,마마21aa08bb,
3850252200,101,생철교차로,20230519,128.8475968,35.35442368,마마22ab07ab,
3850025501,104,송촌교,20230519,128.8289316,35.36840592,마마20ba08bb,
4140079900,101,용정리13-17,20230519,128.7049262,35.279336,마라09ba98bb,
4140083500,102,중포교,20230519,128.7231072,35.32100889,마마11aa03ba,
1410391300,101,미음동217-78,20230519,128.8669558,35.15448268,마라24ba85aa,
3850195801,101,시산리185-2,20230519,128.8070397,35.33611841,마마18bb05ab,
3850000201,101,대청동산109-24,20230519,128.7663988,35.18223997,마라15ab88aa,
3850003900,106,서김해IC,20230519,128.8452942,35.21935599,마라22ab92ab,
3850009100,101,활천초교사거리,20230519,128.917912,35.22911617,마라29aa93ba,
3850010900,101,가인소극장,20230519,128.8747405,35.23268352,마라25aa93bb,
3850011600,101,아멘기독서점,20230519,128.8790532,35.23321099,마라25ab93bb,
3850013603,104,진례교,20230519,128.749253,35.24409073,마라13ba95aa,
3850015300,104,구지터널,20230519,128.8768835,35.24343046,마라25ab95aa,
3850017400,101,세븐일레븐김해진례청천점,20230519,128.7493477,35.26002514,마라13ba96bb,
3850022300,104,진영제1교,20230519,128.7123843,35.30409214,마마10aa01ba,
3850023400,101,제이랜드,20230519,128.8766228,35.31015177,마마25aa02ab,
3850023700,104,주천교,20230519,128.7279961,35.31410677,마마11ba02bb,19.97398844
3850024501,104,생림교,20230519,128.8471876,35.33288476,마마22ab04bb,22.26228324
3850024901,104,생철교차로,20230519,128.8478554,35.35430892,마마22ab07ab,35.26011561
3850025000,101,옹산슈퍼,20230519,128.9015331,35.35504796,마마27ab07ba,
3850025100,101,생철4교,20230519,128.8455145,35.35639939,마마22aa07ba,28
3850025500,101,송촌마을,20230519,128.8290262,35.36832902,마마20ba08bb,18.65606936
3850027300,101,관동교앞교차로,20230519,128.8035328,35.17485768,마라18ba87ab,
3850027900,104,덕정교,20230519,128.7997367,35.17531862,마라18ab87ab,32.56213873
3850029000,101,관동동490,20230519,128.8027146,35.17605946,마라18ba87ba,
3850030500,101,관동동488,20230519,128.8027267,35.17644004,마라18ba87ba,
3850033800,101,구실공원앞교차로,20230519,128.8022247,35.1776552,마라18ba87ba,
3850035700,101,관동동510,20230519,128.7867659,35.17832443,마라17aa87bb,
3850039100,101,계동초등학교삼거리,20230519,128.7942266,35.18510718,마라17bb88ba,
3850041500,101,대청고앞교차로,20230519,128.8020639,35.18763021,마라18ba88bb,
3850042900,101,대청동335,20230519,128.7926043,35.1884641,마라17ba88bb,
3850043800,101,삼전교회앞교차로,20230519,128.7937213,35.18883917,마라17bb88bb,
3850045600,101,들방아쌈밥앞교차로,20230519,128.7946332,35.18953746,마라17bb89aa,70.62225434
3850046300,101,대청동339,20230519,128.7939888,35.18995828,마라17bb89aa,72.30520231
3850048100,101,메가병원,20230519,128.8041026,35.19081913,마라18ba89aa,
3850048900,101,이동283,20230519,128.840789,35.1911645,마라22aa89ab,
3850049100,101,환화호텔&리조트,20230519,128.8031835,35.19136613,마라18ba89aa,
3850053600,101,하늘나라공원앞교차로,20230519,128.8060896,35.1940283,마라18bb89ba,
3850054500,101,방울공원앞교차로,20230519,128.8432695,35.19439098,마라22ab89ba,
3850055600,101,화목동1435,20230519,128.8447132,35.19491423,마라22ab89ba,
3850057500,101,장유능동마을서측교차로,20230519,128.7941529,35.19647767,마라17bb89bb,
3850057700,101,하늘땅별땅어린이집,20230519,128.7958097,35.19668668,마라17bb89bb,47.03771676
3850058500,101,나래공원앞교차로,20230519,128.8443614,35.19689891,마라22ab89bb,
3850062100,101,대호철강앞교차로,20230519,128.846809,35.19846769,마라22ba90aa,47.42485549
3850063500,101,화목동794,20230519,128.8472462,35.19962104,마라22ba90aa,
3850064300,101,꼬꼬마공원앞교차로,20230519,128.8496028,35.20045129,마라22bb90ab,78.11271676
3850064400,101,화목동1556-16,20230519,128.8475255,35.20074518,마라22ba90ab,20
3850067200,101,골든프라자앞교차로,20230519,128.8073528,35.20339673,마라19aa90ba,
3850068700,101,부곡동909,20230519,128.7979616,35.20433305,마라18aa90ba,
3850071900,101,부영5차삼거리,20230519,128.8134432,35.20541651,마라19ba90bb,18
3850073700,101,화목동781,20230519,128.8511768,35.2057823,마라22bb90bb,11
3850075000,101,내덕동349,20230519,128.8206172,35.20645941,마라20aa90bb,17
3850075500,101,내덕동351,20230519,128.8191589,35.20666598,마라20aa90bb,21
3850079700,101,새마을금고앞교차로,20230519,128.8523725,35.21042358,마라23aa91ab,50.4566474
3850083800,102,봉곡교,20230519,128.8645413,35.2177148,마라24aa92aa,
3850084500,101,청호빌라10차입구교차로,20230519,128.8604836,35.22078184,마라23bb92ba,
3850085200,102,전하육교,20230519,128.8696716,35.22101933,마라24ba92ba,
3850087700,101,세븐일레븐김해풍유점,20230519,128.8492099,35.22195087,마라22bb92ba,
3850094100,101,활천동사무소앞교차로,20230519,128.8990649,35.22912443,마라27ab93ba,
3850095700,101,남산공원앞교차로,20230519,128.8892205,35.23003223,마라26ab93ba,33.74855491
3850096900,101,김해문화회관,20230519,128.9012693,35.23055096,마라27ba93ba,29.31430636
3850097200,101,한국SGI문화회관앞교차로,20230519,128.9018554,35.23059424,마라27ba93ba,37.79132948
3850097701,101,삼정동253,20230519,128.893317,35.23281642,마라26bb93bb,
3850098000,104,신정소교,20230519,128.9776628,35.23086901,마라34ab93bb,
3850100700,101,다이와빌딩앞교차로,20230519,128.9030541,35.23194119,마라27ba93bb,10
3850101200,101,삼부공원앞교차로,20230519,128.9044064,35.23205567,마라27bb93bb,36.00289017
3850101900,101,부산은행앞교차로,20230519,128.865258,35.23222115,마라24aa93bb,56.73265896
3850102000,101,김해교육지원청WEE센터,20230519,128.9196372,35.23224478,마라29aa93bb,45.46026012
3850102200,101,임도자동차매매상사앞교차로,20230519,128.9211627,35.23231071,마라29ab93bb,48.45303468
3850104800,101,김해축산농협외동서부지점,20230519,128.8550432,35.23329007,마라23ab93bb,
3850106400,101,동광빌라입구교차로,20230519,128.8871222,35.23419532,마라26aa94aa,
3850106600,101,광남백조아파트,20230519,128.8727031,35.23430252,마라24bb94aa,
3850109100,102,예쁜어린이집,20230519,128.8603218,35.23489446,마라23bb94aa,50.09104046
3850112400,101,내동1149,20230519,128.8717107,35.23643786,마라24bb94ab,
3850112800,101,대동화훼시범농장앞교차로,20230519,128.9865597,35.23665483,마라35ab94ab,
3850113000,101,경인빌라입구교차로,20230519,128.9038154,35.23671372,마라27ba94ab,
3850113200,104,운하교,20230519,128.9835517,35.23677563,마라34bb94ab,25
3850114800,101,김해새소망교회,20230519,128.9026104,35.2377032,마라27ba94ab,19
3850115800,101,초대교회,20230519,128.8782195,35.23808703,마라25ab94ba,27.95375723
3850119100,101,하늘동산어린이집,20230519,128.8884857,35.23913345,마라26ab94ba,19.83815029
3850119400,101,경원교사거리,20230519,128.8718537,35.23932074,마라24bb94ba,17.28323699
3850119600,101,동상어린이집,20230519,128.8872158,35.23944815,마라26aa94ba,18.20375723
3850119900,102,방주맨션,20230519,128.8805012,35.23956138,마라25ba94ba,23.46242775
3850121300,101,대영어린이집,20230519,128.8835537,35.24012754,마라25bb94ba,25
3850122100,101,가야농산앞교차로,20230519,128.7692233,35.24038394,마라15ab94ba,
3850123200,101,참좋은교회,20230519,128.8827714,35.24100454,마라25bb94bb,
3850123300,101,내동초교앞교차로,20230519,128.8592255,35.24104671,마라23ba94bb,
3850124700,101,철이네HOUSE,20230519,128.8817192,35.2419365,마라25ba94bb,
3850127700,101,김해문화센터앞교차로,20230519,128.8630533,35.24369693,마라24aa95aa,17.56358382
3850130700,104,원지교,20230519,128.833537,35.24577058,마라21ab95ab,13.90751445
3850132000,101,강변교,20230519,128.7685927,35.24667958,마라15ab95ab,
3850132100,101,버드나무집앞교차로,20230519,128.7730599,35.24694347,마라15bb95ab,
3850134200,101,연지공원역2번출구,20230519,128.8697448,35.24923973,마라24ba95ba,12.09393064
3850135800,101,구름송이공원앞교차로,20230519,128.870343,35.25036152,마라24ba95bb,13.97037572
3850138100,101,삼락교회앞교차로,20230519,128.8684287,35.25303158,마라24ab96aa,18.60982659
3850138401,101,삼방동산38-11,20230519,128.9006704,35.25626521,마라27ab96ba,
3850138700,101,삼방동766-3,20230519,128.9039965,35.25363533,마라27ba96ab,8
3850138900,101,김해유치원,20230519,128.9087794,35.25379959,마라28aa96ab,19.90751445
3850139001,101,구산동590,20230519,128.8711965,35.25450532,마라24ba96ab,
3850139200,101,대진화학앞교차로,20230519,128.7667289,35.25405593,마라15aa96aa,17.87427746
3850140400,101,김해운동장삼거리,20230519,128.8743374,35.25618116,마라25aa96ba,32.65606936
3850141100,101,덕암교,20230519,128.8234961,35.25689174,마라20ab96ba,
3850142200,101,매정공원앞교차로,20230519,128.8716556,35.25760282,마라24bb96ba,
3850145000,101,북부대우푸르지오앞교차로,20230519,128.8697259,35.25994059,마라24ba96bb,15
3850145100,101,매정공원입구교차로,20230519,128.8708185,35.26003792,마라24ba96bb,25.12572254
3850145300,101,IBK기업은행김해삼계지점,20230519,128.8713282,35.26007687,마라24ba96bb,37.43641618
3850146000,101,화정교,20230519,128.8665763,35.26036612,마라24ab96bb,33.61054913
3850147200,101,수리공원입구교차로,20230519,128.868436,35.26114305,마라24ab97aa,
3850148000,101,STARBUCKSCOFFEE,20230519,128.8711814,35.26139542,마라24ba97aa,
3850150000,101,이디야커피김해삼계동점,20230519,128.8710729,35.2623257,마라24ba97aa,
3850150900,101,바이핸즈,20230519,128.8734224,35.26253181,마라24bb97aa,
3850152100,101,화정초교앞교차로,20230519,128.8652391,35.26342721,마라24aa97ab,
3850152300,101,삼계동1439-5,20230519,128.870987,35.26345163,마라24ba97ab,
3850153900,101,화정현대아이파크입구교차로,20230519,128.8715433,35.26452244,마라24bb97ab,
3850154600,101,분성초교앞교차로,20230519,128.8735786,35.26465495,마라24bb97ab,
3850156000,101,월촌리1008,20230519,129.0020597,35.26672757,마라36ba97bb,19
3850156300,104,감천교,20230519,128.9934063,35.26701016,마라35bb97bb,19.92427746
3850156500,101,삼계초교입구교차로,20230519,128.8648415,35.26718019,마라24aa97ba,90
3850157100,101,삼계교,20230519,128.8632494,35.26766867,마라23bb97bb,19.32803468
3850157600,101,농협앞교차로,20230519,128.8634009,35.26860277,마라24aa97bb,
3850159400,101,신명초교앞교차로,20230519,128.8638069,35.26996495,마라24aa98aa,
3850160300,104,김해터널,20230519,128.7423939,35.27240924,마라12bb98aa,
3850162400,102,사산마을회관,20230519,128.7077589,35.28018853,마라09bb98bb,71
3850164400,103,속성변화점,20230519,128.851338,35.28659475,마라22bb99bb,
3850164700,104,안금2교,20230519,128.884914,35.28680395,마라25bb99bb,
3850168101,101,여래리748-1,20230519,128.7322819,35.30131642,마마12aa01ab,
3850169500,104,안하교,20230519,128.8285914,35.3033109,마마20bb01ba,
3850170700,101,수홍하이랜드8차앞교차로,20230519,128.7236258,35.30515982,마마11aa01bb,
3850171800,101,축산폐수처리사업소입구교차로,20230519,128.8245548,35.30577612,마마20ab01bb,48.89450867
3850172501,101,진영리41-6,20230519,128.7416407,35.31205917,마마12bb02ba,
3850172900,104,하나전교,20230519,128.8754633,35.30635583,마마25aa02aa,51.9617052
3850174100,101,진영리1660,20230519,128.7324049,35.30691849,마마12aa01bb,
3850174900,101,진영리1656,20230519,128.7294895,35.30724576,마마11bb01bb,
3850175700,101,진영리1359-3,20230519,128.7210083,35.30733138,마마11aa01bb,
3850181100,103,속성변화점,20230519,128.9113552,35.30909698,마마28ab02ab,25.28612717
3850182700,101,진영리1643,20230519,128.7275841,35.31143376,마마11ba02ab,31.91098266
3850184000,101,본산농공단지앞교차로,20230519,128.7499801,35.31252976,마마13ba02ba,120
3850186700,101,중앙일보사앞교차로,20230519,128.7549309,35.31575802,마마14aa02bb,34.65751445
3850187900,101,장방리196-4,20230519,128.8072999,35.31739173,마마18bb03aa,
3850188700,102,독점교,20230519,128.8297635,35.31999203,마마20bb03ba,33.31791908
3850189500,101,한림보건지소,20230519,128.8015921,35.32181807,마마18ab03ba,28
3850190200,101,한촌갈비앞교차로,20230519,128.8006097,35.32298098,마마18aa03bb,
3850191100,101,한림정역,20230519,128.8031643,35.32384346,마마18ab03bb,56.90751445
3850197400,104,모정교,20230519,128.8073903,35.34989352,마마18bb06bb,17
3850198400,104,마사교,20230519,128.8128461,35.3679732,마마19ab08bb,26.45375723
3850288100,106,남진례IC,20230519,128.7740581,35.22403469,마라15bb92bb,24
3850318300,101,삼부건기,20230519,128.8238904,35.22158897,마라20ab92ba,
3850318700,101,농소리594-6,20230519,128.8296214,35.20965401,마라21aa91ab,
3850318703,101,농소리656,20230519,128.8280082,35.21174178,마라20bb91ba,
3850319400,101,농소리654,20230519,128.8327705,35.21256311,마라21ab91ba,
3850320600,104,진영2터널,20230519,128.7523314,35.2945563,마마13bb00ba,23.43786127
3850323900,106,대감JC북측,20230519,128.9844022,35.27488723,마라35aa98ba,
3850324100,106,대감JC,20230519,128.9857567,35.26951251,마라35aa98aa,
3850324700,106,김해가야IC교차로북측,20230519,129.0027413,35.27314618,마라36ba98ba,
3850348901,101,관동동1129,20230519,128.8063357,35.17533147,마라18bb87ab,
3850350400,101,율하동1430,20230519,128.821158,35.16647885,마라20ab86ab,
3850350402,101,장유동1430,20230519,128.8219513,35.17014383,마라20ab86bb,
3850351900,101,신문동1427,20230519,128.8314368,35.18646838,마라21aa88ba,
3850365800,101,고모리1109-5,20230519,128.771438,35.26850267,마라15ba97ba,
3850370000,101,본산리1699,20230519,128.7568387,35.32103004,마마14aa03ba,41
3850371100,102,본산리1753,20230519,128.7375779,35.3160138,마마12ab02bb,
3850373000,102,여래리737-3,20230519,128.7334534,35.30224032,마마12aa01ab,
3850376600,102,병동리산174-1,20230519,128.7950983,35.27697688,마라17bb98ba,21
3850377400,102,나전리522,20230519,128.8789909,35.29400886,마마25ab00ba,15.53034682
3850378100,101,원지리산240,20230519,128.8269333,35.25659603,마라20ba96ab,19.90751445
3850382600,101,농소리645,20230519,128.8340206,35.21504238,마라21ab91bb,18
3850388100,101,삼정동474,20230519,128.89614,35.22680814,마라27aa93ab,41
3850388500,101,삼정동290,20230519,128.9043268,35.22717482,마라27bb93ab,34.56213873
3850388600,101,삼정동318,20230519,128.9030485,35.2276389,마라27ba93ab,39.24566474
3850389200,101,삼정동328-2,20230519,128.9031394,35.22711649,마라27ba93ab,36.72904624
3850392300,101,무계동210-2,20230519,128.8181221,35.20105217,마라19bb90ab,9
3850395600,101,율하동1419,20230519,128.8148476,35.17116381,마라19ba87aa,41
3850397100,102,응달동104-1,20230519,128.8469853,35.17772375,마라22ba87bb,
3850397400,101,장유동376,20230519,128.8268466,35.16749763,마라20bb86ba,
3850400100,101,봉황동480,20230519,128.8755589,35.22365622,마라25aa92bb,27
3850411000,101,내덕동30-14,20230519,128.8285994,35.20838182,마라20bb91aa,69
3850408100,101,내덕동28-21,20230519,128.8209987,35.2092805,마라20aa91aa,
3850050900,101,삼문교회,20230519,128.8060119,35.1927185,마라18bb89ab,
3850343400,101,소락교차로,20230519,128.9123988,35.30849441,마마28ab02ab,
3850003301,101,냉정IC,20230519,128.8358646,35.20512943,마라21ba90bb,
3850040200,104,계동교,20230519,128.7936433,35.18628918,마라17bb88ba,
3850109700,101,청석사거리,20230519,128.9006363,35.23533929,마라27ab94aa,44.1982659
3850116100,102,한스맨션,20230519,128.8754604,35.23824807,마라25aa94ba,13
3850133400,101,연지제1교,20230519,128.8691826,35.2487923,마라24ba95ba,36
3850181700,101,진영리1648,20230519,128.725718,35.3096336,마마11ab02ab,25.78034682
3850141000,104,덕암교,20230519,128.8230068,35.25675238,마라20ab96ba,
1410033100,105,강서구-김해시,20230519,128.9937036,35.23283768,마라35bb94aa,
1410338900,101,건양아이티티앞,20230519,128.8646258,35.15872566,마라24ab85ba,
3850089500,102,흥동1통마을회관,20230519,128.8554894,35.22267945,마라23ab92bb,15
3850002900,104,무계지하차도,20230519,128.8208639,35.20456399,마라20aa90ba,
3850003302,104,정천교,20230519,128.8342242,35.20575678,마라21ab90bb,
3850003800,101,부곡동113-2,20230519,128.7942723,35.21926036,마라17bb92ab,
3850007400,101,지내삼거리,20230519,128.9234296,35.22782655,마라29ba93ab,33.96242775
3850015200,101,새생명교회,20230519,128.8650098,35.24278227,마라24aa95aa,7
3850017100,104,구산교,20230519,128.8698182,35.25199949,마라24ba96aa,
3850017500,106,진례IC,20230519,128.7572451,35.26295474,마라14ab97aa,37.0433526
3850020600,101,명동삼거리,20230519,128.8088978,35.29365355,마마19aa00ba,39.57803468
3850020700,101,소업삼거리,20230519,128.7958631,35.29381508,마마17bb00ba,
3850020800,101,빙그레삼거리,20230519,128.7793218,35.29443989,마마16ab00ba,
3850022107,101,진영리353-2,20230519,128.7230545,35.30388227,마마11aa01ba,
3850023000,104,진영육교,20230519,128.7226559,35.3068343,마마11aa01bb,
3850025400,103,속성변화점,20230519,128.8382983,35.36243652,마마21ba08aa,
3850029300,101,관동동489,20230519,128.8019501,35.17607031,마라18ba87ba,
3850031900,101,관동동485,20230519,128.802811,35.17707724,마라18ba87ba,
3850034800,101,도당공원앞교차로,20230519,128.7888711,35.17787716,마라17ab87ba,
3850035600,101,신안초교앞교차로,20230519,128.7896342,35.17823801,마라17ab87bb,
3850036200,101,관동동503,20230519,128.7870031,35.17857659,마라17aa87bb,29
3850036900,101,설해앞교차로,20230519,128.8002743,35.17893714,마라18ab87bb,
3850040100,101,복정횟집앞교차로,20230519,128.8007187,35.18627158,마라18ab88ba,
3850042400,101,농수산물유통센터입구교차로,20230519,128.8354528,35.1881821,마라21ba88bb,
3850042600,101,마포통연탄구이앞교차로,20230519,128.7935262,35.18836799,마라17bb88bb,
3850044500,101,새싹공원앞교차로,20230519,128.7956957,35.18908319,마라17bb88bb,
3850047600,101,솔향기어린이집,20230519,128.802653,35.19062801,마라18ba89aa,
3850049900,101,장유교회앞교차로,20230519,128.806321,35.19205896,마라18bb89ab,46.57514451
3850050200,101,장유평화교회,20230519,128.8061759,35.19238421,마라18bb89ab,
3850050800,101,장유그린골프삼거리,20230519,128.7949605,35.19267405,마라17bb89ab,
3850052700,101,이동471-2,20230519,128.8406889,35.19347803,마라22aa89ba,
3850053100,101,부영그린타운9단지앞교차로,20230519,128.7961548,35.19370683,마라18aa89ab,
3850054100,101,큰기쁨교회,20230519,128.8064673,35.19414859,마라18bb89ba,
3850054900,101,이동476-2,20230519,128.8410029,35.19442178,마라22aa89ba,
3850057400,101,보운암입구교차로,20230519,128.8427278,35.19638098,마라22aa89bb,21.06647399
3850061500,101,화목동795,20230519,128.8472425,35.19811161,마라22ba90aa,
3850067100,101,대동할인마트앞교차로,20230519,128.814386,35.20331011,마라19ba90ba,
3850068200,101,석봉대동2단지앞교차로,20230519,128.8083764,35.20413554,마라19aa90ba,
3850069900,101,화목동783,20230519,128.8505602,35.20473321,마라22bb90bb,
3850076700,102,오랄화이트,20230519,128.8488551,35.20753271,마라22bb91aa,25.46965318
3850077600,102,하림상사,20230519,128.8486939,35.20812273,마라22bb91aa,6.66300578
3850078800,101,화목동1058,20230519,128.8511207,35.20914165,마라22bb91ab,
3850080100,101,흥동293,20230519,128.8522041,35.21111182,마라23aa91ab,44.70086705
3850080200,101,칠산주민복지센터앞교차로,20230519,128.8504601,35.21116881,마라22bb91ab,40.46965318
3850084000,102,GS주유소대영셀프,20230519,128.8484774,35.21932725,마라22ba92ab,
3850086000,101,그랜드청호빌라앞교차로,20230519,128.8616574,35.22138188,마라23bb92ba,
3850086800,101,한빛드림아파트입구교차로,20230519,128.8658504,35.22171947,마라24ab92ba,31.7716763
3850090500,101,전하동1252-8,20230519,128.8734588,35.22463302,마라24bb93aa,20
3850090700,101,백마산업앞교차로,20230519,128.9238861,35.22504185,마라29ba93aa,17.87427746
3850092600,101,진풍아트빌입구교차로,20230519,128.8713947,35.22781724,마라24bb93ab,
3850094700,101,공단공원앞교차로,20230519,128.9033444,35.22949035,마라27ba93ba,15
3850096800,101,청도빌라앞교차로,20230519,128.9006103,35.23048645,마라27ab93ba,29.66184971
3850099000,101,화성아파트앞교차로,20230519,128.8878802,35.23135572,마라26ab93bb,37
3850106500,101,삼정중교앞교차로,20230519,128.9008189,35.23421651,마라27ab94aa,
3850107500,101,김해민속박물관앞교차로,20230519,128.8772308,35.23449507,마라25ab94aa,
3850107700,101,브라운도트호텔어방점,20230519,128.9048649,35.23451993,마라27bb94aa,
3850108400,101,한독유압기계앞교차로,20230519,128.918914,35.23473452,마라29aa94aa,46.69942197
3850110200,101,한송그린빌라입구교차로,20230519,128.8885017,35.2355583,마라26ab94aa,38.20447977
3850115700,101,못자리제일선교원,20230519,128.8887322,35.2380602,마라26ab94ba,32.61560694
3850117700,101,성원교회,20230519,128.879597,35.23876245,마라25ba94ba,8.953757225
3850120400,101,대구상회계란집,20230519,128.8840428,35.23963414,마라25bb94ba,29.89306358
3850124400,101,문화아파트앞교차로,20230519,128.9129215,35.24175746,마라28ba94bb,
3850125500,101,김해구산동백운대고분,20230519,128.8820459,35.2424201,마라25ba94bb,
3850125900,101,비락사거리,20230519,128.9071789,35.24268756,마라28aa95aa,
3850126000,103,속성변화점,20230519,128.9149438,35.24270837,마라28ba95aa,
3850133802,101,삼방동595,20230519,128.903657,35.25015167,마라27ba95bb,
3850136800,101,클레이아크미술관,20230519,128.7444476,35.25174588,마라13aa95bb,15.90751445
3850140600,101,탑훼밀리마트앞교차로,20230519,128.7666991,35.25641648,마라15aa96ab,10.97037572
3850141600,101,대도회초밥앞교차로,20230519,128.8666784,35.25735659,마라24ab96ba,
3850142000,102,대리마을회관,20230519,128.8449561,35.25747504,마라22ab96ba,
3850143000,101,한일뒷고기앞교차로,20230519,128.8672014,35.2584668,마라24ab96ba,
3850143300,101,해오름공원앞교차로,20230519,128.8743979,35.25877225,마라25aa96bb,
3850143700,101,덕암교차로진영역방면,20230519,128.8740901,35.25906822,마라24bb96bb,16.87427746
3850149000,101,삼계동1519-24,20230519,128.8654063,35.26185197,마라24aa97aa,
3850149100,101,삼계동1520-9,20230519,128.8687088,35.26201566,마라24ba97aa,
3850149400,101,삼계동1520-9,20230519,128.8696644,35.2620872,마라24ba97aa,
3850151100,101,어리연공원앞교차로,20230519,128.874802,35.26274352,마라25aa97aa,
3850152600,101,희망공원입구교차로,20230519,128.872438,35.2635255,마라24bb97ab,
3850153500,101,가야중앙교회,20230519,128.8646573,35.26407501,마라24aa97ab,
3850154000,101,감사한교회,20230519,128.871764,35.26453694,마라24bb97ab,
3850154400,101,빙수르,20230519,128.8657996,35.2646057,마라24aa97ab,
3850157500,101,삼계어린이집앞교차로,20230519,128.8630223,35.26860211,마라23bb97bb,22.43786127
3850157800,101,김해북교회,20230519,128.8642865,35.26861808,마라24aa97bb,
3850159100,102,우양인텍,20230519,128.749079,35.26990147,마라13ba97bb,
3850160700,101,분성대우푸르지오앞교차로,20230519,128.8614012,35.27262244,마라23bb98ab,13
3850163200,101,묵방리산127-13,20230519,128.8960785,35.28455071,마라26bb99ba,
3850163900,101,강동산업,20230519,128.7981347,35.28511874,마라18aa99ba,
3850164100,102,은광벤딩,20230519,128.7983263,35.28579332,마라18aa99ba,
3850169000,101,상소락교,20230519,128.9020212,35.30295787,마마27ab01ba,
3850171000,104,진영제1교,20230519,128.7143121,35.30536804,마마10ab01bb,
3850175500,101,진영리1662,20230519,128.7346699,35.30731214,마마12aa02aa,
3850179000,103,속성변화점,20230519,128.9316555,35.30829064,마마30aa02ab,34.13439306
3850179800,101,진영리1653,20230519,128.7271233,35.30848024,마마11ba02aa,31.47427746
3850182400,101,중흥S클래스1단지앞교차로,20230519,128.7354609,35.31067396,마마12ab02ab,24.68786127
3850183900,101,본산농공단지앞교차로,20230519,128.748396,35.31245057,마마13ab02ba,16
3850185700,101,경동중공업앞교차로,20230519,128.7453266,35.31407423,마마13aa02bb,32
3850186300,101,장방리182-2,20230519,128.8088217,35.3146412,마마18bb02bb,20.5
3850187200,101,경남유성주유소앞교차로,20230519,128.7495812,35.31612795,마마13ba03aa,
3850188500,101,세진정밀산업앞교차로,20230519,128.7625637,35.3191132,마마14bb03ab,23
3850193000,101,생태계어린이집,20230519,128.8014415,35.32545426,마마18ab04aa,
3850194700,101,장방리79-4,20230519,128.8043897,35.32736023,마마18ba04ab,18
3850198200,102,용당마을회관,20230519,128.9022949,35.3629153,마마27ab08ab,21
3850199100,104,창암교,20230519,128.8343524,35.37849365,마마21aa10aa,23.31069364
3850201800,104,김해3터널북측,20230519,128.8272052,35.24691653,마라20ba95ab,20
3850202100,101,덕암리산187-1,20230519,128.8167622,35.25600628,마라19bb96ab,20
3850205300,104,대동1터널남측,20230519,128.9269154,35.22663892,마라29bb93ab,12.54624277
3850318500,101,대감이동갈비,20230519,128.8288578,35.21529697,마라20bb91bb,
3850319000,101,삼원기계,20230519,128.830737,35.21603642,마라21aa91bb,
3850319600,106,대동IC교차로남측,20230519,128.9818891,35.25216237,마라34bb96aa,
3850320800,103,속성변화점,20230519,128.7612527,35.30104247,마마14ba01ab,32.48439306
3850322000,104,생림터널,20230519,128.8801198,35.29835718,마마25ab01aa,23.59320809
3850349707,101,김해수남고등학교,20230519,128.8174389,35.16868501,마라19bb86ba,
3850365000,104,유목교서측,20230519,128.7703504,35.2827344,마라15ba99ab,
3850365500,104,유목교동측,20230519,128.7709504,35.28236778,마라15ba99ab,
3850366700,101,고모리1111-14,20230519,128.7729254,35.26579465,마라15bb97ab,
3850367400,101,개동제3저수지,20230519,128.77537,35.26307444,마라16aa97aa,
3850367700,104,퇴래교(동측),20230519,128.804745,35.29739798,마마18ba00bb,
3850372200,101,여래리995,20230519,128.7409318,35.30776268,마마12bb02aa,
3850376700,101,병동리639,20230519,128.7939859,35.28370112,마라17ba99ab,54
3850377100,102,병동리636,20230519,128.792936,35.28180132,마라17ba99aa,24.74855491
3850380200,102,선지리72-4,20230519,128.8337578,35.2431809,마라21ab95aa,7.391618497
3850382900,102,삼계동301-15,20230519,128.8622051,35.26373713,마라23bb97ab,11
3850383800,102,구산동1086,20230519,128.8678548,35.25019701,마라24ab95bb,19.42485549
3850384900,101,삼정동210-11,20230519,128.8940652,35.2318659,마라26bb93bb,
3850386400,102,삼방동694-2,20230519,128.9093386,35.25353025,마라28aa96ab,
3850389100,101,삼정동325,20230519,128.9025145,35.22708315,마라27ba93ab,16.20520231
3850389600,102,안동409-2,20230519,128.9112637,35.23274924,마라28ab93bb,27
3850391900,101,버스정류장앞사거리,20230519,128.8185834,35.19964515,마라20aa90aa,23.17789017
3850392000,101,버스정류장앞사거리,20230519,128.819122,35.1990524,마라20aa90aa,24.87427746
3850392900,101,무계동426-26,20230519,128.8126726,35.19716923,마라19ab89bb,13.37124277
3850394500,101,신문동728,20230519,128.821547,35.18178767,마라20ab88aa,16.56358382
3850395300,102,율하동1310-7,20230519,128.8099856,35.17002224,마라19ab86bb,24.53034682
3850399000,106,동창원IC앞,20230519,128.7048911,35.28907539,마라09ba99bb,18.56213873
3850402601,101,성원,20230519,128.7973892,35.21668519,마라18aa92aa,
3850402201,101,참바른부동산중개,20230519,128.8228646,35.20634174,마라20ab90bb,
3850203000,104,신문동830,20230519,128.8208806,35.18218068,마라20ab88aa,17.12572254
3850410700,101,내덕동15-4,20230519,128.8256034,35.21032413,마라20ba91ab,20.5
3850406200,101,내덕동81,20230519,128.8159558,35.20766809,마라19bb91aa,47
3850407300,101,내덕동78-6,20230519,128.8189429,35.20918357,마라20aa91aa,
1410008800,104,김해교동측,20230519,128.9313435,35.22024258,마라30ab92ba,
3850254500,104,불암지하차도서측,20230519,128.9251477,35.21963336,마라29ba92ba,25.20086705
3850382400,101,농소리 656,20241129,128.829271,35.21221766,마라20bb91ba,20
3850112102,101,주제일교회,20241129,128.877538,35.23618589,마라25ab94ab,
3850112103,101,주제일교회,20241129,128.8773683,35.23607821,마라25ab94ab,
3850112104,101,주제일교회,20241129,128.8772834,35.2361652,마라25ab94ab,
3850112105,101,주제일교회,20241129,128.8774643,35.2362817,마라25ab94ab,
3850113801,101,합성초교앞교차로,20241129,128.8795648,35.23722327,마라25ba94ab,
3850113802,101,합성초교앞교차로,20241129,128.8795604,35.23707323,마라25ba94ab,
3850113803,101,합성초교앞교차로,20241129,128.8794461,35.23698932,마라25ba94ab,
3850113804,101,합성초교앞교차로,20241129,128.8794371,35.23713137,마라25ba94ab,
3850112003,101,대성동428-5,20241129,128.8753493,35.23627968,마라25aa94ab,
3850112004,101,대성동428-5,20241129,128.8753504,35.23616165,마라25aa94ab,
3850112005,101,대성동428-5,20241129,128.8752183,35.23616082,마라25aa94ab,
3850112006,101,대성동428-5,20241129,128.8752172,35.23627884,마라25aa94ab,
3850196201,101,남일산업앞교차로,20241129,128.7882682,35.33749354,마마17aa05ab,
3850196202,101,남일산업앞교차로,20241129,128.7884142,35.3373669,마마17aa05ab,
3850196203,101,남일산업앞교차로,20241129,128.7883174,35.33729225,마마17aa05ab,
3850196204,101,남일산업앞교차로,20241129,128.7881725,35.33741768,마마17aa05ab,
3850024204,101,사촌삼거리,20241129,128.8650131,35.31918761,마마24aa03ab,
3850024205,101,사촌삼거리,20241129,128.865248,35.31910539,마마24aa03ab,
3850024206,101,사촌삼거리,20241129,128.8651947,35.318987,마마24aa03ab,
3850024207,101,사촌삼거리,20241129,128.8649795,35.31908063,마마24aa03ab,
3850156101,101,가야대사거리,20241129,128.8712938,35.26687529,마라24ba97ba,
3850156102,101,가야대사거리,20241129,128.8713094,35.26675794,마라24ba97ba,
3850156103,101,가야대사거리,20241129,128.8711873,35.26675088,마라24ba97ba,
3850156104,101,가야대사거리,20241129,128.8711718,35.26686821,마라24ba97ba,
3850195703,101,농협농산물집하장앞교차로,20241129,128.7623551,35.3339444,마마14ba04bb,
3850195704,101,농협농산물집하장앞교차로,20241129,128.7622506,35.33383922,마마14ba04bb,
3850195705,101,농협농산물집하장앞교차로,20241129,128.7621523,35.33391204,마마14ba04bb,
3850195706,101,농협농산물집하장앞교차로,20241129,128.7622429,35.33399371,마마14ba04bb,
3850369902,102,장방리835-12,20241129,128.7848551,35.33551847,마마16bb05aa,
3850369903,102,장방리835-12,20241129,128.7848172,35.33562205,마마16bb05aa,
3850195707,101,시산리487-3,20241129,128.7771322,35.33836493,마마16aa05ba,
3850195708,101,시산리487-3,20241129,128.7771633,35.33825049,마마16aa05ab,
3850195709,101,시산리487-3,20241129,128.7770315,35.33822773,마마16aa05ab,
3850195710,101,시산리487-3,20241129,128.7770032,35.3383428,마마16aa05ab,
3850112203,101,주제일교회,20241129,128.8767635,35.23628766,마라25ab94ab,
3850112204,101,주제일교회,20241129,128.876762,35.23616964,마라25ab94ab,
3850112205,101,주제일교회,20241129,128.8766421,35.23616985,마라25ab94ab,
3850112206,101,주제일교회,20241129,128.876641,35.23628788,마라25ab94ab,
3850160402,101,두곡교,20241129,128.8646181,35.27269036,마라24aa98ab,
3850160403,101,두곡교,20241129,128.8646353,35.27258285,마라24aa98ab,
3850160404,101,두곡교,20241129,128.8645117,35.27257496,마라24aa98ab,
3850160405,101,두곡교,20241129,128.8644863,35.27268752,마라24aa98ab,
3850384501,101,대성동413-2,20241129,128.8754532,35.23762509,마라25aa94ab,
3850384502,101,대성동413-2,20241129,128.8753303,35.2377385,마라25aa94ab,
3850159601,101,삼계두곡마을사거리,20241129,128.8651284,35.27005392,마라24aa98aa,
3850159602,101,삼계두곡마을사거리,20241129,128.865141,35.26993618,마라24aa98aa,
3850159603,101,삼계두곡마을사거리,20241129,128.8650191,35.26993259,마라24aa98aa,
3850159604,101,삼계두곡마을사거리,20241129,128.8650052,35.27005023,마라24aa98aa,
3850160703,101,삼계동715-1,20241129,128.8641554,35.27735243,마라24aa98bb,
3850160704,101,삼계동715-1,20241129,128.8640963,35.27725529,마라24aa98bb,
3850160705,101,삼계동715-1,20241129,128.8640026,35.2772936,마라24aa98bb,
3850160706,101,삼계동715-1,20241129,128.8640616,35.27739074,마라24aa98bb,
3850165001,101,삼계동산98-9,20241129,128.8671617,35.28841288,마마24ab00aa,
3850165002,101,삼계동산98-9,20241129,128.8669869,35.28814624,마마24ab00aa,
3850165003,101,삼계동산98-9,20241129,128.8668653,35.28813173,마마24ab00aa,
3850165004,101,삼계동산98-9,20241129,128.8669354,35.2882578,마마24ab00aa,
3850190801,104,경동교,20241129,128.8304406,35.32345501,마마20bb03bb,
3850190802,104,경동교,20241129,128.8303302,35.3235082,마마20bb03bb,
3850024208,101,봉림교차로,20241129,128.8527815,35.32398069,마마22bb03bb,
3850024209,101,봉림교차로,20241129,128.8526893,35.32390321,마마22bb03bb,
3850377603,101,삼계동1344-170,20241129,128.866052,35.27273869,마라24aa98ab,
3850377604,101,삼계동1344-170,20241129,128.8660522,35.27263103,마라24aa98ab,
3850377605,101,삼계동1344-170,20241129,128.8659261,35.27262898,마라24aa98ab,
3850377606,101,삼계동1344-170,20241129,128.8659204,35.27273657,마라24aa98ab,
3850377701,101,삼계동610-7,20241129,128.8686328,35.2727241,마라24ab98ab,
3850377702,101,삼계동610-7,20241129,128.8686393,35.27265374,마라24ab98ab,
3850377703,101,삼계동610-7,20241129,128.8685098,35.27263355,마라24ab98ab,
3850377704,101,삼계동610-7,20241129,128.8685009,35.27272519,마라24ab98ab,
3850377801,101,삼계동820,20241129,128.8679086,35.27676956,마라24ab98bb,
3850377802,101,삼계동820,20241129,128.8679552,35.27664885,마라24ab98bb,
3850377803,101,삼계동820,20241129,128.8678315,35.27662364,마라24ab98bb,
3850377804,101,삼계동820,20241129,128.8677856,35.27673062,마라24ab98bb,
3850195402,101,장방리1260-1,20241129,128.792099,35.33309454,마마17ab04bb,
3850195403,101,장방리1260-1,20241129,128.7920792,35.33301216,마마17ab04bb,
3850195404,101,장방리1260-1,20241129,128.7919427,35.33303346,마마17ab04bb,
3850195405,101,장방리1260-1,20241129,128.7919622,35.33311887,마마17ab04bb,
3850377608,101,삼계동 808,20241129,128.8685959,35.27506801,마라24ab98ba,
3850024210,101,생림면 생림리 957-11,20241129,128.8618082,35.32146192,마마23bb03ba,
3850024211,101,생림면 생림리 957-11,20241129,128.8617464,35.32136638,마마23bb03ba,
3850024212,101,생림면 생림리 957-11,20241129,128.8616289,35.32141749,마마23bb03ba,
3850024213,101,생림면 생림리 957-11,20241129,128.8616908,35.32151302,마마23bb03ba,
3850112007,101,대성동 413-2,20241129,128.8754003,35.23700782,마라25aa94ab,
3850112008,101,대성동 413-2,20241129,128.8753914,35.23689994,마라25aa94ab,
3850112009,101,대성동 413-2,20241129,128.8752598,35.23690596,마라25aa94ab,
3850112010,101,대성동 413-2,20241129,128.8752689,35.23701638,마라25aa94ab,
3850112106,101,대성동 472,20241129,128.8785366,35.23668277,마라25ab94ab,
3850112107,101,대성동 472,20241129,128.8783338,35.23659683,마라25ab94ab,
3850112108,101,대성동 472,20241129,128.8782698,35.23669857,마라25ab94ab,
3850112109,101,대성동 472,20241129,128.8784725,35.23678452,마라25ab94ab,
3850112207,101,대성동 355-16,20241129,128.8768281,35.23692852,마라25ab94ab,
3850112208,101,대성동 355-16,20241129,128.8768173,35.23682075,마라25ab94ab,
3850112209,101,대성동 355-16,20241129,128.8766956,35.23682973,마라25ab94ab,
3850112210,101,대성동 355-16,20241129,128.8767065,35.23693749,마라25ab94ab,
3850160406,101,삼계동 662-1,20241129,128.8653976,35.27662952,마라24aa98bb,
3850160407,101,삼계동 662-1,20241129,128.8654357,35.27652512,마라24aa98ba,
3850160408,101,삼계동 662-1,20241129,128.8653052,35.27650963,마라24aa98ba,
3850160409,101,삼계동 662-1,20241129,128.8652729,35.27659431,마라24aa98bb,
3850160707,101,삼계교차로,20241129,128.8644925,35.27807903,마라24aa98bb,
3850160708,101,삼계교차로,20241129,128.864449,35.27797696,마라24aa98bb,
3850160709,101,삼계교차로,20241129,128.8643521,35.27800474,마라24aa98bb,
3850160710,101,삼계교차로,20241129,128.8643956,35.2781068,마라24aa98bb,
3850189102,101,불당동 1290,20241129,128.8295944,35.32097725,마마20bb03ba,20.47109827
3850189103,101,불당동 1290,20241129,128.8295607,35.32087536,마마20bb03ba,
3850189104,101,불당동 1290,20241129,128.8294357,35.32088483,마마20bb03ba,
3850189105,101,불당동 1290,20241129,128.8294695,35.32098693,마마20bb03ba,
3850189302,101,생림면 생림리 719-1,20241129,128.775161,35.32623662,마마15bb04aa,
3850189303,101,생림면 생림리 719-1,20241129,128.7752361,35.32614177,마마15bb04aa,
3850189304,101,생림면 생림리 719-1,20241129,128.7750651,35.32608647,마마15bb04aa,
3850189305,101,생림면 생림리 719-1,20241129,128.7750352,35.32620119,마마15bb04aa,
3850195406,101,불당동 1290,20241129,128.7921953,35.33388448,마마17ab05aa,
3850195407,101,불당동 1290,20241129,128.7921831,35.33377577,마마17ab05aa,
3850195408,101,불당동 1290,20241129,128.7920494,35.33380098,마마17ab05aa,
3850195409,101,불당동 1290,20241129,128.7920612,35.33390963,마마17ab05aa,
3850195711,101,생림면 생림리 232,20241129,128.767913,35.33832881,마마15aa05ab,
3850195712,101,생림면 생림리 232,20241129,128.767898,35.33821161,마마15aa05ab,
3850195713,101,생림면 생림리 232,20241129,128.7677362,35.33822643,마마15aa05ab,
3850195714,101,생림면 생림리 232,20241129,128.767753,35.33834342,마마15aa05ab,
3850369904,101,생림면 생림리 694-25,20241129,128.7801156,35.33642484,마마16ab05ab,
3850369905,101,생림면 생림리 694-25,20241129,128.7800856,35.33631954,마마16ab05ab,
3850369906,101,생림면 생림리 694-25,20241129,128.7799552,35.33634305,마마16ab05ab,
3850369907,101,생림면 생림리 694-25,20241129,128.7799799,35.33644927,마마16ab05ab,
3850377607,101,삼계동 808,20241129,128.8685555,35.27519355,마라24ab98ba,
3850377609,101,삼계동 808,20241129,128.8684682,35.27505014,마라24ab98ba,
3850377610,101,삼계동 808,20241129,128.868434,35.27515169,마라24ab98ba,
3850377611,101,삼계동 824,20241129,128.8669083,35.27513773,마라24ab98ba,
3850377612,101,삼계동 824,20241129,128.8669092,35.27504088,마라24ab98ba,
3850377613,101,삼계동 824,20241129,128.8667773,35.27504009,마라24ab98ba,
3850377614,101,삼계동 824,20241129,128.8667764,35.27513653,마라24ab98ba,
3850411501,101,삼계동 1520-1,20241129,128.8690945,35.27010234,마라24ba98aa,
3850411502,101,삼계동 1520-1,20241129,128.8690189,35.27000852,마라24ba98aa,
3850411503,101,삼계동 1520-1,20241129,128.8689374,35.27002919,마라24ba98aa,
3850411504,101,삼계동 1520-1,20241129,128.8689727,35.27014312,마라24ba98aa,
3850411601,101,삼계동 824-1,20241129,128.8669164,35.27670807,마라24ab98bb,
3850411602,101,삼계동 824-1,20241129,128.8669205,35.27660001,마라24ab98bb,
3850411603,101,삼계동 824-1,20241129,128.8667887,35.27659832,마라24ab98bb,
3850411604,101,삼계동 824-1,20241129,128.8667887,35.27670645,마라24ab98bb,
3850411801,101,생림면 생림리 168,20241129,128.8244449,35.32293158,마마20ab03bb,
3850411802,101,생림면 생림리 168,20241129,128.8241092,35.32279216,마마20ab03bb,
3850412101,101,불당동 650-3,20241129,128.8426881,35.31644695,마마22aa03aa,
3850412102,101,불당동 650-3,20241129,128.8425063,35.31621447,마마22aa03aa,
3850412201,101,한림면 시산리 519-4,20241129,128.8601246,35.31939927,마마23ba03ab,
3850412202,101,한림면 시산리 519-4,20241129,128.859982,35.31953802,마마23ba03ba,
3850412401,101,한림면 시산리 518-3,20241129,128.8241542,35.32313405,마마20ab03bb,
3850412402,101,한림면 시산리 518-3,20241129,128.8239164,35.32290806,마마20ab03bb,
3850412501,101,생림면 봉림리 64-2,20241129,128.8133919,35.32973145,마마19ab04ba,
3850412502,101,생림면 봉림리 64-2,20241129,128.8132587,35.32951279,마마19ab04ba,
3850412601,101,생림면 봉림리 1273-5,20241129,128.8046115,35.33159024,마마18ba04bb,
3850412602,101,생림면 봉림리 1273-5,20241129,128.8045824,35.33148478,마마18ba04bb,
3850412701,101,한림면 가동리 24-1,20241129,128.8103832,35.3305242,마마19aa04ba,
3850412702,101,한림면 가동리 24-1,20241129,128.8103597,35.3304178,마마19aa04ba,
3850413001,101,한림면 장방리 1473,20241129,128.7853573,35.3351462,마마16bb05aa,
3850413002,101,한림면 장방리 1473,20241129,128.7854464,35.33501761,마마16bb05aa,
3850413101,101,한림면 가동리 689-1,20241129,128.7845558,35.33529118,마마16ba05aa,
3850413102,101,한림면 가동리 689-1,20241129,128.784637,35.33515841,마마16ba05aa,
3850413201,101,한림면 가동리 26-4,20241129,128.7815634,35.33584795,마마16ab05aa,
3850413202,101,한림면 가동리 26-4,20241129,128.7815344,35.33574248,마마16ab05aa,
3850413301,101,한림면 가동리 484-8,20241129,128.7799799,35.33614066,마마16ab05ab,
3850413302,101,한림면 가동리 484-8,20241129,128.7799218,35.33603971,마마16ab05aa,
3850413401,101,한림면 시산리 1572,20241129,128.7674858,35.33800162,마마15aa05ab,
3850413402,101,한림면 시산리 1572,20241129,128.7675832,35.33792872,마마15aa05ab,
3850413403,101,한림면 시산리 1572,20241129,128.7674695,35.33782335,마마15aa05ab,
3850413404,101,한림면 시산리 1572,20241129,128.7673647,35.33788899,마마15aa05ab,
3850413501,102,한림면 장방리 1347-1,20241129,128.7665542,35.33677226,마마15aa05ab,
3850413502,102,한림면 장방리 1347-1,20241129,128.7664462,35.33683441,마마15aa05ab,
3850413801,101,불당동 557,20241129,128.8364849,35.31949244,마마21ab03ab,
3850413802,101,불당동 557,20241129,128.8362887,35.31947819,마마21ab03ab,
3850413901,101,생림면 봉림리 334-1,20241129,128.8374516,35.31901215,마마21ba03ab,
3850413902,101,생림면 봉림리 334-1,20241129,128.8372555,35.31900456,마마21ba03ab,
3850414001,101,생림면 봉림리 334-2,20241129,128.8572199,35.31768494,마마23ab03ab,
3850414002,101,생림면 봉림리 334-2,20241129,128.8570617,35.31790397,마마23ab03ab,
3850414101,101,생림면 생림리 961-2,20241129,128.8596605,35.31902109,마마23ba03ab,
3850414102,101,생림면 생림리 961-2,20241129,128.8595062,35.31918427,마마23ba03ab,
3850414201,101,봉림2터널,20241129,128.8519356,35.3153283,마마22bb03aa,
3850414202,101,봉림2터널,20241129,128.851818,35.31559114,마마22bb03aa,
3850414301,101,장성읍 유탕리 1522-1,20241129,128.8505644,35.31502556,마마22bb03aa,
3850414302,101,장성읍 유탕리 1522-1,20241129,128.8504226,35.31528774,마마22bb03aa,
3850414401,101,장성읍 유탕리 1521-6,20241129,128.8500865,35.3149543,마마22ba02bb,
3850414402,101,장성읍 유탕리 1521-6,20241129,128.8499405,35.31521615,마마22ba03aa,
3850414501,101,불당동 348-4,20241129,128.8497296,35.31491434,마마22ba02bb,
3850414502,101,불당동 348-4,20241129,128.8497555,35.31519369,마마22ba03aa,
3850414601,101,불당동 332-36,20241129,128.825347,35.32233881,마마20ab03bb,
3850414602,101,불당동 332-36,20241129,128.8250186,35.32222316,마마20ab03bb,
3850112211,101,대성동404-1,20241129,128.8768764,35.23767195,마라25ab94ab,
3850112212,101,대성동404-1,20241129,128.8768701,35.2375682,마라25ab94ab,
3850112213,101,대성동404-1,20241129,128.8767482,35.23757087,마라25ab94ab,
3850112214,101,대성동404-1,20241129,128.8767546,35.23767887,마라25ab94ab,
3850189306,101,가산리마을입구교차로,20241129,128.7657688,35.32152443,마마15aa03ba,
3850189307,101,가산리마을입구교차로,20241129,128.7658761,35.32141892,마마15aa03ba,
3850189308,101,가산리마을입구교차로,20241129,128.7657525,35.321372,마마15aa03ba,
3850189309,101,가산리마을입구교차로,20241129,128.765666,35.32145709,마마15aa03ba,
3850189106,104,독점교,20241129,128.8294258,35.32046826,마마20bb03ba,
3850189107,104,독점교,20241129,128.8293062,35.32049376,마마20bb03ba,
3850195201,104,대항교,20241129,128.7953126,35.33081404,마마17ba04ba,
3850195202,104,대항교,20241129,128.7952072,35.33075176,마마17ba04ba,
3850287900,106,진례JC,20230519,128.7700065,35.23052114,마라15ba93ba,22
3850402901,104,동김해지하차도,20241129,128.9012689,35.22816586,마라27ba93ab,
3850392100,101,신문동1172-1,20241129,128.8141664,35.19260285,마라19ba89ab,14.95375723
3850049001,101,신문동1203-7,20241129,128.8110602,35.19290708,마라19ab89ab,
3850005302,104,불암교,20230519,128.923613,35.21979566,마라29ba92ba,
3850021900,101,기쁜소식진영교회,20241129,128.7401014,35.30224799,마마12ba01ab,19.42196532
3850403001,104,동김해지하차도,20241129,128.9093792,35.22878172,마라28ab93ba,
3850405301,101,천곡리647-4,20241129,128.8270922,35.23684126,마라20bb94ab,
3850003300,101,삼한씨원부산지사,20241129,128.8393867,35.20499408,마라21bb90bb,
3850403401,101,알뜰주유소,20241129,128.8383941,35.20562504,마라21bb90bb,
3850183400,101,대신정기화물앞교차로,20241129,128.9696372,35.31201414,마마33ba02bb,17
3850011401,101,선지리647-2,20241129,128.8474422,35.23370773,마라22ba93bb,
3850403301,101,수부동산,20241129,128.8390809,35.2048071,마라21bb90bb,
3850403801,101,대광뷔페식당,20241129,128.8435389,35.21001985,마라22ab91ab,
3850403101,101,에이더스,20241129,128.8445042,35.23442955,마라22ab94aa,
3850403201,101,니카보카,20241129,128.8450012,35.23541018,마라22ab94aa,
3850405101,101,천곡리산33-2,20241129,128.8233947,35.23636332,마라20ab94aa,
3850405701,101,내삼리871-21,20241129,128.8162322,35.22511009,마라19bb92bb,
3850404801,101,병동리1211,20241129,128.796531,35.29266447,마마17bb00ab,
3850005000,101,망덕교,20241129,128.8173202,35.22313274,마라19bb92bb,
3850080300,101,흥동293,20230519,128.8528223,35.21119376,마라23aa91ab,31.07080925
3850403901,101,부경위생,20241129,128.843947,35.21303465,마라22ab91ba,
3850403601,101,서김해일반산업단지,20241129,128.8410601,35.21126566,마라22aa91ab,
3850404001,101,빨간펜수학의달인,20241129,128.8123849,35.19159274,마라19ab89ab,
3850403701,101,대광뷔페식당,20241129,128.8427272,35.2104312,마라22aa91ab,
3850056000,101,화목동1431,20230519,128.8442158,35.19528333,마라22ab89ba,61.32442197
3850111700,102,한영기계,20230519,128.7745715,35.23633119,마라15bb94aa,
3850056100,101,이동244,20230519,128.8420243,35.19532642,마라22aa89ba,36.32080925
3850048700,101,이동716-1,20230519,128.8388111,35.19096658,마라21bb89aa,
