전체주소,위도,경도
경상남도 김해시 동상동 ,35.2368400511307,128.883465067322
경상남도 김해시 동상동 ,35.2368400511307,128.883465067322
경상남도 김해시 동상동 ,35.2368400511307,128.883465067322
경상남도 김해시 동상동 ,35.2368400511307,128.883465067322
경상남도 김해시 동상동 ,35.2368400511307,128.883465067322
경상남도 김해시 동상동 ,35.2368400511307,128.883465067322
경상남도 김해시 동상동 ,35.2368400511307,128.883465067322
경상남도 김해시 동상동 ,35.2368400511307,128.883465067322
경상남도 김해시 동상동 ,35.2368400511307,128.883465067322
경상남도 김해시 동상동 ,35.2368400511307,128.883465067322
경상남도 김해시 동상동 ,35.2368400511307,128.883465067322
경상남도 김해시 동상동 ,35.2368400511307,128.883465067322
경상남도 김해시 동상동 ,35.2368400511307,128.883465067322
경상남도 김해시 동상동 ,35.2368400511307,128.883465067322
경상남도 김해시 동상동 ,35.2368400511307,128.883465067322
경상남도 김해시 동상동 ,35.2368400511307,128.883465067322
경상남도 김해시 동상동 ,35.2368400511307,128.883465067322
경상남도 김해시 동상동 ,35.2368400511307,128.883465067322
경상남도 김해시 동상동 ,35.2368400511307,128.883465067322
경상남도 김해시 동상동 ,35.2368400511307,128.883465067322
경상남도 김해시 동상동 ,35.2368400511307,128.883465067322
경상남도 김해시 동상동 ,35.2368400511307,128.883465067322
경상남도 김해시 동상동 ,35.2368400511307,128.883465067322
경상남도 김해시 동상동 ,35.2368400511307,128.883465067322
경상남도 김해시 동상동 ,35.2368400511307,128.883465067322
경상남도 김해시 동상동 ,35.2368400511307,128.883465067322
경상남도 김해시 동상동 ,35.2368400511307,128.883465067322
경상남도 김해시 동상동 ,35.2368400511307,128.883465067322
경상남도 김해시 동상동 ,35.2368400511307,128.883465067322
경상남도 김해시 동상동 ,35.2368400511307,128.883465067322
경상남도 김해시 동상동 ,35.2368400511307,128.883465067322
경상남도 김해시 동상동 ,35.2368400511307,128.883465067322
경상남도 김해시 동상동 ,35.2368400511307,128.883465067322
경상남도 김해시 동상동 ,35.2368400511307,128.883465067322
경상남도 김해시 동상동 ,35.2368400511307,128.883465067322
경상남도 김해시 동상동 ,35.2368400511307,128.883465067322
경상남도 김해시 동상동 ,35.2368400511307,128.883465067322
경상남도 김해시 동상동 ,35.2368400511307,128.883465067322
경상남도 김해시 동상동 ,35.2368400511307,128.883465067322
경상남도 김해시 동상동 ,35.2368400511307,128.883465067322
경상남도 김해시 동상동 ,35.2368400511307,128.883465067322
경상남도 김해시 동상동 ,35.2368400511307,128.883465067322
경상남도 김해시 동상동 ,35.2368400511307,128.883465067322
경상남도 김해시 동상동 ,35.2368400511307,128.883465067322
경상남도 김해시 동상동 ,35.2368400511307,128.883465067322
경상남도 김해시 동상동 ,35.2368400511307,128.883465067322
경상남도 김해시 동상동 ,35.2368400511307,128.883465067322
경상남도 김해시 동상동 ,35.2368400511307,128.883465067322
경상남도 김해시 서상동 ,35.2344098725445,128.880025878429
경상남도 김해시 서상동 ,35.2344098725445,128.880025878429
경상남도 김해시 서상동 ,35.2344098725445,128.880025878429
경상남도 김해시 서상동 ,35.2344098725445,128.880025878429
경상남도 김해시 서상동 ,35.2344098725445,128.880025878429
경상남도 김해시 서상동 ,35.2344098725445,128.880025878429
경상남도 김해시 서상동 ,35.2344098725445,128.880025878429
경상남도 김해시 부원동 ,35.2287280518993,128.886559224999
경상남도 김해시 부원동 ,35.2287280518993,128.886559224999
경상남도 김해시 부원동 ,35.2287280518993,128.886559224999
경상남도 김해시 부원동 ,35.2287280518993,128.886559224999
경상남도 김해시 부원동 ,35.2287280518993,128.886559224999
경상남도 김해시 부원동 ,35.2287280518993,128.886559224999
경상남도 김해시 부원동 ,35.2287280518993,128.886559224999
경상남도 김해시 부원동 ,35.2287280518993,128.886559224999
경상남도 김해시 부원동 ,35.2287280518993,128.886559224999
경상남도 김해시 부원동 ,35.2287280518993,128.886559224999
경상남도 김해시 부원동 ,35.2287280518993,128.886559224999
경상남도 김해시 부원동 ,35.2287280518993,128.886559224999
경상남도 김해시 부원동 ,35.2287280518993,128.886559224999
경상남도 김해시 부원동 ,35.2287280518993,128.886559224999
경상남도 김해시 부원동 ,35.2287280518993,128.886559224999
경상남도 김해시 부원동 ,35.2287280518993,128.886559224999
경상남도 김해시 부원동 ,35.2287280518993,128.886559224999
경상남도 김해시 부원동 ,35.2287280518993,128.886559224999
경상남도 김해시 부원동 ,35.2287280518993,128.886559224999
경상남도 김해시 부원동 ,35.2287280518993,128.886559224999
경상남도 김해시 부원동 ,35.2287280518993,128.886559224999
경상남도 김해시 부원동 ,35.2287280518993,128.886559224999
경상남도 김해시 부원동 ,35.2287280518993,128.886559224999
경상남도 김해시 부원동 ,35.2287280518993,128.886559224999
경상남도 김해시 부원동 ,35.2287280518993,128.886559224999
경상남도 김해시 부원동 ,35.2287280518993,128.886559224999
경상남도 김해시 부원동 ,35.2287280518993,128.886559224999
경상남도 김해시 부원동 ,35.2287280518993,128.886559224999
경상남도 김해시 부원동 ,35.2287280518993,128.886559224999
경상남도 김해시 부원동 ,35.2287280518993,128.886559224999
경상남도 김해시 부원동 ,35.2287280518993,128.886559224999
경상남도 김해시 부원동 ,35.2287280518993,128.886559224999
경상남도 김해시 부원동 ,35.2287280518993,128.886559224999
경상남도 김해시 부원동 ,35.2287280518993,128.886559224999
경상남도 김해시 부원동 ,35.2287280518993,128.886559224999
경상남도 김해시 부원동 ,35.2287280518993,128.886559224999
경상남도 김해시 부원동 ,35.2287280518993,128.886559224999
경상남도 김해시 부원동 ,35.2287280518993,128.886559224999
경상남도 김해시 부원동 ,35.2287280518993,128.886559224999
경상남도 김해시 부원동 ,35.2287280518993,128.886559224999
경상남도 김해시 부원동 ,35.2287280518993,128.886559224999
경상남도 김해시 부원동 ,35.2287280518993,128.886559224999
경상남도 김해시 부원동 ,35.2287280518993,128.886559224999
경상남도 김해시 부원동 ,35.2287280518993,128.886559224999
경상남도 김해시 부원동 ,35.2287280518993,128.886559224999
경상남도 김해시 부원동 ,35.2287280518993,128.886559224999
경상남도 김해시 부원동 ,35.2287280518993,128.886559224999
경상남도 김해시 부원동 ,35.2287280518993,128.886559224999
경상남도 김해시 부원동 ,35.2287280518993,128.886559224999
경상남도 김해시 부원동 ,35.2287280518993,128.886559224999
경상남도 김해시 부원동 ,35.2287280518993,128.886559224999
경상남도 김해시 부원동 ,35.2287280518993,128.886559224999
경상남도 김해시 부원동 ,35.2287280518993,128.886559224999
경상남도 김해시 부원동 ,35.2287280518993,128.886559224999
경상남도 김해시 부원동 ,35.2287280518993,128.886559224999
경상남도 김해시 부원동 ,35.2287280518993,128.886559224999
경상남도 김해시 부원동 ,35.2287280518993,128.886559224999
경상남도 김해시 부원동 ,35.2287280518993,128.886559224999
경상남도 김해시 부원동 ,35.2287280518993,128.886559224999
경상남도 김해시 부원동 ,35.2287280518993,128.886559224999
경상남도 김해시 부원동 ,35.2287280518993,128.886559224999
경상남도 김해시 부원동 ,35.2287280518993,128.886559224999
경상남도 김해시 부원동 ,35.2287280518993,128.886559224999
경상남도 김해시 부원동 ,35.2287280518993,128.886559224999
경상남도 김해시 부원동 ,35.2287280518993,128.886559224999
경상남도 김해시 부원동 ,35.2287280518993,128.886559224999
경상남도 김해시 부원동 ,35.2287280518993,128.886559224999
경상남도 김해시 부원동 ,35.2287280518993,128.886559224999
경상남도 김해시 부원동 ,35.2287280518993,128.886559224999
경상남도 김해시 부원동 ,35.2287280518993,128.886559224999
경상남도 김해시 부원동 ,35.2287280518993,128.886559224999
경상남도 김해시 부원동 ,35.2287280518993,128.886559224999
경상남도 김해시 부원동 ,35.2287280518993,128.886559224999
경상남도 김해시 부원동 ,35.2287280518993,128.886559224999
경상남도 김해시 부원동 ,35.2287280518993,128.886559224999
경상남도 김해시 부원동 ,35.2287280518993,128.886559224999
경상남도 김해시 부원동 ,35.2287280518993,128.886559224999
경상남도 김해시 부원동 ,35.2287280518993,128.886559224999
경상남도 김해시 부원동 ,35.2287280518993,128.886559224999
경상남도 김해시 부원동 ,35.2287280518993,128.886559224999
경상남도 김해시 부원동 ,35.2287280518993,128.886559224999
경상남도 김해시 부원동 ,35.2287280518993,128.886559224999
경상남도 김해시 부원동 ,35.2287280518993,128.886559224999
경상남도 김해시 부원동 ,35.2287280518993,128.886559224999
경상남도 김해시 부원동 ,35.2287280518993,128.886559224999
경상남도 김해시 부원동 ,35.2287280518993,128.886559224999
경상남도 김해시 부원동 ,35.2287280518993,128.886559224999
경상남도 김해시 부원동 ,35.2287280518993,128.886559224999
경상남도 김해시 부원동 ,35.2287280518993,128.886559224999
경상남도 김해시 부원동 ,35.2287280518993,128.886559224999
경상남도 김해시 부원동 ,35.2287280518993,128.886559224999
경상남도 김해시 부원동 ,35.2287280518993,128.886559224999
경상남도 김해시 부원동 ,35.2287280518993,128.886559224999
경상남도 김해시 부원동 ,35.2287280518993,128.886559224999
경상남도 김해시 부원동 ,35.2287280518993,128.886559224999
경상남도 김해시 부원동 ,35.2287280518993,128.886559224999
경상남도 김해시 부원동 ,35.2287280518993,128.886559224999
경상남도 김해시 부원동 ,35.2287280518993,128.886559224999
경상남도 김해시 부원동 ,35.2287280518993,128.886559224999
경상남도 김해시 부원동 ,35.2287280518993,128.886559224999
경상남도 김해시 부원동 ,35.2287280518993,128.886559224999
경상남도 김해시 부원동 ,35.2287280518993,128.886559224999
경상남도 김해시 부원동 ,35.2287280518993,128.886559224999
경상남도 김해시 부원동 ,35.2287280518993,128.886559224999
경상남도 김해시 부원동 ,35.2287280518993,128.886559224999
경상남도 김해시 부원동 ,35.2287280518993,128.886559224999
경상남도 김해시 부원동 ,35.2287280518993,128.886559224999
경상남도 김해시 부원동 ,35.2287280518993,128.886559224999
경상남도 김해시 부원동 ,35.2287280518993,128.886559224999
경상남도 김해시 부원동 ,35.2287280518993,128.886559224999
경상남도 김해시 부원동 ,35.2287280518993,128.886559224999
경상남도 김해시 부원동 ,35.2287280518993,128.886559224999
경상남도 김해시 부원동 ,35.2287280518993,128.886559224999
경상남도 김해시 부원동 ,35.2287280518993,128.886559224999
경상남도 김해시 부원동 ,35.2287280518993,128.886559224999
경상남도 김해시 부원동 ,35.2287280518993,128.886559224999
경상남도 김해시 부원동 ,35.2287280518993,128.886559224999
경상남도 김해시 부원동 ,35.2287280518993,128.886559224999
경상남도 김해시 부원동 ,35.2287280518993,128.886559224999
경상남도 김해시 부원동 ,35.2287280518993,128.886559224999
경상남도 김해시 부원동 ,35.2287280518993,128.886559224999
경상남도 김해시 부원동 ,35.2287280518993,128.886559224999
경상남도 김해시 부원동 ,35.2287280518993,128.886559224999
경상남도 김해시 부원동 ,35.2287280518993,128.886559224999
경상남도 김해시 부원동 ,35.2287280518993,128.886559224999
경상남도 김해시 부원동 ,35.2287280518993,128.886559224999
경상남도 김해시 부원동 ,35.2287280518993,128.886559224999
경상남도 김해시 부원동 ,35.2287280518993,128.886559224999
경상남도 김해시 부원동 ,35.2287280518993,128.886559224999
경상남도 김해시 부원동 ,35.2287280518993,128.886559224999
경상남도 김해시 부원동 ,35.2287280518993,128.886559224999
경상남도 김해시 부원동 ,35.2287280518993,128.886559224999
경상남도 김해시 봉황동 ,35.2281213411857,128.877591918834
경상남도 김해시 봉황동 ,35.2281213411857,128.877591918834
경상남도 김해시 봉황동 ,35.2281213411857,128.877591918834
경상남도 김해시 봉황동 ,35.2281213411857,128.877591918834
경상남도 김해시 봉황동 ,35.2281213411857,128.877591918834
경상남도 김해시 봉황동 ,35.2281213411857,128.877591918834
경상남도 김해시 봉황동 ,35.2281213411857,128.877591918834
경상남도 김해시 봉황동 ,35.2281213411857,128.877591918834
경상남도 김해시 봉황동 ,35.2281213411857,128.877591918834
경상남도 김해시 봉황동 ,35.2281213411857,128.877591918834
경상남도 김해시 봉황동 ,35.2281213411857,128.877591918834
경상남도 김해시 봉황동 ,35.2281213411857,128.877591918834
경상남도 김해시 봉황동 ,35.2281213411857,128.877591918834
경상남도 김해시 봉황동 ,35.2281213411857,128.877591918834
경상남도 김해시 봉황동 ,35.2281213411857,128.877591918834
경상남도 김해시 봉황동 ,35.2281213411857,128.877591918834
경상남도 김해시 봉황동 ,35.2281213411857,128.877591918834
경상남도 김해시 봉황동 ,35.2281213411857,128.877591918834
경상남도 김해시 봉황동 ,35.2281213411857,128.877591918834
경상남도 김해시 봉황동 ,35.2281213411857,128.877591918834
경상남도 김해시 봉황동 ,35.2281213411857,128.877591918834
경상남도 김해시 봉황동 ,35.2281213411857,128.877591918834
경상남도 김해시 봉황동 ,35.2281213411857,128.877591918834
경상남도 김해시 봉황동 ,35.2281213411857,128.877591918834
경상남도 김해시 봉황동 ,35.2281213411857,128.877591918834
경상남도 김해시 봉황동 ,35.2281213411857,128.877591918834
경상남도 김해시 봉황동 ,35.2281213411857,128.877591918834
경상남도 김해시 봉황동 ,35.2281213411857,128.877591918834
경상남도 김해시 봉황동 ,35.2281213411857,128.877591918834
경상남도 김해시 봉황동 ,35.2281213411857,128.877591918834
경상남도 김해시 봉황동 ,35.2281213411857,128.877591918834
경상남도 김해시 봉황동 ,35.2281213411857,128.877591918834
경상남도 김해시 봉황동 ,35.2281213411857,128.877591918834
경상남도 김해시 봉황동 ,35.2281213411857,128.877591918834
경상남도 김해시 봉황동 ,35.2281213411857,128.877591918834
경상남도 김해시 봉황동 ,35.2281213411857,128.877591918834
경상남도 김해시 봉황동 ,35.2281213411857,128.877591918834
경상남도 김해시 봉황동 ,35.2281213411857,128.877591918834
경상남도 김해시 봉황동 ,35.2281213411857,128.877591918834
경상남도 김해시 봉황동 ,35.2281213411857,128.877591918834
경상남도 김해시 봉황동 ,35.2281213411857,128.877591918834
경상남도 김해시 봉황동 ,35.2281213411857,128.877591918834
경상남도 김해시 봉황동 ,35.2281213411857,128.877591918834
경상남도 김해시 봉황동 ,35.2281213411857,128.877591918834
경상남도 김해시 봉황동 ,35.2281213411857,128.877591918834
경상남도 김해시 대성동 ,35.2390744647033,128.878165152784
경상남도 김해시 대성동 ,35.2390744647033,128.878165152784
경상남도 김해시 대성동 ,35.2390744647033,128.878165152784
경상남도 김해시 대성동 ,35.2390744647033,128.878165152784
경상남도 김해시 대성동 ,35.2390744647033,128.878165152784
경상남도 김해시 대성동 ,35.2390744647033,128.878165152784
경상남도 김해시 대성동 ,35.2390744647033,128.878165152784
경상남도 김해시 대성동 ,35.2390744647033,128.878165152784
경상남도 김해시 대성동 ,35.2390744647033,128.878165152784
경상남도 김해시 대성동 ,35.2390744647033,128.878165152784
경상남도 김해시 대성동 ,35.2390744647033,128.878165152784
경상남도 김해시 대성동 ,35.2390744647033,128.878165152784
경상남도 김해시 대성동 ,35.2390744647033,128.878165152784
경상남도 김해시 대성동 ,35.2390744647033,128.878165152784
경상남도 김해시 대성동 ,35.2390744647033,128.878165152784
경상남도 김해시 대성동 ,35.2390744647033,128.878165152784
경상남도 김해시 대성동 ,35.2390744647033,128.878165152784
경상남도 김해시 대성동 ,35.2390744647033,128.878165152784
경상남도 김해시 대성동 ,35.2390744647033,128.878165152784
경상남도 김해시 대성동 ,35.2390744647033,128.878165152784
경상남도 김해시 구산동 ,35.2512435861706,128.87238159204
경상남도 김해시 구산동 ,35.2512435861706,128.87238159204
경상남도 김해시 구산동 ,35.2512435861706,128.87238159204
경상남도 김해시 구산동 ,35.2512435861706,128.87238159204
경상남도 김해시 구산동 ,35.2512435861706,128.87238159204
경상남도 김해시 구산동 ,35.2512435861706,128.87238159204
경상남도 김해시 구산동 ,35.2512435861706,128.87238159204
경상남도 김해시 구산동 ,35.2512435861706,128.87238159204
경상남도 김해시 구산동 ,35.2512435861706,128.87238159204
경상남도 김해시 구산동 ,35.2512435861706,128.87238159204
경상남도 김해시 구산동 ,35.2512435861706,128.87238159204
경상남도 김해시 구산동 ,35.2512435861706,128.87238159204
경상남도 김해시 구산동 ,35.2512435861706,128.87238159204
경상남도 김해시 구산동 ,35.2512435861706,128.87238159204
경상남도 김해시 구산동 ,35.2512435861706,128.87238159204
경상남도 김해시 구산동 ,35.2512435861706,128.87238159204
경상남도 김해시 구산동 ,35.2512435861706,128.87238159204
경상남도 김해시 구산동 ,35.2512435861706,128.87238159204
경상남도 김해시 구산동 ,35.2512435861706,128.87238159204
경상남도 김해시 구산동 ,35.2512435861706,128.87238159204
경상남도 김해시 구산동 ,35.2512435861706,128.87238159204
경상남도 김해시 구산동 ,35.2512435861706,128.87238159204
경상남도 김해시 구산동 ,35.2512435861706,128.87238159204
경상남도 김해시 구산동 ,35.2512435861706,128.87238159204
경상남도 김해시 구산동 ,35.2512435861706,128.87238159204
경상남도 김해시 구산동 ,35.2512435861706,128.87238159204
경상남도 김해시 구산동 ,35.2512435861706,128.87238159204
경상남도 김해시 구산동 ,35.2512435861706,128.87238159204
경상남도 김해시 구산동 ,35.2512435861706,128.87238159204
경상남도 김해시 구산동 ,35.2512435861706,128.87238159204
경상남도 김해시 구산동 ,35.2512435861706,128.87238159204
경상남도 김해시 구산동 ,35.2512435861706,128.87238159204
경상남도 김해시 구산동 ,35.2512435861706,128.87238159204
경상남도 김해시 구산동 ,35.2512435861706,128.87238159204
경상남도 김해시 구산동 ,35.2512435861706,128.87238159204
경상남도 김해시 구산동 ,35.2512435861706,128.87238159204
경상남도 김해시 구산동 ,35.2512435861706,128.87238159204
경상남도 김해시 구산동 ,35.2512435861706,128.87238159204
경상남도 김해시 구산동 ,35.2512435861706,128.87238159204
경상남도 김해시 구산동 ,35.2512435861706,128.87238159204
경상남도 김해시 구산동 ,35.2512435861706,128.87238159204
경상남도 김해시 구산동 ,35.2512435861706,128.87238159204
경상남도 김해시 구산동 ,35.2512435861706,128.87238159204
경상남도 김해시 구산동 ,35.2512435861706,128.87238159204
경상남도 김해시 구산동 ,35.2512435861706,128.87238159204
경상남도 김해시 구산동 ,35.2512435861706,128.87238159204
경상남도 김해시 구산동 ,35.2512435861706,128.87238159204
경상남도 김해시 구산동 ,35.2512435861706,128.87238159204
경상남도 김해시 구산동 ,35.2512435861706,128.87238159204
경상남도 김해시 구산동 ,35.2512435861706,128.87238159204
경상남도 김해시 구산동 ,35.2512435861706,128.87238159204
경상남도 김해시 구산동 ,35.2512435861706,128.87238159204
경상남도 김해시 구산동 ,35.2512435861706,128.87238159204
경상남도 김해시 구산동 ,35.2512435861706,128.87238159204
경상남도 김해시 구산동 ,35.2512435861706,128.87238159204
경상남도 김해시 구산동 ,35.2512435861706,128.87238159204
경상남도 김해시 구산동 ,35.2512435861706,128.87238159204
경상남도 김해시 구산동 ,35.2512435861706,128.87238159204
경상남도 김해시 구산동 ,35.2512435861706,128.87238159204
경상남도 김해시 구산동 ,35.2512435861706,128.87238159204
경상남도 김해시 구산동 ,35.2512435861706,128.87238159204
경상남도 김해시 구산동 ,35.2512435861706,128.87238159204
경상남도 김해시 구산동 ,35.2512435861706,128.87238159204
경상남도 김해시 구산동 ,35.2512435861706,128.87238159204
경상남도 김해시 구산동 ,35.2512435861706,128.87238159204
경상남도 김해시 구산동 ,35.2512435861706,128.87238159204
경상남도 김해시 구산동 ,35.2512435861706,128.87238159204
경상남도 김해시 구산동 ,35.2512435861706,128.87238159204
경상남도 김해시 구산동 ,35.2512435861706,128.87238159204
경상남도 김해시 구산동 ,35.2512435861706,128.87238159204
경상남도 김해시 구산동 ,35.2512435861706,128.87238159204
경상남도 김해시 구산동 ,35.2512435861706,128.87238159204
경상남도 김해시 구산동 ,35.2512435861706,128.87238159204
경상남도 김해시 구산동 ,35.2512435861706,128.87238159204
경상남도 김해시 구산동 ,35.2512435861706,128.87238159204
경상남도 김해시 구산동 ,35.2512435861706,128.87238159204
경상남도 김해시 구산동 ,35.2512435861706,128.87238159204
경상남도 김해시 구산동 ,35.2512435861706,128.87238159204
경상남도 김해시 구산동 ,35.2512435861706,128.87238159204
경상남도 김해시 구산동 ,35.2512435861706,128.87238159204
경상남도 김해시 구산동 ,35.2512435861706,128.87238159204
경상남도 김해시 구산동 ,35.2512435861706,128.87238159204
경상남도 김해시 구산동 ,35.2512435861706,128.87238159204
경상남도 김해시 구산동 ,35.2512435861706,128.87238159204
경상남도 김해시 구산동 ,35.2512435861706,128.87238159204
경상남도 김해시 구산동 ,35.2512435861706,128.87238159204
경상남도 김해시 구산동 ,35.2512435861706,128.87238159204
경상남도 김해시 구산동 ,35.2512435861706,128.87238159204
경상남도 김해시 구산동 ,35.2512435861706,128.87238159204
경상남도 김해시 구산동 ,35.2512435861706,128.87238159204
경상남도 김해시 구산동 ,35.2512435861706,128.87238159204
경상남도 김해시 구산동 ,35.2512435861706,128.87238159204
경상남도 김해시 구산동 ,35.2512435861706,128.87238159204
경상남도 김해시 구산동 ,35.2512435861706,128.87238159204
경상남도 김해시 구산동 ,35.2512435861706,128.87238159204
경상남도 김해시 구산동 ,35.2512435861706,128.87238159204
경상남도 김해시 구산동 ,35.2512435861706,128.87238159204
경상남도 김해시 구산동 ,35.2512435861706,128.87238159204
경상남도 김해시 구산동 ,35.2512435861706,128.87238159204
경상남도 김해시 구산동 ,35.2512435861706,128.87238159204
경상남도 김해시 구산동 ,35.2512435861706,128.87238159204
경상남도 김해시 구산동 ,35.2512435861706,128.87238159204
경상남도 김해시 구산동 ,35.2512435861706,128.87238159204
경상남도 김해시 구산동 ,35.2512435861706,128.87238159204
경상남도 김해시 구산동 ,35.2512435861706,128.87238159204
경상남도 김해시 구산동 ,35.2512435861706,128.87238159204
경상남도 김해시 구산동 ,35.2512435861706,128.87238159204
경상남도 김해시 구산동 ,35.2512435861706,128.87238159204
경상남도 김해시 구산동 ,35.2512435861706,128.87238159204
경상남도 김해시 구산동 ,35.2512435861706,128.87238159204
경상남도 김해시 구산동 ,35.2512435861706,128.87238159204
경상남도 김해시 구산동 ,35.2512435861706,128.87238159204
경상남도 김해시 구산동 ,35.2512435861706,128.87238159204
경상남도 김해시 구산동 ,35.2512435861706,128.87238159204
경상남도 김해시 구산동 ,35.2512435861706,128.87238159204
경상남도 김해시 구산동 ,35.2512435861706,128.87238159204
경상남도 김해시 구산동 ,35.2512435861706,128.87238159204
경상남도 김해시 구산동 ,35.2512435861706,128.87238159204
경상남도 김해시 구산동 ,35.2512435861706,128.87238159204
경상남도 김해시 구산동 ,35.2512435861706,128.87238159204
경상남도 김해시 구산동 ,35.2512435861706,128.87238159204
경상남도 김해시 구산동 ,35.2512435861706,128.87238159204
경상남도 김해시 구산동 ,35.2512435861706,128.87238159204
경상남도 김해시 구산동 ,35.2512435861706,128.87238159204
경상남도 김해시 구산동 ,35.2512435861706,128.87238159204
경상남도 김해시 구산동 ,35.2512435861706,128.87238159204
경상남도 김해시 구산동 ,35.2512435861706,128.87238159204
경상남도 김해시 구산동 ,35.2512435861706,128.87238159204
경상남도 김해시 구산동 ,35.2512435861706,128.87238159204
경상남도 김해시 구산동 ,35.2512435861706,128.87238159204
경상남도 김해시 구산동 ,35.2512435861706,128.87238159204
경상남도 김해시 구산동 ,35.2512435861706,128.87238159204
경상남도 김해시 구산동 ,35.2512435861706,128.87238159204
경상남도 김해시 구산동 ,35.2512435861706,128.87238159204
경상남도 김해시 구산동 ,35.2512435861706,128.87238159204
경상남도 김해시 구산동 ,35.2512435861706,128.87238159204
경상남도 김해시 구산동 ,35.2512435861706,128.87238159204
경상남도 김해시 구산동 ,35.2512435861706,128.87238159204
경상남도 김해시 구산동 ,35.2512435861706,128.87238159204
경상남도 김해시 구산동 ,35.2512435861706,128.87238159204
경상남도 김해시 구산동 ,35.2512435861706,128.87238159204
경상남도 김해시 구산동 ,35.2512435861706,128.87238159204
경상남도 김해시 구산동 ,35.2512435861706,128.87238159204
경상남도 김해시 구산동 ,35.2512435861706,128.87238159204
경상남도 김해시 구산동 ,35.2512435861706,128.87238159204
경상남도 김해시 구산동 ,35.2512435861706,128.87238159204
경상남도 김해시 구산동 ,35.2512435861706,128.87238159204
경상남도 김해시 구산동 ,35.2512435861706,128.87238159204
경상남도 김해시 구산동 ,35.2512435861706,128.87238159204
경상남도 김해시 구산동 ,35.2512435861706,128.87238159204
경상남도 김해시 구산동 ,35.2512435861706,128.87238159204
경상남도 김해시 구산동 ,35.2512435861706,128.87238159204
경상남도 김해시 구산동 ,35.2512435861706,128.87238159204
경상남도 김해시 구산동 ,35.2512435861706,128.87238159204
경상남도 김해시 구산동 ,35.2512435861706,128.87238159204
경상남도 김해시 구산동 ,35.2512435861706,128.87238159204
경상남도 김해시 구산동 ,35.2512435861706,128.87238159204
경상남도 김해시 구산동 ,35.2512435861706,128.87238159204
경상남도 김해시 구산동 ,35.2512435861706,128.87238159204
경상남도 김해시 구산동 ,35.2512435861706,128.87238159204
경상남도 김해시 구산동 ,35.2512435861706,128.87238159204
경상남도 김해시 구산동 ,35.2512435861706,128.87238159204
경상남도 김해시 구산동 ,35.2512435861706,128.87238159204
경상남도 김해시 구산동 ,35.2512435861706,128.87238159204
경상남도 김해시 삼계동 ,35.2707706209913,128.86607071872
경상남도 김해시 삼계동 ,35.2707706209913,128.86607071872
경상남도 김해시 삼계동 ,35.2707706209913,128.86607071872
경상남도 김해시 삼계동 ,35.2707706209913,128.86607071872
경상남도 김해시 삼계동 ,35.2707706209913,128.86607071872
경상남도 김해시 삼계동 ,35.2707706209913,128.86607071872
경상남도 김해시 삼계동 ,35.2707706209913,128.86607071872
경상남도 김해시 삼계동 ,35.2707706209913,128.86607071872
경상남도 김해시 삼계동 ,35.2707706209913,128.86607071872
경상남도 김해시 삼계동 ,35.2707706209913,128.86607071872
경상남도 김해시 삼계동 ,35.2707706209913,128.86607071872
경상남도 김해시 삼계동 ,35.2707706209913,128.86607071872
경상남도 김해시 삼계동 ,35.2707706209913,128.86607071872
경상남도 김해시 삼계동 ,35.2707706209913,128.86607071872
경상남도 김해시 삼계동 ,35.2707706209913,128.86607071872
경상남도 김해시 삼계동 ,35.2707706209913,128.86607071872
경상남도 김해시 삼계동 ,35.2707706209913,128.86607071872
경상남도 김해시 삼계동 ,35.2707706209913,128.86607071872
경상남도 김해시 삼계동 ,35.2707706209913,128.86607071872
경상남도 김해시 삼계동 ,35.2707706209913,128.86607071872
경상남도 김해시 삼계동 ,35.2707706209913,128.86607071872
경상남도 김해시 삼계동 ,35.2707706209913,128.86607071872
경상남도 김해시 삼계동 ,35.2707706209913,128.86607071872
경상남도 김해시 삼계동 ,35.2707706209913,128.86607071872
경상남도 김해시 삼계동 ,35.2707706209913,128.86607071872
경상남도 김해시 삼계동 ,35.2707706209913,128.86607071872
경상남도 김해시 삼계동 ,35.2707706209913,128.86607071872
경상남도 김해시 삼계동 ,35.2707706209913,128.86607071872
경상남도 김해시 삼계동 ,35.2707706209913,128.86607071872
경상남도 김해시 삼계동 ,35.2707706209913,128.86607071872
경상남도 김해시 삼계동 ,35.2707706209913,128.86607071872
경상남도 김해시 삼계동 ,35.2707706209913,128.86607071872
경상남도 김해시 삼계동 ,35.2707706209913,128.86607071872
경상남도 김해시 삼계동 ,35.2707706209913,128.86607071872
경상남도 김해시 삼계동 ,35.2707706209913,128.86607071872
경상남도 김해시 삼계동 ,35.2707706209913,128.86607071872
경상남도 김해시 삼계동 ,35.2707706209913,128.86607071872
경상남도 김해시 삼계동 ,35.2707706209913,128.86607071872
경상남도 김해시 삼계동 ,35.2707706209913,128.86607071872
경상남도 김해시 삼계동 ,35.2707706209913,128.86607071872
경상남도 김해시 삼계동 ,35.2707706209913,128.86607071872
경상남도 김해시 삼계동 ,35.2707706209913,128.86607071872
경상남도 김해시 삼계동 ,35.2707706209913,128.86607071872
경상남도 김해시 삼계동 ,35.2707706209913,128.86607071872
경상남도 김해시 삼계동 ,35.2707706209913,128.86607071872
경상남도 김해시 삼계동 ,35.2707706209913,128.86607071872
경상남도 김해시 삼계동 ,35.2707706209913,128.86607071872
경상남도 김해시 삼계동 ,35.2707706209913,128.86607071872
경상남도 김해시 삼계동 ,35.2707706209913,128.86607071872
경상남도 김해시 삼계동 ,35.2707706209913,128.86607071872
경상남도 김해시 삼계동 ,35.2707706209913,128.86607071872
경상남도 김해시 삼계동 ,35.2707706209913,128.86607071872
경상남도 김해시 삼계동 ,35.2707706209913,128.86607071872
경상남도 김해시 삼계동 ,35.2707706209913,128.86607071872
경상남도 김해시 삼계동 ,35.2707706209913,128.86607071872
경상남도 김해시 삼계동 ,35.2707706209913,128.86607071872
경상남도 김해시 삼계동 ,35.2707706209913,128.86607071872
경상남도 김해시 삼계동 ,35.2707706209913,128.86607071872
경상남도 김해시 삼계동 ,35.2707706209913,128.86607071872
경상남도 김해시 삼계동 ,35.2707706209913,128.86607071872
경상남도 김해시 삼계동 ,35.2707706209913,128.86607071872
경상남도 김해시 삼계동 ,35.2707706209913,128.86607071872
경상남도 김해시 삼계동 ,35.2707706209913,128.86607071872
경상남도 김해시 삼계동 ,35.2707706209913,128.86607071872
경상남도 김해시 삼계동 ,35.2707706209913,128.86607071872
경상남도 김해시 삼계동 ,35.2707706209913,128.86607071872
경상남도 김해시 삼계동 ,35.2707706209913,128.86607071872
경상남도 김해시 삼계동 ,35.2707706209913,128.86607071872
경상남도 김해시 삼계동 ,35.2707706209913,128.86607071872
경상남도 김해시 삼계동 ,35.2707706209913,128.86607071872
경상남도 김해시 삼계동 ,35.2707706209913,128.86607071872
경상남도 김해시 삼계동 ,35.2707706209913,128.86607071872
경상남도 김해시 삼계동 ,35.2707706209913,128.86607071872
경상남도 김해시 삼계동 ,35.2707706209913,128.86607071872
경상남도 김해시 삼계동 ,35.2707706209913,128.86607071872
경상남도 김해시 삼계동 ,35.2707706209913,128.86607071872
경상남도 김해시 삼계동 ,35.2707706209913,128.86607071872
경상남도 김해시 삼계동 ,35.2707706209913,128.86607071872
경상남도 김해시 삼계동 ,35.2707706209913,128.86607071872
경상남도 김해시 삼계동 ,35.2707706209913,128.86607071872
경상남도 김해시 삼계동 ,35.2707706209913,128.86607071872
경상남도 김해시 삼계동 ,35.2707706209913,128.86607071872
경상남도 김해시 삼계동 ,35.2707706209913,128.86607071872
경상남도 김해시 삼계동 ,35.2707706209913,128.86607071872
경상남도 김해시 삼계동 ,35.2707706209913,128.86607071872
경상남도 김해시 삼계동 ,35.2707706209913,128.86607071872
경상남도 김해시 삼계동 ,35.2707706209913,128.86607071872
경상남도 김해시 삼계동 ,35.2707706209913,128.86607071872
경상남도 김해시 삼계동 ,35.2707706209913,128.86607071872
경상남도 김해시 삼계동 ,35.2707706209913,128.86607071872
경상남도 김해시 삼계동 ,35.2707706209913,128.86607071872
경상남도 김해시 삼계동 ,35.2707706209913,128.86607071872
경상남도 김해시 삼계동 ,35.2707706209913,128.86607071872
경상남도 김해시 삼계동 ,35.2707706209913,128.86607071872
경상남도 김해시 삼계동 ,35.2707706209913,128.86607071872
경상남도 김해시 삼계동 ,35.2707706209913,128.86607071872
경상남도 김해시 삼계동 ,35.2707706209913,128.86607071872
경상남도 김해시 삼계동 ,35.2707706209913,128.86607071872
경상남도 김해시 삼계동 ,35.2707706209913,128.86607071872
경상남도 김해시 삼계동 ,35.2707706209913,128.86607071872
경상남도 김해시 삼계동 ,35.2707706209913,128.86607071872
경상남도 김해시 삼계동 ,35.2707706209913,128.86607071872
경상남도 김해시 삼계동 ,35.2707706209913,128.86607071872
경상남도 김해시 삼계동 ,35.2707706209913,128.86607071872
경상남도 김해시 삼계동 ,35.2707706209913,128.86607071872
경상남도 김해시 삼계동 ,35.2707706209913,128.86607071872
경상남도 김해시 삼계동 ,35.2707706209913,128.86607071872
경상남도 김해시 삼계동 ,35.2707706209913,128.86607071872
경상남도 김해시 삼계동 ,35.2707706209913,128.86607071872
경상남도 김해시 삼계동 ,35.2707706209913,128.86607071872
경상남도 김해시 삼계동 ,35.2707706209913,128.86607071872
경상남도 김해시 삼계동 ,35.2707706209913,128.86607071872
경상남도 김해시 삼계동 ,35.2707706209913,128.86607071872
경상남도 김해시 삼계동 ,35.2707706209913,128.86607071872
경상남도 김해시 삼계동 ,35.2707706209913,128.86607071872
경상남도 김해시 삼계동 ,35.2707706209913,128.86607071872
경상남도 김해시 삼계동 ,35.2707706209913,128.86607071872
경상남도 김해시 삼계동 ,35.2707706209913,128.86607071872
경상남도 김해시 삼계동 ,35.2707706209913,128.86607071872
경상남도 김해시 삼계동 ,35.2707706209913,128.86607071872
경상남도 김해시 삼계동 ,35.2707706209913,128.86607071872
경상남도 김해시 삼계동 ,35.2707706209913,128.86607071872
경상남도 김해시 삼계동 ,35.2707706209913,128.86607071872
경상남도 김해시 삼계동 ,35.2707706209913,128.86607071872
경상남도 김해시 삼계동 ,35.2707706209913,128.86607071872
경상남도 김해시 삼계동 ,35.2707706209913,128.86607071872
경상남도 김해시 삼계동 ,35.2707706209913,128.86607071872
경상남도 김해시 삼계동 ,35.2707706209913,128.86607071872
경상남도 김해시 삼계동 ,35.2707706209913,128.86607071872
경상남도 김해시 삼계동 ,35.2707706209913,128.86607071872
경상남도 김해시 삼계동 ,35.2707706209913,128.86607071872
경상남도 김해시 삼계동 ,35.2707706209913,128.86607071872
경상남도 김해시 삼계동 ,35.2707706209913,128.86607071872
경상남도 김해시 삼계동 ,35.2707706209913,128.86607071872
경상남도 김해시 삼계동 ,35.2707706209913,128.86607071872
경상남도 김해시 삼계동 ,35.2707706209913,128.86607071872
경상남도 김해시 삼계동 ,35.2707706209913,128.86607071872
경상남도 김해시 삼계동 ,35.2707706209913,128.86607071872
경상남도 김해시 삼계동 ,35.2707706209913,128.86607071872
경상남도 김해시 삼계동 ,35.2707706209913,128.86607071872
경상남도 김해시 삼계동 ,35.2707706209913,128.86607071872
경상남도 김해시 삼계동 ,35.2707706209913,128.86607071872
경상남도 김해시 삼계동 ,35.2707706209913,128.86607071872
경상남도 김해시 삼계동 ,35.2707706209913,128.86607071872
경상남도 김해시 삼계동 ,35.2707706209913,128.86607071872
경상남도 김해시 삼계동 ,35.2707706209913,128.86607071872
경상남도 김해시 삼계동 ,35.2707706209913,128.86607071872
경상남도 김해시 삼계동 ,35.2707706209913,128.86607071872
경상남도 김해시 삼계동 ,35.2707706209913,128.86607071872
경상남도 김해시 삼계동 ,35.2707706209913,128.86607071872
경상남도 김해시 삼계동 ,35.2707706209913,128.86607071872
경상남도 김해시 삼계동 ,35.2707706209913,128.86607071872
경상남도 김해시 삼계동 ,35.2707706209913,128.86607071872
경상남도 김해시 삼계동 ,35.2707706209913,128.86607071872
경상남도 김해시 삼계동 ,35.2707706209913,128.86607071872
경상남도 김해시 삼계동 ,35.2707706209913,128.86607071872
경상남도 김해시 삼계동 ,35.2707706209913,128.86607071872
경상남도 김해시 삼계동 ,35.2707706209913,128.86607071872
경상남도 김해시 삼계동 ,35.2707706209913,128.86607071872
경상남도 김해시 삼계동 ,35.2707706209913,128.86607071872
경상남도 김해시 삼계동 ,35.2707706209913,128.86607071872
경상남도 김해시 삼계동 ,35.2707706209913,128.86607071872
경상남도 김해시 삼계동 ,35.2707706209913,128.86607071872
경상남도 김해시 삼계동 ,35.2707706209913,128.86607071872
경상남도 김해시 삼계동 ,35.2707706209913,128.86607071872
경상남도 김해시 삼계동 ,35.2707706209913,128.86607071872
경상남도 김해시 삼계동 ,35.2707706209913,128.86607071872
경상남도 김해시 삼계동 ,35.2707706209913,128.86607071872
경상남도 김해시 삼계동 ,35.2707706209913,128.86607071872
경상남도 김해시 삼계동 ,35.2707706209913,128.86607071872
경상남도 김해시 삼계동 ,35.2707706209913,128.86607071872
경상남도 김해시 삼계동 ,35.2707706209913,128.86607071872
경상남도 김해시 삼계동 ,35.2707706209913,128.86607071872
경상남도 김해시 삼계동 ,35.2707706209913,128.86607071872
경상남도 김해시 삼계동 ,35.2707706209913,128.86607071872
경상남도 김해시 삼계동 ,35.2707706209913,128.86607071872
경상남도 김해시 삼계동 ,35.2707706209913,128.86607071872
경상남도 김해시 삼계동 ,35.2707706209913,128.86607071872
경상남도 김해시 삼계동 ,35.2707706209913,128.86607071872
경상남도 김해시 삼계동 ,35.2707706209913,128.86607071872
경상남도 김해시 삼계동 ,35.2707706209913,128.86607071872
경상남도 김해시 삼계동 ,35.2707706209913,128.86607071872
경상남도 김해시 삼계동 ,35.2707706209913,128.86607071872
경상남도 김해시 삼계동 ,35.2707706209913,128.86607071872
경상남도 김해시 삼계동 ,35.2707706209913,128.86607071872
경상남도 김해시 삼계동 ,35.2707706209913,128.86607071872
경상남도 김해시 삼계동 ,35.2707706209913,128.86607071872
경상남도 김해시 삼계동 ,35.2707706209913,128.86607071872
경상남도 김해시 삼계동 ,35.2707706209913,128.86607071872
경상남도 김해시 삼계동 ,35.2707706209913,128.86607071872
경상남도 김해시 삼계동 ,35.2707706209913,128.86607071872
경상남도 김해시 삼계동 ,35.2707706209913,128.86607071872
경상남도 김해시 삼계동 ,35.2707706209913,128.86607071872
경상남도 김해시 삼계동 ,35.2707706209913,128.86607071872
경상남도 김해시 삼계동 ,35.2707706209913,128.86607071872
경상남도 김해시 삼계동 ,35.2707706209913,128.86607071872
경상남도 김해시 삼계동 ,35.2707706209913,128.86607071872
경상남도 김해시 삼계동 ,35.2707706209913,128.86607071872
경상남도 김해시 삼계동 ,35.2707706209913,128.86607071872
경상남도 김해시 삼계동 ,35.2707706209913,128.86607071872
경상남도 김해시 삼계동 ,35.2707706209913,128.86607071872
경상남도 김해시 삼계동 ,35.2707706209913,128.86607071872
경상남도 김해시 삼계동 ,35.2707706209913,128.86607071872
경상남도 김해시 삼계동 ,35.2707706209913,128.86607071872
경상남도 김해시 삼계동 ,35.2707706209913,128.86607071872
경상남도 김해시 삼계동 ,35.2707706209913,128.86607071872
경상남도 김해시 삼계동 ,35.2707706209913,128.86607071872
경상남도 김해시 삼계동 ,35.2707706209913,128.86607071872
경상남도 김해시 삼계동 ,35.2707706209913,128.86607071872
경상남도 김해시 삼계동 ,35.2707706209913,128.86607071872
경상남도 김해시 삼계동 ,35.2707706209913,128.86607071872
경상남도 김해시 삼계동 ,35.2707706209913,128.86607071872
경상남도 김해시 삼계동 ,35.2707706209913,128.86607071872
경상남도 김해시 삼계동 ,35.2707706209913,128.86607071872
경상남도 김해시 삼계동 ,35.2707706209913,128.86607071872
경상남도 김해시 삼계동 ,35.2707706209913,128.86607071872
경상남도 김해시 삼계동 ,35.2707706209913,128.86607071872
경상남도 김해시 삼계동 ,35.2707706209913,128.86607071872
경상남도 김해시 삼계동 ,35.2707706209913,128.86607071872
경상남도 김해시 삼계동 ,35.2707706209913,128.86607071872
경상남도 김해시 삼계동 ,35.2707706209913,128.86607071872
경상남도 김해시 삼계동 ,35.2707706209913,128.86607071872
경상남도 김해시 삼계동 ,35.2707706209913,128.86607071872
경상남도 김해시 삼계동 ,35.2707706209913,128.86607071872
경상남도 김해시 삼계동 ,35.2707706209913,128.86607071872
경상남도 김해시 삼계동 ,35.2707706209913,128.86607071872
경상남도 김해시 삼계동 ,35.2707706209913,128.86607071872
경상남도 김해시 삼계동 ,35.2707706209913,128.86607071872
경상남도 김해시 삼계동 ,35.2707706209913,128.86607071872
경상남도 김해시 삼계동 ,35.2707706209913,128.86607071872
경상남도 김해시 삼계동 ,35.2707706209913,128.86607071872
경상남도 김해시 삼계동 ,35.2707706209913,128.86607071872
경상남도 김해시 삼계동 ,35.2707706209913,128.86607071872
경상남도 김해시 삼계동 ,35.2707706209913,128.86607071872
경상남도 김해시 삼계동 ,35.2707706209913,128.86607071872
경상남도 김해시 삼계동 ,35.2707706209913,128.86607071872
경상남도 김해시 삼계동 ,35.2707706209913,128.86607071872
경상남도 김해시 삼계동 ,35.2707706209913,128.86607071872
경상남도 김해시 삼계동 ,35.2707706209913,128.86607071872
경상남도 김해시 삼계동 ,35.2707706209913,128.86607071872
경상남도 김해시 삼계동 ,35.2707706209913,128.86607071872
경상남도 김해시 삼계동 ,35.2707706209913,128.86607071872
경상남도 김해시 삼계동 ,35.2707706209913,128.86607071872
경상남도 김해시 삼계동 ,35.2707706209913,128.86607071872
경상남도 김해시 삼계동 ,35.2707706209913,128.86607071872
경상남도 김해시 삼계동 ,35.2707706209913,128.86607071872
경상남도 김해시 삼계동 ,35.2707706209913,128.86607071872
경상남도 김해시 삼계동 ,35.2707706209913,128.86607071872
경상남도 김해시 삼계동 ,35.2707706209913,128.86607071872
경상남도 김해시 삼계동 ,35.2707706209913,128.86607071872
경상남도 김해시 삼계동 ,35.2707706209913,128.86607071872
경상남도 김해시 삼계동 ,35.2707706209913,128.86607071872
경상남도 김해시 삼계동 ,35.2707706209913,128.86607071872
경상남도 김해시 삼계동 ,35.2707706209913,128.86607071872
경상남도 김해시 삼계동 ,35.2707706209913,128.86607071872
경상남도 김해시 삼계동 ,35.2707706209913,128.86607071872
경상남도 김해시 삼계동 ,35.2707706209913,128.86607071872
경상남도 김해시 삼계동 ,35.2707706209913,128.86607071872
경상남도 김해시 삼계동 ,35.2707706209913,128.86607071872
경상남도 김해시 삼계동 ,35.2707706209913,128.86607071872
경상남도 김해시 삼계동 ,35.2707706209913,128.86607071872
경상남도 김해시 삼계동 ,35.2707706209913,128.86607071872
경상남도 김해시 삼계동 ,35.2707706209913,128.86607071872
경상남도 김해시 삼계동 ,35.2707706209913,128.86607071872
경상남도 김해시 삼계동 ,35.2707706209913,128.86607071872
경상남도 김해시 삼계동 ,35.2707706209913,128.86607071872
경상남도 김해시 삼계동 ,35.2707706209913,128.86607071872
경상남도 김해시 삼계동 ,35.2707706209913,128.86607071872
경상남도 김해시 삼계동 ,35.2707706209913,128.86607071872
경상남도 김해시 삼계동 ,35.2707706209913,128.86607071872
경상남도 김해시 삼계동 ,35.2707706209913,128.86607071872
경상남도 김해시 삼계동 ,35.2707706209913,128.86607071872
경상남도 김해시 삼계동 ,35.2707706209913,128.86607071872
경상남도 김해시 삼계동 ,35.2707706209913,128.86607071872
경상남도 김해시 삼계동 ,35.2707706209913,128.86607071872
경상남도 김해시 삼계동 ,35.2707706209913,128.86607071872
경상남도 김해시 삼계동 ,35.2707706209913,128.86607071872
경상남도 김해시 삼계동 ,35.2707706209913,128.86607071872
경상남도 김해시 삼계동 ,35.2707706209913,128.86607071872
경상남도 김해시 삼계동 ,35.2707706209913,128.86607071872
경상남도 김해시 삼계동 ,35.2707706209913,128.86607071872
경상남도 김해시 삼계동 ,35.2707706209913,128.86607071872
경상남도 김해시 삼계동 ,35.2707706209913,128.86607071872
경상남도 김해시 삼계동 ,35.2707706209913,128.86607071872
경상남도 김해시 삼계동 ,35.2707706209913,128.86607071872
경상남도 김해시 삼계동 ,35.2707706209913,128.86607071872
경상남도 김해시 삼계동 ,35.2707706209913,128.86607071872
경상남도 김해시 삼계동 ,35.2707706209913,128.86607071872
경상남도 김해시 삼계동 ,35.2707706209913,128.86607071872
경상남도 김해시 삼계동 ,35.2707706209913,128.86607071872
경상남도 김해시 삼계동 ,35.2707706209913,128.86607071872
경상남도 김해시 삼계동 ,35.2707706209913,128.86607071872
경상남도 김해시 삼계동 ,35.2707706209913,128.86607071872
경상남도 김해시 삼계동 ,35.2707706209913,128.86607071872
경상남도 김해시 삼계동 ,35.2707706209913,128.86607071872
경상남도 김해시 삼계동 ,35.2707706209913,128.86607071872
경상남도 김해시 삼계동 ,35.2707706209913,128.86607071872
경상남도 김해시 삼계동 ,35.2707706209913,128.86607071872
경상남도 김해시 삼계동 ,35.2707706209913,128.86607071872
경상남도 김해시 삼계동 ,35.2707706209913,128.86607071872
경상남도 김해시 삼계동 ,35.2707706209913,128.86607071872
경상남도 김해시 삼계동 ,35.2707706209913,128.86607071872
경상남도 김해시 삼계동 ,35.2707706209913,128.86607071872
경상남도 김해시 삼계동 ,35.2707706209913,128.86607071872
경상남도 김해시 삼계동 ,35.2707706209913,128.86607071872
경상남도 김해시 삼계동 ,35.2707706209913,128.86607071872
경상남도 김해시 삼계동 ,35.2707706209913,128.86607071872
경상남도 김해시 삼계동 ,35.2707706209913,128.86607071872
경상남도 김해시 삼계동 ,35.2707706209913,128.86607071872
경상남도 김해시 삼계동 ,35.2707706209913,128.86607071872
경상남도 김해시 삼계동 ,35.2707706209913,128.86607071872
경상남도 김해시 삼계동 ,35.2707706209913,128.86607071872
경상남도 김해시 삼계동 ,35.2707706209913,128.86607071872
경상남도 김해시 삼계동 ,35.2707706209913,128.86607071872
경상남도 김해시 삼계동 ,35.2707706209913,128.86607071872
경상남도 김해시 삼계동 ,35.2707706209913,128.86607071872
경상남도 김해시 삼계동 ,35.2707706209913,128.86607071872
경상남도 김해시 삼계동 ,35.2707706209913,128.86607071872
경상남도 김해시 삼계동 ,35.2707706209913,128.86607071872
경상남도 김해시 삼계동 ,35.2707706209913,128.86607071872
경상남도 김해시 삼계동 ,35.2707706209913,128.86607071872
경상남도 김해시 삼계동 ,35.2707706209913,128.86607071872
경상남도 김해시 삼계동 ,35.2707706209913,128.86607071872
경상남도 김해시 삼계동 ,35.2707706209913,128.86607071872
경상남도 김해시 삼계동 ,35.2707706209913,128.86607071872
경상남도 김해시 삼계동 ,35.2707706209913,128.86607071872
경상남도 김해시 삼계동 ,35.2707706209913,128.86607071872
경상남도 김해시 삼계동 ,35.2707706209913,128.86607071872
경상남도 김해시 삼계동 ,35.2707706209913,128.86607071872
경상남도 김해시 삼계동 ,35.2707706209913,128.86607071872
경상남도 김해시 삼계동 ,35.2707706209913,128.86607071872
경상남도 김해시 삼계동 ,35.2707706209913,128.86607071872
경상남도 김해시 삼계동 ,35.2707706209913,128.86607071872
경상남도 김해시 삼계동 ,35.2707706209913,128.86607071872
경상남도 김해시 삼계동 ,35.2707706209913,128.86607071872
경상남도 김해시 삼계동 ,35.2707706209913,128.86607071872
경상남도 김해시 삼계동 ,35.2707706209913,128.86607071872
경상남도 김해시 삼계동 ,35.2707706209913,128.86607071872
경상남도 김해시 삼계동 ,35.2707706209913,128.86607071872
경상남도 김해시 삼계동 ,35.2707706209913,128.86607071872
경상남도 김해시 삼계동 ,35.2707706209913,128.86607071872
경상남도 김해시 삼계동 ,35.2707706209913,128.86607071872
경상남도 김해시 삼계동 ,35.2707706209913,128.86607071872
경상남도 김해시 삼계동 ,35.2707706209913,128.86607071872
경상남도 김해시 삼계동 ,35.2707706209913,128.86607071872
경상남도 김해시 삼계동 ,35.2707706209913,128.86607071872
경상남도 김해시 삼계동 ,35.2707706209913,128.86607071872
경상남도 김해시 삼계동 ,35.2707706209913,128.86607071872
경상남도 김해시 삼계동 ,35.2707706209913,128.86607071872
경상남도 김해시 삼계동 ,35.2707706209913,128.86607071872
경상남도 김해시 삼계동 ,35.2707706209913,128.86607071872
경상남도 김해시 삼계동 ,35.2707706209913,128.86607071872
경상남도 김해시 삼계동 ,35.2707706209913,128.86607071872
경상남도 김해시 삼계동 ,35.2707706209913,128.86607071872
경상남도 김해시 삼계동 ,35.2707706209913,128.86607071872
경상남도 김해시 삼계동 ,35.2707706209913,128.86607071872
경상남도 김해시 삼계동 ,35.2707706209913,128.86607071872
경상남도 김해시 삼계동 ,35.2707706209913,128.86607071872
경상남도 김해시 삼계동 ,35.2707706209913,128.86607071872
경상남도 김해시 삼계동 ,35.2707706209913,128.86607071872
경상남도 김해시 삼계동 ,35.2707706209913,128.86607071872
경상남도 김해시 삼계동 ,35.2707706209913,128.86607071872
경상남도 김해시 삼계동 ,35.2707706209913,128.86607071872
경상남도 김해시 삼계동 ,35.2707706209913,128.86607071872
경상남도 김해시 삼계동 ,35.2707706209913,128.86607071872
경상남도 김해시 삼계동 ,35.2707706209913,128.86607071872
경상남도 김해시 삼계동 ,35.2707706209913,128.86607071872
경상남도 김해시 삼계동 ,35.2707706209913,128.86607071872
경상남도 김해시 삼계동 ,35.2707706209913,128.86607071872
경상남도 김해시 삼계동 ,35.2707706209913,128.86607071872
경상남도 김해시 삼계동 ,35.2707706209913,128.86607071872
경상남도 김해시 삼계동 ,35.2707706209913,128.86607071872
경상남도 김해시 삼계동 ,35.2707706209913,128.86607071872
경상남도 김해시 삼계동 ,35.2707706209913,128.86607071872
경상남도 김해시 삼계동 ,35.2707706209913,128.86607071872
경상남도 김해시 삼계동 ,35.2707706209913,128.86607071872
경상남도 김해시 삼계동 ,35.2707706209913,128.86607071872
경상남도 김해시 삼계동 ,35.2707706209913,128.86607071872
경상남도 김해시 삼계동 ,35.2707706209913,128.86607071872
경상남도 김해시 삼계동 ,35.2707706209913,128.86607071872
경상남도 김해시 삼계동 ,35.2707706209913,128.86607071872
경상남도 김해시 삼계동 ,35.2707706209913,128.86607071872
경상남도 김해시 삼계동 ,35.2707706209913,128.86607071872
경상남도 김해시 삼계동 ,35.2707706209913,128.86607071872
경상남도 김해시 삼계동 ,35.2707706209913,128.86607071872
경상남도 김해시 삼계동 ,35.2707706209913,128.86607071872
경상남도 김해시 내동 ,35.2436478654904,128.863076161627
경상남도 김해시 내동 ,35.2436478654904,128.863076161627
경상남도 김해시 내동 ,35.2436478654904,128.863076161627
경상남도 김해시 내동 ,35.2436478654904,128.863076161627
경상남도 김해시 내동 ,35.2436478654904,128.863076161627
경상남도 김해시 내동 ,35.2436478654904,128.863076161627
경상남도 김해시 내동 ,35.2436478654904,128.863076161627
경상남도 김해시 내동 ,35.2436478654904,128.863076161627
경상남도 김해시 내동 ,35.2436478654904,128.863076161627
경상남도 김해시 내동 ,35.2436478654904,128.863076161627
경상남도 김해시 내동 ,35.2436478654904,128.863076161627
경상남도 김해시 내동 ,35.2436478654904,128.863076161627
경상남도 김해시 내동 ,35.2436478654904,128.863076161627
경상남도 김해시 내동 ,35.2436478654904,128.863076161627
경상남도 김해시 내동 ,35.2436478654904,128.863076161627
경상남도 김해시 내동 ,35.2436478654904,128.863076161627
경상남도 김해시 내동 ,35.2436478654904,128.863076161627
경상남도 김해시 내동 ,35.2436478654904,128.863076161627
경상남도 김해시 내동 ,35.2436478654904,128.863076161627
경상남도 김해시 내동 ,35.2436478654904,128.863076161627
경상남도 김해시 내동 ,35.2436478654904,128.863076161627
경상남도 김해시 내동 ,35.2436478654904,128.863076161627
경상남도 김해시 내동 ,35.2436478654904,128.863076161627
경상남도 김해시 내동 ,35.2436478654904,128.863076161627
경상남도 김해시 내동 ,35.2436478654904,128.863076161627
경상남도 김해시 내동 ,35.2436478654904,128.863076161627
경상남도 김해시 내동 ,35.2436478654904,128.863076161627
경상남도 김해시 내동 ,35.2436478654904,128.863076161627
경상남도 김해시 내동 ,35.2436478654904,128.863076161627
경상남도 김해시 내동 ,35.2436478654904,128.863076161627
경상남도 김해시 내동 ,35.2436478654904,128.863076161627
경상남도 김해시 내동 ,35.2436478654904,128.863076161627
경상남도 김해시 내동 ,35.2436478654904,128.863076161627
경상남도 김해시 내동 ,35.2436478654904,128.863076161627
경상남도 김해시 내동 ,35.2436478654904,128.863076161627
경상남도 김해시 내동 ,35.2436478654904,128.863076161627
경상남도 김해시 내동 ,35.2436478654904,128.863076161627
경상남도 김해시 내동 ,35.2436478654904,128.863076161627
경상남도 김해시 내동 ,35.2436478654904,128.863076161627
경상남도 김해시 내동 ,35.2436478654904,128.863076161627
경상남도 김해시 내동 ,35.2436478654904,128.863076161627
경상남도 김해시 내동 ,35.2436478654904,128.863076161627
경상남도 김해시 내동 ,35.2436478654904,128.863076161627
경상남도 김해시 내동 ,35.2436478654904,128.863076161627
경상남도 김해시 내동 ,35.2436478654904,128.863076161627
경상남도 김해시 내동 ,35.2436478654904,128.863076161627
경상남도 김해시 내동 ,35.2436478654904,128.863076161627
경상남도 김해시 내동 ,35.2436478654904,128.863076161627
경상남도 김해시 내동 ,35.2436478654904,128.863076161627
경상남도 김해시 내동 ,35.2436478654904,128.863076161627
경상남도 김해시 내동 ,35.2436478654904,128.863076161627
경상남도 김해시 내동 ,35.2436478654904,128.863076161627
경상남도 김해시 내동 ,35.2436478654904,128.863076161627
경상남도 김해시 내동 ,35.2436478654904,128.863076161627
경상남도 김해시 내동 ,35.2436478654904,128.863076161627
경상남도 김해시 내동 ,35.2436478654904,128.863076161627
경상남도 김해시 내동 ,35.2436478654904,128.863076161627
경상남도 김해시 내동 ,35.2436478654904,128.863076161627
경상남도 김해시 내동 ,35.2436478654904,128.863076161627
경상남도 김해시 내동 ,35.2436478654904,128.863076161627
경상남도 김해시 내동 ,35.2436478654904,128.863076161627
경상남도 김해시 내동 ,35.2436478654904,128.863076161627
경상남도 김해시 내동 ,35.2436478654904,128.863076161627
경상남도 김해시 내동 ,35.2436478654904,128.863076161627
경상남도 김해시 내동 ,35.2436478654904,128.863076161627
경상남도 김해시 내동 ,35.2436478654904,128.863076161627
경상남도 김해시 내동 ,35.2436478654904,128.863076161627
경상남도 김해시 내동 ,35.2436478654904,128.863076161627
경상남도 김해시 내동 ,35.2436478654904,128.863076161627
경상남도 김해시 내동 ,35.2436478654904,128.863076161627
경상남도 김해시 내동 ,35.2436478654904,128.863076161627
경상남도 김해시 내동 ,35.2436478654904,128.863076161627
경상남도 김해시 내동 ,35.2436478654904,128.863076161627
경상남도 김해시 내동 ,35.2436478654904,128.863076161627
경상남도 김해시 내동 ,35.2436478654904,128.863076161627
경상남도 김해시 내동 ,35.2436478654904,128.863076161627
경상남도 김해시 내동 ,35.2436478654904,128.863076161627
경상남도 김해시 내동 ,35.2436478654904,128.863076161627
경상남도 김해시 내동 ,35.2436478654904,128.863076161627
경상남도 김해시 내동 ,35.2436478654904,128.863076161627
경상남도 김해시 내동 ,35.2436478654904,128.863076161627
경상남도 김해시 내동 ,35.2436478654904,128.863076161627
경상남도 김해시 내동 ,35.2436478654904,128.863076161627
경상남도 김해시 내동 ,35.2436478654904,128.863076161627
경상남도 김해시 내동 ,35.2436478654904,128.863076161627
경상남도 김해시 내동 ,35.2436478654904,128.863076161627
경상남도 김해시 내동 ,35.2436478654904,128.863076161627
경상남도 김해시 내동 ,35.2436478654904,128.863076161627
경상남도 김해시 내동 ,35.2436478654904,128.863076161627
경상남도 김해시 내동 ,35.2436478654904,128.863076161627
경상남도 김해시 내동 ,35.2436478654904,128.863076161627
경상남도 김해시 내동 ,35.2436478654904,128.863076161627
경상남도 김해시 내동 ,35.2436478654904,128.863076161627
경상남도 김해시 내동 ,35.2436478654904,128.863076161627
경상남도 김해시 내동 ,35.2436478654904,128.863076161627
경상남도 김해시 내동 ,35.2436478654904,128.863076161627
경상남도 김해시 내동 ,35.2436478654904,128.863076161627
경상남도 김해시 내동 ,35.2436478654904,128.863076161627
경상남도 김해시 내동 ,35.2436478654904,128.863076161627
경상남도 김해시 내동 ,35.2436478654904,128.863076161627
경상남도 김해시 내동 ,35.2436478654904,128.863076161627
경상남도 김해시 내동 ,35.2436478654904,128.863076161627
경상남도 김해시 내동 ,35.2436478654904,128.863076161627
경상남도 김해시 내동 ,35.2436478654904,128.863076161627
경상남도 김해시 내동 ,35.2436478654904,128.863076161627
경상남도 김해시 내동 ,35.2436478654904,128.863076161627
경상남도 김해시 내동 ,35.2436478654904,128.863076161627
경상남도 김해시 내동 ,35.2436478654904,128.863076161627
경상남도 김해시 내동 ,35.2436478654904,128.863076161627
경상남도 김해시 내동 ,35.2436478654904,128.863076161627
경상남도 김해시 내동 ,35.2436478654904,128.863076161627
경상남도 김해시 내동 ,35.2436478654904,128.863076161627
경상남도 김해시 내동 ,35.2436478654904,128.863076161627
경상남도 김해시 내동 ,35.2436478654904,128.863076161627
경상남도 김해시 내동 ,35.2436478654904,128.863076161627
경상남도 김해시 내동 ,35.2436478654904,128.863076161627
경상남도 김해시 내동 ,35.2436478654904,128.863076161627
경상남도 김해시 내동 ,35.2436478654904,128.863076161627
경상남도 김해시 내동 ,35.2436478654904,128.863076161627
경상남도 김해시 내동 ,35.2436478654904,128.863076161627
경상남도 김해시 내동 ,35.2436478654904,128.863076161627
경상남도 김해시 내동 ,35.2436478654904,128.863076161627
경상남도 김해시 내동 ,35.2436478654904,128.863076161627
경상남도 김해시 내동 ,35.2436478654904,128.863076161627
경상남도 김해시 내동 ,35.2436478654904,128.863076161627
경상남도 김해시 내동 ,35.2436478654904,128.863076161627
경상남도 김해시 내동 ,35.2436478654904,128.863076161627
경상남도 김해시 내동 ,35.2436478654904,128.863076161627
경상남도 김해시 내동 ,35.2436478654904,128.863076161627
경상남도 김해시 내동 ,35.2436478654904,128.863076161627
경상남도 김해시 내동 ,35.2436478654904,128.863076161627
경상남도 김해시 내동 ,35.2436478654904,128.863076161627
경상남도 김해시 내동 ,35.2436478654904,128.863076161627
경상남도 김해시 내동 ,35.2436478654904,128.863076161627
경상남도 김해시 내동 ,35.2436478654904,128.863076161627
경상남도 김해시 내동 ,35.2436478654904,128.863076161627
경상남도 김해시 내동 ,35.2436478654904,128.863076161627
경상남도 김해시 내동 ,35.2436478654904,128.863076161627
경상남도 김해시 내동 ,35.2436478654904,128.863076161627
경상남도 김해시 내동 ,35.2436478654904,128.863076161627
경상남도 김해시 내동 ,35.2436478654904,128.863076161627
경상남도 김해시 내동 ,35.2436478654904,128.863076161627
경상남도 김해시 내동 ,35.2436478654904,128.863076161627
경상남도 김해시 내동 ,35.2436478654904,128.863076161627
경상남도 김해시 내동 ,35.2436478654904,128.863076161627
경상남도 김해시 내동 ,35.2436478654904,128.863076161627
경상남도 김해시 내동 ,35.2436478654904,128.863076161627
경상남도 김해시 내동 ,35.2436478654904,128.863076161627
경상남도 김해시 내동 ,35.2436478654904,128.863076161627
경상남도 김해시 내동 ,35.2436478654904,128.863076161627
경상남도 김해시 내동 ,35.2436478654904,128.863076161627
경상남도 김해시 내동 ,35.2436478654904,128.863076161627
경상남도 김해시 내동 ,35.2436478654904,128.863076161627
경상남도 김해시 내동 ,35.2436478654904,128.863076161627
경상남도 김해시 내동 ,35.2436478654904,128.863076161627
경상남도 김해시 내동 ,35.2436478654904,128.863076161627
경상남도 김해시 내동 ,35.2436478654904,128.863076161627
경상남도 김해시 내동 ,35.2436478654904,128.863076161627
경상남도 김해시 내동 ,35.2436478654904,128.863076161627
경상남도 김해시 내동 ,35.2436478654904,128.863076161627
경상남도 김해시 내동 ,35.2436478654904,128.863076161627
경상남도 김해시 내동 ,35.2436478654904,128.863076161627
경상남도 김해시 내동 ,35.2436478654904,128.863076161627
경상남도 김해시 내동 ,35.2436478654904,128.863076161627
경상남도 김해시 내동 ,35.2436478654904,128.863076161627
경상남도 김해시 내동 ,35.2436478654904,128.863076161627
경상남도 김해시 내동 ,35.2436478654904,128.863076161627
경상남도 김해시 내동 ,35.2436478654904,128.863076161627
경상남도 김해시 내동 ,35.2436478654904,128.863076161627
경상남도 김해시 내동 ,35.2436478654904,128.863076161627
경상남도 김해시 내동 ,35.2436478654904,128.863076161627
경상남도 김해시 내동 ,35.2436478654904,128.863076161627
경상남도 김해시 내동 ,35.2436478654904,128.863076161627
경상남도 김해시 내동 ,35.2436478654904,128.863076161627
경상남도 김해시 내동 ,35.2436478654904,128.863076161627
경상남도 김해시 내동 ,35.2436478654904,128.863076161627
경상남도 김해시 외동 ,35.2318475704898,128.858984004872
경상남도 김해시 외동 ,35.2318475704898,128.858984004872
경상남도 김해시 외동 ,35.2318475704898,128.858984004872
경상남도 김해시 외동 ,35.2318475704898,128.858984004872
경상남도 김해시 외동 ,35.2318475704898,128.858984004872
경상남도 김해시 외동 ,35.2318475704898,128.858984004872
경상남도 김해시 외동 ,35.2318475704898,128.858984004872
경상남도 김해시 외동 ,35.2318475704898,128.858984004872
경상남도 김해시 외동 ,35.2318475704898,128.858984004872
경상남도 김해시 외동 ,35.2318475704898,128.858984004872
경상남도 김해시 외동 ,35.2318475704898,128.858984004872
경상남도 김해시 외동 ,35.2318475704898,128.858984004872
경상남도 김해시 외동 ,35.2318475704898,128.858984004872
경상남도 김해시 외동 ,35.2318475704898,128.858984004872
경상남도 김해시 외동 ,35.2318475704898,128.858984004872
경상남도 김해시 외동 ,35.2318475704898,128.858984004872
경상남도 김해시 외동 ,35.2318475704898,128.858984004872
경상남도 김해시 외동 ,35.2318475704898,128.858984004872
경상남도 김해시 외동 ,35.2318475704898,128.858984004872
경상남도 김해시 외동 ,35.2318475704898,128.858984004872
경상남도 김해시 외동 ,35.2318475704898,128.858984004872
경상남도 김해시 외동 ,35.2318475704898,128.858984004872
경상남도 김해시 외동 ,35.2318475704898,128.858984004872
경상남도 김해시 외동 ,35.2318475704898,128.858984004872
경상남도 김해시 외동 ,35.2318475704898,128.858984004872
경상남도 김해시 외동 ,35.2318475704898,128.858984004872
경상남도 김해시 외동 ,35.2318475704898,128.858984004872
경상남도 김해시 외동 ,35.2318475704898,128.858984004872
경상남도 김해시 외동 ,35.2318475704898,128.858984004872
경상남도 김해시 외동 ,35.2318475704898,128.858984004872
경상남도 김해시 외동 ,35.2318475704898,128.858984004872
경상남도 김해시 외동 ,35.2318475704898,128.858984004872
경상남도 김해시 외동 ,35.2318475704898,128.858984004872
경상남도 김해시 외동 ,35.2318475704898,128.858984004872
경상남도 김해시 외동 ,35.2318475704898,128.858984004872
경상남도 김해시 외동 ,35.2318475704898,128.858984004872
경상남도 김해시 외동 ,35.2318475704898,128.858984004872
경상남도 김해시 외동 ,35.2318475704898,128.858984004872
경상남도 김해시 외동 ,35.2318475704898,128.858984004872
경상남도 김해시 외동 ,35.2318475704898,128.858984004872
경상남도 김해시 외동 ,35.2318475704898,128.858984004872
경상남도 김해시 외동 ,35.2318475704898,128.858984004872
경상남도 김해시 외동 ,35.2318475704898,128.858984004872
경상남도 김해시 외동 ,35.2318475704898,128.858984004872
경상남도 김해시 외동 ,35.2318475704898,128.858984004872
경상남도 김해시 외동 ,35.2318475704898,128.858984004872
경상남도 김해시 외동 ,35.2318475704898,128.858984004872
경상남도 김해시 외동 ,35.2318475704898,128.858984004872
경상남도 김해시 외동 ,35.2318475704898,128.858984004872
경상남도 김해시 외동 ,35.2318475704898,128.858984004872
경상남도 김해시 외동 ,35.2318475704898,128.858984004872
경상남도 김해시 외동 ,35.2318475704898,128.858984004872
경상남도 김해시 외동 ,35.2318475704898,128.858984004872
경상남도 김해시 외동 ,35.2318475704898,128.858984004872
경상남도 김해시 외동 ,35.2318475704898,128.858984004872
경상남도 김해시 외동 ,35.2318475704898,128.858984004872
경상남도 김해시 외동 ,35.2318475704898,128.858984004872
경상남도 김해시 외동 ,35.2318475704898,128.858984004872
경상남도 김해시 외동 ,35.2318475704898,128.858984004872
경상남도 김해시 외동 ,35.2318475704898,128.858984004872
경상남도 김해시 외동 ,35.2318475704898,128.858984004872
경상남도 김해시 외동 ,35.2318475704898,128.858984004872
경상남도 김해시 외동 ,35.2318475704898,128.858984004872
경상남도 김해시 외동 ,35.2318475704898,128.858984004872
경상남도 김해시 외동 ,35.2318475704898,128.858984004872
경상남도 김해시 외동 ,35.2318475704898,128.858984004872
경상남도 김해시 외동 ,35.2318475704898,128.858984004872
경상남도 김해시 외동 ,35.2318475704898,128.858984004872
경상남도 김해시 외동 ,35.2318475704898,128.858984004872
경상남도 김해시 외동 ,35.2318475704898,128.858984004872
경상남도 김해시 외동 ,35.2318475704898,128.858984004872
경상남도 김해시 외동 ,35.2318475704898,128.858984004872
경상남도 김해시 외동 ,35.2318475704898,128.858984004872
경상남도 김해시 외동 ,35.2318475704898,128.858984004872
경상남도 김해시 외동 ,35.2318475704898,128.858984004872
경상남도 김해시 외동 ,35.2318475704898,128.858984004872
경상남도 김해시 외동 ,35.2318475704898,128.858984004872
경상남도 김해시 외동 ,35.2318475704898,128.858984004872
경상남도 김해시 외동 ,35.2318475704898,128.858984004872
경상남도 김해시 외동 ,35.2318475704898,128.858984004872
경상남도 김해시 외동 ,35.2318475704898,128.858984004872
경상남도 김해시 외동 ,35.2318475704898,128.858984004872
경상남도 김해시 외동 ,35.2318475704898,128.858984004872
경상남도 김해시 외동 ,35.2318475704898,128.858984004872
경상남도 김해시 외동 ,35.2318475704898,128.858984004872
경상남도 김해시 외동 ,35.2318475704898,128.858984004872
경상남도 김해시 외동 ,35.2318475704898,128.858984004872
경상남도 김해시 외동 ,35.2318475704898,128.858984004872
경상남도 김해시 외동 ,35.2318475704898,128.858984004872
경상남도 김해시 외동 ,35.2318475704898,128.858984004872
경상남도 김해시 외동 ,35.2318475704898,128.858984004872
경상남도 김해시 외동 ,35.2318475704898,128.858984004872
경상남도 김해시 외동 ,35.2318475704898,128.858984004872
경상남도 김해시 외동 ,35.2318475704898,128.858984004872
경상남도 김해시 외동 ,35.2318475704898,128.858984004872
경상남도 김해시 외동 ,35.2318475704898,128.858984004872
경상남도 김해시 외동 ,35.2318475704898,128.858984004872
경상남도 김해시 외동 ,35.2318475704898,128.858984004872
경상남도 김해시 외동 ,35.2318475704898,128.858984004872
경상남도 김해시 외동 ,35.2318475704898,128.858984004872
경상남도 김해시 외동 ,35.2318475704898,128.858984004872
경상남도 김해시 외동 ,35.2318475704898,128.858984004872
경상남도 김해시 외동 ,35.2318475704898,128.858984004872
경상남도 김해시 외동 ,35.2318475704898,128.858984004872
경상남도 김해시 외동 ,35.2318475704898,128.858984004872
경상남도 김해시 외동 ,35.2318475704898,128.858984004872
경상남도 김해시 외동 ,35.2318475704898,128.858984004872
경상남도 김해시 외동 ,35.2318475704898,128.858984004872
경상남도 김해시 외동 ,35.2318475704898,128.858984004872
경상남도 김해시 외동 ,35.2318475704898,128.858984004872
경상남도 김해시 외동 ,35.2318475704898,128.858984004872
경상남도 김해시 외동 ,35.2318475704898,128.858984004872
경상남도 김해시 외동 ,35.2318475704898,128.858984004872
경상남도 김해시 외동 ,35.2318475704898,128.858984004872
경상남도 김해시 외동 ,35.2318475704898,128.858984004872
경상남도 김해시 외동 ,35.2318475704898,128.858984004872
경상남도 김해시 외동 ,35.2318475704898,128.858984004872
경상남도 김해시 외동 ,35.2318475704898,128.858984004872
경상남도 김해시 외동 ,35.2318475704898,128.858984004872
경상남도 김해시 외동 ,35.2318475704898,128.858984004872
경상남도 김해시 외동 ,35.2318475704898,128.858984004872
경상남도 김해시 외동 ,35.2318475704898,128.858984004872
경상남도 김해시 외동 ,35.2318475704898,128.858984004872
경상남도 김해시 외동 ,35.2318475704898,128.858984004872
경상남도 김해시 외동 ,35.2318475704898,128.858984004872
경상남도 김해시 외동 ,35.2318475704898,128.858984004872
경상남도 김해시 외동 ,35.2318475704898,128.858984004872
경상남도 김해시 외동 ,35.2318475704898,128.858984004872
경상남도 김해시 외동 ,35.2318475704898,128.858984004872
경상남도 김해시 외동 ,35.2318475704898,128.858984004872
경상남도 김해시 외동 ,35.2318475704898,128.858984004872
경상남도 김해시 외동 ,35.2318475704898,128.858984004872
경상남도 김해시 외동 ,35.2318475704898,128.858984004872
경상남도 김해시 외동 ,35.2318475704898,128.858984004872
경상남도 김해시 외동 ,35.2318475704898,128.858984004872
경상남도 김해시 외동 ,35.2318475704898,128.858984004872
경상남도 김해시 외동 ,35.2318475704898,128.858984004872
경상남도 김해시 외동 ,35.2318475704898,128.858984004872
경상남도 김해시 외동 ,35.2318475704898,128.858984004872
경상남도 김해시 외동 ,35.2318475704898,128.858984004872
경상남도 김해시 외동 ,35.2318475704898,128.858984004872
경상남도 김해시 외동 ,35.2318475704898,128.858984004872
경상남도 김해시 외동 ,35.2318475704898,128.858984004872
경상남도 김해시 외동 ,35.2318475704898,128.858984004872
경상남도 김해시 외동 ,35.2318475704898,128.858984004872
경상남도 김해시 외동 ,35.2318475704898,128.858984004872
경상남도 김해시 외동 ,35.2318475704898,128.858984004872
경상남도 김해시 외동 ,35.2318475704898,128.858984004872
경상남도 김해시 외동 ,35.2318475704898,128.858984004872
경상남도 김해시 외동 ,35.2318475704898,128.858984004872
경상남도 김해시 외동 ,35.2318475704898,128.858984004872
경상남도 김해시 외동 ,35.2318475704898,128.858984004872
경상남도 김해시 외동 ,35.2318475704898,128.858984004872
경상남도 김해시 외동 ,35.2318475704898,128.858984004872
경상남도 김해시 외동 ,35.2318475704898,128.858984004872
경상남도 김해시 외동 ,35.2318475704898,128.858984004872
경상남도 김해시 외동 ,35.2318475704898,128.858984004872
경상남도 김해시 외동 ,35.2318475704898,128.858984004872
경상남도 김해시 외동 ,35.2318475704898,128.858984004872
경상남도 김해시 외동 ,35.2318475704898,128.858984004872
경상남도 김해시 외동 ,35.2318475704898,128.858984004872
경상남도 김해시 외동 ,35.2318475704898,128.858984004872
경상남도 김해시 외동 ,35.2318475704898,128.858984004872
경상남도 김해시 외동 ,35.2318475704898,128.858984004872
경상남도 김해시 외동 ,35.2318475704898,128.858984004872
경상남도 김해시 외동 ,35.2318475704898,128.858984004872
경상남도 김해시 외동 ,35.2318475704898,128.858984004872
경상남도 김해시 외동 ,35.2318475704898,128.858984004872
경상남도 김해시 외동 ,35.2318475704898,128.858984004872
경상남도 김해시 외동 ,35.2318475704898,128.858984004872
경상남도 김해시 외동 ,35.2318475704898,128.858984004872
경상남도 김해시 외동 ,35.2318475704898,128.858984004872
경상남도 김해시 외동 ,35.2318475704898,128.858984004872
경상남도 김해시 외동 ,35.2318475704898,128.858984004872
경상남도 김해시 외동 ,35.2318475704898,128.858984004872
경상남도 김해시 외동 ,35.2318475704898,128.858984004872
경상남도 김해시 외동 ,35.2318475704898,128.858984004872
경상남도 김해시 외동 ,35.2318475704898,128.858984004872
경상남도 김해시 외동 ,35.2318475704898,128.858984004872
경상남도 김해시 외동 ,35.2318475704898,128.858984004872
경상남도 김해시 외동 ,35.2318475704898,128.858984004872
경상남도 김해시 외동 ,35.2318475704898,128.858984004872
경상남도 김해시 외동 ,35.2318475704898,128.858984004872
경상남도 김해시 외동 ,35.2318475704898,128.858984004872
경상남도 김해시 외동 ,35.2318475704898,128.858984004872
경상남도 김해시 외동 ,35.2318475704898,128.858984004872
경상남도 김해시 외동 ,35.2318475704898,128.858984004872
경상남도 김해시 외동 ,35.2318475704898,128.858984004872
경상남도 김해시 외동 ,35.2318475704898,128.858984004872
경상남도 김해시 외동 ,35.2318475704898,128.858984004872
경상남도 김해시 외동 ,35.2318475704898,128.858984004872
경상남도 김해시 외동 ,35.2318475704898,128.858984004872
경상남도 김해시 외동 ,35.2318475704898,128.858984004872
경상남도 김해시 외동 ,35.2318475704898,128.858984004872
경상남도 김해시 외동 ,35.2318475704898,128.858984004872
경상남도 김해시 외동 ,35.2318475704898,128.858984004872
경상남도 김해시 외동 ,35.2318475704898,128.858984004872
경상남도 김해시 외동 ,35.2318475704898,128.858984004872
경상남도 김해시 외동 ,35.2318475704898,128.858984004872
경상남도 김해시 외동 ,35.2318475704898,128.858984004872
경상남도 김해시 외동 ,35.2318475704898,128.858984004872
경상남도 김해시 외동 ,35.2318475704898,128.858984004872
경상남도 김해시 외동 ,35.2318475704898,128.858984004872
경상남도 김해시 외동 ,35.2318475704898,128.858984004872
경상남도 김해시 외동 ,35.2318475704898,128.858984004872
경상남도 김해시 외동 ,35.2318475704898,128.858984004872
경상남도 김해시 외동 ,35.2318475704898,128.858984004872
경상남도 김해시 외동 ,35.2318475704898,128.858984004872
경상남도 김해시 외동 ,35.2318475704898,128.858984004872
경상남도 김해시 흥동 ,35.2177545293139,128.860054970452
경상남도 김해시 흥동 ,35.2177545293139,128.860054970452
경상남도 김해시 흥동 ,35.2177545293139,128.860054970452
경상남도 김해시 흥동 ,35.2177545293139,128.860054970452
경상남도 김해시 흥동 ,35.2177545293139,128.860054970452
경상남도 김해시 흥동 ,35.2177545293139,128.860054970452
경상남도 김해시 흥동 ,35.2177545293139,128.860054970452
경상남도 김해시 흥동 ,35.2177545293139,128.860054970452
경상남도 김해시 흥동 ,35.2177545293139,128.860054970452
경상남도 김해시 흥동 ,35.2177545293139,128.860054970452
경상남도 김해시 흥동 ,35.2177545293139,128.860054970452
경상남도 김해시 흥동 ,35.2177545293139,128.860054970452
경상남도 김해시 흥동 ,35.2177545293139,128.860054970452
경상남도 김해시 흥동 ,35.2177545293139,128.860054970452
경상남도 김해시 흥동 ,35.2177545293139,128.860054970452
경상남도 김해시 흥동 ,35.2177545293139,128.860054970452
경상남도 김해시 흥동 ,35.2177545293139,128.860054970452
경상남도 김해시 흥동 ,35.2177545293139,128.860054970452
경상남도 김해시 흥동 ,35.2177545293139,128.860054970452
경상남도 김해시 흥동 ,35.2177545293139,128.860054970452
경상남도 김해시 흥동 ,35.2177545293139,128.860054970452
경상남도 김해시 흥동 ,35.2177545293139,128.860054970452
경상남도 김해시 흥동 ,35.2177545293139,128.860054970452
경상남도 김해시 흥동 ,35.2177545293139,128.860054970452
경상남도 김해시 흥동 ,35.2177545293139,128.860054970452
경상남도 김해시 흥동 ,35.2177545293139,128.860054970452
경상남도 김해시 풍유동 ,35.2149557707688,128.846260234003
경상남도 김해시 풍유동 ,35.2149557707688,128.846260234003
경상남도 김해시 풍유동 ,35.2149557707688,128.846260234003
경상남도 김해시 풍유동 ,35.2149557707688,128.846260234003
경상남도 김해시 풍유동 ,35.2149557707688,128.846260234003
경상남도 김해시 풍유동 ,35.2149557707688,128.846260234003
경상남도 김해시 풍유동 ,35.2149557707688,128.846260234003
경상남도 김해시 풍유동 ,35.2149557707688,128.846260234003
경상남도 김해시 풍유동 ,35.2149557707688,128.846260234003
경상남도 김해시 풍유동 ,35.2149557707688,128.846260234003
경상남도 김해시 풍유동 ,35.2149557707688,128.846260234003
경상남도 김해시 풍유동 ,35.2149557707688,128.846260234003
경상남도 김해시 풍유동 ,35.2149557707688,128.846260234003
경상남도 김해시 풍유동 ,35.2149557707688,128.846260234003
경상남도 김해시 풍유동 ,35.2149557707688,128.846260234003
경상남도 김해시 풍유동 ,35.2149557707688,128.846260234003
경상남도 김해시 풍유동 ,35.2149557707688,128.846260234003
경상남도 김해시 풍유동 ,35.2149557707688,128.846260234003
경상남도 김해시 풍유동 ,35.2149557707688,128.846260234003
경상남도 김해시 풍유동 ,35.2149557707688,128.846260234003
경상남도 김해시 풍유동 ,35.2149557707688,128.846260234003
경상남도 김해시 풍유동 ,35.2149557707688,128.846260234003
경상남도 김해시 풍유동 ,35.2149557707688,128.846260234003
경상남도 김해시 풍유동 ,35.2149557707688,128.846260234003
경상남도 김해시 풍유동 ,35.2149557707688,128.846260234003
경상남도 김해시 풍유동 ,35.2149557707688,128.846260234003
경상남도 김해시 풍유동 ,35.2149557707688,128.846260234003
경상남도 김해시 풍유동 ,35.2149557707688,128.846260234003
경상남도 김해시 풍유동 ,35.2149557707688,128.846260234003
경상남도 김해시 풍유동 ,35.2149557707688,128.846260234003
경상남도 김해시 풍유동 ,35.2149557707688,128.846260234003
경상남도 김해시 풍유동 ,35.2149557707688,128.846260234003
경상남도 김해시 풍유동 ,35.2149557707688,128.846260234003
경상남도 김해시 풍유동 ,35.2149557707688,128.846260234003
경상남도 김해시 풍유동 ,35.2149557707688,128.846260234003
경상남도 김해시 풍유동 ,35.2149557707688,128.846260234003
경상남도 김해시 풍유동 ,35.2149557707688,128.846260234003
경상남도 김해시 풍유동 ,35.2149557707688,128.846260234003
경상남도 김해시 풍유동 ,35.2149557707688,128.846260234003
경상남도 김해시 풍유동 ,35.2149557707688,128.846260234003
경상남도 김해시 풍유동 ,35.2149557707688,128.846260234003
경상남도 김해시 풍유동 ,35.2149557707688,128.846260234003
경상남도 김해시 풍유동 ,35.2149557707688,128.846260234003
경상남도 김해시 풍유동 ,35.2149557707688,128.846260234003
경상남도 김해시 풍유동 ,35.2149557707688,128.846260234003
경상남도 김해시 풍유동 ,35.2149557707688,128.846260234003
경상남도 김해시 풍유동 ,35.2149557707688,128.846260234003
경상남도 김해시 풍유동 ,35.2149557707688,128.846260234003
경상남도 김해시 풍유동 ,35.2149557707688,128.846260234003
경상남도 김해시 풍유동 ,35.2149557707688,128.846260234003
경상남도 김해시 풍유동 ,35.2149557707688,128.846260234003
경상남도 김해시 풍유동 ,35.2149557707688,128.846260234003
경상남도 김해시 풍유동 ,35.2149557707688,128.846260234003
경상남도 김해시 풍유동 ,35.2149557707688,128.846260234003
경상남도 김해시 풍유동 ,35.2149557707688,128.846260234003
경상남도 김해시 풍유동 ,35.2149557707688,128.846260234003
경상남도 김해시 풍유동 ,35.2149557707688,128.846260234003
경상남도 김해시 풍유동 ,35.2149557707688,128.846260234003
경상남도 김해시 풍유동 ,35.2149557707688,128.846260234003
경상남도 김해시 풍유동 ,35.2149557707688,128.846260234003
경상남도 김해시 풍유동 ,35.2149557707688,128.846260234003
경상남도 김해시 풍유동 ,35.2149557707688,128.846260234003
경상남도 김해시 풍유동 ,35.2149557707688,128.846260234003
경상남도 김해시 풍유동 ,35.2149557707688,128.846260234003
경상남도 김해시 풍유동 ,35.2149557707688,128.846260234003
경상남도 김해시 풍유동 ,35.2149557707688,128.846260234003
경상남도 김해시 풍유동 ,35.2149557707688,128.846260234003
경상남도 김해시 풍유동 ,35.2149557707688,128.846260234003
경상남도 김해시 풍유동 ,35.2149557707688,128.846260234003
경상남도 김해시 풍유동 ,35.2149557707688,128.846260234003
경상남도 김해시 풍유동 ,35.2149557707688,128.846260234003
경상남도 김해시 풍유동 ,35.2149557707688,128.846260234003
경상남도 김해시 풍유동 ,35.2149557707688,128.846260234003
경상남도 김해시 풍유동 ,35.2149557707688,128.846260234003
경상남도 김해시 풍유동 ,35.2149557707688,128.846260234003
경상남도 김해시 풍유동 ,35.2149557707688,128.846260234003
경상남도 김해시 풍유동 ,35.2149557707688,128.846260234003
경상남도 김해시 풍유동 ,35.2149557707688,128.846260234003
경상남도 김해시 풍유동 ,35.2149557707688,128.846260234003
경상남도 김해시 풍유동 ,35.2149557707688,128.846260234003
경상남도 김해시 명법동 ,35.2008545582266,128.836024448017
경상남도 김해시 명법동 ,35.2008545582266,128.836024448017
경상남도 김해시 명법동 ,35.2008545582266,128.836024448017
경상남도 김해시 명법동 ,35.2008545582266,128.836024448017
경상남도 김해시 명법동 ,35.2008545582266,128.836024448017
경상남도 김해시 명법동 ,35.2008545582266,128.836024448017
경상남도 김해시 명법동 ,35.2008545582266,128.836024448017
경상남도 김해시 명법동 ,35.2008545582266,128.836024448017
경상남도 김해시 명법동 ,35.2008545582266,128.836024448017
경상남도 김해시 명법동 ,35.2008545582266,128.836024448017
경상남도 김해시 명법동 ,35.2008545582266,128.836024448017
경상남도 김해시 명법동 ,35.2008545582266,128.836024448017
경상남도 김해시 명법동 ,35.2008545582266,128.836024448017
경상남도 김해시 명법동 ,35.2008545582266,128.836024448017
경상남도 김해시 이동 ,35.1885709919805,128.844222749317
경상남도 김해시 이동 ,35.1885709919805,128.844222749317
경상남도 김해시 이동 ,35.1885709919805,128.844222749317
경상남도 김해시 이동 ,35.1885709919805,128.844222749317
경상남도 김해시 화목동 ,35.1925577198242,128.86236535792
경상남도 김해시 화목동 ,35.1925577198242,128.86236535792
경상남도 김해시 화목동 ,35.1925577198242,128.86236535792
경상남도 김해시 화목동 ,35.1925577198242,128.86236535792
경상남도 김해시 화목동 ,35.1925577198242,128.86236535792
경상남도 김해시 화목동 ,35.1925577198242,128.86236535792
경상남도 김해시 화목동 ,35.1925577198242,128.86236535792
경상남도 김해시 화목동 ,35.1925577198242,128.86236535792
경상남도 김해시 화목동 ,35.1925577198242,128.86236535792
경상남도 김해시 화목동 ,35.1925577198242,128.86236535792
경상남도 김해시 화목동 ,35.1925577198242,128.86236535792
경상남도 김해시 화목동 ,35.1925577198242,128.86236535792
경상남도 김해시 화목동 ,35.1925577198242,128.86236535792
경상남도 김해시 화목동 ,35.1925577198242,128.86236535792
경상남도 김해시 화목동 ,35.1925577198242,128.86236535792
경상남도 김해시 화목동 ,35.1925577198242,128.86236535792
경상남도 김해시 화목동 ,35.1925577198242,128.86236535792
경상남도 김해시 화목동 ,35.1925577198242,128.86236535792
경상남도 김해시 화목동 ,35.1925577198242,128.86236535792
경상남도 김해시 전하동 ,35.2155398693573,128.869966608123
경상남도 김해시 전하동 ,35.2155398693573,128.869966608123
경상남도 김해시 전하동 ,35.2155398693573,128.869966608123
경상남도 김해시 전하동 ,35.2155398693573,128.869966608123
경상남도 김해시 전하동 ,35.2155398693573,128.869966608123
경상남도 김해시 전하동 ,35.2155398693573,128.869966608123
경상남도 김해시 전하동 ,35.2155398693573,128.869966608123
경상남도 김해시 전하동 ,35.2155398693573,128.869966608123
경상남도 김해시 전하동 ,35.2155398693573,128.869966608123
경상남도 김해시 전하동 ,35.2155398693573,128.869966608123
경상남도 김해시 전하동 ,35.2155398693573,128.869966608123
경상남도 김해시 전하동 ,35.2155398693573,128.869966608123
경상남도 김해시 전하동 ,35.2155398693573,128.869966608123
경상남도 김해시 전하동 ,35.2155398693573,128.869966608123
경상남도 김해시 전하동 ,35.2155398693573,128.869966608123
경상남도 김해시 전하동 ,35.2155398693573,128.869966608123
경상남도 김해시 전하동 ,35.2155398693573,128.869966608123
경상남도 김해시 전하동 ,35.2155398693573,128.869966608123
경상남도 김해시 전하동 ,35.2155398693573,128.869966608123
경상남도 김해시 전하동 ,35.2155398693573,128.869966608123
경상남도 김해시 삼정동 ,35.2180944734453,128.901045861207
경상남도 김해시 삼정동 ,35.2180944734453,128.901045861207
경상남도 김해시 삼정동 ,35.2180944734453,128.901045861207
경상남도 김해시 삼정동 ,35.2180944734453,128.901045861207
경상남도 김해시 삼정동 ,35.2180944734453,128.901045861207
경상남도 김해시 삼정동 ,35.2180944734453,128.901045861207
경상남도 김해시 삼정동 ,35.2180944734453,128.901045861207
경상남도 김해시 삼정동 ,35.2180944734453,128.901045861207
경상남도 김해시 삼정동 ,35.2180944734453,128.901045861207
경상남도 김해시 삼정동 ,35.2180944734453,128.901045861207
경상남도 김해시 삼정동 ,35.2180944734453,128.901045861207
경상남도 김해시 삼정동 ,35.2180944734453,128.901045861207
경상남도 김해시 삼정동 ,35.2180944734453,128.901045861207
경상남도 김해시 삼정동 ,35.2180944734453,128.901045861207
경상남도 김해시 삼정동 ,35.2180944734453,128.901045861207
경상남도 김해시 삼정동 ,35.2180944734453,128.901045861207
경상남도 김해시 삼정동 ,35.2180944734453,128.901045861207
경상남도 김해시 삼정동 ,35.2180944734453,128.901045861207
경상남도 김해시 삼정동 ,35.2180944734453,128.901045861207
경상남도 김해시 삼정동 ,35.2180944734453,128.901045861207
경상남도 김해시 삼정동 ,35.2180944734453,128.901045861207
경상남도 김해시 삼정동 ,35.2180944734453,128.901045861207
경상남도 김해시 삼정동 ,35.2180944734453,128.901045861207
경상남도 김해시 삼정동 ,35.2180944734453,128.901045861207
경상남도 김해시 삼정동 ,35.2180944734453,128.901045861207
경상남도 김해시 삼정동 ,35.2180944734453,128.901045861207
경상남도 김해시 삼정동 ,35.2180944734453,128.901045861207
경상남도 김해시 삼정동 ,35.2180944734453,128.901045861207
경상남도 김해시 삼정동 ,35.2180944734453,128.901045861207
경상남도 김해시 삼정동 ,35.2180944734453,128.901045861207
경상남도 김해시 삼정동 ,35.2180944734453,128.901045861207
경상남도 김해시 삼정동 ,35.2180944734453,128.901045861207
경상남도 김해시 삼정동 ,35.2180944734453,128.901045861207
경상남도 김해시 삼정동 ,35.2180944734453,128.901045861207
경상남도 김해시 삼정동 ,35.2180944734453,128.901045861207
경상남도 김해시 삼정동 ,35.2180944734453,128.901045861207
경상남도 김해시 삼정동 ,35.2180944734453,128.901045861207
경상남도 김해시 삼정동 ,35.2180944734453,128.901045861207
경상남도 김해시 삼정동 ,35.2180944734453,128.901045861207
경상남도 김해시 삼정동 ,35.2180944734453,128.901045861207
경상남도 김해시 삼정동 ,35.2180944734453,128.901045861207
경상남도 김해시 삼정동 ,35.2180944734453,128.901045861207
경상남도 김해시 삼정동 ,35.2180944734453,128.901045861207
경상남도 김해시 삼정동 ,35.2180944734453,128.901045861207
경상남도 김해시 삼정동 ,35.2180944734453,128.901045861207
경상남도 김해시 삼정동 ,35.2180944734453,128.901045861207
경상남도 김해시 삼정동 ,35.2180944734453,128.901045861207
경상남도 김해시 삼정동 ,35.2180944734453,128.901045861207
경상남도 김해시 삼정동 ,35.2180944734453,128.901045861207
경상남도 김해시 삼정동 ,35.2180944734453,128.901045861207
경상남도 김해시 삼정동 ,35.2180944734453,128.901045861207
경상남도 김해시 삼정동 ,35.2180944734453,128.901045861207
경상남도 김해시 삼정동 ,35.2180944734453,128.901045861207
경상남도 김해시 삼정동 ,35.2180944734453,128.901045861207
경상남도 김해시 삼정동 ,35.2180944734453,128.901045861207
경상남도 김해시 삼정동 ,35.2180944734453,128.901045861207
경상남도 김해시 삼정동 ,35.2180944734453,128.901045861207
경상남도 김해시 삼정동 ,35.2180944734453,128.901045861207
경상남도 김해시 삼정동 ,35.2180944734453,128.901045861207
경상남도 김해시 삼정동 ,35.2180944734453,128.901045861207
경상남도 김해시 삼정동 ,35.2180944734453,128.901045861207
경상남도 김해시 삼정동 ,35.2180944734453,128.901045861207
경상남도 김해시 삼정동 ,35.2180944734453,128.901045861207
경상남도 김해시 삼정동 ,35.2180944734453,128.901045861207
경상남도 김해시 삼정동 ,35.2180944734453,128.901045861207
경상남도 김해시 삼정동 ,35.2180944734453,128.901045861207
경상남도 김해시 삼정동 ,35.2180944734453,128.901045861207
경상남도 김해시 삼정동 ,35.2180944734453,128.901045861207
경상남도 김해시 삼정동 ,35.2180944734453,128.901045861207
경상남도 김해시 삼정동 ,35.2180944734453,128.901045861207
경상남도 김해시 삼정동 ,35.2180944734453,128.901045861207
경상남도 김해시 삼정동 ,35.2180944734453,128.901045861207
경상남도 김해시 삼정동 ,35.2180944734453,128.901045861207
경상남도 김해시 삼정동 ,35.2180944734453,128.901045861207
경상남도 김해시 어방동 ,35.2404282197141,128.901118915734
경상남도 김해시 어방동 ,35.2404282197141,128.901118915734
경상남도 김해시 어방동 ,35.2404282197141,128.901118915734
경상남도 김해시 어방동 ,35.2404282197141,128.901118915734
경상남도 김해시 어방동 ,35.2404282197141,128.901118915734
경상남도 김해시 어방동 ,35.2404282197141,128.901118915734
경상남도 김해시 어방동 ,35.2404282197141,128.901118915734
경상남도 김해시 어방동 ,35.2404282197141,128.901118915734
경상남도 김해시 어방동 ,35.2404282197141,128.901118915734
경상남도 김해시 어방동 ,35.2404282197141,128.901118915734
경상남도 김해시 어방동 ,35.2404282197141,128.901118915734
경상남도 김해시 어방동 ,35.2404282197141,128.901118915734
경상남도 김해시 어방동 ,35.2404282197141,128.901118915734
경상남도 김해시 어방동 ,35.2404282197141,128.901118915734
경상남도 김해시 어방동 ,35.2404282197141,128.901118915734
경상남도 김해시 어방동 ,35.2404282197141,128.901118915734
경상남도 김해시 어방동 ,35.2404282197141,128.901118915734
경상남도 김해시 어방동 ,35.2404282197141,128.901118915734
경상남도 김해시 어방동 ,35.2404282197141,128.901118915734
경상남도 김해시 어방동 ,35.2404282197141,128.901118915734
경상남도 김해시 어방동 ,35.2404282197141,128.901118915734
경상남도 김해시 어방동 ,35.2404282197141,128.901118915734
경상남도 김해시 어방동 ,35.2404282197141,128.901118915734
경상남도 김해시 어방동 ,35.2404282197141,128.901118915734
경상남도 김해시 어방동 ,35.2404282197141,128.901118915734
경상남도 김해시 어방동 ,35.2404282197141,128.901118915734
경상남도 김해시 어방동 ,35.2404282197141,128.901118915734
경상남도 김해시 어방동 ,35.2404282197141,128.901118915734
경상남도 김해시 어방동 ,35.2404282197141,128.901118915734
경상남도 김해시 어방동 ,35.2404282197141,128.901118915734
경상남도 김해시 어방동 ,35.2404282197141,128.901118915734
경상남도 김해시 어방동 ,35.2404282197141,128.901118915734
경상남도 김해시 어방동 ,35.2404282197141,128.901118915734
경상남도 김해시 어방동 ,35.2404282197141,128.901118915734
경상남도 김해시 어방동 ,35.2404282197141,128.901118915734
경상남도 김해시 어방동 ,35.2404282197141,128.901118915734
경상남도 김해시 어방동 ,35.2404282197141,128.901118915734
경상남도 김해시 어방동 ,35.2404282197141,128.901118915734
경상남도 김해시 어방동 ,35.2404282197141,128.901118915734
경상남도 김해시 어방동 ,35.2404282197141,128.901118915734
경상남도 김해시 어방동 ,35.2404282197141,128.901118915734
경상남도 김해시 어방동 ,35.2404282197141,128.901118915734
경상남도 김해시 어방동 ,35.2404282197141,128.901118915734
경상남도 김해시 어방동 ,35.2404282197141,128.901118915734
경상남도 김해시 어방동 ,35.2404282197141,128.901118915734
경상남도 김해시 어방동 ,35.2404282197141,128.901118915734
경상남도 김해시 어방동 ,35.2404282197141,128.901118915734
경상남도 김해시 어방동 ,35.2404282197141,128.901118915734
경상남도 김해시 어방동 ,35.2404282197141,128.901118915734
경상남도 김해시 어방동 ,35.2404282197141,128.901118915734
경상남도 김해시 어방동 ,35.2404282197141,128.901118915734
경상남도 김해시 어방동 ,35.2404282197141,128.901118915734
경상남도 김해시 어방동 ,35.2404282197141,128.901118915734
경상남도 김해시 어방동 ,35.2404282197141,128.901118915734
경상남도 김해시 어방동 ,35.2404282197141,128.901118915734
경상남도 김해시 어방동 ,35.2404282197141,128.901118915734
경상남도 김해시 어방동 ,35.2404282197141,128.901118915734
경상남도 김해시 어방동 ,35.2404282197141,128.901118915734
경상남도 김해시 어방동 ,35.2404282197141,128.901118915734
경상남도 김해시 어방동 ,35.2404282197141,128.901118915734
경상남도 김해시 어방동 ,35.2404282197141,128.901118915734
경상남도 김해시 어방동 ,35.2404282197141,128.901118915734
경상남도 김해시 어방동 ,35.2404282197141,128.901118915734
경상남도 김해시 어방동 ,35.2404282197141,128.901118915734
경상남도 김해시 어방동 ,35.2404282197141,128.901118915734
경상남도 김해시 어방동 ,35.2404282197141,128.901118915734
경상남도 김해시 어방동 ,35.2404282197141,128.901118915734
경상남도 김해시 어방동 ,35.2404282197141,128.901118915734
경상남도 김해시 어방동 ,35.2404282197141,128.901118915734
경상남도 김해시 어방동 ,35.2404282197141,128.901118915734
경상남도 김해시 어방동 ,35.2404282197141,128.901118915734
경상남도 김해시 어방동 ,35.2404282197141,128.901118915734
경상남도 김해시 어방동 ,35.2404282197141,128.901118915734
경상남도 김해시 어방동 ,35.2404282197141,128.901118915734
경상남도 김해시 어방동 ,35.2404282197141,128.901118915734
경상남도 김해시 어방동 ,35.2404282197141,128.901118915734
경상남도 김해시 어방동 ,35.2404282197141,128.901118915734
경상남도 김해시 어방동 ,35.2404282197141,128.901118915734
경상남도 김해시 어방동 ,35.2404282197141,128.901118915734
경상남도 김해시 어방동 ,35.2404282197141,128.901118915734
경상남도 김해시 어방동 ,35.2404282197141,128.901118915734
경상남도 김해시 어방동 ,35.2404282197141,128.901118915734
경상남도 김해시 어방동 ,35.2404282197141,128.901118915734
경상남도 김해시 어방동 ,35.2404282197141,128.901118915734
경상남도 김해시 어방동 ,35.2404282197141,128.901118915734
경상남도 김해시 어방동 ,35.2404282197141,128.901118915734
경상남도 김해시 어방동 ,35.2404282197141,128.901118915734
경상남도 김해시 어방동 ,35.2404282197141,128.901118915734
경상남도 김해시 어방동 ,35.2404282197141,128.901118915734
경상남도 김해시 어방동 ,35.2404282197141,128.901118915734
경상남도 김해시 어방동 ,35.2404282197141,128.901118915734
경상남도 김해시 어방동 ,35.2404282197141,128.901118915734
경상남도 김해시 어방동 ,35.2404282197141,128.901118915734
경상남도 김해시 어방동 ,35.2404282197141,128.901118915734
경상남도 김해시 어방동 ,35.2404282197141,128.901118915734
경상남도 김해시 어방동 ,35.2404282197141,128.901118915734
경상남도 김해시 어방동 ,35.2404282197141,128.901118915734
경상남도 김해시 어방동 ,35.2404282197141,128.901118915734
경상남도 김해시 어방동 ,35.2404282197141,128.901118915734
경상남도 김해시 어방동 ,35.2404282197141,128.901118915734
경상남도 김해시 어방동 ,35.2404282197141,128.901118915734
경상남도 김해시 어방동 ,35.2404282197141,128.901118915734
경상남도 김해시 어방동 ,35.2404282197141,128.901118915734
경상남도 김해시 어방동 ,35.2404282197141,128.901118915734
경상남도 김해시 어방동 ,35.2404282197141,128.901118915734
경상남도 김해시 어방동 ,35.2404282197141,128.901118915734
경상남도 김해시 어방동 ,35.2404282197141,128.901118915734
경상남도 김해시 삼방동 ,35.264280715681,128.902717724924
경상남도 김해시 삼방동 ,35.264280715681,128.902717724924
경상남도 김해시 삼방동 ,35.264280715681,128.902717724924
경상남도 김해시 삼방동 ,35.264280715681,128.902717724924
경상남도 김해시 삼방동 ,35.264280715681,128.902717724924
경상남도 김해시 삼방동 ,35.264280715681,128.902717724924
경상남도 김해시 삼방동 ,35.264280715681,128.902717724924
경상남도 김해시 삼방동 ,35.264280715681,128.902717724924
경상남도 김해시 삼방동 ,35.264280715681,128.902717724924
경상남도 김해시 삼방동 ,35.264280715681,128.902717724924
경상남도 김해시 삼방동 ,35.264280715681,128.902717724924
경상남도 김해시 삼방동 ,35.264280715681,128.902717724924
경상남도 김해시 삼방동 ,35.264280715681,128.902717724924
경상남도 김해시 삼방동 ,35.264280715681,128.902717724924
경상남도 김해시 삼방동 ,35.264280715681,128.902717724924
경상남도 김해시 삼방동 ,35.264280715681,128.902717724924
경상남도 김해시 삼방동 ,35.264280715681,128.902717724924
경상남도 김해시 삼방동 ,35.264280715681,128.902717724924
경상남도 김해시 삼방동 ,35.264280715681,128.902717724924
경상남도 김해시 삼방동 ,35.264280715681,128.902717724924
경상남도 김해시 삼방동 ,35.264280715681,128.902717724924
경상남도 김해시 삼방동 ,35.264280715681,128.902717724924
경상남도 김해시 삼방동 ,35.264280715681,128.902717724924
경상남도 김해시 삼방동 ,35.264280715681,128.902717724924
경상남도 김해시 삼방동 ,35.264280715681,128.902717724924
경상남도 김해시 삼방동 ,35.264280715681,128.902717724924
경상남도 김해시 삼방동 ,35.264280715681,128.902717724924
경상남도 김해시 삼방동 ,35.264280715681,128.902717724924
경상남도 김해시 삼방동 ,35.264280715681,128.902717724924
경상남도 김해시 삼방동 ,35.264280715681,128.902717724924
경상남도 김해시 삼방동 ,35.264280715681,128.902717724924
경상남도 김해시 삼방동 ,35.264280715681,128.902717724924
경상남도 김해시 삼방동 ,35.264280715681,128.902717724924
경상남도 김해시 삼방동 ,35.264280715681,128.902717724924
경상남도 김해시 삼방동 ,35.264280715681,128.902717724924
경상남도 김해시 삼방동 ,35.264280715681,128.902717724924
경상남도 김해시 삼방동 ,35.264280715681,128.902717724924
경상남도 김해시 삼방동 ,35.264280715681,128.902717724924
경상남도 김해시 삼방동 ,35.264280715681,128.902717724924
경상남도 김해시 삼방동 ,35.264280715681,128.902717724924
경상남도 김해시 삼방동 ,35.264280715681,128.902717724924
경상남도 김해시 삼방동 ,35.264280715681,128.902717724924
경상남도 김해시 삼방동 ,35.264280715681,128.902717724924
경상남도 김해시 삼방동 ,35.264280715681,128.902717724924
경상남도 김해시 삼방동 ,35.264280715681,128.902717724924
경상남도 김해시 삼방동 ,35.264280715681,128.902717724924
경상남도 김해시 삼방동 ,35.264280715681,128.902717724924
경상남도 김해시 삼방동 ,35.264280715681,128.902717724924
경상남도 김해시 삼방동 ,35.264280715681,128.902717724924
경상남도 김해시 삼방동 ,35.264280715681,128.902717724924
경상남도 김해시 삼방동 ,35.264280715681,128.902717724924
경상남도 김해시 삼방동 ,35.264280715681,128.902717724924
경상남도 김해시 삼방동 ,35.264280715681,128.902717724924
경상남도 김해시 삼방동 ,35.264280715681,128.902717724924
경상남도 김해시 삼방동 ,35.264280715681,128.902717724924
경상남도 김해시 삼방동 ,35.264280715681,128.902717724924
경상남도 김해시 삼방동 ,35.264280715681,128.902717724924
경상남도 김해시 삼방동 ,35.264280715681,128.902717724924
경상남도 김해시 삼방동 ,35.264280715681,128.902717724924
경상남도 김해시 삼방동 ,35.264280715681,128.902717724924
경상남도 김해시 삼방동 ,35.264280715681,128.902717724924
경상남도 김해시 삼방동 ,35.264280715681,128.902717724924
경상남도 김해시 삼방동 ,35.264280715681,128.902717724924
경상남도 김해시 삼방동 ,35.264280715681,128.902717724924
경상남도 김해시 삼방동 ,35.264280715681,128.902717724924
경상남도 김해시 삼방동 ,35.264280715681,128.902717724924
경상남도 김해시 삼방동 ,35.264280715681,128.902717724924
경상남도 김해시 삼방동 ,35.264280715681,128.902717724924
경상남도 김해시 삼방동 ,35.264280715681,128.902717724924
경상남도 김해시 삼방동 ,35.264280715681,128.902717724924
경상남도 김해시 삼방동 ,35.264280715681,128.902717724924
경상남도 김해시 삼방동 ,35.264280715681,128.902717724924
경상남도 김해시 삼방동 ,35.264280715681,128.902717724924
경상남도 김해시 삼방동 ,35.264280715681,128.902717724924
경상남도 김해시 삼방동 ,35.264280715681,128.902717724924
경상남도 김해시 삼방동 ,35.264280715681,128.902717724924
경상남도 김해시 삼방동 ,35.264280715681,128.902717724924
경상남도 김해시 삼방동 ,35.264280715681,128.902717724924
경상남도 김해시 삼방동 ,35.264280715681,128.902717724924
경상남도 김해시 삼방동 ,35.264280715681,128.902717724924
경상남도 김해시 삼방동 ,35.264280715681,128.902717724924
경상남도 김해시 삼방동 ,35.264280715681,128.902717724924
경상남도 김해시 삼방동 ,35.264280715681,128.902717724924
경상남도 김해시 삼방동 ,35.264280715681,128.902717724924
경상남도 김해시 안동 ,35.2317533902371,128.914953140331
경상남도 김해시 안동 ,35.2317533902371,128.914953140331
경상남도 김해시 안동 ,35.2317533902371,128.914953140331
경상남도 김해시 안동 ,35.2317533902371,128.914953140331
경상남도 김해시 안동 ,35.2317533902371,128.914953140331
경상남도 김해시 안동 ,35.2317533902371,128.914953140331
경상남도 김해시 안동 ,35.2317533902371,128.914953140331
경상남도 김해시 안동 ,35.2317533902371,128.914953140331
경상남도 김해시 안동 ,35.2317533902371,128.914953140331
경상남도 김해시 안동 ,35.2317533902371,128.914953140331
경상남도 김해시 안동 ,35.2317533902371,128.914953140331
경상남도 김해시 안동 ,35.2317533902371,128.914953140331
경상남도 김해시 안동 ,35.2317533902371,128.914953140331
경상남도 김해시 안동 ,35.2317533902371,128.914953140331
경상남도 김해시 안동 ,35.2317533902371,128.914953140331
경상남도 김해시 안동 ,35.2317533902371,128.914953140331
경상남도 김해시 안동 ,35.2317533902371,128.914953140331
경상남도 김해시 안동 ,35.2317533902371,128.914953140331
경상남도 김해시 안동 ,35.2317533902371,128.914953140331
경상남도 김해시 안동 ,35.2317533902371,128.914953140331
경상남도 김해시 안동 ,35.2317533902371,128.914953140331
경상남도 김해시 안동 ,35.2317533902371,128.914953140331
경상남도 김해시 안동 ,35.2317533902371,128.914953140331
경상남도 김해시 안동 ,35.2317533902371,128.914953140331
경상남도 김해시 안동 ,35.2317533902371,128.914953140331
경상남도 김해시 안동 ,35.2317533902371,128.914953140331
경상남도 김해시 안동 ,35.2317533902371,128.914953140331
경상남도 김해시 안동 ,35.2317533902371,128.914953140331
경상남도 김해시 안동 ,35.2317533902371,128.914953140331
경상남도 김해시 안동 ,35.2317533902371,128.914953140331
경상남도 김해시 안동 ,35.2317533902371,128.914953140331
경상남도 김해시 안동 ,35.2317533902371,128.914953140331
경상남도 김해시 안동 ,35.2317533902371,128.914953140331
경상남도 김해시 안동 ,35.2317533902371,128.914953140331
경상남도 김해시 안동 ,35.2317533902371,128.914953140331
경상남도 김해시 안동 ,35.2317533902371,128.914953140331
경상남도 김해시 안동 ,35.2317533902371,128.914953140331
경상남도 김해시 안동 ,35.2317533902371,128.914953140331
경상남도 김해시 안동 ,35.2317533902371,128.914953140331
경상남도 김해시 안동 ,35.2317533902371,128.914953140331
경상남도 김해시 안동 ,35.2317533902371,128.914953140331
경상남도 김해시 안동 ,35.2317533902371,128.914953140331
경상남도 김해시 안동 ,35.2317533902371,128.914953140331
경상남도 김해시 안동 ,35.2317533902371,128.914953140331
경상남도 김해시 안동 ,35.2317533902371,128.914953140331
경상남도 김해시 안동 ,35.2317533902371,128.914953140331
경상남도 김해시 안동 ,35.2317533902371,128.914953140331
경상남도 김해시 안동 ,35.2317533902371,128.914953140331
경상남도 김해시 안동 ,35.2317533902371,128.914953140331
경상남도 김해시 안동 ,35.2317533902371,128.914953140331
경상남도 김해시 안동 ,35.2317533902371,128.914953140331
경상남도 김해시 안동 ,35.2317533902371,128.914953140331
경상남도 김해시 안동 ,35.2317533902371,128.914953140331
경상남도 김해시 안동 ,35.2317533902371,128.914953140331
경상남도 김해시 안동 ,35.2317533902371,128.914953140331
경상남도 김해시 안동 ,35.2317533902371,128.914953140331
경상남도 김해시 안동 ,35.2317533902371,128.914953140331
경상남도 김해시 안동 ,35.2317533902371,128.914953140331
경상남도 김해시 안동 ,35.2317533902371,128.914953140331
경상남도 김해시 안동 ,35.2317533902371,128.914953140331
경상남도 김해시 안동 ,35.2317533902371,128.914953140331
경상남도 김해시 안동 ,35.2317533902371,128.914953140331
경상남도 김해시 안동 ,35.2317533902371,128.914953140331
경상남도 김해시 안동 ,35.2317533902371,128.914953140331
경상남도 김해시 안동 ,35.2317533902371,128.914953140331
경상남도 김해시 안동 ,35.2317533902371,128.914953140331
경상남도 김해시 안동 ,35.2317533902371,128.914953140331
경상남도 김해시 안동 ,35.2317533902371,128.914953140331
경상남도 김해시 안동 ,35.2317533902371,128.914953140331
경상남도 김해시 안동 ,35.2317533902371,128.914953140331
경상남도 김해시 안동 ,35.2317533902371,128.914953140331
경상남도 김해시 안동 ,35.2317533902371,128.914953140331
경상남도 김해시 안동 ,35.2317533902371,128.914953140331
경상남도 김해시 안동 ,35.2317533902371,128.914953140331
경상남도 김해시 안동 ,35.2317533902371,128.914953140331
경상남도 김해시 안동 ,35.2317533902371,128.914953140331
경상남도 김해시 지내동 ,35.2318980189157,128.92333462186
경상남도 김해시 지내동 ,35.2318980189157,128.92333462186
경상남도 김해시 지내동 ,35.2318980189157,128.92333462186
경상남도 김해시 지내동 ,35.2318980189157,128.92333462186
경상남도 김해시 지내동 ,35.2318980189157,128.92333462186
경상남도 김해시 지내동 ,35.2318980189157,128.92333462186
경상남도 김해시 지내동 ,35.2318980189157,128.92333462186
경상남도 김해시 지내동 ,35.2318980189157,128.92333462186
경상남도 김해시 지내동 ,35.2318980189157,128.92333462186
경상남도 김해시 지내동 ,35.2318980189157,128.92333462186
경상남도 김해시 지내동 ,35.2318980189157,128.92333462186
경상남도 김해시 지내동 ,35.2318980189157,128.92333462186
경상남도 김해시 지내동 ,35.2318980189157,128.92333462186
경상남도 김해시 지내동 ,35.2318980189157,128.92333462186
경상남도 김해시 지내동 ,35.2318980189157,128.92333462186
경상남도 김해시 지내동 ,35.2318980189157,128.92333462186
경상남도 김해시 지내동 ,35.2318980189157,128.92333462186
경상남도 김해시 지내동 ,35.2318980189157,128.92333462186
경상남도 김해시 지내동 ,35.2318980189157,128.92333462186
경상남도 김해시 지내동 ,35.2318980189157,128.92333462186
경상남도 김해시 지내동 ,35.2318980189157,128.92333462186
경상남도 김해시 지내동 ,35.2318980189157,128.92333462186
경상남도 김해시 지내동 ,35.2318980189157,128.92333462186
경상남도 김해시 지내동 ,35.2318980189157,128.92333462186
경상남도 김해시 지내동 ,35.2318980189157,128.92333462186
경상남도 김해시 지내동 ,35.2318980189157,128.92333462186
경상남도 김해시 지내동 ,35.2318980189157,128.92333462186
경상남도 김해시 지내동 ,35.2318980189157,128.92333462186
경상남도 김해시 지내동 ,35.2318980189157,128.92333462186
경상남도 김해시 지내동 ,35.2318980189157,128.92333462186
경상남도 김해시 지내동 ,35.2318980189157,128.92333462186
경상남도 김해시 지내동 ,35.2318980189157,128.92333462186
경상남도 김해시 지내동 ,35.2318980189157,128.92333462186
경상남도 김해시 지내동 ,35.2318980189157,128.92333462186
경상남도 김해시 지내동 ,35.2318980189157,128.92333462186
경상남도 김해시 지내동 ,35.2318980189157,128.92333462186
경상남도 김해시 지내동 ,35.2318980189157,128.92333462186
경상남도 김해시 지내동 ,35.2318980189157,128.92333462186
경상남도 김해시 지내동 ,35.2318980189157,128.92333462186
경상남도 김해시 지내동 ,35.2318980189157,128.92333462186
경상남도 김해시 지내동 ,35.2318980189157,128.92333462186
경상남도 김해시 지내동 ,35.2318980189157,128.92333462186
경상남도 김해시 지내동 ,35.2318980189157,128.92333462186
경상남도 김해시 지내동 ,35.2318980189157,128.92333462186
경상남도 김해시 지내동 ,35.2318980189157,128.92333462186
경상남도 김해시 지내동 ,35.2318980189157,128.92333462186
경상남도 김해시 지내동 ,35.2318980189157,128.92333462186
경상남도 김해시 지내동 ,35.2318980189157,128.92333462186
경상남도 김해시 지내동 ,35.2318980189157,128.92333462186
경상남도 김해시 지내동 ,35.2318980189157,128.92333462186
경상남도 김해시 지내동 ,35.2318980189157,128.92333462186
경상남도 김해시 지내동 ,35.2318980189157,128.92333462186
경상남도 김해시 지내동 ,35.2318980189157,128.92333462186
경상남도 김해시 지내동 ,35.2318980189157,128.92333462186
경상남도 김해시 지내동 ,35.2318980189157,128.92333462186
경상남도 김해시 지내동 ,35.2318980189157,128.92333462186
경상남도 김해시 지내동 ,35.2318980189157,128.92333462186
경상남도 김해시 지내동 ,35.2318980189157,128.92333462186
경상남도 김해시 지내동 ,35.2318980189157,128.92333462186
경상남도 김해시 지내동 ,35.2318980189157,128.92333462186
경상남도 김해시 지내동 ,35.2318980189157,128.92333462186
경상남도 김해시 지내동 ,35.2318980189157,128.92333462186
경상남도 김해시 지내동 ,35.2318980189157,128.92333462186
경상남도 김해시 지내동 ,35.2318980189157,128.92333462186
경상남도 김해시 지내동 ,35.2318980189157,128.92333462186
경상남도 김해시 불암동 ,35.2220749357741,128.926748767438
경상남도 김해시 불암동 ,35.2220749357741,128.926748767438
경상남도 김해시 불암동 ,35.2220749357741,128.926748767438
경상남도 김해시 불암동 ,35.2220749357741,128.926748767438
경상남도 김해시 유하동 ,35.2145034220278,128.816838035566
경상남도 김해시 유하동 ,35.2145034220278,128.816838035566
경상남도 김해시 유하동 ,35.2145034220278,128.816838035566
경상남도 김해시 유하동 ,35.2145034220278,128.816838035566
경상남도 김해시 유하동 ,35.2145034220278,128.816838035566
경상남도 김해시 유하동 ,35.2145034220278,128.816838035566
경상남도 김해시 유하동 ,35.2145034220278,128.816838035566
경상남도 김해시 유하동 ,35.2145034220278,128.816838035566
경상남도 김해시 유하동 ,35.2145034220278,128.816838035566
경상남도 김해시 유하동 ,35.2145034220278,128.816838035566
경상남도 김해시 유하동 ,35.2145034220278,128.816838035566
경상남도 김해시 내덕동,35.2055471740155,128.823200098755
경상남도 김해시 내덕동,35.2055471740155,128.823200098755
경상남도 김해시 내덕동,35.2055471740155,128.823200098755
경상남도 김해시 내덕동,35.2055471740155,128.823200098755
경상남도 김해시 내덕동,35.2055471740155,128.823200098755
경상남도 김해시 내덕동,35.2055471740155,128.823200098755
경상남도 김해시 내덕동,35.2055471740155,128.823200098755
경상남도 김해시 내덕동,35.2055471740155,128.823200098755
경상남도 김해시 내덕동,35.2055471740155,128.823200098755
경상남도 김해시 내덕동,35.2055471740155,128.823200098755
경상남도 김해시 내덕동,35.2055471740155,128.823200098755
경상남도 김해시 내덕동,35.2055471740155,128.823200098755
경상남도 김해시 내덕동,35.2055471740155,128.823200098755
경상남도 김해시 내덕동,35.2055471740155,128.823200098755
경상남도 김해시 내덕동,35.2055471740155,128.823200098755
경상남도 김해시 내덕동,35.2055471740155,128.823200098755
경상남도 김해시 내덕동,35.2055471740155,128.823200098755
경상남도 김해시 내덕동,35.2055471740155,128.823200098755
경상남도 김해시 내덕동,35.2055471740155,128.823200098755
경상남도 김해시 내덕동,35.2055471740155,128.823200098755
경상남도 김해시 내덕동,35.2055471740155,128.823200098755
경상남도 김해시 내덕동,35.2055471740155,128.823200098755
경상남도 김해시 내덕동,35.2055471740155,128.823200098755
경상남도 김해시 내덕동,35.2055471740155,128.823200098755
경상남도 김해시 내덕동,35.2055471740155,128.823200098755
경상남도 김해시 내덕동,35.2055471740155,128.823200098755
경상남도 김해시 내덕동,35.2055471740155,128.823200098755
경상남도 김해시 내덕동,35.2055471740155,128.823200098755
경상남도 김해시 내덕동,35.2055471740155,128.823200098755
경상남도 김해시 내덕동,35.2055471740155,128.823200098755
경상남도 김해시 내덕동,35.2055471740155,128.823200098755
경상남도 김해시 내덕동,35.2055471740155,128.823200098755
경상남도 김해시 내덕동,35.2055471740155,128.823200098755
경상남도 김해시 내덕동,35.2055471740155,128.823200098755
경상남도 김해시 내덕동,35.2055471740155,128.823200098755
경상남도 김해시 부곡동 ,35.2138982047417,128.795797868369
경상남도 김해시 부곡동 ,35.2138982047417,128.795797868369
경상남도 김해시 부곡동 ,35.2138982047417,128.795797868369
경상남도 김해시 부곡동 ,35.2138982047417,128.795797868369
경상남도 김해시 부곡동 ,35.2138982047417,128.795797868369
경상남도 김해시 부곡동 ,35.2138982047417,128.795797868369
경상남도 김해시 부곡동 ,35.2138982047417,128.795797868369
경상남도 김해시 부곡동 ,35.2138982047417,128.795797868369
경상남도 김해시 부곡동 ,35.2138982047417,128.795797868369
경상남도 김해시 부곡동 ,35.2138982047417,128.795797868369
경상남도 김해시 부곡동 ,35.2138982047417,128.795797868369
경상남도 김해시 부곡동 ,35.2138982047417,128.795797868369
경상남도 김해시 부곡동 ,35.2138982047417,128.795797868369
경상남도 김해시 부곡동 ,35.2138982047417,128.795797868369
경상남도 김해시 부곡동 ,35.2138982047417,128.795797868369
경상남도 김해시 부곡동 ,35.2138982047417,128.795797868369
경상남도 김해시 부곡동 ,35.2138982047417,128.795797868369
경상남도 김해시 부곡동 ,35.2138982047417,128.795797868369
경상남도 김해시 부곡동 ,35.2138982047417,128.795797868369
경상남도 김해시 부곡동 ,35.2138982047417,128.795797868369
경상남도 김해시 부곡동 ,35.2138982047417,128.795797868369
경상남도 김해시 부곡동 ,35.2138982047417,128.795797868369
경상남도 김해시 부곡동 ,35.2138982047417,128.795797868369
경상남도 김해시 부곡동 ,35.2138982047417,128.795797868369
경상남도 김해시 부곡동 ,35.2138982047417,128.795797868369
경상남도 김해시 부곡동 ,35.2138982047417,128.795797868369
경상남도 김해시 부곡동 ,35.2138982047417,128.795797868369
경상남도 김해시 부곡동 ,35.2138982047417,128.795797868369
경상남도 김해시 부곡동 ,35.2138982047417,128.795797868369
경상남도 김해시 부곡동 ,35.2138982047417,128.795797868369
경상남도 김해시 부곡동 ,35.2138982047417,128.795797868369
경상남도 김해시 부곡동 ,35.2138982047417,128.795797868369
경상남도 김해시 부곡동 ,35.2138982047417,128.795797868369
경상남도 김해시 부곡동 ,35.2138982047417,128.795797868369
경상남도 김해시 부곡동 ,35.2138982047417,128.795797868369
경상남도 김해시 부곡동 ,35.2138982047417,128.795797868369
경상남도 김해시 부곡동 ,35.2138982047417,128.795797868369
경상남도 김해시 부곡동 ,35.2138982047417,128.795797868369
경상남도 김해시 부곡동 ,35.2138982047417,128.795797868369
경상남도 김해시 부곡동 ,35.2138982047417,128.795797868369
경상남도 김해시 부곡동 ,35.2138982047417,128.795797868369
경상남도 김해시 부곡동 ,35.2138982047417,128.795797868369
경상남도 김해시 부곡동 ,35.2138982047417,128.795797868369
경상남도 김해시 부곡동 ,35.2138982047417,128.795797868369
경상남도 김해시 부곡동 ,35.2138982047417,128.795797868369
경상남도 김해시 부곡동 ,35.2138982047417,128.795797868369
경상남도 김해시 부곡동 ,35.2138982047417,128.795797868369
경상남도 김해시 부곡동 ,35.2138982047417,128.795797868369
경상남도 김해시 부곡동 ,35.2138982047417,128.795797868369
경상남도 김해시 부곡동 ,35.2138982047417,128.795797868369
경상남도 김해시 부곡동 ,35.2138982047417,128.795797868369
경상남도 김해시 부곡동 ,35.2138982047417,128.795797868369
경상남도 김해시 부곡동 ,35.2138982047417,128.795797868369
경상남도 김해시 부곡동 ,35.2138982047417,128.795797868369
경상남도 김해시 부곡동 ,35.2138982047417,128.795797868369
경상남도 김해시 부곡동 ,35.2138982047417,128.795797868369
경상남도 김해시 부곡동 ,35.2138982047417,128.795797868369
경상남도 김해시 부곡동 ,35.2138982047417,128.795797868369
경상남도 김해시 부곡동 ,35.2138982047417,128.795797868369
경상남도 김해시 부곡동 ,35.2138982047417,128.795797868369
경상남도 김해시 부곡동 ,35.2138982047417,128.795797868369
경상남도 김해시 부곡동 ,35.2138982047417,128.795797868369
경상남도 김해시 부곡동 ,35.2138982047417,128.795797868369
경상남도 김해시 부곡동 ,35.2138982047417,128.795797868369
경상남도 김해시 부곡동 ,35.2138982047417,128.795797868369
경상남도 김해시 부곡동 ,35.2138982047417,128.795797868369
경상남도 김해시 부곡동 ,35.2138982047417,128.795797868369
경상남도 김해시 부곡동 ,35.2138982047417,128.795797868369
경상남도 김해시 부곡동 ,35.2138982047417,128.795797868369
경상남도 김해시 부곡동 ,35.2138982047417,128.795797868369
경상남도 김해시 부곡동 ,35.2138982047417,128.795797868369
경상남도 김해시 부곡동 ,35.2138982047417,128.795797868369
경상남도 김해시 부곡동 ,35.2138982047417,128.795797868369
경상남도 김해시 부곡동 ,35.2138982047417,128.795797868369
경상남도 김해시 부곡동 ,35.2138982047417,128.795797868369
경상남도 김해시 부곡동 ,35.2138982047417,128.795797868369
경상남도 김해시 부곡동 ,35.2138982047417,128.795797868369
경상남도 김해시 부곡동 ,35.2138982047417,128.795797868369
경상남도 김해시 부곡동 ,35.2138982047417,128.795797868369
경상남도 김해시 부곡동 ,35.2138982047417,128.795797868369
경상남도 김해시 부곡동 ,35.2138982047417,128.795797868369
경상남도 김해시 부곡동 ,35.2138982047417,128.795797868369
경상남도 김해시 부곡동 ,35.2138982047417,128.795797868369
경상남도 김해시 부곡동 ,35.2138982047417,128.795797868369
경상남도 김해시 부곡동 ,35.2138982047417,128.795797868369
경상남도 김해시 부곡동 ,35.2138982047417,128.795797868369
경상남도 김해시 부곡동 ,35.2138982047417,128.795797868369
경상남도 김해시 부곡동 ,35.2138982047417,128.795797868369
경상남도 김해시 부곡동 ,35.2138982047417,128.795797868369
경상남도 김해시 부곡동 ,35.2138982047417,128.795797868369
경상남도 김해시 부곡동 ,35.2138982047417,128.795797868369
경상남도 김해시 부곡동 ,35.2138982047417,128.795797868369
경상남도 김해시 부곡동 ,35.2138982047417,128.795797868369
경상남도 김해시 부곡동 ,35.2138982047417,128.795797868369
경상남도 김해시 부곡동 ,35.2138982047417,128.795797868369
경상남도 김해시 부곡동 ,35.2138982047417,128.795797868369
경상남도 김해시 부곡동 ,35.2138982047417,128.795797868369
경상남도 김해시 부곡동 ,35.2138982047417,128.795797868369
경상남도 김해시 부곡동 ,35.2138982047417,128.795797868369
경상남도 김해시 부곡동 ,35.2138982047417,128.795797868369
경상남도 김해시 부곡동 ,35.2138982047417,128.795797868369
경상남도 김해시 부곡동 ,35.2138982047417,128.795797868369
경상남도 김해시 부곡동 ,35.2138982047417,128.795797868369
경상남도 김해시 부곡동 ,35.2138982047417,128.795797868369
경상남도 김해시 부곡동 ,35.2138982047417,128.795797868369
경상남도 김해시 부곡동 ,35.2138982047417,128.795797868369
경상남도 김해시 부곡동 ,35.2138982047417,128.795797868369
경상남도 김해시 부곡동 ,35.2138982047417,128.795797868369
경상남도 김해시 부곡동 ,35.2138982047417,128.795797868369
경상남도 김해시 부곡동 ,35.2138982047417,128.795797868369
경상남도 김해시 부곡동 ,35.2138982047417,128.795797868369
경상남도 김해시 부곡동 ,35.2138982047417,128.795797868369
경상남도 김해시 부곡동 ,35.2138982047417,128.795797868369
경상남도 김해시 부곡동 ,35.2138982047417,128.795797868369
경상남도 김해시 부곡동 ,35.2138982047417,128.795797868369
경상남도 김해시 부곡동 ,35.2138982047417,128.795797868369
경상남도 김해시 부곡동 ,35.2138982047417,128.795797868369
경상남도 김해시 부곡동 ,35.2138982047417,128.795797868369
경상남도 김해시 부곡동 ,35.2138982047417,128.795797868369
경상남도 김해시 부곡동 ,35.2138982047417,128.795797868369
경상남도 김해시 부곡동 ,35.2138982047417,128.795797868369
경상남도 김해시 부곡동 ,35.2138982047417,128.795797868369
경상남도 김해시 부곡동 ,35.2138982047417,128.795797868369
경상남도 김해시 부곡동 ,35.2138982047417,128.795797868369
경상남도 김해시 부곡동 ,35.2138982047417,128.795797868369
경상남도 김해시 부곡동 ,35.2138982047417,128.795797868369
경상남도 김해시 부곡동 ,35.2138982047417,128.795797868369
경상남도 김해시 부곡동 ,35.2138982047417,128.795797868369
경상남도 김해시 부곡동 ,35.2138982047417,128.795797868369
경상남도 김해시 부곡동 ,35.2138982047417,128.795797868369
경상남도 김해시 부곡동 ,35.2138982047417,128.795797868369
경상남도 김해시 부곡동 ,35.2138982047417,128.795797868369
경상남도 김해시 부곡동 ,35.2138982047417,128.795797868369
경상남도 김해시 부곡동 ,35.2138982047417,128.795797868369
경상남도 김해시 부곡동 ,35.2138982047417,128.795797868369
경상남도 김해시 부곡동 ,35.2138982047417,128.795797868369
경상남도 김해시 부곡동 ,35.2138982047417,128.795797868369
경상남도 김해시 부곡동 ,35.2138982047417,128.795797868369
경상남도 김해시 부곡동 ,35.2138982047417,128.795797868369
경상남도 김해시 부곡동 ,35.2138982047417,128.795797868369
경상남도 김해시 부곡동 ,35.2138982047417,128.795797868369
경상남도 김해시 부곡동 ,35.2138982047417,128.795797868369
경상남도 김해시 부곡동 ,35.2138982047417,128.795797868369
경상남도 김해시 부곡동 ,35.2138982047417,128.795797868369
경상남도 김해시 부곡동 ,35.2138982047417,128.795797868369
경상남도 김해시 부곡동 ,35.2138982047417,128.795797868369
경상남도 김해시 부곡동 ,35.2138982047417,128.795797868369
경상남도 김해시 부곡동 ,35.2138982047417,128.795797868369
경상남도 김해시 부곡동 ,35.2138982047417,128.795797868369
경상남도 김해시 부곡동 ,35.2138982047417,128.795797868369
경상남도 김해시 부곡동 ,35.2138982047417,128.795797868369
경상남도 김해시 무계동 ,35.2011292118957,128.81902578189
경상남도 김해시 무계동 ,35.2011292118957,128.81902578189
경상남도 김해시 무계동 ,35.2011292118957,128.81902578189
경상남도 김해시 무계동 ,35.2011292118957,128.81902578189
경상남도 김해시 무계동 ,35.2011292118957,128.81902578189
경상남도 김해시 무계동 ,35.2011292118957,128.81902578189
경상남도 김해시 무계동 ,35.2011292118957,128.81902578189
경상남도 김해시 무계동 ,35.2011292118957,128.81902578189
경상남도 김해시 무계동 ,35.2011292118957,128.81902578189
경상남도 김해시 무계동 ,35.2011292118957,128.81902578189
경상남도 김해시 무계동 ,35.2011292118957,128.81902578189
경상남도 김해시 무계동 ,35.2011292118957,128.81902578189
경상남도 김해시 무계동 ,35.2011292118957,128.81902578189
경상남도 김해시 무계동 ,35.2011292118957,128.81902578189
경상남도 김해시 무계동 ,35.2011292118957,128.81902578189
경상남도 김해시 무계동 ,35.2011292118957,128.81902578189
경상남도 김해시 무계동 ,35.2011292118957,128.81902578189
경상남도 김해시 무계동 ,35.2011292118957,128.81902578189
경상남도 김해시 무계동 ,35.2011292118957,128.81902578189
경상남도 김해시 무계동 ,35.2011292118957,128.81902578189
경상남도 김해시 무계동 ,35.2011292118957,128.81902578189
경상남도 김해시 무계동 ,35.2011292118957,128.81902578189
경상남도 김해시 무계동 ,35.2011292118957,128.81902578189
경상남도 김해시 무계동 ,35.2011292118957,128.81902578189
경상남도 김해시 무계동 ,35.2011292118957,128.81902578189
경상남도 김해시 무계동 ,35.2011292118957,128.81902578189
경상남도 김해시 무계동 ,35.2011292118957,128.81902578189
경상남도 김해시 무계동 ,35.2011292118957,128.81902578189
경상남도 김해시 무계동 ,35.2011292118957,128.81902578189
경상남도 김해시 무계동 ,35.2011292118957,128.81902578189
경상남도 김해시 무계동 ,35.2011292118957,128.81902578189
경상남도 김해시 무계동 ,35.2011292118957,128.81902578189
경상남도 김해시 무계동 ,35.2011292118957,128.81902578189
경상남도 김해시 무계동 ,35.2011292118957,128.81902578189
경상남도 김해시 무계동 ,35.2011292118957,128.81902578189
경상남도 김해시 무계동 ,35.2011292118957,128.81902578189
경상남도 김해시 무계동 ,35.2011292118957,128.81902578189
경상남도 김해시 무계동 ,35.2011292118957,128.81902578189
경상남도 김해시 무계동 ,35.2011292118957,128.81902578189
경상남도 김해시 무계동 ,35.2011292118957,128.81902578189
경상남도 김해시 무계동 ,35.2011292118957,128.81902578189
경상남도 김해시 무계동 ,35.2011292118957,128.81902578189
경상남도 김해시 무계동 ,35.2011292118957,128.81902578189
경상남도 김해시 무계동 ,35.2011292118957,128.81902578189
경상남도 김해시 무계동 ,35.2011292118957,128.81902578189
경상남도 김해시 무계동 ,35.2011292118957,128.81902578189
경상남도 김해시 무계동 ,35.2011292118957,128.81902578189
경상남도 김해시 무계동 ,35.2011292118957,128.81902578189
경상남도 김해시 무계동 ,35.2011292118957,128.81902578189
경상남도 김해시 무계동 ,35.2011292118957,128.81902578189
경상남도 김해시 무계동 ,35.2011292118957,128.81902578189
경상남도 김해시 무계동 ,35.2011292118957,128.81902578189
경상남도 김해시 무계동 ,35.2011292118957,128.81902578189
경상남도 김해시 무계동 ,35.2011292118957,128.81902578189
경상남도 김해시 무계동 ,35.2011292118957,128.81902578189
경상남도 김해시 무계동 ,35.2011292118957,128.81902578189
경상남도 김해시 무계동 ,35.2011292118957,128.81902578189
경상남도 김해시 무계동 ,35.2011292118957,128.81902578189
경상남도 김해시 무계동 ,35.2011292118957,128.81902578189
경상남도 김해시 무계동 ,35.2011292118957,128.81902578189
경상남도 김해시 무계동 ,35.2011292118957,128.81902578189
경상남도 김해시 무계동 ,35.2011292118957,128.81902578189
경상남도 김해시 무계동 ,35.2011292118957,128.81902578189
경상남도 김해시 무계동 ,35.2011292118957,128.81902578189
경상남도 김해시 무계동 ,35.2011292118957,128.81902578189
경상남도 김해시 무계동 ,35.2011292118957,128.81902578189
경상남도 김해시 무계동 ,35.2011292118957,128.81902578189
경상남도 김해시 무계동 ,35.2011292118957,128.81902578189
경상남도 김해시 무계동 ,35.2011292118957,128.81902578189
경상남도 김해시 무계동 ,35.2011292118957,128.81902578189
경상남도 김해시 무계동 ,35.2011292118957,128.81902578189
경상남도 김해시 무계동 ,35.2011292118957,128.81902578189
경상남도 김해시 무계동 ,35.2011292118957,128.81902578189
경상남도 김해시 무계동 ,35.2011292118957,128.81902578189
경상남도 김해시 무계동 ,35.2011292118957,128.81902578189
경상남도 김해시 무계동 ,35.2011292118957,128.81902578189
경상남도 김해시 무계동 ,35.2011292118957,128.81902578189
경상남도 김해시 무계동 ,35.2011292118957,128.81902578189
경상남도 김해시 무계동 ,35.2011292118957,128.81902578189
경상남도 김해시 무계동 ,35.2011292118957,128.81902578189
경상남도 김해시 무계동 ,35.2011292118957,128.81902578189
경상남도 김해시 신문동 ,35.1886019859348,128.824810540927
경상남도 김해시 신문동 ,35.1886019859348,128.824810540927
경상남도 김해시 신문동 ,35.1886019859348,128.824810540927
경상남도 김해시 신문동 ,35.1886019859348,128.824810540927
경상남도 김해시 신문동 ,35.1886019859348,128.824810540927
경상남도 김해시 신문동 ,35.1886019859348,128.824810540927
경상남도 김해시 신문동 ,35.1886019859348,128.824810540927
경상남도 김해시 신문동 ,35.1886019859348,128.824810540927
경상남도 김해시 신문동 ,35.1886019859348,128.824810540927
경상남도 김해시 신문동 ,35.1886019859348,128.824810540927
경상남도 김해시 신문동 ,35.1886019859348,128.824810540927
경상남도 김해시 신문동 ,35.1886019859348,128.824810540927
경상남도 김해시 신문동 ,35.1886019859348,128.824810540927
경상남도 김해시 신문동 ,35.1886019859348,128.824810540927
경상남도 김해시 신문동 ,35.1886019859348,128.824810540927
경상남도 김해시 신문동 ,35.1886019859348,128.824810540927
경상남도 김해시 신문동 ,35.1886019859348,128.824810540927
경상남도 김해시 신문동 ,35.1886019859348,128.824810540927
경상남도 김해시 신문동 ,35.1886019859348,128.824810540927
경상남도 김해시 신문동 ,35.1886019859348,128.824810540927
경상남도 김해시 신문동 ,35.1886019859348,128.824810540927
경상남도 김해시 신문동 ,35.1886019859348,128.824810540927
경상남도 김해시 신문동 ,35.1886019859348,128.824810540927
경상남도 김해시 신문동 ,35.1886019859348,128.824810540927
경상남도 김해시 신문동 ,35.1886019859348,128.824810540927
경상남도 김해시 신문동 ,35.1886019859348,128.824810540927
경상남도 김해시 신문동 ,35.1886019859348,128.824810540927
경상남도 김해시 신문동 ,35.1886019859348,128.824810540927
경상남도 김해시 신문동 ,35.1886019859348,128.824810540927
경상남도 김해시 신문동 ,35.1886019859348,128.824810540927
경상남도 김해시 신문동 ,35.1886019859348,128.824810540927
경상남도 김해시 신문동 ,35.1886019859348,128.824810540927
경상남도 김해시 신문동 ,35.1886019859348,128.824810540927
경상남도 김해시 신문동 ,35.1886019859348,128.824810540927
경상남도 김해시 신문동 ,35.1886019859348,128.824810540927
경상남도 김해시 신문동 ,35.1886019859348,128.824810540927
경상남도 김해시 신문동 ,35.1886019859348,128.824810540927
경상남도 김해시 신문동 ,35.1886019859348,128.824810540927
경상남도 김해시 신문동 ,35.1886019859348,128.824810540927
경상남도 김해시 신문동 ,35.1886019859348,128.824810540927
경상남도 김해시 신문동 ,35.1886019859348,128.824810540927
경상남도 김해시 신문동 ,35.1886019859348,128.824810540927
경상남도 김해시 신문동 ,35.1886019859348,128.824810540927
경상남도 김해시 신문동 ,35.1886019859348,128.824810540927
경상남도 김해시 신문동 ,35.1886019859348,128.824810540927
경상남도 김해시 신문동 ,35.1886019859348,128.824810540927
경상남도 김해시 신문동 ,35.1886019859348,128.824810540927
경상남도 김해시 신문동 ,35.1886019859348,128.824810540927
경상남도 김해시 신문동 ,35.1886019859348,128.824810540927
경상남도 김해시 신문동 ,35.1886019859348,128.824810540927
경상남도 김해시 신문동 ,35.1886019859348,128.824810540927
경상남도 김해시 신문동 ,35.1886019859348,128.824810540927
경상남도 김해시 신문동 ,35.1886019859348,128.824810540927
경상남도 김해시 신문동 ,35.1886019859348,128.824810540927
경상남도 김해시 신문동 ,35.1886019859348,128.824810540927
경상남도 김해시 신문동 ,35.1886019859348,128.824810540927
경상남도 김해시 신문동 ,35.1886019859348,128.824810540927
경상남도 김해시 신문동 ,35.1886019859348,128.824810540927
경상남도 김해시 신문동 ,35.1886019859348,128.824810540927
경상남도 김해시 신문동 ,35.1886019859348,128.824810540927
경상남도 김해시 신문동 ,35.1886019859348,128.824810540927
경상남도 김해시 신문동 ,35.1886019859348,128.824810540927
경상남도 김해시 신문동 ,35.1886019859348,128.824810540927
경상남도 김해시 신문동 ,35.1886019859348,128.824810540927
경상남도 김해시 신문동 ,35.1886019859348,128.824810540927
경상남도 김해시 신문동 ,35.1886019859348,128.824810540927
경상남도 김해시 신문동 ,35.1886019859348,128.824810540927
경상남도 김해시 신문동 ,35.1886019859348,128.824810540927
경상남도 김해시 신문동 ,35.1886019859348,128.824810540927
경상남도 김해시 신문동 ,35.1886019859348,128.824810540927
경상남도 김해시 신문동 ,35.1886019859348,128.824810540927
경상남도 김해시 신문동 ,35.1886019859348,128.824810540927
경상남도 김해시 신문동 ,35.1886019859348,128.824810540927
경상남도 김해시 신문동 ,35.1886019859348,128.824810540927
경상남도 김해시 신문동 ,35.1886019859348,128.824810540927
경상남도 김해시 신문동 ,35.1886019859348,128.824810540927
경상남도 김해시 신문동 ,35.1886019859348,128.824810540927
경상남도 김해시 신문동 ,35.1886019859348,128.824810540927
경상남도 김해시 신문동 ,35.1886019859348,128.824810540927
경상남도 김해시 신문동 ,35.1886019859348,128.824810540927
경상남도 김해시 신문동 ,35.1886019859348,128.824810540927
경상남도 김해시 신문동 ,35.1886019859348,128.824810540927
경상남도 김해시 신문동 ,35.1886019859348,128.824810540927
경상남도 김해시 신문동 ,35.1886019859348,128.824810540927
경상남도 김해시 신문동 ,35.1886019859348,128.824810540927
경상남도 김해시 신문동 ,35.1886019859348,128.824810540927
경상남도 김해시 신문동 ,35.1886019859348,128.824810540927
경상남도 김해시 신문동 ,35.1886019859348,128.824810540927
경상남도 김해시 신문동 ,35.1886019859348,128.824810540927
경상남도 김해시 신문동 ,35.1886019859348,128.824810540927
경상남도 김해시 신문동 ,35.1886019859348,128.824810540927
경상남도 김해시 신문동 ,35.1886019859348,128.824810540927
경상남도 김해시 신문동 ,35.1886019859348,128.824810540927
경상남도 김해시 신문동 ,35.1886019859348,128.824810540927
경상남도 김해시 신문동 ,35.1886019859348,128.824810540927
경상남도 김해시 신문동 ,35.1886019859348,128.824810540927
경상남도 김해시 신문동 ,35.1886019859348,128.824810540927
경상남도 김해시 신문동 ,35.1886019859348,128.824810540927
경상남도 김해시 신문동 ,35.1886019859348,128.824810540927
경상남도 김해시 신문동 ,35.1886019859348,128.824810540927
경상남도 김해시 신문동 ,35.1886019859348,128.824810540927
경상남도 김해시 신문동 ,35.1886019859348,128.824810540927
경상남도 김해시 신문동 ,35.1886019859348,128.824810540927
경상남도 김해시 신문동 ,35.1886019859348,128.824810540927
경상남도 김해시 신문동 ,35.1886019859348,128.824810540927
경상남도 김해시 신문동 ,35.1886019859348,128.824810540927
경상남도 김해시 신문동 ,35.1886019859348,128.824810540927
경상남도 김해시 신문동 ,35.1886019859348,128.824810540927
경상남도 김해시 신문동 ,35.1886019859348,128.824810540927
경상남도 김해시 신문동 ,35.1886019859348,128.824810540927
경상남도 김해시 신문동 ,35.1886019859348,128.824810540927
경상남도 김해시 신문동 ,35.1886019859348,128.824810540927
경상남도 김해시 신문동 ,35.1886019859348,128.824810540927
경상남도 김해시 신문동 ,35.1886019859348,128.824810540927
경상남도 김해시 신문동 ,35.1886019859348,128.824810540927
경상남도 김해시 신문동 ,35.1886019859348,128.824810540927
경상남도 김해시 신문동 ,35.1886019859348,128.824810540927
경상남도 김해시 신문동 ,35.1886019859348,128.824810540927
경상남도 김해시 신문동 ,35.1886019859348,128.824810540927
경상남도 김해시 신문동 ,35.1886019859348,128.824810540927
경상남도 김해시 신문동 ,35.1886019859348,128.824810540927
경상남도 김해시 신문동 ,35.1886019859348,128.824810540927
경상남도 김해시 신문동 ,35.1886019859348,128.824810540927
경상남도 김해시 신문동 ,35.1886019859348,128.824810540927
경상남도 김해시 신문동 ,35.1886019859348,128.824810540927
경상남도 김해시 신문동 ,35.1886019859348,128.824810540927
경상남도 김해시 신문동 ,35.1886019859348,128.824810540927
경상남도 김해시 신문동 ,35.1886019859348,128.824810540927
경상남도 김해시 신문동 ,35.1886019859348,128.824810540927
경상남도 김해시 삼문동 ,35.1973229953828,128.792411476055
경상남도 김해시 삼문동 ,35.1973229953828,128.792411476055
경상남도 김해시 삼문동 ,35.1973229953828,128.792411476055
경상남도 김해시 삼문동 ,35.1973229953828,128.792411476055
경상남도 김해시 삼문동 ,35.1973229953828,128.792411476055
경상남도 김해시 삼문동 ,35.1973229953828,128.792411476055
경상남도 김해시 삼문동 ,35.1973229953828,128.792411476055
경상남도 김해시 삼문동 ,35.1973229953828,128.792411476055
경상남도 김해시 삼문동 ,35.1973229953828,128.792411476055
경상남도 김해시 삼문동 ,35.1973229953828,128.792411476055
경상남도 김해시 삼문동 ,35.1973229953828,128.792411476055
경상남도 김해시 삼문동 ,35.1973229953828,128.792411476055
경상남도 김해시 삼문동 ,35.1973229953828,128.792411476055
경상남도 김해시 삼문동 ,35.1973229953828,128.792411476055
경상남도 김해시 삼문동 ,35.1973229953828,128.792411476055
경상남도 김해시 삼문동 ,35.1973229953828,128.792411476055
경상남도 김해시 삼문동 ,35.1973229953828,128.792411476055
경상남도 김해시 삼문동 ,35.1973229953828,128.792411476055
경상남도 김해시 삼문동 ,35.1973229953828,128.792411476055
경상남도 김해시 삼문동 ,35.1973229953828,128.792411476055
경상남도 김해시 삼문동 ,35.1973229953828,128.792411476055
경상남도 김해시 삼문동 ,35.1973229953828,128.792411476055
경상남도 김해시 삼문동 ,35.1973229953828,128.792411476055
경상남도 김해시 삼문동 ,35.1973229953828,128.792411476055
경상남도 김해시 삼문동 ,35.1973229953828,128.792411476055
경상남도 김해시 삼문동 ,35.1973229953828,128.792411476055
경상남도 김해시 삼문동 ,35.1973229953828,128.792411476055
경상남도 김해시 삼문동 ,35.1973229953828,128.792411476055
경상남도 김해시 삼문동 ,35.1973229953828,128.792411476055
경상남도 김해시 삼문동 ,35.1973229953828,128.792411476055
경상남도 김해시 삼문동 ,35.1973229953828,128.792411476055
경상남도 김해시 삼문동 ,35.1973229953828,128.792411476055
경상남도 김해시 삼문동 ,35.1973229953828,128.792411476055
경상남도 김해시 삼문동 ,35.1973229953828,128.792411476055
경상남도 김해시 삼문동 ,35.1973229953828,128.792411476055
경상남도 김해시 삼문동 ,35.1973229953828,128.792411476055
경상남도 김해시 삼문동 ,35.1973229953828,128.792411476055
경상남도 김해시 삼문동 ,35.1973229953828,128.792411476055
경상남도 김해시 삼문동 ,35.1973229953828,128.792411476055
경상남도 김해시 삼문동 ,35.1973229953828,128.792411476055
경상남도 김해시 삼문동 ,35.1973229953828,128.792411476055
경상남도 김해시 삼문동 ,35.1973229953828,128.792411476055
경상남도 김해시 삼문동 ,35.1973229953828,128.792411476055
경상남도 김해시 삼문동 ,35.1973229953828,128.792411476055
경상남도 김해시 삼문동 ,35.1973229953828,128.792411476055
경상남도 김해시 삼문동 ,35.1973229953828,128.792411476055
경상남도 김해시 삼문동 ,35.1973229953828,128.792411476055
경상남도 김해시 삼문동 ,35.1973229953828,128.792411476055
경상남도 김해시 삼문동 ,35.1973229953828,128.792411476055
경상남도 김해시 삼문동 ,35.1973229953828,128.792411476055
경상남도 김해시 삼문동 ,35.1973229953828,128.792411476055
경상남도 김해시 삼문동 ,35.1973229953828,128.792411476055
경상남도 김해시 삼문동 ,35.1973229953828,128.792411476055
경상남도 김해시 삼문동 ,35.1973229953828,128.792411476055
경상남도 김해시 삼문동 ,35.1973229953828,128.792411476055
경상남도 김해시 삼문동 ,35.1973229953828,128.792411476055
경상남도 김해시 삼문동 ,35.1973229953828,128.792411476055
경상남도 김해시 삼문동 ,35.1973229953828,128.792411476055
경상남도 김해시 삼문동 ,35.1973229953828,128.792411476055
경상남도 김해시 삼문동 ,35.1973229953828,128.792411476055
경상남도 김해시 삼문동 ,35.1973229953828,128.792411476055
경상남도 김해시 삼문동 ,35.1973229953828,128.792411476055
경상남도 김해시 삼문동 ,35.1973229953828,128.792411476055
경상남도 김해시 삼문동 ,35.1973229953828,128.792411476055
경상남도 김해시 삼문동 ,35.1973229953828,128.792411476055
경상남도 김해시 삼문동 ,35.1973229953828,128.792411476055
경상남도 김해시 삼문동 ,35.1973229953828,128.792411476055
경상남도 김해시 삼문동 ,35.1973229953828,128.792411476055
경상남도 김해시 삼문동 ,35.1973229953828,128.792411476055
경상남도 김해시 삼문동 ,35.1973229953828,128.792411476055
경상남도 김해시 삼문동 ,35.1973229953828,128.792411476055
경상남도 김해시 삼문동 ,35.1973229953828,128.792411476055
경상남도 김해시 삼문동 ,35.1973229953828,128.792411476055
경상남도 김해시 삼문동 ,35.1973229953828,128.792411476055
경상남도 김해시 삼문동 ,35.1973229953828,128.792411476055
경상남도 김해시 삼문동 ,35.1973229953828,128.792411476055
경상남도 김해시 삼문동 ,35.1973229953828,128.792411476055
경상남도 김해시 삼문동 ,35.1973229953828,128.792411476055
경상남도 김해시 삼문동 ,35.1973229953828,128.792411476055
경상남도 김해시 삼문동 ,35.1973229953828,128.792411476055
경상남도 김해시 삼문동 ,35.1973229953828,128.792411476055
경상남도 김해시 삼문동 ,35.1973229953828,128.792411476055
경상남도 김해시 삼문동 ,35.1973229953828,128.792411476055
경상남도 김해시 삼문동 ,35.1973229953828,128.792411476055
경상남도 김해시 삼문동 ,35.1973229953828,128.792411476055
경상남도 김해시 삼문동 ,35.1973229953828,128.792411476055
경상남도 김해시 삼문동 ,35.1973229953828,128.792411476055
경상남도 김해시 삼문동 ,35.1973229953828,128.792411476055
경상남도 김해시 삼문동 ,35.1973229953828,128.792411476055
경상남도 김해시 삼문동 ,35.1973229953828,128.792411476055
경상남도 김해시 삼문동 ,35.1973229953828,128.792411476055
경상남도 김해시 삼문동 ,35.1973229953828,128.792411476055
경상남도 김해시 삼문동 ,35.1973229953828,128.792411476055
경상남도 김해시 삼문동 ,35.1973229953828,128.792411476055
경상남도 김해시 삼문동 ,35.1973229953828,128.792411476055
경상남도 김해시 삼문동 ,35.1973229953828,128.792411476055
경상남도 김해시 삼문동 ,35.1973229953828,128.792411476055
경상남도 김해시 삼문동 ,35.1973229953828,128.792411476055
경상남도 김해시 삼문동 ,35.1973229953828,128.792411476055
경상남도 김해시 삼문동 ,35.1973229953828,128.792411476055
경상남도 김해시 삼문동 ,35.1973229953828,128.792411476055
경상남도 김해시 삼문동 ,35.1973229953828,128.792411476055
경상남도 김해시 삼문동 ,35.1973229953828,128.792411476055
경상남도 김해시 삼문동 ,35.1973229953828,128.792411476055
경상남도 김해시 삼문동 ,35.1973229953828,128.792411476055
경상남도 김해시 삼문동 ,35.1973229953828,128.792411476055
경상남도 김해시 삼문동 ,35.1973229953828,128.792411476055
경상남도 김해시 삼문동 ,35.1973229953828,128.792411476055
경상남도 김해시 삼문동 ,35.1973229953828,128.792411476055
경상남도 김해시 삼문동 ,35.1973229953828,128.792411476055
경상남도 김해시 삼문동 ,35.1973229953828,128.792411476055
경상남도 김해시 삼문동 ,35.1973229953828,128.792411476055
경상남도 김해시 삼문동 ,35.1973229953828,128.792411476055
경상남도 김해시 삼문동 ,35.1973229953828,128.792411476055
경상남도 김해시 삼문동 ,35.1973229953828,128.792411476055
경상남도 김해시 삼문동 ,35.1973229953828,128.792411476055
경상남도 김해시 삼문동 ,35.1973229953828,128.792411476055
경상남도 김해시 삼문동 ,35.1973229953828,128.792411476055
경상남도 김해시 삼문동 ,35.1973229953828,128.792411476055
경상남도 김해시 삼문동 ,35.1973229953828,128.792411476055
경상남도 김해시 삼문동 ,35.1973229953828,128.792411476055
경상남도 김해시 삼문동 ,35.1973229953828,128.792411476055
경상남도 김해시 삼문동 ,35.1973229953828,128.792411476055
경상남도 김해시 삼문동 ,35.1973229953828,128.792411476055
경상남도 김해시 삼문동 ,35.1973229953828,128.792411476055
경상남도 김해시 삼문동 ,35.1973229953828,128.792411476055
경상남도 김해시 삼문동 ,35.1973229953828,128.792411476055
경상남도 김해시 삼문동 ,35.1973229953828,128.792411476055
경상남도 김해시 삼문동 ,35.1973229953828,128.792411476055
경상남도 김해시 삼문동 ,35.1973229953828,128.792411476055
경상남도 김해시 삼문동 ,35.1973229953828,128.792411476055
경상남도 김해시 삼문동 ,35.1973229953828,128.792411476055
경상남도 김해시 삼문동 ,35.1973229953828,128.792411476055
경상남도 김해시 삼문동 ,35.1973229953828,128.792411476055
경상남도 김해시 삼문동 ,35.1973229953828,128.792411476055
경상남도 김해시 삼문동 ,35.1973229953828,128.792411476055
경상남도 김해시 삼문동 ,35.1973229953828,128.792411476055
경상남도 김해시 삼문동 ,35.1973229953828,128.792411476055
경상남도 김해시 삼문동 ,35.1973229953828,128.792411476055
경상남도 김해시 삼문동 ,35.1973229953828,128.792411476055
경상남도 김해시 삼문동 ,35.1973229953828,128.792411476055
경상남도 김해시 삼문동 ,35.1973229953828,128.792411476055
경상남도 김해시 삼문동 ,35.1973229953828,128.792411476055
경상남도 김해시 대청동 ,35.1858248254189,128.776430469211
경상남도 김해시 대청동 ,35.1858248254189,128.776430469211
경상남도 김해시 대청동 ,35.1858248254189,128.776430469211
경상남도 김해시 대청동 ,35.1858248254189,128.776430469211
경상남도 김해시 대청동 ,35.1858248254189,128.776430469211
경상남도 김해시 대청동 ,35.1858248254189,128.776430469211
경상남도 김해시 대청동 ,35.1858248254189,128.776430469211
경상남도 김해시 대청동 ,35.1858248254189,128.776430469211
경상남도 김해시 대청동 ,35.1858248254189,128.776430469211
경상남도 김해시 대청동 ,35.1858248254189,128.776430469211
경상남도 김해시 대청동 ,35.1858248254189,128.776430469211
경상남도 김해시 대청동 ,35.1858248254189,128.776430469211
경상남도 김해시 대청동 ,35.1858248254189,128.776430469211
경상남도 김해시 대청동 ,35.1858248254189,128.776430469211
경상남도 김해시 대청동 ,35.1858248254189,128.776430469211
경상남도 김해시 대청동 ,35.1858248254189,128.776430469211
경상남도 김해시 대청동 ,35.1858248254189,128.776430469211
경상남도 김해시 대청동 ,35.1858248254189,128.776430469211
경상남도 김해시 대청동 ,35.1858248254189,128.776430469211
경상남도 김해시 대청동 ,35.1858248254189,128.776430469211
경상남도 김해시 대청동 ,35.1858248254189,128.776430469211
경상남도 김해시 대청동 ,35.1858248254189,128.776430469211
경상남도 김해시 대청동 ,35.1858248254189,128.776430469211
경상남도 김해시 대청동 ,35.1858248254189,128.776430469211
경상남도 김해시 대청동 ,35.1858248254189,128.776430469211
경상남도 김해시 대청동 ,35.1858248254189,128.776430469211
경상남도 김해시 대청동 ,35.1858248254189,128.776430469211
경상남도 김해시 대청동 ,35.1858248254189,128.776430469211
경상남도 김해시 대청동 ,35.1858248254189,128.776430469211
경상남도 김해시 대청동 ,35.1858248254189,128.776430469211
경상남도 김해시 대청동 ,35.1858248254189,128.776430469211
경상남도 김해시 대청동 ,35.1858248254189,128.776430469211
경상남도 김해시 대청동 ,35.1858248254189,128.776430469211
경상남도 김해시 대청동 ,35.1858248254189,128.776430469211
경상남도 김해시 대청동 ,35.1858248254189,128.776430469211
경상남도 김해시 대청동 ,35.1858248254189,128.776430469211
경상남도 김해시 대청동 ,35.1858248254189,128.776430469211
경상남도 김해시 대청동 ,35.1858248254189,128.776430469211
경상남도 김해시 대청동 ,35.1858248254189,128.776430469211
경상남도 김해시 대청동 ,35.1858248254189,128.776430469211
경상남도 김해시 대청동 ,35.1858248254189,128.776430469211
경상남도 김해시 대청동 ,35.1858248254189,128.776430469211
경상남도 김해시 대청동 ,35.1858248254189,128.776430469211
경상남도 김해시 대청동 ,35.1858248254189,128.776430469211
경상남도 김해시 대청동 ,35.1858248254189,128.776430469211
경상남도 김해시 대청동 ,35.1858248254189,128.776430469211
경상남도 김해시 대청동 ,35.1858248254189,128.776430469211
경상남도 김해시 대청동 ,35.1858248254189,128.776430469211
경상남도 김해시 대청동 ,35.1858248254189,128.776430469211
경상남도 김해시 대청동 ,35.1858248254189,128.776430469211
경상남도 김해시 대청동 ,35.1858248254189,128.776430469211
경상남도 김해시 대청동 ,35.1858248254189,128.776430469211
경상남도 김해시 대청동 ,35.1858248254189,128.776430469211
경상남도 김해시 대청동 ,35.1858248254189,128.776430469211
경상남도 김해시 대청동 ,35.1858248254189,128.776430469211
경상남도 김해시 대청동 ,35.1858248254189,128.776430469211
경상남도 김해시 대청동 ,35.1858248254189,128.776430469211
경상남도 김해시 대청동 ,35.1858248254189,128.776430469211
경상남도 김해시 대청동 ,35.1858248254189,128.776430469211
경상남도 김해시 대청동 ,35.1858248254189,128.776430469211
경상남도 김해시 대청동 ,35.1858248254189,128.776430469211
경상남도 김해시 대청동 ,35.1858248254189,128.776430469211
경상남도 김해시 대청동 ,35.1858248254189,128.776430469211
경상남도 김해시 대청동 ,35.1858248254189,128.776430469211
경상남도 김해시 대청동 ,35.1858248254189,128.776430469211
경상남도 김해시 대청동 ,35.1858248254189,128.776430469211
경상남도 김해시 대청동 ,35.1858248254189,128.776430469211
경상남도 김해시 대청동 ,35.1858248254189,128.776430469211
경상남도 김해시 대청동 ,35.1858248254189,128.776430469211
경상남도 김해시 대청동 ,35.1858248254189,128.776430469211
경상남도 김해시 대청동 ,35.1858248254189,128.776430469211
경상남도 김해시 대청동 ,35.1858248254189,128.776430469211
경상남도 김해시 대청동 ,35.1858248254189,128.776430469211
경상남도 김해시 대청동 ,35.1858248254189,128.776430469211
경상남도 김해시 대청동 ,35.1858248254189,128.776430469211
경상남도 김해시 대청동 ,35.1858248254189,128.776430469211
경상남도 김해시 대청동 ,35.1858248254189,128.776430469211
경상남도 김해시 대청동 ,35.1858248254189,128.776430469211
경상남도 김해시 대청동 ,35.1858248254189,128.776430469211
경상남도 김해시 대청동 ,35.1858248254189,128.776430469211
경상남도 김해시 대청동 ,35.1858248254189,128.776430469211
경상남도 김해시 대청동 ,35.1858248254189,128.776430469211
경상남도 김해시 대청동 ,35.1858248254189,128.776430469211
경상남도 김해시 대청동 ,35.1858248254189,128.776430469211
경상남도 김해시 대청동 ,35.1858248254189,128.776430469211
경상남도 김해시 대청동 ,35.1858248254189,128.776430469211
경상남도 김해시 대청동 ,35.1858248254189,128.776430469211
경상남도 김해시 대청동 ,35.1858248254189,128.776430469211
경상남도 김해시 대청동 ,35.1858248254189,128.776430469211
경상남도 김해시 대청동 ,35.1858248254189,128.776430469211
경상남도 김해시 대청동 ,35.1858248254189,128.776430469211
경상남도 김해시 대청동 ,35.1858248254189,128.776430469211
경상남도 김해시 관동동 ,35.1716954604227,128.786857036
경상남도 김해시 관동동 ,35.1716954604227,128.786857036
경상남도 김해시 관동동 ,35.1716954604227,128.786857036
경상남도 김해시 관동동 ,35.1716954604227,128.786857036
경상남도 김해시 관동동 ,35.1716954604227,128.786857036
경상남도 김해시 관동동 ,35.1716954604227,128.786857036
경상남도 김해시 관동동 ,35.1716954604227,128.786857036
경상남도 김해시 관동동 ,35.1716954604227,128.786857036
경상남도 김해시 관동동 ,35.1716954604227,128.786857036
경상남도 김해시 관동동 ,35.1716954604227,128.786857036
경상남도 김해시 관동동 ,35.1716954604227,128.786857036
경상남도 김해시 관동동 ,35.1716954604227,128.786857036
경상남도 김해시 관동동 ,35.1716954604227,128.786857036
경상남도 김해시 관동동 ,35.1716954604227,128.786857036
경상남도 김해시 관동동 ,35.1716954604227,128.786857036
경상남도 김해시 관동동 ,35.1716954604227,128.786857036
경상남도 김해시 관동동 ,35.1716954604227,128.786857036
경상남도 김해시 관동동 ,35.1716954604227,128.786857036
경상남도 김해시 관동동 ,35.1716954604227,128.786857036
경상남도 김해시 관동동 ,35.1716954604227,128.786857036
경상남도 김해시 관동동 ,35.1716954604227,128.786857036
경상남도 김해시 관동동 ,35.1716954604227,128.786857036
경상남도 김해시 관동동 ,35.1716954604227,128.786857036
경상남도 김해시 관동동 ,35.1716954604227,128.786857036
경상남도 김해시 관동동 ,35.1716954604227,128.786857036
경상남도 김해시 관동동 ,35.1716954604227,128.786857036
경상남도 김해시 관동동 ,35.1716954604227,128.786857036
경상남도 김해시 관동동 ,35.1716954604227,128.786857036
경상남도 김해시 관동동 ,35.1716954604227,128.786857036
경상남도 김해시 관동동 ,35.1716954604227,128.786857036
경상남도 김해시 관동동 ,35.1716954604227,128.786857036
경상남도 김해시 관동동 ,35.1716954604227,128.786857036
경상남도 김해시 관동동 ,35.1716954604227,128.786857036
경상남도 김해시 관동동 ,35.1716954604227,128.786857036
경상남도 김해시 관동동 ,35.1716954604227,128.786857036
경상남도 김해시 관동동 ,35.1716954604227,128.786857036
경상남도 김해시 관동동 ,35.1716954604227,128.786857036
경상남도 김해시 관동동 ,35.1716954604227,128.786857036
경상남도 김해시 관동동 ,35.1716954604227,128.786857036
경상남도 김해시 관동동 ,35.1716954604227,128.786857036
경상남도 김해시 관동동 ,35.1716954604227,128.786857036
경상남도 김해시 관동동 ,35.1716954604227,128.786857036
경상남도 김해시 관동동 ,35.1716954604227,128.786857036
경상남도 김해시 관동동 ,35.1716954604227,128.786857036
경상남도 김해시 관동동 ,35.1716954604227,128.786857036
경상남도 김해시 관동동 ,35.1716954604227,128.786857036
경상남도 김해시 관동동 ,35.1716954604227,128.786857036
경상남도 김해시 관동동 ,35.1716954604227,128.786857036
경상남도 김해시 관동동 ,35.1716954604227,128.786857036
경상남도 김해시 관동동 ,35.1716954604227,128.786857036
경상남도 김해시 관동동 ,35.1716954604227,128.786857036
경상남도 김해시 관동동 ,35.1716954604227,128.786857036
경상남도 김해시 관동동 ,35.1716954604227,128.786857036
경상남도 김해시 관동동 ,35.1716954604227,128.786857036
경상남도 김해시 관동동 ,35.1716954604227,128.786857036
경상남도 김해시 관동동 ,35.1716954604227,128.786857036
경상남도 김해시 관동동 ,35.1716954604227,128.786857036
경상남도 김해시 관동동 ,35.1716954604227,128.786857036
경상남도 김해시 관동동 ,35.1716954604227,128.786857036
경상남도 김해시 관동동 ,35.1716954604227,128.786857036
경상남도 김해시 관동동 ,35.1716954604227,128.786857036
경상남도 김해시 관동동 ,35.1716954604227,128.786857036
경상남도 김해시 관동동 ,35.1716954604227,128.786857036
경상남도 김해시 관동동 ,35.1716954604227,128.786857036
경상남도 김해시 관동동 ,35.1716954604227,128.786857036
경상남도 김해시 관동동 ,35.1716954604227,128.786857036
경상남도 김해시 관동동 ,35.1716954604227,128.786857036
경상남도 김해시 관동동 ,35.1716954604227,128.786857036
경상남도 김해시 관동동 ,35.1716954604227,128.786857036
경상남도 김해시 관동동 ,35.1716954604227,128.786857036
경상남도 김해시 관동동 ,35.1716954604227,128.786857036
경상남도 김해시 관동동 ,35.1716954604227,128.786857036
경상남도 김해시 관동동 ,35.1716954604227,128.786857036
경상남도 김해시 관동동 ,35.1716954604227,128.786857036
경상남도 김해시 관동동 ,35.1716954604227,128.786857036
경상남도 김해시 관동동 ,35.1716954604227,128.786857036
경상남도 김해시 관동동 ,35.1716954604227,128.786857036
경상남도 김해시 관동동 ,35.1716954604227,128.786857036
경상남도 김해시 관동동 ,35.1716954604227,128.786857036
경상남도 김해시 관동동 ,35.1716954604227,128.786857036
경상남도 김해시 관동동 ,35.1716954604227,128.786857036
경상남도 김해시 관동동 ,35.1716954604227,128.786857036
경상남도 김해시 관동동 ,35.1716954604227,128.786857036
경상남도 김해시 관동동 ,35.1716954604227,128.786857036
경상남도 김해시 관동동 ,35.1716954604227,128.786857036
경상남도 김해시 관동동 ,35.1716954604227,128.786857036
경상남도 김해시 관동동 ,35.1716954604227,128.786857036
경상남도 김해시 관동동 ,35.1716954604227,128.786857036
경상남도 김해시 관동동 ,35.1716954604227,128.786857036
경상남도 김해시 관동동 ,35.1716954604227,128.786857036
경상남도 김해시 관동동 ,35.1716954604227,128.786857036
경상남도 김해시 관동동 ,35.1716954604227,128.786857036
경상남도 김해시 관동동 ,35.1716954604227,128.786857036
경상남도 김해시 관동동 ,35.1716954604227,128.786857036
경상남도 김해시 관동동 ,35.1716954604227,128.786857036
경상남도 김해시 관동동 ,35.1716954604227,128.786857036
경상남도 김해시 관동동 ,35.1716954604227,128.786857036
경상남도 김해시 관동동 ,35.1716954604227,128.786857036
경상남도 김해시 관동동 ,35.1716954604227,128.786857036
경상남도 김해시 관동동 ,35.1716954604227,128.786857036
경상남도 김해시 관동동 ,35.1716954604227,128.786857036
경상남도 김해시 관동동 ,35.1716954604227,128.786857036
경상남도 김해시 관동동 ,35.1716954604227,128.786857036
경상남도 김해시 관동동 ,35.1716954604227,128.786857036
경상남도 김해시 관동동 ,35.1716954604227,128.786857036
경상남도 김해시 관동동 ,35.1716954604227,128.786857036
경상남도 김해시 관동동 ,35.1716954604227,128.786857036
경상남도 김해시 관동동 ,35.1716954604227,128.786857036
경상남도 김해시 관동동 ,35.1716954604227,128.786857036
경상남도 김해시 관동동 ,35.1716954604227,128.786857036
경상남도 김해시 관동동 ,35.1716954604227,128.786857036
경상남도 김해시 관동동 ,35.1716954604227,128.786857036
경상남도 김해시 관동동 ,35.1716954604227,128.786857036
경상남도 김해시 관동동 ,35.1716954604227,128.786857036
경상남도 김해시 관동동 ,35.1716954604227,128.786857036
경상남도 김해시 관동동 ,35.1716954604227,128.786857036
경상남도 김해시 관동동 ,35.1716954604227,128.786857036
경상남도 김해시 관동동 ,35.1716954604227,128.786857036
경상남도 김해시 관동동 ,35.1716954604227,128.786857036
경상남도 김해시 관동동 ,35.1716954604227,128.786857036
경상남도 김해시 관동동 ,35.1716954604227,128.786857036
경상남도 김해시 관동동 ,35.1716954604227,128.786857036
경상남도 김해시 관동동 ,35.1716954604227,128.786857036
경상남도 김해시 관동동 ,35.1716954604227,128.786857036
경상남도 김해시 관동동 ,35.1716954604227,128.786857036
경상남도 김해시 관동동 ,35.1716954604227,128.786857036
경상남도 김해시 관동동 ,35.1716954604227,128.786857036
경상남도 김해시 관동동 ,35.1716954604227,128.786857036
경상남도 김해시 관동동 ,35.1716954604227,128.786857036
경상남도 김해시 관동동 ,35.1716954604227,128.786857036
경상남도 김해시 관동동 ,35.1716954604227,128.786857036
경상남도 김해시 관동동 ,35.1716954604227,128.786857036
경상남도 김해시 관동동 ,35.1716954604227,128.786857036
경상남도 김해시 관동동 ,35.1716954604227,128.786857036
경상남도 김해시 관동동 ,35.1716954604227,128.786857036
경상남도 김해시 관동동 ,35.1716954604227,128.786857036
경상남도 김해시 관동동 ,35.1716954604227,128.786857036
경상남도 김해시 관동동 ,35.1716954604227,128.786857036
경상남도 김해시 관동동 ,35.1716954604227,128.786857036
경상남도 김해시 관동동 ,35.1716954604227,128.786857036
경상남도 김해시 관동동 ,35.1716954604227,128.786857036
경상남도 김해시 관동동 ,35.1716954604227,128.786857036
경상남도 김해시 관동동 ,35.1716954604227,128.786857036
경상남도 김해시 관동동 ,35.1716954604227,128.786857036
경상남도 김해시 관동동 ,35.1716954604227,128.786857036
경상남도 김해시 관동동 ,35.1716954604227,128.786857036
경상남도 김해시 관동동 ,35.1716954604227,128.786857036
경상남도 김해시 관동동 ,35.1716954604227,128.786857036
경상남도 김해시 관동동 ,35.1716954604227,128.786857036
경상남도 김해시 관동동 ,35.1716954604227,128.786857036
경상남도 김해시 관동동 ,35.1716954604227,128.786857036
경상남도 김해시 관동동 ,35.1716954604227,128.786857036
경상남도 김해시 관동동 ,35.1716954604227,128.786857036
경상남도 김해시 관동동 ,35.1716954604227,128.786857036
경상남도 김해시 관동동 ,35.1716954604227,128.786857036
경상남도 김해시 관동동 ,35.1716954604227,128.786857036
경상남도 김해시 관동동 ,35.1716954604227,128.786857036
경상남도 김해시 관동동 ,35.1716954604227,128.786857036
경상남도 김해시 관동동 ,35.1716954604227,128.786857036
경상남도 김해시 관동동 ,35.1716954604227,128.786857036
경상남도 김해시 관동동 ,35.1716954604227,128.786857036
경상남도 김해시 관동동 ,35.1716954604227,128.786857036
경상남도 김해시 관동동 ,35.1716954604227,128.786857036
경상남도 김해시 관동동 ,35.1716954604227,128.786857036
경상남도 김해시 관동동 ,35.1716954604227,128.786857036
경상남도 김해시 관동동 ,35.1716954604227,128.786857036
경상남도 김해시 관동동 ,35.1716954604227,128.786857036
경상남도 김해시 관동동 ,35.1716954604227,128.786857036
경상남도 김해시 관동동 ,35.1716954604227,128.786857036
경상남도 김해시 관동동 ,35.1716954604227,128.786857036
경상남도 김해시 관동동 ,35.1716954604227,128.786857036
경상남도 김해시 관동동 ,35.1716954604227,128.786857036
경상남도 김해시 관동동 ,35.1716954604227,128.786857036
경상남도 김해시 관동동 ,35.1716954604227,128.786857036
경상남도 김해시 관동동 ,35.1716954604227,128.786857036
경상남도 김해시 관동동 ,35.1716954604227,128.786857036
경상남도 김해시 관동동 ,35.1716954604227,128.786857036
경상남도 김해시 관동동 ,35.1716954604227,128.786857036
경상남도 김해시 관동동 ,35.1716954604227,128.786857036
경상남도 김해시 관동동 ,35.1716954604227,128.786857036
경상남도 김해시 관동동 ,35.1716954604227,128.786857036
경상남도 김해시 관동동 ,35.1716954604227,128.786857036
경상남도 김해시 관동동 ,35.1716954604227,128.786857036
경상남도 김해시 관동동 ,35.1716954604227,128.786857036
경상남도 김해시 관동동 ,35.1716954604227,128.786857036
경상남도 김해시 관동동 ,35.1716954604227,128.786857036
경상남도 김해시 관동동 ,35.1716954604227,128.786857036
경상남도 김해시 관동동 ,35.1716954604227,128.786857036
경상남도 김해시 관동동 ,35.1716954604227,128.786857036
경상남도 김해시 관동동 ,35.1716954604227,128.786857036
경상남도 김해시 관동동 ,35.1716954604227,128.786857036
경상남도 김해시 관동동 ,35.1716954604227,128.786857036
경상남도 김해시 관동동 ,35.1716954604227,128.786857036
경상남도 김해시 관동동 ,35.1716954604227,128.786857036
경상남도 김해시 관동동 ,35.1716954604227,128.786857036
경상남도 김해시 관동동 ,35.1716954604227,128.786857036
경상남도 김해시 관동동 ,35.1716954604227,128.786857036
경상남도 김해시 관동동 ,35.1716954604227,128.786857036
경상남도 김해시 관동동 ,35.1716954604227,128.786857036
경상남도 김해시 관동동 ,35.1716954604227,128.786857036
경상남도 김해시 관동동 ,35.1716954604227,128.786857036
경상남도 김해시 관동동 ,35.1716954604227,128.786857036
경상남도 김해시 율하동 ,35.1671388860894,128.808715815531
경상남도 김해시 율하동 ,35.1671388860894,128.808715815531
경상남도 김해시 율하동 ,35.1671388860894,128.808715815531
경상남도 김해시 율하동 ,35.1671388860894,128.808715815531
경상남도 김해시 율하동 ,35.1671388860894,128.808715815531
경상남도 김해시 율하동 ,35.1671388860894,128.808715815531
경상남도 김해시 율하동 ,35.1671388860894,128.808715815531
경상남도 김해시 율하동 ,35.1671388860894,128.808715815531
경상남도 김해시 율하동 ,35.1671388860894,128.808715815531
경상남도 김해시 율하동 ,35.1671388860894,128.808715815531
경상남도 김해시 율하동 ,35.1671388860894,128.808715815531
경상남도 김해시 율하동 ,35.1671388860894,128.808715815531
경상남도 김해시 율하동 ,35.1671388860894,128.808715815531
경상남도 김해시 율하동 ,35.1671388860894,128.808715815531
경상남도 김해시 율하동 ,35.1671388860894,128.808715815531
경상남도 김해시 율하동 ,35.1671388860894,128.808715815531
경상남도 김해시 율하동 ,35.1671388860894,128.808715815531
경상남도 김해시 율하동 ,35.1671388860894,128.808715815531
경상남도 김해시 율하동 ,35.1671388860894,128.808715815531
경상남도 김해시 율하동 ,35.1671388860894,128.808715815531
경상남도 김해시 율하동 ,35.1671388860894,128.808715815531
경상남도 김해시 율하동 ,35.1671388860894,128.808715815531
경상남도 김해시 율하동 ,35.1671388860894,128.808715815531
경상남도 김해시 율하동 ,35.1671388860894,128.808715815531
경상남도 김해시 율하동 ,35.1671388860894,128.808715815531
경상남도 김해시 율하동 ,35.1671388860894,128.808715815531
경상남도 김해시 율하동 ,35.1671388860894,128.808715815531
경상남도 김해시 율하동 ,35.1671388860894,128.808715815531
경상남도 김해시 율하동 ,35.1671388860894,128.808715815531
경상남도 김해시 율하동 ,35.1671388860894,128.808715815531
경상남도 김해시 율하동 ,35.1671388860894,128.808715815531
경상남도 김해시 율하동 ,35.1671388860894,128.808715815531
경상남도 김해시 율하동 ,35.1671388860894,128.808715815531
경상남도 김해시 율하동 ,35.1671388860894,128.808715815531
경상남도 김해시 율하동 ,35.1671388860894,128.808715815531
경상남도 김해시 율하동 ,35.1671388860894,128.808715815531
경상남도 김해시 율하동 ,35.1671388860894,128.808715815531
경상남도 김해시 율하동 ,35.1671388860894,128.808715815531
경상남도 김해시 율하동 ,35.1671388860894,128.808715815531
경상남도 김해시 율하동 ,35.1671388860894,128.808715815531
경상남도 김해시 율하동 ,35.1671388860894,128.808715815531
경상남도 김해시 율하동 ,35.1671388860894,128.808715815531
경상남도 김해시 율하동 ,35.1671388860894,128.808715815531
경상남도 김해시 율하동 ,35.1671388860894,128.808715815531
경상남도 김해시 율하동 ,35.1671388860894,128.808715815531
경상남도 김해시 율하동 ,35.1671388860894,128.808715815531
경상남도 김해시 율하동 ,35.1671388860894,128.808715815531
경상남도 김해시 율하동 ,35.1671388860894,128.808715815531
경상남도 김해시 율하동 ,35.1671388860894,128.808715815531
경상남도 김해시 율하동 ,35.1671388860894,128.808715815531
경상남도 김해시 율하동 ,35.1671388860894,128.808715815531
경상남도 김해시 율하동 ,35.1671388860894,128.808715815531
경상남도 김해시 율하동 ,35.1671388860894,128.808715815531
경상남도 김해시 율하동 ,35.1671388860894,128.808715815531
경상남도 김해시 율하동 ,35.1671388860894,128.808715815531
경상남도 김해시 율하동 ,35.1671388860894,128.808715815531
경상남도 김해시 율하동 ,35.1671388860894,128.808715815531
경상남도 김해시 율하동 ,35.1671388860894,128.808715815531
경상남도 김해시 율하동 ,35.1671388860894,128.808715815531
경상남도 김해시 율하동 ,35.1671388860894,128.808715815531
경상남도 김해시 율하동 ,35.1671388860894,128.808715815531
경상남도 김해시 율하동 ,35.1671388860894,128.808715815531
경상남도 김해시 율하동 ,35.1671388860894,128.808715815531
경상남도 김해시 율하동 ,35.1671388860894,128.808715815531
경상남도 김해시 율하동 ,35.1671388860894,128.808715815531
경상남도 김해시 율하동 ,35.1671388860894,128.808715815531
경상남도 김해시 율하동 ,35.1671388860894,128.808715815531
경상남도 김해시 율하동 ,35.1671388860894,128.808715815531
경상남도 김해시 율하동 ,35.1671388860894,128.808715815531
경상남도 김해시 율하동 ,35.1671388860894,128.808715815531
경상남도 김해시 율하동 ,35.1671388860894,128.808715815531
경상남도 김해시 율하동 ,35.1671388860894,128.808715815531
경상남도 김해시 율하동 ,35.1671388860894,128.808715815531
경상남도 김해시 율하동 ,35.1671388860894,128.808715815531
경상남도 김해시 율하동 ,35.1671388860894,128.808715815531
경상남도 김해시 율하동 ,35.1671388860894,128.808715815531
경상남도 김해시 율하동 ,35.1671388860894,128.808715815531
경상남도 김해시 율하동 ,35.1671388860894,128.808715815531
경상남도 김해시 율하동 ,35.1671388860894,128.808715815531
경상남도 김해시 율하동 ,35.1671388860894,128.808715815531
경상남도 김해시 율하동 ,35.1671388860894,128.808715815531
경상남도 김해시 율하동 ,35.1671388860894,128.808715815531
경상남도 김해시 율하동 ,35.1671388860894,128.808715815531
경상남도 김해시 율하동 ,35.1671388860894,128.808715815531
경상남도 김해시 율하동 ,35.1671388860894,128.808715815531
경상남도 김해시 율하동 ,35.1671388860894,128.808715815531
경상남도 김해시 율하동 ,35.1671388860894,128.808715815531
경상남도 김해시 율하동 ,35.1671388860894,128.808715815531
경상남도 김해시 율하동 ,35.1671388860894,128.808715815531
경상남도 김해시 율하동 ,35.1671388860894,128.808715815531
경상남도 김해시 율하동 ,35.1671388860894,128.808715815531
경상남도 김해시 율하동 ,35.1671388860894,128.808715815531
경상남도 김해시 율하동 ,35.1671388860894,128.808715815531
경상남도 김해시 율하동 ,35.1671388860894,128.808715815531
경상남도 김해시 율하동 ,35.1671388860894,128.808715815531
경상남도 김해시 율하동 ,35.1671388860894,128.808715815531
경상남도 김해시 율하동 ,35.1671388860894,128.808715815531
경상남도 김해시 율하동 ,35.1671388860894,128.808715815531
경상남도 김해시 율하동 ,35.1671388860894,128.808715815531
경상남도 김해시 율하동 ,35.1671388860894,128.808715815531
경상남도 김해시 율하동 ,35.1671388860894,128.808715815531
경상남도 김해시 율하동 ,35.1671388860894,128.808715815531
경상남도 김해시 율하동 ,35.1671388860894,128.808715815531
경상남도 김해시 율하동 ,35.1671388860894,128.808715815531
경상남도 김해시 율하동 ,35.1671388860894,128.808715815531
경상남도 김해시 율하동 ,35.1671388860894,128.808715815531
경상남도 김해시 율하동 ,35.1671388860894,128.808715815531
경상남도 김해시 율하동 ,35.1671388860894,128.808715815531
경상남도 김해시 율하동 ,35.1671388860894,128.808715815531
경상남도 김해시 율하동 ,35.1671388860894,128.808715815531
경상남도 김해시 율하동 ,35.1671388860894,128.808715815531
경상남도 김해시 율하동 ,35.1671388860894,128.808715815531
경상남도 김해시 율하동 ,35.1671388860894,128.808715815531
경상남도 김해시 율하동 ,35.1671388860894,128.808715815531
경상남도 김해시 율하동 ,35.1671388860894,128.808715815531
경상남도 김해시 율하동 ,35.1671388860894,128.808715815531
경상남도 김해시 율하동 ,35.1671388860894,128.808715815531
경상남도 김해시 율하동 ,35.1671388860894,128.808715815531
경상남도 김해시 율하동 ,35.1671388860894,128.808715815531
경상남도 김해시 율하동 ,35.1671388860894,128.808715815531
경상남도 김해시 율하동 ,35.1671388860894,128.808715815531
경상남도 김해시 율하동 ,35.1671388860894,128.808715815531
경상남도 김해시 율하동 ,35.1671388860894,128.808715815531
경상남도 김해시 율하동 ,35.1671388860894,128.808715815531
경상남도 김해시 율하동 ,35.1671388860894,128.808715815531
경상남도 김해시 율하동 ,35.1671388860894,128.808715815531
경상남도 김해시 율하동 ,35.1671388860894,128.808715815531
경상남도 김해시 율하동 ,35.1671388860894,128.808715815531
경상남도 김해시 율하동 ,35.1671388860894,128.808715815531
경상남도 김해시 율하동 ,35.1671388860894,128.808715815531
경상남도 김해시 율하동 ,35.1671388860894,128.808715815531
경상남도 김해시 율하동 ,35.1671388860894,128.808715815531
경상남도 김해시 율하동 ,35.1671388860894,128.808715815531
경상남도 김해시 율하동 ,35.1671388860894,128.808715815531
경상남도 김해시 율하동 ,35.1671388860894,128.808715815531
경상남도 김해시 율하동 ,35.1671388860894,128.808715815531
경상남도 김해시 율하동 ,35.1671388860894,128.808715815531
경상남도 김해시 율하동 ,35.1671388860894,128.808715815531
경상남도 김해시 율하동 ,35.1671388860894,128.808715815531
경상남도 김해시 율하동 ,35.1671388860894,128.808715815531
경상남도 김해시 율하동 ,35.1671388860894,128.808715815531
경상남도 김해시 율하동 ,35.1671388860894,128.808715815531
경상남도 김해시 율하동 ,35.1671388860894,128.808715815531
경상남도 김해시 율하동 ,35.1671388860894,128.808715815531
경상남도 김해시 율하동 ,35.1671388860894,128.808715815531
경상남도 김해시 율하동 ,35.1671388860894,128.808715815531
경상남도 김해시 율하동 ,35.1671388860894,128.808715815531
경상남도 김해시 율하동 ,35.1671388860894,128.808715815531
경상남도 김해시 율하동 ,35.1671388860894,128.808715815531
경상남도 김해시 율하동 ,35.1671388860894,128.808715815531
경상남도 김해시 율하동 ,35.1671388860894,128.808715815531
경상남도 김해시 율하동 ,35.1671388860894,128.808715815531
경상남도 김해시 율하동 ,35.1671388860894,128.808715815531
경상남도 김해시 율하동 ,35.1671388860894,128.808715815531
경상남도 김해시 율하동 ,35.1671388860894,128.808715815531
경상남도 김해시 율하동 ,35.1671388860894,128.808715815531
경상남도 김해시 율하동 ,35.1671388860894,128.808715815531
경상남도 김해시 율하동 ,35.1671388860894,128.808715815531
경상남도 김해시 율하동 ,35.1671388860894,128.808715815531
경상남도 김해시 율하동 ,35.1671388860894,128.808715815531
경상남도 김해시 율하동 ,35.1671388860894,128.808715815531
경상남도 김해시 율하동 ,35.1671388860894,128.808715815531
경상남도 김해시 율하동 ,35.1671388860894,128.808715815531
경상남도 김해시 율하동 ,35.1671388860894,128.808715815531
경상남도 김해시 율하동 ,35.1671388860894,128.808715815531
경상남도 김해시 율하동 ,35.1671388860894,128.808715815531
경상남도 김해시 율하동 ,35.1671388860894,128.808715815531
경상남도 김해시 율하동 ,35.1671388860894,128.808715815531
경상남도 김해시 율하동 ,35.1671388860894,128.808715815531
경상남도 김해시 율하동 ,35.1671388860894,128.808715815531
경상남도 김해시 율하동 ,35.1671388860894,128.808715815531
경상남도 김해시 율하동 ,35.1671388860894,128.808715815531
경상남도 김해시 율하동 ,35.1671388860894,128.808715815531
경상남도 김해시 율하동 ,35.1671388860894,128.808715815531
경상남도 김해시 율하동 ,35.1671388860894,128.808715815531
경상남도 김해시 율하동 ,35.1671388860894,128.808715815531
경상남도 김해시 율하동 ,35.1671388860894,128.808715815531
경상남도 김해시 율하동 ,35.1671388860894,128.808715815531
경상남도 김해시 율하동 ,35.1671388860894,128.808715815531
경상남도 김해시 율하동 ,35.1671388860894,128.808715815531
경상남도 김해시 율하동 ,35.1671388860894,128.808715815531
경상남도 김해시 율하동 ,35.1671388860894,128.808715815531
경상남도 김해시 율하동 ,35.1671388860894,128.808715815531
경상남도 김해시 율하동 ,35.1671388860894,128.808715815531
경상남도 김해시 율하동 ,35.1671388860894,128.808715815531
경상남도 김해시 율하동 ,35.1671388860894,128.808715815531
경상남도 김해시 율하동 ,35.1671388860894,128.808715815531
경상남도 김해시 율하동 ,35.1671388860894,128.808715815531
경상남도 김해시 율하동 ,35.1671388860894,128.808715815531
경상남도 김해시 율하동 ,35.1671388860894,128.808715815531
경상남도 김해시 율하동 ,35.1671388860894,128.808715815531
경상남도 김해시 율하동 ,35.1671388860894,128.808715815531
경상남도 김해시 율하동 ,35.1671388860894,128.808715815531
경상남도 김해시 율하동 ,35.1671388860894,128.808715815531
경상남도 김해시 율하동 ,35.1671388860894,128.808715815531
경상남도 김해시 율하동 ,35.1671388860894,128.808715815531
경상남도 김해시 율하동 ,35.1671388860894,128.808715815531
경상남도 김해시 율하동 ,35.1671388860894,128.808715815531
경상남도 김해시 율하동 ,35.1671388860894,128.808715815531
경상남도 김해시 율하동 ,35.1671388860894,128.808715815531
경상남도 김해시 율하동 ,35.1671388860894,128.808715815531
경상남도 김해시 율하동 ,35.1671388860894,128.808715815531
경상남도 김해시 율하동 ,35.1671388860894,128.808715815531
경상남도 김해시 율하동 ,35.1671388860894,128.808715815531
경상남도 김해시 율하동 ,35.1671388860894,128.808715815531
경상남도 김해시 율하동 ,35.1671388860894,128.808715815531
경상남도 김해시 율하동 ,35.1671388860894,128.808715815531
경상남도 김해시 율하동 ,35.1671388860894,128.808715815531
경상남도 김해시 율하동 ,35.1671388860894,128.808715815531
경상남도 김해시 율하동 ,35.1671388860894,128.808715815531
경상남도 김해시 율하동 ,35.1671388860894,128.808715815531
경상남도 김해시 장유동 ,35.1658041491414,128.831803212173
경상남도 김해시 장유동 ,35.1658041491414,128.831803212173
경상남도 김해시 장유동 ,35.1658041491414,128.831803212173
경상남도 김해시 장유동 ,35.1658041491414,128.831803212173
경상남도 김해시 장유동 ,35.1658041491414,128.831803212173
경상남도 김해시 장유동 ,35.1658041491414,128.831803212173
경상남도 김해시 장유동 ,35.1658041491414,128.831803212173
경상남도 김해시 장유동 ,35.1658041491414,128.831803212173
경상남도 김해시 장유동 ,35.1658041491414,128.831803212173
경상남도 김해시 장유동 ,35.1658041491414,128.831803212173
경상남도 김해시 장유동 ,35.1658041491414,128.831803212173
경상남도 김해시 장유동 ,35.1658041491414,128.831803212173
경상남도 김해시 장유동 ,35.1658041491414,128.831803212173
경상남도 김해시 장유동 ,35.1658041491414,128.831803212173
경상남도 김해시 장유동 ,35.1658041491414,128.831803212173
경상남도 김해시 장유동 ,35.1658041491414,128.831803212173
경상남도 김해시 장유동 ,35.1658041491414,128.831803212173
경상남도 김해시 장유동 ,35.1658041491414,128.831803212173
경상남도 김해시 장유동 ,35.1658041491414,128.831803212173
경상남도 김해시 장유동 ,35.1658041491414,128.831803212173
경상남도 김해시 장유동 ,35.1658041491414,128.831803212173
경상남도 김해시 장유동 ,35.1658041491414,128.831803212173
경상남도 김해시 장유동 ,35.1658041491414,128.831803212173
경상남도 김해시 장유동 ,35.1658041491414,128.831803212173
경상남도 김해시 장유동 ,35.1658041491414,128.831803212173
경상남도 김해시 장유동 ,35.1658041491414,128.831803212173
경상남도 김해시 장유동 ,35.1658041491414,128.831803212173
경상남도 김해시 장유동 ,35.1658041491414,128.831803212173
경상남도 김해시 장유동 ,35.1658041491414,128.831803212173
경상남도 김해시 장유동 ,35.1658041491414,128.831803212173
경상남도 김해시 장유동 ,35.1658041491414,128.831803212173
경상남도 김해시 장유동 ,35.1658041491414,128.831803212173
경상남도 김해시 장유동 ,35.1658041491414,128.831803212173
경상남도 김해시 장유동 ,35.1658041491414,128.831803212173
경상남도 김해시 장유동 ,35.1658041491414,128.831803212173
경상남도 김해시 장유동 ,35.1658041491414,128.831803212173
경상남도 김해시 장유동 ,35.1658041491414,128.831803212173
경상남도 김해시 장유동 ,35.1658041491414,128.831803212173
경상남도 김해시 장유동 ,35.1658041491414,128.831803212173
경상남도 김해시 장유동 ,35.1658041491414,128.831803212173
경상남도 김해시 장유동 ,35.1658041491414,128.831803212173
경상남도 김해시 장유동 ,35.1658041491414,128.831803212173
경상남도 김해시 장유동 ,35.1658041491414,128.831803212173
경상남도 김해시 장유동 ,35.1658041491414,128.831803212173
경상남도 김해시 장유동 ,35.1658041491414,128.831803212173
경상남도 김해시 장유동 ,35.1658041491414,128.831803212173
경상남도 김해시 장유동 ,35.1658041491414,128.831803212173
경상남도 김해시 장유동 ,35.1658041491414,128.831803212173
경상남도 김해시 장유동 ,35.1658041491414,128.831803212173
경상남도 김해시 장유동 ,35.1658041491414,128.831803212173
경상남도 김해시 장유동 ,35.1658041491414,128.831803212173
경상남도 김해시 장유동 ,35.1658041491414,128.831803212173
경상남도 김해시 장유동 ,35.1658041491414,128.831803212173
경상남도 김해시 장유동 ,35.1658041491414,128.831803212173
경상남도 김해시 장유동 ,35.1658041491414,128.831803212173
경상남도 김해시 장유동 ,35.1658041491414,128.831803212173
경상남도 김해시 장유동 ,35.1658041491414,128.831803212173
경상남도 김해시 장유동 ,35.1658041491414,128.831803212173
경상남도 김해시 장유동 ,35.1658041491414,128.831803212173
경상남도 김해시 장유동 ,35.1658041491414,128.831803212173
경상남도 김해시 장유동 ,35.1658041491414,128.831803212173
경상남도 김해시 장유동 ,35.1658041491414,128.831803212173
경상남도 김해시 장유동 ,35.1658041491414,128.831803212173
경상남도 김해시 장유동 ,35.1658041491414,128.831803212173
경상남도 김해시 장유동 ,35.1658041491414,128.831803212173
경상남도 김해시 장유동 ,35.1658041491414,128.831803212173
경상남도 김해시 장유동 ,35.1658041491414,128.831803212173
경상남도 김해시 장유동 ,35.1658041491414,128.831803212173
경상남도 김해시 장유동 ,35.1658041491414,128.831803212173
경상남도 김해시 장유동 ,35.1658041491414,128.831803212173
경상남도 김해시 장유동 ,35.1658041491414,128.831803212173
경상남도 김해시 장유동 ,35.1658041491414,128.831803212173
경상남도 김해시 장유동 ,35.1658041491414,128.831803212173
경상남도 김해시 장유동 ,35.1658041491414,128.831803212173
경상남도 김해시 장유동 ,35.1658041491414,128.831803212173
경상남도 김해시 장유동 ,35.1658041491414,128.831803212173
경상남도 김해시 장유동 ,35.1658041491414,128.831803212173
경상남도 김해시 장유동 ,35.1658041491414,128.831803212173
경상남도 김해시 장유동 ,35.1658041491414,128.831803212173
경상남도 김해시 장유동 ,35.1658041491414,128.831803212173
경상남도 김해시 장유동 ,35.1658041491414,128.831803212173
경상남도 김해시 장유동 ,35.1658041491414,128.831803212173
경상남도 김해시 장유동 ,35.1658041491414,128.831803212173
경상남도 김해시 장유동 ,35.1658041491414,128.831803212173
경상남도 김해시 장유동 ,35.1658041491414,128.831803212173
경상남도 김해시 장유동 ,35.1658041491414,128.831803212173
경상남도 김해시 장유동 ,35.1658041491414,128.831803212173
경상남도 김해시 장유동 ,35.1658041491414,128.831803212173
경상남도 김해시 장유동 ,35.1658041491414,128.831803212173
경상남도 김해시 장유동 ,35.1658041491414,128.831803212173
경상남도 김해시 장유동 ,35.1658041491414,128.831803212173
경상남도 김해시 장유동 ,35.1658041491414,128.831803212173
경상남도 김해시 장유동 ,35.1658041491414,128.831803212173
경상남도 김해시 장유동 ,35.1658041491414,128.831803212173
경상남도 김해시 장유동 ,35.1658041491414,128.831803212173
경상남도 김해시 장유동 ,35.1658041491414,128.831803212173
경상남도 김해시 장유동 ,35.1658041491414,128.831803212173
경상남도 김해시 장유동 ,35.1658041491414,128.831803212173
경상남도 김해시 장유동 ,35.1658041491414,128.831803212173
경상남도 김해시 장유동 ,35.1658041491414,128.831803212173
경상남도 김해시 장유동 ,35.1658041491414,128.831803212173
경상남도 김해시 장유동 ,35.1658041491414,128.831803212173
경상남도 김해시 장유동 ,35.1658041491414,128.831803212173
경상남도 김해시 장유동 ,35.1658041491414,128.831803212173
경상남도 김해시 장유동 ,35.1658041491414,128.831803212173
경상남도 김해시 장유동 ,35.1658041491414,128.831803212173
경상남도 김해시 장유동 ,35.1658041491414,128.831803212173
경상남도 김해시 장유동 ,35.1658041491414,128.831803212173
경상남도 김해시 장유동 ,35.1658041491414,128.831803212173
경상남도 김해시 장유동 ,35.1658041491414,128.831803212173
경상남도 김해시 장유동 ,35.1658041491414,128.831803212173
경상남도 김해시 장유동 ,35.1658041491414,128.831803212173
경상남도 김해시 장유동 ,35.1658041491414,128.831803212173
경상남도 김해시 장유동 ,35.1658041491414,128.831803212173
경상남도 김해시 장유동 ,35.1658041491414,128.831803212173
경상남도 김해시 장유동 ,35.1658041491414,128.831803212173
경상남도 김해시 장유동 ,35.1658041491414,128.831803212173
경상남도 김해시 장유동 ,35.1658041491414,128.831803212173
경상남도 김해시 장유동 ,35.1658041491414,128.831803212173
경상남도 김해시 장유동 ,35.1658041491414,128.831803212173
경상남도 김해시 장유동 ,35.1658041491414,128.831803212173
경상남도 김해시 장유동 ,35.1658041491414,128.831803212173
경상남도 김해시 장유동 ,35.1658041491414,128.831803212173
경상남도 김해시 장유동 ,35.1658041491414,128.831803212173
경상남도 김해시 장유동 ,35.1658041491414,128.831803212173
경상남도 김해시 장유동 ,35.1658041491414,128.831803212173
경상남도 김해시 장유동 ,35.1658041491414,128.831803212173
경상남도 김해시 장유동 ,35.1658041491414,128.831803212173
경상남도 김해시 장유동 ,35.1658041491414,128.831803212173
경상남도 김해시 장유동 ,35.1658041491414,128.831803212173
경상남도 김해시 장유동 ,35.1658041491414,128.831803212173
경상남도 김해시 장유동 ,35.1658041491414,128.831803212173
경상남도 김해시 장유동 ,35.1658041491414,128.831803212173
경상남도 김해시 장유동 ,35.1658041491414,128.831803212173
경상남도 김해시 장유동 ,35.1658041491414,128.831803212173
경상남도 김해시 장유동 ,35.1658041491414,128.831803212173
경상남도 김해시 장유동 ,35.1658041491414,128.831803212173
경상남도 김해시 장유동 ,35.1658041491414,128.831803212173
경상남도 김해시 장유동 ,35.1658041491414,128.831803212173
경상남도 김해시 장유동 ,35.1658041491414,128.831803212173
경상남도 김해시 장유동 ,35.1658041491414,128.831803212173
경상남도 김해시 장유동 ,35.1658041491414,128.831803212173
경상남도 김해시 장유동 ,35.1658041491414,128.831803212173
경상남도 김해시 장유동 ,35.1658041491414,128.831803212173
경상남도 김해시 장유동 ,35.1658041491414,128.831803212173
경상남도 김해시 장유동 ,35.1658041491414,128.831803212173
경상남도 김해시 장유동 ,35.1658041491414,128.831803212173
경상남도 김해시 장유동 ,35.1658041491414,128.831803212173
경상남도 김해시 장유동 ,35.1658041491414,128.831803212173
경상남도 김해시 장유동 ,35.1658041491414,128.831803212173
경상남도 김해시 장유동 ,35.1658041491414,128.831803212173
경상남도 김해시 장유동 ,35.1658041491414,128.831803212173
경상남도 김해시 장유동 ,35.1658041491414,128.831803212173
경상남도 김해시 장유동 ,35.1658041491414,128.831803212173
경상남도 김해시 장유동 ,35.1658041491414,128.831803212173
경상남도 김해시 장유동 ,35.1658041491414,128.831803212173
경상남도 김해시 장유동 ,35.1658041491414,128.831803212173
경상남도 김해시 장유동 ,35.1658041491414,128.831803212173
경상남도 김해시 장유동 ,35.1658041491414,128.831803212173
경상남도 김해시 장유동 ,35.1658041491414,128.831803212173
경상남도 김해시 장유동 ,35.1658041491414,128.831803212173
경상남도 김해시 장유동 ,35.1658041491414,128.831803212173
경상남도 김해시 장유동 ,35.1658041491414,128.831803212173
경상남도 김해시 장유동 ,35.1658041491414,128.831803212173
경상남도 김해시 장유동 ,35.1658041491414,128.831803212173
경상남도 김해시 장유동 ,35.1658041491414,128.831803212173
경상남도 김해시 장유동 ,35.1658041491414,128.831803212173
경상남도 김해시 장유동 ,35.1658041491414,128.831803212173
경상남도 김해시 장유동 ,35.1658041491414,128.831803212173
경상남도 김해시 장유동 ,35.1658041491414,128.831803212173
경상남도 김해시 장유동 ,35.1658041491414,128.831803212173
경상남도 김해시 장유동 ,35.1658041491414,128.831803212173
경상남도 김해시 장유동 ,35.1658041491414,128.831803212173
경상남도 김해시 장유동 ,35.1658041491414,128.831803212173
경상남도 김해시 장유동 ,35.1658041491414,128.831803212173
경상남도 김해시 장유동 ,35.1658041491414,128.831803212173
경상남도 김해시 장유동 ,35.1658041491414,128.831803212173
경상남도 김해시 장유동 ,35.1658041491414,128.831803212173
경상남도 김해시 장유동 ,35.1658041491414,128.831803212173
경상남도 김해시 장유동 ,35.1658041491414,128.831803212173
경상남도 김해시 장유동 ,35.1658041491414,128.831803212173
경상남도 김해시 장유동 ,35.1658041491414,128.831803212173
경상남도 김해시 장유동 ,35.1658041491414,128.831803212173
경상남도 김해시 장유동 ,35.1658041491414,128.831803212173
경상남도 김해시 장유동 ,35.1658041491414,128.831803212173
경상남도 김해시 장유동 ,35.1658041491414,128.831803212173
경상남도 김해시 장유동 ,35.1658041491414,128.831803212173
경상남도 김해시 장유동 ,35.1658041491414,128.831803212173
경상남도 김해시 장유동 ,35.1658041491414,128.831803212173
경상남도 김해시 장유동 ,35.1658041491414,128.831803212173
경상남도 김해시 장유동 ,35.1658041491414,128.831803212173
경상남도 김해시 장유동 ,35.1658041491414,128.831803212173
경상남도 김해시 장유동 ,35.1658041491414,128.831803212173
경상남도 김해시 장유동 ,35.1658041491414,128.831803212173
경상남도 김해시 장유동 ,35.1658041491414,128.831803212173
경상남도 김해시 장유동 ,35.1658041491414,128.831803212173
경상남도 김해시 장유동 ,35.1658041491414,128.831803212173
경상남도 김해시 장유동 ,35.1658041491414,128.831803212173
경상남도 김해시 장유동 ,35.1658041491414,128.831803212173
경상남도 김해시 장유동 ,35.1658041491414,128.831803212173
경상남도 김해시 장유동 ,35.1658041491414,128.831803212173
경상남도 김해시 장유동 ,35.1658041491414,128.831803212173
경상남도 김해시 장유동 ,35.1658041491414,128.831803212173
경상남도 김해시 장유동 ,35.1658041491414,128.831803212173
경상남도 김해시 장유동 ,35.1658041491414,128.831803212173
경상남도 김해시 장유동 ,35.1658041491414,128.831803212173
경상남도 김해시 장유동 ,35.1658041491414,128.831803212173
경상남도 김해시 장유동 ,35.1658041491414,128.831803212173
경상남도 김해시 장유동 ,35.1658041491414,128.831803212173
경상남도 김해시 장유동 ,35.1658041491414,128.831803212173
경상남도 김해시 장유동 ,35.1658041491414,128.831803212173
경상남도 김해시 장유동 ,35.1658041491414,128.831803212173
경상남도 김해시 장유동 ,35.1658041491414,128.831803212173
경상남도 김해시 장유동 ,35.1658041491414,128.831803212173
경상남도 김해시 장유동 ,35.1658041491414,128.831803212173
경상남도 김해시 장유동 ,35.1658041491414,128.831803212173
경상남도 김해시 장유동 ,35.1658041491414,128.831803212173
경상남도 김해시 장유동 ,35.1658041491414,128.831803212173
경상남도 김해시 장유동 ,35.1658041491414,128.831803212173
경상남도 김해시 장유동 ,35.1658041491414,128.831803212173
경상남도 김해시 장유동 ,35.1658041491414,128.831803212173
경상남도 김해시 장유동 ,35.1658041491414,128.831803212173
경상남도 김해시 장유동 ,35.1658041491414,128.831803212173
경상남도 김해시 장유동 ,35.1658041491414,128.831803212173
경상남도 김해시 장유동 ,35.1658041491414,128.831803212173
경상남도 김해시 장유동 ,35.1658041491414,128.831803212173
경상남도 김해시 장유동 ,35.1658041491414,128.831803212173
경상남도 김해시 장유동 ,35.1658041491414,128.831803212173
경상남도 김해시 장유동 ,35.1658041491414,128.831803212173
경상남도 김해시 장유동 ,35.1658041491414,128.831803212173
경상남도 김해시 장유동 ,35.1658041491414,128.831803212173
경상남도 김해시 장유동 ,35.1658041491414,128.831803212173
경상남도 김해시 장유동 ,35.1658041491414,128.831803212173
경상남도 김해시 장유동 ,35.1658041491414,128.831803212173
경상남도 김해시 장유동 ,35.1658041491414,128.831803212173
경상남도 김해시 장유동 ,35.1658041491414,128.831803212173
경상남도 김해시 장유동 ,35.1658041491414,128.831803212173
경상남도 김해시 장유동 ,35.1658041491414,128.831803212173
경상남도 김해시 장유동 ,35.1658041491414,128.831803212173
경상남도 김해시 장유동 ,35.1658041491414,128.831803212173
경상남도 김해시 장유동 ,35.1658041491414,128.831803212173
경상남도 김해시 장유동 ,35.1658041491414,128.831803212173
경상남도 김해시 장유동 ,35.1658041491414,128.831803212173
경상남도 김해시 장유동 ,35.1658041491414,128.831803212173
경상남도 김해시 장유동 ,35.1658041491414,128.831803212173
경상남도 김해시 장유동 ,35.1658041491414,128.831803212173
경상남도 김해시 장유동 ,35.1658041491414,128.831803212173
경상남도 김해시 장유동 ,35.1658041491414,128.831803212173
경상남도 김해시 장유동 ,35.1658041491414,128.831803212173
경상남도 김해시 장유동 ,35.1658041491414,128.831803212173
경상남도 김해시 장유동 ,35.1658041491414,128.831803212173
경상남도 김해시 장유동 ,35.1658041491414,128.831803212173
경상남도 김해시 장유동 ,35.1658041491414,128.831803212173
경상남도 김해시 장유동 ,35.1658041491414,128.831803212173
경상남도 김해시 장유동 ,35.1658041491414,128.831803212173
경상남도 김해시 장유동 ,35.1658041491414,128.831803212173
경상남도 김해시 장유동 ,35.1658041491414,128.831803212173
경상남도 김해시 장유동 ,35.1658041491414,128.831803212173
경상남도 김해시 장유동 ,35.1658041491414,128.831803212173
경상남도 김해시 응달동 ,35.1739858088372,128.843998572755
경상남도 김해시 응달동 ,35.1739858088372,128.843998572755
경상남도 김해시 응달동 ,35.1739858088372,128.843998572755
경상남도 김해시 응달동 ,35.1739858088372,128.843998572755
경상남도 김해시 응달동 ,35.1739858088372,128.843998572755
경상남도 김해시 수가동 ,35.167074167488,128.87203873729
경상남도 김해시 진영읍 ,35.3044678767127,128.736863019425
경상남도 김해시 진영읍 ,35.3044678767127,128.736863019425
경상남도 김해시 진영읍 ,35.3044678767127,128.736863019425
경상남도 김해시 진영읍 ,35.3044678767127,128.736863019425
경상남도 김해시 진영읍 ,35.3044678767127,128.736863019425
경상남도 김해시 진영읍 ,35.3044678767127,128.736863019425
경상남도 김해시 진영읍 ,35.3044678767127,128.736863019425
경상남도 김해시 진영읍 ,35.3044678767127,128.736863019425
경상남도 김해시 진영읍 ,35.3044678767127,128.736863019425
경상남도 김해시 진영읍 ,35.3044678767127,128.736863019425
경상남도 김해시 진영읍 ,35.3044678767127,128.736863019425
경상남도 김해시 진영읍 ,35.3044678767127,128.736863019425
경상남도 김해시 진영읍 ,35.3044678767127,128.736863019425
경상남도 김해시 진영읍 ,35.3044678767127,128.736863019425
경상남도 김해시 진영읍 ,35.3044678767127,128.736863019425
경상남도 김해시 진영읍 ,35.3044678767127,128.736863019425
경상남도 김해시 진영읍 ,35.3044678767127,128.736863019425
경상남도 김해시 진영읍 ,35.3044678767127,128.736863019425
경상남도 김해시 진영읍 ,35.3044678767127,128.736863019425
경상남도 김해시 진영읍 ,35.3044678767127,128.736863019425
경상남도 김해시 진영읍 ,35.3044678767127,128.736863019425
경상남도 김해시 진영읍 ,35.3044678767127,128.736863019425
경상남도 김해시 진영읍 ,35.3044678767127,128.736863019425
경상남도 김해시 진영읍 ,35.3044678767127,128.736863019425
경상남도 김해시 진영읍 ,35.3044678767127,128.736863019425
경상남도 김해시 진영읍 ,35.3044678767127,128.736863019425
경상남도 김해시 진영읍 ,35.3044678767127,128.736863019425
경상남도 김해시 진영읍 ,35.3044678767127,128.736863019425
경상남도 김해시 진영읍 ,35.3044678767127,128.736863019425
경상남도 김해시 진영읍 ,35.3044678767127,128.736863019425
경상남도 김해시 진영읍 ,35.3044678767127,128.736863019425
경상남도 김해시 진영읍 ,35.3044678767127,128.736863019425
경상남도 김해시 진영읍 ,35.3044678767127,128.736863019425
경상남도 김해시 진영읍 ,35.3044678767127,128.736863019425
경상남도 김해시 진영읍 ,35.3044678767127,128.736863019425
경상남도 김해시 진영읍 ,35.3044678767127,128.736863019425
경상남도 김해시 진영읍 ,35.3044678767127,128.736863019425
경상남도 김해시 진영읍 ,35.3044678767127,128.736863019425
경상남도 김해시 진영읍 ,35.3044678767127,128.736863019425
경상남도 김해시 진영읍 ,35.3044678767127,128.736863019425
경상남도 김해시 진영읍 ,35.3044678767127,128.736863019425
경상남도 김해시 진영읍 ,35.3044678767127,128.736863019425
경상남도 김해시 진영읍 ,35.3044678767127,128.736863019425
경상남도 김해시 진영읍 ,35.3044678767127,128.736863019425
경상남도 김해시 진영읍 ,35.3044678767127,128.736863019425
경상남도 김해시 진영읍 ,35.3044678767127,128.736863019425
경상남도 김해시 진영읍 ,35.3044678767127,128.736863019425
경상남도 김해시 진영읍 ,35.3044678767127,128.736863019425
경상남도 김해시 진영읍 ,35.3044678767127,128.736863019425
경상남도 김해시 진영읍 ,35.3044678767127,128.736863019425
경상남도 김해시 진영읍 ,35.3044678767127,128.736863019425
경상남도 김해시 진영읍 ,35.3044678767127,128.736863019425
경상남도 김해시 진영읍 ,35.3044678767127,128.736863019425
경상남도 김해시 진영읍 ,35.3044678767127,128.736863019425
경상남도 김해시 진영읍 ,35.3044678767127,128.736863019425
경상남도 김해시 진영읍 ,35.3044678767127,128.736863019425
경상남도 김해시 진영읍 ,35.3044678767127,128.736863019425
경상남도 김해시 진영읍 ,35.3044678767127,128.736863019425
경상남도 김해시 진영읍 ,35.3044678767127,128.736863019425
경상남도 김해시 진영읍 ,35.3044678767127,128.736863019425
경상남도 김해시 진영읍 ,35.3044678767127,128.736863019425
경상남도 김해시 진영읍 ,35.3044678767127,128.736863019425
경상남도 김해시 진영읍 ,35.3044678767127,128.736863019425
경상남도 김해시 진영읍 ,35.3044678767127,128.736863019425
경상남도 김해시 진영읍 ,35.3044678767127,128.736863019425
경상남도 김해시 진영읍 ,35.3044678767127,128.736863019425
경상남도 김해시 진영읍 ,35.3044678767127,128.736863019425
경상남도 김해시 진영읍 ,35.3044678767127,128.736863019425
경상남도 김해시 진영읍 ,35.3044678767127,128.736863019425
경상남도 김해시 진영읍 ,35.3044678767127,128.736863019425
경상남도 김해시 진영읍 ,35.3044678767127,128.736863019425
경상남도 김해시 진영읍 ,35.3044678767127,128.736863019425
경상남도 김해시 진영읍 ,35.3044678767127,128.736863019425
경상남도 김해시 진영읍 ,35.3044678767127,128.736863019425
경상남도 김해시 진영읍 ,35.3044678767127,128.736863019425
경상남도 김해시 진영읍 ,35.3044678767127,128.736863019425
경상남도 김해시 진영읍 ,35.3044678767127,128.736863019425
경상남도 김해시 진영읍 ,35.3044678767127,128.736863019425
경상남도 김해시 진영읍 ,35.3044678767127,128.736863019425
경상남도 김해시 진영읍 ,35.3044678767127,128.736863019425
경상남도 김해시 진영읍 ,35.3044678767127,128.736863019425
경상남도 김해시 진영읍 ,35.3044678767127,128.736863019425
경상남도 김해시 진영읍 ,35.3044678767127,128.736863019425
경상남도 김해시 진영읍 ,35.3044678767127,128.736863019425
경상남도 김해시 진영읍 ,35.3044678767127,128.736863019425
경상남도 김해시 진영읍 하계리,35.281489068263,128.736987526272
경상남도 김해시 진영읍 하계리,35.281489068263,128.736987526272
경상남도 김해시 진영읍 방동리,35.2886320853781,128.717421584997
경상남도 김해시 진영읍 좌곤리,35.2987016155935,128.705872089648
경상남도 김해시 진영읍 좌곤리,35.2987016155935,128.705872089648
경상남도 김해시 진영읍 좌곤리,35.2987016155935,128.705872089648
경상남도 김해시 진영읍 좌곤리,35.2987016155935,128.705872089648
경상남도 김해시 진영읍 좌곤리,35.2987016155935,128.705872089648
경상남도 김해시 진영읍 좌곤리,35.2987016155935,128.705872089648
경상남도 김해시 진영읍 좌곤리,35.2987016155935,128.705872089648
경상남도 김해시 진영읍 좌곤리,35.2987016155935,128.705872089648
경상남도 김해시 진영읍 좌곤리,35.2987016155935,128.705872089648
경상남도 김해시 진영읍 좌곤리,35.2987016155935,128.705872089648
경상남도 김해시 진영읍 좌곤리,35.2987016155935,128.705872089648
경상남도 김해시 진영읍 좌곤리,35.2987016155935,128.705872089648
경상남도 김해시 진영읍 좌곤리,35.2987016155935,128.705872089648
경상남도 김해시 진영읍 좌곤리,35.2987016155935,128.705872089648
경상남도 김해시 진영읍 좌곤리,35.2987016155935,128.705872089648
경상남도 김해시 진영읍 좌곤리,35.2987016155935,128.705872089648
경상남도 김해시 진영읍 좌곤리,35.2987016155935,128.705872089648
경상남도 김해시 진영읍 좌곤리,35.2987016155935,128.705872089648
경상남도 김해시 진영읍 좌곤리,35.2987016155935,128.705872089648
경상남도 김해시 진영읍 좌곤리,35.2987016155935,128.705872089648
경상남도 김해시 진영읍 좌곤리,35.2987016155935,128.705872089648
경상남도 김해시 진영읍 진영리,35.3081468305346,128.723621314077
경상남도 김해시 진영읍 진영리,35.3081468305346,128.723621314077
경상남도 김해시 진영읍 진영리,35.3081468305346,128.723621314077
경상남도 김해시 진영읍 진영리,35.3081468305346,128.723621314077
경상남도 김해시 진영읍 진영리,35.3081468305346,128.723621314077
경상남도 김해시 진영읍 진영리,35.3081468305346,128.723621314077
경상남도 김해시 진영읍 진영리,35.3081468305346,128.723621314077
경상남도 김해시 진영읍 진영리,35.3081468305346,128.723621314077
경상남도 김해시 진영읍 진영리,35.3081468305346,128.723621314077
경상남도 김해시 진영읍 진영리,35.3081468305346,128.723621314077
경상남도 김해시 진영읍 진영리,35.3081468305346,128.723621314077
경상남도 김해시 진영읍 진영리,35.3081468305346,128.723621314077
경상남도 김해시 진영읍 진영리,35.3081468305346,128.723621314077
경상남도 김해시 진영읍 진영리,35.3081468305346,128.723621314077
경상남도 김해시 진영읍 진영리,35.3081468305346,128.723621314077
경상남도 김해시 진영읍 진영리,35.3081468305346,128.723621314077
경상남도 김해시 진영읍 진영리,35.3081468305346,128.723621314077
경상남도 김해시 진영읍 진영리,35.3081468305346,128.723621314077
경상남도 김해시 진영읍 진영리,35.3081468305346,128.723621314077
경상남도 김해시 진영읍 진영리,35.3081468305346,128.723621314077
경상남도 김해시 진영읍 진영리,35.3081468305346,128.723621314077
경상남도 김해시 진영읍 진영리,35.3081468305346,128.723621314077
경상남도 김해시 진영읍 진영리,35.3081468305346,128.723621314077
경상남도 김해시 진영읍 진영리,35.3081468305346,128.723621314077
경상남도 김해시 진영읍 진영리,35.3081468305346,128.723621314077
경상남도 김해시 진영읍 진영리,35.3081468305346,128.723621314077
경상남도 김해시 진영읍 진영리,35.3081468305346,128.723621314077
경상남도 김해시 진영읍 진영리,35.3081468305346,128.723621314077
경상남도 김해시 진영읍 진영리,35.3081468305346,128.723621314077
경상남도 김해시 진영읍 진영리,35.3081468305346,128.723621314077
경상남도 김해시 진영읍 진영리,35.3081468305346,128.723621314077
경상남도 김해시 진영읍 진영리,35.3081468305346,128.723621314077
경상남도 김해시 진영읍 진영리,35.3081468305346,128.723621314077
경상남도 김해시 진영읍 진영리,35.3081468305346,128.723621314077
경상남도 김해시 진영읍 진영리,35.3081468305346,128.723621314077
경상남도 김해시 진영읍 진영리,35.3081468305346,128.723621314077
경상남도 김해시 진영읍 진영리,35.3081468305346,128.723621314077
경상남도 김해시 진영읍 진영리,35.3081468305346,128.723621314077
경상남도 김해시 진영읍 진영리,35.3081468305346,128.723621314077
경상남도 김해시 진영읍 진영리,35.3081468305346,128.723621314077
경상남도 김해시 진영읍 진영리,35.3081468305346,128.723621314077
경상남도 김해시 진영읍 진영리,35.3081468305346,128.723621314077
경상남도 김해시 진영읍 진영리,35.3081468305346,128.723621314077
경상남도 김해시 진영읍 진영리,35.3081468305346,128.723621314077
경상남도 김해시 진영읍 진영리,35.3081468305346,128.723621314077
경상남도 김해시 진영읍 진영리,35.3081468305346,128.723621314077
경상남도 김해시 진영읍 진영리,35.3081468305346,128.723621314077
경상남도 김해시 진영읍 진영리,35.3081468305346,128.723621314077
경상남도 김해시 진영읍 진영리,35.3081468305346,128.723621314077
경상남도 김해시 진영읍 진영리,35.3081468305346,128.723621314077
경상남도 김해시 진영읍 진영리,35.3081468305346,128.723621314077
경상남도 김해시 진영읍 진영리,35.3081468305346,128.723621314077
경상남도 김해시 진영읍 진영리,35.3081468305346,128.723621314077
경상남도 김해시 진영읍 진영리,35.3081468305346,128.723621314077
경상남도 김해시 진영읍 진영리,35.3081468305346,128.723621314077
경상남도 김해시 진영읍 진영리,35.3081468305346,128.723621314077
경상남도 김해시 진영읍 진영리,35.3081468305346,128.723621314077
경상남도 김해시 진영읍 진영리,35.3081468305346,128.723621314077
경상남도 김해시 진영읍 진영리,35.3081468305346,128.723621314077
경상남도 김해시 진영읍 진영리,35.3081468305346,128.723621314077
경상남도 김해시 진영읍 진영리,35.3081468305346,128.723621314077
경상남도 김해시 진영읍 진영리,35.3081468305346,128.723621314077
경상남도 김해시 진영읍 진영리,35.3081468305346,128.723621314077
경상남도 김해시 진영읍 진영리,35.3081468305346,128.723621314077
경상남도 김해시 진영읍 진영리,35.3081468305346,128.723621314077
경상남도 김해시 진영읍 진영리,35.3081468305346,128.723621314077
경상남도 김해시 진영읍 진영리,35.3081468305346,128.723621314077
경상남도 김해시 진영읍 진영리,35.3081468305346,128.723621314077
경상남도 김해시 진영읍 진영리,35.3081468305346,128.723621314077
경상남도 김해시 진영읍 진영리,35.3081468305346,128.723621314077
경상남도 김해시 진영읍 진영리,35.3081468305346,128.723621314077
경상남도 김해시 진영읍 진영리,35.3081468305346,128.723621314077
경상남도 김해시 진영읍 진영리,35.3081468305346,128.723621314077
경상남도 김해시 진영읍 진영리,35.3081468305346,128.723621314077
경상남도 김해시 진영읍 진영리,35.3081468305346,128.723621314077
경상남도 김해시 진영읍 진영리,35.3081468305346,128.723621314077
경상남도 김해시 진영읍 진영리,35.3081468305346,128.723621314077
경상남도 김해시 진영읍 진영리,35.3081468305346,128.723621314077
경상남도 김해시 진영읍 진영리,35.3081468305346,128.723621314077
경상남도 김해시 진영읍 진영리,35.3081468305346,128.723621314077
경상남도 김해시 진영읍 진영리,35.3081468305346,128.723621314077
경상남도 김해시 진영읍 진영리,35.3081468305346,128.723621314077
경상남도 김해시 진영읍 진영리,35.3081468305346,128.723621314077
경상남도 김해시 진영읍 진영리,35.3081468305346,128.723621314077
경상남도 김해시 진영읍 진영리,35.3081468305346,128.723621314077
경상남도 김해시 진영읍 진영리,35.3081468305346,128.723621314077
경상남도 김해시 진영읍 진영리,35.3081468305346,128.723621314077
경상남도 김해시 진영읍 진영리,35.3081468305346,128.723621314077
경상남도 김해시 진영읍 진영리,35.3081468305346,128.723621314077
경상남도 김해시 진영읍 진영리,35.3081468305346,128.723621314077
경상남도 김해시 진영읍 진영리,35.3081468305346,128.723621314077
경상남도 김해시 진영읍 진영리,35.3081468305346,128.723621314077
경상남도 김해시 진영읍 진영리,35.3081468305346,128.723621314077
경상남도 김해시 진영읍 진영리,35.3081468305346,128.723621314077
경상남도 김해시 진영읍 진영리,35.3081468305346,128.723621314077
경상남도 김해시 진영읍 진영리,35.3081468305346,128.723621314077
경상남도 김해시 진영읍 진영리,35.3081468305346,128.723621314077
경상남도 김해시 진영읍 진영리,35.3081468305346,128.723621314077
경상남도 김해시 진영읍 진영리,35.3081468305346,128.723621314077
경상남도 김해시 진영읍 진영리,35.3081468305346,128.723621314077
경상남도 김해시 진영읍 진영리,35.3081468305346,128.723621314077
경상남도 김해시 진영읍 진영리,35.3081468305346,128.723621314077
경상남도 김해시 진영읍 진영리,35.3081468305346,128.723621314077
경상남도 김해시 진영읍 진영리,35.3081468305346,128.723621314077
경상남도 김해시 진영읍 진영리,35.3081468305346,128.723621314077
경상남도 김해시 진영읍 진영리,35.3081468305346,128.723621314077
경상남도 김해시 진영읍 진영리,35.3081468305346,128.723621314077
경상남도 김해시 진영읍 진영리,35.3081468305346,128.723621314077
경상남도 김해시 진영읍 진영리,35.3081468305346,128.723621314077
경상남도 김해시 진영읍 진영리,35.3081468305346,128.723621314077
경상남도 김해시 진영읍 진영리,35.3081468305346,128.723621314077
경상남도 김해시 진영읍 진영리,35.3081468305346,128.723621314077
경상남도 김해시 진영읍 진영리,35.3081468305346,128.723621314077
경상남도 김해시 진영읍 진영리,35.3081468305346,128.723621314077
경상남도 김해시 진영읍 진영리,35.3081468305346,128.723621314077
경상남도 김해시 진영읍 진영리,35.3081468305346,128.723621314077
경상남도 김해시 진영읍 진영리,35.3081468305346,128.723621314077
경상남도 김해시 진영읍 진영리,35.3081468305346,128.723621314077
경상남도 김해시 진영읍 진영리,35.3081468305346,128.723621314077
경상남도 김해시 진영읍 진영리,35.3081468305346,128.723621314077
경상남도 김해시 진영읍 진영리,35.3081468305346,128.723621314077
경상남도 김해시 진영읍 진영리,35.3081468305346,128.723621314077
경상남도 김해시 진영읍 진영리,35.3081468305346,128.723621314077
경상남도 김해시 진영읍 진영리,35.3081468305346,128.723621314077
경상남도 김해시 진영읍 진영리,35.3081468305346,128.723621314077
경상남도 김해시 진영읍 진영리,35.3081468305346,128.723621314077
경상남도 김해시 진영읍 진영리,35.3081468305346,128.723621314077
경상남도 김해시 진영읍 진영리,35.3081468305346,128.723621314077
경상남도 김해시 진영읍 진영리,35.3081468305346,128.723621314077
경상남도 김해시 진영읍 진영리,35.3081468305346,128.723621314077
경상남도 김해시 진영읍 진영리,35.3081468305346,128.723621314077
경상남도 김해시 진영읍 진영리,35.3081468305346,128.723621314077
경상남도 김해시 진영읍 진영리,35.3081468305346,128.723621314077
경상남도 김해시 진영읍 진영리,35.3081468305346,128.723621314077
경상남도 김해시 진영읍 진영리,35.3081468305346,128.723621314077
경상남도 김해시 진영읍 진영리,35.3081468305346,128.723621314077
경상남도 김해시 진영읍 진영리,35.3081468305346,128.723621314077
경상남도 김해시 진영읍 진영리,35.3081468305346,128.723621314077
경상남도 김해시 진영읍 진영리,35.3081468305346,128.723621314077
경상남도 김해시 진영읍 진영리,35.3081468305346,128.723621314077
경상남도 김해시 진영읍 진영리,35.3081468305346,128.723621314077
경상남도 김해시 진영읍 진영리,35.3081468305346,128.723621314077
경상남도 김해시 진영읍 진영리,35.3081468305346,128.723621314077
경상남도 김해시 진영읍 진영리,35.3081468305346,128.723621314077
경상남도 김해시 진영읍 진영리,35.3081468305346,128.723621314077
경상남도 김해시 진영읍 진영리,35.3081468305346,128.723621314077
경상남도 김해시 진영읍 진영리,35.3081468305346,128.723621314077
경상남도 김해시 진영읍 진영리,35.3081468305346,128.723621314077
경상남도 김해시 진영읍 진영리,35.3081468305346,128.723621314077
경상남도 김해시 진영읍 진영리,35.3081468305346,128.723621314077
경상남도 김해시 진영읍 진영리,35.3081468305346,128.723621314077
경상남도 김해시 진영읍 진영리,35.3081468305346,128.723621314077
경상남도 김해시 진영읍 진영리,35.3081468305346,128.723621314077
경상남도 김해시 진영읍 진영리,35.3081468305346,128.723621314077
경상남도 김해시 진영읍 진영리,35.3081468305346,128.723621314077
경상남도 김해시 진영읍 진영리,35.3081468305346,128.723621314077
경상남도 김해시 진영읍 진영리,35.3081468305346,128.723621314077
경상남도 김해시 진영읍 진영리,35.3081468305346,128.723621314077
경상남도 김해시 진영읍 진영리,35.3081468305346,128.723621314077
경상남도 김해시 진영읍 진영리,35.3081468305346,128.723621314077
경상남도 김해시 진영읍 진영리,35.3081468305346,128.723621314077
경상남도 김해시 진영읍 진영리,35.3081468305346,128.723621314077
경상남도 김해시 진영읍 진영리,35.3081468305346,128.723621314077
경상남도 김해시 진영읍 진영리,35.3081468305346,128.723621314077
경상남도 김해시 진영읍 진영리,35.3081468305346,128.723621314077
경상남도 김해시 진영읍 진영리,35.3081468305346,128.723621314077
경상남도 김해시 진영읍 진영리,35.3081468305346,128.723621314077
경상남도 김해시 진영읍 진영리,35.3081468305346,128.723621314077
경상남도 김해시 진영읍 진영리,35.3081468305346,128.723621314077
경상남도 김해시 진영읍 진영리,35.3081468305346,128.723621314077
경상남도 김해시 진영읍 진영리,35.3081468305346,128.723621314077
경상남도 김해시 진영읍 진영리,35.3081468305346,128.723621314077
경상남도 김해시 진영읍 진영리,35.3081468305346,128.723621314077
경상남도 김해시 진영읍 진영리,35.3081468305346,128.723621314077
경상남도 김해시 진영읍 진영리,35.3081468305346,128.723621314077
경상남도 김해시 진영읍 진영리,35.3081468305346,128.723621314077
경상남도 김해시 진영읍 진영리,35.3081468305346,128.723621314077
경상남도 김해시 진영읍 진영리,35.3081468305346,128.723621314077
경상남도 김해시 진영읍 진영리,35.3081468305346,128.723621314077
경상남도 김해시 진영읍 진영리,35.3081468305346,128.723621314077
경상남도 김해시 진영읍 진영리,35.3081468305346,128.723621314077
경상남도 김해시 진영읍 진영리,35.3081468305346,128.723621314077
경상남도 김해시 진영읍 진영리,35.3081468305346,128.723621314077
경상남도 김해시 진영읍 진영리,35.3081468305346,128.723621314077
경상남도 김해시 진영읍 진영리,35.3081468305346,128.723621314077
경상남도 김해시 진영읍 진영리,35.3081468305346,128.723621314077
경상남도 김해시 진영읍 진영리,35.3081468305346,128.723621314077
경상남도 김해시 진영읍 진영리,35.3081468305346,128.723621314077
경상남도 김해시 진영읍 진영리,35.3081468305346,128.723621314077
경상남도 김해시 진영읍 진영리,35.3081468305346,128.723621314077
경상남도 김해시 진영읍 진영리,35.3081468305346,128.723621314077
경상남도 김해시 진영읍 진영리,35.3081468305346,128.723621314077
경상남도 김해시 진영읍 진영리,35.3081468305346,128.723621314077
경상남도 김해시 진영읍 진영리,35.3081468305346,128.723621314077
경상남도 김해시 진영읍 진영리,35.3081468305346,128.723621314077
경상남도 김해시 진영읍 진영리,35.3081468305346,128.723621314077
경상남도 김해시 진영읍 진영리,35.3081468305346,128.723621314077
경상남도 김해시 진영읍 진영리,35.3081468305346,128.723621314077
경상남도 김해시 진영읍 진영리,35.3081468305346,128.723621314077
경상남도 김해시 진영읍 진영리,35.3081468305346,128.723621314077
경상남도 김해시 진영읍 진영리,35.3081468305346,128.723621314077
경상남도 김해시 진영읍 진영리,35.3081468305346,128.723621314077
경상남도 김해시 진영읍 진영리,35.3081468305346,128.723621314077
경상남도 김해시 진영읍 진영리,35.3081468305346,128.723621314077
경상남도 김해시 진영읍 진영리,35.3081468305346,128.723621314077
경상남도 김해시 진영읍 진영리,35.3081468305346,128.723621314077
경상남도 김해시 진영읍 진영리,35.3081468305346,128.723621314077
경상남도 김해시 진영읍 진영리,35.3081468305346,128.723621314077
경상남도 김해시 진영읍 진영리,35.3081468305346,128.723621314077
경상남도 김해시 진영읍 진영리,35.3081468305346,128.723621314077
경상남도 김해시 진영읍 진영리,35.3081468305346,128.723621314077
경상남도 김해시 진영읍 진영리,35.3081468305346,128.723621314077
경상남도 김해시 진영읍 진영리,35.3081468305346,128.723621314077
경상남도 김해시 진영읍 진영리,35.3081468305346,128.723621314077
경상남도 김해시 진영읍 진영리,35.3081468305346,128.723621314077
경상남도 김해시 진영읍 진영리,35.3081468305346,128.723621314077
경상남도 김해시 진영읍 진영리,35.3081468305346,128.723621314077
경상남도 김해시 진영읍 진영리,35.3081468305346,128.723621314077
경상남도 김해시 진영읍 진영리,35.3081468305346,128.723621314077
경상남도 김해시 진영읍 진영리,35.3081468305346,128.723621314077
경상남도 김해시 진영읍 진영리,35.3081468305346,128.723621314077
경상남도 김해시 진영읍 진영리,35.3081468305346,128.723621314077
경상남도 김해시 진영읍 진영리,35.3081468305346,128.723621314077
경상남도 김해시 진영읍 진영리,35.3081468305346,128.723621314077
경상남도 김해시 진영읍 진영리,35.3081468305346,128.723621314077
경상남도 김해시 진영읍 진영리,35.3081468305346,128.723621314077
경상남도 김해시 진영읍 진영리,35.3081468305346,128.723621314077
경상남도 김해시 진영읍 진영리,35.3081468305346,128.723621314077
경상남도 김해시 진영읍 여래리,35.3049686570686,128.745892851971
경상남도 김해시 진영읍 여래리,35.3049686570686,128.745892851971
경상남도 김해시 진영읍 여래리,35.3049686570686,128.745892851971
경상남도 김해시 진영읍 여래리,35.3049686570686,128.745892851971
경상남도 김해시 진영읍 여래리,35.3049686570686,128.745892851971
경상남도 김해시 진영읍 여래리,35.3049686570686,128.745892851971
경상남도 김해시 진영읍 여래리,35.3049686570686,128.745892851971
경상남도 김해시 진영읍 여래리,35.3049686570686,128.745892851971
경상남도 김해시 진영읍 여래리,35.3049686570686,128.745892851971
경상남도 김해시 진영읍 여래리,35.3049686570686,128.745892851971
경상남도 김해시 진영읍 여래리,35.3049686570686,128.745892851971
경상남도 김해시 진영읍 여래리,35.3049686570686,128.745892851971
경상남도 김해시 진영읍 여래리,35.3049686570686,128.745892851971
경상남도 김해시 진영읍 여래리,35.3049686570686,128.745892851971
경상남도 김해시 진영읍 여래리,35.3049686570686,128.745892851971
경상남도 김해시 진영읍 여래리,35.3049686570686,128.745892851971
경상남도 김해시 진영읍 여래리,35.3049686570686,128.745892851971
경상남도 김해시 진영읍 여래리,35.3049686570686,128.745892851971
경상남도 김해시 진영읍 여래리,35.3049686570686,128.745892851971
경상남도 김해시 진영읍 여래리,35.3049686570686,128.745892851971
경상남도 김해시 진영읍 여래리,35.3049686570686,128.745892851971
경상남도 김해시 진영읍 여래리,35.3049686570686,128.745892851971
경상남도 김해시 진영읍 여래리,35.3049686570686,128.745892851971
경상남도 김해시 진영읍 여래리,35.3049686570686,128.745892851971
경상남도 김해시 진영읍 여래리,35.3049686570686,128.745892851971
경상남도 김해시 진영읍 여래리,35.3049686570686,128.745892851971
경상남도 김해시 진영읍 여래리,35.3049686570686,128.745892851971
경상남도 김해시 진영읍 여래리,35.3049686570686,128.745892851971
경상남도 김해시 진영읍 여래리,35.3049686570686,128.745892851971
경상남도 김해시 진영읍 여래리,35.3049686570686,128.745892851971
경상남도 김해시 진영읍 여래리,35.3049686570686,128.745892851971
경상남도 김해시 진영읍 여래리,35.3049686570686,128.745892851971
경상남도 김해시 진영읍 여래리,35.3049686570686,128.745892851971
경상남도 김해시 진영읍 여래리,35.3049686570686,128.745892851971
경상남도 김해시 진영읍 여래리,35.3049686570686,128.745892851971
경상남도 김해시 진영읍 여래리,35.3049686570686,128.745892851971
경상남도 김해시 진영읍 여래리,35.3049686570686,128.745892851971
경상남도 김해시 진영읍 여래리,35.3049686570686,128.745892851971
경상남도 김해시 진영읍 여래리,35.3049686570686,128.745892851971
경상남도 김해시 진영읍 여래리,35.3049686570686,128.745892851971
경상남도 김해시 진영읍 여래리,35.3049686570686,128.745892851971
경상남도 김해시 진영읍 여래리,35.3049686570686,128.745892851971
경상남도 김해시 진영읍 여래리,35.3049686570686,128.745892851971
경상남도 김해시 진영읍 여래리,35.3049686570686,128.745892851971
경상남도 김해시 진영읍 여래리,35.3049686570686,128.745892851971
경상남도 김해시 진영읍 여래리,35.3049686570686,128.745892851971
경상남도 김해시 진영읍 여래리,35.3049686570686,128.745892851971
경상남도 김해시 진영읍 여래리,35.3049686570686,128.745892851971
경상남도 김해시 진영읍 여래리,35.3049686570686,128.745892851971
경상남도 김해시 진영읍 여래리,35.3049686570686,128.745892851971
경상남도 김해시 진영읍 여래리,35.3049686570686,128.745892851971
경상남도 김해시 진영읍 여래리,35.3049686570686,128.745892851971
경상남도 김해시 진영읍 여래리,35.3049686570686,128.745892851971
경상남도 김해시 진영읍 여래리,35.3049686570686,128.745892851971
경상남도 김해시 진영읍 여래리,35.3049686570686,128.745892851971
경상남도 김해시 진영읍 여래리,35.3049686570686,128.745892851971
경상남도 김해시 진영읍 여래리,35.3049686570686,128.745892851971
경상남도 김해시 진영읍 여래리,35.3049686570686,128.745892851971
경상남도 김해시 진영읍 여래리,35.3049686570686,128.745892851971
경상남도 김해시 진영읍 여래리,35.3049686570686,128.745892851971
경상남도 김해시 진영읍 여래리,35.3049686570686,128.745892851971
경상남도 김해시 진영읍 여래리,35.3049686570686,128.745892851971
경상남도 김해시 진영읍 여래리,35.3049686570686,128.745892851971
경상남도 김해시 진영읍 여래리,35.3049686570686,128.745892851971
경상남도 김해시 진영읍 여래리,35.3049686570686,128.745892851971
경상남도 김해시 진영읍 여래리,35.3049686570686,128.745892851971
경상남도 김해시 진영읍 여래리,35.3049686570686,128.745892851971
경상남도 김해시 진영읍 여래리,35.3049686570686,128.745892851971
경상남도 김해시 진영읍 여래리,35.3049686570686,128.745892851971
경상남도 김해시 진영읍 본산리,35.3214279260304,128.750143602375
경상남도 김해시 진영읍 본산리,35.3214279260304,128.750143602375
경상남도 김해시 진영읍 본산리,35.3214279260304,128.750143602375
경상남도 김해시 진영읍 본산리,35.3214279260304,128.750143602375
경상남도 김해시 진영읍 본산리,35.3214279260304,128.750143602375
경상남도 김해시 진영읍 본산리,35.3214279260304,128.750143602375
경상남도 김해시 진영읍 본산리,35.3214279260304,128.750143602375
경상남도 김해시 진영읍 본산리,35.3214279260304,128.750143602375
경상남도 김해시 진영읍 신용리,35.3026506221219,128.761312721604
경상남도 김해시 진영읍 신용리,35.3026506221219,128.761312721604
경상남도 김해시 진영읍 설창리,35.2959450345209,128.763585694147
경상남도 김해시 진영읍 설창리,35.2959450345209,128.763585694147
경상남도 김해시 진영읍 설창리,35.2959450345209,128.763585694147
경상남도 김해시 진영읍 설창리,35.2959450345209,128.763585694147
경상남도 김해시 진영읍 설창리,35.2959450345209,128.763585694147
경상남도 김해시 진영읍 설창리,35.2959450345209,128.763585694147
경상남도 김해시 진영읍 설창리,35.2959450345209,128.763585694147
경상남도 김해시 진영읍 내룡리,35.288940871255,128.754420808457
경상남도 김해시 진영읍 내룡리,35.288940871255,128.754420808457
경상남도 김해시 진영읍 내룡리,35.288940871255,128.754420808457
경상남도 김해시 진영읍 내룡리,35.288940871255,128.754420808457
경상남도 김해시 진영읍 내룡리,35.288940871255,128.754420808457
경상남도 김해시 진영읍 죽곡리,35.2827936292649,128.767120707803
경상남도 김해시 진영읍 죽곡리,35.2827936292649,128.767120707803
경상남도 김해시 진영읍 죽곡리,35.2827936292649,128.767120707803
경상남도 김해시 진영읍 죽곡리,35.2827936292649,128.767120707803
경상남도 김해시 진영읍 의전리,35.273488906728,128.754544613181
경상남도 김해시 주촌면,35.2357219683869,128.830659015499
경상남도 김해시 주촌면,35.2357219683869,128.830659015499
경상남도 김해시 주촌면,35.2357219683869,128.830659015499
경상남도 김해시 주촌면,35.2357219683869,128.830659015499
경상남도 김해시 주촌면,35.2357219683869,128.830659015499
경상남도 김해시 주촌면,35.2357219683869,128.830659015499
경상남도 김해시 주촌면,35.2357219683869,128.830659015499
경상남도 김해시 주촌면,35.2357219683869,128.830659015499
경상남도 김해시 주촌면,35.2357219683869,128.830659015499
경상남도 김해시 주촌면,35.2357219683869,128.830659015499
경상남도 김해시 주촌면,35.2357219683869,128.830659015499
경상남도 김해시 주촌면,35.2357219683869,128.830659015499
경상남도 김해시 주촌면,35.2357219683869,128.830659015499
경상남도 김해시 주촌면,35.2357219683869,128.830659015499
경상남도 김해시 주촌면,35.2357219683869,128.830659015499
경상남도 김해시 주촌면,35.2357219683869,128.830659015499
경상남도 김해시 주촌면,35.2357219683869,128.830659015499
경상남도 김해시 주촌면,35.2357219683869,128.830659015499
경상남도 김해시 주촌면,35.2357219683869,128.830659015499
경상남도 김해시 주촌면,35.2357219683869,128.830659015499
경상남도 김해시 주촌면,35.2357219683869,128.830659015499
경상남도 김해시 주촌면,35.2357219683869,128.830659015499
경상남도 김해시 주촌면,35.2357219683869,128.830659015499
경상남도 김해시 주촌면,35.2357219683869,128.830659015499
경상남도 김해시 주촌면,35.2357219683869,128.830659015499
경상남도 김해시 주촌면,35.2357219683869,128.830659015499
경상남도 김해시 주촌면,35.2357219683869,128.830659015499
경상남도 김해시 주촌면,35.2357219683869,128.830659015499
경상남도 김해시 주촌면,35.2357219683869,128.830659015499
경상남도 김해시 주촌면,35.2357219683869,128.830659015499
경상남도 김해시 주촌면,35.2357219683869,128.830659015499
경상남도 김해시 주촌면,35.2357219683869,128.830659015499
경상남도 김해시 주촌면,35.2357219683869,128.830659015499
경상남도 김해시 주촌면,35.2357219683869,128.830659015499
경상남도 김해시 주촌면,35.2357219683869,128.830659015499
경상남도 김해시 주촌면,35.2357219683869,128.830659015499
경상남도 김해시 주촌면,35.2357219683869,128.830659015499
경상남도 김해시 주촌면,35.2357219683869,128.830659015499
경상남도 김해시 주촌면,35.2357219683869,128.830659015499
경상남도 김해시 주촌면,35.2357219683869,128.830659015499
경상남도 김해시 주촌면,35.2357219683869,128.830659015499
경상남도 김해시 주촌면,35.2357219683869,128.830659015499
경상남도 김해시 주촌면,35.2357219683869,128.830659015499
경상남도 김해시 주촌면,35.2357219683869,128.830659015499
경상남도 김해시 주촌면,35.2357219683869,128.830659015499
경상남도 김해시 주촌면,35.2357219683869,128.830659015499
경상남도 김해시 주촌면,35.2357219683869,128.830659015499
경상남도 김해시 주촌면,35.2357219683869,128.830659015499
경상남도 김해시 주촌면,35.2357219683869,128.830659015499
경상남도 김해시 주촌면,35.2357219683869,128.830659015499
경상남도 김해시 주촌면,35.2357219683869,128.830659015499
경상남도 김해시 주촌면,35.2357219683869,128.830659015499
경상남도 김해시 주촌면,35.2357219683869,128.830659015499
경상남도 김해시 주촌면,35.2357219683869,128.830659015499
경상남도 김해시 주촌면,35.2357219683869,128.830659015499
경상남도 김해시 주촌면,35.2357219683869,128.830659015499
경상남도 김해시 주촌면,35.2357219683869,128.830659015499
경상남도 김해시 주촌면,35.2357219683869,128.830659015499
경상남도 김해시 주촌면,35.2357219683869,128.830659015499
경상남도 김해시 주촌면,35.2357219683869,128.830659015499
경상남도 김해시 주촌면,35.2357219683869,128.830659015499
경상남도 김해시 주촌면,35.2357219683869,128.830659015499
경상남도 김해시 주촌면,35.2357219683869,128.830659015499
경상남도 김해시 주촌면,35.2357219683869,128.830659015499
경상남도 김해시 주촌면,35.2357219683869,128.830659015499
경상남도 김해시 주촌면,35.2357219683869,128.830659015499
경상남도 김해시 주촌면,35.2357219683869,128.830659015499
경상남도 김해시 주촌면,35.2357219683869,128.830659015499
경상남도 김해시 주촌면,35.2357219683869,128.830659015499
경상남도 김해시 주촌면,35.2357219683869,128.830659015499
경상남도 김해시 주촌면,35.2357219683869,128.830659015499
경상남도 김해시 주촌면,35.2357219683869,128.830659015499
경상남도 김해시 주촌면,35.2357219683869,128.830659015499
경상남도 김해시 주촌면,35.2357219683869,128.830659015499
경상남도 김해시 주촌면,35.2357219683869,128.830659015499
경상남도 김해시 주촌면,35.2357219683869,128.830659015499
경상남도 김해시 주촌면,35.2357219683869,128.830659015499
경상남도 김해시 주촌면,35.2357219683869,128.830659015499
경상남도 김해시 주촌면,35.2357219683869,128.830659015499
경상남도 김해시 주촌면,35.2357219683869,128.830659015499
경상남도 김해시 주촌면,35.2357219683869,128.830659015499
경상남도 김해시 주촌면,35.2357219683869,128.830659015499
경상남도 김해시 주촌면,35.2357219683869,128.830659015499
경상남도 김해시 주촌면 선지리,35.2396536657438,128.844025511254
경상남도 김해시 주촌면 선지리,35.2396536657438,128.844025511254
경상남도 김해시 주촌면 선지리,35.2396536657438,128.844025511254
경상남도 김해시 주촌면 선지리,35.2396536657438,128.844025511254
경상남도 김해시 주촌면 선지리,35.2396536657438,128.844025511254
경상남도 김해시 주촌면 선지리,35.2396536657438,128.844025511254
경상남도 김해시 주촌면 선지리,35.2396536657438,128.844025511254
경상남도 김해시 주촌면 선지리,35.2396536657438,128.844025511254
경상남도 김해시 주촌면 선지리,35.2396536657438,128.844025511254
경상남도 김해시 주촌면 선지리,35.2396536657438,128.844025511254
경상남도 김해시 주촌면 선지리,35.2396536657438,128.844025511254
경상남도 김해시 주촌면 선지리,35.2396536657438,128.844025511254
경상남도 김해시 주촌면 선지리,35.2396536657438,128.844025511254
경상남도 김해시 주촌면 선지리,35.2396536657438,128.844025511254
경상남도 김해시 주촌면 선지리,35.2396536657438,128.844025511254
경상남도 김해시 주촌면 선지리,35.2396536657438,128.844025511254
경상남도 김해시 주촌면 선지리,35.2396536657438,128.844025511254
경상남도 김해시 주촌면 선지리,35.2396536657438,128.844025511254
경상남도 김해시 주촌면 선지리,35.2396536657438,128.844025511254
경상남도 김해시 주촌면 선지리,35.2396536657438,128.844025511254
경상남도 김해시 주촌면 선지리,35.2396536657438,128.844025511254
경상남도 김해시 주촌면 선지리,35.2396536657438,128.844025511254
경상남도 김해시 주촌면 선지리,35.2396536657438,128.844025511254
경상남도 김해시 주촌면 선지리,35.2396536657438,128.844025511254
경상남도 김해시 주촌면 선지리,35.2396536657438,128.844025511254
경상남도 김해시 주촌면 선지리,35.2396536657438,128.844025511254
경상남도 김해시 주촌면 선지리,35.2396536657438,128.844025511254
경상남도 김해시 주촌면 선지리,35.2396536657438,128.844025511254
경상남도 김해시 주촌면 선지리,35.2396536657438,128.844025511254
경상남도 김해시 주촌면 선지리,35.2396536657438,128.844025511254
경상남도 김해시 주촌면 선지리,35.2396536657438,128.844025511254
경상남도 김해시 주촌면 선지리,35.2396536657438,128.844025511254
경상남도 김해시 주촌면 선지리,35.2396536657438,128.844025511254
경상남도 김해시 주촌면 선지리,35.2396536657438,128.844025511254
경상남도 김해시 주촌면 선지리,35.2396536657438,128.844025511254
경상남도 김해시 주촌면 선지리,35.2396536657438,128.844025511254
경상남도 김해시 주촌면 선지리,35.2396536657438,128.844025511254
경상남도 김해시 주촌면 선지리,35.2396536657438,128.844025511254
경상남도 김해시 주촌면 선지리,35.2396536657438,128.844025511254
경상남도 김해시 주촌면 선지리,35.2396536657438,128.844025511254
경상남도 김해시 주촌면 선지리,35.2396536657438,128.844025511254
경상남도 김해시 주촌면 선지리,35.2396536657438,128.844025511254
경상남도 김해시 주촌면 선지리,35.2396536657438,128.844025511254
경상남도 김해시 주촌면 선지리,35.2396536657438,128.844025511254
경상남도 김해시 주촌면 선지리,35.2396536657438,128.844025511254
경상남도 김해시 주촌면 선지리,35.2396536657438,128.844025511254
경상남도 김해시 주촌면 선지리,35.2396536657438,128.844025511254
경상남도 김해시 주촌면 선지리,35.2396536657438,128.844025511254
경상남도 김해시 주촌면 선지리,35.2396536657438,128.844025511254
경상남도 김해시 주촌면 선지리,35.2396536657438,128.844025511254
경상남도 김해시 주촌면 선지리,35.2396536657438,128.844025511254
경상남도 김해시 주촌면 선지리,35.2396536657438,128.844025511254
경상남도 김해시 주촌면 선지리,35.2396536657438,128.844025511254
경상남도 김해시 주촌면 선지리,35.2396536657438,128.844025511254
경상남도 김해시 주촌면 선지리,35.2396536657438,128.844025511254
경상남도 김해시 주촌면 선지리,35.2396536657438,128.844025511254
경상남도 김해시 주촌면 선지리,35.2396536657438,128.844025511254
경상남도 김해시 주촌면 선지리,35.2396536657438,128.844025511254
경상남도 김해시 주촌면 선지리,35.2396536657438,128.844025511254
경상남도 김해시 주촌면 선지리,35.2396536657438,128.844025511254
경상남도 김해시 주촌면 선지리,35.2396536657438,128.844025511254
경상남도 김해시 주촌면 선지리,35.2396536657438,128.844025511254
경상남도 김해시 주촌면 선지리,35.2396536657438,128.844025511254
경상남도 김해시 주촌면 선지리,35.2396536657438,128.844025511254
경상남도 김해시 주촌면 선지리,35.2396536657438,128.844025511254
경상남도 김해시 주촌면 선지리,35.2396536657438,128.844025511254
경상남도 김해시 주촌면 선지리,35.2396536657438,128.844025511254
경상남도 김해시 주촌면 선지리,35.2396536657438,128.844025511254
경상남도 김해시 주촌면 선지리,35.2396536657438,128.844025511254
경상남도 김해시 주촌면 선지리,35.2396536657438,128.844025511254
경상남도 김해시 주촌면 선지리,35.2396536657438,128.844025511254
경상남도 김해시 주촌면 선지리,35.2396536657438,128.844025511254
경상남도 김해시 주촌면 선지리,35.2396536657438,128.844025511254
경상남도 김해시 주촌면 선지리,35.2396536657438,128.844025511254
경상남도 김해시 주촌면 원지리,35.2552702138217,128.838529962608
경상남도 김해시 주촌면 원지리,35.2552702138217,128.838529962608
경상남도 김해시 주촌면 원지리,35.2552702138217,128.838529962608
경상남도 김해시 주촌면 원지리,35.2552702138217,128.838529962608
경상남도 김해시 주촌면 덕암리,35.2598260137328,128.816139698191
경상남도 김해시 주촌면 덕암리,35.2598260137328,128.816139698191
경상남도 김해시 주촌면 천곡리,35.2351655447429,128.830505915138
경상남도 김해시 주촌면 천곡리,35.2351655447429,128.830505915138
경상남도 김해시 주촌면 천곡리,35.2351655447429,128.830505915138
경상남도 김해시 주촌면 천곡리,35.2351655447429,128.830505915138
경상남도 김해시 주촌면 천곡리,35.2351655447429,128.830505915138
경상남도 김해시 주촌면 천곡리,35.2351655447429,128.830505915138
경상남도 김해시 주촌면 천곡리,35.2351655447429,128.830505915138
경상남도 김해시 주촌면 천곡리,35.2351655447429,128.830505915138
경상남도 김해시 주촌면 천곡리,35.2351655447429,128.830505915138
경상남도 김해시 주촌면 천곡리,35.2351655447429,128.830505915138
경상남도 김해시 주촌면 천곡리,35.2351655447429,128.830505915138
경상남도 김해시 주촌면 천곡리,35.2351655447429,128.830505915138
경상남도 김해시 주촌면 천곡리,35.2351655447429,128.830505915138
경상남도 김해시 주촌면 천곡리,35.2351655447429,128.830505915138
경상남도 김해시 주촌면 천곡리,35.2351655447429,128.830505915138
경상남도 김해시 주촌면 천곡리,35.2351655447429,128.830505915138
경상남도 김해시 주촌면 천곡리,35.2351655447429,128.830505915138
경상남도 김해시 주촌면 천곡리,35.2351655447429,128.830505915138
경상남도 김해시 주촌면 천곡리,35.2351655447429,128.830505915138
경상남도 김해시 주촌면 천곡리,35.2351655447429,128.830505915138
경상남도 김해시 주촌면 천곡리,35.2351655447429,128.830505915138
경상남도 김해시 주촌면 천곡리,35.2351655447429,128.830505915138
경상남도 김해시 주촌면 천곡리,35.2351655447429,128.830505915138
경상남도 김해시 주촌면 천곡리,35.2351655447429,128.830505915138
경상남도 김해시 주촌면 천곡리,35.2351655447429,128.830505915138
경상남도 김해시 주촌면 천곡리,35.2351655447429,128.830505915138
경상남도 김해시 주촌면 천곡리,35.2351655447429,128.830505915138
경상남도 김해시 주촌면 천곡리,35.2351655447429,128.830505915138
경상남도 김해시 주촌면 천곡리,35.2351655447429,128.830505915138
경상남도 김해시 주촌면 천곡리,35.2351655447429,128.830505915138
경상남도 김해시 주촌면 천곡리,35.2351655447429,128.830505915138
경상남도 김해시 주촌면 천곡리,35.2351655447429,128.830505915138
경상남도 김해시 주촌면 천곡리,35.2351655447429,128.830505915138
경상남도 김해시 주촌면 천곡리,35.2351655447429,128.830505915138
경상남도 김해시 주촌면 천곡리,35.2351655447429,128.830505915138
경상남도 김해시 주촌면 천곡리,35.2351655447429,128.830505915138
경상남도 김해시 주촌면 천곡리,35.2351655447429,128.830505915138
경상남도 김해시 주촌면 천곡리,35.2351655447429,128.830505915138
경상남도 김해시 주촌면 천곡리,35.2351655447429,128.830505915138
경상남도 김해시 주촌면 천곡리,35.2351655447429,128.830505915138
경상남도 김해시 주촌면 천곡리,35.2351655447429,128.830505915138
경상남도 김해시 주촌면 천곡리,35.2351655447429,128.830505915138
경상남도 김해시 주촌면 천곡리,35.2351655447429,128.830505915138
경상남도 김해시 주촌면 천곡리,35.2351655447429,128.830505915138
경상남도 김해시 주촌면 천곡리,35.2351655447429,128.830505915138
경상남도 김해시 주촌면 천곡리,35.2351655447429,128.830505915138
경상남도 김해시 주촌면 천곡리,35.2351655447429,128.830505915138
경상남도 김해시 주촌면 천곡리,35.2351655447429,128.830505915138
경상남도 김해시 주촌면 천곡리,35.2351655447429,128.830505915138
경상남도 김해시 주촌면 천곡리,35.2351655447429,128.830505915138
경상남도 김해시 주촌면 천곡리,35.2351655447429,128.830505915138
경상남도 김해시 주촌면 천곡리,35.2351655447429,128.830505915138
경상남도 김해시 주촌면 천곡리,35.2351655447429,128.830505915138
경상남도 김해시 주촌면 천곡리,35.2351655447429,128.830505915138
경상남도 김해시 주촌면 천곡리,35.2351655447429,128.830505915138
경상남도 김해시 주촌면 천곡리,35.2351655447429,128.830505915138
경상남도 김해시 주촌면 천곡리,35.2351655447429,128.830505915138
경상남도 김해시 주촌면 천곡리,35.2351655447429,128.830505915138
경상남도 김해시 주촌면 천곡리,35.2351655447429,128.830505915138
경상남도 김해시 주촌면 천곡리,35.2351655447429,128.830505915138
경상남도 김해시 주촌면 천곡리,35.2351655447429,128.830505915138
경상남도 김해시 주촌면 천곡리,35.2351655447429,128.830505915138
경상남도 김해시 주촌면 천곡리,35.2351655447429,128.830505915138
경상남도 김해시 주촌면 천곡리,35.2351655447429,128.830505915138
경상남도 김해시 주촌면 천곡리,35.2351655447429,128.830505915138
경상남도 김해시 주촌면 천곡리,35.2351655447429,128.830505915138
경상남도 김해시 주촌면 천곡리,35.2351655447429,128.830505915138
경상남도 김해시 주촌면 천곡리,35.2351655447429,128.830505915138
경상남도 김해시 주촌면 천곡리,35.2351655447429,128.830505915138
경상남도 김해시 주촌면 천곡리,35.2351655447429,128.830505915138
경상남도 김해시 주촌면 천곡리,35.2351655447429,128.830505915138
경상남도 김해시 주촌면 천곡리,35.2351655447429,128.830505915138
경상남도 김해시 주촌면 천곡리,35.2351655447429,128.830505915138
경상남도 김해시 주촌면 천곡리,35.2351655447429,128.830505915138
경상남도 김해시 주촌면 천곡리,35.2351655447429,128.830505915138
경상남도 김해시 주촌면 천곡리,35.2351655447429,128.830505915138
경상남도 김해시 주촌면 천곡리,35.2351655447429,128.830505915138
경상남도 김해시 주촌면 천곡리,35.2351655447429,128.830505915138
경상남도 김해시 주촌면 천곡리,35.2351655447429,128.830505915138
경상남도 김해시 주촌면 천곡리,35.2351655447429,128.830505915138
경상남도 김해시 주촌면 천곡리,35.2351655447429,128.830505915138
경상남도 김해시 주촌면 천곡리,35.2351655447429,128.830505915138
경상남도 김해시 주촌면 천곡리,35.2351655447429,128.830505915138
경상남도 김해시 주촌면 천곡리,35.2351655447429,128.830505915138
경상남도 김해시 주촌면 천곡리,35.2351655447429,128.830505915138
경상남도 김해시 주촌면 천곡리,35.2351655447429,128.830505915138
경상남도 김해시 주촌면 천곡리,35.2351655447429,128.830505915138
경상남도 김해시 주촌면 천곡리,35.2351655447429,128.830505915138
경상남도 김해시 주촌면 천곡리,35.2351655447429,128.830505915138
경상남도 김해시 주촌면 천곡리,35.2351655447429,128.830505915138
경상남도 김해시 주촌면 천곡리,35.2351655447429,128.830505915138
경상남도 김해시 주촌면 천곡리,35.2351655447429,128.830505915138
경상남도 김해시 주촌면 천곡리,35.2351655447429,128.830505915138
경상남도 김해시 주촌면 천곡리,35.2351655447429,128.830505915138
경상남도 김해시 주촌면 천곡리,35.2351655447429,128.830505915138
경상남도 김해시 주촌면 천곡리,35.2351655447429,128.830505915138
경상남도 김해시 주촌면 천곡리,35.2351655447429,128.830505915138
경상남도 김해시 주촌면 천곡리,35.2351655447429,128.830505915138
경상남도 김해시 주촌면 천곡리,35.2351655447429,128.830505915138
경상남도 김해시 주촌면 천곡리,35.2351655447429,128.830505915138
경상남도 김해시 주촌면 천곡리,35.2351655447429,128.830505915138
경상남도 김해시 주촌면 천곡리,35.2351655447429,128.830505915138
경상남도 김해시 주촌면 천곡리,35.2351655447429,128.830505915138
경상남도 김해시 주촌면 천곡리,35.2351655447429,128.830505915138
경상남도 김해시 주촌면 천곡리,35.2351655447429,128.830505915138
경상남도 김해시 주촌면 천곡리,35.2351655447429,128.830505915138
경상남도 김해시 주촌면 천곡리,35.2351655447429,128.830505915138
경상남도 김해시 주촌면 천곡리,35.2351655447429,128.830505915138
경상남도 김해시 주촌면 천곡리,35.2351655447429,128.830505915138
경상남도 김해시 주촌면 천곡리,35.2351655447429,128.830505915138
경상남도 김해시 주촌면 천곡리,35.2351655447429,128.830505915138
경상남도 김해시 주촌면 천곡리,35.2351655447429,128.830505915138
경상남도 김해시 주촌면 천곡리,35.2351655447429,128.830505915138
경상남도 김해시 주촌면 천곡리,35.2351655447429,128.830505915138
경상남도 김해시 주촌면 천곡리,35.2351655447429,128.830505915138
경상남도 김해시 주촌면 천곡리,35.2351655447429,128.830505915138
경상남도 김해시 주촌면 천곡리,35.2351655447429,128.830505915138
경상남도 김해시 주촌면 천곡리,35.2351655447429,128.830505915138
경상남도 김해시 주촌면 천곡리,35.2351655447429,128.830505915138
경상남도 김해시 주촌면 천곡리,35.2351655447429,128.830505915138
경상남도 김해시 주촌면 천곡리,35.2351655447429,128.830505915138
경상남도 김해시 주촌면 천곡리,35.2351655447429,128.830505915138
경상남도 김해시 주촌면 천곡리,35.2351655447429,128.830505915138
경상남도 김해시 주촌면 천곡리,35.2351655447429,128.830505915138
경상남도 김해시 주촌면 천곡리,35.2351655447429,128.830505915138
경상남도 김해시 주촌면 천곡리,35.2351655447429,128.830505915138
경상남도 김해시 주촌면 천곡리,35.2351655447429,128.830505915138
경상남도 김해시 주촌면 천곡리,35.2351655447429,128.830505915138
경상남도 김해시 주촌면 천곡리,35.2351655447429,128.830505915138
경상남도 김해시 주촌면 천곡리,35.2351655447429,128.830505915138
경상남도 김해시 주촌면 천곡리,35.2351655447429,128.830505915138
경상남도 김해시 주촌면 천곡리,35.2351655447429,128.830505915138
경상남도 김해시 주촌면 천곡리,35.2351655447429,128.830505915138
경상남도 김해시 주촌면 천곡리,35.2351655447429,128.830505915138
경상남도 김해시 주촌면 천곡리,35.2351655447429,128.830505915138
경상남도 김해시 주촌면 천곡리,35.2351655447429,128.830505915138
경상남도 김해시 주촌면 천곡리,35.2351655447429,128.830505915138
경상남도 김해시 주촌면 천곡리,35.2351655447429,128.830505915138
경상남도 김해시 주촌면 천곡리,35.2351655447429,128.830505915138
경상남도 김해시 주촌면 천곡리,35.2351655447429,128.830505915138
경상남도 김해시 주촌면 천곡리,35.2351655447429,128.830505915138
경상남도 김해시 주촌면 천곡리,35.2351655447429,128.830505915138
경상남도 김해시 주촌면 천곡리,35.2351655447429,128.830505915138
경상남도 김해시 주촌면 천곡리,35.2351655447429,128.830505915138
경상남도 김해시 주촌면 천곡리,35.2351655447429,128.830505915138
경상남도 김해시 주촌면 천곡리,35.2351655447429,128.830505915138
경상남도 김해시 주촌면 천곡리,35.2351655447429,128.830505915138
경상남도 김해시 주촌면 천곡리,35.2351655447429,128.830505915138
경상남도 김해시 주촌면 천곡리,35.2351655447429,128.830505915138
경상남도 김해시 주촌면 천곡리,35.2351655447429,128.830505915138
경상남도 김해시 주촌면 천곡리,35.2351655447429,128.830505915138
경상남도 김해시 주촌면 천곡리,35.2351655447429,128.830505915138
경상남도 김해시 주촌면 내삼리,35.2462172784237,128.807280595981
경상남도 김해시 주촌면 내삼리,35.2462172784237,128.807280595981
경상남도 김해시 주촌면 내삼리,35.2462172784237,128.807280595981
경상남도 김해시 주촌면 내삼리,35.2462172784237,128.807280595981
경상남도 김해시 주촌면 내삼리,35.2462172784237,128.807280595981
경상남도 김해시 주촌면 내삼리,35.2462172784237,128.807280595981
경상남도 김해시 주촌면 양동리,35.2309095986153,128.799173454079
경상남도 김해시 주촌면 양동리,35.2309095986153,128.799173454079
경상남도 김해시 주촌면 양동리,35.2309095986153,128.799173454079
경상남도 김해시 주촌면 망덕리,35.2227255534322,128.827160182421
경상남도 김해시 주촌면 농소리,35.2137671826395,128.832199531608
경상남도 김해시 진례면 ,35.2490641531012,128.747720901894
경상남도 김해시 진례면 ,35.2490641531012,128.747720901894
경상남도 김해시 진례면 ,35.2490641531012,128.747720901894
경상남도 김해시 진례면 ,35.2490641531012,128.747720901894
경상남도 김해시 진례면 ,35.2490641531012,128.747720901894
경상남도 김해시 진례면 ,35.2490641531012,128.747720901894
경상남도 김해시 진례면 ,35.2490641531012,128.747720901894
경상남도 김해시 진례면 ,35.2490641531012,128.747720901894
경상남도 김해시 진례면 ,35.2490641531012,128.747720901894
경상남도 김해시 진례면 ,35.2490641531012,128.747720901894
경상남도 김해시 진례면 ,35.2490641531012,128.747720901894
경상남도 김해시 진례면 ,35.2490641531012,128.747720901894
경상남도 김해시 진례면 ,35.2490641531012,128.747720901894
경상남도 김해시 진례면 ,35.2490641531012,128.747720901894
경상남도 김해시 진례면 ,35.2490641531012,128.747720901894
경상남도 김해시 진례면 ,35.2490641531012,128.747720901894
경상남도 김해시 진례면 ,35.2490641531012,128.747720901894
경상남도 김해시 진례면 ,35.2490641531012,128.747720901894
경상남도 김해시 진례면 ,35.2490641531012,128.747720901894
경상남도 김해시 진례면 ,35.2490641531012,128.747720901894
경상남도 김해시 진례면 ,35.2490641531012,128.747720901894
경상남도 김해시 진례면 ,35.2490641531012,128.747720901894
경상남도 김해시 진례면 ,35.2490641531012,128.747720901894
경상남도 김해시 진례면 ,35.2490641531012,128.747720901894
경상남도 김해시 진례면 ,35.2490641531012,128.747720901894
경상남도 김해시 진례면 ,35.2490641531012,128.747720901894
경상남도 김해시 진례면 ,35.2490641531012,128.747720901894
경상남도 김해시 진례면 ,35.2490641531012,128.747720901894
경상남도 김해시 진례면 ,35.2490641531012,128.747720901894
경상남도 김해시 진례면 ,35.2490641531012,128.747720901894
경상남도 김해시 진례면 ,35.2490641531012,128.747720901894
경상남도 김해시 진례면 ,35.2490641531012,128.747720901894
경상남도 김해시 진례면 ,35.2490641531012,128.747720901894
경상남도 김해시 진례면 ,35.2490641531012,128.747720901894
경상남도 김해시 진례면 ,35.2490641531012,128.747720901894
경상남도 김해시 진례면 ,35.2490641531012,128.747720901894
경상남도 김해시 진례면 ,35.2490641531012,128.747720901894
경상남도 김해시 진례면 ,35.2490641531012,128.747720901894
경상남도 김해시 진례면 ,35.2490641531012,128.747720901894
경상남도 김해시 진례면 ,35.2490641531012,128.747720901894
경상남도 김해시 진례면 ,35.2490641531012,128.747720901894
경상남도 김해시 진례면 ,35.2490641531012,128.747720901894
경상남도 김해시 진례면 ,35.2490641531012,128.747720901894
경상남도 김해시 진례면 ,35.2490641531012,128.747720901894
경상남도 김해시 진례면 ,35.2490641531012,128.747720901894
경상남도 김해시 진례면 ,35.2490641531012,128.747720901894
경상남도 김해시 진례면 ,35.2490641531012,128.747720901894
경상남도 김해시 진례면 ,35.2490641531012,128.747720901894
경상남도 김해시 진례면 ,35.2490641531012,128.747720901894
경상남도 김해시 진례면 ,35.2490641531012,128.747720901894
경상남도 김해시 진례면 ,35.2490641531012,128.747720901894
경상남도 김해시 진례면 ,35.2490641531012,128.747720901894
경상남도 김해시 진례면 ,35.2490641531012,128.747720901894
경상남도 김해시 진례면 ,35.2490641531012,128.747720901894
경상남도 김해시 진례면 ,35.2490641531012,128.747720901894
경상남도 김해시 진례면 ,35.2490641531012,128.747720901894
경상남도 김해시 진례면 ,35.2490641531012,128.747720901894
경상남도 김해시 진례면 ,35.2490641531012,128.747720901894
경상남도 김해시 진례면 ,35.2490641531012,128.747720901894
경상남도 김해시 진례면 ,35.2490641531012,128.747720901894
경상남도 김해시 진례면 ,35.2490641531012,128.747720901894
경상남도 김해시 진례면 ,35.2490641531012,128.747720901894
경상남도 김해시 진례면 ,35.2490641531012,128.747720901894
경상남도 김해시 진례면 ,35.2490641531012,128.747720901894
경상남도 김해시 진례면 ,35.2490641531012,128.747720901894
경상남도 김해시 진례면 ,35.2490641531012,128.747720901894
경상남도 김해시 진례면 ,35.2490641531012,128.747720901894
경상남도 김해시 진례면 ,35.2490641531012,128.747720901894
경상남도 김해시 진례면 ,35.2490641531012,128.747720901894
경상남도 김해시 진례면 ,35.2490641531012,128.747720901894
경상남도 김해시 진례면 ,35.2490641531012,128.747720901894
경상남도 김해시 진례면 ,35.2490641531012,128.747720901894
경상남도 김해시 진례면 ,35.2490641531012,128.747720901894
경상남도 김해시 진례면 ,35.2490641531012,128.747720901894
경상남도 김해시 진례면 ,35.2490641531012,128.747720901894
경상남도 김해시 진례면 ,35.2490641531012,128.747720901894
경상남도 김해시 진례면 청천리,35.2665404928674,128.744461282329
경상남도 김해시 진례면 청천리,35.2665404928674,128.744461282329
경상남도 김해시 진례면 청천리,35.2665404928674,128.744461282329
경상남도 김해시 진례면 청천리,35.2665404928674,128.744461282329
경상남도 김해시 진례면 청천리,35.2665404928674,128.744461282329
경상남도 김해시 진례면 청천리,35.2665404928674,128.744461282329
경상남도 김해시 진례면 시례리,35.2561877795039,128.738679957089
경상남도 김해시 진례면 시례리,35.2561877795039,128.738679957089
경상남도 김해시 진례면 송정리,35.2426052512107,128.739400540775
경상남도 김해시 진례면 송정리,35.2426052512107,128.739400540775
경상남도 김해시 진례면 송정리,35.2426052512107,128.739400540775
경상남도 김해시 진례면 송정리,35.2426052512107,128.739400540775
경상남도 김해시 진례면 송정리,35.2426052512107,128.739400540775
경상남도 김해시 진례면 송정리,35.2426052512107,128.739400540775
경상남도 김해시 진례면 송정리,35.2426052512107,128.739400540775
경상남도 김해시 진례면 송정리,35.2426052512107,128.739400540775
경상남도 김해시 진례면 송정리,35.2426052512107,128.739400540775
경상남도 김해시 진례면 초전리,35.2476318287373,128.760732487792
경상남도 김해시 진례면 초전리,35.2476318287373,128.760732487792
경상남도 김해시 진례면 초전리,35.2476318287373,128.760732487792
경상남도 김해시 진례면 초전리,35.2476318287373,128.760732487792
경상남도 김해시 진례면 초전리,35.2476318287373,128.760732487792
경상남도 김해시 진례면 초전리,35.2476318287373,128.760732487792
경상남도 김해시 진례면 초전리,35.2476318287373,128.760732487792
경상남도 김해시 진례면 초전리,35.2476318287373,128.760732487792
경상남도 김해시 진례면 신안리,35.2229648816373,128.739736824344
경상남도 김해시 진례면 산본리,35.219629134832,128.766452949192
경상남도 김해시 진례면 송현리,35.2435177229438,128.777811206786
경상남도 김해시 진례면 송현리,35.2435177229438,128.777811206786
경상남도 김해시 진례면 송현리,35.2435177229438,128.777811206786
경상남도 김해시 진례면 송현리,35.2435177229438,128.777811206786
경상남도 김해시 진례면 송현리,35.2435177229438,128.777811206786
경상남도 김해시 진례면 송현리,35.2435177229438,128.777811206786
경상남도 김해시 진례면 송현리,35.2435177229438,128.777811206786
경상남도 김해시 진례면 담안리,35.2585421983342,128.777097763274
경상남도 김해시 진례면 담안리,35.2585421983342,128.777097763274
경상남도 김해시 진례면 담안리,35.2585421983342,128.777097763274
경상남도 김해시 진례면 담안리,35.2585421983342,128.777097763274
경상남도 김해시 진례면 고모리,35.2726803695372,128.78320885067
경상남도 김해시 진례면 고모리,35.2726803695372,128.78320885067
경상남도 김해시 진례면 고모리,35.2726803695372,128.78320885067
경상남도 김해시 진례면 고모리,35.2726803695372,128.78320885067
경상남도 김해시 한림면 퇴래리,35.3015383886633,128.792838629636
경상남도 김해시 한림면 퇴래리,35.3015383886633,128.792838629636
경상남도 김해시 한림면 퇴래리,35.3015383886633,128.792838629636
경상남도 김해시 한림면 퇴래리,35.3015383886633,128.792838629636
경상남도 김해시 한림면 퇴래리,35.3015383886633,128.792838629636
경상남도 김해시 한림면 퇴래리,35.3015383886633,128.792838629636
경상남도 김해시 한림면 병동리,35.2793159906451,128.796414865742
경상남도 김해시 한림면 병동리,35.2793159906451,128.796414865742
경상남도 김해시 한림면 병동리,35.2793159906451,128.796414865742
경상남도 김해시 한림면 병동리,35.2793159906451,128.796414865742
경상남도 김해시 한림면 병동리,35.2793159906451,128.796414865742
경상남도 김해시 한림면 병동리,35.2793159906451,128.796414865742
경상남도 김해시 한림면 병동리,35.2793159906451,128.796414865742
경상남도 김해시 한림면 병동리,35.2793159906451,128.796414865742
경상남도 김해시 한림면 신천리,35.2772344867397,128.833746957264
경상남도 김해시 한림면 신천리,35.2772344867397,128.833746957264
경상남도 김해시 한림면 신천리,35.2772344867397,128.833746957264
경상남도 김해시 한림면 신천리,35.2772344867397,128.833746957264
경상남도 김해시 한림면 신천리,35.2772344867397,128.833746957264
경상남도 김해시 한림면 신천리,35.2772344867397,128.833746957264
경상남도 김해시 한림면 신천리,35.2772344867397,128.833746957264
경상남도 김해시 한림면 신천리,35.2772344867397,128.833746957264
경상남도 김해시 한림면 용덕리,35.2971220631379,128.826588913056
경상남도 김해시 한림면 용덕리,35.2971220631379,128.826588913056
경상남도 김해시 한림면 용덕리,35.2971220631379,128.826588913056
경상남도 김해시 한림면 용덕리,35.2971220631379,128.826588913056
경상남도 김해시 한림면 용덕리,35.2971220631379,128.826588913056
경상남도 김해시 한림면 용덕리,35.2971220631379,128.826588913056
경상남도 김해시 한림면 용덕리,35.2971220631379,128.826588913056
경상남도 김해시 한림면 용덕리,35.2971220631379,128.826588913056
경상남도 김해시 한림면 용덕리,35.2971220631379,128.826588913056
경상남도 김해시 한림면 용덕리,35.2971220631379,128.826588913056
경상남도 김해시 한림면 용덕리,35.2971220631379,128.826588913056
경상남도 김해시 한림면 용덕리,35.2971220631379,128.826588913056
경상남도 김해시 한림면 용덕리,35.2971220631379,128.826588913056
경상남도 김해시 한림면 용덕리,35.2971220631379,128.826588913056
경상남도 김해시 한림면 용덕리,35.2971220631379,128.826588913056
경상남도 김해시 한림면 용덕리,35.2971220631379,128.826588913056
경상남도 김해시 한림면 용덕리,35.2971220631379,128.826588913056
경상남도 김해시 한림면 용덕리,35.2971220631379,128.826588913056
경상남도 김해시 한림면 안곡리,35.297289031384,128.848335513951
경상남도 김해시 한림면 안곡리,35.297289031384,128.848335513951
경상남도 김해시 한림면 안곡리,35.297289031384,128.848335513951
경상남도 김해시 한림면 안하리,35.3103192534027,128.822751846002
경상남도 김해시 한림면 안하리,35.3103192534027,128.822751846002
경상남도 김해시 한림면 안하리,35.3103192534027,128.822751846002
경상남도 김해시 한림면 안하리,35.3103192534027,128.822751846002
경상남도 김해시 한림면 안하리,35.3103192534027,128.822751846002
경상남도 김해시 한림면 안하리,35.3103192534027,128.822751846002
경상남도 김해시 한림면 안하리,35.3103192534027,128.822751846002
경상남도 김해시 한림면 안하리,35.3103192534027,128.822751846002
경상남도 김해시 한림면 안하리,35.3103192534027,128.822751846002
경상남도 김해시 한림면 안하리,35.3103192534027,128.822751846002
경상남도 김해시 한림면 장방리,35.324704181235,128.791999742795
경상남도 김해시 한림면 장방리,35.324704181235,128.791999742795
경상남도 김해시 한림면 장방리,35.324704181235,128.791999742795
경상남도 김해시 한림면 장방리,35.324704181235,128.791999742795
경상남도 김해시 한림면 장방리,35.324704181235,128.791999742795
경상남도 김해시 한림면 장방리,35.324704181235,128.791999742795
경상남도 김해시 한림면 장방리,35.324704181235,128.791999742795
경상남도 김해시 한림면 장방리,35.324704181235,128.791999742795
경상남도 김해시 한림면 장방리,35.324704181235,128.791999742795
경상남도 김해시 한림면 장방리,35.324704181235,128.791999742795
경상남도 김해시 한림면 장방리,35.324704181235,128.791999742795
경상남도 김해시 한림면 장방리,35.324704181235,128.791999742795
경상남도 김해시 한림면 장방리,35.324704181235,128.791999742795
경상남도 김해시 한림면 장방리,35.324704181235,128.791999742795
경상남도 김해시 한림면 장방리,35.324704181235,128.791999742795
경상남도 김해시 한림면 장방리,35.324704181235,128.791999742795
경상남도 김해시 한림면 장방리,35.324704181235,128.791999742795
경상남도 김해시 한림면 장방리,35.324704181235,128.791999742795
경상남도 김해시 한림면 장방리,35.324704181235,128.791999742795
경상남도 김해시 한림면 장방리,35.324704181235,128.791999742795
경상남도 김해시 한림면 장방리,35.324704181235,128.791999742795
경상남도 김해시 한림면 장방리,35.324704181235,128.791999742795
경상남도 김해시 한림면 장방리,35.324704181235,128.791999742795
경상남도 김해시 한림면 장방리,35.324704181235,128.791999742795
경상남도 김해시 한림면 장방리,35.324704181235,128.791999742795
경상남도 김해시 한림면 시산리,35.3439530374198,128.793247539104
경상남도 김해시 한림면 시산리,35.3439530374198,128.793247539104
경상남도 김해시 한림면 가산리,35.3277974054455,128.757855403738
경상남도 김해시 한림면 가산리,35.3277974054455,128.757855403738
경상남도 김해시 한림면 가산리,35.3277974054455,128.757855403738
경상남도 김해시 한림면 가산리,35.3277974054455,128.757855403738
경상남도 김해시 한림면 금곡리,35.3384571375935,128.821360088938
경상남도 김해시 한림면 금곡리,35.3384571375935,128.821360088938
경상남도 김해시 한림면 금곡리,35.3384571375935,128.821360088938
경상남도 김해시 한림면 금곡리,35.3384571375935,128.821360088938
경상남도 김해시 한림면 금곡리,35.3384571375935,128.821360088938
경상남도 김해시 한림면 금곡리,35.3384571375935,128.821360088938
경상남도 김해시 생림면 ,35.3281454750573,128.849275392053
경상남도 김해시 생림면 ,35.3281454750573,128.849275392053
경상남도 김해시 생림면 ,35.3281454750573,128.849275392053
경상남도 김해시 생림면 ,35.3281454750573,128.849275392053
경상남도 김해시 생림면 ,35.3281454750573,128.849275392053
경상남도 김해시 생림면 ,35.3281454750573,128.849275392053
경상남도 김해시 생림면 ,35.3281454750573,128.849275392053
경상남도 김해시 생림면 ,35.3281454750573,128.849275392053
경상남도 김해시 생림면 ,35.3281454750573,128.849275392053
경상남도 김해시 생림면 ,35.3281454750573,128.849275392053
경상남도 김해시 생림면 ,35.3281454750573,128.849275392053
경상남도 김해시 생림면 ,35.3281454750573,128.849275392053
경상남도 김해시 생림면 ,35.3281454750573,128.849275392053
경상남도 김해시 생림면 ,35.3281454750573,128.849275392053
경상남도 김해시 생림면 ,35.3281454750573,128.849275392053
경상남도 김해시 생림면 ,35.3281454750573,128.849275392053
경상남도 김해시 생림면 ,35.3281454750573,128.849275392053
경상남도 김해시 생림면 ,35.3281454750573,128.849275392053
경상남도 김해시 생림면 ,35.3281454750573,128.849275392053
경상남도 김해시 생림면 ,35.3281454750573,128.849275392053
경상남도 김해시 생림면 ,35.3281454750573,128.849275392053
경상남도 김해시 생림면 ,35.3281454750573,128.849275392053
경상남도 김해시 생림면 ,35.3281454750573,128.849275392053
경상남도 김해시 생림면 ,35.3281454750573,128.849275392053
경상남도 김해시 생림면 ,35.3281454750573,128.849275392053
경상남도 김해시 생림면 ,35.3281454750573,128.849275392053
경상남도 김해시 생림면 ,35.3281454750573,128.849275392053
경상남도 김해시 생림면 나전리,35.2946506539062,128.878490122537
경상남도 김해시 생림면 나전리,35.2946506539062,128.878490122537
경상남도 김해시 생림면 나전리,35.2946506539062,128.878490122537
경상남도 김해시 생림면 나전리,35.2946506539062,128.878490122537
경상남도 김해시 생림면 나전리,35.2946506539062,128.878490122537
경상남도 김해시 생림면 나전리,35.2946506539062,128.878490122537
경상남도 김해시 생림면 사촌리,35.323701917821,128.871223090345
경상남도 김해시 생림면 사촌리,35.323701917821,128.871223090345
경상남도 김해시 생림면 사촌리,35.323701917821,128.871223090345
경상남도 김해시 생림면 사촌리,35.323701917821,128.871223090345
경상남도 김해시 생림면 사촌리,35.323701917821,128.871223090345
경상남도 김해시 생림면 사촌리,35.323701917821,128.871223090345
경상남도 김해시 생림면 사촌리,35.323701917821,128.871223090345
경상남도 김해시 생림면 사촌리,35.323701917821,128.871223090345
경상남도 김해시 생림면 사촌리,35.323701917821,128.871223090345
경상남도 김해시 생림면 봉림리,35.3253132136194,128.854383440152
경상남도 김해시 생림면 봉림리,35.3253132136194,128.854383440152
경상남도 김해시 생림면 봉림리,35.3253132136194,128.854383440152
경상남도 김해시 생림면 봉림리,35.3253132136194,128.854383440152
경상남도 김해시 생림면 봉림리,35.3253132136194,128.854383440152
경상남도 김해시 생림면 봉림리,35.3253132136194,128.854383440152
경상남도 김해시 생림면 봉림리,35.3253132136194,128.854383440152
경상남도 김해시 생림면 봉림리,35.3253132136194,128.854383440152
경상남도 김해시 생림면 봉림리,35.3253132136194,128.854383440152
경상남도 김해시 생림면 봉림리,35.3253132136194,128.854383440152
경상남도 김해시 생림면 봉림리,35.3253132136194,128.854383440152
경상남도 김해시 생림면 봉림리,35.3253132136194,128.854383440152
경상남도 김해시 생림면 생림리,35.3237079318672,128.837940887436
경상남도 김해시 생림면 생림리,35.3237079318672,128.837940887436
경상남도 김해시 생림면 생림리,35.3237079318672,128.837940887436
경상남도 김해시 생림면 마사리,35.3679507257159,128.819698992482
경상남도 김해시 생림면 마사리,35.3679507257159,128.819698992482
경상남도 김해시 생림면 마사리,35.3679507257159,128.819698992482
경상남도 김해시 생림면 마사리,35.3679507257159,128.819698992482
경상남도 김해시 생림면 생철리,35.3571483196953,128.848607764393
경상남도 김해시 생림면 생철리,35.3571483196953,128.848607764393
경상남도 김해시 생림면 생철리,35.3571483196953,128.848607764393
경상남도 김해시 생림면 생철리,35.3571483196953,128.848607764393
경상남도 김해시 생림면 생철리,35.3571483196953,128.848607764393
경상남도 김해시 생림면 생철리,35.3571483196953,128.848607764393
경상남도 김해시 생림면 생철리,35.3571483196953,128.848607764393
경상남도 김해시 생림면 생철리,35.3571483196953,128.848607764393
경상남도 김해시 생림면 생철리,35.3571483196953,128.848607764393
경상남도 김해시 생림면 생철리,35.3571483196953,128.848607764393
경상남도 김해시 생림면 안양리,35.3679255624321,128.85218930979
경상남도 김해시 생림면 안양리,35.3679255624321,128.85218930979
경상남도 김해시 생림면 안양리,35.3679255624321,128.85218930979
경상남도 김해시 생림면 도요리,35.3780912165647,128.864578073589
경상남도 김해시 상동면 ,35.3077287293856,128.930418508836
경상남도 김해시 상동면 ,35.3077287293856,128.930418508836
경상남도 김해시 상동면 ,35.3077287293856,128.930418508836
경상남도 김해시 상동면 ,35.3077287293856,128.930418508836
경상남도 김해시 상동면 ,35.3077287293856,128.930418508836
경상남도 김해시 상동면 ,35.3077287293856,128.930418508836
경상남도 김해시 상동면 ,35.3077287293856,128.930418508836
경상남도 김해시 상동면 ,35.3077287293856,128.930418508836
경상남도 김해시 상동면 ,35.3077287293856,128.930418508836
경상남도 김해시 상동면 ,35.3077287293856,128.930418508836
경상남도 김해시 상동면 ,35.3077287293856,128.930418508836
경상남도 김해시 상동면 ,35.3077287293856,128.930418508836
경상남도 김해시 상동면 ,35.3077287293856,128.930418508836
경상남도 김해시 상동면 ,35.3077287293856,128.930418508836
경상남도 김해시 상동면 ,35.3077287293856,128.930418508836
경상남도 김해시 상동면 ,35.3077287293856,128.930418508836
경상남도 김해시 상동면 ,35.3077287293856,128.930418508836
경상남도 김해시 상동면 ,35.3077287293856,128.930418508836
경상남도 김해시 상동면 ,35.3077287293856,128.930418508836
경상남도 김해시 상동면 ,35.3077287293856,128.930418508836
경상남도 김해시 상동면 ,35.3077287293856,128.930418508836
경상남도 김해시 상동면 ,35.3077287293856,128.930418508836
경상남도 김해시 상동면 ,35.3077287293856,128.930418508836
경상남도 김해시 상동면 ,35.3077287293856,128.930418508836
경상남도 김해시 상동면 ,35.3077287293856,128.930418508836
경상남도 김해시 상동면 ,35.3077287293856,128.930418508836
경상남도 김해시 상동면 ,35.3077287293856,128.930418508836
경상남도 김해시 상동면 ,35.3077287293856,128.930418508836
경상남도 김해시 상동면 ,35.3077287293856,128.930418508836
경상남도 김해시 상동면 ,35.3077287293856,128.930418508836
경상남도 김해시 상동면 ,35.3077287293856,128.930418508836
경상남도 김해시 상동면 ,35.3077287293856,128.930418508836
경상남도 김해시 상동면 ,35.3077287293856,128.930418508836
경상남도 김해시 상동면 ,35.3077287293856,128.930418508836
경상남도 김해시 상동면 ,35.3077287293856,128.930418508836
경상남도 김해시 상동면 ,35.3077287293856,128.930418508836
경상남도 김해시 상동면 ,35.3077287293856,128.930418508836
경상남도 김해시 상동면 ,35.3077287293856,128.930418508836
경상남도 김해시 상동면 ,35.3077287293856,128.930418508836
경상남도 김해시 상동면 ,35.3077287293856,128.930418508836
경상남도 김해시 상동면 ,35.3077287293856,128.930418508836
경상남도 김해시 상동면 ,35.3077287293856,128.930418508836
경상남도 김해시 상동면 ,35.3077287293856,128.930418508836
경상남도 김해시 상동면 ,35.3077287293856,128.930418508836
경상남도 김해시 상동면 ,35.3077287293856,128.930418508836
경상남도 김해시 상동면 ,35.3077287293856,128.930418508836
경상남도 김해시 상동면 ,35.3077287293856,128.930418508836
경상남도 김해시 상동면 대감리,35.2960928496627,128.935154406986
경상남도 김해시 상동면 대감리,35.2960928496627,128.935154406986
경상남도 김해시 상동면 대감리,35.2960928496627,128.935154406986
경상남도 김해시 상동면 대감리,35.2960928496627,128.935154406986
경상남도 김해시 상동면 대감리,35.2960928496627,128.935154406986
경상남도 김해시 상동면 대감리,35.2960928496627,128.935154406986
경상남도 김해시 상동면 대감리,35.2960928496627,128.935154406986
경상남도 김해시 상동면 대감리,35.2960928496627,128.935154406986
경상남도 김해시 상동면 대감리,35.2960928496627,128.935154406986
경상남도 김해시 상동면 대감리,35.2960928496627,128.935154406986
경상남도 김해시 상동면 대감리,35.2960928496627,128.935154406986
경상남도 김해시 상동면 대감리,35.2960928496627,128.935154406986
경상남도 김해시 상동면 매리,35.3067604174089,128.955900182718
경상남도 김해시 상동면 매리,35.3067604174089,128.955900182718
경상남도 김해시 상동면 매리,35.3067604174089,128.955900182718
경상남도 김해시 상동면 매리,35.3067604174089,128.955900182718
경상남도 김해시 상동면 매리,35.3067604174089,128.955900182718
경상남도 김해시 상동면 매리,35.3067604174089,128.955900182718
경상남도 김해시 상동면 매리,35.3067604174089,128.955900182718
경상남도 김해시 상동면 감노리,35.3336508315345,128.928549594977
경상남도 김해시 상동면 감노리,35.3336508315345,128.928549594977
경상남도 김해시 상동면 여차리,35.3436139168641,128.892768644151
경상남도 김해시 상동면 여차리,35.3436139168641,128.892768644151
경상남도 김해시 상동면 여차리,35.3436139168641,128.892768644151
경상남도 김해시 상동면 여차리,35.3436139168641,128.892768644151
경상남도 김해시 상동면 여차리,35.3436139168641,128.892768644151
경상남도 김해시 상동면 여차리,35.3436139168641,128.892768644151
경상남도 김해시 상동면 우계리,35.3094013250901,128.901073988598
경상남도 김해시 상동면 우계리,35.3094013250901,128.901073988598
경상남도 김해시 상동면 우계리,35.3094013250901,128.901073988598
경상남도 김해시 상동면 우계리,35.3094013250901,128.901073988598
경상남도 김해시 상동면 우계리,35.3094013250901,128.901073988598
경상남도 김해시 상동면 우계리,35.3094013250901,128.901073988598
경상남도 김해시 상동면 우계리,35.3094013250901,128.901073988598
경상남도 김해시 상동면 우계리,35.3094013250901,128.901073988598
경상남도 김해시 상동면 묵방리,35.2825455025317,128.914381425999
경상남도 김해시 상동면 묵방리,35.2825455025317,128.914381425999
경상남도 김해시 상동면 묵방리,35.2825455025317,128.914381425999
경상남도 김해시 상동면 묵방리,35.2825455025317,128.914381425999
경상남도 김해시 상동면 묵방리,35.2825455025317,128.914381425999
경상남도 김해시 상동면 묵방리,35.2825455025317,128.914381425999
경상남도 김해시 상동면 묵방리,35.2825455025317,128.914381425999
경상남도 김해시 상동면 묵방리,35.2825455025317,128.914381425999
경상남도 김해시 대동면 ,35.2422910007479,128.98027409024
경상남도 김해시 대동면 ,35.2422910007479,128.98027409024
경상남도 김해시 대동면 ,35.2422910007479,128.98027409024
경상남도 김해시 대동면 ,35.2422910007479,128.98027409024
경상남도 김해시 대동면 ,35.2422910007479,128.98027409024
경상남도 김해시 대동면 ,35.2422910007479,128.98027409024
경상남도 김해시 대동면 ,35.2422910007479,128.98027409024
경상남도 김해시 대동면 ,35.2422910007479,128.98027409024
경상남도 김해시 대동면 ,35.2422910007479,128.98027409024
경상남도 김해시 대동면 ,35.2422910007479,128.98027409024
경상남도 김해시 대동면 ,35.2422910007479,128.98027409024
경상남도 김해시 대동면 ,35.2422910007479,128.98027409024
경상남도 김해시 대동면 ,35.2422910007479,128.98027409024
경상남도 김해시 대동면 ,35.2422910007479,128.98027409024
경상남도 김해시 대동면 ,35.2422910007479,128.98027409024
경상남도 김해시 대동면 수안리,35.2319876635334,128.93421900985
경상남도 김해시 대동면 수안리,35.2319876635334,128.93421900985
경상남도 김해시 대동면 수안리,35.2319876635334,128.93421900985
경상남도 김해시 대동면 수안리,35.2319876635334,128.93421900985
경상남도 김해시 대동면 수안리,35.2319876635334,128.93421900985
경상남도 김해시 대동면 주중리,35.2345174463467,128.941690842149
경상남도 김해시 대동면 주중리,35.2345174463467,128.941690842149
경상남도 김해시 대동면 주중리,35.2345174463467,128.941690842149
경상남도 김해시 대동면 주중리,35.2345174463467,128.941690842149
경상남도 김해시 대동면 주동리,35.2528536030019,128.943543159744
경상남도 김해시 대동면 예안리,35.2524583997376,128.958659294714
경상남도 김해시 대동면 예안리,35.2524583997376,128.958659294714
경상남도 김해시 대동면 예안리,35.2524583997376,128.958659294714
경상남도 김해시 대동면 예안리,35.2524583997376,128.958659294714
경상남도 김해시 대동면 예안리,35.2524583997376,128.958659294714
경상남도 김해시 대동면 예안리,35.2524583997376,128.958659294714
경상남도 김해시 대동면 예안리,35.2524583997376,128.958659294714
경상남도 김해시 대동면 예안리,35.2524583997376,128.958659294714
경상남도 김해시 대동면 예안리,35.2524583997376,128.958659294714
경상남도 김해시 대동면 예안리,35.2524583997376,128.958659294714
경상남도 김해시 대동면 예안리,35.2524583997376,128.958659294714
경상남도 김해시 대동면 예안리,35.2524583997376,128.958659294714
경상남도 김해시 대동면 초정리,35.2420184683147,128.983707825017
경상남도 김해시 대동면 초정리,35.2420184683147,128.983707825017
경상남도 김해시 대동면 초정리,35.2420184683147,128.983707825017
경상남도 김해시 대동면 초정리,35.2420184683147,128.983707825017
경상남도 김해시 대동면 초정리,35.2420184683147,128.983707825017
경상남도 김해시 대동면 초정리,35.2420184683147,128.983707825017
경상남도 김해시 대동면 초정리,35.2420184683147,128.983707825017
경상남도 김해시 대동면 초정리,35.2420184683147,128.983707825017
경상남도 김해시 대동면 초정리,35.2420184683147,128.983707825017
경상남도 김해시 대동면 초정리,35.2420184683147,128.983707825017
경상남도 김해시 대동면 초정리,35.2420184683147,128.983707825017
경상남도 김해시 대동면 초정리,35.2420184683147,128.983707825017
경상남도 김해시 대동면 초정리,35.2420184683147,128.983707825017
경상남도 김해시 대동면 괴정리,35.256212777433,128.980458970045
경상남도 김해시 대동면 괴정리,35.256212777433,128.980458970045
경상남도 김해시 대동면 괴정리,35.256212777433,128.980458970045
경상남도 김해시 대동면 괴정리,35.256212777433,128.980458970045
경상남도 김해시 대동면 괴정리,35.256212777433,128.980458970045
경상남도 김해시 대동면 괴정리,35.256212777433,128.980458970045
경상남도 김해시 대동면 괴정리,35.256212777433,128.980458970045
경상남도 김해시 대동면 괴정리,35.256212777433,128.980458970045
경상남도 김해시 대동면 대감리,35.2680165616379,128.977243295663
경상남도 김해시 대동면 대감리,35.2680165616379,128.977243295663
경상남도 김해시 대동면 대감리,35.2680165616379,128.977243295663
경상남도 김해시 대동면 대감리,35.2680165616379,128.977243295663
경상남도 김해시 대동면 대감리,35.2680165616379,128.977243295663
경상남도 김해시 대동면 대감리,35.2680165616379,128.977243295663
경상남도 김해시 대동면 대감리,35.2680165616379,128.977243295663
경상남도 김해시 대동면 대감리,35.2680165616379,128.977243295663
경상남도 김해시 대동면 대감리,35.2680165616379,128.977243295663
경상남도 김해시 대동면 대감리,35.2680165616379,128.977243295663
경상남도 김해시 대동면 덕산리,35.2926501608713,128.975292389065
경상남도 김해시 대동면 덕산리,35.2926501608713,128.975292389065
경상남도 김해시 대동면 덕산리,35.2926501608713,128.975292389065
경상남도 김해시 대동면 덕산리,35.2926501608713,128.975292389065
경상남도 김해시 대동면 덕산리,35.2926501608713,128.975292389065
경상남도 김해시 대동면 덕산리,35.2926501608713,128.975292389065
경상남도 김해시 대동면 덕산리,35.2926501608713,128.975292389065
경상남도 김해시 대동면 덕산리,35.2926501608713,128.975292389065
경상남도 김해시 대동면 월촌리,35.2809044189092,129.00018243749
경상남도 김해시 대동면 월촌리,35.2809044189092,129.00018243749
경상남도 김해시 대동면 월촌리,35.2809044189092,129.00018243749
경상남도 김해시 대동면 월촌리,35.2809044189092,129.00018243749
경상남도 김해시 대동면 조눌리,35.2561531811238,129.002034896015
경상남도 김해시 대동면 조눌리,35.2561531811238,129.002034896015
경상남도 김해시 대동면 조눌리,35.2561531811238,129.002034896015
경상남도 김해시 대동면 조눌리,35.2561531811238,129.002034896015
경상남도 김해시 대동면 조눌리,35.2561531811238,129.002034896015
경상남도 김해시 대동면 조눌리,35.2561531811238,129.002034896015
경상남도 김해시 대동면 조눌리,35.2561531811238,129.002034896015
경상남도 김해시 대동면 조눌리,35.2561531811238,129.002034896015
경상남도 김해시 대동면 조눌리,35.2561531811238,129.002034896015
경상남도 김해시 대동면 조눌리,35.2561531811238,129.002034896015
