건물용도코드,건물종류,건물일련번호,가점척도,경도,위도
16001,주차장,127619,2,128.8401406,35.20869177
16001,주차장,124718,2,128.8834841,35.23393281
16001,주차장,112091,2,128.8635231,35.22724406
2001,아파트,119771,2,128.883418,35.22694372
2001,아파트,119772,2,128.8839087,35.22698258
2001,아파트,119254,2,128.718557,35.30540394
2001,아파트,119255,2,128.7190506,35.30556364
2001,아파트,119256,2,128.7194533,35.30530429
2001,아파트,119253,2,128.7186089,35.30580184
2001,아파트,119257,2,128.7197098,35.30552664
2001,아파트,119258,2,128.7191438,35.30524357
16001,주차장,116411,2,128.8680337,35.2377076
2001,아파트,112100,2,128.7463286,35.30263183
2001,아파트,188040,2,128.8212826,35.18464198
2001,아파트,117431,2,128.8486309,35.32845367
2001,아파트,117432,2,128.8488727,35.3283971
2001,아파트,112099,2,128.7466554,35.30258785
16001,주차장,190578,2,128.842775,35.22831013
16001,주차장,190598,2,128.842675,35.22839928
2001,아파트,165718,2,128.8614226,35.2733396
2001,아파트,118021,2,128.7389202,35.30757076
2001,아파트,123462,2,128.8280996,35.16245077
2001,아파트,123464,2,128.8262702,35.16298531
2001,아파트,123466,2,128.8262753,35.16363103
2001,아파트,123461,2,128.8280368,35.16314171
2001,아파트,123469,2,128.8283635,35.16308895
2001,아파트,123468,2,128.8274611,35.16330683
2001,아파트,123465,2,128.8256003,35.16315962
2001,아파트,118032,2,128.9214245,35.23667499
16001,주차장,155878,2,128.9015323,35.28348277
2001,아파트,151298,2,128.8663274,35.24740378
2001,아파트,115180,2,128.8241474,35.20465246
2001,아파트,115181,2,128.8245858,35.2047144
2001,아파트,115182,2,128.8250706,35.2047862
2001,아파트,115183,2,128.8258149,35.2048937
2001,아파트,115184,2,128.8243142,35.20408717
2001,아파트,115185,2,128.8248879,35.20410403
2001,아파트,115186,2,128.8253178,35.2042889
2001,아파트,115187,2,128.8260153,35.20434984
2001,아파트,115188,2,128.8244812,35.20374324
2001,아파트,115189,2,128.825176,35.20359144
2001,아파트,115190,2,128.8253769,35.20385641
2001,아파트,115191,2,128.8261708,35.20400491
2001,아파트,115192,2,128.8261208,35.20363275
2001,아파트,126820,2,128.852313,35.23007958
2001,아파트,162458,2,128.8451205,35.23057059
2001,아파트,162499,2,128.8460675,35.23116604
2001,아파트,162500,2,128.845437,35.23062554
2001,아파트,162501,2,128.845762,35.23158182
2001,아파트,120346,2,128.7203533,35.31012665
2001,아파트,120347,2,128.7209267,35.31019602
2001,아파트,120348,2,128.7217333,35.31040065
15001,주유소,119405,2,128.8557283,35.27029322
15001,주유소,119406,2,128.8559318,35.27032407
15001,주유소,119404,2,128.8558553,35.27021376
16001,주차장,183578,2,128.7486522,35.31664193
2001,아파트,120451,2,128.8471614,35.23331074
2001,아파트,120452,2,128.8475191,35.23312418
2001,아파트,120453,2,128.8480174,35.23298222
2001,아파트,120454,2,128.8483392,35.23274256
2001,아파트,120455,2,128.8480139,35.23226878
2001,아파트,120456,2,128.8476819,35.23249781
2001,아파트,120457,2,128.846881,35.23286887
2001,아파트,120458,2,128.8465535,35.23239699
2001,아파트,120459,2,128.8468812,35.23216732
2001,아파트,120460,2,128.8473679,35.23204003
2001,아파트,120461,2,128.8471861,35.23165641
2001,아파트,120462,2,128.8467111,35.23164638
2001,아파트,120463,2,128.8462395,35.23193921
2001,아파트,115760,2,128.9065863,35.24604515
16001,주차장,188238,2,128.905323,35.24763083
16001,주차장,115284,2,128.9037681,35.25732936
2001,아파트,115331,2,128.8132737,35.17886027
2001,아파트,115332,2,128.8138161,35.17896359
2001,아파트,115333,2,128.8142264,35.17890797
2001,아파트,115334,2,128.8147254,35.17896564
2001,아파트,115335,2,128.8132814,35.17825401
2001,아파트,115336,2,128.8138374,35.17833725
2001,아파트,115337,2,128.8142784,35.1782599
2001,아파트,115338,2,128.8147779,35.17831671
2001,아파트,115339,2,128.8153598,35.1782091
2001,아파트,115340,2,128.8148367,35.17786752
2001,아파트,115341,2,128.813355,35.17852372
2001,아파트,115342,2,128.815269,35.17796634
2001,아파트,115343,2,128.814214,35.17852486
2001,아파트,115344,2,128.8131012,35.17858607
2001,아파트,115345,2,128.8151568,35.17873314
2001,아파트,115346,2,128.8151435,35.17853001
2001,아파트,131438,2,128.8209691,35.20018799
2001,아파트,115321,2,128.8851083,35.23616854
16001,주차장,125800,2,128.85324,35.22140767
16001,주차장,115777,2,128.8273117,35.21267393
16001,주차장,124100,2,128.9209868,35.22492355
2001,아파트,188188,2,128.8625753,35.27549147
16001,주차장,121517,2,128.8525136,35.18456124
2001,아파트,115418,2,128.8168641,35.20227284
2001,아파트,115419,2,128.8174297,35.20253909
2001,아파트,115420,2,128.817929,35.20271057
2001,아파트,115421,2,128.8181508,35.20238915
2001,아파트,115429,2,128.8191756,35.20229924
2001,아파트,115432,2,128.8190443,35.20264375
2001,아파트,115425,2,128.8193475,35.20193533
2001,아파트,115427,2,128.8200034,35.20221329
2001,아파트,115428,2,128.8198441,35.20258272
2001,아파트,115433,2,128.8195874,35.20300487
2001,아파트,115434,2,128.8187678,35.2031202
2001,아파트,115435,2,128.8191392,35.20307712
2001,아파트,115436,2,128.8193275,35.20329454
2001,아파트,121438,2,128.8160443,35.19624944
2001,아파트,121439,2,128.8156917,35.1959456
2001,아파트,121440,2,128.8165407,35.19607451
2001,아파트,121441,2,128.8164665,35.19555744
2001,아파트,121442,2,128.8160086,35.19549181
2001,아파트,121443,2,128.8170948,35.19504639
2001,아파트,121444,2,128.8164683,35.19509845
2001,아파트,121445,2,128.8169571,35.19558117
2001,아파트,188042,2,128.8231411,35.18363536
7107,병원,115943,2,128.8932209,35.23041356
15001,주유소,115945,2,128.7629441,35.27381812
16001,주차장,123205,2,128.881317,35.23283568
2001,아파트,123244,2,128.9281732,35.22483416
15001,주유소,169498,2,128.8821356,35.24367609
2001,아파트,120349,2,128.7222078,35.31062126
2001,아파트,120350,2,128.7202294,35.30949504
2001,아파트,120351,2,128.7210198,35.30952972
2001,아파트,120352,2,128.7218409,35.30969498
2001,아파트,120353,2,128.7224831,35.30996841
2001,아파트,120354,2,128.7201604,35.30886969
2001,아파트,120355,2,128.7209486,35.3088517
2001,아파트,120356,2,128.7218049,35.30877096
2001,아파트,120357,2,128.7224434,35.30907947
2001,아파트,120358,2,128.7230725,35.30943002
2001,아파트,116671,2,128.8766717,35.22529143
2001,아파트,116672,2,128.8767539,35.22495662
2001,아파트,116673,2,128.876837,35.2246055
2001,아파트,116674,2,128.8769131,35.22423396
2001,아파트,116675,2,128.8759726,35.2240349
2001,아파트,116676,2,128.8759365,35.22442867
2001,아파트,116677,2,128.875886,35.22483162
2001,아파트,116678,2,128.8758081,35.22519399
2001,아파트,116681,2,128.8768673,35.22525068
2001,아파트,116682,2,128.8757032,35.22465408
2001,아파트,120359,2,128.7200753,35.30807683
2001,아파트,120360,2,128.720881,35.30797015
2001,아파트,120361,2,128.7218089,35.3079584
2001,아파트,120362,2,128.7225921,35.30815057
2001,아파트,120363,2,128.723189,35.30857999
2001,아파트,126815,2,128.8518747,35.22916644
2001,아파트,126816,2,128.8517827,35.2296033
2001,아파트,126819,2,128.8521624,35.22938451
15001,주유소,177338,2,128.8638837,35.26401921
15001,주유소,177358,2,128.8641239,35.26362202
2001,아파트,117701,2,128.8173101,35.17896207
2001,아파트,117702,2,128.8179292,35.17912495
2001,아파트,117703,2,128.8185607,35.17926978
2001,아파트,117704,2,128.8179977,35.17887823
16001,주차장,127259,2,128.8245718,35.16510221
2001,아파트,180147,2,128.9107196,35.23833772
2001,아파트,180148,2,128.9114544,35.2384534
2001,아파트,180145,2,128.9105036,35.23736256
2001,아파트,180143,2,128.9112925,35.23740644
2001,아파트,180146,2,128.9104648,35.23780564
2001,아파트,180158,2,128.9120558,35.23857755
16001,주차장,120439,2,128.8013765,35.17675649
2001,아파트,120377,2,128.8280433,35.16705222
2001,아파트,120378,2,128.8285987,35.16654812
2001,아파트,120379,2,128.8290947,35.16606631
15001,주유소,116971,2,128.8717911,35.29405615
15001,주유소,116972,2,128.8716698,35.29432217
15001,주유소,116973,2,128.871563,35.29391412
2001,아파트,120364,2,128.7236825,35.30911135
16001,주차장,116686,2,128.7295845,35.31252189
2001,아파트,121260,2,128.8248369,35.16342905
2001,아파트,121259,2,128.8241159,35.16370646
2001,아파트,121263,2,128.8247162,35.16402338
2001,아파트,121264,2,128.8242032,35.16392742
2001,아파트,121261,2,128.8257412,35.16424188
2001,아파트,121262,2,128.8250931,35.16431307
2001,아파트,172438,2,128.8119213,35.19265508
2001,아파트,172439,2,128.8120778,35.19306078
2001,아파트,172458,2,128.8129045,35.19304498
2001,아파트,172478,2,128.8133335,35.19277148
2001,아파트,172518,2,128.8123783,35.19212748
16001,주차장,164118,2,128.868047,35.23722892
2001,아파트,118153,2,128.7399454,35.30333407
2001,아파트,118154,2,128.7395021,35.30329056
2001,아파트,118155,2,128.7401532,35.30363634
2001,아파트,118152,2,128.7395953,35.30388428
2001,아파트,118156,2,128.7402437,35.30381584
15001,주유소,122458,2,128.8665583,35.25492785
2001,아파트,162498,2,128.8456928,35.23134076
16001,주차장,191578,2,128.9962277,35.27688863
2001,아파트,136899,2,128.8368378,35.23059263
2001,아파트,136900,2,128.8362879,35.23078709
15001,주유소,126598,2,128.8522746,35.32475676
2001,아파트,121238,2,128.8268845,35.17018091
2001,아파트,121239,2,128.8263105,35.17070353
2001,아파트,121240,2,128.825437,35.17073887
2001,아파트,121242,2,128.8249136,35.16950228
2001,아파트,121243,2,128.8256715,35.16962376
2001,아파트,121244,2,128.8259455,35.16900068
2001,아파트,121245,2,128.826651,35.16953973
2001,아파트,121248,2,128.8263841,35.16890938
2001,아파트,121249,2,128.8266738,35.16914943
2001,아파트,121250,2,128.8258163,35.17027059
16001,주차장,128840,2,128.9360568,35.22817568
16001,주차장,128841,2,128.9367381,35.22800915
2001,아파트,130238,2,128.8620525,35.26841723
2001,아파트,188187,2,128.8627188,35.27564041
2001,아파트,188189,2,128.862547,35.27532153
2001,아파트,131798,2,128.7195436,35.302445
2001,아파트,131799,2,128.7203732,35.30339134
2001,아파트,188182,2,128.8619049,35.27581836
2001,아파트,188183,2,128.861937,35.27601344
2001,아파트,188185,2,128.862657,35.27567187
2001,아파트,188186,2,128.8627237,35.27576889
2001,아파트,188181,2,128.8616417,35.27598259
2001,아파트,188184,2,128.8623144,35.27565521
16001,주차장,132018,2,128.7725137,35.27258524
2001,아파트,120799,2,128.8367595,35.23681185
2001,아파트,120800,2,128.8359114,35.23684594
2001,아파트,120801,2,128.8351918,35.23681504
2001,아파트,120802,2,128.8373471,35.23615042
2001,아파트,120803,2,128.8368919,35.23599855
2001,아파트,120804,2,128.836155,35.23603635
2001,아파트,120805,2,128.8355824,35.23602325
2001,아파트,120806,2,128.8374015,35.23532332
2001,아파트,120807,2,128.8369438,35.23516795
2001,아파트,120808,2,128.8362335,35.23518632
2001,아파트,120809,2,128.8356446,35.23516201
2001,아파트,120810,2,128.8374564,35.23447483
2001,아파트,120798,2,128.8373563,35.23671105
2001,아파트,120811,2,128.8369761,35.23431506
2001,아파트,120812,2,128.8362867,35.23433355
2001,아파트,120813,2,128.8356999,35.23431257
2001,아파트,120814,2,128.8350879,35.23425603
2001,아파트,120815,2,128.8345031,35.23416885
2001,아파트,120816,2,128.837743,35.23483971
2001,아파트,120817,2,128.8364385,35.23349689
2001,아파트,120819,2,128.8358423,35.23348877
2001,아파트,120820,2,128.8351968,35.23344218
2001,아파트,120821,2,128.8345548,35.23342249
2001,아파트,120824,2,128.8365016,35.23273312
2001,아파트,120825,2,128.8358974,35.23264565
2001,아파트,120826,2,128.8352554,35.23257679
2001,아파트,120827,2,128.8346733,35.23251857
2001,아파트,120828,2,128.8365553,35.23189028
2001,아파트,120829,2,128.8359518,35.23180204
2001,아파트,120830,2,128.8353138,35.23175102
2001,아파트,120831,2,128.8347098,35.23157602
2001,아파트,120832,2,128.835779,35.23086273
2001,아파트,120833,2,128.8353958,35.23112316
15001,주유소,169158,2,128.8816068,35.22674386
2001,아파트,181718,2,128.8170673,35.21101607
2001,아파트,181658,2,128.8164426,35.21166646
2001,아파트,181758,2,128.8163731,35.21092398
2001,아파트,181618,2,128.8164448,35.21245173
2001,아파트,181778,2,128.8163322,35.21157089
2001,아파트,181818,2,128.8179423,35.2110996
2001,아파트,181798,2,128.8172448,35.21195367
2001,아파트,181838,2,128.8175494,35.21158071
2001,아파트,181858,2,128.8169793,35.21226596
2001,아파트,181738,2,128.8176303,35.21106267
2001,아파트,117914,2,128.9090081,35.2433223
2001,아파트,130298,2,128.8611257,35.26926936
2001,아파트,130318,2,128.862049,35.26816114
2001,아파트,130258,2,128.8617666,35.26891363
2001,아파트,130278,2,128.8616236,35.26931027
2001,아파트,151259,2,128.867275,35.24760826
2001,아파트,151260,2,128.8670697,35.24719285
2001,아파트,151358,2,128.8656154,35.24733608
2001,아파트,151378,2,128.8647919,35.24821461
2001,아파트,126814,2,128.8514244,35.2294157
2001,아파트,126817,2,128.8519084,35.22995093
16001,주차장,156998,2,128.8440494,35.21193755
16001,주차장,180938,2,128.876512,35.25900146
15001,주유소,169478,2,128.8818585,35.24374583
2001,아파트,165738,2,128.8608675,35.27332967
2001,아파트,165778,2,128.8603473,35.27337392
2001,아파트,165798,2,128.8601238,35.2737564
2001,아파트,165818,2,128.859977,35.27428076
2001,아파트,118014,2,128.7396566,35.30732824
2001,아파트,118015,2,128.7404318,35.30745289
2001,아파트,118016,2,128.7404003,35.30695978
2001,아파트,118017,2,128.7403244,35.30650878
2001,아파트,118018,2,128.7395672,35.30657843
16001,주차장,120600,2,128.7382085,35.31354674
2001,아파트,180142,2,128.9120021,35.23740768
2001,아파트,181678,2,128.817143,35.21171843
2001,아파트,181578,2,128.8156625,35.21109897
2001,아파트,181698,2,128.8164437,35.21102218
2001,아파트,181558,2,128.8156439,35.21172682
2001,아파트,181598,2,128.8156437,35.21245169
2001,아파트,181638,2,128.8155931,35.21311986
2001,아파트,118798,2,128.8857973,35.2393558
16001,주차장,124360,2,128.8290327,35.36673775
15001,주유소,119671,2,128.8882894,35.21608004
16001,주차장,118864,2,128.7256781,35.31214711
2001,아파트,118844,2,128.9050957,35.24295279
2001,아파트,1691,2,128.7384397,35.30559983
2001,아파트,1692,2,128.7383908,35.30511258
2001,아파트,1693,2,128.7383931,35.3045899
2001,아파트,1694,2,128.7383283,35.30410929
2001,아파트,1695,2,128.7400687,35.30544914
2001,아파트,1696,2,128.7400121,35.30496115
2001,아파트,1697,2,128.7399063,35.30450343
2001,아파트,1698,2,128.7394217,35.30540838
2001,아파트,1699,2,128.7390032,35.30501454
2001,아파트,1700,2,128.7392424,35.30442682
15001,주유소,105,2,128.8657741,35.24386793
15001,주유소,106,2,128.8659737,35.24383231
7107,병원,107,2,128.8585456,35.23799224
15001,주유소,297,2,128.8506285,35.23042193
15001,주유소,298,2,128.8507928,35.23052991
15001,주유소,299,2,128.8508326,35.23070076
15001,주유소,300,2,128.8509841,35.23046255
15001,주유소,301,2,128.8509111,35.23027842
2001,아파트,311,2,128.8487907,35.22889975
15001,주유소,1363,2,128.9247926,35.22669861
15001,주유소,1364,2,128.9249013,35.22658387
15001,주유소,1365,2,128.9249442,35.22668096
15001,주유소,1722,2,128.7615429,35.29777032
15001,주유소,1723,2,128.7613806,35.29774631
15001,주유소,2035,2,128.7968612,35.29471751
15001,주유소,2036,2,128.7967498,35.29454759
15001,주유소,2037,2,128.7968664,35.29436127
15001,주유소,2038,2,128.7967286,35.2944697
15001,주유소,1724,2,128.7616079,35.29782757
15001,주유소,1739,2,128.7529495,35.30377553
15001,주유소,1740,2,128.7530687,35.30384224
15001,주유소,1741,2,128.7531975,35.30366789
15001,주유소,1742,2,128.753359,35.30371496
7107,병원,148,2,128.8613146,35.23962794
7107,병원,149,2,128.8614605,35.23960098
15001,주유소,682,2,128.8815481,35.22659941
15001,주유소,683,2,128.8812786,35.22663042
15001,주유소,1743,2,128.7532873,35.30363564
15001,주유소,1744,2,128.7536272,35.30326233
15001,주유소,1752,2,128.7527177,35.30501915
15001,주유소,1753,2,128.7525752,35.30497638
15001,주유소,1754,2,128.7528168,35.30497813
15001,주유소,2095,2,128.7848107,35.2928993
15001,주유소,2096,2,128.7848379,35.29301845
15001,주유소,366,2,128.8485889,35.22449409
15001,주유소,367,2,128.8487013,35.22438155
15001,주유소,368,2,128.8486465,35.22418583
7107,병원,703,2,128.8872573,35.22716998
7107,병원,704,2,128.8869278,35.22725164
7107,병원,1027,2,128.8980323,35.22813814
7107,병원,1036,2,128.8958779,35.22794044
15001,주유소,396,2,128.8469125,35.21851935
15001,주유소,1466,2,128.7097258,35.29935664
15001,주유소,1467,2,128.7096853,35.29941158
15001,주유소,1468,2,128.7096166,35.29924049
15001,주유소,1469,2,128.7095682,35.29946322
15001,주유소,1787,2,128.7705111,35.29665159
15001,주유소,1789,2,128.7704747,35.29658186
15001,주유소,404,2,128.8473858,35.21726017
15001,주유소,405,2,128.8472463,35.21711141
15001,주유소,410,2,128.8461178,35.21708992
15001,주유소,411,2,128.8462781,35.21690845
15001,주유소,417,2,128.8442877,35.20808058
15001,주유소,418,2,128.8442231,35.20810493
15001,주유소,419,2,128.8440932,35.20820852
15001,주유소,438,2,128.8459101,35.21242062
15001,주유소,443,2,128.8453265,35.21059203
15001,주유소,444,2,128.84563,35.21046225
15001,주유소,1085,2,128.9046038,35.22875454
15001,주유소,1086,2,128.9046208,35.22862715
15001,주유소,1098,2,128.9164807,35.22926258
15001,주유소,1099,2,128.9164724,35.22937419
15001,주유소,1100,2,128.9167815,35.22936868
15001,주유소,1511,2,128.7077877,35.29431338
15001,주유소,1512,2,128.7077744,35.29437605
15001,주유소,1513,2,128.7078542,35.29415198
15001,주유소,1514,2,128.70768,35.29419619
15001,주유소,2184,2,128.8276091,35.27789822
15001,주유소,2185,2,128.8273425,35.2779116
15001,주유소,2186,2,128.8275185,35.27796743
15001,주유소,806,2,128.8650932,35.25789715
15001,주유소,807,2,128.8652747,35.2578406
2001,아파트,856,2,128.8630963,35.26358112
2001,아파트,857,2,128.8629106,35.26273944
2001,아파트,858,2,128.8632293,35.2630628
2001,아파트,859,2,128.8637563,35.26273105
2001,아파트,860,2,128.8636749,35.26226343
15001,주유소,1171,2,128.9164975,35.22849803
15001,주유소,1172,2,128.9163925,35.22881606
15001,주유소,1173,2,128.9164191,35.22867116
15001,주유소,1920,2,128.8173399,35.28420036
15001,주유소,531,2,128.8293432,35.2065275
15001,주유소,532,2,128.8294345,35.2065456
15001,주유소,545,2,128.8133619,35.20064568
15001,주유소,546,2,128.8134296,35.20061259
15001,주유소,547,2,128.8134657,35.20062039
2001,아파트,861,2,128.8627519,35.2633045
2001,아파트,862,2,128.8629868,35.26224776
15001,주유소,2262,2,128.8667088,35.28457258
15001,주유소,2263,2,128.866637,35.28429746
15001,주유소,2264,2,128.8666196,35.28414295
15001,주유소,2265,2,128.8666827,35.28394332
7107,병원,221,2,128.8519581,35.23269031
15001,주유소,561,2,128.7778768,35.18133423
15001,주유소,562,2,128.7778654,35.18147208
15001,주유소,906,2,128.8563651,35.27033533
15001,주유소,1298,2,128.9237768,35.22703849
15001,주유소,1619,2,128.7091785,35.29991268
15001,주유소,1620,2,128.7091525,35.30003995
15001,주유소,1621,2,128.7089616,35.29991451
15001,주유소,1954,2,128.8087848,35.29413433
15001,주유소,1955,2,128.8086879,35.29404697
15001,주유소,907,2,128.8564171,35.27021835
2001,아파트,946,2,128.8628883,35.26147274
2001,아파트,947,2,128.8634008,35.26139023
2001,아파트,948,2,128.8637065,35.25990029
2001,아파트,949,2,128.8630164,35.26063463
2001,아파트,950,2,128.8642781,35.25991628
2001,아파트,955,2,128.8644242,35.26034645
2001,아파트,956,2,128.863593,35.26064701
2001,아파트,957,2,128.8641586,35.26075033
2001,아파트,958,2,128.8639488,35.2613422
2001,아파트,959,2,128.8641616,35.26184179
2001,아파트,960,2,128.8631292,35.25988568
15001,주유소,1347,2,128.9271973,35.22356085
15001,주유소,1348,2,128.9270211,35.22356516
15001,주유소,1349,2,128.9262925,35.22480378
15001,주유소,1350,2,128.9261252,35.22496559
15001,주유소,16222,2,128.8077662,35.30473209
15001,주유소,16223,2,128.8078926,35.30453438
15001,주유소,16562,2,128.8000384,35.32333344
15001,주유소,16563,2,128.8000716,35.32325152
15001,주유소,16564,2,128.8001135,35.32341144
6310,복합유통.제공업소,16601,2,128.8016847,35.32307799
15001,주유소,16685,2,128.7816533,35.33919076
15001,주유소,16686,2,128.7816618,35.33901512
15001,주유소,16687,2,128.7815852,35.33912951
15001,주유소,16389,2,128.8077178,35.3116509
15001,주유소,16390,2,128.8076402,35.31148041
2001,아파트,15785,2,128.8509399,35.23544167
2001,아파트,15786,2,128.851495,35.23463657
2001,아파트,15787,2,128.8511092,35.23526455
2001,아파트,15788,2,128.8512898,35.2350946
2001,아파트,15789,2,128.8514751,35.23492654
2001,아파트,15792,2,128.851973,35.23589903
2001,아파트,15793,2,128.8521567,35.2357306
2001,아파트,15794,2,128.8523827,35.23558244
2001,아파트,15796,2,128.8517576,35.23604366
2001,아파트,16138,2,128.7372009,35.30068902
2001,아파트,16140,2,128.7369106,35.29882595
2001,아파트,16141,2,128.7368166,35.29833452
2001,아파트,16142,2,128.7363461,35.29835984
2001,아파트,16143,2,128.7362794,35.29791345
2001,아파트,16144,2,128.7367369,35.29782726
2001,아파트,7630,2,128.8645684,35.23121407
2001,아파트,7633,2,128.863752,35.23059514
2001,아파트,7634,2,128.8629149,35.23070691
2001,아파트,7635,2,128.8634054,35.23031154
2001,아파트,7636,2,128.8628933,35.23118159
2001,아파트,7637,2,128.8637483,35.23107392
7107,병원,8462,2,128.9108044,35.24817012
15001,주유소,9510,2,128.754172,35.26767413
15001,주유소,9511,2,128.7540719,35.2678299
2001,아파트,3432,2,128.8698336,35.23789322
2001,아파트,3433,2,128.8699524,35.2383947
2001,아파트,3443,2,128.8684372,35.23540937
2001,아파트,5299,2,128.7983262,35.19627522
2001,아파트,5300,2,128.7977199,35.19640972
2001,아파트,5301,2,128.797968,35.19583323
2001,아파트,5302,2,128.796771,35.19574168
2001,아파트,5303,2,128.7969503,35.19534739
2001,아파트,5304,2,128.7965666,35.19615618
2001,아파트,5983,2,128.7954829,35.18405825
2001,아파트,7236,2,128.8016639,35.20914682
2001,아파트,7243,2,128.7976998,35.2057229
2001,아파트,7244,2,128.7975757,35.20536617
2001,아파트,7247,2,128.798448,35.20562471
2001,아파트,7248,2,128.7985462,35.20604908
2001,아파트,7642,2,128.8652926,35.23162468
2001,아파트,7643,2,128.8651962,35.23113273
2001,아파트,7645,2,128.8656916,35.23132048
2001,아파트,7646,2,128.8655995,35.23084265
2001,아파트,7647,2,128.865136,35.23066412
2001,아파트,7648,2,128.8655098,35.23037727
15001,주유소,7965,2,128.9211741,35.23486954
15001,주유소,7966,2,128.9209938,35.23501525
2001,아파트,8189,2,128.8704671,35.25775097
2001,아파트,8191,2,128.870357,35.25840596
2001,아파트,8472,2,128.9123037,35.2488261
2001,아파트,8473,2,128.9122482,35.24926025
2001,아파트,8474,2,128.9123258,35.24794401
2001,아파트,8475,2,128.9124493,35.24841356
2001,아파트,8477,2,128.912721,35.24871938
2001,아파트,8483,2,128.9116487,35.2481985
2001,아파트,8484,2,128.9114415,35.24859373
2001,아파트,8485,2,128.9113139,35.24900896
2001,아파트,3444,2,128.8694167,35.23528419
2001,아파트,3445,2,128.8695634,35.23574446
2001,아파트,3446,2,128.8698459,35.23618958
2001,아파트,3447,2,128.8697318,35.23607239
2001,아파트,3448,2,128.8693987,35.23543894
2001,아파트,3449,2,128.8695474,35.23562267
2001,아파트,3451,2,128.8685549,35.23635809
2001,아파트,3452,2,128.8685018,35.23613526
2001,아파트,3453,2,128.8684628,35.23588534
2001,아파트,3454,2,128.8684883,35.23563419
2001,아파트,3455,2,128.8684184,35.23575675
2001,아파트,4448,2,128.869602,35.2402514
2001,아파트,4449,2,128.86925,35.23995247
2001,아파트,4450,2,128.8697311,35.24071482
2001,아파트,5984,2,128.7953911,35.18358235
2001,아파트,5986,2,128.7964304,35.18409686
2001,아파트,5987,2,128.7966823,35.18357337
2001,아파트,5989,2,128.7961593,35.18370462
2001,아파트,5990,2,128.7957322,35.18326203
2001,아파트,7249,2,128.7978729,35.20574253
2001,아파트,7252,2,128.7983597,35.20517125
2001,아파트,7253,2,128.7991426,35.20572886
2001,아파트,7255,2,128.7978405,35.20519215
2001,아파트,7649,2,128.8649358,35.23021186
2001,아파트,8192,2,128.8703134,35.25903407
2001,아파트,8193,2,128.8702595,35.25966154
2001,아파트,8194,2,128.8695284,35.25944805
2001,아파트,8195,2,128.868031,35.25878731
2001,아파트,8196,2,128.8678417,35.25935527
2001,아파트,8197,2,128.8688091,35.25888351
2001,아파트,8198,2,128.868703,35.25951292
2001,아파트,8199,2,128.8684193,35.25765062
2001,아파트,8490,2,128.9121995,35.24961705
2001,아파트,8491,2,128.9119899,35.25006418
2001,아파트,8495,2,128.9108452,35.25076255
2001,아파트,8496,2,128.9110311,35.24980279
2001,아파트,8498,2,128.9109691,35.25028792
2001,아파트,8499,2,128.911798,35.25051485
15001,주유소,3222,2,128.8866779,35.23958967
15001,주유소,3223,2,128.8863315,35.23982365
15001,주유소,3224,2,128.8864253,35.2396087
2001,아파트,3456,2,128.8680715,35.2358127
15001,주유소,3468,2,128.7677539,35.23776565
15001,주유소,3469,2,128.7678099,35.23755627
2001,아파트,4453,2,128.8686512,35.24003049
2001,아파트,4454,2,128.868775,35.24061274
2001,아파트,4456,2,128.8690156,35.24032499
2001,아파트,4457,2,128.8691682,35.24078761
2001,아파트,4460,2,128.8708417,35.2400945
2001,아파트,4461,2,128.8711056,35.24031104
2001,아파트,4462,2,128.8708737,35.24057108
2001,아파트,4464,2,128.8711276,35.23975659
2001,아파트,4465,2,128.8704813,35.23979373
15001,주유소,4771,2,128.8706751,35.31645327
2001,아파트,5337,2,128.8020365,35.20097156
2001,아파트,5338,2,128.8035973,35.20094664
2001,아파트,5340,2,128.8028362,35.20077151
2001,아파트,5343,2,128.8036602,35.20136264
2001,아파트,6000,2,128.7948645,35.17946182
2001,아파트,6002,2,128.7954672,35.17946115
2001,아파트,6003,2,128.7955825,35.17897567
2001,아파트,6005,2,128.7948685,35.17897304
15001,주유소,6014,2,128.7964087,35.17996662
15001,주유소,6015,2,128.7964766,35.1801064
15001,주유소,6982,2,128.7492242,35.31624481
15001,주유소,6983,2,128.7493925,35.31637723
7107,병원,7671,2,128.8933198,35.23506254
5301,예식장,7672,2,128.8937575,35.23515935
5301,예식장,7673,2,128.8940322,35.23522506
7107,병원,7674,2,128.8947085,35.23475644
2001,아파트,8200,2,128.8689806,35.25823798
2001,아파트,8201,2,128.8696451,35.25819312
2001,아파트,8202,2,128.8691858,35.25763896
2001,아파트,8204,2,128.8682221,35.25818385
2001,아파트,8500,2,128.9116234,35.2509724
15001,주유소,9277,2,128.7631532,35.29056088
15001,주유소,9278,2,128.7628906,35.29075427
15001,주유소,9759,2,128.8214803,35.23392828
15001,주유소,2336,2,128.8721132,35.31207353
15001,주유소,2337,2,128.8719135,35.31225395
15001,주유소,2338,2,128.872269,35.31216081
15001,주유소,2339,2,128.8723539,35.31194342
15001,주유소,3246,2,128.8892245,35.23555209
15001,주유소,3247,2,128.8892591,35.23536931
15001,주유소,3248,2,128.8893514,35.23554958
15001,주유소,3255,2,128.8884767,35.23768182
15001,주유소,3256,2,128.8886894,35.237643
15001,주유소,3257,2,128.8879404,35.23742541
15001,주유소,3258,2,128.8881835,35.23738746
15001,주유소,3477,2,128.7685157,35.23580637
15001,주유소,3478,2,128.7684837,35.23566741
15001,주유소,3479,2,128.7684369,35.23588928
2001,아파트,4474,2,128.8702144,35.24017133
2001,아파트,4475,2,128.870306,35.24063809
7107,병원,4481,2,128.8692934,35.23930076
2001,아파트,5113,2,128.8626847,35.23531196
2001,아파트,5114,2,128.8633438,35.23730575
2001,아파트,5115,2,128.8632616,35.23677392
2001,아파트,5116,2,128.8631637,35.23626763
2001,아파트,5344,2,128.8030904,35.20135199
2001,아파트,5346,2,128.8024937,35.20128258
2001,아파트,5349,2,128.8037171,35.20179436
2001,아파트,5350,2,128.8031993,35.2017876
2001,아파트,5351,2,128.8042539,35.20128825
2001,아파트,5353,2,128.8049203,35.2006565
2001,아파트,6021,2,128.7922294,35.17924234
2001,아파트,6022,2,128.7920051,35.17809551
2001,아파트,6023,2,128.7915355,35.17836027
2001,아파트,6024,2,128.7911182,35.17809588
2001,아파트,6025,2,128.7915358,35.17877863
2001,아파트,6026,2,128.7911038,35.17901842
2001,아파트,6027,2,128.7915357,35.17924283
2001,아파트,6028,2,128.7924651,35.17836654
2001,아파트,6029,2,128.7928459,35.17809442
2001,아파트,6030,2,128.7922266,35.17877921
2001,아파트,6031,2,128.7928621,35.17871169
15001,주유소,6998,2,128.7420573,35.31436388
15001,주유소,6999,2,128.7420851,35.31445536
15001,주유소,7000,2,128.742194,35.31448032
15001,주유소,7001,2,128.7420979,35.31452636
15001,주유소,7002,2,128.7421135,35.31454575
15001,주유소,7695,2,128.8968782,35.23536027
15001,주유소,7696,2,128.8968812,35.23527191
16001,주차장,8225,2,128.8724426,35.26102187
15001,주유소,8944,2,128.9536301,35.31509588
15001,주유소,9279,2,128.7630635,35.29070105
15001,주유소,9790,2,128.8194498,35.22637671
15001,주유소,9791,2,128.8193102,35.22644179
15001,주유소,2355,2,128.8709808,35.29656113
15001,주유소,2356,2,128.8709243,35.29631347
2001,아파트,2673,2,128.8807692,35.23534701
15001,주유소,3267,2,128.8819026,35.24385381
15001,주유소,3835,2,128.7686405,35.25785873
15001,주유소,3836,2,128.7683928,35.25785988
2001,아파트,5118,2,128.8627837,35.23580796
2001,아파트,5119,2,128.86411,35.23665463
2001,아파트,5120,2,128.8642026,35.23713357
2001,아파트,5121,2,128.863708,35.23517522
2001,아파트,5122,2,128.8637968,35.23563779
2001,아파트,5124,2,128.8640098,35.23613564
2001,아파트,5355,2,128.8047278,35.20009676
2001,아파트,5356,2,128.8043091,35.2007813
2001,아파트,5359,2,128.8041002,35.20025687
2001,아파트,5360,2,128.8035498,35.20043634
2001,아파트,6032,2,128.7941293,35.17937256
2001,아파트,6033,2,128.7941256,35.17888913
2001,아파트,6034,2,128.7941302,35.17849363
2001,아파트,6035,2,128.7930436,35.17911132
2001,아파트,6036,2,128.7935396,35.17888901
2001,아파트,6037,2,128.7934352,35.17937341
2001,아파트,6038,2,128.7933339,35.17849432
2001,아파트,6040,2,128.7976739,35.17891939
2001,아파트,6041,2,128.7976752,35.17833011
2001,아파트,6042,2,128.7972807,35.17755711
2001,아파트,6043,2,128.7976773,35.17772431
2001,아파트,6044,2,128.7965882,35.17945924
7107,병원,8238,2,128.8679302,35.26072545
15001,주유소,8240,2,128.8662282,35.26002722
15001,주유소,8241,2,128.866061,35.26006288
15001,주유소,8242,2,128.8660314,35.25994629
16001,주차장,8245,2,128.8678159,35.26008743
7107,병원,8251,2,128.8709042,35.26042891
15001,주유소,9892,2,128.8180727,35.22436167
15001,주유소,9938,2,128.7533421,35.26635449
15001,주유소,9939,2,128.7532338,35.2663336
15001,주유소,9940,2,128.7534728,35.26629626
15001,주유소,9941,2,128.7533344,35.2661741
15001,주유소,9953,2,128.7524504,35.24555249
15001,주유소,2364,2,128.8682168,35.31663492
15001,주유소,2365,2,128.8681047,35.31680345
7107,병원,2679,2,128.8810995,35.23517207
2001,아파트,2986,2,128.8733297,35.24576622
2001,아파트,2988,2,128.8742094,35.24617583
2001,아파트,2989,2,128.8741703,35.24655126
2001,아파트,2990,2,128.8740432,35.24580193
2001,아파트,2991,2,128.8733755,35.24613168
2001,아파트,2992,2,128.8734058,35.24651002
15001,주유소,3294,2,128.8728468,35.25769094
15001,주유소,4196,2,128.8039771,35.1774172
15001,주유소,5762,2,128.9828841,35.24305581
15001,주유소,5763,2,128.9827529,35.24290322
2001,아파트,6045,2,128.7976751,35.17948812
2001,아파트,6046,2,128.7972424,35.1786392
2001,아파트,6048,2,128.7967788,35.17772143
2001,아파트,6049,2,128.7963782,35.17755305
2001,아파트,6050,2,128.7972708,35.17805306
2001,아파트,6051,2,128.7965885,35.17891367
2001,아파트,6053,2,128.7965874,35.17832625
7107,병원,7486,2,128.8663676,35.2297004
8104,대학교,8055,2,128.8723209,35.26981624
8104,대학교,8056,2,128.8737773,35.26940383
8104,대학교,8057,2,128.8726706,35.26797543
8104,대학교,8058,2,128.8727756,35.26839396
8104,대학교,8059,2,128.8729205,35.26867203
8104,대학교,8060,2,128.8730907,35.26946793
8104,대학교,8061,2,128.8738772,35.26948132
8104,대학교,8062,2,128.8739657,35.2695222
8104,대학교,8063,2,128.8740879,35.26964331
8104,대학교,8064,2,128.8741956,35.26975883
15001,주유소,8668,2,128.9180941,35.22962383
15001,주유소,8669,2,128.9181179,35.22977404
15001,주유소,8981,2,128.9190855,35.3058156
15001,주유소,8982,2,128.9195097,35.30570163
15001,주유소,9974,2,128.7691443,35.2273269
15001,주유소,10030,2,128.7635014,35.22906903
2001,아파트,2997,2,128.8734673,35.24540283
2001,아파트,2998,2,128.873393,35.24500681
2001,아파트,2999,2,128.8733389,35.24461066
2001,아파트,3001,2,128.8745291,35.24506589
2001,아파트,3002,2,128.8747099,35.24546745
15001,주유소,3536,2,128.7675707,35.2285169
15001,주유소,3537,2,128.7673996,35.22838297
15001,주유소,3538,2,128.7673456,35.22855894
15001,주유소,3543,2,128.7667274,35.24989388
15001,주유소,3544,2,128.7664735,35.24999058
15001,주유소,4197,2,128.8042583,35.17751694
15001,주유소,7743,2,128.9077608,35.23599986
15001,주유소,7745,2,128.9079773,35.23602844
8104,대학교,8065,2,128.8743457,35.26989207
8104,대학교,8066,2,128.872183,35.26830767
8104,대학교,8067,2,128.8715248,35.2679489
2001,아파트,8068,2,128.8663574,35.26788813
2001,아파트,8069,2,128.8656301,35.26720531
2001,아파트,8070,2,128.8656635,35.26663245
2001,아파트,8072,2,128.8673405,35.26792915
2001,아파트,8073,2,128.8673761,35.26733651
2001,아파트,8276,2,128.8072718,35.19109356
2001,아파트,8277,2,128.8080942,35.19174159
2001,아파트,8278,2,128.8080483,35.19126403
2001,아파트,8280,2,128.8075203,35.19152256
16001,주차장,10138,2,128.7489254,35.24868299
7107,병원,2718,2,128.8816368,35.23407299
7107,병원,2723,2,128.8817749,35.23331417
7107,병원,2729,2,128.8815196,35.23279987
2001,아파트,3004,2,128.8743276,35.24466129
2001,아파트,3020,2,128.8768354,35.24661202
2001,아파트,3327,2,128.862689,35.27235788
2001,아파트,3328,2,128.8632599,35.27235429
2001,아파트,3330,2,128.8618748,35.27231056
15001,주유소,5170,2,128.8670049,35.23884545
15001,주유소,5171,2,128.8671972,35.23884033
15001,주유소,5172,2,128.8671961,35.2387437
2001,아파트,5177,2,128.8673891,35.24167746
2001,아파트,5178,2,128.8669636,35.24174653
15001,주유소,5791,2,128.9829243,35.2489632
15001,주유소,5792,2,128.9827594,35.24890642
2001,아파트,6096,2,128.8043281,35.17692554
2001,아파트,6097,2,128.8037681,35.17615949
7107,병원,7361,2,128.8822635,35.23371089
7107,병원,7370,2,128.8824435,35.23347167
2001,아파트,7520,2,128.8486843,35.22958689
2001,아파트,7522,2,128.8502718,35.23134542
2001,아파트,7524,2,128.8500906,35.2308942
2001,아파트,8074,2,128.8668951,35.26759004
2001,아파트,8076,2,128.8675442,35.2667426
2001,아파트,8078,2,128.8668473,35.26697401
2001,아파트,8079,2,128.866479,35.26699838
2001,아파트,8080,2,128.8662619,35.26665979
2001,아파트,8081,2,128.8663598,35.2672364
2001,아파트,8083,2,128.865438,35.2675816
7107,병원,8299,2,128.9149389,35.24122614
15001,주유소,8310,2,128.9138129,35.24189133
2001,아파트,9365,2,128.7684205,35.28111194
2001,아파트,9367,2,128.7686091,35.28180176
2001,아파트,9368,2,128.7682809,35.28220372
2001,아파트,9370,2,128.7680752,35.28150455
2001,아파트,10240,2,128.7538532,35.24809218
15001,주유소,2428,2,128.8520345,35.32497362
15001,주유소,2429,2,128.852061,35.32511019
7107,병원,2730,2,128.8814257,35.23275808
2001,아파트,3021,2,128.8771073,35.24674695
2001,아파트,3022,2,128.8758004,35.24600106
2001,아파트,3023,2,128.8756361,35.24622024
2001,아파트,3024,2,128.8772824,35.24620497
2001,아파트,3025,2,128.877,35.24606555
2001,아파트,3026,2,128.8775646,35.24634523
2001,아파트,3027,2,128.8760522,35.24584552
2001,아파트,3028,2,128.8763007,35.24634715
2001,아파트,3029,2,128.8765729,35.24648225
2001,아파트,3030,2,128.8757782,35.24541132
2001,아파트,3332,2,128.8616418,35.2717203
2001,아파트,3333,2,128.8624344,35.2715917
2001,아파트,3334,2,128.8635869,35.27206733
2001,아파트,3335,2,128.8633678,35.27177196
2001,아파트,3336,2,128.8611968,35.27052081
2001,아파트,3337,2,128.8626763,35.27118435
2001,아파트,3338,2,128.8621656,35.27087134
7107,병원,4248,2,128.872117,35.24903741
7107,병원,4253,2,128.871378,35.24904499
2001,아파트,4254,2,128.8847775,35.23865295
2001,아파트,5181,2,128.8674922,35.24091557
2001,아파트,5182,2,128.8677844,35.24134855
2001,아파트,5185,2,128.866468,35.24137179
2001,아파트,5188,2,128.8670074,35.24091418
2001,아파트,5189,2,128.8669567,35.24136369
2001,아파트,5191,2,128.867628,35.24053436
15001,주유소,5488,2,128.9364366,35.22884629
2001,아파트,6098,2,128.8039985,35.17676263
2001,아파트,6099,2,128.8041376,35.17529423
2001,아파트,6101,2,128.8040829,35.17635604
2001,아파트,6102,2,128.8041372,35.17586514
2001,아파트,7526,2,128.8496047,35.2311989
2001,아파트,7527,2,128.8491706,35.22940616
2001,아파트,7530,2,128.8489166,35.22993921
2001,아파트,7531,2,128.8476206,35.23125095
2001,아파트,7533,2,128.8474399,35.23096057
2001,아파트,7536,2,128.8480961,35.23111689
2001,아파트,7537,2,128.8486507,35.23178924
2001,아파트,7538,2,128.8482656,35.23168306
2001,아파트,7539,2,128.8486065,35.23141902
15001,주유소,7802,2,128.9007103,35.23515052
15001,주유소,7803,2,128.90079,35.23506603
2001,아파트,8084,2,128.8655882,35.26784343
2001,아파트,8086,2,128.8692348,35.26743581
2001,아파트,8090,2,128.8681845,35.26681302
2001,아파트,8091,2,128.8682239,35.26736257
2001,아파트,8092,2,128.8686816,35.2677094
2001,아파트,8093,2,128.868689,35.26710286
15001,주유소,8311,2,128.9139264,35.24192221
2001,아파트,8321,2,128.9107967,35.24723155
2001,아파트,8323,2,128.910882,35.24701236
2001,아파트,8326,2,128.9108845,35.24676775
2001,아파트,8327,2,128.9110792,35.24628183
2001,아파트,8328,2,128.9109695,35.24654909
2001,아파트,8329,2,128.9100531,35.24700304
15001,주유소,8717,2,128.944015,35.31492511
15001,주유소,8718,2,128.9437197,35.31489716
15001,주유소,2431,2,128.8480829,35.33530067
15001,주유소,2432,2,128.8480018,35.33556938
15001,주유소,2433,2,128.8474188,35.33528123
2001,아파트,3342,2,128.8618601,35.27029115
2001,아파트,3343,2,128.861461,35.27017262
2001,아파트,3345,2,128.8614199,35.27111986
2001,아파트,3346,2,128.8630135,35.27158958
15001,주유소,3618,2,128.7664127,35.25487638
2001,아파트,4255,2,128.8849926,35.23866991
15001,주유소,5847,2,128.9808434,35.26812126
15001,주유소,6488,2,128.8062641,35.18869705
15001,주유소,6489,2,128.8065387,35.18884051
2001,아파트,6491,2,128.8055463,35.18992754
2001,아파트,6492,2,128.8057975,35.18935563
2001,아파트,6493,2,128.8044659,35.18957689
2001,아파트,6494,2,128.8048674,35.18904977
2001,아파트,6495,2,128.8051665,35.18953706
2001,아파트,6497,2,128.7992595,35.18798511
2001,아파트,6498,2,128.7983106,35.18766279
2001,아파트,6499,2,128.7986498,35.18695583
7107,병원,7120,2,128.8470932,35.33483212
2001,아파트,7544,2,128.8480407,35.23078356
2001,아파트,7545,2,128.8491576,35.23131227
2001,아파트,7546,2,128.8489676,35.23103496
2001,아파트,7547,2,128.8493265,35.2306929
2001,아파트,7548,2,128.8488882,35.23028209
2001,아파트,7550,2,128.8485004,35.23068278
2001,아파트,7551,2,128.8484414,35.23033802
2001,아파트,7552,2,128.8483382,35.23000552
2001,아파트,8096,2,128.8691979,35.26800705
2001,아파트,8098,2,128.8681885,35.26792568
2001,아파트,8099,2,128.869158,35.2686239
2001,아파트,8102,2,128.8687932,35.2690708
2001,아파트,8103,2,128.8686146,35.26972491
2001,아파트,8104,2,128.8691474,35.26943029
2001,아파트,8331,2,128.9113387,35.24562482
2001,아파트,8332,2,128.9113394,35.2458672
2001,아파트,8333,2,128.9106681,35.24546987
2001,아파트,8334,2,128.91058,35.24568964
2001,아파트,8335,2,128.910401,35.24588408
2001,아파트,8336,2,128.9103151,35.24610111
2001,아파트,8337,2,128.9102285,35.24632173
2001,아파트,8338,2,128.9101382,35.24654029
2001,아파트,8339,2,128.9100528,35.24676089
2001,아파트,8340,2,128.9112537,35.24608542
15001,주유소,9396,2,128.7677149,35.2789434
15001,주유소,9397,2,128.7676816,35.27880626
15001,주유소,9398,2,128.7676528,35.27911664
15001,주유소,9399,2,128.7674844,35.27887602
15001,주유소,9400,2,128.7674676,35.27891509
15001,주유소,9401,2,128.7677944,35.27871248
15001,주유소,9402,2,128.7678788,35.27877979
15001,주유소,2460,2,128.7287165,35.31461418
15001,주유소,2461,2,128.7285871,35.3146985
15001,주유소,2462,2,128.7285551,35.31456499
15001,주유소,2463,2,128.7285945,35.31480152
2001,아파트,3051,2,128.8715977,35.25216086
2001,아파트,3052,2,128.8719172,35.25168937
2001,아파트,3053,2,128.8717232,35.25197726
2001,아파트,3355,2,128.865365,35.26951851
2001,아파트,3356,2,128.867187,35.26956897
2001,아파트,3357,2,128.8667732,35.26917745
2001,아파트,3358,2,128.8672262,35.26881665
2001,아파트,3359,2,128.866738,35.26851966
2001,아파트,3360,2,128.8662939,35.26881085
2001,아파트,3361,2,128.8658238,35.26926688
15001,주유소,3635,2,128.7672948,35.24865113
15001,주유소,3962,2,128.7766002,35.27720532
15001,주유소,5213,2,128.8670018,35.23478226
15001,주유소,5214,2,128.8671423,35.23488065
15001,주유소,5848,2,128.9809927,35.26808132
2001,아파트,6501,2,128.7997561,35.18731107
2001,아파트,6504,2,128.8002693,35.19668771
2001,아파트,6505,2,128.7998312,35.19713989
2001,아파트,6506,2,128.799816,35.19633807
2001,아파트,6508,2,128.7990163,35.19621057
2001,아파트,6509,2,128.7991174,35.19687077
2001,아파트,6512,2,128.794918,35.19872599
2001,아파트,6513,2,128.7942101,35.19849547
2001,아파트,6514,2,128.7948488,35.19907914
2001,아파트,7556,2,128.8478985,35.2304675
2001,아파트,7558,2,128.8487506,35.23215533
2001,아파트,7559,2,128.849896,35.23174676
2001,아파트,7560,2,128.8498686,35.23139795
2001,아파트,7562,2,128.8494915,35.23187527
2001,아파트,7564,2,128.8491259,35.23171377
2001,아파트,7565,2,128.8493208,35.22976977
2001,아파트,8107,2,128.8681993,35.26864282
2001,아파트,8108,2,128.8682647,35.26937487
2001,아파트,8109,2,128.8679513,35.26969565
2001,아파트,8110,2,128.8692724,35.26686367
2001,아파트,8112,2,128.8698381,35.26811041
2001,아파트,8115,2,128.8703079,35.26850856
15001,주유소,8769,2,128.9326283,35.30895627
15001,주유소,8770,2,128.9327695,35.30883088
15001,주유소,8771,2,128.9329168,35.30885609
15001,주유소,9085,2,128.9091585,35.30509328
15001,주유소,9086,2,128.9093681,35.30520872
15001,주유소,9425,2,128.7686445,35.28283558
15001,주유소,9426,2,128.7687344,35.28280847
15001,주유소,2475,2,128.7227033,35.3206689
15001,주유소,2476,2,128.7226386,35.3205435
7107,병원,2788,2,128.8830616,35.2283809
15001,주유소,3082,2,128.871051,35.2537687
2001,아파트,3362,2,128.8654114,35.26881822
2001,아파트,3363,2,128.8658431,35.26853295
2001,아파트,3365,2,128.8663137,35.26957583
2001,아파트,3366,2,128.8674567,35.2691979
2001,아파트,3368,2,128.8675,35.26853845
2001,아파트,4292,2,128.8749179,35.23794267
2001,아파트,4293,2,128.8747956,35.23823667
15001,주유소,5572,2,128.9478343,35.23440452
15001,주유소,5573,2,128.9480096,35.23440901
15001,주유소,5871,2,128.9827781,35.27336638
15001,주유소,5872,2,128.9826869,35.27349239
15001,주유소,5873,2,128.9826589,35.27339182
2001,아파트,6515,2,128.7931443,35.19868891
2001,아파트,6516,2,128.7931607,35.19925201
2001,아파트,6517,2,128.7931441,35.19814804
15001,주유소,7857,2,128.9166532,35.23641519
2001,아파트,8116,2,128.8698638,35.26884421
2001,아파트,8117,2,128.8698765,35.26750489
2001,아파트,8120,2,128.8702766,35.26726591
2001,아파트,8121,2,128.8699126,35.26691665
2001,아파트,8122,2,128.8707462,35.26692495
2001,아파트,8125,2,128.8707042,35.26753478
2001,아파트,8126,2,128.8702283,35.26772635
15001,주유소,9105,2,128.9033458,35.3034532
15001,주유소,9106,2,128.9032885,35.30354806
15001,주유소,9107,2,128.9034262,35.30362525
15001,주유소,9438,2,128.767322,35.28599379
15001,주유소,9439,2,128.7671044,35.28595988
7107,병원,3385,2,128.8719842,35.25877013
2001,아파트,5257,2,128.8068112,35.20003989
2001,아파트,5258,2,128.8067503,35.20046818
2001,아파트,6549,2,128.8040035,35.19844453
2001,아파트,8127,2,128.8706239,35.26803493
2001,아파트,8132,2,128.8661663,35.2660691
2001,아파트,8133,2,128.8670789,35.26612933
2001,아파트,8135,2,128.8666318,35.26481286
2001,아파트,8136,2,128.8658004,35.26560508
2001,아파트,8137,2,128.866186,35.26523456
2001,아파트,8138,2,128.8672175,35.26472176
15001,주유소,2529,2,128.7176642,35.32372813
7107,병원,3397,2,128.8617879,35.23934202
2001,아파트,3410,2,128.863319,35.23852917
2001,아파트,3411,2,128.8642931,35.23840574
2001,아파트,5259,2,128.8062347,35.20045569
2001,아파트,5260,2,128.8062171,35.20002381
2001,아파트,5261,2,128.8053494,35.1995583
2001,아파트,5262,2,128.8061595,35.19942828
2001,아파트,5263,2,128.8067498,35.19942348
2001,아파트,5265,2,128.8057111,35.20008264
2001,아파트,5266,2,128.8075352,35.20008922
2001,아파트,5267,2,128.8073378,35.19942965
2001,아파트,5268,2,128.8079255,35.19955752
2001,아파트,6550,2,128.804643,35.19806827
2001,아파트,6551,2,128.803447,35.19726541
2001,아파트,6552,2,128.8029323,35.19707773
2001,아파트,6553,2,128.8049866,35.19752885
2001,아파트,6554,2,128.8051831,35.19695844
2001,아파트,6555,2,128.8053174,35.19636975
2001,아파트,6556,2,128.804585,35.19644025
2001,아파트,6557,2,128.8040893,35.19749541
2001,아파트,6558,2,128.8037712,35.19676863
2001,아파트,6559,2,128.804131,35.19685286
2001,아파트,6560,2,128.8037224,35.19641843
2001,아파트,7609,2,128.8644941,35.23075018
2001,아파트,7610,2,128.8642951,35.23027005
2001,아파트,7612,2,128.8638733,35.23171744
2001,아파트,7613,2,128.8634086,35.23148816
2001,아파트,7616,2,128.8621725,35.231274
15001,주유소,7901,2,128.918433,35.23559757
16001,주차장,7904,2,128.9196553,35.23544371
16001,주차장,7905,2,128.9196584,35.23537295
2001,아파트,8140,2,128.8671483,35.26542188
2001,아파트,8141,2,128.8667788,35.26578185
2001,아파트,8143,2,128.8685053,35.26509228
2001,아파트,8145,2,128.8684514,35.26565518
2001,아파트,8146,2,128.8684245,35.26622058
2001,아파트,8148,2,128.8679169,35.2647717
2001,아파트,8149,2,128.8678606,35.26534324
2001,아파트,8150,2,128.8678046,35.26590308
2001,아파트,8502,2,128.9112416,35.24935918
15001,주유소,8818,2,128.9259261,35.3064922
15001,주유소,8819,2,128.9261296,35.3063787
15001,주유소,9164,2,128.8868536,35.29784611
15001,주유소,9165,2,128.8869289,35.29772539
2001,아파트,10234,2,128.7542375,35.24738683
2001,아파트,10235,2,128.7544058,35.2482474
2001,아파트,10236,2,128.7541135,35.24809368
2001,아파트,10237,2,128.7539378,35.2476959
2001,아파트,10238,2,128.7540688,35.24738451
2001,아파트,10239,2,128.753845,35.24802721
15001,주유소,10378,2,128.8280966,35.17517828
15001,주유소,10379,2,128.8275524,35.17528764
15001,주유소,10380,2,128.8278383,35.17517998
15001,주유소,10381,2,128.8279687,35.17518259
2001,아파트,3412,2,128.8632498,35.23808442
2001,아파트,3418,2,128.8640928,35.23770681
2001,아파트,3420,2,128.8688512,35.2375608
2001,아파트,3421,2,128.8687543,35.23705676
15001,주유소,4048,2,128.7758307,35.27133197
15001,주유소,4049,2,128.7757858,35.27111996
15001,주유소,4050,2,128.7760112,35.27131848
2001,아파트,5284,2,128.8020566,35.19717311
2001,아파트,5930,2,128.7949301,35.18772329
2001,아파트,5931,2,128.7944566,35.18733193
2001,아파트,5932,2,128.7938078,35.18711508
15001,주유소,5936,2,128.7975608,35.18875944
15001,주유소,6210,2,128.8378738,35.36302268
15001,주유소,6211,2,128.8380263,35.36283641
15001,주유소,7206,2,128.7990882,35.2095789
15001,주유소,7207,2,128.7989844,35.20943623
2001,아파트,7619,2,128.8619918,35.23034649
2001,아파트,7620,2,128.8620827,35.23081256
2001,아파트,7627,2,128.8628276,35.23016323
2001,아파트,7629,2,128.8646646,35.23170626
2001,아파트,8153,2,128.8708351,35.26592064
2001,아파트,8154,2,128.8701445,35.2663202
2001,아파트,8155,2,128.87019,35.26586063
2001,아파트,8158,2,128.870786,35.26641953
2001,아파트,8160,2,128.8693111,35.2662645
2001,아파트,8161,2,128.8693578,35.26580748
2001,아파트,8507,2,128.9116688,35.25166755
2001,아파트,8508,2,128.9099317,35.2517375
2001,아파트,8509,2,128.9102701,35.2522946
2001,아파트,8510,2,128.9112192,35.25179739
2001,아파트,8511,2,128.9106582,35.25174319
2001,아파트,8516,2,128.9114491,35.25210233
2001,아파트,8517,2,128.9110429,35.25247554
2001,아파트,8519,2,128.9105154,35.25109064
2001,아파트,8520,2,128.9100443,35.25125359
2001,아파트,8521,2,128.9112876,35.2513197
15001,주유소,9725,2,128.8278132,35.23659286
15001,주유소,9726,2,128.8280383,35.23666792
15001,주유소,9727,2,128.8275064,35.23658131
15001,주유소,9728,2,128.8269912,35.23637581
2001,아파트,2858,2,128.8787885,35.2418676
2001,아파트,2859,2,128.8787252,35.24162685
2001,아파트,2860,2,128.8784839,35.24151486
2001,아파트,2861,2,128.8788835,35.24174971
2001,아파트,2862,2,128.8785945,35.2414552
2001,아파트,2863,2,128.8788711,35.24139773
2001,아파트,3424,2,128.8690366,35.23851568
2001,아파트,3426,2,128.8689408,35.23801058
2001,아파트,3427,2,128.8697638,35.23692276
2001,아파트,3428,2,128.8697452,35.23744146
2001,아파트,3431,2,128.8709318,35.23826642
15001,주유소,4715,2,128.875169,35.31238726
15001,주유소,4716,2,128.8750265,35.31230594
2001,아파트,5285,2,128.801479,35.19698544
2001,아파트,5286,2,128.8018269,35.19775707
2001,아파트,5287,2,128.8008961,35.19678917
2001,아파트,5288,2,128.8012091,35.19755987
2001,아파트,5290,2,128.800622,35.1973647
2001,아파트,5291,2,128.7956674,35.19582919
2001,아파트,5292,2,128.7951017,35.19508862
2001,아파트,5293,2,128.7943601,35.19541041
2001,아파트,5294,2,128.7959784,35.1951995
2001,아파트,5295,2,128.7946759,35.1947884
2001,아파트,5296,2,128.7951603,35.19550388
2001,아파트,7223,2,128.8007887,35.20911192
2001,아파트,7226,2,128.8002849,35.20963327
2001,아파트,7227,2,128.8008857,35.21006257
2001,아파트,7229,2,128.8009055,35.20960155
2001,아파트,7231,2,128.8014304,35.20962444
2001,아파트,7232,2,128.8019487,35.20957651
15001,주유소,15407,2,128.8506964,35.20287803
15001,주유소,15408,2,128.8505588,35.20291955
2001,아파트,11780,2,128.8659109,35.23882199
2001,아파트,11993,2,128.8056248,35.20358817
2001,아파트,11995,2,128.8050819,35.2031377
2001,아파트,11996,2,128.8060366,35.20319749
2001,아파트,12192,2,128.8090039,35.17355744
2001,아파트,12194,2,128.808278,35.17334642
2001,아파트,12195,2,128.8097334,35.17371623
2001,아파트,12196,2,128.8103744,35.17333795
2001,아파트,12198,2,128.8097898,35.17305707
7107,병원,12370,2,128.9038718,35.23992218
2001,아파트,13212,2,128.8168296,35.19394204
2001,아파트,13215,2,128.8155161,35.1940393
2001,아파트,13216,2,128.8156263,35.19485295
2001,아파트,14822,2,128.7467307,35.30199185
15001,주유소,15129,2,128.7556121,35.29946818
15001,주유소,15130,2,128.7554332,35.29941708
15001,주유소,15424,2,128.8525982,35.20685804
15001,주유소,15425,2,128.8524716,35.20691261
16001,주차장,15439,2,128.8451794,35.19576991
2001,아파트,12001,2,128.8066652,35.20158521
2001,아파트,12002,2,128.8062086,35.2021207
2001,아파트,12005,2,128.8070383,35.20197745
2001,아파트,12007,2,128.8072849,35.20086315
2001,아파트,12008,2,128.8076278,35.20051554
2001,아파트,12009,2,128.8078399,35.20060007
2001,아파트,12010,2,128.8083896,35.20088224
2001,아파트,12011,2,128.80891,35.20079916
2001,아파트,12200,2,128.8089162,35.17292036
2001,아파트,12202,2,128.8095342,35.17255735
2001,아파트,13217,2,128.8161393,35.19445393
2001,아파트,13218,2,128.8150099,35.19372152
2001,아파트,13221,2,128.8143227,35.19483606
2001,아파트,13222,2,128.8145076,35.19416695
2001,아파트,13710,2,128.8720845,35.22568023
2001,아파트,13711,2,128.8722172,35.2264954
7107,병원,15145,2,128.7536421,35.29972061
2001,아파트,12012,2,128.8084353,35.2006553
2001,아파트,12013,2,128.8092675,35.20086555
2001,아파트,12014,2,128.8083753,35.20151646
2001,아파트,12015,2,128.8081815,35.20183106
2001,아파트,12016,2,128.8083441,35.2013462
2001,아파트,12017,2,128.8080701,35.20132861
2001,아파트,12018,2,128.808021,35.20098539
2001,아파트,12019,2,128.8086774,35.20127436
6310,복합유통.제공업소,12665,2,128.9024347,35.25817154
6310,복합유통.제공업소,12666,2,128.902399,35.2582669
6310,복합유통.제공업소,12667,2,128.9008804,35.26177147
6310,복합유통.제공업소,12668,2,128.9006866,35.26144744
6310,복합유통.제공업소,12669,2,128.9023471,35.26043609
6310,복합유통.제공업소,12670,2,128.9026791,35.26015905
6310,복합유통.제공업소,12671,2,128.9011131,35.26096854
6310,복합유통.제공업소,12672,2,128.901584,35.26149074
6310,복합유통.제공업소,12673,2,128.9015134,35.26155192
6310,복합유통.제공업소,12674,2,128.9015232,35.2613884
6310,복합유통.제공업소,12675,2,128.9016276,35.26093546
6310,복합유통.제공업소,12676,2,128.9013221,35.26093956
6310,복합유통.제공업소,12677,2,128.9012945,35.26137754
2001,아파트,13223,2,128.8139643,35.1945419
2001,아파트,13224,2,128.814985,35.19451845
15001,주유소,14376,2,128.7658285,35.32124435
15001,주유소,14377,2,128.7659315,35.32136606
15001,주유소,14681,2,128.7185593,35.30444894
15001,주유소,14682,2,128.7184927,35.30419856
2001,아파트,11830,2,128.8605134,35.23101471
2001,아파트,11831,2,128.861288,35.23098373
2001,아파트,11832,2,128.8609702,35.23141889
2001,아파트,11834,2,128.8611832,35.2305767
2001,아파트,11838,2,128.8624359,35.2328612
2001,아파트,11839,2,128.8616972,35.23295822
2001,아파트,11840,2,128.86205,35.23316174
2001,아파트,11841,2,128.8623018,35.23322646
2001,아파트,11842,2,128.8626187,35.23330276
2001,아파트,12020,2,128.8074872,35.20140894
2001,아파트,12022,2,128.8087172,35.20201953
2001,아파트,12023,2,128.8090145,35.20205971
2001,아파트,12024,2,128.8094199,35.20208261
2001,아파트,12025,2,128.8093014,35.20209762
2001,아파트,12026,2,128.8095096,35.2023808
2001,아파트,12027,2,128.8090779,35.20252363
2001,아파트,12028,2,128.8099862,35.2025359
2001,아파트,12029,2,128.8095488,35.20287867
2001,아파트,12230,2,128.8208245,35.16816932
2001,아파트,12231,2,128.8183398,35.16744124
2001,아파트,12233,2,128.8176168,35.16749721
2001,아파트,12234,2,128.8175608,35.16811574
2001,아파트,12235,2,128.8191158,35.16727661
2001,아파트,12236,2,128.8191305,35.1677208
2001,아파트,12423,2,128.8995773,35.24269877
2001,아파트,12429,2,128.9007938,35.24388872
2001,아파트,12430,2,128.9028591,35.2426826
2001,아파트,12432,2,128.9013618,35.24292487
6310,복합유통.제공업소,12678,2,128.9020575,35.26089492
6310,복합유통.제공업소,12679,2,128.9022051,35.26146954
6310,복합유통.제공업소,12680,2,128.9019594,35.26094599
6310,복합유통.제공업소,12681,2,128.9016683,35.26133024
6310,복합유통.제공업소,12682,2,128.8993097,35.26066159
6310,복합유통.제공업소,12683,2,128.9010238,35.26119663
6310,복합유통.제공업소,12684,2,128.9009968,35.2610556
6310,복합유통.제공업소,12685,2,128.9031701,35.25930572
6310,복합유통.제공업소,12686,2,128.9031218,35.25980684
15001,주유소,12990,2,128.797199,35.21582546
15001,주유소,12991,2,128.7973475,35.21595592
15001,주유소,13000,2,128.7978737,35.21435683
15001,주유소,13001,2,128.7979736,35.21412389
15001,주유소,13751,2,128.8712902,35.22396334
15001,주유소,13752,2,128.871316,35.22407993
15001,주유소,13753,2,128.871685,35.22462694
15001,주유소,13754,2,128.8717159,35.22449428
15001,주유소,13755,2,128.871606,35.22456199
15001,주유소,13756,2,128.8715679,35.22429425
2001,아파트,14689,2,128.7141466,35.30449285
2001,아파트,14693,2,128.7140309,35.30419058
2001,아파트,14695,2,128.7134989,35.3042296
2001,아파트,15494,2,128.7946791,35.17676204
2001,아파트,15495,2,128.7940286,35.17707986
2001,아파트,15496,2,128.7941774,35.17643617
2001,아파트,15498,2,128.7953753,35.17644148
2001,아파트,11843,2,128.8626717,35.23303191
2001,아파트,11844,2,128.8614772,35.2349861
2001,아파트,11845,2,128.861035,35.2351199
2001,아파트,11846,2,128.8610762,35.23475266
2001,아파트,11847,2,128.8613315,35.2344326
2001,아파트,11848,2,128.86115,35.23432578
2001,아파트,11849,2,128.861981,35.23491919
2001,아파트,11850,2,128.8623087,35.23466792
2001,아파트,11851,2,128.8619836,35.23440221
2001,아파트,11852,2,128.8621923,35.23479806
2001,아파트,11853,2,128.8605943,35.23301677
2001,아파트,11854,2,128.8612286,35.23368422
2001,아파트,11855,2,128.8613359,35.23353767
2001,아파트,11856,2,128.861084,35.23302195
2001,아파트,12030,2,128.8100059,35.2013076
2001,아파트,12031,2,128.809856,35.20136315
2001,아파트,12032,2,128.8096942,35.20157842
2001,아파트,12033,2,128.8099746,35.20148703
2001,아파트,12034,2,128.8100644,35.20169171
2001,아파트,12035,2,128.80982,35.20215002
2001,아파트,12036,2,128.8097536,35.2018223
2001,아파트,12037,2,128.810395,35.20219449
2001,아파트,12038,2,128.8101145,35.20202308
2001,아파트,12039,2,128.8107169,35.2017908
2001,아파트,12040,2,128.810356,35.20170366
2001,아파트,12237,2,128.8183388,35.16810384
2001,아파트,12238,2,128.8179339,35.16842788
2001,아파트,12240,2,128.819973,35.16827919
2001,아파트,12241,2,128.8199711,35.16769074
2001,아파트,12242,2,128.8191071,35.16834217
2001,아파트,12433,2,128.9008822,35.24265531
2001,아파트,12438,2,128.9001942,35.24293789
2001,아파트,12439,2,128.9007092,35.24326201
2001,아파트,12440,2,128.8998355,35.2433326
2001,아파트,12441,2,128.9018554,35.24266947
15001,주유소,12722,2,128.8883356,35.28077577
15001,주유소,12723,2,128.8882412,35.28082598
2001,아파트,15499,2,128.7955666,35.17706275
2001,아파트,15500,2,128.7932608,35.17715129
2001,아파트,15501,2,128.7914171,35.177054
2001,아파트,15502,2,128.7927217,35.1773514
2001,아파트,15503,2,128.792297,35.17752636
2001,아파트,15504,2,128.7914711,35.17757237
2001,아파트,15505,2,128.7913701,35.17643881
2001,아파트,15506,2,128.7932043,35.17643515
2001,아파트,15507,2,128.7927768,35.17681738
2001,아파트,15508,2,128.7921859,35.17643591
15001,주유소,11598,2,128.8299685,35.29777637
15001,주유소,11599,2,128.8299457,35.29760309
2001,아파트,11857,2,128.8609678,35.23419176
2001,아파트,11858,2,128.8615361,35.23308862
2001,아파트,11859,2,128.8628349,35.23439567
2001,아파트,11860,2,128.8616642,35.2341793
2001,아파트,11861,2,128.8624987,35.2341134
2001,아파트,11862,2,128.8622597,35.23377957
2001,아파트,11863,2,128.861816,35.23364893
2001,아파트,11864,2,128.8614221,35.23331437
2001,아파트,11865,2,128.8622581,35.23424633
2001,아파트,11867,2,128.8624959,35.23380043
2001,아파트,11868,2,128.86178,35.23344102
2001,아파트,11869,2,128.8627467,35.23384173
2001,아파트,12244,2,128.8204843,35.16710403
2001,아파트,12245,2,128.8198811,35.16719128
2001,아파트,12246,2,128.8206924,35.16752885
2001,아파트,12448,2,128.9023345,35.24293805
2001,아파트,12449,2,128.9018457,35.24327455
2001,아파트,12450,2,128.902734,35.24328861
2001,아파트,12452,2,128.9017752,35.2439151
2001,아파트,13284,2,128.8024634,35.20809849
2001,아파트,13286,2,128.8019572,35.20857629
2001,아파트,15513,2,128.797822,35.17644904
2001,아파트,15514,2,128.7971557,35.17668234
2001,아파트,15515,2,128.7967653,35.17705337
2001,아파트,15516,2,128.7965791,35.17644048
2001,아파트,15517,2,128.7988076,35.17703418
2001,아파트,15518,2,128.7983035,35.17668392
2001,아파트,15519,2,128.7988128,35.1764471
2001,아파트,15520,2,128.8650736,35.24666307
2001,아파트,15522,2,128.864783,35.2467702
2001,아파트,15523,2,128.8639983,35.24694953
2001,아파트,15524,2,128.8636441,35.24696215
2001,아파트,11874,2,128.7984118,35.20658465
2001,아파트,11876,2,128.7989322,35.20695401
2001,아파트,11881,2,128.7994563,35.20732767
2001,아파트,12250,2,128.8212194,35.16987458
2001,아파트,12253,2,128.8206653,35.16983497
2001,아파트,12254,2,128.8209973,35.16884192
2001,아파트,12255,2,128.820408,35.16892129
2001,아파트,12256,2,128.8198033,35.16901642
15001,주유소,13043,2,128.8011205,35.21118231
15001,주유소,13044,2,128.8013874,35.21113995
2001,아파트,13289,2,128.8024081,35.20854438
2001,아파트,13291,2,128.8025083,35.20896816
2001,아파트,13292,2,128.8030129,35.20849067
2001,아파트,13293,2,128.80301,35.20890487
15001,주유소,13813,2,128.867036,35.22145486
15001,주유소,13814,2,128.867223,35.22137392
2001,아파트,15527,2,128.8643213,35.24688176
2001,아파트,15528,2,128.8633606,35.2470849
2001,아파트,15529,2,128.8641797,35.245982
2001,아파트,15530,2,128.8644698,35.24586544
2001,아파트,15531,2,128.8638761,35.2478707
2001,아파트,15533,2,128.8641197,35.24768643
2001,아파트,15535,2,128.86461,35.24732202
2001,아파트,15536,2,128.8643635,35.24750501
2001,아파트,11884,2,128.7983801,35.20706358
2001,아파트,11885,2,128.7989024,35.20743743
2001,아파트,12258,2,128.8211051,35.16929958
2001,아파트,12259,2,128.8200193,35.17005287
2001,아파트,12260,2,128.8199739,35.16953314
2001,아파트,12261,2,128.8193114,35.16898149
2001,아파트,12264,2,128.8215754,35.1709269
2001,아파트,12265,2,128.820187,35.17116893
2001,아파트,11895,2,128.800975,35.20851317
2001,아파트,11897,2,128.8019208,35.2077104
2001,아파트,11898,2,128.8014487,35.20810904
2001,아파트,11899,2,128.8011726,35.20755039
2001,아파트,11904,2,128.8004309,35.20739164
2001,아파트,12267,2,128.8210305,35.17101445
2001,아파트,12268,2,128.820909,35.17054273
2001,아파트,12269,2,128.8201233,35.17067216
2001,아파트,12270,2,128.8214631,35.17040423
2001,아파트,12272,2,128.8203331,35.1716716
15001,주유소,12494,2,128.9048549,35.23133
15001,주유소,12495,2,128.9049964,35.23121385
15001,주유소,12505,2,128.9049374,35.23051648
15001,주유소,12506,2,128.9051131,35.23061
15001,주유소,12795,2,128.8838931,35.29230363
15001,주유소,12796,2,128.8838846,35.29206249
15001,주유소,12813,2,128.8845846,35.28791228
15001,주유소,12814,2,128.8847586,35.28808654
15001,주유소,12815,2,128.8846766,35.28809016
2001,아파트,15560,2,128.8662122,35.24675069
2001,아파트,15561,2,128.8659927,35.24630767
2001,아파트,15562,2,128.8665143,35.24612475
2001,아파트,15563,2,128.8661418,35.24597412
2001,아파트,15564,2,128.8659974,35.24605091
5301,예식장,11688,2,128.8676847,35.24397842
5301,예식장,11689,2,128.8683169,35.2439675
2001,아파트,11905,2,128.8007216,35.2079756
2001,아파트,11906,2,128.800982,35.20703874
2001,아파트,11907,2,128.799973,35.20798872
2001,아파트,11911,2,128.8017338,35.20600975
2001,아파트,11913,2,128.8018368,35.20650981
2001,아파트,12273,2,128.8211662,35.1715351
2001,아파트,12274,2,128.8216988,35.17150128
7107,병원,12528,2,128.9040156,35.23760175
7107,병원,12529,2,128.9042626,35.23759946
8104,대학교,12533,2,128.9005153,35.25281011
8104,대학교,12534,2,128.9020368,35.25037431
8104,대학교,12535,2,128.9011342,35.25129848
8104,대학교,12536,2,128.9010139,35.2511634
8104,대학교,12537,2,128.9010667,35.25133609
2001,아파트,15565,2,128.8666954,35.24594057
2001,아파트,15566,2,128.8664357,35.24702265
2001,아파트,15567,2,128.8667165,35.24656581
2001,아파트,11916,2,128.8023579,35.20602876
2001,아파트,11918,2,128.8024589,35.20657044
2001,아파트,11925,2,128.802893,35.20576706
2001,아파트,12141,2,128.8051391,35.173722
2001,아파트,12142,2,128.8044748,35.17358194
2001,아파트,12143,2,128.8062441,35.17390573
2001,아파트,12144,2,128.8059978,35.17438768
2001,아파트,12292,2,128.8187933,35.17354533
2001,아파트,12293,2,128.8186455,35.17278933
2001,아파트,12294,2,128.8176457,35.17371116
2001,아파트,12296,2,128.8181313,35.17282285
2001,아파트,12297,2,128.8174841,35.17295716
8104,대학교,12538,2,128.9017576,35.2492011
8104,대학교,12539,2,128.9023252,35.24743149
8104,대학교,12540,2,128.900866,35.24953963
8104,대학교,12541,2,128.9006705,35.24989024
8104,대학교,12542,2,128.9015381,35.25027233
8104,대학교,12543,2,128.9019671,35.24768403
8104,대학교,12544,2,128.9021502,35.24797579
8104,대학교,12545,2,128.9017368,35.24852246
8104,대학교,12546,2,128.9012608,35.24779888
8104,대학교,12547,2,128.9004146,35.25325411
8104,대학교,12548,2,128.9012563,35.25346766
8104,대학교,12549,2,128.9015751,35.25424682
8104,대학교,12550,2,128.9020804,35.24937395
2001,아파트,12846,2,128.7348677,35.31050573
2001,아파트,12847,2,128.7349208,35.31098373
2001,아파트,12848,2,128.7334899,35.31065412
2001,아파트,12849,2,128.7341405,35.31060248
2001,아파트,12850,2,128.7344828,35.31074651
2001,아파트,11926,2,128.8035144,35.20621073
2001,아파트,11927,2,128.8031253,35.20657731
2001,아파트,11932,2,128.8026105,35.20706224
2001,아파트,11935,2,128.8006471,35.20485563
2001,아파트,12145,2,128.8057337,35.17379785
2001,아파트,12146,2,128.8063736,35.17238712
2001,아파트,12147,2,128.8057155,35.17278657
2001,아파트,12148,2,128.8060234,35.1733565
2001,아파트,12149,2,128.8066166,35.17346416
2001,아파트,12150,2,128.805055,35.17318392
2001,아파트,12298,2,128.8169849,35.17302788
2001,아파트,12300,2,128.8164309,35.17324705
2001,아파트,12301,2,128.8167338,35.17466031
2001,아파트,12303,2,128.8165665,35.17387954
2001,아파트,12305,2,128.8178074,35.17446555
2001,아파트,12306,2,128.817308,35.17453547
8104,대학교,12551,2,128.903213,35.24939119
8104,대학교,12552,2,128.9028299,35.24999054
8104,대학교,12553,2,128.9026727,35.25059906
8104,대학교,12554,2,128.9030414,35.24752292
8104,대학교,12555,2,128.9025301,35.24860198
8104,대학교,12556,2,128.9023225,35.24815943
8104,대학교,12557,2,128.9037368,35.24857936
2001,아파트,12851,2,128.7341886,35.31116934
2001,아파트,12852,2,128.7343184,35.31177991
2001,아파트,11936,2,128.7999093,35.20515049
2001,아파트,11937,2,128.8008148,35.20429405
2001,아파트,11938,2,128.8009167,35.205863
2001,아파트,11941,2,128.8004563,35.20553476
2001,아파트,11948,2,128.8017978,35.20504688
2001,아파트,12151,2,128.8070641,35.17306324
2001,아파트,12152,2,128.8063658,35.17288052
2001,아파트,12157,2,128.8109484,35.17489615
2001,아파트,12158,2,128.8104599,35.17487684
2001,아파트,12307,2,128.8184414,35.17433421
2001,아파트,12310,2,128.818955,35.17429972
2001,아파트,12311,2,128.8191167,35.17505401
2001,아파트,12312,2,128.8201996,35.17533728
2001,아파트,12313,2,128.8200613,35.1746922
2001,아파트,12871,2,128.7326716,35.31070678
2001,아파트,12872,2,128.7330839,35.3108554
2001,아파트,12873,2,128.7335397,35.31122062
2001,아파트,12874,2,128.7327666,35.3112215
2001,아파트,12875,2,128.7335998,35.31183577
2001,아파트,12876,2,128.7340703,35.31217573
2001,아파트,12877,2,128.7326437,35.31175076
15001,주유소,13167,2,128.8185272,35.19460372
15001,주유소,15356,2,128.8527416,35.21252734
15001,주유소,15357,2,128.8528316,35.21270935
2001,아파트,11756,2,128.8623553,35.23663019
2001,아파트,11757,2,128.8616082,35.23673966
2001,아파트,11758,2,128.8623562,35.23763596
2001,아파트,11950,2,128.8013099,35.20469606
2001,아파트,11956,2,128.8021547,35.20315176
2001,아파트,11957,2,128.8016165,35.20359923
2001,아파트,11959,2,128.8015787,35.20409541
2001,아파트,11961,2,128.802208,35.20358704
2001,아파트,12159,2,128.8097886,35.17464154
2001,아파트,12160,2,128.8116844,35.17477969
2001,아파트,12162,2,128.8113059,35.17424011
2001,아파트,12315,2,128.8198398,35.17392171
15001,주유소,13168,2,128.8186327,35.19441886
15001,주유소,15379,2,128.8433586,35.19402541
2001,아파트,11761,2,128.8624897,35.23711467
2001,아파트,11762,2,128.8617128,35.23720833
2001,아파트,11768,2,128.8646076,35.2395666
2001,아파트,11769,2,128.8650767,35.2392017
2001,아파트,11963,2,128.802568,35.20401606
2001,아파트,11968,2,128.8021002,35.2044685
2001,아파트,11969,2,128.8025817,35.20447625
2001,아파트,12164,2,128.8105082,35.17420712
2001,아파트,12903,2,128.7349764,35.31146321
2001,아파트,12905,2,128.7349402,35.31194837
15001,주유소,13199,2,128.8186018,35.19321029
15001,주유소,13200,2,128.8185089,35.19348083
2001,아파트,13202,2,128.8168276,35.19233879
15001,주유소,15380,2,128.8434924,35.19405145
15001,주유소,15382,2,128.8426813,35.19344627
15001,주유소,15383,2,128.8426041,35.193305
2001,아파트,11155,2,128.7353132,35.303595
2001,아파트,11156,2,128.7353381,35.30381282
2001,아파트,11772,2,128.8638184,35.23911228
2001,아파트,11773,2,128.8644659,35.23887043
2001,아파트,11776,2,128.8657235,35.2394169
2001,아파트,11777,2,128.8662573,35.23904949
2001,아파트,11778,2,128.8658844,35.23868619
2001,아파트,11779,2,128.8652462,35.23876909
2001,아파트,11986,2,128.8056701,35.20268203
2001,아파트,12191,2,128.8090462,35.17412554
15001,주유소,12346,2,128.8088674,35.17058436
15001,주유소,12347,2,128.8085721,35.17076965
15001,주유소,12352,2,128.9036116,35.24173898
15001,주유소,12353,2,128.903661,35.24181568
15001,주유소,12354,2,128.903732,35.24171831
15001,주유소,12355,2,128.9045038,35.24055303
15001,주유소,12356,2,128.9044536,35.24056108
15001,주유소,12357,2,128.9043696,35.24079893
15001,주유소,12358,2,128.9042748,35.24066062
15001,주유소,12359,2,128.9045467,35.24069144
15001,주유소,12360,2,128.904389,35.2404649
2001,아파트,12914,2,128.7346824,35.31243607
2001,아파트,13203,2,128.8175334,35.19241286
2001,아파트,13204,2,128.8157003,35.19316196
2001,아파트,13206,2,128.816474,35.19329241
2001,아파트,13207,2,128.8162503,35.19274671
2001,아파트,13208,2,128.817185,35.19291915
2001,아파트,13209,2,128.817296,35.19358072
16001,주차장,31716,2,128.7901972,35.17709981
2001,아파트,31539,2,128.7951484,35.18661813
2001,아파트,31540,2,128.7941714,35.18629699
2001,아파트,31541,2,128.7945449,35.18541425
2001,아파트,31544,2,128.7953889,35.18599692
2001,아파트,31545,2,128.794339,35.18581167
2001,아파트,31549,2,128.7980216,35.18456276
2001,아파트,31550,2,128.7975257,35.18500415
2001,아파트,31551,2,128.7972114,35.18565629
2001,아파트,31553,2,128.7964703,35.18480372
2001,아파트,31554,2,128.79619,35.18538222
2001,아파트,31555,2,128.7968379,35.18524495
2001,아파트,31557,2,128.7982393,35.18411994
2001,아파트,31558,2,128.7970478,35.18435422
2001,아파트,31559,2,128.7973094,35.18380815
15001,주유소,31641,2,128.7882462,35.18518643
15001,주유소,31642,2,128.7885235,35.18526014
16001,주차장,30448,2,128.8675998,35.23550149
16001,주차장,30452,2,128.8689171,35.23891853
2001,아파트,17362,2,128.8994792,35.24046892
2001,아파트,17364,2,128.8990801,35.2417407
2001,아파트,17367,2,128.8994314,35.24124466
2001,아파트,17368,2,128.8989224,35.24135816
16001,주차장,18562,2,128.8803803,35.23217088
2001,아파트,18563,2,128.880632,35.23176719
2001,아파트,18564,2,128.8807565,35.23154478
2001,아파트,18565,2,128.880496,35.23189456
16001,주차장,19192,2,128.8664507,35.23741164
2001,아파트,19196,2,128.8659305,35.23819302
2001,아파트,19197,2,128.8651865,35.23829016
2001,아파트,19199,2,128.8651801,35.23788576
2001,아파트,19200,2,128.8650183,35.23749208
2001,아파트,17372,2,128.8999967,35.2410776
2001,아파트,17373,2,128.8997562,35.2416216
2001,아파트,17376,2,128.8989822,35.24079974
7107,병원,18587,2,128.8812525,35.23223873
2001,아파트,19206,2,128.8657301,35.23741292
15001,주유소,17105,2,128.8843617,35.23138445
15001,주유소,17106,2,128.8843999,35.23154539
16001,주차장,17115,2,128.8842672,35.23038656
16001,주차장,17118,2,128.8848931,35.23055927
2001,아파트,17729,2,128.8756619,35.23681347
2001,아파트,17730,2,128.8757011,35.23662149
2001,아파트,17731,2,128.8758503,35.23639855
2001,아파트,17732,2,128.8755033,35.23639917
7107,병원,18907,2,128.8817533,35.23488188
2001,아파트,17733,2,128.875649,35.23629827
2001,아파트,17734,2,128.8759934,35.23656816
16001,주차장,18632,2,128.8842785,35.2325982
2001,아파트,21008,2,128.8764124,35.23652652
2001,아파트,21009,2,128.8762895,35.23676007
2001,아파트,21010,2,128.8766481,35.23677837
2001,아파트,21011,2,128.8766396,35.23669427
15001,주유소,22775,2,128.8479306,35.21037004
15001,주유소,22776,2,128.8479201,35.21048807
15001,주유소,22777,2,128.8481278,35.21038649
15001,주유소,17139,2,128.8878719,35.21578259
15001,주유소,17140,2,128.8877821,35.21559379
15001,주유소,17148,2,128.8865924,35.21972622
2001,아파트,18073,2,128.8776178,35.22794292
2001,아파트,18074,2,128.8777273,35.22760147
2001,아파트,18075,2,128.8777674,35.22778097
2001,아파트,18354,2,128.8720973,35.25484499
2001,아파트,18355,2,128.8722563,35.25542161
2001,아파트,18356,2,128.87218,35.25596333
2001,아파트,18357,2,128.871625,35.25589951
15001,주유소,17157,2,128.8891036,35.21523042
15001,주유소,17158,2,128.8888821,35.21515862
2001,아파트,18358,2,128.8715629,35.25538135
2001,아파트,18359,2,128.8718881,35.2556333
2001,아파트,18360,2,128.8738066,35.25556567
2001,아파트,18361,2,128.8730941,35.2549561
2001,아파트,18362,2,128.8724891,35.25637431
2001,아파트,18363,2,128.8737128,35.25611859
2001,아파트,18364,2,128.8729468,35.25603869
2001,아파트,16908,2,128.8645325,35.23210535
2001,아파트,16909,2,128.865237,35.2319589
7107,병원,17186,2,128.8854767,35.2275674
2001,아파트,17476,2,128.8599228,35.22164659
2001,아파트,18365,2,128.8738835,35.25501428
2001,아파트,18366,2,128.8730195,35.25549791
2001,아파트,18367,2,128.8714779,35.25498808
2001,아파트,16919,2,128.8697987,35.23258583
2001,아파트,16922,2,128.8691399,35.23242592
2001,아파트,16923,2,128.8689663,35.23207331
2001,아파트,17211,2,128.89368,35.22872911
2001,아파트,18711,2,128.8773353,35.22649308
2001,아파트,19036,2,128.8834639,35.24282764
2001,아파트,19037,2,128.8831578,35.24306269
2001,아파트,19038,2,128.8848244,35.24161633
2001,아파트,19039,2,128.8844722,35.24191238
2001,아파트,19040,2,128.8853924,35.24202148
2001,아파트,19041,2,128.8840771,35.24221287
2001,아파트,19042,2,128.8849719,35.24224984
2001,아파트,19043,2,128.8838522,35.24258355
2001,아파트,20582,2,128.8045218,35.17624269
2001,아파트,20888,2,128.8674396,35.25537689
2001,아파트,20889,2,128.8673147,35.25674545
2001,아파트,20890,2,128.8672054,35.25630415
2001,아파트,20891,2,128.8667668,35.2565837
2001,아파트,20892,2,128.8671039,35.25591323
2001,아파트,20893,2,128.8674943,35.25616083
7107,병원,22271,2,128.8151331,35.20261507
7107,병원,22272,2,128.8149344,35.20258619
7107,병원,22273,2,128.8150578,35.2025843
2001,아파트,22274,2,128.8107954,35.2031896
2001,아파트,22275,2,128.8107573,35.2031384
2001,아파트,22277,2,128.8114165,35.20251742
2001,아파트,22278,2,128.8124784,35.20327866
2001,아파트,22279,2,128.8119327,35.20288865
2001,아파트,22280,2,128.8131213,35.2050445
2001,아파트,22283,2,128.8130223,35.20366711
2001,아파트,22284,2,128.8130575,35.20449219
2001,아파트,16924,2,128.869228,35.23288276
2001,아파트,16928,2,128.8709601,35.23371091
2001,아파트,16930,2,128.8710263,35.23275866
2001,아파트,16932,2,128.8709892,35.23323916
2001,아파트,19044,2,128.8846469,35.24254992
2001,아파트,19046,2,128.8851769,35.24130289
2001,아파트,19047,2,128.8857779,35.24176171
2001,아파트,19051,2,128.8867644,35.24041813
2001,아파트,19052,2,128.8873047,35.24081717
2001,아파트,19053,2,128.8875762,35.24051178
2001,아파트,19054,2,128.8870612,35.2401431
2001,아파트,19055,2,128.8875441,35.24000854
2001,아파트,20894,2,128.8678209,35.25665482
2001,아파트,20895,2,128.8682934,35.25571424
2001,아파트,20896,2,128.868778,35.2559277
2001,아파트,20897,2,128.8685422,35.25599101
2001,아파트,20898,2,128.8683666,35.25626484
2001,아파트,20900,2,128.8678224,35.25560714
2001,아파트,20901,2,128.8675361,35.25574932
2001,아파트,20902,2,128.8678516,35.25522992
2001,아파트,20903,2,128.8687343,35.25560936
2001,아파트,20904,2,128.8688106,35.25491652
2001,아파트,20905,2,128.8688645,35.25501852
2001,아파트,20906,2,128.8677813,35.25483046
2001,아파트,22285,2,128.8106727,35.2036622
2001,아파트,22287,2,128.8135955,35.2040251
2001,아파트,22291,2,128.8112531,35.20357207
2001,아파트,22294,2,128.8117881,35.20351364
2001,아파트,22295,2,128.8119488,35.20330064
2001,아파트,16936,2,128.8688237,35.2312555
2001,아파트,16937,2,128.8678595,35.23165737
2001,아파트,16938,2,128.8677637,35.23117139
2001,아파트,16939,2,128.8684346,35.23108421
2001,아파트,16940,2,128.8685302,35.23156949
2001,아파트,16944,2,128.8662489,35.23051811
2001,아파트,16945,2,128.8666085,35.23021693
2001,아파트,16948,2,128.8674593,35.23027341
2001,아파트,16949,2,128.8680315,35.23041578
2001,아파트,16950,2,128.868933,35.23079787
2001,아파트,16951,2,128.8684675,35.23060853
2001,아파트,17526,2,128.8666301,35.22215119
2001,아파트,17527,2,128.866094,35.22212866
2001,아파트,17528,2,128.8663496,35.22215231
16001,주차장,18162,2,128.8841762,35.22865001
2001,아파트,18164,2,128.8722861,35.25240157
2001,아파트,18165,2,128.8724493,35.2519208
2001,아파트,18166,2,128.8727624,35.252459
2001,아파트,18168,2,128.8728825,35.25192354
2001,아파트,18170,2,128.8732115,35.25262556
2001,아파트,19064,2,128.8898418,35.23712791
2001,아파트,20907,2,128.8684318,35.25504325
2001,아파트,20908,2,128.8681294,35.25466231
2001,아파트,20911,2,128.8686237,35.25373504
2001,아파트,20912,2,128.86825,35.25351184
2001,아파트,20914,2,128.8696433,35.25342885
2001,아파트,20916,2,128.8686597,35.25335001
2001,아파트,20917,2,128.8681556,35.25431665
2001,아파트,22298,2,128.8120208,35.20195199
2001,아파트,22299,2,128.8144054,35.20236332
2001,아파트,22300,2,128.8133393,35.20161135
2001,아파트,22301,2,128.8124599,35.20153143
2001,아파트,22302,2,128.8141152,35.20299601
2001,아파트,22303,2,128.8142219,35.20271091
2001,아파트,22304,2,128.8137992,35.2027107
2001,아파트,16953,2,128.8676755,35.23071203
2001,아파트,16954,2,128.866836,35.23129243
2001,아파트,16955,2,128.8663553,35.2310706
2001,아파트,16956,2,128.866727,35.23074037
7107,병원,17263,2,128.8931291,35.23065953
7107,병원,17264,2,128.8931673,35.2305009
7107,병원,17265,2,128.8931186,35.23095659
2001,아파트,18172,2,128.8729969,35.25143906
2001,아파트,18173,2,128.8726219,35.25144771
2001,아파트,18174,2,128.8740393,35.25151261
2001,아파트,18175,2,128.8737156,35.25230813
2001,아파트,18176,2,128.8733664,35.25203721
2001,아파트,18177,2,128.8745493,35.25129672
2001,아파트,18180,2,128.8737168,35.2517819
2001,아파트,18181,2,128.874391,35.25231716
2001,아파트,20922,2,128.8690414,35.25442784
2001,아파트,20923,2,128.868572,35.25415221
2001,아파트,20927,2,128.8694946,35.25424737
2001,아파트,20929,2,128.869135,35.25358349
7107,병원,21845,2,128.8525884,35.23437144
2001,아파트,22305,2,128.8137929,35.20193304
2001,아파트,22306,2,128.813144,35.20218135
2001,아파트,22307,2,128.8130339,35.20192719
2001,아파트,22308,2,128.8138412,35.20244853
2001,아파트,22309,2,128.8136543,35.2023072
2001,아파트,22310,2,128.8125332,35.20188113
2001,아파트,22311,2,128.8124984,35.20211558
2001,아파트,22312,2,128.8126738,35.20238567
2001,아파트,22313,2,128.8132884,35.20282081
2001,아파트,22314,2,128.8131349,35.20311272
2001,아파트,17288,2,128.8940199,35.23036084
2001,아파트,18183,2,128.8744657,35.25182364
2001,아파트,18193,2,128.873556,35.25083089
2001,아파트,18194,2,128.8745956,35.25079533
2001,아파트,18195,2,128.8738726,35.25055189
2001,아파트,18197,2,128.8741805,35.25029368
16001,주차장,21078,2,128.8793615,35.23748216
16001,주차장,22049,2,128.8621401,35.23950826
2001,아파트,17289,2,128.8938935,35.23054873
2001,아파트,17916,2,128.8803197,35.22746027
2001,아파트,18199,2,128.8745658,35.24941102
2001,아파트,18200,2,128.8748751,35.24920709
2001,아파트,18201,2,128.8747637,35.25027137
2001,아파트,18203,2,128.8729684,35.25095045
2001,아파트,18205,2,128.8730177,35.2504911
2001,아파트,18206,2,128.8735526,35.25033758
2001,아파트,18207,2,128.8737824,35.24994955
2001,아파트,18208,2,128.8741748,35.24978589
2001,아파트,18210,2,128.8748617,35.24969344
16001,주차장,18795,2,128.8783212,35.23380673
16001,주차장,17041,2,128.8845758,35.23552901
7107,병원,17333,2,128.9043883,35.242689
2001,아파트,17358,2,128.8990819,35.24213112
2001,아파트,17359,2,128.8996287,35.24209365
2001,아파트,17360,2,128.899584,35.24085914
16001,주차장,18259,2,128.884246,35.22934549
2001,아파트,26891,2,128.7318943,35.31136395
2001,아파트,26892,2,128.7309628,35.30880321
2001,아파트,26893,2,128.7317692,35.30867567
2001,아파트,26895,2,128.7317506,35.30938344
2001,아파트,26897,2,128.7309185,35.30945949
2001,아파트,26905,2,128.7318322,35.31004821
2001,아파트,26906,2,128.7309756,35.31012071
2001,아파트,26907,2,128.7319063,35.31069346
2001,아파트,26908,2,128.730214,35.30883936
2001,아파트,26909,2,128.7302747,35.30947744
2001,아파트,26910,2,128.730351,35.31016957
2001,아파트,25176,2,128.7160216,35.30577622
2001,아파트,25191,2,128.7166456,35.30573009
16001,주차장,24999,2,128.8859098,35.22790787
16001,주차장,25000,2,128.8858691,35.22789291
2001,아파트,25194,2,128.7167329,35.30619216
2001,아파트,25195,2,128.7157995,35.30532603
2001,아파트,25199,2,128.7166117,35.30526238
7107,병원,26716,2,128.7267337,35.30606094
7107,병원,26717,2,128.726819,35.30602615
7107,병원,26718,2,128.7271414,35.30591419
7107,병원,26719,2,128.7273953,35.30589701
7107,병원,26720,2,128.7272712,35.30590631
7107,병원,26721,2,128.7271703,35.3060042
2001,아파트,25036,2,128.8870351,35.23090324
2001,아파트,25037,2,128.8870353,35.23095964
2001,아파트,25038,2,128.8868913,35.23098958
15001,주유소,25591,2,128.9058038,35.23431556
15001,주유소,25592,2,128.9059742,35.23428594
15001,주유소,25593,2,128.9056713,35.23429156
15001,주유소,25594,2,128.9056682,35.23420925
15001,주유소,25595,2,128.9061503,35.23425219
2001,아파트,25097,2,128.8925241,35.22959764
2001,아파트,25098,2,128.8924661,35.22980078
15001,주유소,25596,2,128.905923,35.23416906
15001,주유소,25597,2,128.9058054,35.23426501
15001,주유소,25598,2,128.905996,35.23421194
15001,주유소,25599,2,128.9058161,35.23420263
15001,주유소,25600,2,128.9055397,35.23421167
16001,주차장,29410,2,128.9178936,35.35026859
16001,주차장,26511,2,128.9217095,35.23358855
2001,아파트,24837,2,128.878234,35.22642005
2001,아파트,24839,2,128.8781971,35.22667453
2001,아파트,24253,2,128.7099037,35.30355676
2001,아파트,24254,2,128.7098253,35.30382533
2001,아파트,25359,2,128.9005762,35.23228211
2001,아파트,26550,2,128.9238161,35.2286687
2001,아파트,26552,2,128.9242892,35.22875232
16001,주차장,26855,2,128.7289708,35.30807669
2001,아파트,24260,2,128.7100479,35.30334373
2001,아파트,24261,2,128.7100502,35.30306303
2001,아파트,26867,2,128.7284534,35.30906215
2001,아파트,26868,2,128.7289861,35.30895124
2001,아파트,26869,2,128.7276304,35.30905595
2001,아파트,25395,2,128.9012249,35.23221053
2001,아파트,26870,2,128.7279289,35.30903429
2001,아파트,26871,2,128.7292786,35.30892198
2001,아파트,26872,2,128.7293431,35.30948985
2001,아파트,26873,2,128.7282124,35.31089005
2001,아파트,26875,2,128.7281359,35.31024416
2001,아파트,26876,2,128.7276951,35.30962586
2001,아파트,26877,2,128.7279936,35.30960306
2001,아파트,26878,2,128.7295138,35.31144137
2001,아파트,26879,2,128.7290366,35.31134929
2001,아파트,26880,2,128.7285228,35.30966703
2001,아파트,26881,2,128.7290507,35.30951912
2001,아파트,26882,2,128.7285889,35.31027312
2001,아파트,26883,2,128.7294166,35.31013639
2001,아파트,25439,2,128.9019042,35.23169704
2001,아파트,26884,2,128.7291241,35.31016566
2001,아파트,26885,2,128.7292831,35.31080538
2001,아파트,26886,2,128.7295817,35.31078258
2001,아파트,26887,2,128.7278373,35.31026696
2001,아파트,26888,2,128.7285928,35.31088252
2001,아파트,26890,2,128.7285716,35.31150135
15001,주유소,118983,2,129.0040726,35.27041503
15001,주유소,118984,2,129.0029388,35.26958465
2001,아파트,49913,2,128.7370316,35.30104866
2001,아파트,48567,2,128.7465345,35.2601731
2001,아파트,48568,2,128.7468741,35.26019127
2001,아파트,48569,2,128.7471847,35.26052912
2001,아파트,49921,2,128.7369301,35.30206597
15001,주유소,51200,2,128.8484338,35.1995369
15001,주유소,51201,2,128.8483429,35.19948604
2001,아파트,50337,2,128.7183182,35.30335448
2001,아파트,50341,2,128.7183163,35.30308959
2001,아파트,50342,2,128.7185273,35.3028145
2001,아파트,50359,2,128.7183879,35.30359216
2001,아파트,48410,2,128.7493182,35.24982674
2001,아파트,48411,2,128.7497009,35.24983512
2001,아파트,50360,2,128.7183268,35.30384504
2001,아파트,49839,2,128.7327994,35.30193049
2001,아파트,35253,2,128.8532361,35.23042941
2001,아파트,36490,2,128.9173109,35.23826473
2001,아파트,36491,2,128.9169131,35.23876932
16001,주차장,36776,2,128.9087502,35.25019203
2001,아파트,35302,2,128.897797,35.23361855
2001,아파트,36494,2,128.9175402,35.2389732
2001,아파트,36506,2,128.9145648,35.23967618
2001,아파트,36507,2,128.914471,35.23992256
2001,아파트,32686,2,128.8025004,35.1963686
2001,아파트,32687,2,128.8011738,35.19599739
2001,아파트,32688,2,128.8022408,35.19660002
2001,아파트,32689,2,128.8026146,35.19607184
2001,아파트,32690,2,128.8018287,35.19581742
2001,아파트,32691,2,128.8016194,35.19639425
2001,아파트,32692,2,128.8022671,35.19633217
2001,아파트,32694,2,128.8001772,35.1961366
2001,아파트,32695,2,128.8006004,35.19595038
2001,아파트,32696,2,128.8004614,35.19544688
2001,아파트,35312,2,128.899038,35.23595954
2001,아파트,35313,2,128.8995388,35.23570266
2001,아파트,35314,2,128.8991535,35.23548731
2001,아파트,35315,2,128.8998695,35.23552508
2001,아파트,35317,2,128.8987401,35.23566499
2001,아파트,32697,2,128.799913,35.19584285
2001,아파트,32698,2,128.7998044,35.19526192
2001,아파트,32699,2,128.7992765,35.19563048
16001,주차장,34248,2,128.8804391,35.2348968
2001,아파트,35318,2,128.8984268,35.2354347
2001,아파트,35319,2,128.8983939,35.23591834
7107,병원,35691,2,128.90864,35.23613727
2001,아파트,36001,2,128.9240135,35.23072342
2001,아파트,36002,2,128.9233416,35.23135647
2001,아파트,36003,2,128.9238359,35.2311963
2001,아파트,34791,2,128.8871859,35.23375278
2001,아파트,34792,2,128.887598,35.23384794
2001,아파트,34793,2,128.8874817,35.23368924
2001,아파트,36004,2,128.923455,35.23082459
2001,아파트,36008,2,128.9237885,35.2299254
2001,아파트,36009,2,128.9236208,35.23037463
2001,아파트,36010,2,128.923953,35.2294804
2001,아파트,36011,2,128.9243489,35.22982442
2001,아파트,36013,2,128.9241811,35.23027442
2001,아파트,36014,2,128.9245033,35.22939154
2001,아파트,36559,2,128.9120829,35.24169428
2001,아파트,36560,2,128.912183,35.2418095
2001,아파트,36561,2,128.9123136,35.2419122
15001,주유소,39290,2,128.8161096,35.23247347
15001,주유소,39291,2,128.8161885,35.23237868
2001,아파트,36031,2,128.9230479,35.23176505
2001,아파트,36032,2,128.9232637,35.23256781
7107,병원,38925,2,128.8389435,35.22475872
7107,병원,38926,2,128.8391176,35.22507518
2001,아파트,36033,2,128.9228592,35.23221563
2001,아파트,36034,2,128.9226891,35.23266421
2001,아파트,36035,2,128.9230795,35.23302263
2001,아파트,36036,2,128.9225253,35.23311452
2001,아파트,36037,2,128.9234777,35.23215816
2001,아파트,33728,2,128.8588482,35.22981606
2001,아파트,33729,2,128.8590549,35.2297576
2001,아파트,33730,2,128.8590155,35.23006638
2001,아파트,35117,2,128.8945919,35.23544526
2001,아파트,35118,2,128.8947627,35.23541679
2001,아파트,34349,2,128.8822427,35.23722189
2001,아파트,35149,2,128.8958719,35.23413966
7107,병원,36656,2,128.9089734,35.24478196
2001,아파트,32564,2,128.8750735,35.22897028
2001,아파트,32566,2,128.8749501,35.22886517
2001,아파트,33777,2,128.8666328,35.22839047
2001,아파트,33778,2,128.8657052,35.22835273
2001,아파트,33782,2,128.8661576,35.2291289
2001,아파트,33783,2,128.8657512,35.22896185
2001,아파트,33784,2,128.8657581,35.22892526
2001,아파트,34900,2,128.8893296,35.23068067
2001,아파트,36394,2,128.9151907,35.23893443
2001,아파트,36395,2,128.9150057,35.23991146
2001,아파트,36396,2,128.9146907,35.2389875
2001,아파트,36399,2,128.914305,35.23909591
2001,아파트,36400,2,128.9149146,35.23939556
2001,아파트,36401,2,128.9139921,35.23943674
2001,아파트,36403,2,128.9158041,35.23933502
7107,병원,34913,2,128.8891499,35.22935528
2001,아파트,35203,2,128.8970519,35.23439165
2001,아파트,36404,2,128.9154681,35.23976859
2001,아파트,36405,2,128.9153723,35.23938067
2001,아파트,36406,2,128.9148915,35.23832734
2001,아파트,36408,2,128.9145279,35.23858886
2001,아파트,36409,2,128.9157789,35.23888041
2001,아파트,36414,2,128.9167089,35.23817026
2001,아파트,36415,2,128.9169706,35.23777728
2001,아파트,36417,2,128.9163171,35.23830964
2001,아파트,36418,2,128.9163794,35.23859586
15001,주유소,37010,2,128.9207264,35.23377929
15001,주유소,37011,2,128.9207712,35.23390518
15001,주유소,39141,2,128.839554,35.2170338
15001,주유소,39142,2,128.8397863,35.21706256
16001,주차장,34131,2,128.8797057,35.23100121
2001,아파트,35233,2,128.8537535,35.23080607
2001,아파트,35237,2,128.8521499,35.23112119
2001,아파트,35239,2,128.852621,35.2311475
2001,아파트,35240,2,128.852163,35.23093462
2001,아파트,35243,2,128.8522227,35.23051233
2001,아파트,35245,2,128.8527582,35.23025786
2001,아파트,35246,2,128.8532548,35.23093309
2001,아파트,35250,2,128.8527145,35.23070143
2001,아파트,46589,2,128.8146728,35.19681529
2001,아파트,47698,2,128.8734668,35.22241642
2001,아파트,46322,2,128.8160115,35.20034241
2001,아파트,47687,2,128.8740624,35.22302733
2001,아파트,47688,2,128.8733507,35.22335385
2001,아파트,47689,2,128.8738522,35.22334876
2001,아파트,47693,2,128.8744837,35.22308198
2001,아파트,47695,2,128.8741689,35.22257377
2001,아파트,47697,2,128.8735032,35.22291149
15001,주유소,40001,2,128.8201972,35.25643435
15001,주유소,40002,2,128.8202823,35.2565387
2001,아파트,46674,2,128.8108585,35.19409241
2001,아파트,46675,2,128.8112649,35.19381585
2001,아파트,46677,2,128.8101974,35.19364898
2001,아파트,46678,2,128.8094995,35.19321103
2001,아파트,46679,2,128.8093993,35.19282013
2001,아파트,46680,2,128.8107166,35.19342248
2001,아파트,46683,2,128.8105474,35.19298884
2001,아파트,46685,2,128.8099242,35.19289093
7107,병원,47097,2,128.8056806,35.18771502
2001,아파트,47103,2,128.7981126,35.19475193
2001,아파트,47104,2,128.7986318,35.19478054
2001,아파트,47105,2,128.7989093,35.19515196
2001,아파트,47106,2,128.7987108,35.1956188
2001,아파트,47107,2,128.7983485,35.19533609
2001,아파트,45344,2,128.9030628,35.24669334
2001,아파트,45345,2,128.9028639,35.2454208
2001,아파트,45347,2,128.9026715,35.24652542
2001,아파트,45350,2,128.9028548,35.24588882
2001,아파트,45351,2,128.9031851,35.24631039
16001,주차장,45840,2,128.9034534,35.23649561
2001,아파트,47108,2,128.7980035,35.19495332
2001,아파트,47110,2,128.7958248,35.19418034
2001,아파트,47111,2,128.796518,35.1940988
2001,아파트,47112,2,128.794952,35.19419149
2001,아파트,47113,2,128.7953285,35.19370991
2001,아파트,45354,2,128.9028202,35.2448945
2001,아파트,45355,2,128.9029097,35.24440557
2001,아파트,45359,2,128.9029073,35.24391388
2001,아파트,45645,2,128.9047099,35.23215611
2001,아파트,42377,2,128.7541137,35.24524648
7107,병원,45400,2,128.9059067,35.24518917
2001,아파트,42378,2,128.7542202,35.24583501
2001,아파트,42379,2,128.7542536,35.24618745
15001,주유소,41418,2,128.7624842,35.29359283
15001,주유소,41419,2,128.7623003,35.29346676
15001,주유소,41420,2,128.7621866,35.29336382
2001,아파트,45965,2,128.732506,35.30864025
2001,아파트,45966,2,128.7325598,35.30910643
2001,아파트,45967,2,128.732623,35.30961047
2001,아파트,45968,2,128.732682,35.31012244
2001,아파트,45972,2,128.7331029,35.30985634
2001,아파트,46269,2,128.814886,35.1989975
2001,아파트,46270,2,128.8140977,35.19954932
2001,아파트,46272,2,128.8143067,35.19895889
2001,아파트,46273,2,128.8146733,35.19880882
2001,아파트,46274,2,128.8146136,35.19927305
2001,아파트,45973,2,128.7330025,35.30888923
2001,아파트,45974,2,128.7335714,35.30902317
2001,아파트,45975,2,128.7336013,35.30953104
2001,아파트,45981,2,128.7335182,35.30855962
2001,아파트,45982,2,128.7336496,35.31006212
2001,아파트,45217,2,128.9011999,35.22942146
2001,아파트,45218,2,128.9009615,35.22938077
2001,아파트,45514,2,128.9029441,35.23077647
2001,아파트,118981,2,128.8511623,35.22299211
7107,병원,72589,2,128.8764427,35.21997953
2001,아파트,72413,2,128.7110397,35.30484518
2001,아파트,72414,2,128.7106741,35.30463415
2001,아파트,72415,2,128.7113332,35.30504927
2001,아파트,72416,2,128.711405,35.30474503
2001,아파트,63651,2,128.8115087,35.20040586
2001,아파트,63654,2,128.8033913,35.20275974
2001,아파트,63655,2,128.8029124,35.20316962
2001,아파트,63657,2,128.8033247,35.20368135
2001,아파트,63660,2,128.8034383,35.20323664
2001,아파트,63670,2,128.8056093,35.20529477
2001,아파트,63672,2,128.8062016,35.20473681
2001,아파트,63674,2,128.8061569,35.20519171
2001,아파트,63675,2,128.8067559,35.20505885
2001,아파트,63677,2,128.8067486,35.20547397
2001,아파트,63678,2,128.806117,35.20565836
2001,아파트,63680,2,128.8053191,35.20472645
2001,아파트,63682,2,128.8057346,35.20433344
2001,아파트,63683,2,128.8045681,35.20418297
2001,아파트,63684,2,128.804461,35.20366402
2001,아파트,63686,2,128.8046132,35.20464777
2001,아파트,63687,2,128.8052826,35.20401377
2001,아파트,63689,2,128.8039324,35.2041625
2001,아파트,63691,2,128.8078788,35.20460653
2001,아파트,63694,2,128.8081469,35.20424816
2001,아파트,63695,2,128.8063236,35.20394395
2001,아파트,63697,2,128.8075473,35.20491916
2001,아파트,63699,2,128.8068801,35.20434326
2001,아파트,63701,2,128.8074265,35.20386758
2001,아파트,63702,2,128.806916,35.20385635
2001,아파트,63704,2,128.8068465,35.20345002
7107,병원,64019,2,128.8056169,35.20866517
2001,아파트,63593,2,128.7993372,35.20317929
2001,아파트,63594,2,128.7998899,35.20357481
2001,아파트,63596,2,128.7990165,35.2036155
2001,아파트,63602,2,128.7985758,35.20408572
6310,복합유통.제공업소,61770,2,128.8231552,35.2352862
6310,복합유통.제공업소,61771,2,128.8234451,35.23543347
6310,복합유통.제공업소,61772,2,128.823249,35.23577219
2001,아파트,63604,2,128.799378,35.20465861
2001,아파트,63605,2,128.7991608,35.20414357
2001,아파트,63607,2,128.7998651,35.2042001
2001,아파트,63609,2,128.804738,35.20728142
2001,아파트,63612,2,128.8039691,35.20732124
2001,아파트,63613,2,128.8041137,35.20676206
2001,아파트,63615,2,128.8033326,35.20749842
2001,아파트,63618,2,128.8039033,35.20790639
2001,아파트,63620,2,128.8056972,35.20610098
2001,아파트,63621,2,128.8052862,35.20619853
2001,아파트,63622,2,128.8051634,35.20660598
2001,아파트,63623,2,128.8052124,35.2057564
2001,아파트,63626,2,128.8046712,35.20626672
2001,아파트,63628,2,128.8040336,35.20610441
2001,아파트,63629,2,128.8044442,35.20533155
2001,아파트,63630,2,128.8038396,35.20565839
2001,아파트,63631,2,128.8041165,35.20585921
2001,아파트,63639,2,128.810169,35.1995604
2001,아파트,63640,2,128.8096305,35.20041809
2001,아파트,63641,2,128.8101456,35.20077122
2001,아파트,63642,2,128.8100722,35.20039369
2001,아파트,63643,2,128.8105325,35.20029162
2001,아파트,63644,2,128.8100799,35.1999716
2001,아파트,63645,2,128.8106329,35.19982611
2001,아파트,63647,2,128.8110878,35.20010219
2001,아파트,59925,2,128.798922,35.18240636
8104,대학교,56871,2,128.8610526,35.25688553
8104,대학교,56872,2,128.8621848,35.25672887
2001,아파트,60284,2,128.8086245,35.19077352
2001,아파트,60285,2,128.8070779,35.19038657
2001,아파트,60286,2,128.8077402,35.19048569
2001,아파트,60287,2,128.8083936,35.19013967
2001,아파트,60288,2,128.807501,35.1898462
16001,주차장,56880,2,128.8676437,35.24995241
15001,주유소,60624,2,128.8940335,35.23475918
15001,주유소,60625,2,128.8941306,35.23464958
15001,주유소,60626,2,128.8939811,35.23450935
2001,아파트,119248,2,128.7186335,35.30668264
2001,아파트,119249,2,128.7193269,35.30678915
2001,아파트,60891,2,128.8575735,35.23023635
2001,아파트,60892,2,128.8577585,35.23033188
2001,아파트,60893,2,128.857686,35.229491
2001,아파트,60894,2,128.8578136,35.22964367
2001,아파트,60895,2,128.8572909,35.23017978
2001,아파트,60896,2,128.8576607,35.22972915
2001,아파트,60897,2,128.8574755,35.22987228
2001,아파트,60898,2,128.8571963,35.23013019
2001,아파트,60899,2,128.8573363,35.22973695
2001,아파트,60900,2,128.8573862,35.22972945
2001,아파트,60901,2,128.8581637,35.23014943
2001,아파트,60902,2,128.8578733,35.23000387
2001,아파트,60903,2,128.8580963,35.22977672
2001,아파트,60904,2,128.8584005,35.23024515
2001,아파트,60905,2,128.8583866,35.23000805
7107,병원,60907,2,128.8570749,35.23073387
7107,병원,60908,2,128.8569498,35.23069447
7107,병원,60909,2,128.8570559,35.23085419
7107,병원,60910,2,128.8574644,35.23081364
6310,복합유통.제공업소,60913,2,128.9164199,35.21835975
6310,복합유통.제공업소,60914,2,128.9161587,35.21840079
6310,복합유통.제공업소,60915,2,128.9162979,35.2185366
2001,아파트,119250,2,128.7200185,35.30688649
2001,아파트,119251,2,128.7187855,35.30636267
15001,주유소,59564,2,128.9510986,35.2364513
15001,주유소,59565,2,128.9512085,35.23625045
2001,아파트,57831,2,128.8755772,35.24763345
2001,아파트,57832,2,128.8748323,35.24717993
2001,아파트,57834,2,128.8744225,35.24754835
2001,아파트,57838,2,128.8764744,35.24693515
2001,아파트,57839,2,128.8749681,35.24677172
5301,예식장,59898,2,128.7919472,35.18705948
2001,아파트,59905,2,128.7969312,35.18307523
2001,아파트,59906,2,128.7958511,35.18279734
2001,아파트,59907,2,128.7964413,35.18262026
2001,아파트,59910,2,128.7972568,35.18198508
2001,아파트,57840,2,128.8761254,35.24676238
2001,아파트,57841,2,128.8753136,35.24694279
2001,아파트,57842,2,128.8752791,35.24634911
2001,아파트,57843,2,128.8756235,35.24652201
2001,아파트,57844,2,128.8765254,35.24725184
2001,아파트,59911,2,128.7971684,35.18250388
2001,아파트,59912,2,128.7961125,35.18227144
2001,아파트,59913,2,128.7967961,35.18212613
2001,아파트,59914,2,128.7963674,35.18174841
2001,아파트,59917,2,128.7980495,35.1819166
2001,아파트,59918,2,128.7984636,35.18274335
2001,아파트,59920,2,128.7977681,35.18333182
2001,아파트,59921,2,128.7987816,35.18309244
2001,아파트,59922,2,128.7986253,35.18357342
2001,아파트,59923,2,128.7980626,35.18238915
2001,아파트,59924,2,128.7989384,35.18191697
2001,아파트,65299,2,128.7235764,35.30326717
2001,아파트,65302,2,128.7233834,35.30295747
2001,아파트,65607,2,128.7094559,35.29356486
2001,아파트,65608,2,128.7100548,35.29330938
2001,아파트,65609,2,128.7091268,35.29312357
2001,아파트,66197,2,128.9018746,35.24459858
2001,아파트,66198,2,128.9013555,35.24552378
2001,아파트,66199,2,128.9017985,35.2459196
2001,아파트,66206,2,128.9013268,35.24481262
2001,아파트,65610,2,128.7089771,35.29261996
2001,아파트,65611,2,128.7098284,35.2928302
2001,아파트,65612,2,128.7095784,35.29235627
2001,아파트,66207,2,128.9018048,35.24519698
2001,아파트,69517,2,128.8833903,35.23605372
2001,아파트,65225,2,128.7538031,35.29896786
2001,아파트,65226,2,128.7540707,35.29902116
2001,아파트,65227,2,128.7540078,35.29887846
2001,아파트,65228,2,128.7542311,35.29909983
6310,복합유통.제공업소,66035,2,128.8895504,35.21496742
2001,아파트,64964,2,128.7408867,35.301209
2001,아파트,64965,2,128.7408186,35.30072615
2001,아파트,69256,2,128.8751737,35.23731737
2001,아파트,64968,2,128.7402956,35.30104392
2001,아파트,64974,2,128.7418364,35.30122111
2001,아파트,64977,2,128.742273,35.30163246
2001,아파트,69258,2,128.8756918,35.23706172
2001,아파트,69259,2,128.8756503,35.23737383
2001,아파트,69261,2,128.8754056,35.23705462
2001,아파트,65276,2,128.7220467,35.30391683
2001,아파트,65277,2,128.7222912,35.30386674
2001,아파트,65278,2,128.7222783,35.30350028
2001,아파트,65281,2,128.7223734,35.30321285
2001,아파트,52688,2,128.8045317,35.32032524
2001,아파트,54929,2,128.9011783,35.23865699
2001,아파트,54930,2,128.901481,35.23853984
2001,아파트,54931,2,128.9011032,35.23813215
2001,아파트,54932,2,128.9013544,35.23799589
2001,아파트,54933,2,128.9008479,35.2382734
2001,아파트,54936,2,128.8947593,35.22941016
2001,아파트,54937,2,128.8946822,35.22922295
2001,아파트,55430,2,128.9105298,35.24390421
2001,아파트,55431,2,128.9107762,35.24351045
2001,아파트,53948,2,128.8647829,35.23347836
2001,아파트,53950,2,128.8647073,35.2330016
2001,아파트,53951,2,128.8644874,35.23254274
16001,주차장,54643,2,128.8842046,35.23665134
7107,병원,55763,2,128.8979365,35.22851807
2001,아파트,53952,2,128.8634128,35.23268231
2001,아파트,53954,2,128.8636257,35.23369206
2001,아파트,53955,2,128.8635192,35.23315444
16001,주차장,54670,2,128.8820128,35.23658396
2001,아파트,55464,2,128.8942447,35.23050883
2001,아파트,53962,2,128.8637143,35.23423111
2001,아파트,53963,2,128.8637279,35.23471639
2001,아파트,53964,2,128.8648759,35.23394964
2001,아파트,53966,2,128.8646268,35.23459954
2001,아파트,54123,2,128.868536,35.26408977
2001,아파트,54124,2,128.8670878,35.26410297
2001,아파트,54125,2,128.8673101,35.26357449
2001,아파트,54126,2,128.8685934,35.26349551
15001,주유소,56130,2,128.8385384,35.20430856
2001,아파트,54129,2,128.8677428,35.2633206
2001,아파트,54132,2,128.8676449,35.26392565
2001,아파트,54134,2,128.8708645,35.26540345
2001,아파트,54137,2,128.8709349,35.26481737
2001,아파트,54138,2,128.8710897,35.26364099
2001,아파트,55821,2,128.8952142,35.23422895
2001,아파트,53987,2,128.8680504,35.23413331
2001,아파트,53989,2,128.8684892,35.2335613
2001,아파트,53991,2,128.8687651,35.23404141
2001,아파트,53992,2,128.8680605,35.23209922
2001,아파트,53994,2,128.8681035,35.23259493
2001,아파트,53997,2,128.8681993,35.23307714
2001,아파트,54139,2,128.8710094,35.26421489
2001,아파트,54140,2,128.8704712,35.2650656
2001,아파트,54141,2,128.8700388,35.26471908
2001,아파트,54143,2,128.8705437,35.264475
2001,아파트,54144,2,128.8701319,35.26409707
2001,아파트,54148,2,128.8702333,35.26357495
2001,아파트,54151,2,128.869322,35.26425703
2001,아파트,54152,2,128.8693941,35.26366199
2001,아파트,54154,2,128.8700377,35.26534779
2001,아파트,54156,2,128.8693336,35.26525982
2001,아파트,55564,2,128.8941932,35.23135688
2001,아파트,55567,2,128.8951843,35.23116992
2001,아파트,55568,2,128.895652,35.23120556
2001,아파트,55569,2,128.8953819,35.23092894
2001,아파트,55884,2,128.8550312,35.22262633
2001,아파트,55616,2,128.8929625,35.231645
2001,아파트,55617,2,128.892807,35.23173277
2001,아파트,54519,2,128.8877281,35.23111931
2001,아파트,54520,2,128.887353,35.2310819
2001,아파트,54522,2,128.8880618,35.23123972
2001,아파트,54523,2,128.8883656,35.23128919
2001,아파트,54524,2,128.888458,35.2310074
2001,아파트,55318,2,128.8955062,35.22965379
2001,아파트,56816,2,128.8605873,35.26561175
2001,아파트,56818,2,128.8611281,35.26562695
2001,아파트,56819,2,128.8607807,35.26518443
2001,아파트,56820,2,128.8617266,35.26557366
2001,아파트,56821,2,128.8605858,35.26629303
2001,아파트,56824,2,128.8611099,35.26630773
2001,아파트,56826,2,128.8608825,35.26600148
2001,아파트,56827,2,128.8616919,35.26608028
2001,아파트,56831,2,128.8609979,35.26772783
2001,아파트,56837,2,128.860555,35.26720922
2001,아파트,56839,2,128.8612975,35.26713915
7107,병원,56850,2,128.8615464,35.2621631
7107,병원,56852,2,128.8610031,35.26162132
5301,예식장,54305,2,128.8861267,35.22842034
2001,아파트,54898,2,128.8910912,35.22896933
2001,아파트,55381,2,128.9081331,35.24400174
2001,아파트,55711,2,128.8961311,35.23415331
8104,대학교,56870,2,128.8616244,35.25636624
16001,주차장,52670,2,128.809771,35.31364371
2001,아파트,54928,2,128.9016785,35.23789903
7107,병원,56851,2,128.8615388,35.26309494
15001,주유소,92174,2,128.7940837,35.21123512
2001,아파트,90027,2,128.7357833,35.30375851
2001,아파트,90028,2,128.7358183,35.30384223
2001,아파트,90029,2,128.7357618,35.30367579
2001,아파트,90031,2,128.7359351,35.3036992
2001,아파트,90032,2,128.7360676,35.30378619
2001,아파트,90033,2,128.7360609,35.30353355
16001,주차장,119159,2,128.7600878,35.18356704
2001,아파트,90124,2,128.733321,35.30402837
2001,아파트,90134,2,128.7326349,35.30407195
2001,아파트,92291,2,128.8159875,35.20194662
2001,아파트,92296,2,128.8180818,35.20182643
2001,아파트,92297,2,128.8174678,35.2019438
2001,아파트,90189,2,128.7306654,35.30535124
2001,아파트,90190,2,128.7308867,35.30517305
2001,아파트,90191,2,128.7308943,35.30513813
2001,아파트,91487,2,128.9041145,35.23062352
2001,아파트,91502,2,128.8997839,35.23025433
16001,주차장,91543,2,128.9048533,35.24500885
2001,아파트,107528,2,128.8506114,35.23192312
2001,아파트,125343,2,128.816759,35.20023546
2001,아파트,80495,2,128.8614674,35.22872195
2001,아파트,80496,2,128.8623975,35.22810316
2001,아파트,80498,2,128.8620098,35.22837388
2001,아파트,82530,2,128.9123817,35.24211317
2001,아파트,82531,2,128.9126493,35.24232739
2001,아파트,82532,2,128.912823,35.2423974
2001,아파트,82533,2,128.9129865,35.2424718
2001,아파트,80499,2,128.8612768,35.22833704
2001,아파트,80500,2,128.8630325,35.22812346
2001,아파트,80501,2,128.861648,35.2290766
2001,아파트,80503,2,128.8621768,35.22871197
2001,아파트,80504,2,128.8626932,35.22890469
2001,아파트,80505,2,128.8629229,35.22853249
2001,아파트,81691,2,128.9010051,35.23726162
16001,주차장,81770,2,128.9032296,35.2364939
2001,아파트,81862,2,128.915164,35.237492
2001,아파트,82131,2,128.9247532,35.23036626
2001,아파트,82132,2,128.9249959,35.22972289
2001,아파트,81866,2,128.9154092,35.23770444
2001,아파트,81867,2,128.9156854,35.2380726
2001,아파트,81869,2,128.9160944,35.23767609
2001,아파트,78562,2,128.7965305,35.18768851
2001,아파트,78563,2,128.7960668,35.18658136
2001,아파트,78564,2,128.7958934,35.18724605
2001,아파트,78566,2,128.7971126,35.18687059
2001,아파트,78567,2,128.7967796,35.18724609
2001,아파트,79417,2,128.8737115,35.23357757
2001,아파트,79418,2,128.8737332,35.23370738
2001,아파트,79419,2,128.874372,35.2337621
2001,아파트,79420,2,128.8740412,35.23341141
2001,아파트,79425,2,128.8742409,35.23459807
2001,아파트,79426,2,128.8741977,35.2349687
2001,아파트,79427,2,128.8744598,35.23476528
2001,아파트,79428,2,128.8744382,35.23499769
2001,아파트,79429,2,128.8744428,35.23491237
2001,아파트,79431,2,128.872901,35.23459974
2001,아파트,79432,2,128.8731541,35.23445613
2001,아파트,79433,2,128.8737143,35.23413181
2001,아파트,79434,2,128.8737044,35.23428688
2001,아파트,79435,2,128.8742949,35.23401443
15001,주유소,75461,2,128.9606051,35.3080543
15001,주유소,75462,2,128.9604264,35.30788942
7107,병원,77333,2,128.8080267,35.20359699
2001,아파트,120380,2,128.8282535,35.16801938
2001,아파트,120381,2,128.8288649,35.16847369
2001,아파트,120382,2,128.8289173,35.16722671
2001,아파트,120383,2,128.8294942,35.16662542
2001,아파트,120384,2,128.8291626,35.16779135
2001,아파트,120385,2,128.8296,35.16802793
2001,아파트,120386,2,128.8300394,35.16740175
2001,아파트,120387,2,128.830285,35.16673856
2001,아파트,119290,2,128.8473648,35.22967037
2001,아파트,119291,2,128.8473379,35.22886596
2001,아파트,119292,2,128.8478916,35.22928253
2001,아파트,119293,2,128.8475358,35.22844417
2001,아파트,119284,2,128.846659,35.23086966
2001,아파트,119285,2,128.8459789,35.22979229
2001,아파트,119286,2,128.8464391,35.22961648
2001,아파트,119287,2,128.8466782,35.23030379
2001,아파트,119288,2,128.8471087,35.23008608
2001,아파트,119289,2,128.8466638,35.22915798
2001,아파트,119294,2,128.848005,35.22830959
2001,아파트,119295,2,128.8481645,35.22890301
2001,아파트,119296,2,128.8481749,35.22785967
2001,아파트,119281,2,128.8455886,35.23018518
2001,아파트,119282,2,128.8459716,35.23036497
2001,아파트,119283,2,128.8462921,35.23069566
2001,아파트,104184,2,128.8868443,35.23330704
2001,아파트,107799,2,128.8200797,35.17852205
2001,아파트,107800,2,128.8191942,35.17831327
2001,아파트,107801,2,128.8192001,35.17784712
2001,아파트,107802,2,128.8201167,35.17805148
2001,아파트,107803,2,128.8192073,35.1773892
2001,아파트,107804,2,128.8201716,35.17759476
2001,아파트,107805,2,128.8192819,35.1768699
15001,주유소,108246,2,128.7526234,35.24544037
15001,주유소,109475,2,128.8504353,35.34985389
15001,주유소,109476,2,128.8506312,35.34980704
7107,병원,109896,2,128.887287,35.22745142
15001,주유소,110670,2,128.7086586,35.29815458
15001,주유소,110671,2,128.7089253,35.29811466
15001,주유소,110672,2,128.7087995,35.29804942
2001,아파트,111054,2,128.743479,35.30224395
2001,아파트,111055,2,128.7435143,35.30238552
2001,아파트,111056,2,128.7429861,35.30243223
2001,아파트,99766,2,128.8677197,35.27421096
2001,아파트,99767,2,128.8677336,35.27478605
2001,아파트,99768,2,128.8670866,35.27422496
2001,아파트,99769,2,128.8670281,35.27477545
2001,아파트,99770,2,128.8663686,35.27477472
2001,아파트,99771,2,128.8664271,35.27422423
2001,아파트,99772,2,128.8664938,35.27379166
2001,아파트,99773,2,128.8680762,35.27426582
2001,아파트,99774,2,128.8681424,35.27439607
2001,아파트,99775,2,128.8681566,35.27473535
2001,아파트,104825,2,128.8504077,35.2223745
2001,아파트,106706,2,128.9009012,35.23460333
2001,아파트,107807,2,128.8202358,35.17713789
2001,아파트,107808,2,128.8194879,35.1762762
2001,아파트,107809,2,128.8203271,35.1766501
2001,아파트,107810,2,128.8185641,35.17666512
2001,아파트,107811,2,128.8188063,35.17606252
2001,아파트,107812,2,128.8179356,35.17662672
2001,아파트,107813,2,128.8181604,35.17595966
2001,아파트,107814,2,128.8173364,35.17658325
2001,아파트,107815,2,128.8174786,35.17590885
2001,아파트,107816,2,128.8167248,35.17657334
2001,아파트,107817,2,128.8167928,35.17588861
16001,주차장,108262,2,128.8142973,35.17744208
15001,주유소,109076,2,128.8977587,35.22738713
15001,주유소,109077,2,128.8977749,35.22726076
15001,주유소,109078,2,128.8977809,35.22720675
15001,주유소,109513,2,128.760743,35.27213177
2001,아파트,109862,2,128.8547711,35.22269797
2001,아파트,109864,2,128.8552858,35.22256972
2001,아파트,109867,2,128.8655584,35.25475019
2001,아파트,110079,2,128.8928877,35.22926847
2001,아파트,110214,2,128.8684502,35.22854387
2001,아파트,110472,2,128.8833516,35.22471704
2001,아파트,110473,2,128.8826736,35.22456126
2001,아파트,110474,2,128.881996,35.22463244
2001,아파트,110475,2,128.8839894,35.22485305
2001,아파트,110476,2,128.8846211,35.22498738
2001,아파트,93686,2,128.8727149,35.22277227
2001,아파트,99776,2,128.8681427,35.27491813
2001,아파트,99777,2,128.8681586,35.27394583
2001,아파트,99778,2,128.8680814,35.27379387
2001,아파트,99779,2,128.8677064,35.27326033
2001,아파트,99780,2,128.8666162,35.27287573
2001,아파트,99781,2,128.8666953,35.27330861
2001,아파트,99782,2,128.8676655,35.27372987
2001,아파트,99783,2,128.8681277,35.27340103
2001,아파트,99784,2,128.8681665,35.27320541
2001,아파트,100085,2,128.8884754,35.23180902
15001,주유소,106372,2,128.8512845,35.34747751
15001,주유소,106373,2,128.8515006,35.34766971
16001,주차장,108296,2,128.8120121,35.16961677
2001,아파트,109115,2,128.8509416,35.22269964
2001,아파트,109125,2,128.8508623,35.22300312
15001,주유소,109514,2,128.7606342,35.27200102
2001,아파트,100086,2,128.8881644,35.23175938
2001,아파트,100087,2,128.8885246,35.23229064
2001,아파트,106383,2,128.8512002,35.22267332
2001,아파트,106389,2,128.8157864,35.19700082
2001,아파트,109142,2,128.8715508,35.25177581
16001,주차장,110020,2,128.8144318,35.17295048
2001,아파트,110034,2,128.9047935,35.24274883
16001,주차장,111610,2,128.8274475,35.2122789
5301,예식장,104251,2,128.8692567,35.26029299
2001,아파트,106441,2,128.8579278,35.22260991
2001,아파트,107125,2,128.8178279,35.17785677
2001,아파트,107126,2,128.8181986,35.178014
2001,아파트,107127,2,128.818217,35.17751677
2001,아파트,107128,2,128.8178339,35.17731042
2001,아파트,107908,2,128.8632805,35.25903203
2001,아파트,107909,2,128.8633848,35.25858375
2001,아파트,107910,2,128.8634932,35.25807646
2001,아파트,107911,2,128.8638532,35.25803857
2001,아파트,107912,2,128.863617,35.25902573
2001,아파트,108715,2,128.812594,35.17304379
2001,아파트,108716,2,128.8132521,35.17260713
2001,아파트,108717,2,128.8136237,35.17302123
2001,아파트,108718,2,128.8140381,35.17347856
2001,아파트,108719,2,128.8135338,35.17376188
2001,아파트,108720,2,128.8124452,35.17398212
16001,주차장,109190,2,128.7375685,35.30260248
15001,주유소,110757,2,128.8211252,35.19047144
15001,주유소,110758,2,128.8209813,35.19071007
16001,주차장,99546,2,128.8569888,35.23419672
2001,아파트,100761,2,128.9013368,35.23466008
15001,주유소,102953,2,128.8715115,35.22380251
15001,주유소,102954,2,128.8716516,35.22378642
2001,아파트,107526,2,128.8504169,35.23234012
2001,아파트,107527,2,128.8509895,35.23214172
2001,아파트,108731,2,128.8632977,35.22128217
2001,아파트,111411,2,128.9026121,35.23098027
2001,아파트,97437,2,128.8511572,35.20536824
15001,주유소,98639,2,128.7141689,35.27935972
15001,주유소,98640,2,128.7143407,35.27945401
15001,주유소,98641,2,128.7139447,35.27930676
15001,주유소,98642,2,128.7148065,35.27944432
16001,주차장,108384,2,128.815596,35.17227432
2001,아파트,108757,2,128.8153135,35.17040292
2001,아파트,111002,2,128.8944474,35.23240751
15001,주유소,98643,2,128.7147457,35.27955686
15001,주유소,98644,2,128.7147981,35.27962653
15001,주유소,101104,2,128.9678067,35.3161068
2001,아파트,104640,2,128.8573809,35.2217463
2001,아파트,106854,2,128.9223791,35.23353399
2001,아파트,107206,2,128.8973101,35.22946431
2001,아파트,107578,2,128.8669322,35.24975996
2001,아파트,107579,2,128.8669936,35.24924975
2001,아파트,107580,2,128.867079,35.24876307
2001,아파트,107581,2,128.8663221,35.24869728
2001,아파트,107582,2,128.8658456,35.24868911
2001,아파트,107583,2,128.865865,35.24924798
2001,아파트,107584,2,128.8663034,35.2492723
2001,아파트,107585,2,128.8664419,35.24965813
2001,아파트,107586,2,128.8669135,35.25042587
2001,아파트,107587,2,128.8667784,35.25087031
2001,아파트,107588,2,128.8666646,35.25128118
2001,아파트,107589,2,128.8666183,35.25184103
2001,아파트,107590,2,128.86647,35.25249169
2001,아파트,107591,2,128.865857,35.25246061
2001,아파트,108398,2,128.8647027,35.25933744
2001,아파트,108399,2,128.8648241,35.25891148
2001,아파트,108400,2,128.864952,35.25839781
2001,아파트,108401,2,128.8644282,35.25828
2001,아파트,108402,2,128.8642584,35.25879365
2001,아파트,108403,2,128.8641594,35.25924085
2001,아파트,108404,2,128.8654411,35.25699273
2001,아파트,108405,2,128.8655233,35.25725054
2001,아파트,108406,2,128.8648739,35.25705311
2001,아파트,108407,2,128.8645384,35.25727298
16001,주차장,109247,2,128.8852656,35.22518664
2001,아파트,107592,2,128.8659767,35.25183954
2001,아파트,107593,2,128.8660627,35.25128855
2001,아파트,107594,2,128.8661915,35.25085266
2001,아파트,107595,2,128.8664522,35.25043364
2001,아파트,100830,2,128.8927378,35.23382244
15001,주유소,104676,2,128.7496815,35.25670752
15001,주유소,104678,2,128.749721,35.25686176
5301,예식장,108045,2,128.9026388,35.22775597
16001,주차장,109669,2,128.85192,35.32517372
2001,아파트,105823,2,128.9077224,35.2460419
2001,아파트,106195,2,128.8968634,35.2286425
7107,병원,106912,2,128.8039165,35.19134054
2001,아파트,106921,2,128.8143743,35.1699953
2001,아파트,106922,2,128.8147529,35.16979757
2001,아파트,106923,2,128.8153202,35.16943551
2001,아파트,106924,2,128.8158473,35.16926984
2001,아파트,106926,2,128.8150818,35.17011837
2001,아파트,106927,2,128.8149417,35.17061916
2001,아파트,106929,2,128.8158368,35.17006274
2001,아파트,105839,2,128.7502808,35.25012935
2001,아파트,106931,2,128.8168052,35.16963234
16001,주차장,108938,2,128.8787429,35.23189668
16001,주차장,108939,2,128.8690663,35.22226326
2001,아파트,104432,2,128.8635215,35.22813084
2001,아파트,104435,2,128.8111043,35.17285912
2001,아파트,104436,2,128.8114807,35.17260729
2001,아파트,104437,2,128.8118868,35.17239391
2001,아파트,104438,2,128.8122504,35.17215705
2001,아파트,108112,2,128.8181137,35.17204147
2001,아파트,108113,2,128.8177628,35.17145937
2001,아파트,108114,2,128.8176228,35.17079839
2001,아파트,108115,2,128.8172481,35.17021483
2001,아파트,108116,2,128.8169506,35.1707787
2001,아파트,108117,2,128.816338,35.1708586
2001,아파트,108118,2,128.8156474,35.17115635
2001,아파트,108119,2,128.8159952,35.17176042
2001,아파트,108120,2,128.8164991,35.17148331
2001,아파트,108121,2,128.8171152,35.17146065
2001,아파트,108122,2,128.8173105,35.17207735
2001,아파트,108123,2,128.816618,35.17223076
2001,아파트,109377,2,128.7942851,35.19913967
2001,아파트,109402,2,128.866947,35.25123196
2001,아파트,109403,2,128.8671716,35.24994638
2001,아파트,109404,2,128.8633268,35.25930614
2001,아파트,109715,2,128.7432883,35.30225607
2001,아파트,109716,2,128.7428358,35.30231036
2001,아파트,109718,2,128.7423697,35.30224645
7107,병원,99685,2,128.8712373,35.26252438
16001,주차장,103105,2,128.8123763,35.16938365
2001,아파트,104439,2,128.812642,35.17195771
2001,아파트,104440,2,128.8103347,35.17217532
2001,아파트,104441,2,128.8111689,35.17168597
2001,아파트,104442,2,128.8119329,35.1711762
2001,아파트,104443,2,128.8114753,35.17116653
2001,아파트,104444,2,128.8108066,35.17247672
2001,아파트,104445,2,128.8116038,35.17202225
2001,아파트,104446,2,128.8123641,35.17155985
2001,아파트,104447,2,128.8120927,35.17182669
2001,아파트,105140,2,128.9023342,35.24128109
2001,아파트,105143,2,128.7241419,35.30550123
2001,아파트,105144,2,128.723831,35.30553804
16001,주차장,106659,2,128.7370141,35.29764667
2001,아파트,108584,2,128.8130165,35.17405828
2001,아파트,108585,2,128.8120103,35.17338062
7107,병원,96324,2,128.7524543,35.29226951
7107,병원,96325,2,128.7530183,35.29227679
7107,병원,96326,2,128.7529867,35.2925027
2001,아파트,100624,2,128.8927024,35.23069442
2001,아파트,104157,2,128.903071,35.2297385
2001,아파트,104479,2,128.7234643,35.3058629
15001,주유소,105946,2,128.8400505,35.21634139
2001,아파트,107372,2,128.8658636,35.25394734
2001,아파트,107373,2,128.865578,35.25439555
2001,아파트,107374,2,128.865263,35.25489744
2001,아파트,107375,2,128.8650182,35.25531546
2001,아파트,107376,2,128.8645635,35.25515167
2001,아파트,107377,2,128.8647926,35.25466851
2001,아파트,107378,2,128.8650843,35.25422066
2001,아파트,107379,2,128.8653135,35.25379795
2001,아파트,109043,2,128.8166772,35.17617128
2001,아파트,109045,2,128.8196682,35.17847983
7107,병원,109468,2,128.8578075,35.23068442
15001,주유소,102191,2,128.8240958,35.30636053
15001,주유소,102192,2,128.8241317,35.30606015
2001,아파트,103164,2,128.9007816,35.23104013
2001,아파트,103506,2,128.8944583,35.23072083
2001,아파트,136901,2,128.8366907,35.23113024
2001,아파트,181165,2,128.8286234,35.20908842
2001,아파트,119799,2,128.7920778,35.19516502
2001,아파트,119802,2,128.7918172,35.1957316
2001,아파트,119792,2,128.7919919,35.19384899
2001,아파트,119793,2,128.7926347,35.19400153
2001,아파트,119794,2,128.7932883,35.1941813
2001,아파트,119795,2,128.7917629,35.19433523
2001,아파트,119796,2,128.7923711,35.19456338
2001,아파트,119797,2,128.7929972,35.19477361
2001,아파트,119798,2,128.7914885,35.19491894
2001,아파트,119800,2,128.792711,35.19538272
2001,아파트,119801,2,128.791258,35.19548901
16001,주차장,125198,2,128.8367195,35.21195984
2001,아파트,119803,2,128.7924811,35.19596887
2001,아파트,119804,2,128.791603,35.19625313
2001,아파트,119805,2,128.7922361,35.19650756
2001,아파트,121847,2,128.8097845,35.17856917
2001,아파트,122284,2,128.8649337,35.27301241
2001,아파트,122286,2,128.8649933,35.27344367
2001,아파트,122287,2,128.8651134,35.27396733
2001,아파트,122288,2,128.8650503,35.27430784
2001,아파트,122290,2,128.8651542,35.27526496
2001,아파트,122291,2,128.8655644,35.2755677
2001,아파트,122294,2,128.8658209,35.27635162
2001,아파트,122283,2,128.8655283,35.27305012
2001,아파트,122296,2,128.8664211,35.27579492
2001,아파트,122298,2,128.8655953,35.27396787
2001,아파트,122299,2,128.8660337,35.27652984
2001,아파트,122300,2,128.8658233,35.27335971
2001,아파트,122302,2,128.8659838,35.2753915
2001,아파트,172498,2,128.812819,35.19248053
2001,아파트,172440,2,128.8125444,35.19338491
2001,아파트,121848,2,128.8104515,35.17863075
2001,아파트,121849,2,128.8109394,35.17869646
2001,아파트,121850,2,128.8115022,35.17865606
2001,아파트,121851,2,128.8105078,35.17797372
2001,아파트,121852,2,128.8109264,35.17824579
2001,아파트,121853,2,128.8099692,35.17822075
2001,아파트,121854,2,128.8119105,35.17847727
2001,아파트,121855,2,128.8121376,35.17866387
2001,아파트,121856,2,128.8125063,35.17885799
2001,아파트,121880,2,128.8120657,35.17838524
2001,아파트,121881,2,128.8099862,35.1780143
16001,주차장,130618,2,128.8605274,35.23627161
16001,주차장,170578,2,128.7498458,35.23975187
16001,주차장,121899,2,128.8856883,35.22725133
2001,아파트,120388,2,128.8307903,35.16694045
2001,아파트,120389,2,128.8307798,35.16613815
2001,아파트,120390,2,128.8284679,35.16747677
2001,아파트,120391,2,128.8287377,35.16755337
2001,아파트,120303,2,128.818151,35.20043589
2001,아파트,120304,2,128.818095,35.20000419
2001,아파트,120305,2,128.8174422,35.19984269
2001,아파트,120306,2,128.8174415,35.19929538
2001,아파트,120307,2,128.8175848,35.19865067
2001,아파트,120308,2,128.8180277,35.19883144
2001,아파트,120309,2,128.8180152,35.19936564
2001,아파트,120310,2,128.8170647,35.19950884
2001,아파트,122323,2,128.8262155,35.16645632
2001,아파트,122324,2,128.8258837,35.16621048
2001,아파트,122325,2,128.8254654,35.16587864
2001,아파트,122326,2,128.8284013,35.16414314
2001,아파트,122337,2,128.8267575,35.1659196
2001,아파트,122338,2,128.827248,35.16644408
2001,아파트,122339,2,128.8266537,35.16482568
2001,아파트,122340,2,128.8263993,35.16611066
2001,아파트,122327,2,128.8279315,35.16457868
2001,아파트,122328,2,128.8272894,35.16431744
2001,아파트,122329,2,128.8278008,35.16593429
2001,아파트,122330,2,128.8273272,35.16540313
2001,아파트,122331,2,128.8283724,35.16539562
2001,아파트,122332,2,128.8278064,35.16498069
2001,아파트,122333,2,128.8272482,35.16487569
2001,아파트,122334,2,128.826612,35.16545933
2001,아파트,122335,2,128.8278168,35.16397388
2001,아파트,122336,2,128.8260724,35.16536138
2001,아파트,120374,2,128.8275053,35.17101669
2001,아파트,120375,2,128.8273443,35.17164471
2001,아파트,120369,2,128.8280987,35.17148042
2001,아파트,120370,2,128.8282985,35.17087472
2001,아파트,120371,2,128.8285432,35.17032517
2001,아파트,120368,2,128.8276616,35.17205075
2001,아파트,120372,2,128.8287439,35.16982023
2001,아파트,120373,2,128.8270218,35.17141041
2001,아파트,120394,2,128.8248081,35.16878028
2001,아파트,120395,2,128.8248812,35.1682031
2001,아파트,120396,2,128.8248534,35.16764919
2001,아파트,120397,2,128.824815,35.16710016
2001,아파트,120401,2,128.8253607,35.16738056
2001,아파트,120398,2,128.8247302,35.16655302
2001,아파트,120399,2,128.8255359,35.16704524
2001,아파트,120400,2,128.8259781,35.16746991
2001,아파트,122658,2,128.8440929,35.23650481
2001,아파트,122650,2,128.8437987,35.23601272
2001,아파트,122651,2,128.844156,35.23585219
2001,아파트,122652,2,128.8447743,35.23586901
2001,아파트,122653,2,128.8454826,35.23582326
2001,아파트,122654,2,128.8461981,35.23611894
2001,아파트,122655,2,128.8456332,35.23621957
2001,아파트,122656,2,128.8451477,35.23655641
2001,아파트,122657,2,128.8445979,35.23669353
2001,아파트,131978,2,128.8810261,35.23306685
2001,아파트,131478,2,128.8219764,35.20038716
2001,아파트,167858,2,128.790604,35.1983886
2001,아파트,167958,2,128.7916356,35.20019607
2001,아파트,167758,2,128.7914398,35.19757288
2001,아파트,167798,2,128.7909628,35.19793351
2001,아파트,167978,2,128.7903956,35.19973293
2001,아파트,168038,2,128.7898212,35.19997662
2001,아파트,168078,2,128.7913025,35.20058508
2001,아파트,168018,2,128.7897066,35.19969995
2001,아파트,167878,2,128.7912069,35.19917823
2001,아파트,170038,2,128.9135509,35.23746332
2001,아파트,170078,2,128.9141418,35.23745418
2001,아파트,181161,2,128.826664,35.20969269
2001,아파트,181163,2,128.8275223,35.209702
2001,아파트,181166,2,128.8280881,35.20897019
2001,아파트,181167,2,128.826721,35.21032577
2001,아파트,181168,2,128.8277536,35.20927446
16001,주차장,187058,2,128.8704331,35.26135972
2001,아파트,172739,2,128.8133973,35.19635404
2001,아파트,162478,2,128.8454822,35.23095382
2001,아파트,165758,2,128.8607163,35.27379285
2001,아파트,165838,2,128.8595358,35.27373574
2001,아파트,167898,2,128.7906558,35.19903666
2001,아파트,167918,2,128.7903003,35.19885045
2001,아파트,167998,2,128.7912117,35.19986705
2001,아파트,167778,2,128.7914546,35.19810828
2001,아파트,167838,2,128.7910035,35.19851448
2001,아파트,168058,2,128.7908278,35.20022567
16001,주차장,142683,2,128.8049962,35.22284985
2001,아파트,172719,2,128.8123116,35.19552842
2001,아파트,172718,2,128.8130769,35.1949144
2001,아파트,172720,2,128.8135219,35.19524949
2001,아파트,172722,2,128.8141382,35.19620147
2001,아파트,172738,2,128.8140206,35.19661668
2001,아파트,172740,2,128.8127822,35.19589963
2001,아파트,172721,2,128.814128,35.19571234
2001,아파트,168758,2,128.8898304,35.2367174
15001,주유소,169098,2,128.8877103,35.21578581
16001,주차장,111839,2,128.9227645,35.23471927
2001,아파트,181164,2,128.8281529,35.20931188
2001,아파트,181162,2,128.8268841,35.21003985
16001,주차장,170558,2,128.8392587,35.22586934
2001,아파트,167818,2,128.791331,35.19871489
2001,아파트,118019,2,128.738811,35.30663651
2001,아파트,167938,2,128.7899484,35.19903385
2001,아파트,121246,2,128.8281064,35.16904323
2001,아파트,170098,2,128.9138507,35.23802672
2001,아파트,170118,2,128.9138038,35.23843138
2001,아파트,170158,2,128.9128272,35.23863117
2001,아파트,170138,2,128.9136564,35.23890063
2001,아파트,170018,2,128.9128272,35.23741797
2001,아파트,115007,2,128.7366476,35.31505623
15001,주유소,132841,2,128.7405991,35.30958265
15001,주유소,132842,2,128.7408523,35.30982959
2001,아파트,113788,2,128.909698,35.24342604
2001,아파트,116161,2,128.8643686,35.25762745
2001,아파트,113846,2,128.7228538,35.30364649
7107,병원,115033,2,128.8559649,35.23836166
7107,병원,113197,2,128.8936293,35.30169006
2001,아파트,112413,2,128.8990732,35.23501515
2001,아파트,115000,2,128.7377321,35.31434594
2001,아파트,115002,2,128.7366192,35.31384446
2001,아파트,115003,2,128.7363603,35.31402901
2001,아파트,115005,2,128.7360618,35.31454401
2001,아파트,115009,2,128.7372848,35.31501145
2001,아파트,115011,2,128.7369321,35.31456716
2001,아파트,116540,2,128.7423162,35.30737298
2001,아파트,116541,2,128.7425568,35.30660022
2001,아파트,116542,2,128.7432703,35.30684506
2001,아파트,116543,2,128.7439766,35.30714919
2001,아파트,116544,2,128.7448489,35.30751223
2001,아파트,116545,2,128.7438661,35.3076839
2001,아파트,116546,2,128.742954,35.30799335
2001,아파트,116547,2,128.7425852,35.30866908
2001,아파트,116548,2,128.7423263,35.30929222
2001,아파트,123252,2,128.8302145,35.16330775
2001,아파트,111859,2,128.9047483,35.24293928
2001,아파트,113909,2,128.8892772,35.23833087
2001,아파트,112325,2,128.7205063,35.3039355
7107,병원,112926,2,128.7101243,35.29902308
15001,주유소,114686,2,128.7595735,35.29844914
15001,주유소,114687,2,128.7595781,35.29814639
2001,아파트,118020,2,128.7388724,35.30713779
2001,아파트,113711,2,128.8676769,35.22944397
2001,아파트,113051,2,128.7384114,35.30042028
16001,주차장,116462,2,128.8904174,35.22785523
2001,아파트,112272,2,128.7501636,35.24830498
2001,아파트,116422,2,128.7256733,35.31132849
2001,아파트,116423,2,128.7253566,35.31092135
2001,아파트,116424,2,128.7249835,35.31047378
2001,아파트,116425,2,128.7246068,35.310063
2001,아파트,116426,2,128.7241936,35.30972371
2001,아파트,116427,2,128.7246579,35.31066337
2001,아파트,116428,2,128.7237793,35.31003672
2001,아파트,116429,2,128.7245284,35.31132713
2001,아파트,116430,2,128.7241757,35.31107449
2001,아파트,116431,2,128.7237996,35.31137399
2001,아파트,116432,2,128.723835,35.31073057
2001,아파트,116433,2,128.7234488,35.31041963
2001,아파트,116434,2,128.7230328,35.31071612
2001,아파트,116435,2,128.7227201,35.31100299
2001,아파트,112053,2,128.7333353,35.31474936
2001,아파트,112037,2,128.7316237,35.31266781
2001,아파트,112038,2,128.732062,35.31278331
2001,아파트,112039,2,128.7327324,35.3130383
2001,아파트,112040,2,128.7334464,35.31322483
2001,아파트,112041,2,128.7340478,35.31344619
2001,아파트,112042,2,128.7305191,35.31327156
2001,아파트,112044,2,128.7311615,35.3132554
2001,아파트,112045,2,128.7316946,35.31346064
2001,아파트,112046,2,128.7324001,35.31364964
2001,아파트,112047,2,128.7337093,35.31406681
2001,아파트,112048,2,128.7305916,35.31396533
2001,아파트,112049,2,128.7310448,35.31410845
2001,아파트,112050,2,128.7314103,35.31429251
2001,아파트,112051,2,128.7319948,35.31438933
2001,아파트,112052,2,128.7327146,35.31455739
2001,아파트,112238,2,128.7331041,35.31384642
2001,아파트,112326,2,128.7190906,35.30363649
2001,아파트,112329,2,128.719658,35.30340609
2001,아파트,112330,2,128.7207381,35.30307372
2001,아파트,112333,2,128.7201292,35.30326243
2001,아파트,112334,2,128.7192497,35.30290851
2001,아파트,112335,2,128.7196086,35.30278394
2001,아파트,112339,2,128.720074,35.30268996
2001,아파트,113852,2,128.8811786,35.2292432
2001,아파트,113226,2,128.7203394,35.30505223
2001,아파트,113227,2,128.7206864,35.30508767
2001,아파트,113228,2,128.7202897,35.30533988
2001,아파트,113229,2,128.7210516,35.30532246
2001,아파트,113230,2,128.7207244,35.30545992
2001,아파트,113231,2,128.7204811,35.30571507
2001,아파트,113232,2,128.7211824,35.30561122
2001,아파트,113233,2,128.7207181,35.30590588
2001,아파트,113234,2,128.7211749,35.30588854
2001,아파트,115020,2,128.8841638,35.23234399
15001,주유소,114026,2,128.8207618,35.17968297
15001,주유소,114027,2,128.8210679,35.17983512
15001,주유소,114028,2,128.8210289,35.17960514
2001,아파트,115864,2,128.7438696,35.30167633
2001,아파트,115865,2,128.74374,35.30121249
2001,아파트,115866,2,128.7432112,35.30117815
2001,아파트,115867,2,128.7425877,35.30118037
2001,아파트,115868,2,128.7427503,35.30095544
2001,아파트,116114,2,128.8867863,35.24103348
2001,아파트,116115,2,128.8865058,35.24127717
2001,아파트,116116,2,128.886356,35.24159036
2001,아파트,116117,2,128.8867985,35.2414862
2001,아파트,116118,2,128.887115,35.24125157
2001,아파트,116119,2,128.8870129,35.24098359
2001,아파트,115869,2,128.7426561,35.30068181
2001,아파트,115870,2,128.7432167,35.30061244
2001,아파트,115871,2,128.7436829,35.30065659
2001,아파트,115873,2,128.7440165,35.30138635
2001,아파트,115068,2,128.8711365,35.2558198
2001,아파트,116205,2,128.8092533,35.19105365
2001,아파트,116206,2,128.809598,35.19139147
2001,아파트,116207,2,128.8101222,35.19173625
2001,아파트,116208,2,128.8106236,35.19208144
2001,아파트,116209,2,128.8110956,35.19238749
2001,아파트,116210,2,128.8114389,35.19212337
2001,아파트,116211,2,128.8116652,35.19171943
2001,아파트,116212,2,128.811122,35.19148042
2001,아파트,116213,2,128.8105633,35.19121243
2001,아파트,116214,2,128.8100071,35.19094928
2001,아파트,116215,2,128.8094943,35.19067035
16001,주차장,112236,2,128.8010794,35.19153932
15001,주유소,112320,2,128.8245096,35.22234095
2001,아파트,123246,2,128.8291322,35.16357173
2001,아파트,123248,2,128.8292566,35.16295127
2001,아파트,123253,2,128.8298482,35.16391163
2001,아파트,123254,2,128.8290949,35.16218545
2001,아파트,123255,2,128.8300666,35.16224512
15001,주유소,123620,2,128.715861,35.3066325
16001,주차장,125658,2,128.8673175,35.23470014
2001,아파트,125338,2,128.816543,35.20130322
2001,아파트,125339,2,128.8162072,35.20101283
2001,아파트,125340,2,128.8170593,35.20075638
2001,아파트,125341,2,128.8169879,35.20102416
2001,아파트,125344,2,128.8172666,35.2002727
16001,주차장,126366,2,128.871136,35.26095995
2001,아파트,122295,2,128.8664287,35.27622732
2001,아파트,122297,2,128.8664106,35.27539138
2001,아파트,122301,2,128.8654857,35.27435463
2001,아파트,132858,2,128.8268695,35.16283075
2001,아파트,130218,2,128.8615748,35.26837589
2001,아파트,131458,2,128.8214714,35.20025069
2001,아파트,131498,2,128.8217452,35.20060499
2001,아파트,115001,2,128.7372101,35.31408672
2001,아파트,115004,2,128.7362988,35.31431997
2001,아파트,115006,2,128.7360427,35.31483022
2001,아파트,115008,2,128.7372693,35.31529903
2001,아파트,115010,2,128.7375519,35.31479997
2001,아파트,125342,2,128.8166329,35.20069037
2001,아파트,123463,2,128.8274579,35.16266413
2001,아파트,123467,2,128.8268822,35.16344295
2001,아파트,123249,2,128.830848,35.16267984
2001,아파트,106925,2,128.8164278,35.16919449
2001,아파트,106930,2,128.8163697,35.16985907
2001,아파트,122289,2,128.8651873,35.27470954
2001,아파트,122292,2,128.8655858,35.2752862
2001,아파트,122293,2,128.8656675,35.2759045
2001,아파트,126818,2,128.8522868,35.2297373
2001,아파트,121241,2,128.8250122,35.17017585
2001,아파트,121247,2,128.8275548,35.16956516
2001,아파트,122285,2,128.8655923,35.27353253
2001,아파트,148940,2,128.8659741,35.27228429
2001,아파트,148958,2,128.8673397,35.27225528
2001,아파트,148998,2,128.8673315,35.27171466
2001,아파트,149022,2,128.8660018,35.27117569
2001,아파트,149024,2,128.8673618,35.27113347
2001,아파트,149098,2,128.8681759,35.27052458
2001,아파트,148941,2,128.8659305,35.27179362
2001,아파트,148942,2,128.866584,35.27229491
2001,아파트,148943,2,128.8666039,35.27175664
2001,아파트,148978,2,128.8679626,35.27222539
2001,아파트,149018,2,128.8679595,35.27171641
2001,아파트,149019,2,128.8684145,35.27163602
2001,아파트,149020,2,128.8654187,35.27166675
2001,아파트,149021,2,128.8653189,35.27118544
2001,아파트,149023,2,128.866614,35.27117238
2001,아파트,149025,2,128.868019,35.27108773
2001,아파트,149026,2,128.8685302,35.27118407
2001,아파트,149027,2,128.8652401,35.27076589
2001,아파트,149038,2,128.8660414,35.27069885
2001,아파트,149078,2,128.8673689,35.27056601
2001,아파트,151258,2,128.8674922,35.24801019
2001,아파트,151278,2,128.8665036,35.24783296
2001,아파트,151318,2,128.8656721,35.24811746
2001,아파트,151379,2,128.8650893,35.2477612
2001,아파트,151338,2,128.8656517,35.24769387
16001,주차장,150558,2,128.8651109,35.23508604
16001,주차장,150578,2,128.8651863,35.23493096
2001,아파트,149058,2,128.8666267,35.27068501
16001,주차장,176278,2,128.8198592,35.20098285
16001,주차장,185898,2,128.9960459,35.27615481
16001,주차장,185918,2,128.9960416,35.27605414
16001,주차장,185938,2,128.9960127,35.27598547
16001,주차장,185958,2,128.9960077,35.27588601
16001,주차장,185978,2,128.9960047,35.27579218
16001,주차장,185998,2,128.9959994,35.2756957
2001,아파트,187798,2,128.8217069,35.18548296
2001,아파트,187807,2,128.8216577,35.1827812
2001,아파트,188038,2,128.8222095,35.18539863
2001,아파트,188039,2,128.8215362,35.18337152
2001,아파트,188045,2,128.8223158,35.18366517
2001,아파트,187803,2,128.8226634,35.18230663
2001,아파트,187804,2,128.8218263,35.18223274
2001,아파트,187805,2,128.8234247,35.18243435
2001,아파트,187806,2,128.823303,35.18302895
2001,아파트,187808,2,128.8214042,35.18405092
2001,아파트,187809,2,128.8225072,35.18486726
2001,아파트,187810,2,128.8211767,35.1852295
2001,아파트,188044,2,128.8228165,35.18433308
2001,아파트,188985,2,128.8718012,35.25652952
2001,아파트,188986,2,128.8728637,35.25696775
2001,아파트,188987,2,128.8732351,35.25715897
2001,아파트,188978,2,128.8707809,35.25724472
2001,아파트,188980,2,128.8710339,35.25682852
2001,아파트,188983,2,128.8717837,35.25710774
2001,아파트,188979,2,128.8720911,35.25696486
2001,아파트,188981,2,128.8707674,35.25640187
2001,아파트,188982,2,128.8712777,35.25642717
2001,아파트,188984,2,128.8712804,35.2570179
2001,아파트,188988,2,128.8734599,35.2568371
