gid,lon,lat
마라09ab99bb,128.7028144000,35.2884040300
마라09ba98ba,128.7053961000,35.2771078900
마라09ba98bb,128.7054295000,35.2793616400
마라09ba99aa,128.7054629000,35.2816154000
마라09ba99ab,128.7054963000,35.2838691500
마라09ba99ba,128.7055297000,35.2861229100
마라09ba99bb,128.7055631000,35.2883766600
마라09bb98aa,128.7080775000,35.2725729600
마라09bb98ab,128.7081110000,35.2748267100
마라09bb98ba,128.7081445000,35.2770804700
마라09bb98bb,128.7081779000,35.2793342200
마라09bb99aa,128.7082114000,35.2815879800
마라09bb99ab,128.7082449000,35.2838417300
마라09bb99ba,128.7082784000,35.2860954800
마라09bb99bb,128.7083119000,35.2883492300
마라10aa96bb,128.7106581000,35.2612767000
마라10aa97aa,128.7106916000,35.2635304600
마라10aa97ab,128.7107251000,35.2657842200
마라10aa97ba,128.7107586000,35.2680379700
마라10aa97bb,128.7107922000,35.2702917300
마라10aa98aa,128.7108257000,35.2725454800
마라10aa98ab,128.7108593000,35.2747992300
마라10aa98ba,128.7108928000,35.2770529900
마라10aa98bb,128.7109264000,35.2793067400
마라10aa99aa,128.7109599000,35.2815604900
마라10aa99ab,128.7109935000,35.2838142400
마라10aa99ba,128.7110271000,35.2860679900
마라10aa99bb,128.7110606000,35.2883217400
마라10ab96aa,128.7133051000,35.2544879000
마라10ab96ab,128.7133387000,35.2567416600
마라10ab96ba,128.7133723000,35.2589954200
마라10ab96bb,128.7134059000,35.2612491700
마라10ab97aa,128.7134395000,35.2635029300
마라10ab97ab,128.7134731000,35.2657566800
마라10ab97ba,128.7135067000,35.2680104400
마라10ab97bb,128.7135403000,35.2702641900
마라10ab98aa,128.7135739000,35.2725179400
마라10ab98ab,128.7136076000,35.2747716900
마라10ab98ba,128.7136412000,35.2770254400
마라10ab98bb,128.7136748000,35.2792791900
마라10ab99aa,128.7137084000,35.2815329400
마라10ab99ab,128.7137421000,35.2837866900
마라10ab99ba,128.7137757000,35.2860404400
마라10ab99bb,128.7138094000,35.2882941800
마라10ba95bb,128.7160190000,35.2522065600
마라10ba96aa,128.7160527000,35.2544603200
마라10ba96ab,128.7160864000,35.2567140700
마라10ba96ba,128.7161200000,35.2589678300
마라10ba96bb,128.7161537000,35.2612215800
마라10ba97aa,128.7161874000,35.2634753400
마라10ba97ab,128.7162211000,35.2657290900
마라10ba97ba,128.7162547000,35.2679828400
마라10ba97bb,128.7162884000,35.2702365900
마라10ba98aa,128.7163221000,35.2724903400
마라10ba98ab,128.7163558000,35.2747440900
마라10ba98ba,128.7163895000,35.2769978400
마라10ba98bb,128.7164232000,35.2792515800
마라10ba99aa,128.7164569000,35.2815053300
마라10ba99ab,128.7164907000,35.2837590800
마라10ba99ba,128.7165244000,35.2860128200
마라10ba99bb,128.7165581000,35.2882665600
마라10bb94bb,128.7186316000,35.2431638900
마라10bb95aa,128.7186653000,35.2454176500
마라10bb95ab,128.7186991000,35.2476714100
마라10bb95ba,128.7187328000,35.2499251600
마라10bb95bb,128.7187665000,35.2521789200
마라10bb96aa,128.7188003000,35.2544326700
마라10bb96ab,128.7188340000,35.2566864300
마라10bb96ba,128.7188678000,35.2589401800
마라10bb96bb,128.7189015000,35.2611939300
마라10bb97aa,128.7189353000,35.2634476800
마라10bb97ab,128.7189690000,35.2657014300
마라10bb97ba,128.7190028000,35.2679551800
마라10bb97bb,128.7190366000,35.2702089300
마라10bb98aa,128.7190703000,35.2724626800
마라10bb98ab,128.7191041000,35.2747164200
마라10bb98ba,128.7191379000,35.2769701700
마라10bb98bb,128.7191717000,35.2792239100
마라10bb99aa,128.7192054000,35.2814776600
마라10bb99ab,128.7192392000,35.2837314000
마라10bb99ba,128.7192730000,35.2859851400
마라10bb99bb,128.7193068000,35.2882388800
마라11aa91bb,128.7209735000,35.2160910600
마라11aa92aa,128.7210073000,35.2183448200
마라11aa92ab,128.7210410000,35.2205985900
마라11aa92ba,128.7210748000,35.2228523500
마라11aa92bb,128.7211086000,35.2251061200
마라11aa93aa,128.7211423000,35.2273598800
마라11aa94bb,128.7213788000,35.2431361900
마라11aa95aa,128.7214126000,35.2453899500
마라11aa95ab,128.7214464000,35.2476437000
마라11aa95ba,128.7214802000,35.2498974600
마라11aa95bb,128.7215140000,35.2521512100
마라11aa96aa,128.7215479000,35.2544049600
마라11aa96ab,128.7215817000,35.2566587200
마라11aa96ba,128.7216155000,35.2589124700
마라11aa96bb,128.7216493000,35.2611662200
마라11aa97aa,128.7216832000,35.2634199600
마라11aa97ab,128.7217170000,35.2656737100
마라11aa97ba,128.7217508000,35.2679274600
마라11aa97bb,128.7217847000,35.2701812000
마라11aa98aa,128.7218185000,35.2724349500
마라11aa98ab,128.7218524000,35.2746886900
마라11aa98ba,128.7218862000,35.2769424400
마라11aa98bb,128.7219201000,35.2791961800
마라11aa99aa,128.7219539000,35.2814499200
마라11aa99ab,128.7219878000,35.2837036600
마라11aa99ba,128.7220217000,35.2859574000
마라11aa99bb,128.7220555000,35.2882111400
마라11ab91ab,128.7236522000,35.2115558000
마라11ab91ba,128.7236860000,35.2138095600
마라11ab91bb,128.7237198000,35.2160633300
마라11ab92aa,128.7237536000,35.2183170900
마라11ab92ab,128.7237875000,35.2205708500
마라11ab92ba,128.7238213000,35.2228246200
마라11ab92bb,128.7238552000,35.2250783800
마라11ab93aa,128.7238890000,35.2273321400
마라11ab93ab,128.7239228000,35.2295859000
마라11ab93ba,128.7239567000,35.2318396600
마라11ab93bb,128.7239906000,35.2340934100
마라11ab94aa,128.7240244000,35.2363471700
마라11ab94ab,128.7240583000,35.2386009300
마라11ab94ba,128.7240922000,35.2408546800
마라11ab94bb,128.7241260000,35.2431084400
마라11ab95aa,128.7241599000,35.2453621900
마라11ab95ab,128.7241938000,35.2476159400
마라11ab95ba,128.7242277000,35.2498696900
마라11ab95bb,128.7242616000,35.2521234400
마라11ab96aa,128.7242954000,35.2543771900
마라11ab96ab,128.7243293000,35.2566309400
마라11ab96ba,128.7243632000,35.2588846900
마라11ab96bb,128.7243971000,35.2611384400
마라11ab97aa,128.7244310000,35.2633921800
마라11ab97ab,128.7244650000,35.2656459300
마라11ab97ba,128.7244989000,35.2678996700
마라11ab97bb,128.7245328000,35.2701534200
마라11ab98aa,128.7245667000,35.2724071600
마라11ab98ab,128.7246006000,35.2746609000
마라11ab98ba,128.7246346000,35.2769146400
마라11ab98bb,128.7246685000,35.2791683800
마라11ab99aa,128.7247024000,35.2814221200
마라11ab99ab,128.7247364000,35.2836758600
마라11ab99ba,128.7247703000,35.2859296000
마라11ab99bb,128.7248043000,35.2881833400
마라11ba90bb,128.7263305000,35.2070204800
마라11ba91aa,128.7263644000,35.2092742400
마라11ba91ab,128.7263983000,35.2115280100
마라11ba91ba,128.7264322000,35.2137817700
마라11ba91bb,128.7264661000,35.2160355300
마라11ba92aa,128.7265000000,35.2182893000
마라11ba92ab,128.7265339000,35.2205430600
마라11ba92ba,128.7265678000,35.2227968200
마라11ba92bb,128.7266017000,35.2250505700
마라11ba93aa,128.7266357000,35.2273043300
마라11ba93ab,128.7266696000,35.2295580900
마라11ba93ba,128.7267035000,35.2318118500
마라11ba93bb,128.7267375000,35.2340656000
마라11ba94aa,128.7267714000,35.2363193600
마라11ba94ab,128.7268053000,35.2385731100
마라11ba94ba,128.7268393000,35.2408268600
마라11ba94bb,128.7268732000,35.2430806100
마라11ba95aa,128.7269072000,35.2453343700
마라11ba95ab,128.7269411000,35.2475881200
마라11ba95ba,128.7269751000,35.2498418600
마라11ba95bb,128.7270091000,35.2520956100
마라11ba96aa,128.7270430000,35.2543493600
마라11ba96ab,128.7270770000,35.2566031100
마라11ba96ba,128.7271110000,35.2588568500
마라11ba96bb,128.7271449000,35.2611106000
마라11ba97aa,128.7271789000,35.2633643400
마라11ba97ab,128.7272129000,35.2656180900
마라11ba97ba,128.7272469000,35.2678718300
마라11ba97bb,128.7272809000,35.2701255700
마라11ba98aa,128.7273149000,35.2723793100
마라11ba98ab,128.7273489000,35.2746330500
마라11ba98ba,128.7273829000,35.2768867900
마라11ba98bb,128.7274169000,35.2791405300
마라11ba99aa,128.7274509000,35.2813942600
마라11ba99ab,128.7274849000,35.2836480000
마라11ba99ba,128.7275190000,35.2859017400
마라11ba99bb,128.7275530000,35.2881554700
마라11bb90bb,128.7290765000,35.2069926300
마라11bb91aa,128.7291104000,35.2092464000
마라11bb91ab,128.7291444000,35.2115001600
마라11bb91ba,128.7291784000,35.2137539200
마라11bb91bb,128.7292124000,35.2160076800
마라11bb92aa,128.7292464000,35.2182614400
마라11bb92ab,128.7292803000,35.2205152000
마라11bb92ba,128.7293143000,35.2227689500
마라11bb92bb,128.7293483000,35.2250227100
마라11bb93aa,128.7293823000,35.2272764700
마라11bb93ab,128.7294163000,35.2295302200
마라11bb93ba,128.7294503000,35.2317839700
마라11bb93bb,128.7294843000,35.2340377300
마라11bb94aa,128.7295184000,35.2362914800
마라11bb94ab,128.7295524000,35.2385452300
마라11bb94ba,128.7295864000,35.2407989800
마라11bb94bb,128.7296204000,35.2430527300
마라11bb95aa,128.7296544000,35.2453064800
마라11bb95ab,128.7296885000,35.2475602300
마라11bb95ba,128.7297225000,35.2498139700
마라11bb95bb,128.7297566000,35.2520677200
마라11bb96aa,128.7297906000,35.2543214700
마라11bb96ab,128.7298246000,35.2565752100
마라11bb96ba,128.7298587000,35.2588289500
마라11bb96bb,128.7298927000,35.2610827000
마라11bb97aa,128.7299268000,35.2633364400
마라11bb97ab,128.7299609000,35.2655901800
마라11bb97ba,128.7299949000,35.2678439200
마라11bb97bb,128.7300290000,35.2700976600
마라11bb98aa,128.7300631000,35.2723514000
마라11bb98ab,128.7300972000,35.2746051300
마라11bb98ba,128.7301312000,35.2768588700
마라11bb98bb,128.7301653000,35.2791126100
마라11bb99aa,128.7301994000,35.2813663400
마라11bb99ab,128.7302335000,35.2836200800
마라11bb99ba,128.7302676000,35.2858738100
마라11bb99bb,128.7303017000,35.2881275400
마라12aa90ba,128.7317884000,35.2047109600
마라12aa90bb,128.7318225000,35.2069647200
마라12aa91aa,128.7318565000,35.2092184800
마라12aa91ab,128.7318905000,35.2114722400
마라12aa91ba,128.7319246000,35.2137260000
마라12aa91bb,128.7319587000,35.2159797600
마라12aa92aa,128.7319927000,35.2182335200
마라12aa92ab,128.7320268000,35.2204872700
마라12aa92ba,128.7320608000,35.2227410300
마라12aa92bb,128.7320949000,35.2249947800
마라12aa93aa,128.7321290000,35.2272485400
마라12aa93ab,128.7321631000,35.2295022900
마라12aa93ba,128.7321971000,35.2317560400
마라12aa93bb,128.7322312000,35.2340097900
마라12aa94aa,128.7322653000,35.2362635400
마라12aa94ab,128.7322994000,35.2385172900
마라12aa94ba,128.7323335000,35.2407710400
마라12aa94bb,128.7323676000,35.2430247800
마라12aa95aa,128.7324017000,35.2452785300
마라12aa95ab,128.7324358000,35.2475322800
마라12aa95ba,128.7324699000,35.2497860200
마라12aa95bb,128.7325040000,35.2520397700
마라12aa96aa,128.7325382000,35.2542935100
마라12aa96ab,128.7325723000,35.2565472500
마라12aa96ba,128.7326064000,35.2588009900
마라12aa96bb,128.7326405000,35.2610547300
마라12aa97aa,128.7326747000,35.2633084700
마라12aa97ab,128.7327088000,35.2655622100
마라12aa97ba,128.7327430000,35.2678159500
마라12aa97bb,128.7327771000,35.2700696800
마라12aa98aa,128.7328113000,35.2723234200
마라12aa98ab,128.7328454000,35.2745771600
마라12aa98ba,128.7328796000,35.2768308900
마라12aa98bb,128.7329137000,35.2790846200
마라12aa99aa,128.7329479000,35.2813383600
마라12aa99ab,128.7329821000,35.2835920900
마라12aa99ba,128.7330162000,35.2858458200
마라12aa99bb,128.7330504000,35.2880995500
마라12ab90ba,128.7345343000,35.2046829900
마라12ab90bb,128.7345684000,35.2069367500
마라12ab91aa,128.7346025000,35.2091905100
마라12ab91ab,128.7346367000,35.2114442700
마라12ab91ba,128.7346708000,35.2136980200
마라12ab91bb,128.7347049000,35.2159517800
마라12ab92aa,128.7347391000,35.2182055300
마라12ab92ab,128.7347732000,35.2204592900
마라12ab92ba,128.7348073000,35.2227130400
마라12ab92bb,128.7348415000,35.2249667900
마라12ab93aa,128.7348756000,35.2272205400
마라12ab93ab,128.7349098000,35.2294742900
마라12ab93ba,128.7349439000,35.2317280400
마라12ab93bb,128.7349781000,35.2339817900
마라12ab94aa,128.7350123000,35.2362355400
마라12ab94ab,128.7350464000,35.2384892900
마라12ab94ba,128.7350806000,35.2407430300
마라12ab94bb,128.7351148000,35.2429967800
마라12ab95aa,128.7351490000,35.2452505200
마라12ab95ab,128.7351832000,35.2475042600
마라12ab95ba,128.7352173000,35.2497580100
마라12ab95bb,128.7352515000,35.2520117500
마라12ab96aa,128.7352857000,35.2542654900
마라12ab96ab,128.7353199000,35.2565192300
마라12ab96ba,128.7353541000,35.2587729700
마라12ab96bb,128.7353883000,35.2610267100
마라12ab97aa,128.7354226000,35.2632804400
마라12ab97ab,128.7354568000,35.2655341800
마라12ab97ba,128.7354910000,35.2677879100
마라12ab97bb,128.7355252000,35.2700416500
마라12ab98aa,128.7355594000,35.2722953800
마라12ab98ab,128.7355937000,35.2745491200
마라12ab98ba,128.7356279000,35.2768028500
마라12ab98bb,128.7356621000,35.2790565800
마라12ab99aa,128.7356964000,35.2813103100
마라12ab99ab,128.7357306000,35.2835640400
마라12ab99ba,128.7357649000,35.2858177700
마라12ab99bb,128.7357991000,35.2880714900
마라12ba90ba,128.7372802000,35.2046549600
마라12ba90bb,128.7373144000,35.2069087200
마라12ba91aa,128.7373486000,35.2091624800
마라12ba91ab,128.7373828000,35.2114162300
마라12ba91ba,128.7374170000,35.2136699800
마라12ba91bb,128.7374512000,35.2159237400
마라12ba92aa,128.7374854000,35.2181774900
마라12ba92ab,128.7375196000,35.2204312400
마라12ba92ba,128.7375538000,35.2226849900
마라12ba92bb,128.7375881000,35.2249387400
마라12ba93aa,128.7376223000,35.2271924900
마라12ba93ab,128.7376565000,35.2294462400
마라12ba93ba,128.7376908000,35.2316999800
마라12ba93bb,128.7377250000,35.2339537300
마라12ba94aa,128.7377592000,35.2362074800
마라12ba94ab,128.7377935000,35.2384612200
마라12ba94ba,128.7378277000,35.2407149600
마라12ba94bb,128.7378620000,35.2429687100
마라12ba95aa,128.7378962000,35.2452224500
마라12ba95ab,128.7379305000,35.2474761900
마라12ba95ba,128.7379648000,35.2497299300
마라12ba95bb,128.7379990000,35.2519836700
마라12ba96aa,128.7380333000,35.2542374100
마라12ba96ab,128.7380676000,35.2564911400
마라12ba96ba,128.7381018000,35.2587448800
마라12ba96bb,128.7381361000,35.2609986200
마라12ba97aa,128.7381704000,35.2632523500
마라12ba97ab,128.7382047000,35.2655060800
마라12ba97ba,128.7382390000,35.2677598200
마라12ba97bb,128.7382733000,35.2700135500
마라12ba98aa,128.7383076000,35.2722672800
마라12ba98ab,128.7383419000,35.2745210100
마라12ba98ba,128.7383762000,35.2767747400
마라12ba98bb,128.7384105000,35.2790284700
마라12ba99aa,128.7384448000,35.2812822000
마라12ba99ab,128.7384792000,35.2835359300
마라12ba99ba,128.7385135000,35.2857896500
마라12ba99bb,128.7385478000,35.2880433800
마라12bb86ba,128.7394783000,35.1685666800
마라12bb86bb,128.7395125000,35.1708204500
마라12bb90ba,128.7400261000,35.2046268700
마라12bb90bb,128.7400604000,35.2068806200
마라12bb91aa,128.7400946000,35.2091343800
마라12bb91ab,128.7401289000,35.2113881300
마라12bb91ba,128.7401632000,35.2136418800
마라12bb91bb,128.7401975000,35.2158956300
마라12bb92aa,128.7402318000,35.2181493800
마라12bb92ab,128.7402660000,35.2204031300
마라12bb92ba,128.7403003000,35.2226568800
마라12bb92bb,128.7403346000,35.2249106300
마라12bb93aa,128.7403689000,35.2271643700
마라12bb93ab,128.7404032000,35.2294181200
마라12bb93ba,128.7404376000,35.2316718600
마라12bb93bb,128.7404719000,35.2339256100
마라12bb94aa,128.7405062000,35.2361793500
마라12bb94ab,128.7405405000,35.2384330900
마라12bb94ba,128.7405748000,35.2406868300
마라12bb94bb,128.7406092000,35.2429405700
마라12bb95aa,128.7406435000,35.2451943100
마라12bb95ab,128.7406778000,35.2474480500
마라12bb95ba,128.7407122000,35.2497017900
마라12bb95bb,128.7407465000,35.2519555300
마라12bb96aa,128.7407809000,35.2542092600
마라12bb96ab,128.7408152000,35.2564630000
마라12bb96ba,128.7408496000,35.2587167300
마라12bb96bb,128.7408839000,35.2609704600
마라12bb97aa,128.7409183000,35.2632242000
마라12bb97ab,128.7409526000,35.2654779300
마라12bb97ba,128.7409870000,35.2677316600
마라12bb97bb,128.7410214000,35.2699853900
마라12bb98aa,128.7410558000,35.2722391200
마라12bb98ab,128.7410902000,35.2744928500
마라12bb98ba,128.7411245000,35.2767465700
마라12bb98bb,128.7411589000,35.2790003000
마라12bb99aa,128.7411933000,35.2812540300
마라12bb99ab,128.7412277000,35.2835077500
마라12bb99ba,128.7412621000,35.2857614700
마라12bb99bb,128.7412965000,35.2880152000
마라13aa86ab,128.7421887000,35.1662848000
마라13aa86ba,128.7422230000,35.1685385700
마라13aa86bb,128.7422573000,35.1707923300
마라13aa87aa,128.7422916000,35.1730461000
마라13aa87ab,128.7423259000,35.1752998600
마라13aa87ba,128.7423602000,35.1775536200
마라13aa87bb,128.7423945000,35.1798073900
마라13aa88aa,128.7424288000,35.1820611500
마라13aa88ab,128.7424631000,35.1843149100
마라13aa90ba,128.7427720000,35.2045987100
마라13aa90bb,128.7428063000,35.2068524700
마라13aa91aa,128.7428407000,35.2091062200
마라13aa91ab,128.7428750000,35.2113599700
마라13aa91ba,128.7429094000,35.2136137200
마라13aa91bb,128.7429437000,35.2158674700
마라13aa92aa,128.7429781000,35.2181212100
마라13aa92ab,128.7430125000,35.2203749600
마라13aa92ba,128.7430468000,35.2226287100
마라13aa92bb,128.7430812000,35.2248824500
마라13aa93aa,128.7431156000,35.2271361900
마라13aa93ab,128.7431500000,35.2293899400
마라13aa93ba,128.7431843000,35.2316436800
마라13aa93bb,128.7432187000,35.2338974200
마라13aa94aa,128.7432531000,35.2361511600
마라13aa94ab,128.7432875000,35.2384049000
마라13aa94ba,128.7433219000,35.2406586400
마라13aa94bb,128.7433563000,35.2429123800
마라13aa95aa,128.7433907000,35.2451661200
마라13aa95ab,128.7434251000,35.2474198500
마라13aa95ba,128.7434596000,35.2496735900
마라13aa95bb,128.7434940000,35.2519273200
마라13aa96aa,128.7435284000,35.2541810600
마라13aa96ab,128.7435628000,35.2564347900
마라13aa96ba,128.7435973000,35.2586885200
마라13aa96bb,128.7436317000,35.2609422500
마라13aa97aa,128.7436661000,35.2631959800
마라13aa97ab,128.7437006000,35.2654497100
마라13aa97ba,128.7437350000,35.2677034400
마라13aa97bb,128.7437695000,35.2699571700
마라13aa98aa,128.7438039000,35.2722108900
마라13aa98ab,128.7438384000,35.2744646200
마라13aa98ba,128.7438729000,35.2767183400
마라13aa98bb,128.7439073000,35.2789720700
마라13aa99aa,128.7439418000,35.2812257900
마라13aa99ab,128.7439763000,35.2834795100
마라13aa99ba,128.7440107000,35.2857332300
마라13aa99bb,128.7440452000,35.2879869500
마라13ab86ab,128.7449333000,35.1662566200
마라13ab86ba,128.7449677000,35.1685103900
마라13ab86bb,128.7450020000,35.1707641500
마라13ab87aa,128.7450364000,35.1730179100
마라13ab87ab,128.7450708000,35.1752716700
마라13ab87ba,128.7451051000,35.1775254300
마라13ab87bb,128.7451395000,35.1797791900
마라13ab88aa,128.7451739000,35.1820329500
마라13ab88ab,128.7452083000,35.1842867100
마라13ab88ba,128.7452426000,35.1865404700
마라13ab88bb,128.7452770000,35.1887942300
마라13ab89aa,128.7453114000,35.1910479800
마라13ab90ab,128.7454834000,35.2023167500
마라13ab90ba,128.7455179000,35.2045705000
마라13ab90bb,128.7455523000,35.2068242500
마라13ab91aa,128.7455867000,35.2090780000
마라13ab91ab,128.7456211000,35.2113317400
마라13ab91ba,128.7456556000,35.2135854900
마라13ab91bb,128.7456900000,35.2158392400
마라13ab92aa,128.7457244000,35.2180929800
마라13ab92ab,128.7457589000,35.2203467300
마라13ab92ba,128.7457933000,35.2226004700
마라13ab92bb,128.7458278000,35.2248542100
마라13ab93aa,128.7458622000,35.2271079500
마라13ab93ab,128.7458967000,35.2293616900
마라13ab93ba,128.7459311000,35.2316154300
마라13ab93bb,128.7459656000,35.2338691700
마라13ab94aa,128.7460001000,35.2361229100
마라13ab94ab,128.7460345000,35.2383766500
마라13ab94ba,128.7460690000,35.2406303900
마라13ab94bb,128.7461035000,35.2428841200
마라13ab95aa,128.7461380000,35.2451378600
마라13ab95ab,128.7461725000,35.2473915900
마라13ab95ba,128.7462070000,35.2496453200
마라13ab95bb,128.7462415000,35.2518990500
마라13ab96aa,128.7462760000,35.2541527900
마라13ab96ab,128.7463105000,35.2564065200
마라13ab96ba,128.7463450000,35.2586602500
마라13ab96bb,128.7463795000,35.2609139700
마라13ab97aa,128.7464140000,35.2631677000
마라13ab97ab,128.7464485000,35.2654214300
마라13ab97ba,128.7464830000,35.2676751600
마라13ab97bb,128.7465176000,35.2699288800
마라13ab98aa,128.7465521000,35.2721826000
마라13ab98ab,128.7465866000,35.2744363300
마라13ab98ba,128.7466212000,35.2766900500
마라13ab98bb,128.7466557000,35.2789437700
마라13ab99aa,128.7466902000,35.2811974900
마라13ab99ab,128.7467248000,35.2834512100
마라13ab99ba,128.7467594000,35.2857049300
마라13ab99bb,128.7467939000,35.2879586500
마라13ba86ab,128.7476779000,35.1662283800
마라13ba86ba,128.7477123000,35.1684821400
마라13ba86bb,128.7477468000,35.1707359000
마라13ba87aa,128.7477812000,35.1729896600
마라13ba87ab,128.7478156000,35.1752434200
마라13ba87ba,128.7478501000,35.1774971800
마라13ba87bb,128.7478845000,35.1797509400
마라13ba88aa,128.7479190000,35.1820047000
마라13ba88ab,128.7479534000,35.1842584500
마라13ba88ba,128.7479879000,35.1865122100
마라13ba88bb,128.7480224000,35.1887659600
마라13ba89aa,128.7480568000,35.1910197200
마라13ba89ab,128.7480913000,35.1932734700
마라13ba90ab,128.7482292000,35.2022884700
마라13ba90ba,128.7482637000,35.2045422200
마라13ba90bb,128.7482982000,35.2067959600
마라13ba91aa,128.7483327000,35.2090497100
마라13ba91ab,128.7483672000,35.2113034600
마라13ba91ba,128.7484017000,35.2135572000
마라13ba91bb,128.7484362000,35.2158109400
마라13ba92aa,128.7484708000,35.2180646900
마라13ba92ab,128.7485053000,35.2203184300
마라13ba92ba,128.7485398000,35.2225721700
마라13ba92bb,128.7485743000,35.2248259100
마라13ba93aa,128.7486089000,35.2270796500
마라13ba93ab,128.7486434000,35.2293333900
마라13ba93ba,128.7486779000,35.2315871300
마라13ba93bb,128.7487125000,35.2338408600
마라13ba94aa,128.7487470000,35.2360946000
마라13ba94ab,128.7487816000,35.2383483300
마라13ba94ba,128.7488161000,35.2406020700
마라13ba94bb,128.7488507000,35.2428558000
마라13ba95aa,128.7488852000,35.2451095300
마라13ba95ab,128.7489198000,35.2473632600
마라13ba95ba,128.7489544000,35.2496170000
마라13ba95bb,128.7489889000,35.2518707300
마라13ba96aa,128.7490235000,35.2541244500
마라13ba96ab,128.7490581000,35.2563781800
마라13ba96ba,128.7490927000,35.2586319100
마라13ba96bb,128.7491273000,35.2608856400
마라13ba97aa,128.7491618000,35.2631393600
마라13ba97ab,128.7491964000,35.2653930900
마라13ba97ba,128.7492310000,35.2676468100
마라13ba97bb,128.7492656000,35.2699005300
마라13ba98aa,128.7493002000,35.2721542500
마라13ba98ab,128.7493349000,35.2744079800
마라13ba98ba,128.7493695000,35.2766617000
마라13ba98bb,128.7494041000,35.2789154200
마라13ba99aa,128.7494387000,35.2811691300
마라13ba99ab,128.7494733000,35.2834228500
마라13ba99ba,128.7495080000,35.2856765700
마라13ba99bb,128.7495426000,35.2879302800
마라13bb86ab,128.7504225000,35.1662000800
마라13bb86ba,128.7504570000,35.1684538400
마라13bb86bb,128.7504915000,35.1707076000
마라13bb87aa,128.7505260000,35.1729613600
마라13bb87ab,128.7505605000,35.1752151100
마라13bb87ba,128.7505951000,35.1774688700
마라13bb87bb,128.7506296000,35.1797226200
마라13bb88aa,128.7506641000,35.1819763800
마라13bb88ab,128.7506986000,35.1842301300
마라13bb88ba,128.7507332000,35.1864838800
마라13bb88bb,128.7507677000,35.1887376400
마라13bb89aa,128.7508023000,35.1909913900
마라13bb89ab,128.7508368000,35.1932451400
마라13bb89ba,128.7508714000,35.1954988900
마라13bb89bb,128.7509059000,35.1977526400
마라13bb90aa,128.7509405000,35.2000063800
마라13bb90ab,128.7509750000,35.2022601300
마라13bb90ba,128.7510096000,35.2045138700
마라13bb90bb,128.7510442000,35.2067676200
마라13bb91aa,128.7510787000,35.2090213600
마라13bb91ab,128.7511133000,35.2112751100
마라13bb91ba,128.7511479000,35.2135288500
마라13bb91bb,128.7511825000,35.2157825900
마라13bb92aa,128.7512171000,35.2180363300
마라13bb92ab,128.7512517000,35.2202900700
마라13bb92ba,128.7512863000,35.2225438100
마라13bb92bb,128.7513209000,35.2247975500
마라13bb93aa,128.7513555000,35.2270512800
마라13bb93ab,128.7513901000,35.2293050200
마라13bb93ba,128.7514247000,35.2315587600
마라13bb93bb,128.7514593000,35.2338124900
마라13bb94aa,128.7514939000,35.2360662200
마라13bb94ab,128.7515286000,35.2383199600
마라13bb94ba,128.7515632000,35.2405736900
마라13bb94bb,128.7515978000,35.2428274200
마라13bb95aa,128.7516325000,35.2450811500
마라13bb95ab,128.7516671000,35.2473348800
마라13bb95ba,128.7517017000,35.2495886100
마라13bb95bb,128.7517364000,35.2518423300
마라13bb96aa,128.7517710000,35.2540960600
마라13bb96ab,128.7518057000,35.2563497900
마라13bb96ba,128.7518404000,35.2586035100
마라13bb96bb,128.7518750000,35.2608572300
마라13bb97aa,128.7519097000,35.2631109600
마라13bb97ab,128.7519444000,35.2653646800
마라13bb97ba,128.7519790000,35.2676184000
마라13bb97bb,128.7520137000,35.2698721200
마라13bb98aa,128.7520484000,35.2721258400
마라13bb98ab,128.7520831000,35.2743795600
마라13bb98ba,128.7521178000,35.2766332800
마라13bb98bb,128.7521525000,35.2788870000
마라13bb99aa,128.7521872000,35.2811407100
마라13bb99ab,128.7522219000,35.2833944300
마라13bb99ba,128.7522566000,35.2856481400
마라13bb99bb,128.7522913000,35.2879018500
마라14aa86ab,128.7531671000,35.1661717100
마라14aa86ba,128.7532017000,35.1684254700
마라14aa86bb,128.7532362000,35.1706792300
마라14aa87aa,128.7532708000,35.1729329800
마라14aa87ab,128.7533054000,35.1751867400
마라14aa87ba,128.7533400000,35.1774404900
마라14aa87bb,128.7533746000,35.1796942500
마라14aa88aa,128.7534092000,35.1819480000
마라14aa88ab,128.7534438000,35.1842017500
마라14aa88ba,128.7534784000,35.1864555000
마라14aa88bb,128.7535131000,35.1887092500
마라14aa89aa,128.7535477000,35.1909630000
마라14aa89ab,128.7535823000,35.1932167400
마라14aa89ba,128.7536169000,35.1954704900
마라14aa89bb,128.7536516000,35.1977242400
마라14aa90aa,128.7536862000,35.1999779800
마라14aa90ab,128.7537208000,35.2022317300
마라14aa90ba,128.7537555000,35.2044854700
마라14aa90bb,128.7537901000,35.2067392100
마라14aa91aa,128.7538248000,35.2089929500
마라14aa91ab,128.7538594000,35.2112467000
마라14aa91ba,128.7538941000,35.2135004400
마라14aa91bb,128.7539287000,35.2157541700
마라14aa92aa,128.7539634000,35.2180079100
마라14aa92ab,128.7539981000,35.2202616500
마라14aa92ba,128.7540328000,35.2225153900
마라14aa92bb,128.7540674000,35.2247691200
마라14aa93aa,128.7541021000,35.2270228600
마라14aa93ab,128.7541368000,35.2292765900
마라14aa93ba,128.7541715000,35.2315303200
마라14aa93bb,128.7542062000,35.2337840500
마라14aa94aa,128.7542409000,35.2360377900
마라14aa94ab,128.7542756000,35.2382915200
마라14aa94ba,128.7543103000,35.2405452500
마라14aa94bb,128.7543450000,35.2427989700
마라14aa95aa,128.7543797000,35.2450527000
마라14aa95ab,128.7544144000,35.2473064300
마라14aa95ba,128.7544491000,35.2495601500
마라14aa95bb,128.7544839000,35.2518138800
마라14aa96aa,128.7545186000,35.2540676000
마라14aa96ab,128.7545533000,35.2563213300
마라14aa96ba,128.7545881000,35.2585750500
마라14aa96bb,128.7546228000,35.2608287700
마라14aa97aa,128.7546575000,35.2630824900
마라14aa97ab,128.7546923000,35.2653362100
마라14aa97ba,128.7547270000,35.2675899300
마라14aa97bb,128.7547618000,35.2698436500
마라14aa98aa,128.7547965000,35.2720973700
마라14aa98ab,128.7548313000,35.2743510800
마라14aa98ba,128.7548661000,35.2766048000
마라14aa98bb,128.7549008000,35.2788585100
마라14aa99aa,128.7549356000,35.2811122300
마라14aa99ab,128.7549704000,35.2833659400
마라14aa99ba,128.7550052000,35.2856196500
마라14aa99bb,128.7550400000,35.2878733600
마라14ab86aa,128.7558770000,35.1638895300
마라14ab86ab,128.7559116000,35.1661432900
마라14ab86ba,128.7559463000,35.1683970400
마라14ab86bb,128.7559810000,35.1706508000
마라14ab87aa,128.7560156000,35.1729045500
마라14ab87ab,128.7560503000,35.1751583000
마라14ab87ba,128.7560850000,35.1774120500
마라14ab87bb,128.7561196000,35.1796658000
마라14ab88aa,128.7561543000,35.1819195500
마라14ab88ab,128.7561890000,35.1841733000
마라14ab88ba,128.7562237000,35.1864270500
마라14ab88bb,128.7562584000,35.1886808000
마라14ab89aa,128.7562931000,35.1909345400
마라14ab89ab,128.7563278000,35.1931882900
마라14ab89ba,128.7563625000,35.1954420300
마라14ab89bb,128.7563972000,35.1976957800
마라14ab90aa,128.7564319000,35.1999495200
마라14ab90ab,128.7564666000,35.2022032600
마라14ab90ba,128.7565013000,35.2044570000
마라14ab90bb,128.7565361000,35.2067107400
마라14ab91aa,128.7565708000,35.2089644800
마라14ab91ab,128.7566055000,35.2112182200
마라14ab91ba,128.7566403000,35.2134719600
마라14ab91bb,128.7566750000,35.2157257000
마라14ab92aa,128.7567097000,35.2179794300
마라14ab92ab,128.7567445000,35.2202331700
마라14ab92ba,128.7567792000,35.2224869000
마라14ab92bb,128.7568140000,35.2247406300
마라14ab93aa,128.7568487000,35.2269943700
마라14ab93ab,128.7568835000,35.2292481000
마라14ab93ba,128.7569183000,35.2315018300
마라14ab93bb,128.7569530000,35.2337555600
마라14ab94aa,128.7569878000,35.2360092900
마라14ab94ab,128.7570226000,35.2382630100
마라14ab94ba,128.7570574000,35.2405167400
마라14ab94bb,128.7570921000,35.2427704700
마라14ab95aa,128.7571269000,35.2450241900
마라14ab95ab,128.7571617000,35.2472779200
마라14ab95ba,128.7571965000,35.2495316400
마라14ab95bb,128.7572313000,35.2517853600
마라14ab96aa,128.7572661000,35.2540390900
마라14ab96ab,128.7573009000,35.2562928100
마라14ab96ba,128.7573357000,35.2585465300
마라14ab96bb,128.7573706000,35.2608002500
마라14ab97aa,128.7574054000,35.2630539600
마라14ab97ab,128.7574402000,35.2653076800
마라14ab97ba,128.7574750000,35.2675614000
마라14ab97bb,128.7575099000,35.2698151100
마라14ab98aa,128.7575447000,35.2720688300
마라14ab98ab,128.7575795000,35.2743225400
마라14ab98ba,128.7576144000,35.2765762600
마라14ab98bb,128.7576492000,35.2788299700
마라14ab99aa,128.7576841000,35.2810836800
마라14ab99ab,128.7577189000,35.2833373900
마라14ab99ba,128.7577538000,35.2855911000
마라14ab99bb,128.7577886000,35.2878448100
마라14ba86ba,128.7586910000,35.1683685500
마라14ba86bb,128.7587257000,35.1706223000
마라14ba87aa,128.7587604000,35.1728760500
마라14ba87ab,128.7587952000,35.1751298000
마라14ba87ba,128.7588299000,35.1773835500
마라14ba87bb,128.7588647000,35.1796373000
마라14ba88aa,128.7588994000,35.1818910500
마라14ba88ab,128.7589342000,35.1841448000
마라14ba88ba,128.7589690000,35.1863985400
마라14ba88bb,128.7590037000,35.1886522900
마라14ba89aa,128.7590385000,35.1909060300
마라14ba89ab,128.7590733000,35.1931597700
마라14ba89ba,128.7591080000,35.1954135200
마라14ba89bb,128.7591428000,35.1976672600
마라14ba90aa,128.7591776000,35.1999210000
마라14ba90ab,128.7592124000,35.2021747400
마라14ba90ba,128.7592472000,35.2044284700
마라14ba90bb,128.7592820000,35.2066822100
마라14ba91aa,128.7593168000,35.2089359500
마라14ba91ab,128.7593516000,35.2111896900
마라14ba91ba,128.7593864000,35.2134434200
마라14ba91bb,128.7594212000,35.2156971500
마라14ba92aa,128.7594560000,35.2179508900
마라14ba92ab,128.7594909000,35.2202046200
마라14ba92ba,128.7595257000,35.2224583500
마라14ba92bb,128.7595605000,35.2247120800
마라14ba93aa,128.7595954000,35.2269658100
마라14ba93ab,128.7596302000,35.2292195400
마라14ba93ba,128.7596650000,35.2314732700
마라14ba93bb,128.7596999000,35.2337270000
마라14ba94aa,128.7597347000,35.2359807200
마라14ba94ab,128.7597696000,35.2382344500
마라14ba94ba,128.7598044000,35.2404881700
마라14ba94bb,128.7598393000,35.2427419000
마라14ba95aa,128.7598742000,35.2449956200
마라14ba95ab,128.7599090000,35.2472493400
마라14ba95ba,128.7599439000,35.2495030600
마라14ba95bb,128.7599788000,35.2517567800
마라14ba96aa,128.7600137000,35.2540105000
마라14ba96ab,128.7600485000,35.2562642200
마라14ba96ba,128.7600834000,35.2585179400
마라14ba96bb,128.7601183000,35.2607716600
마라14ba97aa,128.7601532000,35.2630253700
마라14ba97ab,128.7601881000,35.2652790900
마라14ba97ba,128.7602230000,35.2675328000
마라14ba97bb,128.7602579000,35.2697865200
마라14ba98aa,128.7602928000,35.2720402300
마라14ba98ab,128.7603277000,35.2742939400
마라14ba98ba,128.7603627000,35.2765476500
마라14ba98bb,128.7603976000,35.2788013600
마라14ba99aa,128.7604325000,35.2810550700
마라14ba99ab,128.7604674000,35.2833087800
마라14ba99ba,128.7605024000,35.2855624900
마라14ba99bb,128.7605373000,35.2878161900
마라14bb86ba,128.7614356000,35.1683400000
마라14bb86bb,128.7614704000,35.1705937500
마라14bb87aa,128.7615052000,35.1728475000
마라14bb87ab,128.7615400000,35.1751012400
마라14bb87ba,128.7615749000,35.1773549900
마라14bb87bb,128.7616097000,35.1796087400
마라14bb88aa,128.7616445000,35.1818624800
마라14bb88ab,128.7616794000,35.1841162300
마라14bb88ba,128.7617142000,35.1863699700
마라14bb88bb,128.7617490000,35.1886237100
마라14bb89aa,128.7617839000,35.1908774500
마라14bb89ab,128.7618187000,35.1931311900
마라14bb89ba,128.7618536000,35.1953849300
마라14bb89bb,128.7618885000,35.1976386700
마라14bb90aa,128.7619233000,35.1998924100
마라14bb90ab,128.7619582000,35.2021461500
마라14bb90ba,128.7619931000,35.2043998800
마라14bb90bb,128.7620279000,35.2066536200
마라14bb91aa,128.7620628000,35.2089073500
마라14bb91ab,128.7620977000,35.2111610900
마라14bb91ba,128.7621326000,35.2134148200
마라14bb91bb,128.7621675000,35.2156685500
마라14bb92aa,128.7622024000,35.2179222800
마라14bb92ab,128.7622373000,35.2201760100
마라14bb92ba,128.7622722000,35.2224297400
마라14bb92bb,128.7623071000,35.2246834700
마라14bb93aa,128.7623420000,35.2269372000
마라14bb93ab,128.7623769000,35.2291909300
마라14bb93ba,128.7624118000,35.2314446500
마라14bb93bb,128.7624467000,35.2336983800
마라14bb94aa,128.7624816000,35.2359521000
마라14bb94ab,128.7625166000,35.2382058200
마라14bb94ba,128.7625515000,35.2404595500
마라14bb94bb,128.7625864000,35.2427132700
마라14bb95aa,128.7626214000,35.2449669900
마라14bb95ab,128.7626563000,35.2472207100
마라14bb95ba,128.7626913000,35.2494744300
마라14bb95bb,128.7627262000,35.2517281400
마라14bb96aa,128.7627612000,35.2539818600
마라14bb96ab,128.7627961000,35.2562355800
마라14bb96ba,128.7628311000,35.2584892900
마라14bb96bb,128.7628661000,35.2607430100
마라14bb97aa,128.7629010000,35.2629967200
마라14bb97ab,128.7629360000,35.2652504300
마라14bb97ba,128.7629710000,35.2675041500
마라14bb97bb,128.7630060000,35.2697578600
마라14bb98aa,128.7630410000,35.2720115700
마라14bb98ab,128.7630760000,35.2742652800
마라14bb98ba,128.7631109000,35.2765189800
마라14bb98bb,128.7631459000,35.2787726900
마라14bb99aa,128.7631809000,35.2810264000
마라14bb99ab,128.7632160000,35.2832801000
마라14bb99ba,128.7632510000,35.2855338100
마라14bb99bb,128.7632860000,35.2877875100
마라15aa86ab,128.7641454000,35.1660576400
마라15aa86ba,128.7641802000,35.1683113800
마라15aa86bb,128.7642151000,35.1705651300
마라15aa87aa,128.7642500000,35.1728188800
마라15aa87ab,128.7642849000,35.1750726200
마라15aa87ba,128.7643198000,35.1773263700
마라15aa87bb,128.7643547000,35.1795801100
마라15aa88aa,128.7643896000,35.1818338500
마라15aa88ab,128.7644245000,35.1840875900
마라15aa88ba,128.7644595000,35.1863413300
마라15aa88bb,128.7644944000,35.1885950700
마라15aa89aa,128.7645293000,35.1908488100
마라15aa89ab,128.7645642000,35.1931025500
마라15aa89ba,128.7645991000,35.1953562900
마라15aa89bb,128.7646341000,35.1976100300
마라15aa90aa,128.7646690000,35.1998637600
마라15aa90ab,128.7647040000,35.2021175000
마라15aa90ba,128.7647389000,35.2043712300
마라15aa90bb,128.7647739000,35.2066249600
마라15aa91aa,128.7648088000,35.2088787000
마라15aa91ab,128.7648438000,35.2111324300
마라15aa91ba,128.7648787000,35.2133861600
마라15aa91bb,128.7649137000,35.2156398900
마라15aa92aa,128.7649487000,35.2178936200
마라15aa92ab,128.7649836000,35.2201473400
마라15aa92ba,128.7650186000,35.2224010700
마라15aa92bb,128.7650536000,35.2246548000
마라15aa93aa,128.7650886000,35.2269085200
마라15aa93ab,128.7651236000,35.2291622500
마라15aa93ba,128.7651586000,35.2314159700
마라15aa93bb,128.7651936000,35.2336696900
마라15aa94aa,128.7652286000,35.2359234100
마라15aa94ab,128.7652636000,35.2381771300
마라15aa94ba,128.7652986000,35.2404308500
마라15aa94bb,128.7653336000,35.2426845700
마라15aa95aa,128.7653686000,35.2449382900
마라15aa95ab,128.7654036000,35.2471920100
마라15aa95ba,128.7654386000,35.2494457300
마라15aa95bb,128.7654737000,35.2516994400
마라15aa96aa,128.7655087000,35.2539531600
마라15aa96ab,128.7655437000,35.2562068700
마라15aa96ba,128.7655788000,35.2584605800
마라15aa96bb,128.7656138000,35.2607142900
마라15aa97aa,128.7656489000,35.2629680100
마라15aa97ab,128.7656839000,35.2652217200
마라15aa97ba,128.7657190000,35.2674754300
마라15aa97bb,128.7657540000,35.2697291300
마라15aa98aa,128.7657891000,35.2719828400
마라15aa98ab,128.7658242000,35.2742365500
마라15aa98ba,128.7658592000,35.2764902500
마라15aa98bb,128.7658943000,35.2787439600
마라15aa99aa,128.7659294000,35.2809976600
마라15aa99ab,128.7659645000,35.2832513700
마라15aa99ba,128.7659996000,35.2855050700
마라15aa99bb,128.7660346000,35.2877587700
마라15ab86aa,128.7668550000,35.1637752100
마라15ab86ab,128.7668899000,35.1660289600
마라15ab86ba,128.7669249000,35.1682827100
마라15ab86bb,128.7669598000,35.1705364500
마라15ab87aa,128.7669948000,35.1727901900
마라15ab87ab,128.7670298000,35.1750439400
마라15ab87ba,128.7670648000,35.1772976800
마라15ab87bb,128.7670997000,35.1795514200
마라15ab88aa,128.7671347000,35.1818051600
마라15ab88ab,128.7671697000,35.1840589000
마라15ab88ba,128.7672047000,35.1863126400
마라15ab88bb,128.7672397000,35.1885663800
마라15ab89aa,128.7672747000,35.1908201100
마라15ab89ab,128.7673097000,35.1930738500
마라15ab89ba,128.7673447000,35.1953275800
마라15ab89bb,128.7673797000,35.1975813200
마라15ab90aa,128.7674147000,35.1998350500
마라15ab90ab,128.7674497000,35.2020887800
마라15ab90ba,128.7674848000,35.2043425100
마라15ab90bb,128.7675198000,35.2065962500
마라15ab91aa,128.7675548000,35.2088499800
마라15ab91ab,128.7675898000,35.2111037000
마라15ab91ba,128.7676249000,35.2133574300
마라15ab91bb,128.7676599000,35.2156111600
마라15ab92aa,128.7676950000,35.2178648900
마라15ab92ab,128.7677300000,35.2201186100
마라15ab92ba,128.7677651000,35.2223723400
마라15ab92bb,128.7678001000,35.2246260600
마라15ab93aa,128.7678352000,35.2268797800
마라15ab93ab,128.7678703000,35.2291335000
마라15ab93ba,128.7679053000,35.2313872200
마라15ab93bb,128.7679404000,35.2336409400
마라15ab94aa,128.7679755000,35.2358946600
마라15ab94ab,128.7680106000,35.2381483800
마라15ab94ba,128.7680456000,35.2404021000
마라15ab94bb,128.7680807000,35.2426558200
마라15ab95aa,128.7681158000,35.2449095300
마라15ab95ab,128.7681509000,35.2471632500
마라15ab95ba,128.7681860000,35.2494169600
마라15ab95bb,128.7682211000,35.2516706700
마라15ab96aa,128.7682562000,35.2539243900
마라15ab96ab,128.7682913000,35.2561781000
마라15ab96ba,128.7683265000,35.2584318100
마라15ab96bb,128.7683616000,35.2606855200
마라15ab97aa,128.7683967000,35.2629392300
마라15ab97ab,128.7684318000,35.2651929400
마라15ab97ba,128.7684670000,35.2674466400
마라15ab97bb,128.7685021000,35.2697003500
마라15ab98aa,128.7685372000,35.2719540500
마라15ab98ab,128.7685724000,35.2742077600
마라15ab98ba,128.7686075000,35.2764614600
마라15ab98bb,128.7686427000,35.2787151700
마라15ab99aa,128.7686778000,35.2809688700
마라15ab99ab,128.7687130000,35.2832225700
마라15ab99ba,128.7687481000,35.2854762700
마라15ab99bb,128.7687833000,35.2877299700
마라15ba86aa,128.7695994000,35.1637464800
마라15ba86ab,128.7696345000,35.1660002200
마라15ba86ba,128.7696695000,35.1682539700
마라15ba86bb,128.7697045000,35.1705077100
마라15ba87aa,128.7697396000,35.1727614500
마라15ba87ab,128.7697746000,35.1750151900
마라15ba87ba,128.7698097000,35.1772689300
마라15ba87bb,128.7698447000,35.1795226700
마라15ba88aa,128.7698798000,35.1817764100
마라15ba88ab,128.7699149000,35.1840301400
마라15ba88ba,128.7699499000,35.1862838800
마라15ba88bb,128.7699850000,35.1885376100
마라15ba89aa,128.7700201000,35.1907913500
마라15ba89ab,128.7700552000,35.1930450800
마라15ba89ba,128.7700902000,35.1952988200
마라15ba89bb,128.7701253000,35.1975525500
마라15ba90aa,128.7701604000,35.1998062800
마라15ba90ab,128.7701955000,35.2020600100
마라15ba90ba,128.7702306000,35.2043137400
마라15ba90bb,128.7702657000,35.2065674700
마라15ba91aa,128.7703008000,35.2088211900
마라15ba91ab,128.7703359000,35.2110749200
마라15ba91ba,128.7703710000,35.2133286400
마라15ba91bb,128.7704062000,35.2155823700
마라15ba92aa,128.7704413000,35.2178360900
마라15ba92ab,128.7704764000,35.2200898200
마라15ba92ba,128.7705115000,35.2223435400
마라15ba92bb,128.7705467000,35.2245972600
마라15ba93aa,128.7705818000,35.2268509800
마라15ba93ab,128.7706169000,35.2291047000
마라15ba93ba,128.7706521000,35.2313584200
마라15ba93bb,128.7706872000,35.2336121400
마라15ba94aa,128.7707224000,35.2358658500
마라15ba94ab,128.7707575000,35.2381195700
마라15ba94ba,128.7707927000,35.2403732800
마라15ba94bb,128.7708279000,35.2426270000
마라15ba95aa,128.7708630000,35.2448807100
마라15ba95ab,128.7708982000,35.2471344200
마라15ba95ba,128.7709334000,35.2493881400
마라15ba95bb,128.7709686000,35.2516418500
마라15ba96aa,128.7710037000,35.2538955600
마라15ba96ab,128.7710389000,35.2561492700
마라15ba96ba,128.7710741000,35.2584029700
마라15ba96bb,128.7711093000,35.2606566800
마라15ba97aa,128.7711445000,35.2629103900
마라15ba97ab,128.7711797000,35.2651640900
마라15ba97ba,128.7712149000,35.2674178000
마라15ba97bb,128.7712501000,35.2696715000
마라15ba98aa,128.7712853000,35.2719252000
마라15ba98ab,128.7713206000,35.2741789100
마라15ba98ba,128.7713558000,35.2764326100
마라15ba98bb,128.7713910000,35.2786863100
마라15ba99aa,128.7714262000,35.2809400100
마라15ba99ab,128.7714615000,35.2831937100
마라15ba99ba,128.7714967000,35.2854474000
마라15ba99bb,128.7715320000,35.2877011000
마라15bb85bb,128.7723088000,35.1614639400
마라15bb86aa,128.7723439000,35.1637176800
마라15bb86ab,128.7723790000,35.1659714200
마라15bb86ba,128.7724141000,35.1682251600
마라15bb86bb,128.7724493000,35.1704789000
마라15bb87aa,128.7724844000,35.1727326400
마라15bb87ab,128.7725195000,35.1749863800
마라15bb87ba,128.7725546000,35.1772401200
마라15bb87bb,128.7725898000,35.1794938600
마라15bb88aa,128.7726249000,35.1817475900
마라15bb88ab,128.7726600000,35.1840013200
마라15bb88ba,128.7726952000,35.1862550600
마라15bb88bb,128.7727303000,35.1885087900
마라15bb89aa,128.7727655000,35.1907625200
마라15bb89ab,128.7728006000,35.1930162500
마라15bb89ba,128.7728358000,35.1952699800
마라15bb89bb,128.7728709000,35.1975237100
마라15bb90aa,128.7729061000,35.1997774400
마라15bb90ab,128.7729413000,35.2020311700
마라15bb90ba,128.7729764000,35.2042849000
마라15bb90bb,128.7730116000,35.2065386200
마라15bb91aa,128.7730468000,35.2087923500
마라15bb91ab,128.7730820000,35.2110460700
마라15bb91ba,128.7731172000,35.2132997900
마라15bb91bb,128.7731524000,35.2155535200
마라15bb92aa,128.7731876000,35.2178072400
마라15bb92ab,128.7732228000,35.2200609600
마라15bb92ba,128.7732580000,35.2223146800
마라15bb92bb,128.7732932000,35.2245684000
마라15bb93aa,128.7733284000,35.2268221200
마라15bb93ab,128.7733636000,35.2290758300
마라15bb93ba,128.7733988000,35.2313295500
마라15bb93bb,128.7734341000,35.2335832600
마라15bb94aa,128.7734693000,35.2358369800
마라15bb94ab,128.7735045000,35.2380906900
마라15bb94ba,128.7735398000,35.2403444100
마라15bb94bb,128.7735750000,35.2425981200
마라15bb95aa,128.7736102000,35.2448518300
마라15bb95ab,128.7736455000,35.2471055400
마라15bb95ba,128.7736807000,35.2493592500
마라15bb95bb,128.7737160000,35.2516129600
마라15bb96aa,128.7737513000,35.2538666600
마라15bb96ab,128.7737865000,35.2561203700
마라15bb96ba,128.7738218000,35.2583740800
마라15bb96bb,128.7738571000,35.2606277800
마라15bb97aa,128.7738923000,35.2628814900
마라15bb97ab,128.7739276000,35.2651351900
마라15bb97ba,128.7739629000,35.2673888900
마라15bb97bb,128.7739982000,35.2696425900
마라15bb98aa,128.7740335000,35.2718962900
마라15bb98ab,128.7740688000,35.2741499900
마라15bb98ba,128.7741041000,35.2764036900
마라15bb98bb,128.7741394000,35.2786573900
마라15bb99aa,128.7741747000,35.2809110900
마라15bb99ab,128.7742100000,35.2831647800
마라15bb99ba,128.7742453000,35.2854184800
마라15bb99bb,128.7742806000,35.2876721700
마라16aa85ba,128.7750180000,35.1591813400
마라16aa85bb,128.7750532000,35.1614350800
마라16aa86aa,128.7750884000,35.1636888200
마라16aa86ab,128.7751236000,35.1659425600
마라16aa86ba,128.7751588000,35.1681963000
마라16aa86bb,128.7751940000,35.1704500400
마라16aa87aa,128.7752292000,35.1727037700
마라16aa87ab,128.7752643000,35.1749575100
마라16aa87ba,128.7752996000,35.1772112500
마라16aa87bb,128.7753348000,35.1794649800
마라16aa88aa,128.7753700000,35.1817187100
마라16aa88ab,128.7754052000,35.1839724400
마라16aa88ba,128.7754404000,35.1862261800
마라16aa88bb,128.7754756000,35.1884799100
마라16aa89aa,128.7755108000,35.1907336400
마라16aa89ab,128.7755461000,35.1929873600
마라16aa89ba,128.7755813000,35.1952410900
마라16aa89bb,128.7756165000,35.1974948200
마라16aa90aa,128.7756518000,35.1997485400
마라16aa90ab,128.7756870000,35.2020022700
마라16aa90ba,128.7757223000,35.2042559900
마라16aa90bb,128.7757575000,35.2065097200
마라16aa91aa,128.7757928000,35.2087634400
마라16aa91ab,128.7758281000,35.2110171600
마라16aa91ba,128.7758633000,35.2132708800
마라16aa91bb,128.7758986000,35.2155246000
마라16aa92aa,128.7759339000,35.2177783200
마라16aa92ab,128.7759691000,35.2200320400
마라16aa92ba,128.7760044000,35.2222857600
마라16aa92bb,128.7760397000,35.2245394700
마라16aa93aa,128.7760750000,35.2267931900
마라16aa93ab,128.7761103000,35.2290469000
마라16aa93ba,128.7761456000,35.2313006200
마라16aa93bb,128.7761809000,35.2335543300
마라16aa94aa,128.7762162000,35.2358080400
마라16aa94ab,128.7762515000,35.2380617500
마라16aa94ba,128.7762868000,35.2403154600
마라16aa94bb,128.7763221000,35.2425691700
마라16aa95aa,128.7763574000,35.2448228800
마라16aa95ab,128.7763928000,35.2470765900
마라16aa95ba,128.7764281000,35.2493303000
마라16aa95bb,128.7764634000,35.2515840000
마라16aa96aa,128.7764988000,35.2538377100
마라16aa96ab,128.7765341000,35.2560914100
마라16aa96ba,128.7765694000,35.2583451200
마라16aa96bb,128.7766048000,35.2605988200
마라16aa97aa,128.7766401000,35.2628525200
마라16aa97ab,128.7766755000,35.2651062200
마라16aa97ba,128.7767109000,35.2673599200
마라16aa97bb,128.7767462000,35.2696136200
마라16aa98aa,128.7767816000,35.2718673200
마라16aa98ab,128.7768170000,35.2741210200
마라16aa98ba,128.7768523000,35.2763747100
마라16aa98bb,128.7768877000,35.2786284100
마라16aa99aa,128.7769231000,35.2808821000
마라16aa99ab,128.7769585000,35.2831358000
마라16aa99ba,128.7769939000,35.2853894900
마라16aa99bb,128.7770293000,35.2876431800
마라16ab85ba,128.7777624000,35.1591524300
마라16ab85bb,128.7777976000,35.1614061600
마라16ab86aa,128.7778329000,35.1636599000
마라16ab86ab,128.7778681000,35.1659136400
마라16ab86ba,128.7779034000,35.1681673700
마라16ab86bb,128.7779387000,35.1704211100
마라16ab87aa,128.7779739000,35.1726748400
마라16ab87ab,128.7780092000,35.1749285800
마라16ab87ba,128.7780445000,35.1771823100
마라16ab87bb,128.7780798000,35.1794360400
마라16ab88aa,128.7781150000,35.1816897700
마라16ab88ab,128.7781503000,35.1839435000
마라16ab88ba,128.7781856000,35.1861972300
마라16ab88bb,128.7782209000,35.1884509600
마라16ab89aa,128.7782562000,35.1907046900
마라16ab89ab,128.7782915000,35.1929584100
마라16ab89ba,128.7783268000,35.1952121400
마라16ab89bb,128.7783622000,35.1974658600
마라16ab90aa,128.7783975000,35.1997195900
마라16ab90ab,128.7784328000,35.2019733100
마라16ab90ba,128.7784681000,35.2042270300
마라16ab90bb,128.7785034000,35.2064807500
마라16ab91aa,128.7785388000,35.2087344700
마라16ab91ab,128.7785741000,35.2109881900
마라16ab91ba,128.7786095000,35.2132419100
마라16ab91bb,128.7786448000,35.2154956300
마라16ab92aa,128.7786802000,35.2177493400
마라16ab92ab,128.7787155000,35.2200030600
마라16ab92ba,128.7787509000,35.2222567700
마라16ab92bb,128.7787862000,35.2245104900
마라16ab93aa,128.7788216000,35.2267642000
마라16ab93ab,128.7788570000,35.2290179100
마라16ab93ba,128.7788923000,35.2312716200
마라16ab93bb,128.7789277000,35.2335253400
마라16ab94aa,128.7789631000,35.2357790500
마라16ab94ab,128.7789985000,35.2380327500
마라16ab94ba,128.7790339000,35.2402864600
마라16ab94bb,128.7790692000,35.2425401700
마라16ab95aa,128.7791046000,35.2447938800
마라16ab95ab,128.7791400000,35.2470475800
마라16ab95ba,128.7791754000,35.2493012800
마라16ab95bb,128.7792109000,35.2515549900
마라16ab96aa,128.7792463000,35.2538086900
마라16ab96ab,128.7792817000,35.2560623900
마라16ab96ba,128.7793171000,35.2583160900
마라16ab96bb,128.7793525000,35.2605697900
마라16ab97aa,128.7793880000,35.2628234900
마라16ab97ab,128.7794234000,35.2650771900
마라16ab97ba,128.7794588000,35.2673308900
마라16ab97bb,128.7794943000,35.2695845900
마라16ab98aa,128.7795297000,35.2718382800
마라16ab98ab,128.7795651000,35.2740919800
마라16ab98ba,128.7796006000,35.2763456700
마라16ab98bb,128.7796361000,35.2785993600
마라16ab99aa,128.7796715000,35.2808530600
마라16ab99ab,128.7797070000,35.2831067500
마라16ab99ba,128.7797424000,35.2853604400
마라16ab99bb,128.7797779000,35.2876141300
마라16ba85ba,128.7805067000,35.1591234500
마라16ba85bb,128.7805420000,35.1613771800
마라16ba86aa,128.7805773000,35.1636309200
마라16ba86ab,128.7806127000,35.1658846500
마라16ba86ba,128.7806480000,35.1681383900
마라16ba86bb,128.7806833000,35.1703921200
마라16ba87aa,128.7807187000,35.1726458500
마라16ba87ab,128.7807540000,35.1748995800
마라16ba87ba,128.7807894000,35.1771533100
마라16ba87bb,128.7808248000,35.1794070400
마라16ba88aa,128.7808601000,35.1816607700
마라16ba88ab,128.7808955000,35.1839145000
마라16ba88ba,128.7809309000,35.1861682200
마라16ba88bb,128.7809662000,35.1884219500
마라16ba89aa,128.7810016000,35.1906756700
마라16ba89ab,128.7810370000,35.1929294000
마라16ba89ba,128.7810724000,35.1951831200
마라16ba89bb,128.7811078000,35.1974368400
마라16ba90aa,128.7811432000,35.1996905600
마라16ba90ab,128.7811785000,35.2019442800
마라16ba90ba,128.7812139000,35.2041980000
마라16ba90bb,128.7812494000,35.2064517200
마라16ba91aa,128.7812848000,35.2087054400
마라16ba91ab,128.7813202000,35.2109591600
마라16ba91ba,128.7813556000,35.2132128700
마라16ba91bb,128.7813910000,35.2154665900
마라16ba92aa,128.7814264000,35.2177203000
마라16ba92ab,128.7814619000,35.2199740200
마라16ba92ba,128.7814973000,35.2222277300
마라16ba92bb,128.7815327000,35.2244814400
마라16ba93aa,128.7815682000,35.2267351500
마라16ba93ab,128.7816036000,35.2289888600
마라16ba93ba,128.7816391000,35.2312425700
마라16ba93bb,128.7816745000,35.2334962800
마라16ba94aa,128.7817100000,35.2357499800
마라16ba94ab,128.7817454000,35.2380036900
마라16ba94ba,128.7817809000,35.2402574000
마라16ba94bb,128.7818164000,35.2425111000
마라16ba95aa,128.7818518000,35.2447648000
마라16ba95ab,128.7818873000,35.2470185100
마라16ba95ba,128.7819228000,35.2492722100
마라16ba95bb,128.7819583000,35.2515259100
마라16ba96aa,128.7819938000,35.2537796100
마라16ba96ab,128.7820293000,35.2560333100
마라16ba96ba,128.7820648000,35.2582870100
마라16ba96bb,128.7821003000,35.2605407100
마라16ba97aa,128.7821358000,35.2627944000
마라16ba97ab,128.7821713000,35.2650481000
마라16ba97ba,128.7822068000,35.2673017900
마라16ba97bb,128.7822423000,35.2695554900
마라16ba98aa,128.7822778000,35.2718091800
마라16ba98ab,128.7823133000,35.2740628800
마라16ba98ba,128.7823489000,35.2763165700
마라16ba98bb,128.7823844000,35.2785702600
마라16ba99aa,128.7824199000,35.2808239500
마라16ba99ab,128.7824555000,35.2830776400
마라16ba99ba,128.7824910000,35.2853313200
마라16ba99bb,128.7825266000,35.2875850100
마라16bb85ba,128.7832510000,35.1590944100
마라16bb85bb,128.7832864000,35.1613481400
마라16bb86aa,128.7833218000,35.1636018700
마라16bb86ab,128.7833572000,35.1658556000
마라16bb86ba,128.7833926000,35.1681093400
마라16bb86bb,128.7834280000,35.1703630700
마라16bb87aa,128.7834635000,35.1726168000
마라16bb87ab,128.7834989000,35.1748705200
마라16bb87ba,128.7835343000,35.1771242500
마라16bb87bb,128.7835697000,35.1793779800
마라16bb88aa,128.7836052000,35.1816317000
마라16bb88ab,128.7836406000,35.1838854300
마라16bb88ba,128.7836761000,35.1861391500
마라16bb88bb,128.7837115000,35.1883928800
마라16bb89aa,128.7837470000,35.1906466000
마라16bb89ab,128.7837824000,35.1929003200
마라16bb89ba,128.7838179000,35.1951540400
마라16bb89bb,128.7838534000,35.1974077600
마라16bb90aa,128.7838888000,35.1996614800
마라16bb90ab,128.7839243000,35.2019152000
마라16bb90ba,128.7839598000,35.2041689100
마라16bb90bb,128.7839953000,35.2064226300
마라16bb91aa,128.7840307000,35.2086763500
마라16bb91ab,128.7840662000,35.2109300600
마라16bb91ba,128.7841017000,35.2131837700
마라16bb91bb,128.7841372000,35.2154374900
마라16bb92aa,128.7841727000,35.2176912000
마라16bb92ab,128.7842082000,35.2199449100
마라16bb92ba,128.7842437000,35.2221986200
마라16bb92bb,128.7842792000,35.2244523300
마라16bb93aa,128.7843148000,35.2267060400
마라16bb93ab,128.7843503000,35.2289597400
마라16bb93ba,128.7843858000,35.2312134500
마라16bb93bb,128.7844213000,35.2334671600
마라16bb94aa,128.7844569000,35.2357208600
마라16bb94ab,128.7844924000,35.2379745700
마라16bb94ba,128.7845279000,35.2402282700
마라16bb94bb,128.7845635000,35.2424819700
마라16bb95aa,128.7845990000,35.2447356700
마라16bb95ab,128.7846346000,35.2469893700
마라16bb95ba,128.7846701000,35.2492430700
마라16bb95bb,128.7847057000,35.2514967700
마라16bb96aa,128.7847413000,35.2537504700
마라16bb96ab,128.7847768000,35.2560041700
마라16bb96ba,128.7848124000,35.2582578600
마라16bb96bb,128.7848480000,35.2605115600
마라16bb97aa,128.7848836000,35.2627652500
마라16bb97ab,128.7849191000,35.2650189500
마라16bb97ba,128.7849547000,35.2672726400
마라16bb97bb,128.7849903000,35.2695263300
마라16bb98aa,128.7850259000,35.2717800200
마라16bb98ab,128.7850615000,35.2740337100
마라16bb98ba,128.7850971000,35.2762874000
마라16bb98bb,128.7851327000,35.2785410900
마라16bb99aa,128.7851683000,35.2807947800
마라16bb99ab,128.7852039000,35.2830484600
마라16bb99ba,128.7852396000,35.2853021500
마라16bb99bb,128.7852752000,35.2875558300
마라17aa85ab,128.7859598000,35.1568115700
마라17aa85ba,128.7859953000,35.1590653000
마라17aa85bb,128.7860308000,35.1613190300
마라17aa86aa,128.7860663000,35.1635727700
마라17aa86ab,128.7861017000,35.1658264900
마라17aa86ba,128.7861372000,35.1680802200
마라17aa86bb,128.7861727000,35.1703339500
마라17aa87aa,128.7862082000,35.1725876800
마라17aa87ab,128.7862437000,35.1748414000
마라17aa87ba,128.7862792000,35.1770951300
마라17aa87bb,128.7863147000,35.1793488500
마라17aa88aa,128.7863503000,35.1816025800
마라17aa88ab,128.7863858000,35.1838563000
마라17aa88ba,128.7864213000,35.1861100200
마라17aa88bb,128.7864568000,35.1883637400
마라17aa89aa,128.7864923000,35.1906174600
마라17aa89ab,128.7865279000,35.1928711800
마라17aa89ba,128.7865634000,35.1951249000
마라17aa89bb,128.7865990000,35.1973786200
마라17aa90aa,128.7866345000,35.1996323300
마라17aa90ab,128.7866700000,35.2018860500
마라17aa90ba,128.7867056000,35.2041397600
마라17aa90bb,128.7867412000,35.2063934800
마라17aa91aa,128.7867767000,35.2086471900
마라17aa91ab,128.7868123000,35.2109009000
마라17aa91ba,128.7868478000,35.2131546100
마라17aa91bb,128.7868834000,35.2154083200
마라17aa92aa,128.7869190000,35.2176620300
마라17aa92ab,128.7869546000,35.2199157400
마라17aa92ba,128.7869902000,35.2221694500
마라17aa92bb,128.7870257000,35.2244231600
마라17aa93aa,128.7870613000,35.2266768600
마라17aa93ab,128.7870969000,35.2289305700
마라17aa93ba,128.7871325000,35.2311842700
마라17aa93bb,128.7871681000,35.2334379700
마라17aa94aa,128.7872037000,35.2356916800
마라17aa94ab,128.7872394000,35.2379453800
마라17aa94ba,128.7872750000,35.2401990800
마라17aa94bb,128.7873106000,35.2424527800
마라17aa95aa,128.7873462000,35.2447064800
마라17aa95ab,128.7873818000,35.2469601800
마라17aa95ba,128.7874175000,35.2492138700
마라17aa95bb,128.7874531000,35.2514675700
마라17aa96aa,128.7874888000,35.2537212600
마라17aa96ab,128.7875244000,35.2559749600
마라17aa96ba,128.7875600000,35.2582286500
마라17aa96bb,128.7875957000,35.2604823500
마라17aa97aa,128.7876314000,35.2627360400
마라17aa97ab,128.7876670000,35.2649897300
마라17aa97ba,128.7877027000,35.2672434200
마라17aa97bb,128.7877383000,35.2694971100
마라17aa98aa,128.7877740000,35.2717508000
마라17aa98ab,128.7878097000,35.2740044800
마라17aa98ba,128.7878454000,35.2762581700
마라17aa98bb,128.7878811000,35.2785118600
마라17aa99aa,128.7879167000,35.2807655400
마라17aa99ab,128.7879524000,35.2830192300
마라17aa99ba,128.7879881000,35.2852729100
마라17aa99bb,128.7880238000,35.2875265900
마라17ab85ab,128.7887041000,35.1567824100
마라17ab85ba,128.7887396000,35.1590361400
마라17ab85bb,128.7887752000,35.1612898700
마라17ab86aa,128.7888107000,35.1635436000
마라17ab86ab,128.7888463000,35.1657973200
마라17ab86ba,128.7888818000,35.1680510500
마라17ab86bb,128.7889174000,35.1703047700
마라17ab87aa,128.7889530000,35.1725585000
마라17ab87ab,128.7889886000,35.1748122200
마라17ab87ba,128.7890241000,35.1770659400
마라17ab87bb,128.7890597000,35.1793196700
마라17ab88aa,128.7890953000,35.1815733900
마라17ab88ab,128.7891309000,35.1838271100
마라17ab88ba,128.7891665000,35.1860808300
마라17ab88bb,128.7892021000,35.1883345400
마라17ab89aa,128.7892377000,35.1905882600
마라17ab89ab,128.7892733000,35.1928419800
마라17ab89ba,128.7893089000,35.1950956900
마라17ab89bb,128.7893445000,35.1973494100
마라17ab90aa,128.7893802000,35.1996031200
마라17ab90ab,128.7894158000,35.2018568400
마라17ab90ba,128.7894514000,35.2041105500
마라17ab90bb,128.7894870000,35.2063642600
마라17ab91aa,128.7895227000,35.2086179700
마라17ab91ab,128.7895583000,35.2108716800
마라17ab91ba,128.7895940000,35.2131253900
마라17ab91bb,128.7896296000,35.2153791000
마라17ab92aa,128.7896653000,35.2176328000
마라17ab92ab,128.7897009000,35.2198865100
마라17ab92ba,128.7897366000,35.2221402200
마라17ab92bb,128.7897723000,35.2243939200
마라17ab93aa,128.7898079000,35.2266476200
마라17ab93ab,128.7898436000,35.2289013300
마라17ab93ba,128.7898793000,35.2311550300
마라17ab93bb,128.7899149000,35.2334087300
마라17ab94aa,128.7899506000,35.2356624300
마라17ab94ab,128.7899863000,35.2379161300
마라17ab94ba,128.7900220000,35.2401698300
마라17ab94bb,128.7900577000,35.2424235200
마라17ab95aa,128.7900934000,35.2446772200
마라17ab95ab,128.7901291000,35.2469309200
마라17ab95ba,128.7901648000,35.2491846100
마라17ab95bb,128.7902005000,35.2514383000
마라17ab96aa,128.7902362000,35.2536920000
마라17ab96ab,128.7902720000,35.2559456900
마라17ab96ba,128.7903077000,35.2581993800
마라17ab96bb,128.7903434000,35.2604530700
마라17ab97aa,128.7903791000,35.2627067600
마라17ab97ab,128.7904149000,35.2649604500
마라17ab97ba,128.7904506000,35.2672141400
마라17ab97bb,128.7904864000,35.2694678200
마라17ab98aa,128.7905221000,35.2717215100
마라17ab98ab,128.7905579000,35.2739752000
마라17ab98ba,128.7905936000,35.2762288800
마라17ab98bb,128.7906294000,35.2784825600
마라17ab99aa,128.7906651000,35.2807362500
마라17ab99ab,128.7907009000,35.2829899300
마라17ab99ba,128.7907367000,35.2852436100
마라17ab99bb,128.7907725000,35.2874972900
마라17ba85ab,128.7914483000,35.1567531800
마라17ba85ba,128.7914839000,35.1590069100
마라17ba85bb,128.7915195000,35.1612606400
마라17ba86aa,128.7915552000,35.1635143600
마라17ba86ab,128.7915908000,35.1657680900
마라17ba86ba,128.7916264000,35.1680218100
마라17ba86bb,128.7916621000,35.1702755300
마라17ba87aa,128.7916977000,35.1725292600
마라17ba87ab,128.7917334000,35.1747829800
마라17ba87ba,128.7917690000,35.1770367000
마라17ba87bb,128.7918047000,35.1792904200
마라17ba88aa,128.7918404000,35.1815441400
마라17ba88ab,128.7918760000,35.1837978500
마라17ba88ba,128.7919117000,35.1860515700
마라17ba88bb,128.7919474000,35.1883052900
마라17ba89aa,128.7919831000,35.1905590000
마라17ba89ab,128.7920187000,35.1928127200
마라17ba89ba,128.7920544000,35.1950664300
마라17ba89bb,128.7920901000,35.1973201400
마라17ba90aa,128.7921258000,35.1995738500
마라17ba90ab,128.7921615000,35.2018275600
마라17ba90ba,128.7921972000,35.2040812700
마라17ba90bb,128.7922329000,35.2063349800
마라17ba91aa,128.7922687000,35.2085886900
마라17ba91ab,128.7923044000,35.2108424000
마라17ba91ba,128.7923401000,35.2130961000
마라17ba91bb,128.7923758000,35.2153498100
마라17ba92aa,128.7924115000,35.2176035100
마라17ba92ab,128.7924473000,35.2198572200
마라17ba92ba,128.7924830000,35.2221109200
마라17ba92bb,128.7925187000,35.2243646200
마라17ba93aa,128.7925545000,35.2266183200
마라17ba93ab,128.7925902000,35.2288720200
마라17ba93ba,128.7926260000,35.2311257200
마라17ba93bb,128.7926617000,35.2333794200
마라17ba94aa,128.7926975000,35.2356331200
마라17ba94ab,128.7927333000,35.2378868200
마라17ba94ba,128.7927690000,35.2401405100
마라17ba94bb,128.7928048000,35.2423942100
마라17ba95aa,128.7928406000,35.2446479000
마라17ba95ab,128.7928764000,35.2469015900
마라17ba95ba,128.7929121000,35.2491552900
마라17ba95bb,128.7929479000,35.2514089800
마라17ba96aa,128.7929837000,35.2536626700
마라17ba96ab,128.7930195000,35.2559163600
마라17ba96ba,128.7930553000,35.2581700500
마라17ba96bb,128.7930911000,35.2604237300
마라17ba97aa,128.7931269000,35.2626774200
마라17ba97ab,128.7931627000,35.2649311100
마라17ba97ba,128.7931986000,35.2671847900
마라17ba97bb,128.7932344000,35.2694384800
마라17ba98aa,128.7932702000,35.2716921600
마라17ba98ab,128.7933060000,35.2739458400
마라17ba98ba,128.7933419000,35.2761995300
마라17ba98bb,128.7933777000,35.2784532100
마라17ba99aa,128.7934135000,35.2807068900
마라17ba99ab,128.7934494000,35.2829605700
마라17ba99ba,128.7934852000,35.2852142500
마라17ba99bb,128.7935211000,35.2874679200
마라17bb85ab,128.7941925000,35.1567239000
마라17bb85ba,128.7942282000,35.1589776200
마라17bb85bb,128.7942639000,35.1612313500
마라17bb86aa,128.7942996000,35.1634850700
마라17bb86ab,128.7943353000,35.1657387900
마라17bb86ba,128.7943710000,35.1679925100
마라17bb86bb,128.7944068000,35.1702462300
마라17bb87aa,128.7944425000,35.1724999500
마라17bb87ab,128.7944782000,35.1747536700
마라17bb87ba,128.7945139000,35.1770073900
마라17bb87bb,128.7945497000,35.1792611100
마라17bb88aa,128.7945854000,35.1815148200
마라17bb88ab,128.7946212000,35.1837685400
마라17bb88ba,128.7946569000,35.1860222500
마라17bb88bb,128.7946927000,35.1882759700
마라17bb89aa,128.7947284000,35.1905296800
마라17bb89ab,128.7947642000,35.1927833900
마라17bb89ba,128.7947999000,35.1950371000
마라17bb89bb,128.7948357000,35.1972908100
마라17bb90aa,128.7948715000,35.1995445200
마라17bb90ab,128.7949073000,35.2017982300
마라17bb90ba,128.7949430000,35.2040519400
마라17bb90bb,128.7949788000,35.2063056400
마라17bb91aa,128.7950146000,35.2085593500
마라17bb91ab,128.7950504000,35.2108130500
마라17bb91ba,128.7950862000,35.2130667600
마라17bb91bb,128.7951220000,35.2153204600
마라17bb92aa,128.7951578000,35.2175741600
마라17bb92ab,128.7951936000,35.2198278600
마라17bb92ba,128.7952294000,35.2220815600
마라17bb92bb,128.7952652000,35.2243352600
마라17bb93aa,128.7953011000,35.2265889600
마라17bb93ab,128.7953369000,35.2288426600
마라17bb93ba,128.7953727000,35.2310963600
마라17bb93bb,128.7954085000,35.2333500500
마라17bb94aa,128.7954444000,35.2356037500
마라17bb94ab,128.7954802000,35.2378574400
마라17bb94ba,128.7955161000,35.2401111300
마라17bb94bb,128.7955519000,35.2423648300
마라17bb95aa,128.7955878000,35.2446185200
마라17bb95ab,128.7956236000,35.2468722100
마라17bb95ba,128.7956595000,35.2491259000
마라17bb95bb,128.7956953000,35.2513795900
마라17bb96aa,128.7957312000,35.2536332800
마라17bb96ab,128.7957671000,35.2558869600
마라17bb96ba,128.7958030000,35.2581406500
마라17bb96bb,128.7958388000,35.2603943400
마라17bb97aa,128.7958747000,35.2626480200
마라17bb97ab,128.7959106000,35.2649017000
마라17bb97ba,128.7959465000,35.2671553900
마라17bb97bb,128.7959824000,35.2694090700
마라17bb98aa,128.7960183000,35.2716627500
마라17bb98ab,128.7960542000,35.2739164300
마라17bb98ba,128.7960901000,35.2761701100
마라17bb98bb,128.7961260000,35.2784237900
마라17bb99aa,128.7961619000,35.2806774700
마라17bb99ab,128.7961978000,35.2829311400
마라17bb99ba,128.7962338000,35.2851848200
마라17bb99bb,128.7962697000,35.2874384900
마라18aa85ba,128.7969725000,35.1589482700
마라18aa85bb,128.7970083000,35.1612019900
마라18aa86aa,128.7970441000,35.1634557100
마라18aa86ab,128.7970798000,35.1657094300
마라18aa86ba,128.7971156000,35.1679631500
마라18aa86bb,128.7971514000,35.1702168700
마라18aa87aa,128.7971872000,35.1724705900
마라18aa87ab,128.7972230000,35.1747243000
마라18aa87ba,128.7972588000,35.1769780200
마라18aa87bb,128.7972947000,35.1792317300
마라18aa88aa,128.7973305000,35.1814854500
마라18aa88ab,128.7973663000,35.1837391600
마라18aa88ba,128.7974021000,35.1859928700
마라18aa88bb,128.7974379000,35.1882465800
마라18aa89aa,128.7974738000,35.1905002900
마라18aa89ab,128.7975096000,35.1927540000
마라18aa89ba,128.7975454000,35.1950077100
마라18aa89bb,128.7975813000,35.1972614200
마라18aa90aa,128.7976171000,35.1995151200
마라18aa90ab,128.7976530000,35.2017688300
마라18aa90ba,128.7976888000,35.2040225300
마라18aa90bb,128.7977247000,35.2062762400
마라18aa91aa,128.7977606000,35.2085299400
마라18aa91ab,128.7977964000,35.2107836400
마라18aa91ba,128.7978323000,35.2130373500
마라18aa91bb,128.7978682000,35.2152910500
마라18aa92aa,128.7979041000,35.2175447500
마라18aa92ab,128.7979400000,35.2197984400
마라18aa92ba,128.7979758000,35.2220521400
마라18aa92bb,128.7980117000,35.2243058400
마라18aa93aa,128.7980476000,35.2265595400
마라18aa93ab,128.7980835000,35.2288132300
마라18aa93ba,128.7981194000,35.2310669300
마라18aa93bb,128.7981553000,35.2333206200
마라18aa94aa,128.7981912000,35.2355743100
마라18aa94ab,128.7982272000,35.2378280000
마라18aa94ba,128.7982631000,35.2400817000
마라18aa94bb,128.7982990000,35.2423353900
마라18aa95aa,128.7983349000,35.2445890700
마라18aa95ab,128.7983709000,35.2468427600
마라18aa95ba,128.7984068000,35.2490964500
마라18aa95bb,128.7984427000,35.2513501400
마라18aa96aa,128.7984787000,35.2536038200
마라18aa96ab,128.7985146000,35.2558575100
마라18aa96ba,128.7985506000,35.2581111900
마라18aa96bb,128.7985865000,35.2603648700
마라18aa97aa,128.7986225000,35.2626185600
마라18aa97ab,128.7986585000,35.2648722400
마라18aa97ba,128.7986944000,35.2671259200
마라18aa97bb,128.7987304000,35.2693796000
마라18aa98aa,128.7987664000,35.2716332800
마라18aa98ab,128.7988024000,35.2738869500
마라18aa98ba,128.7988383000,35.2761406300
마라18aa98bb,128.7988743000,35.2783943100
마라18aa99aa,128.7989103000,35.2806479800
마라18aa99ab,128.7989463000,35.2829016600
마라18aa99ba,128.7989823000,35.2851553300
마라18aa99bb,128.7990183000,35.2874090000
마라18ab85ba,128.7997168000,35.1589188600
마라18ab85bb,128.7997526000,35.1611725800
마라18ab86aa,128.7997885000,35.1634262900
마라18ab86ab,128.7998244000,35.1656800100
마라18ab86ba,128.7998602000,35.1679337300
마라18ab86bb,128.7998961000,35.1701874400
마라18ab87aa,128.7999320000,35.1724411600
마라18ab87ab,128.7999678000,35.1746948700
마라18ab87ba,128.8000037000,35.1769485800
마라18ab87bb,128.8000396000,35.1792023000
마라18ab88aa,128.8000755000,35.1814560100
마라18ab88ab,128.8001114000,35.1837097200
마라18ab88ba,128.8001473000,35.1859634300
마라18ab88bb,128.8001832000,35.1882171400
마라18ab89aa,128.8002191000,35.1904708400
마라18ab89ab,128.8002550000,35.1927245500
마라18ab89ba,128.8002909000,35.1949782600
마라18ab89bb,128.8003269000,35.1972319600
마라18ab90aa,128.8003628000,35.1994856700
마라18ab90ab,128.8003987000,35.2017393700
마라18ab90ba,128.8004347000,35.2039930700
마라18ab90bb,128.8004706000,35.2062467700
마라18ab91aa,128.8005065000,35.2085004700
마라18ab91ab,128.8005425000,35.2107541700
마라18ab91ba,128.8005784000,35.2130078700
마라18ab91bb,128.8006144000,35.2152615700
마라18ab92aa,128.8006503000,35.2175152700
마라18ab92ab,128.8006863000,35.2197689700
마라18ab92ba,128.8007222000,35.2220226600
마라18ab92bb,128.8007582000,35.2242763600
마라18ab93aa,128.8007942000,35.2265300500
마라18ab93ab,128.8008302000,35.2287837400
마라18ab93ba,128.8008661000,35.2310374300
마라18ab93bb,128.8009021000,35.2332911300
마라18ab94aa,128.8009381000,35.2355448200
마라18ab94ab,128.8009741000,35.2377985000
마라18ab94ba,128.8010101000,35.2400521900
마라18ab94bb,128.8010461000,35.2423058800
마라18ab95aa,128.8010821000,35.2445595700
마라18ab95ab,128.8011181000,35.2468132500
마라18ab95ba,128.8011541000,35.2490669400
마라18ab95bb,128.8011901000,35.2513206200
마라18ab96aa,128.8012262000,35.2535743100
마라18ab96ab,128.8012622000,35.2558279900
마라18ab96ba,128.8012982000,35.2580816700
마라18ab96bb,128.8013342000,35.2603353500
마라18ab97aa,128.8013703000,35.2625890300
마라18ab97ab,128.8014063000,35.2648427100
마라18ab97ba,128.8014424000,35.2670963900
마라18ab97bb,128.8014784000,35.2693500600
마라18ab98aa,128.8015145000,35.2716037400
마라18ab98ab,128.8015505000,35.2738574200
마라18ab98ba,128.8015866000,35.2761110900
마라18ab98bb,128.8016226000,35.2783647600
마라18ab99aa,128.8016587000,35.2806184400
마라18ab99ab,128.8016948000,35.2828721100
마라18ab99ba,128.8017308000,35.2851257800
마라18ab99bb,128.8017669000,35.2873794500
마라18ba85ba,128.8024611000,35.1588893800
마라18ba85bb,128.8024970000,35.1611431000
마라18ba86aa,128.8025329000,35.1633968100
마라18ba86ab,128.8025689000,35.1656505300
마라18ba86ba,128.8026048000,35.1679042400
마라18ba86bb,128.8026408000,35.1701579600
마라18ba87aa,128.8026767000,35.1724116700
마라18ba87ab,128.8027127000,35.1746653800
마라18ba87ba,128.8027486000,35.1769190900
마라18ba87bb,128.8027846000,35.1791728000
마라18ba88aa,128.8028206000,35.1814265100
마라18ba88ab,128.8028565000,35.1836802200
마라18ba88ba,128.8028925000,35.1859339200
마라18ba88bb,128.8029285000,35.1881876300
마라18ba89aa,128.8029645000,35.1904413300
마라18ba89ab,128.8030005000,35.1926950400
마라18ba89ba,128.8030364000,35.1949487400
마라18ba89bb,128.8030724000,35.1972024400
마라18ba90aa,128.8031084000,35.1994561500
마라18ba90ab,128.8031444000,35.2017098500
마라18ba90ba,128.8031804000,35.2039635500
마라18ba90bb,128.8032165000,35.2062172500
마라18ba91aa,128.8032525000,35.2084709400
마라18ba91ab,128.8032885000,35.2107246400
마라18ba91ba,128.8033245000,35.2129783400
마라18ba91bb,128.8033605000,35.2152320300
마라18ba92aa,128.8033966000,35.2174857300
마라18ba92ab,128.8034326000,35.2197394200
마라18ba92ba,128.8034687000,35.2219931200
마라18ba92bb,128.8035047000,35.2242468100
마라18ba93aa,128.8035407000,35.2265005000
마라18ba93ab,128.8035768000,35.2287541900
마라18ba93ba,128.8036129000,35.2310078800
마라18ba93bb,128.8036489000,35.2332615700
마라18ba94aa,128.8036850000,35.2355152600
마라18ba94ab,128.8037210000,35.2377689400
마라18ba94ba,128.8037571000,35.2400226300
마라18ba94bb,128.8037932000,35.2422763100
마라18ba95aa,128.8038293000,35.2445300000
마라18ba95ab,128.8038654000,35.2467836800
마라18ba95ba,128.8039014000,35.2490373600
마라18ba95bb,128.8039375000,35.2512910500
마라18ba96aa,128.8039736000,35.2535447300
마라18ba96ab,128.8040097000,35.2557984100
마라18ba96ba,128.8040458000,35.2580520900
마라18ba96bb,128.8040819000,35.2603057600
마라18ba97aa,128.8041180000,35.2625594400
마라18ba97ab,128.8041542000,35.2648131200
마라18ba97ba,128.8041903000,35.2670667900
마라18ba97bb,128.8042264000,35.2693204700
마라18ba98aa,128.8042625000,35.2715741400
마라18ba98ab,128.8042987000,35.2738278200
마라18ba98ba,128.8043348000,35.2760814900
마라18ba98bb,128.8043709000,35.2783351600
마라18ba99aa,128.8044071000,35.2805888300
마라18ba99ab,128.8044432000,35.2828425000
마라18ba99ba,128.8044794000,35.2850961700
마라18ba99bb,128.8045155000,35.2873498400
마라18bb85ba,128.8052053000,35.1588598400
마라18bb85bb,128.8052413000,35.1611135600
마라18bb86aa,128.8052774000,35.1633672700
마라18bb86ab,128.8053134000,35.1656209800
마라18bb86ba,128.8053494000,35.1678746900
마라18bb86bb,128.8053854000,35.1701284000
마라18bb87aa,128.8054214000,35.1723821100
마라18bb87ab,128.8054575000,35.1746358200
마라18bb87ba,128.8054935000,35.1768895300
마라18bb87bb,128.8055295000,35.1791432400
마라18bb88aa,128.8055656000,35.1813969500
마라18bb88ab,128.8056016000,35.1836506500
마라18bb88ba,128.8056377000,35.1859043600
마라18bb88bb,128.8056737000,35.1881580600
마라18bb89aa,128.8057098000,35.1904117600
마라18bb89ab,128.8057459000,35.1926654600
마라18bb89ba,128.8057819000,35.1949191600
마라18bb89bb,128.8058180000,35.1971728600
마라18bb90aa,128.8058541000,35.1994265600
마라18bb90ab,128.8058902000,35.2016802600
마라18bb90ba,128.8059262000,35.2039339600
마라18bb90bb,128.8059623000,35.2061876600
마라18bb91aa,128.8059984000,35.2084413500
마라18bb91ab,128.8060345000,35.2106950500
마라18bb91ba,128.8060706000,35.2129487400
마라18bb91bb,128.8061067000,35.2152024400
마라18bb92aa,128.8061428000,35.2174561300
마라18bb92ab,128.8061789000,35.2197098200
마라18bb92ba,128.8062151000,35.2219635100
마라18bb92bb,128.8062512000,35.2242172000
마라18bb93aa,128.8062873000,35.2264708900
마라18bb93ab,128.8063234000,35.2287245800
마라18bb93ba,128.8063596000,35.2309782600
마라18bb93bb,128.8063957000,35.2332319500
마라18bb94aa,128.8064318000,35.2354856300
마라18bb94ab,128.8064680000,35.2377393200
마라18bb94ba,128.8065041000,35.2399930000
마라18bb94bb,128.8065403000,35.2422466900
마라18bb95aa,128.8065764000,35.2445003700
마라18bb95ab,128.8066126000,35.2467540500
마라18bb95ba,128.8066488000,35.2490077300
마라18bb95bb,128.8066849000,35.2512614100
마라18bb96aa,128.8067211000,35.2535150900
마라18bb96ab,128.8067573000,35.2557687600
마라18bb96ba,128.8067934000,35.2580224400
마라18bb96bb,128.8068296000,35.2602761200
마라18bb97aa,128.8068658000,35.2625297900
마라18bb97ab,128.8069020000,35.2647834700
마라18bb97ba,128.8069382000,35.2670371400
마라18bb97bb,128.8069744000,35.2692908100
마라18bb98aa,128.8070106000,35.2715444800
마라18bb98ab,128.8070468000,35.2737981500
마라18bb98ba,128.8070830000,35.2760518200
마라18bb98bb,128.8071192000,35.2783054900
마라18bb99aa,128.8071555000,35.2805591600
마라18bb99ab,128.8071917000,35.2828128300
마라18bb99ba,128.8072279000,35.2850664900
마라18bb99bb,128.8072641000,35.2873201600
마라19aa85ba,128.8079496000,35.1588302400
마라19aa85bb,128.8079857000,35.1610839500
마라19aa86aa,128.8080218000,35.1633376700
마라19aa86ab,128.8080579000,35.1655913800
마라19aa86ba,128.8080940000,35.1678450800
마라19aa86bb,128.8081301000,35.1700987900
마라19aa87aa,128.8081662000,35.1723525000
마라19aa87ab,128.8082023000,35.1746062100
마라19aa87ba,128.8082384000,35.1768599100
마라19aa87bb,128.8082745000,35.1791136200
마라19aa88aa,128.8083106000,35.1813673200
마라19aa88ab,128.8083467000,35.1836210200
마라19aa88ba,128.8083829000,35.1858747300
마라19aa88bb,128.8084190000,35.1881284300
마라19aa89aa,128.8084551000,35.1903821300
마라19aa89ab,128.8084913000,35.1926358300
마라19aa89ba,128.8085274000,35.1948895300
마라19aa89bb,128.8085636000,35.1971432200
마라19aa90aa,128.8085997000,35.1993969200
마라19aa90ab,128.8086359000,35.2016506200
마라19aa90ba,128.8086720000,35.2039043100
마라19aa90bb,128.8087082000,35.2061580100
마라19aa91aa,128.8087444000,35.2084117000
마라19aa91ab,128.8087805000,35.2106653900
마라19aa91ba,128.8088167000,35.2129190800
마라19aa91bb,128.8088529000,35.2151727700
마라19aa92aa,128.8088891000,35.2174264600
마라19aa92ab,128.8089253000,35.2196801500
마라19aa92ba,128.8089615000,35.2219338400
마라19aa92bb,128.8089976000,35.2241875300
마라19aa93aa,128.8090338000,35.2264412100
마라19aa93ab,128.8090700000,35.2286949000
마라19aa93ba,128.8091063000,35.2309485800
마라19aa93bb,128.8091425000,35.2332022700
마라19aa94aa,128.8091787000,35.2354559500
마라19aa94ab,128.8092149000,35.2377096300
마라19aa94ba,128.8092511000,35.2399633100
마라19aa94bb,128.8092874000,35.2422169900
마라19aa95aa,128.8093236000,35.2444706700
마라19aa95ab,128.8093598000,35.2467243500
마라19aa95ba,128.8093961000,35.2489780300
마라19aa95bb,128.8094323000,35.2512317100
마라19aa96aa,128.8094686000,35.2534853800
마라19aa96ab,128.8095048000,35.2557390600
마라19aa96ba,128.8095411000,35.2579927300
마라19aa96bb,128.8095773000,35.2602464100
마라19aa97aa,128.8096136000,35.2625000800
마라19aa97ab,128.8096498000,35.2647537500
마라19aa97ba,128.8096861000,35.2670074200
마라19aa97bb,128.8097224000,35.2692610900
마라19aa98aa,128.8097587000,35.2715147600
마라19aa98ab,128.8097950000,35.2737684300
마라19aa98ba,128.8098312000,35.2760220900
마라19aa98bb,128.8098675000,35.2782757600
마라19aa99aa,128.8099038000,35.2805294300
마라19aa99ab,128.8099401000,35.2827830900
마라19aa99ba,128.8099764000,35.2850367500
마라19aa99bb,128.8100127000,35.2872904200
마라19ab85ba,128.8106939000,35.1588005800
마라19ab85bb,128.8107300000,35.1610542900
마라19ab86aa,128.8107662000,35.1633080000
마라19ab86ab,128.8108024000,35.1655617100
마라19ab86ba,128.8108385000,35.1678154100
마라19ab86bb,128.8108747000,35.1700691200
마라19ab87aa,128.8109109000,35.1723228200
마라19ab87ab,128.8109471000,35.1745765300
마라19ab87ba,128.8109833000,35.1768302300
마라19ab87bb,128.8110195000,35.1790839300
마라19ab88aa,128.8110557000,35.1813376300
마라19ab88ab,128.8110919000,35.1835913300
마라19ab88ba,128.8111281000,35.1858450300
마라19ab88bb,128.8111643000,35.1880987300
마라19ab89aa,128.8112005000,35.1903524300
마라19ab89ab,128.8112367000,35.1926061300
마라19ab89ba,128.8112729000,35.1948598200
마라19ab89bb,128.8113091000,35.1971135200
마라19ab90aa,128.8113454000,35.1993672100
마라19ab90ab,128.8113816000,35.2016209100
마라19ab90ba,128.8114178000,35.2038746000
마라19ab90bb,128.8114541000,35.2061282900
마라19ab91aa,128.8114903000,35.2083819800
마라19ab91ab,128.8115265000,35.2106356700
마라19ab91ba,128.8115628000,35.2128893600
마라19ab91bb,128.8115991000,35.2151430500
마라19ab92aa,128.8116353000,35.2173967400
마라19ab92ab,128.8116716000,35.2196504200
마라19ab92ba,128.8117078000,35.2219041100
마라19ab92bb,128.8117441000,35.2241577900
마라19ab93aa,128.8117804000,35.2264114800
마라19ab93ab,128.8118167000,35.2286651600
마라19ab93ba,128.8118530000,35.2309188400
마라19ab93bb,128.8118892000,35.2331725200
마라19ab94aa,128.8119255000,35.2354262100
마라19ab94ab,128.8119618000,35.2376798800
마라19ab94ba,128.8119981000,35.2399335600
마라19ab94bb,128.8120344000,35.2421872400
마라19ab95aa,128.8120707000,35.2444409200
마라19ab95ab,128.8121070000,35.2466945900
마라19ab95ba,128.8121434000,35.2489482700
마라19ab95bb,128.8121797000,35.2512019400
마라19ab96aa,128.8122160000,35.2534556200
마라19ab96ab,128.8122523000,35.2557092900
마라19ab96ba,128.8122887000,35.2579629600
마라19ab96bb,128.8123250000,35.2602166300
마라19ab97aa,128.8123613000,35.2624703000
마라19ab97ab,128.8123977000,35.2647239700
마라19ab97ba,128.8124340000,35.2669776400
마라19ab97bb,128.8124704000,35.2692313100
마라19ab98aa,128.8125067000,35.2714849700
마라19ab98ab,128.8125431000,35.2737386400
마라19ab98ba,128.8125795000,35.2759923000
마라19ab98bb,128.8126158000,35.2782459700
마라19ab99aa,128.8126522000,35.2804996300
마라19ab99ab,128.8126886000,35.2827532900
마라19ab99ba,128.8127250000,35.2850069500
마라19ab99bb,128.8127613000,35.2872606100
마라19ba85ba,128.8134382000,35.1587708600
마라19ba85bb,128.8134744000,35.1610245600
마라19ba86aa,128.8135106000,35.1632782700
마라19ba86ab,128.8135469000,35.1655319700
마라19ba86ba,128.8135831000,35.1677856800
마라19ba86bb,128.8136194000,35.1700393800
마라19ba87aa,128.8136556000,35.1722930800
마라19ba87ab,128.8136919000,35.1745467900
마라19ba87ba,128.8137281000,35.1768004900
마라19ba87bb,128.8137644000,35.1790541900
마라19ba88aa,128.8138007000,35.1813078800
마라19ba88ab,128.8138370000,35.1835615800
마라19ba88ba,128.8138732000,35.1858152800
마라19ba88bb,128.8139095000,35.1880689800
마라19ba89aa,128.8139458000,35.1903226700
마라19ba89ab,128.8139821000,35.1925763700
마라19ba89ba,128.8140184000,35.1948300600
마라19ba89bb,128.8140547000,35.1970837500
마라19ba90aa,128.8140910000,35.1993374400
마라19ba90ab,128.8141273000,35.2015911400
마라19ba90ba,128.8141636000,35.2038448300
마라19ba90bb,128.8141999000,35.2060985200
마라19ba91aa,128.8142362000,35.2083522000
마라19ba91ab,128.8142726000,35.2106058900
마라19ba91ba,128.8143089000,35.2128595800
마라19ba91bb,128.8143452000,35.2151132600
마라19ba92aa,128.8143816000,35.2173669500
마라19ba92ab,128.8144179000,35.2196206300
마라19ba92ba,128.8144542000,35.2218743200
마라19ba92bb,128.8144906000,35.2241280000
마라19ba93aa,128.8145269000,35.2263816800
마라19ba93ab,128.8145633000,35.2286353600
마라19ba93ba,128.8145996000,35.2308890400
마라19ba93bb,128.8146360000,35.2331427200
마라19ba94aa,128.8146724000,35.2353964000
마라19ba94ab,128.8147087000,35.2376500700
마라19ba94ba,128.8147451000,35.2399037500
마라19ba94bb,128.8147815000,35.2421574300
마라19ba95aa,128.8148179000,35.2444111000
마라19ba95ab,128.8148543000,35.2466647700
마라19ba95ba,128.8148907000,35.2489184500
마라19ba95bb,128.8149271000,35.2511721200
마라19ba96aa,128.8149635000,35.2534257900
마라19ba96ab,128.8149999000,35.2556794600
마라19ba96ba,128.8150363000,35.2579331300
마라19ba96bb,128.8150727000,35.2601868000
마라19ba97aa,128.8151091000,35.2624404600
마라19ba97ab,128.8151455000,35.2646941300
마라19ba97ba,128.8151819000,35.2669478000
마라19ba97bb,128.8152184000,35.2692014600
마라19ba98aa,128.8152548000,35.2714551300
마라19ba98ab,128.8152912000,35.2737087900
마라19ba98ba,128.8153277000,35.2759624500
마라19ba98bb,128.8153641000,35.2782161100
마라19ba99aa,128.8154006000,35.2804697700
마라19ba99ab,128.8154370000,35.2827234300
마라19ba99ba,128.8154735000,35.2849770900
마라19ba99bb,128.8155099000,35.2872307500
마라19bb85ba,128.8161824000,35.1587410700
마라19bb85bb,128.8162187000,35.1609947700
마라19bb86aa,128.8162550000,35.1632484800
마라19bb86ab,128.8162914000,35.1655021800
마라19bb86ba,128.8163277000,35.1677558800
마라19bb86bb,128.8163640000,35.1700095800
마라19bb87aa,128.8164003000,35.1722632800
마라19bb87ab,128.8164367000,35.1745169800
마라19bb87ba,128.8164730000,35.1767706800
마라19bb87bb,128.8165094000,35.1790243800
마라19bb88aa,128.8165457000,35.1812780700
마라19bb88ab,128.8165820000,35.1835317700
마라19bb88ba,128.8166184000,35.1857854600
마라19bb88bb,128.8166548000,35.1880391600
마라19bb89aa,128.8166911000,35.1902928500
마라19bb89ab,128.8167275000,35.1925465400
마라19bb89ba,128.8167639000,35.1948002300
마라19bb89bb,128.8168002000,35.1970539200
마라19bb90aa,128.8168366000,35.1993076100
마라19bb90ab,128.8168730000,35.2015613000
마라19bb90ba,128.8169094000,35.2038149900
마라19bb90bb,128.8169458000,35.2060686800
마라19bb91aa,128.8169822000,35.2083223600
마라19bb91ab,128.8170186000,35.2105760500
마라19bb91ba,128.8170550000,35.2128297300
마라19bb91bb,128.8170914000,35.2150834200
마라19bb92aa,128.8171278000,35.2173371000
마라19bb92ab,128.8171642000,35.2195907800
마라19bb92ba,128.8172006000,35.2218444600
마라19bb92bb,128.8172370000,35.2240981400
마라19bb93aa,128.8172735000,35.2263518200
마라19bb93ab,128.8173099000,35.2286055000
마라19bb93ba,128.8173463000,35.2308591700
마라19bb93bb,128.8173828000,35.2331128500
마라19bb94aa,128.8174192000,35.2353665300
마라19bb94ab,128.8174557000,35.2376202000
마라19bb94ba,128.8174921000,35.2398738700
마라19bb94bb,128.8175286000,35.2421275500
마라19bb95aa,128.8175650000,35.2443812200
마라19bb95ab,128.8176015000,35.2466348900
마라19bb95ba,128.8176380000,35.2488885600
마라19bb95bb,128.8176744000,35.2511422300
마라19bb96aa,128.8177109000,35.2533959000
마라19bb96ab,128.8177474000,35.2556495700
마라19bb96ba,128.8177839000,35.2579032300
마라19bb96bb,128.8178204000,35.2601569000
마라19bb97aa,128.8178569000,35.2624105600
마라19bb97ab,128.8178933000,35.2646642300
마라19bb97ba,128.8179298000,35.2669178900
마라19bb97bb,128.8179663000,35.2691715500
마라19bb98aa,128.8180029000,35.2714252100
마라19bb98ab,128.8180394000,35.2736788800
마라19bb98ba,128.8180759000,35.2759325400
마라19bb98bb,128.8181124000,35.2781861900
마라19bb99aa,128.8181489000,35.2804398500
마라19bb99ab,128.8181855000,35.2826935100
마라19bb99ba,128.8182220000,35.2849471700
마라19bb99bb,128.8182585000,35.2872008200
마라20aa85ba,128.8189267000,35.1587112200
마라20aa85bb,128.8189631000,35.1609649200
마라20aa86aa,128.8189995000,35.1632186200
마라20aa86ab,128.8190358000,35.1654723200
마라20aa86ba,128.8190722000,35.1677260200
마라20aa86bb,128.8191086000,35.1699797200
마라20aa87aa,128.8191451000,35.1722334200
마라20aa87ab,128.8191815000,35.1744871200
마라20aa87ba,128.8192179000,35.1767408100
마라20aa87bb,128.8192543000,35.1789945100
마라20aa88aa,128.8192907000,35.1812482000
마라20aa88ab,128.8193271000,35.1835018900
마라20aa88ba,128.8193636000,35.1857555900
마라20aa88bb,128.8194000000,35.1880092800
마라20aa89aa,128.8194364000,35.1902629700
마라20aa89ab,128.8194729000,35.1925166600
마라20aa89ba,128.8195093000,35.1947703500
마라20aa89bb,128.8195458000,35.1970240300
마라20aa90aa,128.8195822000,35.1992777200
마라20aa90ab,128.8196187000,35.2015314100
마라20aa90ba,128.8196552000,35.2037850900
마라20aa90bb,128.8196916000,35.2060387800
마라20aa91aa,128.8197281000,35.2082924600
마라20aa91ab,128.8197646000,35.2105461400
마라20aa91ba,128.8198010000,35.2127998200
마라20aa91bb,128.8198375000,35.2150535000
마라20aa92aa,128.8198740000,35.2173071800
마라20aa92ab,128.8199105000,35.2195608600
마라20aa92ba,128.8199470000,35.2218145400
마라20aa92bb,128.8199835000,35.2240682200
마라20aa93aa,128.8200200000,35.2263219000
마라20aa93ab,128.8200565000,35.2285755700
마라20aa93ba,128.8200930000,35.2308292500
마라20aa93bb,128.8201295000,35.2330829200
마라20aa94aa,128.8201661000,35.2353365900
마라20aa94ab,128.8202026000,35.2375902700
마라20aa94ba,128.8202391000,35.2398439400
마라20aa94bb,128.8202756000,35.2420976100
마라20aa95aa,128.8203122000,35.2443512800
마라20aa95ab,128.8203487000,35.2466049400
마라20aa95ba,128.8203853000,35.2488586100
마라20aa95bb,128.8204218000,35.2511122800
마라20aa96aa,128.8204584000,35.2533659500
마라20aa96ab,128.8204949000,35.2556196100
마라20aa96ba,128.8205315000,35.2578732700
마라20aa96bb,128.8205680000,35.2601269400
마라20aa97aa,128.8206046000,35.2623806000
마라20aa97ab,128.8206412000,35.2646342600
마라20aa97ba,128.8206777000,35.2668879200
마라20aa97bb,128.8207143000,35.2691415800
마라20aa98aa,128.8207509000,35.2713952400
마라20aa98ab,128.8207875000,35.2736489000
마라20aa98ba,128.8208241000,35.2759025600
마라20aa98bb,128.8208607000,35.2781562100
마라20aa99aa,128.8208973000,35.2804098700
마라20aa99ab,128.8209339000,35.2826635200
마라20aa99ba,128.8209705000,35.2849171800
마라20aa99bb,128.8210071000,35.2871708300
마라20ab85ab,128.8216345000,35.1564276100
마라20ab85ba,128.8216709000,35.1586813100
마라20ab85bb,128.8217074000,35.1609350100
마라20ab86aa,128.8217439000,35.1631887100
마라20ab86ab,128.8217803000,35.1654424100
마라20ab86ba,128.8218168000,35.1676961000
마라20ab86bb,128.8218533000,35.1699498000
마라20ab87aa,128.8218898000,35.1722034900
마라20ab87ab,128.8219262000,35.1744571900
마라20ab87ba,128.8219627000,35.1767108800
마라20ab87bb,128.8219992000,35.1789645700
마라20ab88aa,128.8220357000,35.1812182600
마라20ab88ab,128.8220722000,35.1834719500
마라20ab88ba,128.8221087000,35.1857256400
마라20ab88bb,128.8221452000,35.1879793300
마라20ab89aa,128.8221818000,35.1902330200
마라20ab89ab,128.8222183000,35.1924867100
마라20ab89ba,128.8222548000,35.1947403900
마라20ab89bb,128.8222913000,35.1969940800
마라20ab90aa,128.8223279000,35.1992477600
마라20ab90ab,128.8223644000,35.2015014500
마라20ab90ba,128.8224009000,35.2037551300
마라20ab90bb,128.8224375000,35.2060088100
마라20ab91aa,128.8224740000,35.2082624900
마라20ab91ab,128.8225106000,35.2105161700
마라20ab91ba,128.8225471000,35.2127698500
마라20ab91bb,128.8225837000,35.2150235300
마라20ab92aa,128.8226202000,35.2172772100
마라20ab92ab,128.8226568000,35.2195308900
마라20ab92ba,128.8226934000,35.2217845600
마라20ab92bb,128.8227300000,35.2240382400
마라20ab93aa,128.8227665000,35.2262919100
마라20ab93ab,128.8228031000,35.2285455800
마라20ab93ba,128.8228397000,35.2307992600
마라20ab93bb,128.8228763000,35.2330529300
마라20ab94aa,128.8229129000,35.2353066000
마라20ab94ab,128.8229495000,35.2375602700
마라20ab94ba,128.8229861000,35.2398139400
마라20ab94bb,128.8230227000,35.2420676000
마라20ab95aa,128.8230593000,35.2443212700
마라20ab95ab,128.8230959000,35.2465749400
마라20ab95ba,128.8231325000,35.2488286000
마라20ab95bb,128.8231692000,35.2510822700
마라20ab96aa,128.8232058000,35.2533359300
마라20ab96ab,128.8232424000,35.2555895900
마라20ab96ba,128.8232791000,35.2578432500
마라20ab96bb,128.8233157000,35.2600969200
마라20ab97aa,128.8233523000,35.2623505800
마라20ab97ab,128.8233890000,35.2646042300
마라20ab97ba,128.8234256000,35.2668578900
마라20ab97bb,128.8234623000,35.2691115500
마라20ab98aa,128.8234990000,35.2713652100
마라20ab98ab,128.8235356000,35.2736188600
마라20ab98ba,128.8235723000,35.2758725200
마라20ab98bb,128.8236090000,35.2781261700
마라20ab99aa,128.8236456000,35.2803798200
마라20ab99ab,128.8236823000,35.2826334800
마라20ab99ba,128.8237190000,35.2848871300
마라20ab99bb,128.8237557000,35.2871407800
마라20ba85ab,128.8243787000,35.1563976400
마라20ba85ba,128.8244152000,35.1586513400
마라20ba85bb,128.8244517000,35.1609050300
마라20ba86aa,128.8244883000,35.1631587300
마라20ba86ab,128.8245248000,35.1654124300
마라20ba86ba,128.8245614000,35.1676661200
마라20ba86bb,128.8245979000,35.1699198100
마라20ba87aa,128.8246345000,35.1721735100
마라20ba87ab,128.8246710000,35.1744272000
마라20ba87ba,128.8247076000,35.1766808900
마라20ba87bb,128.8247442000,35.1789345800
마라20ba88aa,128.8247807000,35.1811882700
마라20ba88ab,128.8248173000,35.1834419500
마라20ba88ba,128.8248539000,35.1856956400
마라20ba88bb,128.8248905000,35.1879493300
마라20ba89aa,128.8249271000,35.1902030100
마라20ba89ab,128.8249637000,35.1924567000
마라20ba89ba,128.8250003000,35.1947103800
마라20ba89bb,128.8250369000,35.1969640600
마라20ba90aa,128.8250735000,35.1992177500
마라20ba90ab,128.8251101000,35.2014714300
마라20ba90ba,128.8251467000,35.2037251100
마라20ba90bb,128.8251833000,35.2059787900
마라20ba91aa,128.8252199000,35.2082324700
마라20ba91ab,128.8252566000,35.2104861400
마라20ba91ba,128.8252932000,35.2127398200
마라20ba91bb,128.8253298000,35.2149935000
마라20ba92aa,128.8253665000,35.2172471700
마라20ba92ab,128.8254031000,35.2195008500
마라20ba92ba,128.8254397000,35.2217545200
마라20ba92bb,128.8254764000,35.2240081900
마라20ba93aa,128.8255131000,35.2262618600
마라20ba93ab,128.8255497000,35.2285155300
마라20ba93ba,128.8255864000,35.2307692000
마라20ba93bb,128.8256230000,35.2330228700
마라20ba94aa,128.8256597000,35.2352765400
마라20ba94ab,128.8256964000,35.2375302100
마라20ba94ba,128.8257331000,35.2397838700
마라20ba94bb,128.8257698000,35.2420375400
마라20ba95aa,128.8258064000,35.2442912000
마라20ba95ab,128.8258431000,35.2465448700
마라20ba95ba,128.8258798000,35.2487985300
마라20ba95bb,128.8259165000,35.2510521900
마라20ba96aa,128.8259532000,35.2533058500
마라20ba96ab,128.8259899000,35.2555595100
마라20ba96ba,128.8260266000,35.2578131700
마라20ba96bb,128.8260634000,35.2600668300
마라20ba97aa,128.8261001000,35.2623204900
마라20ba97ab,128.8261368000,35.2645741400
마라20ba97ba,128.8261735000,35.2668278000
마라20ba97bb,128.8262103000,35.2690814600
마라20ba98aa,128.8262470000,35.2713351100
마라20ba98ab,128.8262837000,35.2735887600
마라20ba98ba,128.8263205000,35.2758424100
마라20ba98bb,128.8263572000,35.2780960700
마라20ba99aa,128.8263940000,35.2803497200
마라20ba99ab,128.8264307000,35.2826033700
마라20ba99ba,128.8264675000,35.2848570200
마라20ba99bb,128.8265043000,35.2871106600
마라20bb85ab,128.8271228000,35.1563676100
마라20bb85ba,128.8271594000,35.1586213000
마라20bb85bb,128.8271960000,35.1608750000
마라20bb86aa,128.8272327000,35.1631286900
마라20bb86ab,128.8272693000,35.1653823800
마라20bb86ba,128.8273059000,35.1676360700
마라20bb86bb,128.8273425000,35.1698897700
마라20bb87aa,128.8273792000,35.1721434600
마라20bb87ab,128.8274158000,35.1743971400
마라20bb87ba,128.8274524000,35.1766508300
마라20bb87bb,128.8274891000,35.1789045200
마라20bb88aa,128.8275257000,35.1811582100
마라20bb88ab,128.8275624000,35.1834118900
마라20bb88ba,128.8275990000,35.1856655800
마라20bb88bb,128.8276357000,35.1879192600
마라20bb89aa,128.8276724000,35.1901729400
마라20bb89ab,128.8277090000,35.1924266300
마라20bb89ba,128.8277457000,35.1946803100
마라20bb89bb,128.8277824000,35.1969339900
마라20bb90aa,128.8278191000,35.1991876700
마라20bb90ab,128.8278558000,35.2014413500
마라20bb90ba,128.8278925000,35.2036950200
마라20bb90bb,128.8279291000,35.2059487000
마라20bb91aa,128.8279658000,35.2082023800
마라20bb91ab,128.8280025000,35.2104560500
마라20bb91ba,128.8280393000,35.2127097300
마라20bb91bb,128.8280760000,35.2149634000
마라20bb92aa,128.8281127000,35.2172170700
마라20bb92ab,128.8281494000,35.2194707400
마라20bb92ba,128.8281861000,35.2217244100
마라20bb92bb,128.8282228000,35.2239780800
마라20bb93aa,128.8282596000,35.2262317500
마라20bb93ab,128.8282963000,35.2284854200
마라20bb93ba,128.8283330000,35.2307390900
마라20bb93bb,128.8283698000,35.2329927500
마라20bb94aa,128.8284065000,35.2352464200
마라20bb94ab,128.8284433000,35.2375000800
마라20bb94ba,128.8284800000,35.2397537500
마라20bb94bb,128.8285168000,35.2420074100
마라20bb95aa,128.8285536000,35.2442610700
마라20bb95ab,128.8285903000,35.2465147300
마라20bb95ba,128.8286271000,35.2487683900
마라20bb95bb,128.8286639000,35.2510220500
마라20bb96aa,128.8287007000,35.2532757100
마라20bb96ab,128.8287374000,35.2555293700
마라20bb96ba,128.8287742000,35.2577830300
마라20bb96bb,128.8288110000,35.2600366800
마라20bb97aa,128.8288478000,35.2622903400
마라20bb97ab,128.8288846000,35.2645439900
마라20bb97ba,128.8289214000,35.2667976500
마라20bb97bb,128.8289582000,35.2690513000
마라20bb98aa,128.8289950000,35.2713049500
마라20bb98ab,128.8290319000,35.2735586000
마라20bb98ba,128.8290687000,35.2758122500
마라20bb98bb,128.8291055000,35.2780659000
마라20bb99aa,128.8291423000,35.2803195500
마라20bb99ab,128.8291792000,35.2825731900
마라20bb99ba,128.8292160000,35.2848268400
마라20bb99bb,128.8292528000,35.2870804900
마라21aa85ab,128.8298670000,35.1563375100
마라21aa85ba,128.8299037000,35.1585912100
마라21aa85bb,128.8299404000,35.1608449000
마라21aa86aa,128.8299771000,35.1630985900
마라21aa86ab,128.8300138000,35.1653522800
마라21aa86ba,128.8300505000,35.1676059700
마라21aa86bb,128.8300872000,35.1698596600
마라21aa87aa,128.8301239000,35.1721133400
마라21aa87ab,128.8301606000,35.1743670300
마라21aa87ba,128.8301973000,35.1766207200
마라21aa87bb,128.8302340000,35.1788744000
마라21aa88aa,128.8302707000,35.1811280800
마라21aa88ab,128.8303075000,35.1833817700
마라21aa88ba,128.8303442000,35.1856354500
마라21aa88bb,128.8303809000,35.1878891300
마라21aa89aa,128.8304177000,35.1901428100
마라21aa89ab,128.8304544000,35.1923964900
마라21aa89ba,128.8304912000,35.1946501700
마라21aa89bb,128.8305279000,35.1969038500
마라21aa90aa,128.8305647000,35.1991575200
마라21aa90ab,128.8306014000,35.2014112000
마라21aa90ba,128.8306382000,35.2036648800
마라21aa90bb,128.8306750000,35.2059185500
마라21aa91aa,128.8307118000,35.2081722200
마라21aa91ab,128.8307485000,35.2104259000
마라21aa91ba,128.8307853000,35.2126795700
마라21aa91bb,128.8308221000,35.2149332400
마라21aa92aa,128.8308589000,35.2171869100
마라21aa92ab,128.8308957000,35.2194405800
마라21aa92ba,128.8309325000,35.2216942500
마라21aa92bb,128.8309693000,35.2239479100
마라21aa93aa,128.8310061000,35.2262015800
마라21aa93ab,128.8310429000,35.2284552500
마라21aa93ba,128.8310797000,35.2307089100
마라21aa93bb,128.8311165000,35.2329625700
마라21aa94aa,128.8311534000,35.2352162400
마라21aa94ab,128.8311902000,35.2374699000
마라21aa94ba,128.8312270000,35.2397235600
마라21aa94bb,128.8312639000,35.2419772200
마라21aa95aa,128.8313007000,35.2442308800
마라21aa95ab,128.8313375000,35.2464845400
마라21aa95ba,128.8313744000,35.2487382000
마라21aa95bb,128.8314112000,35.2509918500
마라21aa96aa,128.8314481000,35.2532455100
마라21aa96ab,128.8314849000,35.2554991700
마라21aa96ba,128.8315218000,35.2577528200
마라21aa96bb,128.8315587000,35.2600064700
마라21aa97aa,128.8315956000,35.2622601300
마라21aa97ab,128.8316324000,35.2645137800
마라21aa97ba,128.8316693000,35.2667674300
마라21aa97bb,128.8317062000,35.2690210800
마라21aa98aa,128.8317431000,35.2712747300
마라21aa98ab,128.8317800000,35.2735283800
마라21aa98ba,128.8318169000,35.2757820200
마라21aa98bb,128.8318538000,35.2780356700
마라21aa99aa,128.8318907000,35.2802893100
마라21aa99ab,128.8319276000,35.2825429600
마라21aa99ba,128.8319645000,35.2847966000
마라21aa99bb,128.8320014000,35.2870502500
마라21ab85ab,128.8326112000,35.1563073600
마라21ab85ba,128.8326479000,35.1585610500
마라21ab85bb,128.8326847000,35.1608147400
마라21ab86aa,128.8327214000,35.1630684200
마라21ab86ab,128.8327582000,35.1653221100
마라21ab86ba,128.8327950000,35.1675758000
마라21ab86bb,128.8328318000,35.1698294800
마라21ab87aa,128.8328686000,35.1720831700
마라21ab87ab,128.8329053000,35.1743368500
마라21ab87ba,128.8329421000,35.1765905400
마라21ab87bb,128.8329789000,35.1788442200
마라21ab88aa,128.8330157000,35.1810979000
마라21ab88ab,128.8330525000,35.1833515800
마라21ab88ba,128.8330893000,35.1856052600
마라21ab88bb,128.8331262000,35.1878589400
마라21ab89aa,128.8331630000,35.1901126200
마라21ab89ab,128.8331998000,35.1923662900
마라21ab89ba,128.8332366000,35.1946199700
마라21ab89bb,128.8332735000,35.1968736500
마라21ab90aa,128.8333103000,35.1991273200
마라21ab90ab,128.8333471000,35.2013809900
마라21ab90ba,128.8333840000,35.2036346700
마라21ab90bb,128.8334208000,35.2058883400
마라21ab91aa,128.8334577000,35.2081420100
마라21ab91ab,128.8334945000,35.2103956800
마라21ab91ba,128.8335314000,35.2126493500
마라21ab91bb,128.8335682000,35.2149030200
마라21ab92aa,128.8336051000,35.2171566800
마라21ab92ab,128.8336420000,35.2194103500
마라21ab92ba,128.8336788000,35.2216640200
마라21ab92bb,128.8337157000,35.2239176800
마라21ab93aa,128.8337526000,35.2261713500
마라21ab93ab,128.8337895000,35.2284250100
마라21ab93ba,128.8338264000,35.2306786700
마라21ab93bb,128.8338633000,35.2329323300
마라21ab94aa,128.8339002000,35.2351859900
마라21ab94ab,128.8339371000,35.2374396500
마라21ab94ba,128.8339740000,35.2396933100
마라21ab94bb,128.8340109000,35.2419469700
마라21ab95aa,128.8340478000,35.2442006300
마라21ab95ab,128.8340847000,35.2464542800
마라21ab95ba,128.8341217000,35.2487079400
마라21ab95bb,128.8341586000,35.2509615900
마라21ab96aa,128.8341955000,35.2532152500
마라21ab96ab,128.8342324000,35.2554689000
마라21ab96ba,128.8342694000,35.2577225500
마라21ab96bb,128.8343063000,35.2599762000
마라21ab97aa,128.8343433000,35.2622298500
마라21ab97ab,128.8343802000,35.2644835000
마라21ab97ba,128.8344172000,35.2667371500
마라21ab97bb,128.8344541000,35.2689908000
마라21ab98aa,128.8344911000,35.2712444400
마라21ab98ab,128.8345281000,35.2734980900
마라21ab98ba,128.8345651000,35.2757517300
마라21ab98bb,128.8346020000,35.2780053800
마라21ab99aa,128.8346390000,35.2802590200
마라21ab99ab,128.8346760000,35.2825126600
마라21ab99ba,128.8347130000,35.2847663000
마라21ab99bb,128.8347500000,35.2870199400
마라21ba85ba,128.8353921000,35.1585308200
마라21ba85bb,128.8354290000,35.1607845100
마라21ba86aa,128.8354658000,35.1630382000
마라21ba86ab,128.8355027000,35.1652918800
마라21ba86ba,128.8355395000,35.1675455700
마라21ba86bb,128.8355764000,35.1697992500
마라21ba87aa,128.8356132000,35.1720529300
마라21ba87ab,128.8356501000,35.1743066100
마라21ba87ba,128.8356870000,35.1765602900
마라21ba87bb,128.8357239000,35.1788139700
마라21ba88aa,128.8357607000,35.1810676500
마라21ba88ab,128.8357976000,35.1833213300
마라21ba88ba,128.8358345000,35.1855750100
마라21ba88bb,128.8358714000,35.1878286900
마라21ba89aa,128.8359083000,35.1900823600
마라21ba89ab,128.8359452000,35.1923360400
마라21ba89ba,128.8359821000,35.1945897100
마라21ba89bb,128.8360190000,35.1968433800
마라21ba90aa,128.8360559000,35.1990970500
마라21ba90ab,128.8360928000,35.2013507200
마라21ba90ba,128.8361297000,35.2036044000
마라21ba90bb,128.8361666000,35.2058580600
마라21ba91aa,128.8362036000,35.2081117300
마라21ba91ab,128.8362405000,35.2103654000
마라21ba91ba,128.8362774000,35.2126190700
마라21ba91bb,128.8363144000,35.2148727300
마라21ba92aa,128.8363513000,35.2171264000
마라21ba92ab,128.8363883000,35.2193800600
마라21ba92ba,128.8364252000,35.2216337300
마라21ba92bb,128.8364622000,35.2238873900
마라21ba93aa,128.8364991000,35.2261410500
마라21ba93ab,128.8365361000,35.2283947100
마라21ba93ba,128.8365730000,35.2306483700
마라21ba93bb,128.8366100000,35.2329020300
마라21ba94aa,128.8366470000,35.2351556900
마라21ba94ab,128.8366840000,35.2374093400
마라21ba94ba,128.8367209000,35.2396630000
마라21ba94bb,128.8367579000,35.2419166600
마라21ba95aa,128.8367949000,35.2441703100
마라21ba95ab,128.8368319000,35.2464239600
마라21ba95ba,128.8368689000,35.2486776200
마라21ba95bb,128.8369059000,35.2509312700
마라21ba96aa,128.8369429000,35.2531849200
마라21ba96ab,128.8369799000,35.2554385700
마라21ba96ba,128.8370170000,35.2576922200
마라21ba96bb,128.8370540000,35.2599458700
마라21ba97aa,128.8370910000,35.2621995100
마라21ba97ab,128.8371280000,35.2644531600
마라21ba97ba,128.8371651000,35.2667068100
마라21ba97bb,128.8372021000,35.2689604500
마라21ba98aa,128.8372391000,35.2712141000
마라21ba98ab,128.8372762000,35.2734677400
마라21ba98ba,128.8373132000,35.2757213800
마라21ba98bb,128.8373503000,35.2779750200
마라21ba99aa,128.8373873000,35.2802286600
마라21ba99ab,128.8374244000,35.2824823000
마라21ba99ba,128.8374615000,35.2847359400
마라21ba99bb,128.8374985000,35.2869895800
마라21bb85ba,128.8381364000,35.1585005400
마라21bb85bb,128.8381733000,35.1607542300
마라21bb86aa,128.8382102000,35.1630079100
마라21bb86ab,128.8382471000,35.1652615900
마라21bb86ba,128.8382841000,35.1675152700
마라21bb86bb,128.8383210000,35.1697689500
마라21bb87aa,128.8383579000,35.1720226300
마라21bb87ab,128.8383949000,35.1742763100
마라21bb87ba,128.8384318000,35.1765299900
마라21bb87bb,128.8384688000,35.1787836700
마라21bb88aa,128.8385057000,35.1810373400
마라21bb88ab,128.8385427000,35.1832910200
마라21bb88ba,128.8385796000,35.1855446900
마라21bb88bb,128.8386166000,35.1877983700
마라21bb89aa,128.8386536000,35.1900520400
마라21bb89ab,128.8386905000,35.1923057100
마라21bb89ba,128.8387275000,35.1945593800
마라21bb89bb,128.8387645000,35.1968130600
마라21bb90aa,128.8388015000,35.1990667200
마라21bb90ab,128.8388385000,35.2013203900
마라21bb90ba,128.8388755000,35.2035740600
마라21bb90bb,128.8389125000,35.2058277300
마라21bb91aa,128.8389495000,35.2080813900
마라21bb91ab,128.8389865000,35.2103350600
마라21bb91ba,128.8390235000,35.2125887200
마라21bb91bb,128.8390605000,35.2148423900
마라21bb92aa,128.8390975000,35.2170960500
마라21bb92ab,128.8391345000,35.2193497100
마라21bb92ba,128.8391716000,35.2216033700
마라21bb92bb,128.8392086000,35.2238570300
마라21bb93aa,128.8392456000,35.2261106900
마라21bb93ab,128.8392827000,35.2283643500
마라21bb93ba,128.8393197000,35.2306180100
마라21bb93bb,128.8393567000,35.2328716600
마라21bb94aa,128.8393938000,35.2351253200
마라21bb94ab,128.8394309000,35.2373789700
마라21bb94ba,128.8394679000,35.2396326300
마라21bb94bb,128.8395050000,35.2418862800
마라21bb95aa,128.8395420000,35.2441399300
마라21bb95ab,128.8395791000,35.2463935800
마라21bb95ba,128.8396162000,35.2486472300
마라21bb95bb,128.8396533000,35.2509008800
마라21bb96aa,128.8396903000,35.2531545300
마라21bb96ab,128.8397274000,35.2554081800
마라21bb96ba,128.8397645000,35.2576618200
마라21bb96bb,128.8398016000,35.2599154700
마라21bb97aa,128.8398387000,35.2621691100
마라21bb97ab,128.8398758000,35.2644227600
마라21bb97ba,128.8399129000,35.2666764000
마라21bb97bb,128.8399500000,35.2689300400
마라21bb98aa,128.8399872000,35.2711836900
마라21bb98ab,128.8400243000,35.2734373300
마라21bb98ba,128.8400614000,35.2756909700
마라21bb98bb,128.8400985000,35.2779446000
마라21bb99aa,128.8401357000,35.2801982400
마라21bb99ab,128.8401728000,35.2824518800
마라21bb99ba,128.8402099000,35.2847055200
마라21bb99bb,128.8402471000,35.2869591500
마라22aa85ba,128.8408806000,35.1584702000
마라22aa85bb,128.8409176000,35.1607238800
마라22aa86aa,128.8409546000,35.1629775600
마라22aa86ab,128.8409916000,35.1652312400
마라22aa86ba,128.8410286000,35.1674849200
마라22aa86bb,128.8410656000,35.1697386000
마라22aa87aa,128.8411026000,35.1719922700
마라22aa87ab,128.8411396000,35.1742459500
마라22aa87ba,128.8411766000,35.1764996200
마라22aa87bb,128.8412137000,35.1787533000
마라22aa88aa,128.8412507000,35.1810069700
마라22aa88ab,128.8412877000,35.1832606500
마라22aa88ba,128.8413248000,35.1855143200
마라22aa88bb,128.8413618000,35.1877679900
마라22aa89aa,128.8413989000,35.1900216600
마라22aa89ab,128.8414359000,35.1922753300
마라22aa89ba,128.8414730000,35.1945290000
마라22aa89bb,128.8415100000,35.1967826700
마라22aa90aa,128.8415471000,35.1990363300
마라22aa90ab,128.8415841000,35.2012900000
마라22aa90ba,128.8416212000,35.2035436600
마라22aa90bb,128.8416583000,35.2057973300
마라22aa91aa,128.8416954000,35.2080509900
마라22aa91ab,128.8417324000,35.2103046600
마라22aa91ba,128.8417695000,35.2125583200
마라22aa91bb,128.8418066000,35.2148119800
마라22aa92aa,128.8418437000,35.2170656400
마라22aa92ab,128.8418808000,35.2193193000
마라22aa92ba,128.8419179000,35.2215729500
마라22aa92bb,128.8419550000,35.2238266100
마라22aa93aa,128.8419921000,35.2260802700
마라22aa93ab,128.8420292000,35.2283339200
마라22aa93ba,128.8420664000,35.2305875800
마라22aa93bb,128.8421035000,35.2328412300
마라22aa94aa,128.8421406000,35.2350948900
마라22aa94ab,128.8421777000,35.2373485400
마라22aa94ba,128.8422149000,35.2396021900
마라22aa94bb,128.8422520000,35.2418558400
마라22aa95aa,128.8422891000,35.2441094900
마라22aa95ab,128.8423263000,35.2463631400
마라22aa95ba,128.8423634000,35.2486167800
마라22aa95bb,128.8424006000,35.2508704300
마라22aa96aa,128.8424378000,35.2531240800
마라22aa96ab,128.8424749000,35.2553777200
마라22aa96ba,128.8425121000,35.2576313700
마라22aa96bb,128.8425493000,35.2598850100
마라22aa97aa,128.8425864000,35.2621386500
마라22aa97ab,128.8426236000,35.2643922900
마라22aa97ba,128.8426608000,35.2666459400
마라22aa97bb,128.8426980000,35.2688995700
마라22aa98aa,128.8427352000,35.2711532100
마라22aa98ab,128.8427724000,35.2734068500
마라22aa98ba,128.8428096000,35.2756604900
마라22aa98bb,128.8428468000,35.2779141300
마라22aa99aa,128.8428840000,35.2801677600
마라22aa99ab,128.8429212000,35.2824214000
마라22aa99ba,128.8429584000,35.2846750300
마라22aa99bb,128.8429956000,35.2869286600
마라22ab85ba,128.8436248000,35.1584397900
마라22ab85bb,128.8436619000,35.1606934700
마라22ab86aa,128.8436990000,35.1629471400
마라22ab86ab,128.8437360000,35.1652008200
마라22ab86ba,128.8437731000,35.1674545000
마라22ab86bb,128.8438102000,35.1697081700
마라22ab87aa,128.8438473000,35.1719618500
마라22ab87ab,128.8438844000,35.1742155200
마라22ab87ba,128.8439215000,35.1764692000
마라22ab87bb,128.8439586000,35.1787228700
마라22ab88aa,128.8439957000,35.1809765400
마라22ab88ab,128.8440328000,35.1832302100
마라22ab88ba,128.8440699000,35.1854838800
마라22ab88bb,128.8441070000,35.1877375500
마라22ab89aa,128.8441441000,35.1899912200
마라22ab89ab,128.8441813000,35.1922448800
마라22ab89ba,128.8442184000,35.1944985500
마라22ab89bb,128.8442555000,35.1967522200
마라22ab90aa,128.8442927000,35.1990058800
마라22ab90ab,128.8443298000,35.2012595400
마라22ab90ba,128.8443669000,35.2035132100
마라22ab90bb,128.8444041000,35.2057668700
마라22ab91aa,128.8444412000,35.2080205300
마라22ab91ab,128.8444784000,35.2102741900
마라22ab91ba,128.8445156000,35.2125278500
마라22ab91bb,128.8445527000,35.2147815100
마라22ab92aa,128.8445899000,35.2170351600
마라22ab92ab,128.8446271000,35.2192888200
마라22ab92ba,128.8446642000,35.2215424800
마라22ab92bb,128.8447014000,35.2237961300
마라22ab93aa,128.8447386000,35.2260497900
마라22ab93ab,128.8447758000,35.2283034400
마라22ab93ba,128.8448130000,35.2305570900
마라22ab93bb,128.8448502000,35.2328107400
마라22ab94aa,128.8448874000,35.2350643900
마라22ab94ab,128.8449246000,35.2373180400
마라22ab94ba,128.8449618000,35.2395716900
마라22ab94bb,128.8449990000,35.2418253400
마라22ab95aa,128.8450363000,35.2440789800
마라22ab95ab,128.8450735000,35.2463326300
마라22ab95ba,128.8451107000,35.2485862800
마라22ab95bb,128.8451479000,35.2508399200
마라22ab96aa,128.8451852000,35.2530935600
마라22ab96ab,128.8452224000,35.2553472100
마라22ab96ba,128.8452597000,35.2576008500
마라22ab96bb,128.8452969000,35.2598544900
마라22ab97aa,128.8453342000,35.2621081300
마라22ab97ab,128.8453714000,35.2643617700
마라22ab97ba,128.8454087000,35.2666154100
마라22ab97bb,128.8454459000,35.2688690400
마라22ab98aa,128.8454832000,35.2711226800
마라22ab98ab,128.8455205000,35.2733763200
마라22ab98ba,128.8455577000,35.2756299500
마라22ab98bb,128.8455950000,35.2778835800
마라22ab99aa,128.8456323000,35.2801372200
마라22ab99ab,128.8456696000,35.2823908500
마라22ab99ba,128.8457069000,35.2846444800
마라22ab99bb,128.8457442000,35.2868981100
마라22ba86aa,128.8464433000,35.1629166700
마라22ba86ab,128.8464805000,35.1651703400
마라22ba86ba,128.8465176000,35.1674240200
마라22ba86bb,128.8465548000,35.1696776900
마라22ba87aa,128.8465920000,35.1719313600
마라22ba87ab,128.8466291000,35.1741850400
마라22ba87ba,128.8466663000,35.1764387100
마라22ba87bb,128.8467035000,35.1786923800
마라22ba88aa,128.8467407000,35.1809460500
마라22ba88ab,128.8467778000,35.1831997100
마라22ba88ba,128.8468150000,35.1854533800
마라22ba88bb,128.8468522000,35.1877070500
마라22ba89aa,128.8468894000,35.1899607100
마라22ba89ab,128.8469266000,35.1922143800
마라22ba89ba,128.8469638000,35.1944680400
마라22ba89bb,128.8470010000,35.1967217000
마라22ba90aa,128.8470382000,35.1989753600
마라22ba90ab,128.8470755000,35.2012290300
마라22ba90ba,128.8471127000,35.2034826900
마라22ba90bb,128.8471499000,35.2057363500
마라22ba91aa,128.8471871000,35.2079900000
마라22ba91ab,128.8472244000,35.2102436600
마라22ba91ba,128.8472616000,35.2124973200
마라22ba91bb,128.8472988000,35.2147509700
마라22ba92aa,128.8473361000,35.2170046300
마라22ba92ab,128.8473733000,35.2192582800
마라22ba92ba,128.8474106000,35.2215119400
마라22ba92bb,128.8474478000,35.2237655900
마라22ba93aa,128.8474851000,35.2260192400
마라22ba93ab,128.8475224000,35.2282728900
마라22ba93ba,128.8475596000,35.2305265400
마라22ba93bb,128.8475969000,35.2327801900
마라22ba94aa,128.8476342000,35.2350338400
마라22ba94ab,128.8476715000,35.2372874800
마라22ba94ba,128.8477088000,35.2395411300
마라22ba94bb,128.8477461000,35.2417947700
마라22ba95aa,128.8477833000,35.2440484200
마라22ba95ab,128.8478206000,35.2463020600
마라22ba95ba,128.8478580000,35.2485557000
마라22ba95bb,128.8478953000,35.2508093500
마라22ba96aa,128.8479326000,35.2530629900
마라22ba96ab,128.8479699000,35.2553166300
마라22ba96ba,128.8480072000,35.2575702700
마라22ba96bb,128.8480445000,35.2598239000
마라22ba97aa,128.8480819000,35.2620775400
마라22ba97ab,128.8481192000,35.2643311800
마라22ba97ba,128.8481565000,35.2665848100
마라22ba97bb,128.8481939000,35.2688384500
마라22ba98aa,128.8482312000,35.2710920800
마라22ba98ab,128.8482686000,35.2733457200
마라22ba98ba,128.8483059000,35.2755993500
마라22ba98bb,128.8483433000,35.2778529800
마라22ba99aa,128.8483806000,35.2801066100
마라22ba99ab,128.8484180000,35.2823602400
마라22ba99ba,128.8484554000,35.2846138700
마라22ba99bb,128.8484927000,35.2868675000
마라22bb86ab,128.8492249000,35.1651398100
마라22bb86ba,128.8492622000,35.1673934800
마라22bb86bb,128.8492994000,35.1696471500
마라22bb87aa,128.8493366000,35.1719008200
마라22bb87ab,128.8493739000,35.1741544900
마라22bb87ba,128.8494111000,35.1764081500
마라22bb87bb,128.8494484000,35.1786618200
마라22bb88aa,128.8494856000,35.1809154900
마라22bb88ab,128.8495229000,35.1831691500
마라22bb88ba,128.8495601000,35.1854228200
마라22bb88bb,128.8495974000,35.1876764800
마라22bb89aa,128.8496347000,35.1899301400
마라22bb89ab,128.8496720000,35.1921838100
마라22bb89ba,128.8497092000,35.1944374700
마라22bb89bb,128.8497465000,35.1966911300
마라22bb90aa,128.8497838000,35.1989447900
마라22bb90ab,128.8498211000,35.2011984500
마라22bb90ba,128.8498584000,35.2034521000
마라22bb90bb,128.8498957000,35.2057057600
마라22bb91aa,128.8499330000,35.2079594200
마라22bb91ab,128.8499703000,35.2102130700
마라22bb91ba,128.8500076000,35.2124667200
마라22bb91bb,128.8500449000,35.2147203800
마라22bb92aa,128.8500823000,35.2169740300
마라22bb92ab,128.8501196000,35.2192276800
마라22bb92ba,128.8501569000,35.2214813300
마라22bb92bb,128.8501943000,35.2237349800
마라22bb93aa,128.8502316000,35.2259886300
마라22bb93ab,128.8502689000,35.2282422800
마라22bb93ba,128.8503063000,35.2304959300
마라22bb93bb,128.8503436000,35.2327495700
마라22bb94aa,128.8503810000,35.2350032200
마라22bb94ab,128.8504183000,35.2372568600
마라22bb94ba,128.8504557000,35.2395105100
마라22bb94bb,128.8504931000,35.2417641500
마라22bb95aa,128.8505304000,35.2440177900
마라22bb95ab,128.8505678000,35.2462714300
마라22bb95ba,128.8506052000,35.2485250700
마라22bb95bb,128.8506426000,35.2507787100
마라22bb96aa,128.8506800000,35.2530323500
마라22bb96ab,128.8507174000,35.2552859900
마라22bb96ba,128.8507548000,35.2575396200
마라22bb96bb,128.8507922000,35.2597932600
마라22bb97aa,128.8508296000,35.2620468900
마라22bb97ab,128.8508670000,35.2643005300
마라22bb97ba,128.8509044000,35.2665541600
마라22bb97bb,128.8509418000,35.2688077900
마라22bb98aa,128.8509792000,35.2710614200
마라22bb98ab,128.8510166000,35.2733150500
마라22bb98ba,128.8510541000,35.2755686800
마라22bb98bb,128.8510915000,35.2778223100
마라22bb99aa,128.8511289000,35.2800759400
마라22bb99ab,128.8511664000,35.2823295700
마라22bb99ba,128.8512038000,35.2845831900
마라22bb99bb,128.8512413000,35.2868368200
마라23aa86ab,128.8519694000,35.1651092000
마라23aa86ba,128.8520067000,35.1673628700
마라23aa86bb,128.8520440000,35.1696165400
마라23aa87aa,128.8520813000,35.1718702100
마라23aa87ab,128.8521186000,35.1741238700
마라23aa87ba,128.8521559000,35.1763775400
마라23aa87bb,128.8521933000,35.1786312000
마라23aa88aa,128.8522306000,35.1808848700
마라23aa88ab,128.8522679000,35.1831385300
마라23aa88ba,128.8523053000,35.1853921900
마라23aa88bb,128.8523426000,35.1876458500
마라23aa89aa,128.8523800000,35.1898995100
마라23aa89ab,128.8524173000,35.1921531700
마라23aa89ba,128.8524547000,35.1944068300
마라23aa89bb,128.8524920000,35.1966604900
마라23aa90aa,128.8525294000,35.1989141500
마라23aa90ab,128.8525668000,35.2011678000
마라23aa90ba,128.8526041000,35.2034214600
마라23aa90bb,128.8526415000,35.2056751100
마라23aa91aa,128.8526789000,35.2079287700
마라23aa91ab,128.8527163000,35.2101824200
마라23aa91ba,128.8527537000,35.2124360700
마라23aa91bb,128.8527911000,35.2146897200
마라23aa92aa,128.8528284000,35.2169433700
마라23aa92ab,128.8528658000,35.2191970200
마라23aa92ba,128.8529033000,35.2214506700
마라23aa92bb,128.8529407000,35.2237043100
마라23aa93aa,128.8529781000,35.2259579600
마라23aa93ab,128.8530155000,35.2282116100
마라23aa93ba,128.8530529000,35.2304652500
마라23aa93bb,128.8530903000,35.2327188900
마라23aa94aa,128.8531278000,35.2349725400
마라23aa94ab,128.8531652000,35.2372261800
마라23aa94ba,128.8532026000,35.2394798200
마라23aa94bb,128.8532401000,35.2417334600
마라23aa95aa,128.8532775000,35.2439871000
마라23aa95ab,128.8533150000,35.2462407400
마라23aa95ba,128.8533524000,35.2484943700
마라23aa95bb,128.8533899000,35.2507480100
마라23aa96aa,128.8534274000,35.2530016500
마라23aa96ab,128.8534648000,35.2552552800
마라23aa96ba,128.8535023000,35.2575089200
마라23aa96bb,128.8535398000,35.2597625500
마라23aa97aa,128.8535773000,35.2620161800
마라23aa97ab,128.8536147000,35.2642698100
마라23aa97ba,128.8536522000,35.2665234400
마라23aa97bb,128.8536897000,35.2687770700
마라23aa98aa,128.8537272000,35.2710307000
마라23aa98ab,128.8537647000,35.2732843300
마라23aa98ba,128.8538022000,35.2755379600
마라23aa98bb,128.8538397000,35.2777915800
마라23aa99aa,128.8538773000,35.2800452100
마라23aa99ab,128.8539148000,35.2822988300
마라23aa99ba,128.8539523000,35.2845524600
마라23aa99bb,128.8539898000,35.2868060800
마라23ab86ab,128.8547138000,35.1650785400
마라23ab86ba,128.8547512000,35.1673322100
마라23ab86bb,128.8547886000,35.1695858700
마라23ab87aa,128.8548260000,35.1718395400
마라23ab87ab,128.8548634000,35.1740932000
마라23ab87ba,128.8549007000,35.1763468600
마라23ab87bb,128.8549382000,35.1786005200
마라23ab88aa,128.8549756000,35.1808541900
마라23ab88ab,128.8550130000,35.1831078500
마라23ab88ba,128.8550504000,35.1853615100
마라23ab88bb,128.8550878000,35.1876151600
마라23ab89aa,128.8551252000,35.1898688200
마라23ab89ab,128.8551627000,35.1921224800
마라23ab89ba,128.8552001000,35.1943761400
마라23ab89bb,128.8552375000,35.1966297900
마라23ab90aa,128.8552750000,35.1988834400
마라23ab90ab,128.8553124000,35.2011371000
마라23ab90ba,128.8553499000,35.2033907500
마라23ab90bb,128.8553873000,35.2056444000
마라23ab91aa,128.8554248000,35.2078980500
마라23ab91ab,128.8554622000,35.2101517000
마라23ab91ba,128.8554997000,35.2124053500
마라23ab91bb,128.8555372000,35.2146590000
마라23ab92aa,128.8555746000,35.2169126500
마라23ab92ab,128.8556121000,35.2191662900
마라23ab92ba,128.8556496000,35.2214199400
마라23ab92bb,128.8556871000,35.2236735800
마라23ab93aa,128.8557246000,35.2259272300
마라23ab93ab,128.8557621000,35.2281808700
마라23ab93ba,128.8557995000,35.2304345100
마라23ab93bb,128.8558371000,35.2326881500
마라23ab94aa,128.8558746000,35.2349417900
마라23ab94ab,128.8559121000,35.2371954300
마라23ab94ba,128.8559496000,35.2394490700
마라23ab94bb,128.8559871000,35.2417027100
마라23ab95aa,128.8560246000,35.2439563500
마라23ab95ab,128.8560622000,35.2462099800
마라23ab95ba,128.8560997000,35.2484636200
마라23ab95bb,128.8561372000,35.2507172500
마라23ab96aa,128.8561748000,35.2529708800
마라23ab96ab,128.8562123000,35.2552245200
마라23ab96ba,128.8562498000,35.2574781500
마라23ab96bb,128.8562874000,35.2597317800
마라23ab97aa,128.8563250000,35.2619854100
마라23ab97ab,128.8563625000,35.2642390400
마라23ab97ba,128.8564001000,35.2664926700
마라23ab97bb,128.8564376000,35.2687462900
마라23ab98aa,128.8564752000,35.2709999200
마라23ab98ab,128.8565128000,35.2732535400
마라23ab98ba,128.8565504000,35.2755071700
마라23ab98bb,128.8565880000,35.2777607900
마라23ab99aa,128.8566256000,35.2800144100
마라23ab99ab,128.8566631000,35.2822680400
마라23ab99ba,128.8567007000,35.2845216600
마라23ab99bb,128.8567383000,35.2867752800
마라23ba86ba,128.8574957000,35.1673014800
마라23ba86bb,128.8575331000,35.1695551400
마라23ba87aa,128.8575706000,35.1718088000
마라23ba87ab,128.8576081000,35.1740624600
마라23ba87ba,128.8576456000,35.1763161200
마라23ba87bb,128.8576830000,35.1785697800
마라23ba88aa,128.8577205000,35.1808234400
마라23ba88ab,128.8577580000,35.1830771000
마라23ba88ba,128.8577955000,35.1853307600
마라23ba88bb,128.8578330000,35.1875844100
마라23ba89aa,128.8578705000,35.1898380700
마라23ba89ab,128.8579080000,35.1920917200
마라23ba89ba,128.8579455000,35.1943453800
마라23ba89bb,128.8579830000,35.1965990300
마라23ba90aa,128.8580205000,35.1988526800
마라23ba90ab,128.8580580000,35.2011063300
마라23ba90ba,128.8580956000,35.2033599800
마라23ba90bb,128.8581331000,35.2056136300
마라23ba91aa,128.8581706000,35.2078672800
마라23ba91ab,128.8582082000,35.2101209300
마라23ba91ba,128.8582457000,35.2123745700
마라23ba91bb,128.8582832000,35.2146282200
마라23ba92aa,128.8583208000,35.2168818600
마라23ba92ab,128.8583583000,35.2191355100
마라23ba92ba,128.8583959000,35.2213891500
마라23ba92bb,128.8584335000,35.2236427900
마라23ba93aa,128.8584710000,35.2258964300
마라23ba93ab,128.8585086000,35.2281500700
마라23ba93ba,128.8585462000,35.2304037100
마라23ba93bb,128.8585838000,35.2326573500
마라23ba94aa,128.8586213000,35.2349109900
마라23ba94ab,128.8586589000,35.2371646300
마라23ba94ba,128.8586965000,35.2394182600
마라23ba94bb,128.8587341000,35.2416719000
마라23ba95aa,128.8587717000,35.2439255300
마라23ba95ab,128.8588093000,35.2461791600
마라23ba95ba,128.8588469000,35.2484328000
마라23ba95bb,128.8588845000,35.2506864300
마라23ba96aa,128.8589221000,35.2529400600
마라23ba96ab,128.8589598000,35.2551936900
마라23ba96ba,128.8589974000,35.2574473200
마라23ba96bb,128.8590350000,35.2597009400
마라23ba97aa,128.8590726000,35.2619545700
마라23ba97ab,128.8591103000,35.2642082000
마라23ba97ba,128.8591479000,35.2664618200
마라23ba97bb,128.8591856000,35.2687154500
마라23ba98aa,128.8592232000,35.2709690700
마라23ba98ab,128.8592609000,35.2732226900
마라23ba98ba,128.8592985000,35.2754763200
마라23ba98bb,128.8593362000,35.2777299400
마라23ba99aa,128.8593739000,35.2799835600
마라23ba99ab,128.8594115000,35.2822371800
마라23ba99ba,128.8594492000,35.2844908000
마라23ba99bb,128.8594869000,35.2867444100
마라23bb86ba,128.8602402000,35.1672706900
마라23bb86bb,128.8602777000,35.1695243500
마라23bb87aa,128.8603153000,35.1717780100
마라23bb87ab,128.8603528000,35.1740316600
마라23bb87ba,128.8603904000,35.1762853200
마라23bb87bb,128.8604279000,35.1785389800
마라23bb88aa,128.8604655000,35.1807926400
마라23bb88ab,128.8605030000,35.1830462900
마라23bb88ba,128.8605406000,35.1852999500
마라23bb88bb,128.8605782000,35.1875536000
마라23bb89aa,128.8606157000,35.1898072500
마라23bb89ab,128.8606533000,35.1920609000
마라23bb89ba,128.8606909000,35.1943145500
마라23bb89bb,128.8607285000,35.1965682000
마라23bb90aa,128.8607661000,35.1988218500
마라23bb90ab,128.8608037000,35.2010755000
마라23bb90ba,128.8608413000,35.2033291500
마라23bb90bb,128.8608789000,35.2055828000
마라23bb91aa,128.8609165000,35.2078364400
마라23bb91ab,128.8609541000,35.2100900900
마라23bb91ba,128.8609917000,35.2123437300
마라23bb91bb,128.8610293000,35.2145973700
마라23bb92aa,128.8610670000,35.2168510200
마라23bb92ab,128.8611046000,35.2191046600
마라23bb92ba,128.8611422000,35.2213583000
마라23bb92bb,128.8611799000,35.2236119400
마라23bb93aa,128.8612175000,35.2258655700
마라23bb93ab,128.8612551000,35.2281192100
마라23bb93ba,128.8612928000,35.2303728500
마라23bb93bb,128.8613305000,35.2326264900
마라23bb94aa,128.8613681000,35.2348801200
마라23bb94ab,128.8614058000,35.2371337500
마라23bb94ba,128.8614434000,35.2393873900
마라23bb94bb,128.8614811000,35.2416410200
마라23bb95aa,128.8615188000,35.2438946500
마라23bb95ab,128.8615565000,35.2461482800
마라23bb95ba,128.8615941000,35.2484019100
마라23bb95bb,128.8616318000,35.2506555400
마라23bb96aa,128.8616695000,35.2529091700
마라23bb96ab,128.8617072000,35.2551628000
마라23bb96ba,128.8617449000,35.2574164200
마라23bb96bb,128.8617826000,35.2596700500
마라23bb97aa,128.8618203000,35.2619236700
마라23bb97ab,128.8618580000,35.2641773000
마라23bb97ba,128.8618958000,35.2664309200
마라23bb97bb,128.8619335000,35.2686845400
마라23bb98aa,128.8619712000,35.2709381600
마라23bb98ab,128.8620089000,35.2731917800
마라23bb98ba,128.8620467000,35.2754454000
마라23bb98bb,128.8620844000,35.2776990200
마라23bb99aa,128.8621221000,35.2799526400
마라23bb99ab,128.8621599000,35.2822062600
마라23bb99ba,128.8621976000,35.2844598700
마라23bb99bb,128.8622354000,35.2867134900
마라24aa86ba,128.8629847000,35.1672398300
마라24aa86bb,128.8630223000,35.1694934900
마라24aa87aa,128.8630599000,35.1717471500
마라24aa87ab,128.8630975000,35.1740008000
마라24aa87ba,128.8631352000,35.1762544600
마라24aa87bb,128.8631728000,35.1785081100
마라24aa88aa,128.8632104000,35.1807617700
마라24aa88ab,128.8632481000,35.1830154200
마라24aa88ba,128.8632857000,35.1852690700
마라24aa88bb,128.8633233000,35.1875227200
마라24aa89aa,128.8633610000,35.1897763700
마라24aa89ab,128.8633987000,35.1920300200
마라24aa89ba,128.8634363000,35.1942836700
마라24aa89bb,128.8634740000,35.1965373200
마라24aa90aa,128.8635116000,35.1987909600
마라24aa90ab,128.8635493000,35.2010446100
마라24aa90ba,128.8635870000,35.2032982600
마라24aa90bb,128.8636247000,35.2055519000
마라24aa91aa,128.8636624000,35.2078055400
마라24aa91ab,128.8637000000,35.2100591800
마라24aa91ba,128.8637377000,35.2123128300
마라24aa91bb,128.8637754000,35.2145664700
마라24aa92aa,128.8638131000,35.2168201100
마라24aa92ab,128.8638508000,35.2190737400
마라24aa92ba,128.8638885000,35.2213273800
마라24aa92bb,128.8639263000,35.2235810200
마라24aa93aa,128.8639640000,35.2258346600
마라24aa93ab,128.8640017000,35.2280882900
마라24aa93ba,128.8640394000,35.2303419200
마라24aa93bb,128.8640771000,35.2325955600
마라24aa94aa,128.8641149000,35.2348491900
마라24aa94ab,128.8641526000,35.2371028200
마라24aa94ba,128.8641904000,35.2393564500
마라24aa94bb,128.8642281000,35.2416100800
마라24aa95aa,128.8642659000,35.2438637100
마라24aa95ab,128.8643036000,35.2461173400
마라24aa95ba,128.8643414000,35.2483709700
마라24aa95bb,128.8643791000,35.2506245900
마라24aa96aa,128.8644169000,35.2528782200
마라24aa96ab,128.8644547000,35.2551318400
마라24aa96ba,128.8644925000,35.2573854700
마라24aa96bb,128.8645302000,35.2596390900
마라24aa97aa,128.8645680000,35.2618927100
마라24aa97ab,128.8646058000,35.2641463300
마라24aa97ba,128.8646436000,35.2663999500
마라24aa97bb,128.8646814000,35.2686535700
마라24aa98aa,128.8647192000,35.2709071900
마라24aa98ab,128.8647570000,35.2731608100
마라24aa98ba,128.8647948000,35.2754144300
마라24aa98bb,128.8648326000,35.2776680400
마라24aa99aa,128.8648704000,35.2799216600
마라24aa99ab,128.8649083000,35.2821752700
마라24aa99ba,128.8649461000,35.2844288900
마라24aa99bb,128.8649839000,35.2866825000
마라24ab85ab,128.8655408000,35.1559406300
마라24ab85ba,128.8655785000,35.1581942900
마라24ab85bb,128.8656161000,35.1604479500
마라24ab86ba,128.8657292000,35.1672089200
마라24ab86bb,128.8657669000,35.1694625700
마라24ab87aa,128.8658046000,35.1717162300
마라24ab87ab,128.8658423000,35.1739698800
마라24ab87ba,128.8658800000,35.1762235300
마라24ab87bb,128.8659177000,35.1784771900
마라24ab88aa,128.8659554000,35.1807308400
마라24ab88ab,128.8659931000,35.1829844900
마라24ab88ba,128.8660308000,35.1852381400
마라24ab88bb,128.8660685000,35.1874917800
마라24ab89aa,128.8661062000,35.1897454300
마라24ab89ab,128.8661440000,35.1919990800
마라24ab89ba,128.8661817000,35.1942527200
마라24ab89bb,128.8662195000,35.1965063700
마라24ab90aa,128.8662572000,35.1987600100
마라24ab90ab,128.8662949000,35.2010136600
마라24ab90ba,128.8663327000,35.2032673000
마라24ab90bb,128.8663704000,35.2055209400
마라24ab91aa,128.8664082000,35.2077745800
마라24ab91ab,128.8664460000,35.2100282200
마라24ab91ba,128.8664837000,35.2122818600
마라24ab91bb,128.8665215000,35.2145355000
마라24ab92aa,128.8665593000,35.2167891300
마라24ab92ab,128.8665971000,35.2190427700
마라24ab92ba,128.8666349000,35.2212964100
마라24ab92bb,128.8666726000,35.2235500400
마라24ab93aa,128.8667104000,35.2258036700
마라24ab93ab,128.8667482000,35.2280573100
마라24ab93ba,128.8667860000,35.2303109400
마라24ab93bb,128.8668238000,35.2325645700
마라24ab94aa,128.8668616000,35.2348182000
마라24ab94ab,128.8668995000,35.2370718300
마라24ab94ba,128.8669373000,35.2393254600
마라24ab94bb,128.8669751000,35.2415790800
마라24ab95aa,128.8670129000,35.2438327100
마라24ab95ab,128.8670508000,35.2460863400
마라24ab95ba,128.8670886000,35.2483399600
마라24ab95bb,128.8671264000,35.2505935800
마라24ab96aa,128.8671643000,35.2528472100
마라24ab96ab,128.8672021000,35.2551008300
마라24ab96ba,128.8672400000,35.2573544500
마라24ab96bb,128.8672778000,35.2596080700
마라24ab97aa,128.8673157000,35.2618616900
마라24ab97ab,128.8673536000,35.2641153100
마라24ab97ba,128.8673914000,35.2663689300
마라24ab97bb,128.8674293000,35.2686225400
마라24ab98aa,128.8674672000,35.2708761600
마라24ab98ab,128.8675051000,35.2731297700
마라24ab98ba,128.8675429000,35.2753833900
마라24ab98bb,128.8675808000,35.2776370000
마라24ab99aa,128.8676187000,35.2798906100
마라24ab99ab,128.8676566000,35.2821442300
마라24ab99ba,128.8676945000,35.2843978400
마라24ab99bb,128.8677324000,35.2866514500
마라24ba85aa,128.8682472000,35.1536560100
마라24ba85ab,128.8682849000,35.1559096600
마라24ba85ba,128.8683227000,35.1581633200
마라24ba85bb,128.8683604000,35.1604169800
마라24ba86ba,128.8684737000,35.1671779400
마라24ba86bb,128.8685114000,35.1694315900
마라24ba87aa,128.8685492000,35.1716852500
마라24ba87ab,128.8685870000,35.1739389000
마라24ba87ba,128.8686247000,35.1761925500
마라24ba87bb,128.8686625000,35.1784462000
마라24ba88aa,128.8687003000,35.1806998400
마라24ba88ab,128.8687381000,35.1829534900
마라24ba88ba,128.8687759000,35.1852071400
마라24ba88bb,128.8688137000,35.1874607800
마라24ba89aa,128.8688515000,35.1897144300
마라24ba89ab,128.8688893000,35.1919680700
마라24ba89ba,128.8689271000,35.1942217200
마라24ba89bb,128.8689649000,35.1964753600
마라24ba90aa,128.8690027000,35.1987290000
마라24ba90ab,128.8690406000,35.2009826400
마라24ba90ba,128.8690784000,35.2032362800
마라24ba90bb,128.8691162000,35.2054899200
마라24ba91aa,128.8691541000,35.2077435600
마라24ba91ab,128.8691919000,35.2099971900
마라24ba91ba,128.8692297000,35.2122508300
마라24ba91bb,128.8692676000,35.2145044700
마라24ba92aa,128.8693054000,35.2167581000
마라24ba92ab,128.8693433000,35.2190117300
마라24ba92ba,128.8693812000,35.2212653700
마라24ba92bb,128.8694190000,35.2235190000
마라24ba93aa,128.8694569000,35.2257726300
마라24ba93ab,128.8694948000,35.2280262600
마라24ba93ba,128.8695326000,35.2302798900
마라24ba93bb,128.8695705000,35.2325335200
마라24ba94aa,128.8696084000,35.2347871400
마라24ba94ab,128.8696463000,35.2370407700
마라24ba94ba,128.8696842000,35.2392944000
마라24ba94bb,128.8697221000,35.2415480200
마라24ba95aa,128.8697600000,35.2438016400
마라24ba95ab,128.8697979000,35.2460552700
마라24ba95ba,128.8698358000,35.2483088900
마라24ba95bb,128.8698737000,35.2505625100
마라24ba96aa,128.8699116000,35.2528161300
마라24ba96ab,128.8699496000,35.2550697500
마라24ba96ba,128.8699875000,35.2573233700
마라24ba96bb,128.8700254000,35.2595769900
마라24ba97aa,128.8700634000,35.2618306000
마라24ba97ab,128.8701013000,35.2640842200
마라24ba97ba,128.8701393000,35.2663378400
마라24ba97bb,128.8701772000,35.2685914500
마라24ba98aa,128.8702152000,35.2708450600
마라24ba98ab,128.8702531000,35.2730986800
마라24ba98ba,128.8702911000,35.2753522900
마라24ba98bb,128.8703290000,35.2776059000
마라24ba99aa,128.8703670000,35.2798595100
마라24ba99ab,128.8704050000,35.2821131200
마라24ba99ba,128.8704430000,35.2843667200
마라24ba99bb,128.8704809000,35.2866203300
마라24bb84bb,128.8709534000,35.1513713200
마라24bb85aa,128.8709912000,35.1536249800
마라24bb85ab,128.8710290000,35.1558786400
마라24bb85ba,128.8710668000,35.1581322900
마라24bb85bb,128.8711047000,35.1603859400
마라24bb86aa,128.8711425000,35.1626396000
마라24bb86ab,128.8711803000,35.1648932500
마라24bb86ba,128.8712182000,35.1671469000
마라24bb86bb,128.8712560000,35.1694005500
마라24bb87aa,128.8712938000,35.1716542000
마라24bb87ab,128.8713317000,35.1739078500
마라24bb87ba,128.8713695000,35.1761615000
마라24bb87bb,128.8714074000,35.1784151400
마라24bb88aa,128.8714453000,35.1806687900
마라24bb88ab,128.8714831000,35.1829224300
마라24bb88ba,128.8715210000,35.1851760800
마라24bb88bb,128.8715589000,35.1874297200
마라24bb89aa,128.8715967000,35.1896833600
마라24bb89ab,128.8716346000,35.1919370100
마라24bb89ba,128.8716725000,35.1941906500
마라24bb89bb,128.8717104000,35.1964442900
마라24bb90aa,128.8717483000,35.1986979200
마라24bb90ab,128.8717862000,35.2009515600
마라24bb90ba,128.8718241000,35.2032052000
마라24bb90bb,128.8718620000,35.2054588400
마라24bb91aa,128.8718999000,35.2077124700
마라24bb91ab,128.8719378000,35.2099661100
마라24bb91ba,128.8719757000,35.2122197400
마라24bb91bb,128.8720137000,35.2144733700
마라24bb92aa,128.8720516000,35.2167270000
마라24bb92ab,128.8720895000,35.2189806300
마라24bb92ba,128.8721275000,35.2212342600
마라24bb92bb,128.8721654000,35.2234878900
마라24bb93aa,128.8722033000,35.2257415200
마라24bb93ab,128.8722413000,35.2279951500
마라24bb93ba,128.8722792000,35.2302487800
마라24bb93bb,128.8723172000,35.2325024000
마라24bb94aa,128.8723552000,35.2347560300
마라24bb94ab,128.8723931000,35.2370096500
마라24bb94ba,128.8724311000,35.2392632700
마라24bb94bb,128.8724691000,35.2415169000
마라24bb95aa,128.8725071000,35.2437705200
마라24bb95ab,128.8725450000,35.2460241400
마라24bb95ba,128.8725830000,35.2482777600
마라24bb95bb,128.8726210000,35.2505313800
마라24bb96aa,128.8726590000,35.2527849900
마라24bb96ab,128.8726970000,35.2550386100
마라24bb96ba,128.8727350000,35.2572922300
마라24bb96bb,128.8727730000,35.2595458400
마라24bb97aa,128.8728110000,35.2617994600
마라24bb97ab,128.8728491000,35.2640530700
마라24bb97ba,128.8728871000,35.2663066800
마라24bb97bb,128.8729251000,35.2685602900
마라24bb98aa,128.8729631000,35.2708139000
마라24bb98ab,128.8730012000,35.2730675100
마라24bb98ba,128.8730392000,35.2753211200
마라24bb98bb,128.8730772000,35.2775747300
마라24bb99aa,128.8731153000,35.2798283400
마라24bb99ab,128.8731533000,35.2820819500
마라24bb99ba,128.8731914000,35.2843355500
마라24bb99bb,128.8732295000,35.2865891600
마라25aa84bb,128.8736973000,35.1513402400
마라25aa85aa,128.8737352000,35.1535938900
마라25aa85ab,128.8737731000,35.1558475500
마라25aa85ba,128.8738110000,35.1581012000
마라25aa85bb,128.8738489000,35.1603548500
마라25aa86aa,128.8738868000,35.1626085000
마라25aa86ab,128.8739247000,35.1648621500
마라25aa86ba,128.8739626000,35.1671158000
마라25aa86bb,128.8740005000,35.1693694500
마라25aa87aa,128.8740385000,35.1716230900
마라25aa87ab,128.8740764000,35.1738767400
마라25aa87ba,128.8741143000,35.1761303800
마라25aa87bb,128.8741522000,35.1783840300
마라25aa88aa,128.8741902000,35.1806376700
마라25aa88ab,128.8742281000,35.1828913100
마라25aa88ba,128.8742661000,35.1851449600
마라25aa88bb,128.8743040000,35.1873986000
마라25aa89aa,128.8743420000,35.1896522400
마라25aa89ab,128.8743799000,35.1919058800
마라25aa89ba,128.8744179000,35.1941595100
마라25aa89bb,128.8744559000,35.1964131500
마라25aa90ba,128.8745698000,35.2031740600
마라25aa90bb,128.8746078000,35.2054276900
마라25aa91aa,128.8746458000,35.2076813200
마라25aa91ab,128.8746837000,35.2099349500
마라25aa91ba,128.8747217000,35.2121885900
마라25aa91bb,128.8747597000,35.2144422200
마라25aa92aa,128.8747977000,35.2166958500
마라25aa92ab,128.8748357000,35.2189494700
마라25aa92ba,128.8748738000,35.2212031000
마라25aa92bb,128.8749118000,35.2234567300
마라25aa93aa,128.8749498000,35.2257103500
마라25aa93ab,128.8749878000,35.2279639800
마라25aa93ba,128.8750259000,35.2302176000
마라25aa93bb,128.8750639000,35.2324712300
마라25aa94aa,128.8751019000,35.2347248500
마라25aa94ab,128.8751400000,35.2369784700
마라25aa94ba,128.8751780000,35.2392320900
마라25aa94bb,128.8752161000,35.2414857100
마라25aa95aa,128.8752541000,35.2437393300
마라25aa95ab,128.8752922000,35.2459929500
마라25aa95ba,128.8753302000,35.2482465600
마라25aa95bb,128.8753683000,35.2505001800
마라25aa96aa,128.8754064000,35.2527537900
마라25aa96ab,128.8754445000,35.2550074100
마라25aa96ba,128.8754825000,35.2572610200
마라25aa96bb,128.8755206000,35.2595146300
마라25aa97aa,128.8755587000,35.2617682500
마라25aa97ab,128.8755968000,35.2640218600
마라25aa97ba,128.8756349000,35.2662754700
마라25aa97bb,128.8756730000,35.2685290800
마라25aa98aa,128.8757111000,35.2707826800
마라25aa98ab,128.8757492000,35.2730362900
마라25aa98ba,128.8757873000,35.2752899000
마라25aa98bb,128.8758254000,35.2775435000
마라25aa99aa,128.8758636000,35.2797971100
마라25aa99ab,128.8759017000,35.2820507100
마라25aa99ba,128.8759398000,35.2843043200
마라25aa99bb,128.8759780000,35.2865579200
마라25ab84bb,128.8764413000,35.1513091000
마라25ab85aa,128.8764792000,35.1535627500
마라25ab85ba,128.8765552000,35.1580700500
마라25ab85bb,128.8765932000,35.1603237000
마라25ab86aa,128.8766311000,35.1625773400
마라25ab86ab,128.8766691000,35.1648309900
마라25ab86ba,128.8767071000,35.1670846400
마라25ab86bb,128.8767451000,35.1693382800
마라25ab87aa,128.8767831000,35.1715919200
마라25ab87ab,128.8768211000,35.1738455700
마라25ab87ba,128.8768591000,35.1760992100
마라25ab87bb,128.8768971000,35.1783528500
마라25ab88aa,128.8769351000,35.1806064900
마라25ab88ab,128.8769731000,35.1828601300
마라25ab88ba,128.8770112000,35.1851137700
마라25ab88bb,128.8770492000,35.1873674100
마라25ab89aa,128.8770872000,35.1896210500
마라25ab89ab,128.8771252000,35.1918746800
마라25ab89ba,128.8771633000,35.1941283200
마라25ab91aa,128.8773916000,35.2076501100
마라25ab91ab,128.8774297000,35.2099037400
마라25ab91ba,128.8774677000,35.2121573700
마라25ab91bb,128.8775058000,35.2144110000
마라25ab92aa,128.8775439000,35.2166646200
마라25ab92ab,128.8775820000,35.2189182500
마라25ab92ba,128.8776201000,35.2211718800
마라25ab92bb,128.8776581000,35.2234255000
마라25ab93aa,128.8776962000,35.2256791200
마라25ab93ab,128.8777343000,35.2279327400
마라25ab93ba,128.8777724000,35.2301863700
마라25ab93bb,128.8778106000,35.2324399900
마라25ab94aa,128.8778487000,35.2346936100
마라25ab94ab,128.8778868000,35.2369472200
마라25ab94ba,128.8779249000,35.2392008400
마라25ab94bb,128.8779630000,35.2414544600
마라25ab95aa,128.8780012000,35.2437080800
마라25ab95ab,128.8780393000,35.2459616900
마라25ab95ba,128.8780774000,35.2482153100
마라25ab95bb,128.8781156000,35.2504689200
마라25ab96aa,128.8781537000,35.2527225300
마라25ab96ab,128.8781919000,35.2549761400
마라25ab96ba,128.8782300000,35.2572297500
마라25ab96bb,128.8782682000,35.2594833600
마라25ab97aa,128.8783064000,35.2617369700
마라25ab97ab,128.8783445000,35.2639905800
마라25ab97ba,128.8783827000,35.2662441900
마라25ab97bb,128.8784209000,35.2684978000
마라25ab98aa,128.8784591000,35.2707514000
마라25ab98ab,128.8784972000,35.2730050100
마라25ab98ba,128.8785354000,35.2752586100
마라25ab98bb,128.8785736000,35.2775122100
마라25ab99aa,128.8786118000,35.2797658100
마라25ab99ab,128.8786500000,35.2820194200
마라25ab99ba,128.8786882000,35.2842730200
마라25ab99bb,128.8787265000,35.2865266200
마라25ba85bb,128.8793374000,35.1602924800
마라25ba86aa,128.8793755000,35.1625461200
마라25ba86ab,128.8794135000,35.1647997700
마라25ba86bb,128.8794896000,35.1693070500
마라25ba87aa,128.8795277000,35.1715606900
마라25ba87ab,128.8795658000,35.1738143300
마라25ba87ba,128.8796039000,35.1760679700
마라25ba87bb,128.8796420000,35.1783216100
마라25ba88aa,128.8796800000,35.1805752500
마라25ba88ab,128.8797181000,35.1828288900
마라25ba88ba,128.8797562000,35.1850825200
마라25ba91ab,128.8801756000,35.2098724700
마라25ba91ba,128.8802137000,35.2121260900
마라25ba91bb,128.8802519000,35.2143797200
마라25ba92aa,128.8802900000,35.2166333400
마라25ba92ab,128.8803282000,35.2188869600
마라25ba92ba,128.8803663000,35.2211405900
마라25ba92bb,128.8804045000,35.2233942100
마라25ba93aa,128.8804427000,35.2256478300
마라25ba93ab,128.8804809000,35.2279014500
마라25ba93ba,128.8805190000,35.2301550700
마라25ba93bb,128.8805572000,35.2324086900
마라25ba94aa,128.8805954000,35.2346623000
마라25ba94ab,128.8806336000,35.2369159200
마라25ba94ba,128.8806718000,35.2391695300
마라25ba94bb,128.8807100000,35.2414231500
마라25ba95aa,128.8807482000,35.2436767600
마라25ba95ab,128.8807864000,35.2459303700
마라25ba95ba,128.8808246000,35.2481839900
마라25ba95bb,128.8808629000,35.2504376000
마라25ba96aa,128.8809011000,35.2526912100
마라25ba96ab,128.8809393000,35.2549448200
마라25ba96ba,128.8809775000,35.2571984200
마라25ba96bb,128.8810158000,35.2594520300
마라25ba97aa,128.8810540000,35.2617056400
마라25ba97ab,128.8810923000,35.2639592400
마라25ba97ba,128.8811305000,35.2662128500
마라25ba97bb,128.8811688000,35.2684664500
마라25ba98aa,128.8812070000,35.2707200600
마라25ba98ab,128.8812453000,35.2729736600
마라25ba98ba,128.8812836000,35.2752272600
마라25ba98bb,128.8813218000,35.2774808600
마라25ba99aa,128.8813601000,35.2797344600
마라25ba99ab,128.8813984000,35.2819880600
마라25ba99ba,128.8814367000,35.2842416600
마라25ba99bb,128.8814749000,35.2864952500
마라25bb85ba,128.8820435000,35.1580075500
마라25bb85bb,128.8820816000,35.1602612000
마라25bb86aa,128.8821198000,35.1625148400
마라25bb87aa,128.8822723000,35.1715294000
마라25bb88aa,128.8824250000,35.1805439500
마라25bb88ab,128.8824631000,35.1827975800
마라25bb91ab,128.8829215000,35.2098411300
마라25bb91ba,128.8829597000,35.2120947500
마라25bb91bb,128.8829979000,35.2143483700
마라25bb92aa,128.8830362000,35.2166020000
마라25bb92ab,128.8830744000,35.2188556200
마라25bb92ba,128.8831126000,35.2211092400
마라25bb92bb,128.8831509000,35.2233628600
마라25bb93aa,128.8831891000,35.2256164700
마라25bb93ab,128.8832274000,35.2278700900
마라25bb93ba,128.8832656000,35.2301237100
마라25bb93bb,128.8833039000,35.2323773200
마라25bb94aa,128.8833422000,35.2346309400
마라25bb94ab,128.8833804000,35.2368845500
마라25bb94ba,128.8834187000,35.2391381600
마라25bb94bb,128.8834570000,35.2413917700
마라25bb95aa,128.8834953000,35.2436453900
마라25bb95ab,128.8835335000,35.2458990000
마라25bb95ba,128.8835718000,35.2481526000
마라25bb95bb,128.8836101000,35.2504062100
마라25bb96aa,128.8836484000,35.2526598200
마라25bb96ab,128.8836867000,35.2549134300
마라25bb96ba,128.8837250000,35.2571670300
마라25bb96bb,128.8837634000,35.2594206400
마라25bb97aa,128.8838017000,35.2616742400
마라25bb97ab,128.8838400000,35.2639278400
마라25bb97ba,128.8838783000,35.2661814500
마라25bb97bb,128.8839166000,35.2684350500
마라25bb98aa,128.8839550000,35.2706886500
마라25bb98ab,128.8839933000,35.2729422500
마라25bb98ba,128.8840317000,35.2751958500
마라25bb98bb,128.8840700000,35.2774494400
마라25bb99aa,128.8841084000,35.2797030400
마라25bb99ab,128.8841467000,35.2819566400
마라25bb99ba,128.8841851000,35.2842102300
마라25bb99bb,128.8842234000,35.2864638300
마라26aa91bb,128.8857440000,35.2143169700
마라26aa92aa,128.8857823000,35.2165705900
마라26aa92ab,128.8858206000,35.2188242100
마라26aa92ba,128.8858589000,35.2210778200
마라26aa92bb,128.8858972000,35.2233314400
마라26aa93aa,128.8859356000,35.2255850600
마라26aa93ab,128.8859739000,35.2278386700
마라26aa93ba,128.8860122000,35.2300922800
마라26aa93bb,128.8860506000,35.2323459000
마라26aa94aa,128.8860889000,35.2345995100
마라26aa94ab,128.8861272000,35.2368531200
마라26aa94ba,128.8861656000,35.2391067300
마라26aa94bb,128.8862039000,35.2413603400
마라26aa95aa,128.8862423000,35.2436139500
마라26aa95ab,128.8862807000,35.2458675500
마라26aa95ba,128.8863190000,35.2481211600
마라26aa95bb,128.8863574000,35.2503747700
마라26aa96aa,128.8863958000,35.2526283700
마라26aa96ab,128.8864342000,35.2548819700
마라26aa96ba,128.8864725000,35.2571355800
마라26aa96bb,128.8865109000,35.2593891800
마라26aa97aa,128.8865493000,35.2616427800
마라26aa97ab,128.8865877000,35.2638963800
마라26aa97ba,128.8866261000,35.2661499800
마라26aa97bb,128.8866645000,35.2684035800
마라26aa98aa,128.8867029000,35.2706571800
마라26aa98ab,128.8867413000,35.2729107700
마라26aa98ba,128.8867798000,35.2751643700
마라26aa98bb,128.8868182000,35.2774179700
마라26aa99aa,128.8868566000,35.2796715600
마라26aa99ab,128.8868950000,35.2819251500
마라26aa99ba,128.8869335000,35.2841787500
마라26aa99bb,128.8869719000,35.2864323400
마라26ab91bb,128.8884900000,35.2142855000
마라26ab92aa,128.8885284000,35.2165391200
마라26ab92ab,128.8885668000,35.2187927300
마라26ab92ba,128.8886052000,35.2210463500
마라26ab92bb,128.8886436000,35.2232999600
마라26ab93aa,128.8886820000,35.2255535700
마라26ab93ab,128.8887204000,35.2278071900
마라26ab93ba,128.8887588000,35.2300608000
마라26ab93bb,128.8887972000,35.2323144100
마라26ab94aa,128.8888356000,35.2345680200
마라26ab94ab,128.8888741000,35.2368216300
마라26ab94ba,128.8889125000,35.2390752300
마라26ab94bb,128.8889509000,35.2413288400
마라26ab95aa,128.8889893000,35.2435824500
마라26ab95ab,128.8890278000,35.2458360500
마라26ab95ba,128.8890662000,35.2480896500
마라26ab95bb,128.8891047000,35.2503432600
마라26ab96aa,128.8891431000,35.2525968600
마라26ab96ab,128.8891816000,35.2548504600
마라26ab96ba,128.8892200000,35.2571040600
마라26ab96bb,128.8892585000,35.2593576600
마라26ab97aa,128.8892970000,35.2616112600
마라26ab97ab,128.8893354000,35.2638648600
마라26ab97ba,128.8893739000,35.2661184500
마라26ab97bb,128.8894124000,35.2683720500
마라26ab98aa,128.8894509000,35.2706256500
마라26ab98ab,128.8894894000,35.2728792400
마라26ab98ba,128.8895279000,35.2751328300
마라26ab98bb,128.8895664000,35.2773864300
마라26ab99aa,128.8896049000,35.2796400200
마라26ab99ab,128.8896434000,35.2818936100
마라26ab99ba,128.8896819000,35.2841472000
마라26ab99bb,128.8897204000,35.2864007900
마라26ba91bb,128.8912361000,35.2142539700
마라26ba92aa,128.8912745000,35.2165075900
마라26ba92ab,128.8913130000,35.2187612000
마라26ba92ba,128.8913515000,35.2210148100
마라26ba92bb,128.8913899000,35.2232684200
마라26ba93aa,128.8914284000,35.2255220300
마라26ba93ab,128.8914669000,35.2277756400
마라26ba93ba,128.8915054000,35.2300292500
마라26ba93bb,128.8915439000,35.2322828600
마라26ba94aa,128.8915824000,35.2345364600
마라26ba94ab,128.8916209000,35.2367900700
마라26ba94ba,128.8916594000,35.2390436700
마라26ba94bb,128.8916979000,35.2412972800
마라26ba95aa,128.8917364000,35.2435508800
마라26ba95ab,128.8917749000,35.2458044800
마라26ba95ba,128.8918134000,35.2480580900
마라26ba95bb,128.8918519000,35.2503116900
마라26ba96aa,128.8918905000,35.2525652900
마라26ba96ab,128.8919290000,35.2548188800
마라26ba96ba,128.8919675000,35.2570724800
마라26ba96bb,128.8920061000,35.2593260800
마라26ba97aa,128.8920446000,35.2615796700
마라26ba97ab,128.8920832000,35.2638332700
마라26ba97ba,128.8921217000,35.2660868600
마라26ba97bb,128.8921603000,35.2683404600
마라26ba98aa,128.8921988000,35.2705940500
마라26ba98ab,128.8922374000,35.2728476400
마라26ba98ba,128.8922760000,35.2751012300
마라26ba98bb,128.8923145000,35.2773548200
마라26ba99aa,128.8923531000,35.2796084100
마라26ba99ab,128.8923917000,35.2818620000
마라26ba99ba,128.8924303000,35.2841155900
마라26ba99bb,128.8924689000,35.2863691700
마라26bb91bb,128.8939821000,35.2142223800
마라26bb92aa,128.8940206000,35.2164759900
마라26bb92ab,128.8940592000,35.2187296000
마라26bb92ba,128.8940977000,35.2209832100
마라26bb92bb,128.8941363000,35.2232368200
마라26bb93aa,128.8941748000,35.2254904300
마라26bb93ab,128.8942134000,35.2277440300
마라26bb93ba,128.8942519000,35.2299976400
마라26bb93bb,128.8942905000,35.2322512400
마라26bb94aa,128.8943291000,35.2345048500
마라26bb94ab,128.8943677000,35.2367584500
마라26bb94ba,128.8944062000,35.2390120500
마라26bb94bb,128.8944448000,35.2412656600
마라26bb95aa,128.8944834000,35.2435192600
마라26bb95ab,128.8945220000,35.2457728600
마라26bb95ba,128.8945606000,35.2480264500
마라26bb95bb,128.8945992000,35.2502800500
마라26bb96aa,128.8946378000,35.2525336500
마라26bb96ab,128.8946764000,35.2547872500
마라26bb96ba,128.8947150000,35.2570408400
마라26bb96bb,128.8947536000,35.2592944300
마라26bb97aa,128.8947922000,35.2615480300
마라26bb97ab,128.8948309000,35.2638016200
마라26bb97ba,128.8948695000,35.2660552100
마라26bb97bb,128.8949081000,35.2683088000
마라26bb98aa,128.8949468000,35.2705623900
마라26bb98ab,128.8949854000,35.2728159800
마라26bb98ba,128.8950241000,35.2750695700
마라26bb98bb,128.8950627000,35.2773231600
마라26bb99aa,128.8951014000,35.2795767400
마라26bb99ab,128.8951400000,35.2818303300
마라26bb99ba,128.8951787000,35.2840839100
마라26bb99bb,128.8952174000,35.2863375000
마라27aa91bb,128.8967282000,35.2141907300
마라27aa92aa,128.8967668000,35.2164443400
마라27aa92ab,128.8968054000,35.2186979400
마라27aa92ba,128.8968440000,35.2209515500
마라27aa92bb,128.8968826000,35.2232051600
마라27aa93aa,128.8969212000,35.2254587600
마라27aa93ab,128.8969599000,35.2277123600
마라27aa93ba,128.8969985000,35.2299659700
마라27aa93bb,128.8970372000,35.2322195700
마라27aa94aa,128.8970758000,35.2344731700
마라27aa94ab,128.8971145000,35.2367267700
마라27aa94ba,128.8971531000,35.2389803700
마라27aa94bb,128.8971918000,35.2412339700
마라27aa95aa,128.8972304000,35.2434875700
마라27aa95ab,128.8972691000,35.2457411600
마라27aa95ba,128.8973078000,35.2479947600
마라27aa95bb,128.8973464000,35.2502483600
마라27aa96aa,128.8973851000,35.2525019500
마라27aa96ab,128.8974238000,35.2547555400
마라27aa96ba,128.8974625000,35.2570091400
마라27aa96bb,128.8975012000,35.2592627300
마라27aa97aa,128.8975399000,35.2615163200
마라27aa97ab,128.8975786000,35.2637699100
마라27aa97ba,128.8976173000,35.2660235000
마라27aa97bb,128.8976560000,35.2682770900
마라27aa98aa,128.8976947000,35.2705306700
마라27aa98ab,128.8977334000,35.2727842600
마라27aa98ba,128.8977721000,35.2750378500
마라27aa98bb,128.8978109000,35.2772914300
마라27aa99aa,128.8978496000,35.2795450100
마라27aa99ab,128.8978883000,35.2817986000
마라27aa99ba,128.8979271000,35.2840521800
마라27aa99bb,128.8979658000,35.2863057600
마라27ab91bb,128.8994742000,35.2141590100
마라27ab92aa,128.8995129000,35.2164126200
마라27ab92ab,128.8995516000,35.2186662200
마라27ab92ba,128.8995903000,35.2209198300
마라27ab92bb,128.8996290000,35.2231734300
마라27ab93aa,128.8996677000,35.2254270300
마라27ab93ab,128.8997064000,35.2276806300
마라27ab93ba,128.8997451000,35.2299342300
마라27ab93bb,128.8997838000,35.2321878300
마라27ab94aa,128.8998225000,35.2344414300
마라27ab94ab,128.8998612000,35.2366950300
마라27ab94ba,128.8999000000,35.2389486300
마라27ab94bb,128.8999387000,35.2412022200
마라27ab95aa,128.8999774000,35.2434558200
마라27ab95ab,128.9000162000,35.2457094100
마라27ab95ba,128.9000549000,35.2479630100
마라27ab95bb,128.9000937000,35.2502166000
마라27ab96aa,128.9001324000,35.2524701900
마라27ab96ab,128.9001712000,35.2547237800
마라27ab96ba,128.9002100000,35.2569773700
마라27ab96bb,128.9002487000,35.2592309600
마라27ab97aa,128.9002875000,35.2614845500
마라27ab97ab,128.9003263000,35.2637381300
마라27ab97ba,128.9003651000,35.2659917200
마라27ab97bb,128.9004038000,35.2682453100
마라27ab98aa,128.9004426000,35.2704988900
마라27ab98ab,128.9004814000,35.2727524800
마라27ab98ba,128.9005202000,35.2750060600
마라27ab98bb,128.9005590000,35.2772596400
마라27ab99aa,128.9005978000,35.2795132200
마라27ab99ab,128.9006366000,35.2817668000
마라27ab99ba,128.9006755000,35.2840203800
마라27ab99bb,128.9007143000,35.2862739600
마라27ba91bb,128.9022202000,35.2141272300
마라27ba92aa,128.9022590000,35.2163808400
마라27ba92ab,128.9022977000,35.2186344400
마라27ba92ba,128.9023365000,35.2208880400
마라27ba92bb,128.9023753000,35.2231416400
마라27ba93aa,128.9024141000,35.2253952400
마라27ba93ab,128.9024529000,35.2276488400
마라27ba93ba,128.9024916000,35.2299024400
마라27ba93bb,128.9025304000,35.2321560300
마라27ba94aa,128.9025692000,35.2344096300
마라27ba94ab,128.9026080000,35.2366632200
마라27ba94ba,128.9026468000,35.2389168200
마라27ba94bb,128.9026856000,35.2411704100
마라27ba95aa,128.9027245000,35.2434240000
마라27ba95ab,128.9027633000,35.2456776000
마라27ba95ba,128.9028021000,35.2479311900
마라27ba95bb,128.9028409000,35.2501847800
마라27ba96aa,128.9028798000,35.2524383700
마라27ba96ab,128.9029186000,35.2546919500
마라27ba96ba,128.9029574000,35.2569455400
마라27ba96bb,128.9029963000,35.2591991300
마라27ba97aa,128.9030351000,35.2614527100
마라27ba97ab,128.9030740000,35.2637063000
마라27ba97ba,128.9031128000,35.2659598800
마라27ba97bb,128.9031517000,35.2682134600
마라27ba98aa,128.9031906000,35.2704670500
마라27ba98ab,128.9032294000,35.2727206300
마라27ba98ba,128.9032683000,35.2749742100
마라27ba98bb,128.9033072000,35.2772277900
마라27ba99aa,128.9033461000,35.2794813700
마라27ba99ab,128.9033850000,35.2817349400
마라27ba99ba,128.9034238000,35.2839885200
마라27ba99bb,128.9034627000,35.2862421000
마라27bb91bb,128.9049662000,35.2140953900
마라27bb92aa,128.9050051000,35.2163489900
마라27bb92ab,128.9050439000,35.2186025900
마라27bb92ba,128.9050828000,35.2208561900
마라27bb92bb,128.9051216000,35.2231097900
마라27bb93aa,128.9051605000,35.2253633900
마라27bb93ab,128.9051993000,35.2276169800
마라27bb93ba,128.9052382000,35.2298705800
마라27bb93bb,128.9052771000,35.2321241700
마라27bb94aa,128.9053159000,35.2343777600
마라27bb94ab,128.9053548000,35.2366313600
마라27bb94ba,128.9053937000,35.2388849500
마라27bb94bb,128.9054326000,35.2411385400
마라27bb95aa,128.9054715000,35.2433921300
마라27bb95ab,128.9055104000,35.2456457200
마라27bb95ba,128.9055493000,35.2478993100
마라27bb95bb,128.9055882000,35.2501528900
마라27bb96aa,128.9056271000,35.2524064800
마라27bb96ab,128.9056660000,35.2546600700
마라27bb96ba,128.9057049000,35.2569136500
마라27bb96bb,128.9057438000,35.2591672300
마라27bb97aa,128.9057827000,35.2614208200
마라27bb97ab,128.9058217000,35.2636744000
마라27bb97ba,128.9058606000,35.2659279800
마라27bb97bb,128.9058995000,35.2681815600
마라27bb98aa,128.9059385000,35.2704351400
마라27bb98ab,128.9059774000,35.2726887200
마라27bb98ba,128.9060164000,35.2749423000
마라27bb98bb,128.9060553000,35.2771958700
마라27bb99aa,128.9060943000,35.2794494500
마라27bb99ab,128.9061333000,35.2817030200
마라27bb99ba,128.9061722000,35.2839566000
마라27bb99bb,128.9062112000,35.2862101700
마라28aa91bb,128.9077123000,35.2140634900
마라28aa92aa,128.9077512000,35.2163170900
마라28aa92ab,128.9077901000,35.2185706800
마라28aa92ba,128.9078290000,35.2208242800
마라28aa92bb,128.9078679000,35.2230778700
마라28aa93aa,128.9079069000,35.2253314700
마라28aa93ab,128.9079458000,35.2275850600
마라28aa93ba,128.9079847000,35.2298386500
마라28aa93bb,128.9080237000,35.2320922500
마라28aa94aa,128.9080626000,35.2343458400
마라28aa94ab,128.9081016000,35.2365994300
마라28aa94ba,128.9081405000,35.2388530200
마라28aa94bb,128.9081795000,35.2411066000
마라28aa95aa,128.9082185000,35.2433601900
마라28aa95ab,128.9082574000,35.2456137800
마라28aa95ba,128.9082964000,35.2478673600
마라28aa95bb,128.9083354000,35.2501209500
마라28aa96aa,128.9083744000,35.2523745300
마라28aa96ab,128.9084134000,35.2546281200
마라28aa96ba,128.9084524000,35.2568817000
마라28aa96bb,128.9084914000,35.2591352800
마라28aa97aa,128.9085304000,35.2613888600
마라28aa97ab,128.9085694000,35.2636424400
마라28aa97ba,128.9086084000,35.2658960200
마라28aa97bb,128.9086474000,35.2681495900
마라28aa98aa,128.9086864000,35.2704031700
마라28aa98ab,128.9087254000,35.2726567500
마라28aa98ba,128.9087645000,35.2749103200
마라28aa98bb,128.9088035000,35.2771639000
마라28aa99aa,128.9088425000,35.2794174700
마라28aa99ab,128.9088816000,35.2816710400
마라28aa99ba,128.9089206000,35.2839246100
마라28aa99bb,128.9089597000,35.2861781800
마라28ab92aa,128.9104973000,35.2162851200
마라28ab92ba,128.9105753000,35.2207923100
마라28ab92bb,128.9106143000,35.2230459000
마라28ab93aa,128.9106533000,35.2252994900
마라28ab93ab,128.9106923000,35.2275530800
마라28ab93ba,128.9107313000,35.2298066700
마라28ab93bb,128.9107703000,35.2320602600
마라28ab94aa,128.9108093000,35.2343138500
마라28ab94ab,128.9108484000,35.2365674400
마라28ab94ba,128.9108874000,35.2388210200
마라28ab94bb,128.9109264000,35.2410746100
마라28ab95aa,128.9109655000,35.2433281900
마라28ab95ab,128.9110045000,35.2455817800
마라28ab95ba,128.9110436000,35.2478353600
마라28ab95bb,128.9110826000,35.2500889400
마라28ab96aa,128.9111217000,35.2523425200
마라28ab96ab,128.9111608000,35.2545961000
마라28ab96ba,128.9111998000,35.2568496800
마라28ab96bb,128.9112389000,35.2591032600
마라28ab97aa,128.9112780000,35.2613568400
마라28ab97ab,128.9113170000,35.2636104100
마라28ab97ba,128.9113561000,35.2658639900
마라28ab97bb,128.9113952000,35.2681175600
마라28ab98aa,128.9114343000,35.2703711400
마라28ab98ab,128.9114734000,35.2726247100
마라28ab98ba,128.9115125000,35.2748782800
마라28ab98bb,128.9115516000,35.2771318600
마라28ab99aa,128.9115907000,35.2793854300
마라28ab99ab,128.9116299000,35.2816390000
마라28ab99ba,128.9116690000,35.2838925700
마라28ab99bb,128.9117081000,35.2861461300
마라28ba92ab,128.9132824000,35.2185066800
마라28ba92ba,128.9133215000,35.2207602700
마라28ba92bb,128.9133606000,35.2230138600
마라28ba93aa,128.9133997000,35.2252674500
마라28ba93ab,128.9134387000,35.2275210400
마라28ba93ba,128.9134778000,35.2297746200
마라28ba93bb,128.9135169000,35.2320282100
마라28ba94aa,128.9135560000,35.2342818000
마라28ba94ab,128.9135951000,35.2365353800
마라28ba94ba,128.9136342000,35.2387889700
마라28ba94bb,128.9136734000,35.2410425500
마라28ba95aa,128.9137125000,35.2432961300
마라28ba95ab,128.9137516000,35.2455497100
마라28ba95ba,128.9137907000,35.2478032900
마라28ba95bb,128.9138299000,35.2500568700
마라28ba96aa,128.9138690000,35.2523104500
마라28ba96ab,128.9139081000,35.2545640300
마라28ba96ba,128.9139473000,35.2568176000
마라28ba96bb,128.9139864000,35.2590711800
마라28ba97aa,128.9140256000,35.2613247500
마라28ba97ab,128.9140647000,35.2635783300
마라28ba97ba,128.9141039000,35.2658319000
마라28ba97bb,128.9141431000,35.2680854700
마라28ba98aa,128.9141822000,35.2703390500
마라28ba98ab,128.9142214000,35.2725926200
마라28ba98ba,128.9142606000,35.2748461900
마라28ba98bb,128.9142998000,35.2770997500
마라28ba99aa,128.9143390000,35.2793533200
마라28ba99ab,128.9143781000,35.2816068900
마라28ba99ba,128.9144173000,35.2838604600
마라28ba99bb,128.9144565000,35.2861140200
마라28bb92aa,128.9159894000,35.2162210000
마라28bb92ab,128.9160286000,35.2184745800
마라28bb92ba,128.9160677000,35.2207281700
마라28bb92bb,128.9161069000,35.2229817600
마라28bb93aa,128.9161460000,35.2252353500
마라28bb93ab,128.9161852000,35.2274889300
마라28bb93ba,128.9162244000,35.2297425200
마라28bb93bb,128.9162635000,35.2319961000
마라28bb94aa,128.9163027000,35.2342496800
마라28bb94ab,128.9163419000,35.2365032700
마라28bb94ba,128.9163811000,35.2387568500
마라28bb94bb,128.9164203000,35.2410104300
마라28bb95aa,128.9164595000,35.2432640100
마라28bb95ab,128.9164987000,35.2455175800
마라28bb95ba,128.9165379000,35.2477711600
마라28bb95bb,128.9165771000,35.2500247400
마라28bb96aa,128.9166163000,35.2522783100
마라28bb96ab,128.9166555000,35.2545318900
마라28bb96ba,128.9166947000,35.2567854600
마라28bb96bb,128.9167339000,35.2590390400
마라28bb97aa,128.9167732000,35.2612926100
마라28bb97ab,128.9168124000,35.2635461800
마라28bb97ba,128.9168516000,35.2657997500
마라28bb97bb,128.9168909000,35.2680533200
마라28bb98aa,128.9169301000,35.2703068900
마라28bb98ab,128.9169694000,35.2725604600
마라28bb98ba,128.9170086000,35.2748140200
마라28bb98bb,128.9170479000,35.2770675900
마라28bb99aa,128.9170872000,35.2793211500
마라28bb99ab,128.9171264000,35.2815747200
마라28bb99ba,128.9171657000,35.2838282800
마라28bb99bb,128.9172050000,35.2860818500
마라29aa92aa,128.9187355000,35.2161888400
마라29aa92ab,128.9187747000,35.2184424300
마라29aa92ba,128.9188140000,35.2206960100
마라29aa92bb,128.9188532000,35.2229496000
마라29aa93aa,128.9188924000,35.2252031800
마라29aa93ab,128.9189317000,35.2274567600
마라29aa93ba,128.9189709000,35.2297103500
마라29aa93bb,128.9190102000,35.2319639300
마라29aa94aa,128.9190494000,35.2342175100
마라29aa94ab,128.9190887000,35.2364710900
마라29aa94ba,128.9191279000,35.2387246600
마라29aa94bb,128.9191672000,35.2409782400
마라29aa95aa,128.9192065000,35.2432318200
마라29aa95ab,128.9192457000,35.2454853900
마라29aa95ba,128.9192850000,35.2477389700
마라29aa95bb,128.9193243000,35.2499925400
마라29aa96aa,128.9193636000,35.2522461200
마라29aa96ab,128.9194029000,35.2544996900
마라29aa96ba,128.9194422000,35.2567532600
마라29aa96bb,128.9194815000,35.2590068300
마라29aa97aa,128.9195208000,35.2612604000
마라29aa97ab,128.9195601000,35.2635139700
마라29aa97ba,128.9195994000,35.2657675400
마라29aa97bb,128.9196387000,35.2680211000
마라29aa98aa,128.9196780000,35.2702746700
마라29aa98ab,128.9197174000,35.2725282400
마라29aa98ba,128.9197567000,35.2747818000
마라29aa98bb,128.9197960000,35.2770353600
마라29aa99aa,128.9198354000,35.2792889300
마라29aa99ab,128.9198747000,35.2815424900
마라29aa99ba,128.9199141000,35.2837960500
마라29aa99bb,128.9199534000,35.2860496100
마라29ab92aa,128.9214816000,35.2161566200
마라29ab92ab,128.9215209000,35.2184102100
마라29ab92ba,128.9215602000,35.2206637900
마라29ab92bb,128.9215995000,35.2229173700
마라29ab93aa,128.9216388000,35.2251709500
마라29ab93ab,128.9216781000,35.2274245300
마라29ab93ba,128.9217174000,35.2296781100
마라29ab93bb,128.9217568000,35.2319316900
마라29ab94aa,128.9217961000,35.2341852700
마라29ab94ab,128.9218354000,35.2364388500
마라29ab94ba,128.9218748000,35.2386924200
마라29ab94bb,128.9219141000,35.2409460000
마라29ab95aa,128.9219534000,35.2431995700
마라29ab95ab,128.9219928000,35.2454531400
마라29ab95ba,128.9220321000,35.2477067200
마라29ab95bb,128.9220715000,35.2499602900
마라29ab96aa,128.9221109000,35.2522138600
마라29ab96ab,128.9221502000,35.2544674300
마라29ab96ba,128.9221896000,35.2567210000
마라29ab96bb,128.9222290000,35.2589745600
마라29ab97aa,128.9222684000,35.2612281300
마라29ab97ab,128.9223078000,35.2634817000
마라29ab97ba,128.9223471000,35.2657352600
마라29ab97bb,128.9223865000,35.2679888300
마라29ab98aa,128.9224259000,35.2702423900
마라29ab98ab,128.9224653000,35.2724959500
마라29ab98ba,128.9225047000,35.2747495100
마라29ab98bb,128.9225442000,35.2770030700
마라29ab99aa,128.9225836000,35.2792566300
마라29ab99ab,128.9226230000,35.2815101900
마라29ab99ba,128.9226624000,35.2837637500
마라29ab99bb,128.9227018000,35.2860173100
마라29ba92ab,128.9242670000,35.2183779300
마라29ba92ba,128.9243064000,35.2206315100
마라29ba92bb,128.9243458000,35.2228850900
마라29ba93aa,128.9243852000,35.2251386600
마라29ba93ab,128.9244246000,35.2273922400
마라29ba93ba,128.9244640000,35.2296458200
마라29ba93bb,128.9245034000,35.2318993900
마라29ba94aa,128.9245428000,35.2341529700
마라29ba94ab,128.9245822000,35.2364065400
마라29ba94ba,128.9246216000,35.2386601100
마라29ba94bb,128.9246610000,35.2409136900
마라29ba95aa,128.9247004000,35.2431672600
마라29ba95ab,128.9247398000,35.2454208300
마라29ba95ba,128.9247793000,35.2476744000
마라29ba95bb,128.9248187000,35.2499279700
마라29ba96aa,128.9248582000,35.2521815300
마라29ba96ab,128.9248976000,35.2544351000
마라29ba96ba,128.9249370000,35.2566886700
마라29ba96bb,128.9249765000,35.2589422300
마라29ba97aa,128.9250160000,35.2611958000
마라29ba97ab,128.9250554000,35.2634493600
마라29ba97ba,128.9250949000,35.2657029200
마라29ba97bb,128.9251343000,35.2679564800
마라29ba98aa,128.9251738000,35.2702100500
마라29ba98ab,128.9252133000,35.2724636000
마라29ba98ba,128.9252528000,35.2747171600
마라29ba98bb,128.9252923000,35.2769707200
마라29ba99aa,128.9253318000,35.2792242800
마라29ba99ab,128.9253713000,35.2814778400
마라29ba99ba,128.9254108000,35.2837313900
마라29ba99bb,128.9254503000,35.2859849500
마라29bb92ab,128.9270132000,35.2183455800
마라29bb92ba,128.9270526000,35.2205991600
마라29bb92bb,128.9270921000,35.2228527400
마라29bb93aa,128.9271315000,35.2251063100
마라29bb93ab,128.9271710000,35.2273598900
마라29bb93ba,128.9272105000,35.2296134600
마라29bb93bb,128.9272500000,35.2318670300
마라29bb94aa,128.9272894000,35.2341206100
마라29bb94ab,128.9273289000,35.2363741800
마라29bb94ba,128.9273684000,35.2386277500
마라29bb94bb,128.9274079000,35.2408813200
마라29bb95aa,128.9274474000,35.2431348800
마라29bb95ab,128.9274869000,35.2453884500
마라29bb95ba,128.9275264000,35.2476420200
마라29bb95bb,128.9275659000,35.2498955900
마라29bb96aa,128.9276054000,35.2521491500
마라29bb96ab,128.9276450000,35.2544027100
마라29bb96ba,128.9276845000,35.2566562800
마라29bb96bb,128.9277240000,35.2589098400
마라29bb97aa,128.9277635000,35.2611634000
마라29bb97ab,128.9278031000,35.2634169600
마라29bb97ba,128.9278426000,35.2656705200
마라29bb97bb,128.9278822000,35.2679240800
마라29bb98aa,128.9279217000,35.2701776400
마라29bb98ab,128.9279613000,35.2724312000
마라29bb98ba,128.9280008000,35.2746847500
마라29bb98bb,128.9280404000,35.2769383100
마라29bb99aa,128.9280800000,35.2791918600
마라29bb99ab,128.9281195000,35.2814454200
마라29bb99ba,128.9281591000,35.2836989700
마라29bb99bb,128.9281987000,35.2859525200
마라30aa92ba,128.9297988000,35.2205667500
마라30aa92bb,128.9298384000,35.2228203200
마라30aa93aa,128.9298779000,35.2250739000
마라30aa93ab,128.9299174000,35.2273274700
마라30aa93ba,128.9299570000,35.2295810400
마라30aa93bb,128.9299965000,35.2318346100
마라30aa94aa,128.9300361000,35.2340881800
마라30aa94ab,128.9300757000,35.2363417500
마라30aa94ba,128.9301152000,35.2385953200
마라30aa94bb,128.9301548000,35.2408488800
마라30aa95aa,128.9301944000,35.2431024500
마라30aa95ab,128.9302339000,35.2453560100
마라30aa95ba,128.9302735000,35.2476095800
마라30aa95bb,128.9303131000,35.2498631400
마라30aa96aa,128.9303527000,35.2521167000
마라30aa96ab,128.9303923000,35.2543702600
마라30aa96ba,128.9304319000,35.2566238300
마라30aa96bb,128.9304715000,35.2588773900
마라30aa97aa,128.9305111000,35.2611309400
마라30aa97ab,128.9305507000,35.2633845000
마라30aa97ba,128.9305903000,35.2656380600
마라30aa97bb,128.9306300000,35.2678916200
마라30aa98aa,128.9306696000,35.2701451700
마라30aa98ab,128.9307092000,35.2723987300
마라30aa98ba,128.9307489000,35.2746522800
마라30aa98bb,128.9307885000,35.2769058300
마라30aa99aa,128.9308281000,35.2791593800
마라30aa99ab,128.9308678000,35.2814129300
마라30aa99ba,128.9309074000,35.2836664800
마라30aa99bb,128.9309471000,35.2859200300
마라30ab92ba,128.9325450000,35.2205342800
마라30ab92bb,128.9325847000,35.2227878500
마라30ab93aa,128.9326243000,35.2250414200
마라30ab93ab,128.9326639000,35.2272949900
마라30ab93ba,128.9327035000,35.2295485600
마라30ab93bb,128.9327431000,35.2318021300
마라30ab94aa,128.9327828000,35.2340556900
마라30ab94ab,128.9328224000,35.2363092600
마라30ab94ba,128.9328620000,35.2385628200
마라30ab94bb,128.9329017000,35.2408163900
마라30ab95aa,128.9329413000,35.2430699500
마라30ab95ab,128.9329810000,35.2453235100
마라30ab95ba,128.9330207000,35.2475770700
마라30ab95bb,128.9330603000,35.2498306300
마라30ab96aa,128.9331000000,35.2520841900
마라30ab96ab,128.9331397000,35.2543377500
마라30ab96ba,128.9331793000,35.2565913100
마라30ab96bb,128.9332190000,35.2588448700
마라30ab97aa,128.9332587000,35.2610984200
마라30ab97ab,128.9332984000,35.2633519800
마라30ab97ba,128.9333381000,35.2656055300
마라30ab97bb,128.9333778000,35.2678590900
마라30ab98aa,128.9334175000,35.2701126400
마라30ab98ab,128.9334572000,35.2723661900
마라30ab98ba,128.9334969000,35.2746197400
마라30ab98bb,128.9335366000,35.2768732900
마라30ab99aa,128.9335763000,35.2791268400
마라30ab99ab,128.9336161000,35.2813803900
마라30ab99ba,128.9336558000,35.2836339400
마라30ab99bb,128.9336955000,35.2858874800
마라30ba92bb,128.9353309000,35.2227553100
마라30ba93aa,128.9353706000,35.2250088800
마라30ba93ab,128.9354103000,35.2272624500
마라30ba93ba,128.9354500000,35.2295160100
마라30ba93bb,128.9354897000,35.2317695800
마라30ba94aa,128.9355294000,35.2340231400
마라30ba94ab,128.9355691000,35.2362767100
마라30ba94ba,128.9356089000,35.2385302700
마라30ba94bb,128.9356486000,35.2407838300
마라30ba95aa,128.9356883000,35.2430373900
마라30ba95ab,128.9357280000,35.2452909500
마라30ba95ba,128.9357678000,35.2475445100
마라30ba95bb,128.9358075000,35.2497980700
마라30ba96aa,128.9358472000,35.2520516200
마라30ba96ab,128.9358870000,35.2543051800
마라30ba96ba,128.9359267000,35.2565587300
마라30ba96bb,128.9359665000,35.2588122900
마라30ba97aa,128.9360063000,35.2610658400
마라30ba97ab,128.9360460000,35.2633193900
마라30ba97ba,128.9360858000,35.2655729500
마라30ba97bb,128.9361256000,35.2678265000
마라30ba98aa,128.9361653000,35.2700800500
마라30ba98ab,128.9362051000,35.2723336000
마라30ba98ba,128.9362449000,35.2745871400
마라30ba98bb,128.9362847000,35.2768406900
마라30ba99aa,128.9363245000,35.2790942400
마라30ba99ab,128.9363643000,35.2813477800
마라30ba99ba,128.9364041000,35.2836013300
마라30ba99bb,128.9364439000,35.2858548700
마라30bb93aa,128.9381170000,35.2249762800
마라30bb93ab,128.9381567000,35.2272298400
마라30bb93ba,128.9381965000,35.2294834100
마라30bb93bb,128.9382363000,35.2317369700
마라30bb94aa,128.9382761000,35.2339905300
마라30bb94ab,128.9383159000,35.2362440900
마라30bb94ba,128.9383557000,35.2384976500
마라30bb94bb,128.9383955000,35.2407512100
마라30bb95aa,128.9384353000,35.2430047700
마라30bb95ab,128.9384751000,35.2452583200
마라30bb95ba,128.9385149000,35.2475118800
마라30bb95bb,128.9385547000,35.2497654300
마라30bb96aa,128.9385945000,35.2520189900
마라30bb96ab,128.9386343000,35.2542725400
마라30bb96ba,128.9386742000,35.2565260900
마라30bb96bb,128.9387140000,35.2587796500
마라30bb97aa,128.9387538000,35.2610332000
마라30bb97ab,128.9387937000,35.2632867500
마라30bb97ba,128.9388335000,35.2655403000
마라30bb97bb,128.9388734000,35.2677938400
마라30bb98aa,128.9389132000,35.2700473900
마라30bb98ab,128.9389531000,35.2723009400
마라30bb98ba,128.9389929000,35.2745544800
마라30bb98bb,128.9390328000,35.2768080300
마라30bb99aa,128.9390727000,35.2790615700
마라30bb99ab,128.9391126000,35.2813151100
마라30bb99ba,128.9391524000,35.2835686600
마라30bb99bb,128.9391923000,35.2858222000
마라31aa93ab,128.9409032000,35.2271971800
마라31aa93ba,128.9409430000,35.2294507400
마라31aa93bb,128.9409829000,35.2317043000
마라31aa94aa,128.9410227000,35.2339578600
마라31aa94ab,128.9410626000,35.2362114100
마라31aa94ba,128.9411025000,35.2384649700
마라31aa94bb,128.9411423000,35.2407185300
마라31aa95aa,128.9411822000,35.2429720800
마라31aa95ab,128.9412221000,35.2452256400
마라31aa95ba,128.9412620000,35.2474791900
마라31aa95bb,128.9413019000,35.2497327400
마라31aa96aa,128.9413418000,35.2519862900
마라31aa96ab,128.9413817000,35.2542398400
마라31aa96ba,128.9414216000,35.2564933900
마라31aa96bb,128.9414615000,35.2587469400
마라31aa97aa,128.9415014000,35.2610004900
마라31aa97ab,128.9415413000,35.2632540400
마라31aa97ba,128.9415812000,35.2655075800
마라31aa97bb,128.9416212000,35.2677611300
마라31aa98aa,128.9416611000,35.2700146700
마라31aa98ab,128.9417010000,35.2722682200
마라31aa98ba,128.9417410000,35.2745217600
마라31aa98bb,128.9417809000,35.2767753000
마라31aa99aa,128.9418209000,35.2790288400
마라31aa99ab,128.9418608000,35.2812823800
마라31aa99ba,128.9419008000,35.2835359200
마라31aa99bb,128.9419407000,35.2857894600
마라31ab93ab,128.9436496000,35.2271644500
마라31ab93ba,128.9436895000,35.2294180100
마라31ab93bb,128.9437294000,35.2316715600
마라31ab94aa,128.9437694000,35.2339251200
마라31ab94ab,128.9438093000,35.2361786700
마라31ab94ba,128.9438493000,35.2384322300
마라31ab94bb,128.9438892000,35.2406857800
마라31ab95aa,128.9439292000,35.2429393300
마라31ab95ab,128.9439691000,35.2451928900
마라31ab95ba,128.9440091000,35.2474464400
마라31ab95bb,128.9440490000,35.2496999900
마라31ab96aa,128.9440890000,35.2519535300
마라31ab96ab,128.9441290000,35.2542070800
마라31ab96ba,128.9441690000,35.2564606300
마라31ab96bb,128.9442090000,35.2587141800
마라31ab97aa,128.9442489000,35.2609677200
마라31ab97ab,128.9442889000,35.2632212700
마라31ab97ba,128.9443289000,35.2654748100
마라31ab97bb,128.9443689000,35.2677283500
마라31ab98aa,128.9444089000,35.2699818900
마라31ab98ab,128.9444490000,35.2722354300
마라31ab98ba,128.9444890000,35.2744889700
마라31ab98bb,128.9445290000,35.2767425100
마라31ab99aa,128.9445690000,35.2789960500
마라31ab99ab,128.9446090000,35.2812495900
마라31ab99ba,128.9446491000,35.2835031300
마라31ab99bb,128.9446891000,35.2857566600
마라31ba93aa,128.9463560000,35.2248781000
마라31ba93ab,128.9463960000,35.2271316600
마라31ba93ba,128.9464360000,35.2293852100
마라31ba93bb,128.9464760000,35.2316387700
마라31ba94aa,128.9465160000,35.2338923200
마라31ba94ab,128.9465560000,35.2361458700
마라31ba94ba,128.9465961000,35.2383994200
마라31ba94bb,128.9466361000,35.2406529700
마라31ba95aa,128.9466761000,35.2429065200
마라31ba95ab,128.9467161000,35.2451600700
마라31ba95ba,128.9467562000,35.2474136200
마라31ba95bb,128.9467962000,35.2496671700
마라31ba96aa,128.9468363000,35.2519207100
마라31ba96ab,128.9468763000,35.2541742600
마라31ba96ba,128.9469164000,35.2564278000
마라31ba96bb,128.9469564000,35.2586813500
마라31ba97aa,128.9469965000,35.2609348900
마라31ba97ab,128.9470366000,35.2631884300
마라31ba97ba,128.9470766000,35.2654419700
마라31ba97bb,128.9471167000,35.2676955100
마라31ba98aa,128.9471568000,35.2699490500
마라31ba98ab,128.9471969000,35.2722025900
마라31ba98ba,128.9472370000,35.2744561300
마라31ba98bb,128.9472771000,35.2767096600
마라31ba99aa,128.9473172000,35.2789632000
마라31ba99ab,128.9473573000,35.2812167300
마라31ba99ba,128.9473974000,35.2834702700
마라31ba99bb,128.9474375000,35.2857238000
마라31bb93aa,128.9491023000,35.2248452500
마라31bb93ab,128.9491424000,35.2270988000
마라31bb93ba,128.9491825000,35.2293523600
마라31bb93bb,128.9492226000,35.2316059100
마라31bb94aa,128.9492627000,35.2338594600
마라31bb94ab,128.9493027000,35.2361130100
마라31bb94ba,128.9493428000,35.2383665600
마라31bb94bb,128.9493829000,35.2406201000
마라31bb95aa,128.9494230000,35.2428736500
마라31bb95ab,128.9494632000,35.2451272000
마라31bb95ba,128.9495033000,35.2473807400
마라31bb95bb,128.9495434000,35.2496342900
마라31bb96aa,128.9495835000,35.2518878300
마라31bb96ab,128.9496236000,35.2541413700
마라31bb96ba,128.9496638000,35.2563949100
마라31bb96bb,128.9497039000,35.2586484600
마라31bb97aa,128.9497440000,35.2609020000
마라31bb97ab,128.9497842000,35.2631555300
마라31bb97ba,128.9498243000,35.2654090700
마라31bb97bb,128.9498645000,35.2676626100
마라31bb98aa,128.9499047000,35.2699161500
마라31bb98ab,128.9499448000,35.2721696800
마라31bb98ba,128.9499850000,35.2744232200
마라31bb98bb,128.9500252000,35.2766767500
마라31bb99aa,128.9500653000,35.2789302800
마라31bb99ab,128.9501055000,35.2811838100
마라31bb99ba,128.9501457000,35.2834373500
마라31bb99bb,128.9501859000,35.2856908800
마라32aa93aa,128.9518487000,35.2248123400
마라32aa93ab,128.9518888000,35.2270658900
마라32aa93ba,128.9519290000,35.2293194400
마라32aa93bb,128.9519691000,35.2315729900
마라32aa94aa,128.9520093000,35.2338265300
마라32aa94ab,128.9520495000,35.2360800800
마라32aa94ba,128.9520896000,35.2383336300
마라32aa94bb,128.9521298000,35.2405871700
마라32aa95aa,128.9521700000,35.2428407200
마라32aa95ab,128.9522102000,35.2450942600
마라32aa95ba,128.9522504000,35.2473478000
마라32aa95bb,128.9522906000,35.2496013400
마라32aa96aa,128.9523308000,35.2518548800
마라32aa96ab,128.9523710000,35.2541084200
마라32aa96ba,128.9524112000,35.2563619600
마라32aa96bb,128.9524514000,35.2586155000
마라32aa97aa,128.9524916000,35.2608690400
마라32aa97ab,128.9525318000,35.2631225700
마라32aa97ba,128.9525720000,35.2653761100
마라32aa97bb,128.9526123000,35.2676296400
마라32aa98aa,128.9526525000,35.2698831800
마라32aa98ab,128.9526927000,35.2721367100
마라32aa98ba,128.9527330000,35.2743902400
마라32aa98bb,128.9527732000,35.2766437700
마라32aa99aa,128.9528135000,35.2788973000
마라32aa99ab,128.9528537000,35.2811508300
마라32aa99ba,128.9528940000,35.2834043600
마라32aa99bb,128.9529343000,35.2856578900
마라32ab93aa,128.9545950000,35.2247793600
마라32ab93ab,128.9546352000,35.2270329100
마라32ab93ba,128.9546754000,35.2292864600
마라32ab93bb,128.9547157000,35.2315400000
마라32ab94aa,128.9547559000,35.2337935500
마라32ab94ab,128.9547962000,35.2360470900
마라32ab94ba,128.9548364000,35.2383006400
마라32ab94bb,128.9548767000,35.2405541800
마라32ab95aa,128.9549169000,35.2428077200
마라32ab95ab,128.9549572000,35.2450612600
마라32ab95ba,128.9549974000,35.2473148000
마라32ab95bb,128.9550377000,35.2495683400
마라32ab96aa,128.9550780000,35.2518218800
마라32ab96ab,128.9551183000,35.2540754100
마라32ab96ba,128.9551586000,35.2563289500
마라32ab96bb,128.9551988000,35.2585824900
마라32ab97aa,128.9552391000,35.2608360200
마라32ab97ab,128.9552794000,35.2630895500
마라32ab97ba,128.9553197000,35.2653430900
마라32ab97bb,128.9553600000,35.2675966200
마라32ab98aa,128.9554003000,35.2698501500
마라32ab98ab,128.9554407000,35.2721036800
마라32ab98ba,128.9554810000,35.2743572100
마라32ab98bb,128.9555213000,35.2766107400
마라32ab99aa,128.9555616000,35.2788642600
마라32ab99ab,128.9556020000,35.2811177900
마라32ab99ba,128.9556423000,35.2833713200
마라32ab99bb,128.9556826000,35.2856248400
마라32ba93aa,128.9573413000,35.2247463300
마라32ba93ab,128.9573816000,35.2269998700
마라32ba93ba,128.9574219000,35.2292534200
마라32ba93bb,128.9574622000,35.2315069600
마라32ba94aa,128.9575025000,35.2337605000
마라32ba94ab,128.9575429000,35.2360140400
마라32ba94ba,128.9575832000,35.2382675800
마라32ba94bb,128.9576235000,35.2405211200
마라32ba95aa,128.9576638000,35.2427746600
마라32ba95ab,128.9577042000,35.2450282000
마라32ba95ba,128.9577445000,35.2472817400
마라32ba95bb,128.9577849000,35.2495352700
마라32ba96aa,128.9578252000,35.2517888100
마라32ba96ab,128.9578656000,35.2540423400
마라32ba96ba,128.9579059000,35.2562958700
마라32ba96bb,128.9579463000,35.2585494100
마라32ba97aa,128.9579867000,35.2608029400
마라32ba97ab,128.9580270000,35.2630564700
마라32ba97ba,128.9580674000,35.2653100000
마라32ba97bb,128.9581078000,35.2675635300
마라32ba98aa,128.9581482000,35.2698170600
마라32ba98ab,128.9581886000,35.2720705800
마라32ba98ba,128.9582290000,35.2743241100
마라32ba98bb,128.9582694000,35.2765776400
마라32ba99aa,128.9583098000,35.2788311600
마라32ba99ab,128.9583502000,35.2810846800
마라32ba99ba,128.9583906000,35.2833382100
마라32ba99bb,128.9584310000,35.2855917300
마라32bb93aa,128.9600876000,35.2247132300
마라32bb93ab,128.9601280000,35.2269667700
마라32bb93ba,128.9601684000,35.2292203100
마라32bb93bb,128.9602088000,35.2314738500
마라32bb94aa,128.9602492000,35.2337273900
마라32bb94ab,128.9602896000,35.2359809300
마라32bb94ba,128.9603300000,35.2382344700
마라32bb94bb,128.9603704000,35.2404880000
마라32bb95aa,128.9604108000,35.2427415400
마라32bb95ab,128.9604512000,35.2449950700
마라32bb95ba,128.9604916000,35.2472486100
마라32bb95bb,128.9605320000,35.2495021400
마라32bb96aa,128.9605724000,35.2517556700
마라32bb96ab,128.9606129000,35.2540092100
마라32bb96ba,128.9606533000,35.2562627400
마라32bb96bb,128.9606938000,35.2585162700
마라32bb97aa,128.9607342000,35.2607698000
마라32bb97ab,128.9607746000,35.2630233200
마라32bb97ba,128.9608151000,35.2652768500
마라32bb97bb,128.9608556000,35.2675303800
마라32bb98aa,128.9608960000,35.2697839000
마라32bb98ab,128.9609365000,35.2720374300
마라32bb98ba,128.9609770000,35.2742909500
마라32bb98bb,128.9610174000,35.2765444700
마라32bb99aa,128.9610579000,35.2787979900
마라32bb99ab,128.9610984000,35.2810515200
마라32bb99ba,128.9611389000,35.2833050400
마라32bb99bb,128.9611794000,35.2855585500
마라33aa93ab,128.9628744000,35.2269336000
마라33aa93ba,128.9629148000,35.2291871400
마라33aa93bb,128.9629553000,35.2314406800
마라33aa94aa,128.9629958000,35.2336942200
마라33aa94ab,128.9630362000,35.2359477500
마라33aa94ba,128.9630767000,35.2382012900
마라33aa94bb,128.9631172000,35.2404548200
마라33aa95aa,128.9631577000,35.2427083600
마라33aa95ab,128.9631982000,35.2449618900
마라33aa95ba,128.9632387000,35.2472154200
마라33aa95bb,128.9632792000,35.2494689500
마라33aa96aa,128.9633197000,35.2517224800
마라33aa96ab,128.9633602000,35.2539760100
마라33aa96ba,128.9634007000,35.2562295400
마라33aa96bb,128.9634412000,35.2584830600
마라33aa97aa,128.9634817000,35.2607365900
마라33aa97ab,128.9635223000,35.2629901100
마라33aa97ba,128.9635628000,35.2652436400
마라33aa97bb,128.9636033000,35.2674971600
마라33aa98aa,128.9636439000,35.2697506800
마라33aa98ab,128.9636844000,35.2720042100
마라33aa98ba,128.9637249000,35.2742577300
마라33aa98bb,128.9637655000,35.2765112500
마라33aa99aa,128.9638061000,35.2787647700
마라33aa99ab,128.9638466000,35.2810182800
마라33aa99ba,128.9638872000,35.2832718000
마라33aa99bb,128.9639278000,35.2855253200
마라33ab93ab,128.9656208000,35.2269003800
마라33ab93ba,128.9656613000,35.2291539100
마라33ab93bb,128.9657018000,35.2314074500
마라33ab94aa,128.9657424000,35.2336609800
마라33ab94ab,128.9657829000,35.2359145200
마라33ab94ba,128.9658235000,35.2381680500
마라33ab94bb,128.9658640000,35.2404215800
마라33ab95aa,128.9659046000,35.2426751100
마라33ab95ab,128.9659452000,35.2449286400
마라33ab95ba,128.9659857000,35.2471821700
마라33ab95bb,128.9660263000,35.2494357000
마라33ab96aa,128.9660669000,35.2516892200
마라33ab96ab,128.9661075000,35.2539427500
마라33ab96ba,128.9661481000,35.2561962700
마라33ab96bb,128.9661887000,35.2584498000
마라33ab97aa,128.9662292000,35.2607033200
마라33ab97ab,128.9662698000,35.2629568400
마라33ab97ba,128.9663105000,35.2652103700
마라33ab97bb,128.9663511000,35.2674638900
마라33ab98aa,128.9663917000,35.2697174100
마라33ab98ab,128.9664323000,35.2719709200
마라33ab98ba,128.9664729000,35.2742244400
마라33ab98bb,128.9665136000,35.2764779600
마라33ab99aa,128.9665542000,35.2787314800
마라33ab99ab,128.9665948000,35.2809849900
마라33ab99ba,128.9666355000,35.2832385100
마라33ab99bb,128.9666761000,35.2854920200
마라33ba93ab,128.9683671000,35.2268670900
마라33ba93ba,128.9684078000,35.2291206200
마라33ba93bb,128.9684484000,35.2313741500
마라33ba94aa,128.9684890000,35.2336276800
마라33ba94ab,128.9685296000,35.2358812100
마라33ba94ba,128.9685702000,35.2381347400
마라33ba94bb,128.9686109000,35.2403882700
마라33ba95aa,128.9686515000,35.2426418000
마라33ba95ab,128.9686921000,35.2448953300
마라33ba95ba,128.9687328000,35.2471488500
마라33ba95bb,128.9687734000,35.2494023800
마라33ba96aa,128.9688141000,35.2516559000
마라33ba96ab,128.9688548000,35.2539094300
마라33ba96ba,128.9688954000,35.2561629500
마라33ba96bb,128.9689361000,35.2584164700
마라33ba97aa,128.9689768000,35.2606699900
마라33ba97ab,128.9690174000,35.2629235100
마라33ba97ba,128.9690581000,35.2651770300
마라33ba97bb,128.9690988000,35.2674305500
마라33ba98aa,128.9691395000,35.2696840600
마라33ba98ab,128.9691802000,35.2719375800
마라33ba98ba,128.9692209000,35.2741911000
마라33ba98bb,128.9692616000,35.2764446100
마라33ba99aa,128.9693023000,35.2786981200
마라33ba99ab,128.9693430000,35.2809516400
마라33ba99ba,128.9693837000,35.2832051500
마라33ba99bb,128.9694245000,35.2854586600
마라33bb93ab,128.9711135000,35.2268337400
마라33bb93ba,128.9711542000,35.2290872700
마라33bb93bb,128.9711949000,35.2313408000
마라33bb94aa,128.9712356000,35.2335943200
마라33bb94ab,128.9712763000,35.2358478500
마라33bb94ba,128.9713170000,35.2381013800
마라33bb94bb,128.9713577000,35.2403549000
마라33bb95aa,128.9713984000,35.2426084300
마라33bb95ab,128.9714391000,35.2448619500
마라33bb95ba,128.9714799000,35.2471154800
마라33bb95bb,128.9715206000,35.2493690000
마라33bb96aa,128.9715613000,35.2516225200
마라33bb96ab,128.9716020000,35.2538760400
마라33bb96ba,128.9716428000,35.2561295600
마라33bb96bb,128.9716835000,35.2583830800
마라33bb97aa,128.9717243000,35.2606366000
마라33bb97ab,128.9717650000,35.2628901100
마라33bb97ba,128.9718058000,35.2651436300
마라33bb97bb,128.9718466000,35.2673971500
마라33bb98aa,128.9718873000,35.2696506600
마라33bb98ab,128.9719281000,35.2719041700
마라33bb98ba,128.9719689000,35.2741576900
마라33bb98bb,128.9720096000,35.2764112000
마라33bb99aa,128.9720504000,35.2786647100
마라33bb99ab,128.9720912000,35.2809182200
마라33bb99ba,128.9721320000,35.2831717300
마라33bb99bb,128.9721728000,35.2854252400
마라34aa93ab,128.9738599000,35.2268003200
마라34aa93ba,128.9739007000,35.2290538500
마라34aa93bb,128.9739414000,35.2313073800
마라34aa94aa,128.9739822000,35.2335609000
마라34aa94ab,128.9740230000,35.2358144300
마라34aa94ba,128.9740637000,35.2380679500
마라34aa94bb,128.9741045000,35.2403214700
마라34aa95aa,128.9741453000,35.2425750000
마라34aa95ab,128.9741861000,35.2448285200
마라34aa95ba,128.9742269000,35.2470820400
마라34aa95bb,128.9742677000,35.2493355600
마라34aa96aa,128.9743085000,35.2515890800
마라34aa96ab,128.9743493000,35.2538425900
마라34aa96ba,128.9743901000,35.2560961100
마라34aa96bb,128.9744310000,35.2583496300
마라34aa97aa,128.9744718000,35.2606031400
마라34aa97ab,128.9745126000,35.2628566600
마라34aa97ba,128.9745534000,35.2651101700
마라34aa97bb,128.9745943000,35.2673636800
마라34aa98aa,128.9746351000,35.2696171900
마라34aa98ab,128.9746760000,35.2718707000
마라34aa98ba,128.9747168000,35.2741242100
마라34aa98bb,128.9747577000,35.2763777200
마라34aa99aa,128.9747985000,35.2786312300
마라34aa99ab,128.9748394000,35.2808847400
마라34aa99ba,128.9748803000,35.2831382400
마라34aa99bb,128.9749212000,35.2853917500
마라34ab93ab,128.9766063000,35.2267668500
마라34ab93ba,128.9766471000,35.2290203700
마라34ab93bb,128.9766879000,35.2312739000
마라34ab94aa,128.9767288000,35.2335274200
마라34ab94ab,128.9767696000,35.2357809400
마라34ab94ba,128.9768105000,35.2380344600
마라34ab94bb,128.9768513000,35.2402879800
마라34ab95aa,128.9768922000,35.2425415000
마라34ab95ab,128.9769331000,35.2447950200
마라34ab95ba,128.9769740000,35.2470485400
마라34ab95bb,128.9770148000,35.2493020500
마라34ab96aa,128.9770557000,35.2515555700
마라34ab96ab,128.9770966000,35.2538090800
마라34ab96ba,128.9771375000,35.2560626000
마라34ab96bb,128.9771784000,35.2583161100
마라34ab97aa,128.9772193000,35.2605696200
마라34ab97ab,128.9772602000,35.2628231400
마라34ab97ba,128.9773011000,35.2650766500
마라34ab97bb,128.9773420000,35.2673301600
마라34ab98aa,128.9773829000,35.2695836600
마라34ab98ab,128.9774239000,35.2718371700
마라34ab98ba,128.9774648000,35.2740906800
마라34ab98bb,128.9775057000,35.2763441900
마라34ab99aa,128.9775467000,35.2785976900
마라34ab99ab,128.9775876000,35.2808512000
마라34ab99ba,128.9776285000,35.2831047000
마라34ab99bb,128.9776695000,35.2853582000
마라34ba93ba,128.9793935000,35.2289868300
마라34ba93bb,128.9794344000,35.2312403500
마라34ba94aa,128.9794754000,35.2334938700
마라34ba94ab,128.9795163000,35.2357473900
마라34ba94ba,128.9795572000,35.2380009100
마라34ba94bb,128.9795982000,35.2402544300
마라34ba95aa,128.9796391000,35.2425079400
마라34ba95ab,128.9796800000,35.2447614600
마라34ba95ba,128.9797210000,35.2470149700
마라34ba95bb,128.9797619000,35.2492684900
마라34ba96aa,128.9798029000,35.2515220000
마라34ba96ab,128.9798439000,35.2537755100
마라34ba96ba,128.9798848000,35.2560290200
마라34ba96bb,128.9799258000,35.2582825300
마라34ba97aa,128.9799668000,35.2605360400
마라34ba97ab,128.9800078000,35.2627895500
마라34ba97ba,128.9800488000,35.2650430600
마라34ba97bb,128.9800897000,35.2672965700
마라34ba98aa,128.9801307000,35.2695500700
마라34ba98ab,128.9801717000,35.2718035800
마라34ba98ba,128.9802127000,35.2740570800
마라34ba98bb,128.9802538000,35.2763105900
마라34ba99aa,128.9802948000,35.2785640900
마라34ba99ab,128.9803358000,35.2808175900
마라34ba99ba,128.9803768000,35.2830710900
마라34ba99bb,128.9804178000,35.2853245900
마라34bb93ba,128.9821400000,35.2289532300
마라34bb93bb,128.9821810000,35.2312067500
마라34bb94aa,128.9822219000,35.2334602600
마라34bb94ab,128.9822630000,35.2357137800
마라34bb94ba,128.9823040000,35.2379672900
마라34bb94bb,128.9823450000,35.2402208100
마라34bb95aa,128.9823860000,35.2424743200
마라34bb95ab,128.9824270000,35.2447278400
마라34bb95ba,128.9824680000,35.2469813500
마라34bb95bb,128.9825091000,35.2492348600
마라34bb96aa,128.9825501000,35.2514883700
마라34bb96ab,128.9825911000,35.2537418800
마라34bb96ba,128.9826322000,35.2559953900
마라34bb96bb,128.9826732000,35.2582489000
마라34bb97aa,128.9827143000,35.2605024000
마라34bb97ab,128.9827553000,35.2627559100
마라34bb97ba,128.9827964000,35.2650094100
마라34bb97bb,128.9828375000,35.2672629200
마라34bb98aa,128.9828785000,35.2695164200
마라34bb98ab,128.9829196000,35.2717699200
마라34bb98ba,128.9829607000,35.2740234200
마라34bb98bb,128.9830018000,35.2762769200
마라34bb99aa,128.9830429000,35.2785304200
마라34bb99ab,128.9830840000,35.2807839200
마라34bb99ba,128.9831251000,35.2830374200
마라34bb99bb,128.9831662000,35.2852909200
마라35aa93ba,128.9848864000,35.2289195600
마라35aa93bb,128.9849275000,35.2311730800
마라35aa94aa,128.9849685000,35.2334265900
마라35aa94ab,128.9850096000,35.2356801100
마라35aa94ba,128.9850507000,35.2379336200
마라35aa94bb,128.9850918000,35.2401871300
마라35aa95aa,128.9851329000,35.2424406400
마라35aa95ab,128.9851740000,35.2446941500
마라35aa95ba,128.9852151000,35.2469476600
마라35aa95bb,128.9852562000,35.2492011700
마라35aa96aa,128.9852973000,35.2514546800
마라35aa96ab,128.9853384000,35.2537081800
마라35aa96ba,128.9853795000,35.2559616900
마라35aa96bb,128.9854206000,35.2582151900
마라35aa97aa,128.9854618000,35.2604687000
마라35aa97ab,128.9855029000,35.2627222000
마라35aa97ba,128.9855440000,35.2649757000
마라35aa97bb,128.9855852000,35.2672292000
마라35aa98aa,128.9856263000,35.2694827000
마라35aa98ab,128.9856675000,35.2717362000
마라35aa98ba,128.9857086000,35.2739897000
마라35aa98bb,128.9857498000,35.2762432000
마라35aa99aa,128.9857910000,35.2784967000
마라35aa99ab,128.9858321000,35.2807501900
마라35aa99ba,128.9858733000,35.2830036900
마라35aa99bb,128.9859145000,35.2852571800
마라35ab93bb,128.9876740000,35.2311393500
마라35ab94aa,128.9877151000,35.2333928600
마라35ab94ab,128.9877563000,35.2356463700
마라35ab94ba,128.9877974000,35.2378998800
마라35ab94bb,128.9878386000,35.2401533900
마라35ab95aa,128.9878797000,35.2424069000
마라35ab95ab,128.9879209000,35.2446604000
마라35ab95ba,128.9879621000,35.2469139100
마라35ab95bb,128.9880033000,35.2491674200
마라35ab96aa,128.9880445000,35.2514209200
마라35ab96ab,128.9880857000,35.2536744200
마라35ab96ba,128.9881269000,35.2559279300
마라35ab96bb,128.9881681000,35.2581814300
마라35ab97aa,128.9882093000,35.2604349300
마라35ab97ab,128.9882505000,35.2626884300
마라35ab97ba,128.9882917000,35.2649419300
마라35ab97bb,128.9883329000,35.2671954300
마라35ab98aa,128.9883741000,35.2694489300
마라35ab98ab,128.9884153000,35.2717024200
마라35ab98ba,128.9884566000,35.2739559200
마라35ab98bb,128.9884978000,35.2762094100
마라35ab99aa,128.9885391000,35.2784629100
마라35ab99ab,128.9885803000,35.2807164000
마라35ab99ba,128.9886216000,35.2829698900
마라35ab99bb,128.9886628000,35.2852233800
마라35ba93bb,128.9904204000,35.2311055500
마라35ba94aa,128.9904617000,35.2333590600
마라35ba94ab,128.9905029000,35.2356125700
마라35ba94ba,128.9905441000,35.2378660800
마라35ba94bb,128.9905854000,35.2401195800
마라35ba95aa,128.9906266000,35.2423730900
마라35ba95ab,128.9906679000,35.2446265900
마라35ba95ba,128.9907091000,35.2468801000
마라35ba95bb,128.9907504000,35.2491336000
마라35ba96aa,128.9907916000,35.2513871000
마라35ba96ab,128.9908329000,35.2536406000
마라35ba96ba,128.9908742000,35.2558941000
마라35ba96bb,128.9909155000,35.2581476000
마라35ba97aa,128.9909567000,35.2604011000
마라35ba97ab,128.9909980000,35.2626546000
마라35ba97ba,128.9910393000,35.2649080900
마라35ba97bb,128.9910806000,35.2671615900
마라35ba98aa,128.9911219000,35.2694150900
마라35ba98ab,128.9911632000,35.2716685800
마라35ba98ba,128.9912045000,35.2739220700
마라35ba98bb,128.9912458000,35.2761755600
마라35ba99aa,128.9912871000,35.2784290600
마라35ba99ab,128.9913285000,35.2806825500
마라35ba99ba,128.9913698000,35.2829360400
마라35ba99bb,128.9914111000,35.2851895200
마라35bb94aa,128.9932082000,35.2333252000
마라35bb94ab,128.9932495000,35.2355787100
마라35bb94ba,128.9932909000,35.2378322100
마라35bb94bb,128.9933322000,35.2400857200
마라35bb95aa,128.9933735000,35.2423392200
마라35bb95ab,128.9934148000,35.2445927200
마라35bb95ba,128.9934561000,35.2468462200
마라35bb95bb,128.9934975000,35.2490997200
마라35bb96aa,128.9935388000,35.2513532200
마라35bb96ab,128.9935802000,35.2536067200
마라35bb96ba,128.9936215000,35.2558602200
마라35bb96bb,128.9936629000,35.2581137100
마라35bb97aa,128.9937042000,35.2603672100
마라35bb97ab,128.9937456000,35.2626207000
마라35bb97ba,128.9937869000,35.2648742000
마라35bb97bb,128.9938283000,35.2671276900
마라35bb98aa,128.9938697000,35.2693811800
마라35bb98ab,128.9939111000,35.2716346700
마라35bb98ba,128.9939525000,35.2738881600
마라35bb98bb,128.9939938000,35.2761416500
마라35bb99aa,128.9940352000,35.2783951400
마라35bb99ab,128.9940766000,35.2806486300
마라35bb99ba,128.9941180000,35.2829021200
마라35bb99bb,128.9941594000,35.2851556000
마라36aa94aa,128.9959548000,35.2332912800
마라36aa94ab,128.9959962000,35.2355447900
마라36aa94ba,128.9960376000,35.2377982900
마라36aa94bb,128.9960790000,35.2400517900
마라36aa95aa,128.9961204000,35.2423052900
마라36aa95ab,128.9961618000,35.2445587900
마라36aa95ba,128.9962032000,35.2468122900
마라36aa95bb,128.9962446000,35.2490657800
마라36aa96aa,128.9962860000,35.2513192800
마라36aa96ab,128.9963274000,35.2535727700
마라36aa96ba,128.9963688000,35.2558262700
마라36aa96bb,128.9964103000,35.2580797600
마라36aa97aa,128.9964517000,35.2603332500
마라36aa97ab,128.9964931000,35.2625867500
마라36aa97ba,128.9965346000,35.2648402400
마라36aa97bb,128.9965760000,35.2670937300
마라36aa98aa,128.9966175000,35.2693472200
마라36aa98ab,128.9966589000,35.2716007000
마라36aa98ba,128.9967004000,35.2738541900
마라36aa98bb,128.9967418000,35.2761076800
마라36aa99aa,128.9967833000,35.2783611600
마라36aa99ab,128.9968248000,35.2806146500
마라36aa99ba,128.9968663000,35.2828681300
마라36aa99bb,128.9969078000,35.2851216200
마라36ab94ba,128.9987843000,35.2377643000
마라36ab94bb,128.9988257000,35.2400178000
마라36ab95aa,128.9988672000,35.2422712900
마라36ab95ab,128.9989087000,35.2445247900
마라36ab95ba,128.9989502000,35.2467782900
마라36ab95bb,128.9989917000,35.2490317800
마라36ab96aa,128.9990331000,35.2512852700
마라36ab96ab,128.9990746000,35.2535387700
마라36ab96ba,128.9991161000,35.2557922600
마라36ab96bb,128.9991576000,35.2580457500
마라36ab97aa,128.9991992000,35.2602992400
마라36ab97ab,128.9992407000,35.2625527300
마라36ab97ba,128.9992822000,35.2648062200
마라36ab97bb,128.9993237000,35.2670597000
마라36ab98aa,128.9993652000,35.2693131900
마라36ab98ab,128.9994068000,35.2715666700
마라36ab98ba,128.9994483000,35.2738201600
마라36ab98bb,128.9994898000,35.2760736400
마라36ab99aa,128.9995314000,35.2783271300
마라36ab99ab,128.9995729000,35.2805806100
마라36ab99ba,128.9996145000,35.2828340900
마라36ab99bb,128.9996561000,35.2850875700
마라36ba94bb,129.0015725000,35.2399837400
마라36ba95aa,129.0016141000,35.2422372400
마라36ba95ab,129.0016556000,35.2444907300
마라36ba95ba,129.0016972000,35.2467442200
마라36ba95bb,129.0017387000,35.2489977200
마라36ba96aa,129.0017803000,35.2512512100
마라36ba96ab,129.0018219000,35.2535047000
마라36ba96ba,129.0018635000,35.2557581800
마라36ba96bb,129.0019050000,35.2580116700
마라36ba97aa,129.0019466000,35.2602651600
마라36ba97ab,129.0019882000,35.2625186500
마라36ba97ba,129.0020298000,35.2647721300
마라36ba97bb,129.0020714000,35.2670256200
마라36ba98aa,129.0021130000,35.2692791000
마라36ba98ab,129.0021546000,35.2715325800
마라36ba98ba,129.0021962000,35.2737860600
마라36ba98bb,129.0022378000,35.2760395400
마라36ba99aa,129.0022795000,35.2782930200
마라36ba99ab,129.0023211000,35.2805465000
마라36ba99ba,129.0023627000,35.2827999800
마라36ba99bb,129.0024044000,35.2850534600
마라36bb95ba,129.0044442000,35.2467101000
마라36bb95bb,129.0044858000,35.2489635900
마라36bb96aa,129.0045275000,35.2512170800
마라36bb96ab,129.0045691000,35.2534705600
마라36bb96ba,129.0046108000,35.2557240500
마라36bb96bb,129.0046524000,35.2579775300
마라36bb97aa,129.0046941000,35.2602310200
마라36bb97ab,129.0047357000,35.2624845000
마라36bb97ba,129.0047774000,35.2647379800
마라36bb97bb,129.0048191000,35.2669914700
마라36bb98aa,129.0048608000,35.2692449500
마라36bb98ab,129.0049024000,35.2714984300
마라36bb98ba,129.0049441000,35.2737519000
마라36bb98bb,129.0049858000,35.2760053800
마라36bb99aa,129.0050275000,35.2782588600
마라36bb99ab,129.0050692000,35.2805123400
마라36bb99ba,129.0051109000,35.2827658100
마라36bb99bb,129.0051526000,35.2850192900
마라37aa96aa,129.0072746000,35.2511828800
마라37aa96ab,129.0073163000,35.2534363700
마라37aa96ba,129.0073581000,35.2556898500
마라37aa96bb,129.0073998000,35.2579433300
마라37aa97aa,129.0074415000,35.2601968100
마라37aa97ab,129.0074833000,35.2624502900
마라37aa97ba,129.0075250000,35.2647037700
마라37aa97bb,129.0075668000,35.2669572500
마라37aa98aa,129.0076085000,35.2692107300
마라37aa98ab,129.0076503000,35.2714642100
마라37aa98ba,129.0076920000,35.2737176800
마라37aa98bb,129.0077338000,35.2759711600
마라37aa99aa,129.0077756000,35.2782246300
마라37aa99ab,129.0078174000,35.2804781100
마라37aa99ba,129.0078591000,35.2827315800
마라37ab96bb,129.0101472000,35.2579090700
마라37ab97aa,129.0101890000,35.2601625500
마라37ab97ab,129.0102308000,35.2624160300
마라37ab97ba,129.0102726000,35.2646695000
마라37ab97bb,129.0103144000,35.2669229800
마라37ab98aa,129.0103563000,35.2691764500
마라37ab98ab,129.0103981000,35.2714299300
마라37ab98ba,129.0104399000,35.2736834000
마라37ab98bb,129.0104818000,35.2759368700
마라37ab99aa,129.0105236000,35.2781903500
마라37ab99ab,129.0105655000,35.2804438200
마라37ba97ab,129.0129783000,35.2623817000
마라37ba97ba,129.0130202000,35.2646351700
마라37ba97bb,129.0130621000,35.2668886400
마라37ba98aa,129.0131040000,35.2691421100
마라37ba98ab,129.0131459000,35.2713955900
마라37ba98ba,129.0131878000,35.2736490600
마라37ba98bb,129.0132298000,35.2759025300
마라37ba99aa,129.0132717000,35.2781559900
마라37bb98aa,129.0158518000,35.2691077100
마라37bb98ab,129.0158938000,35.2713611800
마마08ab01ba,128.6920507000,35.3042892000
마마08ab01bb,128.6920838000,35.3065429600
마마08ab02aa,128.6921168000,35.3087967100
마마08ba01ab,128.6947669000,35.3020083100
마마08ba01ba,128.6948000000,35.3042620700
마마08ba01bb,128.6948331000,35.3065158200
마마08ba02aa,128.6948663000,35.3087695700
마마08bb01aa,128.6974829000,35.2997273600
마마08bb01ab,128.6975161000,35.3019811200
마마08bb01ba,128.6975493000,35.3042348700
마마08bb01bb,128.6975825000,35.3064886200
마마08bb02aa,128.6976157000,35.3087423700
마마08bb02ab,128.6976489000,35.3109961300
마마09aa00bb,128.7001987000,35.2974463500
마마09aa01aa,128.7002320000,35.2997001100
마마09aa01ab,128.7002653000,35.3019538600
마마09aa01ba,128.7002986000,35.3042076100
마마09aa01bb,128.7003319000,35.3064613600
마마09aa02aa,128.7003652000,35.3087151100
마마09ab00aa,128.7028477000,35.2906577800
마마09ab00ab,128.7028811000,35.2929115400
마마09ab00ba,128.7029144000,35.2951652900
마마09ab00bb,128.7029478000,35.2974190400
마마09ab01aa,128.7029811000,35.2996727900
마마09ab01ab,128.7030145000,35.3019265400
마마09ab01ba,128.7030479000,35.3041802900
마마09ab01bb,128.7030812000,35.3064340400
마마09ab02aa,128.7031146000,35.3086877900
마마09ba00aa,128.7055966000,35.2906304100
마마09ba00ab,128.7056300000,35.2928841600
마마09ba00ba,128.7056634000,35.2951379100
마마09ba00bb,128.7056968000,35.2973916600
마마09ba01aa,128.7057303000,35.2996454100
마마09ba01ab,128.7057637000,35.3018991600
마마09ba01ba,128.7057971000,35.3041529100
마마09ba01bb,128.7058306000,35.3064066500
마마09ba02aa,128.7058640000,35.3086604000
마마09bb00aa,128.7083454000,35.2906029800
마마09bb00ab,128.7083789000,35.2928567300
마마09bb00ba,128.7084124000,35.2951104800
마마09bb00bb,128.7084459000,35.2973642200
마마09bb01aa,128.7084794000,35.2996179700
마마09bb01ab,128.7085129000,35.3018717200
마마09bb01ba,128.7085464000,35.3041254600
마마09bb01bb,128.7085799000,35.3063792000
마마09bb02aa,128.7086135000,35.3086329500
마마10aa00aa,128.7110942000,35.2905754800
마마10aa00ab,128.7111278000,35.2928292300
마마10aa00ba,128.7111613000,35.2950829800
마마10aa00bb,128.7111949000,35.2973367200
마마10aa01aa,128.7112285000,35.2995904700
마마10aa01ab,128.7112621000,35.3018442100
마마10aa01ba,128.7112957000,35.3040979500
마마10aa01bb,128.7113293000,35.3063516900
마마10aa02aa,128.7113629000,35.3086054300
마마10aa02ab,128.7113965000,35.3108591700
마마10aa02ba,128.7114301000,35.3131129100
마마10aa02bb,128.7114637000,35.3153666500
마마10aa03aa,128.7114973000,35.3176203900
마마10ab00aa,128.7138430000,35.2905479300
마마10ab00ab,128.7138767000,35.2928016700
마마10ab00ba,128.7139103000,35.2950554200
마마10ab00bb,128.7139440000,35.2973091600
마마10ab01aa,128.7139776000,35.2995629000
마마10ab01ab,128.7140113000,35.3018166400
마마10ab01ba,128.7140450000,35.3040703800
마마10ab01bb,128.7140786000,35.3063241200
마마10ab02aa,128.7141123000,35.3085778600
마마10ab02ab,128.7141460000,35.3108315900
마마10ab02ba,128.7141797000,35.3130853300
마마10ab02bb,128.7142134000,35.3153390700
마마10ab03aa,128.7142471000,35.3175928000
마마10ab03ab,128.7142808000,35.3198465400
마마10ab03ba,128.7143145000,35.3221002700
마마10ab03bb,128.7143482000,35.3243540000
마마10ba00aa,128.7165918000,35.2905203100
마마10ba00ab,128.7166255000,35.2927740500
마마10ba00ba,128.7166593000,35.2950277900
마마10ba00bb,128.7166930000,35.2972815300
마마10ba01aa,128.7167267000,35.2995352700
마마10ba01ab,128.7167605000,35.3017890100
마마10ba01ba,128.7167942000,35.3040427500
마마10ba01bb,128.7168280000,35.3062964800
마마10ba02aa,128.7168617000,35.3085502200
마마10ba02ab,128.7168955000,35.3108039500
마마10ba02ba,128.7169292000,35.3130576900
마마10ba02bb,128.7169630000,35.3153114200
마마10ba03aa,128.7169968000,35.3175651500
마마10ba03ab,128.7170306000,35.3198188900
마마10ba03ba,128.7170643000,35.3220726200
마마10ba03bb,128.7170981000,35.3243263500
마마10ba04aa,128.7171319000,35.3265800800
마마10bb00aa,128.7193406000,35.2904926300
마마10bb00ab,128.7193744000,35.2927463700
마마10bb00ba,128.7194082000,35.2950001000
마마10bb00bb,128.7194420000,35.2972538400
마마10bb01aa,128.7194759000,35.2995075800
마마10bb01ab,128.7195097000,35.3017613200
마마10bb01ba,128.7195435000,35.3040150500
마마10bb01bb,128.7195773000,35.3062687900
마마10bb02aa,128.7196111000,35.3085225200
마마10bb02ab,128.7196450000,35.3107762500
마마10bb02ba,128.7196788000,35.3130299800
마마10bb02bb,128.7197127000,35.3152837100
마마10bb03aa,128.7197465000,35.3175374400
마마10bb03ab,128.7197804000,35.3197911700
마마10bb03ba,128.7198142000,35.3220449000
마마10bb03bb,128.7198481000,35.3242986300
마마10bb04aa,128.7198819000,35.3265523600
마마11aa00aa,128.7220894000,35.2904648800
마마11aa00ab,128.7221233000,35.2927186200
마마11aa00ba,128.7221572000,35.2949723500
마마11aa00bb,128.7221911000,35.2972260900
마마11aa01aa,128.7222250000,35.2994798200
마마11aa01ab,128.7222589000,35.3017335600
마마11aa01ba,128.7222928000,35.3039872900
마마11aa01bb,128.7223267000,35.3062410200
마마11aa02aa,128.7223606000,35.3084947600
마마11aa02ab,128.7223945000,35.3107484900
마마11aa02ba,128.7224284000,35.3130022200
마마11aa02bb,128.7224623000,35.3152559400
마마11aa03aa,128.7224962000,35.3175096700
마마11aa03ab,128.7225301000,35.3197634000
마마11aa03ba,128.7225641000,35.3220171300
마마11ab00aa,128.7248382000,35.2904370700
마마11ab00ab,128.7248722000,35.2926908100
마마11ab00ba,128.7249061000,35.2949445400
마마11ab00bb,128.7249401000,35.2971982800
마마11ab01aa,128.7249741000,35.2994520100
마마11ab01ab,128.7250080000,35.3017057400
마마11ab01ba,128.7250420000,35.3039594700
마마11ab01bb,128.7250760000,35.3062132000
마마11ab02aa,128.7251100000,35.3084669300
마마11ab02ab,128.7251440000,35.3107206600
마마11ab02ba,128.7251779000,35.3129743900
마마11ab02bb,128.7252119000,35.3152281100
마마11ab03aa,128.7252459000,35.3174818400
마마11ab03ab,128.7252799000,35.3197355600
마마11ba00aa,128.7275870000,35.2904092000
마마11ba00ab,128.7276210000,35.2926629400
마마11ba00ba,128.7276551000,35.2949166700
마마11ba00bb,128.7276891000,35.2971704000
마마11ba01aa,128.7277232000,35.2994241300
마마11ba01ab,128.7277572000,35.3016778600
마마11ba01ba,128.7277913000,35.3039315900
마마11ba01bb,128.7278253000,35.3061853200
마마11ba02aa,128.7278594000,35.3084390400
마마11ba02ab,128.7278934000,35.3106927700
마마11ba02ba,128.7279275000,35.3129464900
마마11ba02bb,128.7279616000,35.3152002200
마마11ba03aa,128.7279956000,35.3174539400
마마11ba03ab,128.7280297000,35.3197076600
마마11bb00aa,128.7303358000,35.2903812700
마마11bb00ab,128.7303699000,35.2926350000
마마11bb00ba,128.7304040000,35.2948887300
마마11bb00bb,128.7304381000,35.2971424600
마마11bb01aa,128.7304723000,35.2993961900
마마11bb01ab,128.7305064000,35.3016499200
마마11bb01ba,128.7305405000,35.3039036400
마마11bb01bb,128.7305746000,35.3061573700
마마11bb02aa,128.7306088000,35.3084110900
마마11bb02ab,128.7306429000,35.3106648100
마마11bb02ba,128.7306771000,35.3129185400
마마11bb02bb,128.7307112000,35.3151722600
마마11bb03aa,128.7307453000,35.3174259800
마마12aa00aa,128.7330846000,35.2903532800
마마12aa00ab,128.7331188000,35.2926070100
마마12aa00ba,128.7331530000,35.2948607300
마마12aa00bb,128.7331872000,35.2971144600
마마12aa01aa,128.7332213000,35.2993681800
마마12aa01ab,128.7332555000,35.3016219100
마마12aa01ba,128.7332898000,35.3038756300
마마12aa01bb,128.7333240000,35.3061293600
마마12aa02aa,128.7333582000,35.3083830800
마마12aa02ab,128.7333924000,35.3106368000
마마12aa02ba,128.7334266000,35.3128905200
마마12aa02bb,128.7334608000,35.3151442400
마마12aa03aa,128.7334950000,35.3173979600
마마12ab00aa,128.7358334000,35.2903252200
마마12ab00ab,128.7358676000,35.2925789500
마마12ab00ba,128.7359019000,35.2948326700
마마12ab00bb,128.7359362000,35.2970864000
마마12ab01aa,128.7359704000,35.2993401200
마마12ab01ab,128.7360047000,35.3015938400
마마12ab01ba,128.7360390000,35.3038475600
마마12ab01bb,128.7360733000,35.3061012800
마마12ab02aa,128.7361076000,35.3083550000
마마12ab02ab,128.7361419000,35.3106087200
마마12ab02ba,128.7361761000,35.3128624400
마마12ab02bb,128.7362104000,35.3151161600
마마12ab03aa,128.7362447000,35.3173698700
마마12ba00aa,128.7385822000,35.2902971000
마마12ba00ab,128.7386165000,35.2925508200
마마12ba00ba,128.7386508000,35.2948045500
마마12ba00bb,128.7386852000,35.2970582700
마마12ba01aa,128.7387195000,35.2993119900
마마12ba01ab,128.7387539000,35.3015657100
마마12ba01ba,128.7387882000,35.3038194300
마마12ba01bb,128.7388226000,35.3060731500
마마12ba02aa,128.7388569000,35.3083268600
마마12ba02ab,128.7388913000,35.3105805800
마마12ba02ba,128.7389257000,35.3128343000
마마12ba02bb,128.7389601000,35.3150880100
마마12ba03aa,128.7389944000,35.3173417300
마마12bb00aa,128.7413309000,35.2902689200
마마12bb00ab,128.7413653000,35.2925226400
마마12bb00ba,128.7413998000,35.2947763600
마마12bb00bb,128.7414342000,35.2970300800
마마12bb01aa,128.7414686000,35.2992838000
마마12bb01ab,128.7415030000,35.3015375200
마마12bb01ba,128.7415375000,35.3037912300
마마12bb01bb,128.7415719000,35.3060449500
마마12bb02aa,128.7416063000,35.3082986600
마마12bb02ab,128.7416408000,35.3105523800
마마12bb02ba,128.7416752000,35.3128060900
마마12bb02bb,128.7417097000,35.3150598000
마마12bb03aa,128.7417441000,35.3173135200
마마12bb03ab,128.7417786000,35.3195672300
마마12bb03ba,128.7418130000,35.3218209400
마마12bb03bb,128.7418475000,35.3240746400
마마12bb04aa,128.7418820000,35.3263283500
마마12bb04ab,128.7419165000,35.3285820600
마마12bb04ba,128.7419509000,35.3308357700
마마13aa00aa,128.7440797000,35.2902406700
마마13aa00ab,128.7441142000,35.2924943900
마마13aa00ba,128.7441487000,35.2947481100
마마13aa00bb,128.7441832000,35.2970018300
마마13aa01aa,128.7442177000,35.2992555400
마마13aa01ab,128.7442522000,35.3015092600
마마13aa01ba,128.7442867000,35.3037629700
마마13aa01bb,128.7443212000,35.3060166900
마마13aa02aa,128.7443557000,35.3082704000
마마13aa02ab,128.7443902000,35.3105241100
마마13aa02ba,128.7444248000,35.3127778200
마마13aa02bb,128.7444593000,35.3150315300
마마13aa03aa,128.7444938000,35.3172852400
마마13aa03ab,128.7445283000,35.3195389500
마마13aa03ba,128.7445629000,35.3217926600
마마13aa03bb,128.7445974000,35.3240463700
마마13aa04aa,128.7446320000,35.3263000700
마마13aa04ab,128.7446665000,35.3285537800
마마13aa04ba,128.7447011000,35.3308074800
마마13aa04bb,128.7447356000,35.3330611800
마마13ab00aa,128.7468285000,35.2902123700
마마13ab00ab,128.7468630000,35.2924660800
마마13ab00ba,128.7468976000,35.2947198000
마마13ab00bb,128.7469322000,35.2969735100
마마13ab01aa,128.7469668000,35.2992272300
마마13ab01ab,128.7470013000,35.3014809400
마마13ab01ba,128.7470359000,35.3037346500
마마13ab01bb,128.7470705000,35.3059883600
마마13ab02aa,128.7471051000,35.3082420800
마마13ab02ab,128.7471397000,35.3104957800
마마13ab02ba,128.7471743000,35.3127494900
마마13ab02bb,128.7472089000,35.3150032000
마마13ab03aa,128.7472435000,35.3172569100
마마13ab03ab,128.7472781000,35.3195106100
마마13ab03ba,128.7473127000,35.3217643200
마마13ab03bb,128.7473473000,35.3240180200
마마13ab04aa,128.7473820000,35.3262717300
마마13ab04ab,128.7474166000,35.3285254300
마마13ab04ba,128.7474512000,35.3307791300
마마13ab04bb,128.7474859000,35.3330328300
마마13ba00aa,128.7495772000,35.2901840000
마마13ba00ab,128.7496119000,35.2924377100
마마13ba00ba,128.7496465000,35.2946914300
마마13ba00bb,128.7496812000,35.2969451400
마마13ba01aa,128.7497158000,35.2991988500
마마13ba01ab,128.7497505000,35.3014525600
마마13ba01ba,128.7497851000,35.3037062700
마마13ba01bb,128.7498198000,35.3059599800
마마13ba02aa,128.7498545000,35.3082136900
마마13ba02ab,128.7498891000,35.3104673900
마마13ba02ba,128.7499238000,35.3127211000
마마13ba02bb,128.7499585000,35.3149748100
마마13ba03aa,128.7499932000,35.3172285100
마마13ba03ab,128.7500279000,35.3194822100
마마13ba03ba,128.7500626000,35.3217359200
마마13ba03bb,128.7500972000,35.3239896200
마마13ba04aa,128.7501319000,35.3262433200
마마13ba04ab,128.7501666000,35.3284970200
마마13ba04ba,128.7502014000,35.3307507200
마마13ba04bb,128.7502361000,35.3330044200
마마13ba05aa,128.7502708000,35.3352581200
마마13ba05ab,128.7503055000,35.3375118100
마마13ba05ba,128.7503402000,35.3397655100
마마13bb00aa,128.7523260000,35.2901555700
마마13bb00ab,128.7523607000,35.2924092800
마마13bb00ba,128.7523954000,35.2946629900
마마13bb00bb,128.7524302000,35.2969167000
마마13bb01aa,128.7524649000,35.2991704100
마마13bb01ab,128.7524996000,35.3014241200
마마13bb01ba,128.7525344000,35.3036778200
마마13bb01bb,128.7525691000,35.3059315300
마마13bb02aa,128.7526038000,35.3081852400
마마13bb02ab,128.7526386000,35.3104389400
마마13bb02ba,128.7526733000,35.3126926500
마마13bb02bb,128.7527081000,35.3149463500
마마13bb03aa,128.7527429000,35.3172000500
마마13bb03ab,128.7527776000,35.3194537500
마마13bb03ba,128.7528124000,35.3217074500
마마13bb03bb,128.7528472000,35.3239611500
마마13bb04aa,128.7528819000,35.3262148500
마마13bb04ab,128.7529167000,35.3284685500
마마13bb04ba,128.7529515000,35.3307222500
마마13bb04bb,128.7529863000,35.3329759400
마마13bb05aa,128.7530211000,35.3352296400
마마13bb05ab,128.7530559000,35.3374833300
마마13bb05ba,128.7530907000,35.3397370200
마마14aa00aa,128.7550748000,35.2901270700
마마14aa00ab,128.7551095000,35.2923807800
마마14aa00ba,128.7551443000,35.2946344900
마마14aa00bb,128.7551791000,35.2968882000
마마14aa01aa,128.7552139000,35.2991419100
마마14aa01ab,128.7552488000,35.3013956100
마마14aa01ba,128.7552836000,35.3036493200
마마14aa01bb,128.7553184000,35.3059030200
마마14aa02aa,128.7553532000,35.3081567200
마마14aa02ab,128.7553880000,35.3104104300
마마14aa02ba,128.7554229000,35.3126641300
마마14aa02bb,128.7554577000,35.3149178300
마마14aa03aa,128.7554925000,35.3171715300
마마14aa03ab,128.7555274000,35.3194252300
마마14aa03ba,128.7555622000,35.3216789300
마마14aa03bb,128.7555971000,35.3239326200
마마14aa04aa,128.7556319000,35.3261863200
마마14aa04ab,128.7556668000,35.3284400100
마마14aa04ba,128.7557016000,35.3306937100
마마14aa04bb,128.7557365000,35.3329474000
마마14aa05aa,128.7557713000,35.3352011000
마마14aa05ab,128.7558062000,35.3374547900
마마14ab00aa,128.7578235000,35.2900985200
마마14ab00ab,128.7578584000,35.2923522200
마마14ab00ba,128.7578932000,35.2946059300
마마14ab00bb,128.7579281000,35.2968596300
마마14ab01aa,128.7579630000,35.2991133400
마마14ab01ab,128.7579979000,35.3013670400
마마14ab01ba,128.7580328000,35.3036207500
마마14ab01bb,128.7580677000,35.3058744500
마마14ab02aa,128.7581026000,35.3081281500
마마14ab02ab,128.7581375000,35.3103818500
마마14ab02ba,128.7581724000,35.3126355500
마마14ab02bb,128.7582073000,35.3148892500
마마14ab03aa,128.7582422000,35.3171429400
마마14ab03ab,128.7582771000,35.3193966400
마마14ab03ba,128.7583120000,35.3216503400
마마14ab03bb,128.7583469000,35.3239040300
마마14ab04aa,128.7583819000,35.3261577200
마마14ab04ab,128.7584168000,35.3284114200
마마14ab04ba,128.7584517000,35.3306651100
마마14ab04bb,128.7584867000,35.3329188000
마마14ab05aa,128.7585216000,35.3351724900
마마14ab05ab,128.7585566000,35.3374261800
마마14ab05ba,128.7585915000,35.3396798700
마마14ab05bb,128.7586265000,35.3419335600
마마14ba00aa,128.7605723000,35.2900699000
마마14ba00ab,128.7606072000,35.2923236000
마마14ba00ba,128.7606421000,35.2945773100
마마14ba00bb,128.7606771000,35.2968310100
마마14ba01aa,128.7607121000,35.2990847100
마마14ba01ab,128.7607470000,35.3013384100
마마14ba01ba,128.7607820000,35.3035921100
마마14ba01bb,128.7608170000,35.3058458100
마마14ba02aa,128.7608519000,35.3080995100
마마14ba02ab,128.7608869000,35.3103532100
마마14ba02ba,128.7609219000,35.3126069000
마마14ba02bb,128.7609569000,35.3148606000
마마14ba03aa,128.7609919000,35.3171143000
마마14ba03ab,128.7610268000,35.3193679900
마마14ba03ba,128.7610618000,35.3216216800
마마14ba03bb,128.7610968000,35.3238753800
마마14ba04aa,128.7611318000,35.3261290700
마마14ba04ab,128.7611669000,35.3283827600
마마14ba04ba,128.7612019000,35.3306364500
마마14ba04bb,128.7612369000,35.3328901400
마마14ba05aa,128.7612719000,35.3351438300
마마14ba05ab,128.7613069000,35.3373975100
마마14ba05ba,128.7613419000,35.3396512000
마마14ba05bb,128.7613770000,35.3419048800
마마14ba06aa,128.7614120000,35.3441585700
마마14bb00aa,128.7633210000,35.2900412200
마마14bb00ab,128.7633560000,35.2922949200
마마14bb00ba,128.7633910000,35.2945486200
마마14bb00bb,128.7634261000,35.2968023200
마마14bb01aa,128.7634611000,35.2990560200
마마14bb01ab,128.7634961000,35.3013097200
마마14bb01ba,128.7635312000,35.3035634200
마마14bb01bb,128.7635662000,35.3058171100
마마14bb02aa,128.7636013000,35.3080708100
마마14bb02ab,128.7636363000,35.3103245100
마마14bb02ba,128.7636714000,35.3125782000
마마14bb02bb,128.7637064000,35.3148318900
마마14bb03aa,128.7637415000,35.3170855900
마마14bb03ab,128.7637766000,35.3193392800
마마14bb03ba,128.7638117000,35.3215929700
마마14bb03bb,128.7638467000,35.3238466600
마마14bb04aa,128.7638818000,35.3261003500
마마14bb04ab,128.7639169000,35.3283540400
마마14bb04ba,128.7639520000,35.3306077200
마마14bb04bb,128.7639871000,35.3328614100
마마14bb05aa,128.7640222000,35.3351151000
마마14bb05ab,128.7640573000,35.3373687800
마마14bb05ba,128.7640924000,35.3396224600
마마14bb05bb,128.7641275000,35.3418761500
마마14bb06aa,128.7641626000,35.3441298300
마마14bb06ab,128.7641977000,35.3463835100
마마15aa00aa,128.7660697000,35.2900124700
마마15aa00ab,128.7661048000,35.2922661700
마마15aa00ba,128.7661399000,35.2945198700
마마15aa00bb,128.7661750000,35.2967735700
마마15aa01aa,128.7662102000,35.2990272700
마마15aa01ab,128.7662453000,35.3012809600
마마15aa01ba,128.7662804000,35.3035346600
마마15aa01bb,128.7663155000,35.3057883500
마마15aa02aa,128.7663506000,35.3080420500
마마15aa02ab,128.7663858000,35.3102957400
마마15aa02ba,128.7664209000,35.3125494300
마마15aa02bb,128.7664560000,35.3148031200
마마15aa03aa,128.7664912000,35.3170568100
마마15aa03ab,128.7665263000,35.3193105000
마마15aa03ba,128.7665615000,35.3215641900
마마15aa03bb,128.7665966000,35.3238178800
마마15aa04aa,128.7666318000,35.3260715700
마마15aa04ab,128.7666669000,35.3283252500
마마15aa04ba,128.7667021000,35.3305789400
마마15aa04bb,128.7667373000,35.3328326200
마마15aa05aa,128.7667724000,35.3350863000
마마15aa05ab,128.7668076000,35.3373399900
마마15aa05ba,128.7668428000,35.3395936700
마마15aa05bb,128.7668780000,35.3418473500
마마15aa06aa,128.7669132000,35.3441010300
마마15aa06ab,128.7669483000,35.3463547100
마마15ab00aa,128.7688185000,35.2899836700
마마15ab00ab,128.7688536000,35.2922373600
마마15ab00ba,128.7688888000,35.2944910600
마마15ab00bb,128.7689240000,35.2967447600
마마15ab01aa,128.7689592000,35.2989984500
마마15ab01ab,128.7689944000,35.3012521400
마마15ab01ba,128.7690296000,35.3035058400
마마15ab01bb,128.7690648000,35.3057595300
마마15ab02aa,128.7691000000,35.3080132200
마마15ab02ab,128.7691352000,35.3102669100
마마15ab02ba,128.7691704000,35.3125206000
마마15ab02bb,128.7692056000,35.3147742900
마마15ab03aa,128.7692408000,35.3170279800
마마15ab03ab,128.7692760000,35.3192816700
마마15ab03ba,128.7693113000,35.3215353500
마마15ab03bb,128.7693465000,35.3237890400
마마15ab04aa,128.7693817000,35.3260427200
마마15ab04ab,128.7694170000,35.3282964100
마마15ab04ba,128.7694522000,35.3305500900
마마15ab04bb,128.7694874000,35.3328037700
마마15ab05aa,128.7695227000,35.3350574500
마마15ab05ab,128.7695579000,35.3373111300
마마15ab05ba,128.7695932000,35.3395648100
마마15ab05bb,128.7696285000,35.3418184900
마마15ab06aa,128.7696637000,35.3440721700
마마15ab06ab,128.7696990000,35.3463258400
마마15ba00aa,128.7715672000,35.2899548000
마마15ba00ab,128.7716025000,35.2922084900
마마15ba00ba,128.7716377000,35.2944621900
마마15ba00bb,128.7716730000,35.2967158800
마마15ba01aa,128.7717082000,35.2989695700
마마15ba01ab,128.7717435000,35.3012232600
마마15ba01ba,128.7717788000,35.3034769500
마마15ba01bb,128.7718140000,35.3057306400
마마15ba02aa,128.7718493000,35.3079843300
마마15ba02ab,128.7718846000,35.3102380200
마마15ba02ba,128.7719199000,35.3124917100
마마15ba02bb,128.7719552000,35.3147454000
마마15ba03aa,128.7719905000,35.3169990800
마마15ba03ab,128.7720258000,35.3192527700
마마15ba03ba,128.7720611000,35.3215064500
마마15ba03bb,128.7720964000,35.3237601300
마마15ba04aa,128.7721317000,35.3260138100
마마15ba04ab,128.7721670000,35.3282675000
마마15ba04ba,128.7722023000,35.3305211800
마마15ba04bb,128.7722376000,35.3327748600
마마15ba05aa,128.7722730000,35.3350285300
마마15ba05ab,128.7723083000,35.3372822100
마마15ba05ba,128.7723436000,35.3395358900
마마15ba05bb,128.7723789000,35.3417895600
마마15ba06aa,128.7724143000,35.3440432400
마마15ba06ab,128.7724496000,35.3462969100
마마15bb00aa,128.7743159000,35.2899258700
마마15bb00ab,128.7743513000,35.2921795600
마마15bb00ba,128.7743866000,35.2944332500
마마15bb00bb,128.7744219000,35.2966869400
마마15bb01aa,128.7744573000,35.2989406300
마마15bb01ab,128.7744926000,35.3011943200
마마15bb01ba,128.7745280000,35.3034480100
마마15bb01bb,128.7745633000,35.3057017000
마마15bb02aa,128.7745987000,35.3079553800
마마15bb02ab,128.7746340000,35.3102090700
마마15bb02ba,128.7746694000,35.3124627500
마마15bb02bb,128.7747047000,35.3147164400
마마15bb03aa,128.7747401000,35.3169701200
마마15bb03ab,128.7747755000,35.3192238000
마마15bb03ba,128.7748109000,35.3214774800
마마15bb03bb,128.7748462000,35.3237311700
마마15bb04aa,128.7748816000,35.3259848400
마마15bb04ab,128.7749170000,35.3282385200
마마15bb04ba,128.7749524000,35.3304922000
마마15bb04bb,128.7749878000,35.3327458800
마마15bb05aa,128.7750232000,35.3349995500
마마15bb05ab,128.7750586000,35.3372532300
마마15bb05ba,128.7750940000,35.3395069000
마마15bb05bb,128.7751294000,35.3417605800
마마15bb06aa,128.7751648000,35.3440142500
마마15bb06ab,128.7752003000,35.3462679200
마마16aa00aa,128.7770647000,35.2898968700
마마16aa00ab,128.7771001000,35.2921505600
마마16aa00ba,128.7771355000,35.2944042500
마마16aa00bb,128.7771709000,35.2966579400
마마16aa01aa,128.7772063000,35.2989116300
마마16aa01ab,128.7772417000,35.3011653200
마마16aa01ba,128.7772771000,35.3034190000
마마16aa01bb,128.7773126000,35.3056726900
마마16aa02aa,128.7773480000,35.3079263700
마마16aa02ab,128.7773834000,35.3101800500
마마16aa02ba,128.7774189000,35.3124337400
마마16aa02bb,128.7774543000,35.3146874200
마마16aa03aa,128.7774897000,35.3169411000
마마16aa03ab,128.7775252000,35.3191947800
마마16aa03ba,128.7775607000,35.3214484600
마마16aa03bb,128.7775961000,35.3237021400
마마16aa04aa,128.7776316000,35.3259558100
마마16aa04ab,128.7776670000,35.3282094900
마마16aa04ba,128.7777025000,35.3304631600
마마16aa04bb,128.7777380000,35.3327168400
마마16aa05aa,128.7777735000,35.3349705100
마마16aa05ab,128.7778089000,35.3372241900
마마16aa05ba,128.7778444000,35.3394778600
마마16aa05bb,128.7778799000,35.3417315300
마마16aa06aa,128.7779154000,35.3439852000
마마16aa06ab,128.7779509000,35.3462388700
마마16aa06ba,128.7779864000,35.3484925400
마마16ab00aa,128.7798134000,35.2898678200
마마16ab00ab,128.7798489000,35.2921215000
마마16ab00ba,128.7798843000,35.2943751900
마마16ab00bb,128.7799198000,35.2966288800
마마16ab01aa,128.7799553000,35.2988825600
마마16ab01ab,128.7799908000,35.3011362500
마마16ab01ba,128.7800263000,35.3033899300
마마16ab01bb,128.7800618000,35.3056436100
마마16ab02aa,128.7800973000,35.3078973000
마마16ab02ab,128.7801328000,35.3101509800
마마16ab02ba,128.7801683000,35.3124046600
마마16ab02bb,128.7802039000,35.3146583400
마마16ab03aa,128.7802394000,35.3169120100
마마16ab03ab,128.7802749000,35.3191656900
마마16ab03ba,128.7803104000,35.3214193700
마마16ab03bb,128.7803460000,35.3236730400
마마16ab04aa,128.7803815000,35.3259267200
마마16ab04ab,128.7804171000,35.3281803900
마마16ab04ba,128.7804526000,35.3304340700
마마16ab04bb,128.7804881000,35.3326877400
마마16ab05aa,128.7805237000,35.3349414100
마마16ab05ab,128.7805593000,35.3371950800
마마16ab05ba,128.7805948000,35.3394487500
마마16ab05bb,128.7806304000,35.3417024200
마마16ab06aa,128.7806660000,35.3439560900
마마16ab06ab,128.7807015000,35.3462097500
마마16ab06ba,128.7807371000,35.3484634200
마마16ba00aa,128.7825621000,35.2898387000
마마16ba00ab,128.7825977000,35.2920923800
마마16ba00ba,128.7826332000,35.2943460700
마마16ba00bb,128.7826688000,35.2965997500
마마16ba01aa,128.7827043000,35.2988534300
마마16ba01ab,128.7827399000,35.3011071200
마마16ba01ba,128.7827755000,35.3033608000
마마16ba01bb,128.7828111000,35.3056144800
마마16ba02aa,128.7828466000,35.3078681600
마마16ba02ab,128.7828822000,35.3101218400
마마16ba02ba,128.7829178000,35.3123755100
마마16ba02bb,128.7829534000,35.3146291900
마마16ba03aa,128.7829890000,35.3168828700
마마16ba03ab,128.7830246000,35.3191365400
마마16ba03ba,128.7830602000,35.3213902200
마마16ba03bb,128.7830958000,35.3236438900
마마16ba04aa,128.7831314000,35.3258975600
마마16ba04ab,128.7831671000,35.3281512300
마마16ba04ba,128.7832027000,35.3304049000
마마16ba04bb,128.7832383000,35.3326585700
마마16ba05aa,128.7832739000,35.3349122400
마마16ba05ab,128.7833096000,35.3371659100
마마16ba05ba,128.7833452000,35.3394195800
마마16ba05bb,128.7833809000,35.3416732400
마마16ba06aa,128.7834165000,35.3439269100
마마16ba06ab,128.7834521000,35.3461805700
마마16ba06ba,128.7834878000,35.3484342400
마마16ba06bb,128.7835235000,35.3506879000
마마16bb00aa,128.7853108000,35.2898095200
마마16bb00ab,128.7853464000,35.2920632000
마마16bb00ba,128.7853821000,35.2943168800
마마16bb00bb,128.7854177000,35.2965705600
마마16bb01aa,128.7854534000,35.2988242400
마마16bb01ab,128.7854890000,35.3010779200
마마16bb01ba,128.7855247000,35.3033316000
마마16bb01bb,128.7855603000,35.3055852800
마마16bb02aa,128.7855960000,35.3078389600
마마16bb02ab,128.7856316000,35.3100926300
마마16bb02ba,128.7856673000,35.3123463100
마마16bb02bb,128.7857030000,35.3145999800
마마16bb03aa,128.7857386000,35.3168536600
마마16bb03ab,128.7857743000,35.3191073300
마마16bb03ba,128.7858100000,35.3213610000
마마16bb03bb,128.7858457000,35.3236146700
마마16bb04aa,128.7858814000,35.3258683400
마마16bb04ab,128.7859171000,35.3281220100
마마16bb04ba,128.7859528000,35.3303756800
마마16bb04bb,128.7859885000,35.3326293500
마마16bb05aa,128.7860242000,35.3348830100
마마16bb05ab,128.7860599000,35.3371366800
마마16bb05ba,128.7860956000,35.3393903400
마마16bb05bb,128.7861313000,35.3416440100
마마16bb06aa,128.7861670000,35.3438976700
마마16bb06ab,128.7862028000,35.3461513300
마마16bb06ba,128.7862385000,35.3484049900
마마16bb06bb,128.7862742000,35.3506586500
마마16bb07aa,128.7863100000,35.3529123100
마마17aa00aa,128.7880595000,35.2897802700
마마17aa00ab,128.7880952000,35.2920339500
마마17aa00ba,128.7881309000,35.2942876300
마마17aa00bb,128.7881667000,35.2965413100
마마17aa01aa,128.7882024000,35.2987949900
마마17aa01ab,128.7882381000,35.3010486700
마마17aa01ba,128.7882738000,35.3033023400
마마17aa01bb,128.7883096000,35.3055560200
마마17aa02aa,128.7883453000,35.3078096900
마마17aa02ab,128.7883810000,35.3100633700
마마17aa02ba,128.7884168000,35.3123170400
마마17aa02bb,128.7884525000,35.3145707100
마마17aa03aa,128.7884883000,35.3168243800
마마17aa03ab,128.7885240000,35.3190780500
마마17aa03ba,128.7885598000,35.3213317200
마마17aa03bb,128.7885955000,35.3235853900
마마17aa04aa,128.7886313000,35.3258390600
마마17aa04ab,128.7886671000,35.3280927300
마마17aa04ba,128.7887029000,35.3303463900
마마17aa04bb,128.7887386000,35.3326000600
마마17aa05aa,128.7887744000,35.3348537200
마마17aa05ab,128.7888102000,35.3371073800
마마17aa05ba,128.7888460000,35.3393610500
마마17aa05bb,128.7888818000,35.3416147100
마마17aa06aa,128.7889176000,35.3438683700
마마17aa06ab,128.7889534000,35.3461220300
마마17aa06ba,128.7889892000,35.3483756900
마마17aa06bb,128.7890250000,35.3506293400
마마17aa07aa,128.7890608000,35.3528830000
마마17aa07ab,128.7890966000,35.3551366600
마마17ab00aa,128.7908082000,35.2897509700
마마17ab00ab,128.7908440000,35.2920046500
마마17ab00ba,128.7908798000,35.2942583200
마마17ab00bb,128.7909156000,35.2965120000
마마17ab01aa,128.7909514000,35.2987656800
마마17ab01ab,128.7909872000,35.3010193500
마마17ab01ba,128.7910230000,35.3032730200
마마17ab01bb,128.7910588000,35.3055267000
마마17ab02aa,128.7910946000,35.3077803700
마마17ab02ab,128.7911304000,35.3100340400
마마17ab02ba,128.7911662000,35.3122877100
마마17ab02bb,128.7912021000,35.3145413800
마마17ab03aa,128.7912379000,35.3167950500
마마17ab03ab,128.7912737000,35.3190487200
마마17ab03ba,128.7913096000,35.3213023800
마마17ab03bb,128.7913454000,35.3235560500
마마17ab04aa,128.7913812000,35.3258097100
마마17ab04ab,128.7914171000,35.3280633800
마마17ab04ba,128.7914529000,35.3303170400
마마17ab04bb,128.7914888000,35.3325707000
마마17ab05aa,128.7915246000,35.3348243700
마마17ab05ab,128.7915605000,35.3370780300
마마17ab05ba,128.7915964000,35.3393316900
마마17ab05bb,128.7916322000,35.3415853500
마마17ab06aa,128.7916681000,35.3438390000
마마17ab06ab,128.7917040000,35.3460926600
마마17ab06ba,128.7917399000,35.3483463200
마마17ab06bb,128.7917758000,35.3505999700
마마17ab07aa,128.7918117000,35.3528536300
마마17ab07ab,128.7918476000,35.3551072800
마마17ab07ba,128.7918834000,35.3573609300
마마17ab07bb,128.7919194000,35.3596145900
마마17ba00aa,128.7935569000,35.2897216000
마마17ba00ab,128.7935928000,35.2919752800
마마17ba00ba,128.7936287000,35.2942289500
마마17ba00bb,128.7936645000,35.2964826200
마마17ba01aa,128.7937004000,35.2987363000
마마17ba01ab,128.7937363000,35.3009899700
마마17ba01ba,128.7937721000,35.3032436400
마마17ba01bb,128.7938080000,35.3054973100
마마17ba02aa,128.7938439000,35.3077509800
마마17ba02ab,128.7938798000,35.3100046500
마마17ba02ba,128.7939157000,35.3122583200
마마17ba02bb,128.7939516000,35.3145119800
마마17ba03aa,128.7939875000,35.3167656500
마마17ba03ab,128.7940234000,35.3190193200
마마17ba03ba,128.7940593000,35.3212729800
마마17ba03bb,128.7940952000,35.3235266400
마마17ba04aa,128.7941312000,35.3257803100
마마17ba04ab,128.7941671000,35.3280339700
마마17ba04ba,128.7942030000,35.3302876300
마마17ba04bb,128.7942389000,35.3325412900
마마17ba05aa,128.7942749000,35.3347949500
마마17ba05ab,128.7943108000,35.3370486100
마마17ba05ba,128.7943468000,35.3393022600
마마17ba05bb,128.7943827000,35.3415559200
마마17ba06aa,128.7944187000,35.3438095800
마마17ba06ab,128.7944546000,35.3460632300
마마17ba06ba,128.7944906000,35.3483168900
마마17ba06bb,128.7945265000,35.3505705400
마마17ba07aa,128.7945625000,35.3528241900
마마17ba07ab,128.7945985000,35.3550778400
마마17ba07ba,128.7946344000,35.3573314900
마마17ba07bb,128.7946704000,35.3595851400
마마17ba08aa,128.7947064000,35.3618387900
마마17bb00aa,128.7963056000,35.2896921700
마마17bb00ab,128.7963416000,35.2919458400
마마17bb00ba,128.7963775000,35.2941995100
마마17bb00bb,128.7964134000,35.2964531900
마마17bb01aa,128.7964494000,35.2987068600
마마17bb01ab,128.7964853000,35.3009605300
마마17bb01ba,128.7965213000,35.3032142000
마마17bb01bb,128.7965573000,35.3054678600
마마17bb02aa,128.7965932000,35.3077215300
마마17bb02ab,128.7966292000,35.3099752000
마마17bb02ba,128.7966652000,35.3122288600
마마17bb02bb,128.7967011000,35.3144825300
마마17bb03aa,128.7967371000,35.3167361900
마마17bb03ab,128.7967731000,35.3189898500
마마17bb03ba,128.7968091000,35.3212435200
마마17bb03bb,128.7968451000,35.3234971800
마마17bb04aa,128.7968811000,35.3257508400
마마17bb04ab,128.7969171000,35.3280045000
마마17bb04ba,128.7969531000,35.3302581600
마마17bb04bb,128.7969891000,35.3325118100
마마17bb05aa,128.7970251000,35.3347654700
마마17bb05ab,128.7970611000,35.3370191300
마마17bb05ba,128.7970971000,35.3392727800
마마17bb05bb,128.7971332000,35.3415264300
마마17bb06aa,128.7971692000,35.3437800900
마마17bb06ab,128.7972052000,35.3460337400
마마17bb06ba,128.7972412000,35.3482873900
마마17bb06bb,128.7972773000,35.3505410400
마마17bb07aa,128.7973133000,35.3527946900
마마17bb07ab,128.7973494000,35.3550483400
마마17bb07ba,128.7973854000,35.3573019900
마마17bb07bb,128.7974215000,35.3595556400
마마17bb08aa,128.7974575000,35.3618092800
마마17bb08ab,128.7974936000,35.3640629300
마마17bb08ba,128.7975297000,35.3663165700
마마17bb08bb,128.7975657000,35.3685702200
마마18aa00aa,128.7990543000,35.2896626800
마마18aa00ab,128.7990903000,35.2919163500
마마18aa00ba,128.7991264000,35.2941700200
마마18aa00bb,128.7991624000,35.2964236900
마마18aa01aa,128.7991984000,35.2986773500
마마18aa01ab,128.7992344000,35.3009310200
마마18aa01ba,128.7992705000,35.3031846900
마마18aa01bb,128.7993065000,35.3054383500
마마18aa02aa,128.7993425000,35.3076920200
마마18aa02ab,128.7993786000,35.3099456800
마마18aa02ba,128.7994146000,35.3121993500
마마18aa02bb,128.7994507000,35.3144530100
마마18aa03aa,128.7994867000,35.3167066700
마마18aa03ab,128.7995228000,35.3189603300
마마18aa03ba,128.7995588000,35.3212139900
마마18aa03bb,128.7995949000,35.3234676500
마마18aa04aa,128.7996310000,35.3257213100
마마18aa04ab,128.7996671000,35.3279749600
마마18aa04ba,128.7997031000,35.3302286200
마마18aa04bb,128.7997392000,35.3324822700
마마18aa05aa,128.7997753000,35.3347359300
마마18aa05ab,128.7998114000,35.3369895800
마마18aa05ba,128.7998475000,35.3392432300
마마18aa05bb,128.7998836000,35.3414968900
마마18aa06aa,128.7999197000,35.3437505400
마마18aa06ab,128.7999558000,35.3460041900
마마18aa06ba,128.7999919000,35.3482578300
마마18aa06bb,128.8000280000,35.3505114800
마마18aa07aa,128.8000642000,35.3527651300
마마18aa07ab,128.8001003000,35.3550187800
마마18aa07ba,128.8001364000,35.3572724200
마마18aa07bb,128.8001725000,35.3595260700
마마18aa08aa,128.8002087000,35.3617797100
마마18aa08ab,128.8002448000,35.3640333500
마마18aa08ba,128.8002810000,35.3662870000
마마18aa08bb,128.8003171000,35.3685406400
마마18aa09aa,128.8003533000,35.3707942800
마마18aa09ab,128.8003894000,35.3730479200
마마18ab00aa,128.8018030000,35.2896331200
마마18ab00ab,128.8018391000,35.2918867900
마마18ab00ba,128.8018752000,35.2941404600
마마18ab00bb,128.8019113000,35.2963941200
마마18ab01aa,128.8019474000,35.2986477900
마마18ab01ab,128.8019835000,35.3009014500
마마18ab01ba,128.8020196000,35.3031551200
마마18ab01bb,128.8020557000,35.3054087800
마마18ab02aa,128.8020918000,35.3076624400
마마18ab02ab,128.8021279000,35.3099161000
마마18ab02ba,128.8021641000,35.3121697700
마마18ab02bb,128.8022002000,35.3144234200
마마18ab03aa,128.8022363000,35.3166770800
마마18ab03ab,128.8022725000,35.3189307400
마마18ab03ba,128.8023086000,35.3211844000
마마18ab03bb,128.8023447000,35.3234380500
마마18ab04aa,128.8023809000,35.3256917100
마마18ab04ab,128.8024170000,35.3279453600
마마18ab04ba,128.8024532000,35.3301990200
마마18ab04bb,128.8024894000,35.3324526700
마마18ab05aa,128.8025255000,35.3347063200
마마18ab05ab,128.8025617000,35.3369599700
마마18ab05ba,128.8025979000,35.3392136200
마마18ab05bb,128.8026340000,35.3414672700
마마18ab06aa,128.8026702000,35.3437209200
마마18ab06ab,128.8027064000,35.3459745700
마마18ab06ba,128.8027426000,35.3482282200
마마18ab06bb,128.8027788000,35.3504818600
마마18ab07aa,128.8028150000,35.3527355100
마마18ab07ab,128.8028512000,35.3549891500
마마18ab07ba,128.8028874000,35.3572427900
마마18ab07bb,128.8029236000,35.3594964400
마마18ab08aa,128.8029598000,35.3617500800
마마18ab08ab,128.8029960000,35.3640037200
마마18ab08ba,128.8030322000,35.3662573600
마마18ab08bb,128.8030685000,35.3685110000
마마18ab09aa,128.8031047000,35.3707646300
마마18ab09ab,128.8031409000,35.3730182700
마마18ab09ba,128.8031772000,35.3752719100
마마18ba00aa,128.8045517000,35.2896035000
마마18ba00ab,128.8045879000,35.2918571700
마마18ba00ba,128.8046240000,35.2941108300
마마18ba00bb,128.8046602000,35.2963645000
마마18ba01aa,128.8046964000,35.2986181600
마마18ba01ab,128.8047326000,35.3008718200
마마18ba01ba,128.8047687000,35.3031254800
마마18ba01bb,128.8048049000,35.3053791500
마마18ba02aa,128.8048411000,35.3076328100
마마18ba02ab,128.8048773000,35.3098864600
마마18ba02ba,128.8049135000,35.3121401200
마마18ba02bb,128.8049497000,35.3143937800
마마18ba03aa,128.8049859000,35.3166474400
마마18ba03ab,128.8050221000,35.3189010900
마마18ba03ba,128.8050584000,35.3211547500
마마18ba03bb,128.8050946000,35.3234084000
마마18ba04aa,128.8051308000,35.3256620500
마마18ba04ab,128.8051670000,35.3279157000
마마18ba04ba,128.8052033000,35.3301693600
마마18ba04bb,128.8052395000,35.3324230100
마마18ba05aa,128.8052757000,35.3346766600
마마18ba05ab,128.8053120000,35.3369303000
마마18ba05ba,128.8053482000,35.3391839500
마마18ba05bb,128.8053845000,35.3414376000
마마18ba06aa,128.8054207000,35.3436912400
마마18ba06ab,128.8054570000,35.3459448900
마마18ba06ba,128.8054933000,35.3481985300
마마18ba06bb,128.8055295000,35.3504521800
마마18ba07aa,128.8055658000,35.3527058200
마마18ba07ab,128.8056021000,35.3549594600
마마18ba07ba,128.8056384000,35.3572131000
마마18ba07bb,128.8056746000,35.3594667400
마마18ba08aa,128.8057109000,35.3617203800
마마18ba08ab,128.8057472000,35.3639740200
마마18ba08ba,128.8057835000,35.3662276600
마마18ba08bb,128.8058198000,35.3684812900
마마18ba09aa,128.8058561000,35.3707349300
마마18ba09ab,128.8058924000,35.3729885600
마마18ba09ba,128.8059287000,35.3752422000
마마18ba09bb,128.8059651000,35.3774958300
마마18bb00aa,128.8073004000,35.2895738200
마마18bb00ab,128.8073366000,35.2918274900
마마18bb00ba,128.8073729000,35.2940811500
마마18bb00bb,128.8074091000,35.2963348100
마마18bb01aa,128.8074454000,35.2985884700
마마18bb01ab,128.8074816000,35.3008421300
마마18bb01ba,128.8075179000,35.3030957900
마마18bb01bb,128.8075541000,35.3053494500
마마18bb02aa,128.8075904000,35.3076031100
마마18bb02ab,128.8076267000,35.3098567600
마마18bb02ba,128.8076630000,35.3121104200
마마18bb02bb,128.8076992000,35.3143640700
마마18bb03aa,128.8077355000,35.3166177300
마마18bb03ab,128.8077718000,35.3188713800
마마18bb03ba,128.8078081000,35.3211250300
마마18bb03bb,128.8078444000,35.3233786800
마마18bb04aa,128.8078807000,35.3256323300
마마18bb04ab,128.8079170000,35.3278859800
마마18bb04ba,128.8079533000,35.3301396300
마마18bb04bb,128.8079896000,35.3323932800
마마18bb05aa,128.8080259000,35.3346469300
마마18bb05ab,128.8080623000,35.3369005700
마마18bb05ba,128.8080986000,35.3391542200
마마18bb05bb,128.8081349000,35.3414078600
마마18bb06aa,128.8081712000,35.3436615000
마마18bb06ab,128.8082076000,35.3459151500
마마18bb06ba,128.8082439000,35.3481687900
마마18bb06bb,128.8082803000,35.3504224300
마마18bb07aa,128.8083166000,35.3526760700
마마18bb07ab,128.8083530000,35.3549297100
마마18bb07ba,128.8083893000,35.3571833500
마마18bb07bb,128.8084257000,35.3594369800
마마18bb08aa,128.8084621000,35.3616906200
마마18bb08ab,128.8084984000,35.3639442600
마마18bb08ba,128.8085348000,35.3661978900
마마18bb08bb,128.8085712000,35.3684515200
마마18bb09aa,128.8086076000,35.3707051600
마마18bb09ab,128.8086439000,35.3729587900
마마18bb09ba,128.8086803000,35.3752124200
마마18bb09bb,128.8087167000,35.3774660500
마마19aa00aa,128.8100491000,35.2895440800
마마19aa00ab,128.8100854000,35.2917977400
마마19aa00ba,128.8101217000,35.2940514000
마마19aa00bb,128.8101580000,35.2963050600
마마19aa01aa,128.8101943000,35.2985587200
마마19aa01ab,128.8102307000,35.3008123800
마마19aa01ba,128.8102670000,35.3030660300
마마19aa01bb,128.8103034000,35.3053196900
마마19aa02aa,128.8103397000,35.3075733400
마마19aa02ab,128.8103760000,35.3098270000
마마19aa02ba,128.8104124000,35.3120806500
마마19aa02bb,128.8104488000,35.3143343000
마마19aa03aa,128.8104851000,35.3165879500
마마19aa03ab,128.8105215000,35.3188416000
마마19aa03ba,128.8105578000,35.3210952500
마마19aa03bb,128.8105942000,35.3233489000
마마19aa04aa,128.8106306000,35.3256025500
마마19aa04ab,128.8106670000,35.3278562000
마마19aa04ba,128.8107034000,35.3301098400
마마19aa04bb,128.8107398000,35.3323634900
마마19aa05aa,128.8107761000,35.3346171300
마마19aa05ab,128.8108125000,35.3368707800
마마19aa05ba,128.8108489000,35.3391244200
마마19aa05bb,128.8108853000,35.3413780600
마마19aa06aa,128.8109218000,35.3436317000
마마19aa06ab,128.8109582000,35.3458853400
마마19aa06ba,128.8109946000,35.3481389800
마마19aa06bb,128.8110310000,35.3503926200
마마19aa07aa,128.8110674000,35.3526462600
마마19aa07ab,128.8111039000,35.3548998900
마마19aa07ba,128.8111403000,35.3571535300
마마19aa07bb,128.8111767000,35.3594071600
마마19aa08aa,128.8112132000,35.3616608000
마마19aa08ab,128.8112496000,35.3639144300
마마19aa08ba,128.8112861000,35.3661680600
마마19aa08bb,128.8113225000,35.3684217000
마마19aa09aa,128.8113590000,35.3706753300
마마19aa09ab,128.8113954000,35.3729289600
마마19aa09ba,128.8114319000,35.3751825800
마마19aa09bb,128.8114684000,35.3774362100
마마19aa10aa,128.8115048000,35.3796898400
마마19ab00aa,128.8127977000,35.2895142700
마마19ab00ab,128.8128341000,35.2917679300
마마19ab00ba,128.8128705000,35.2940215900
마마19ab00bb,128.8129069000,35.2962752500
마마19ab01aa,128.8129433000,35.2985289000
마마19ab01ab,128.8129797000,35.3007825600
마마19ab01ba,128.8130161000,35.3030362100
마마19ab01bb,128.8130526000,35.3052898700
마마19ab02aa,128.8130890000,35.3075435200
마마19ab02ab,128.8131254000,35.3097971700
마마19ab02ba,128.8131618000,35.3120508200
마마19ab02bb,128.8131983000,35.3143044700
마마19ab03aa,128.8132347000,35.3165581200
마마19ab03ab,128.8132711000,35.3188117700
마마19ab03ba,128.8133076000,35.3210654100
마마19ab03bb,128.8133440000,35.3233190600
마마19ab04aa,128.8133805000,35.3255727100
마마19ab04ab,128.8134169000,35.3278263500
마마19ab04ba,128.8134534000,35.3300799900
마마19ab04bb,128.8134899000,35.3323336400
마마19ab05aa,128.8135263000,35.3345872800
마마19ab05ab,128.8135628000,35.3368409200
마마19ab05ba,128.8135993000,35.3390945600
마마19ab05bb,128.8136358000,35.3413482000
마마19ab06aa,128.8136723000,35.3436018400
마마19ab06ab,128.8137087000,35.3458554800
마마19ab06ba,128.8137452000,35.3481091100
마마19ab06bb,128.8137817000,35.3503627500
마마19ab07aa,128.8138182000,35.3526163800
마마19ab07ab,128.8138547000,35.3548700200
마마19ab07ba,128.8138913000,35.3571236500
마마19ab07bb,128.8139278000,35.3593772800
마마19ab08aa,128.8139643000,35.3616309100
마마19ab08ab,128.8140008000,35.3638845500
마마19ab08ba,128.8140373000,35.3661381700
마마19ab08bb,128.8140739000,35.3683918000
마마19ab09aa,128.8141104000,35.3706454300
마마19ab09ab,128.8141469000,35.3728990600
마마19ab09ba,128.8141835000,35.3751526800
마마19ab09bb,128.8142200000,35.3774063100
마마19ab10aa,128.8142566000,35.3796599300
마마19ba00aa,128.8155464000,35.2894844100
마마19ba00ab,128.8155829000,35.2917380600
마마19ba00ba,128.8156193000,35.2939917200
마마19ba00bb,128.8156558000,35.2962453700
마마19ba01aa,128.8156923000,35.2984990200
마마19ba01ab,128.8157288000,35.3007526800
마마19ba01ba,128.8157653000,35.3030063300
마마19ba01bb,128.8158018000,35.3052599800
마마19ba02aa,128.8158383000,35.3075136300
마마19ba02ab,128.8158748000,35.3097672800
마마19ba02ba,128.8159113000,35.3120209300
마마19ba02bb,128.8159478000,35.3142745700
마마19ba03aa,128.8159843000,35.3165282200
마마19ba03ab,128.8160208000,35.3187818700
마마19ba03ba,128.8160573000,35.3210355100
마마19ba03bb,128.8160939000,35.3232891600
마마19ba04aa,128.8161304000,35.3255428000
마마19ba04ab,128.8161669000,35.3277964400
마마19ba04ba,128.8162034000,35.3300500800
마마19ba04bb,128.8162400000,35.3323037200
마마19ba05aa,128.8162765000,35.3345573600
마마19ba05ab,128.8163131000,35.3368110000
마마19ba05ba,128.8163496000,35.3390646400
마마19ba05bb,128.8163862000,35.3413182700
마마19ba06aa,128.8164228000,35.3435719100
마마19ba06ab,128.8164593000,35.3458255500
마마19ba06ba,128.8164959000,35.3480791800
마마19ba06bb,128.8165325000,35.3503328100
마마19ba07aa,128.8165690000,35.3525864500
마마19ba07ab,128.8166056000,35.3548400800
마마19ba07ba,128.8166422000,35.3570937100
마마19ba07bb,128.8166788000,35.3593473400
마마19ba08aa,128.8167154000,35.3616009700
마마19ba08ab,128.8167520000,35.3638546000
마마19ba08ba,128.8167886000,35.3661082200
마마19ba08bb,128.8168252000,35.3683618500
마마19ba09aa,128.8168618000,35.3706154700
마마19ba09ab,128.8168984000,35.3728691000
마마19ba09ba,128.8169350000,35.3751227200
마마19ba09bb,128.8169717000,35.3773763500
마마19ba10aa,128.8170083000,35.3796299700
마마19ba10ab,128.8170449000,35.3818835900
마마19bb00aa,128.8182951000,35.2894544800
마마19bb00ab,128.8183316000,35.2917081300
마마19bb00ba,128.8183682000,35.2939617800
마마19bb00bb,128.8184047000,35.2962154300
마마19bb01aa,128.8184413000,35.2984690800
마마19bb01ab,128.8184778000,35.3007227300
마마19bb01ba,128.8185144000,35.3029763800
마마19bb01bb,128.8185510000,35.3052300300
마마19bb02aa,128.8185875000,35.3074836800
마마19bb02ab,128.8186241000,35.3097373300
마마19bb02ba,128.8186607000,35.3119909700
마마19bb02bb,128.8186973000,35.3142446200
마마19bb03aa,128.8187339000,35.3164982600
마마19bb03ab,128.8187705000,35.3187519000
마마19bb03ba,128.8188071000,35.3210055500
마마19bb03bb,128.8188437000,35.3232591900
마마19bb04aa,128.8188803000,35.3255128300
마마19bb04ab,128.8189169000,35.3277664700
마마19bb04ba,128.8189535000,35.3300201100
마마19bb04bb,128.8189901000,35.3322737400
마마19bb05aa,128.8190267000,35.3345273800
마마19bb05ab,128.8190634000,35.3367810200
마마19bb05ba,128.8191000000,35.3390346500
마마19bb05bb,128.8191366000,35.3412882900
마마19bb06aa,128.8191733000,35.3435419200
마마19bb06ab,128.8192099000,35.3457955500
마마19bb06ba,128.8192465000,35.3480491900
마마19bb06bb,128.8192832000,35.3503028200
마마19bb07aa,128.8193198000,35.3525564500
마마19bb07ab,128.8193565000,35.3548100800
마마19bb07ba,128.8193932000,35.3570637000
마마19bb07bb,128.8194298000,35.3593173300
마마19bb08aa,128.8194665000,35.3615709600
마마19bb08ab,128.8195032000,35.3638245800
마마19bb08ba,128.8195399000,35.3660782100
마마19bb08bb,128.8195765000,35.3683318300
마마19bb09aa,128.8196132000,35.3705854500
마마19bb09ab,128.8196499000,35.3728390800
마마19bb09ba,128.8196866000,35.3750927000
마마19bb09bb,128.8197233000,35.3773463200
마마19bb10aa,128.8197600000,35.3795999400
마마19bb10ab,128.8197967000,35.3818535600
마마20aa00aa,128.8210437000,35.2894244800
마마20aa00ab,128.8210803000,35.2916781300
마마20aa00ba,128.8211170000,35.2939317800
마마20aa00bb,128.8211536000,35.2961854300
마마20aa01aa,128.8211902000,35.2984390800
마마20aa01ab,128.8212269000,35.3006927300
마마20aa01ba,128.8212635000,35.3029463800
마마20aa01bb,128.8213002000,35.3052000200
마마20aa02aa,128.8213368000,35.3074536700
마마20aa02ab,128.8213735000,35.3097073100
마마20aa02ba,128.8214101000,35.3119609500
마마20aa02bb,128.8214468000,35.3142146000
마마20aa03aa,128.8214834000,35.3164682400
마마20aa03ab,128.8215201000,35.3187218800
마마20aa03ba,128.8215568000,35.3209755200
마마20aa03bb,128.8215935000,35.3232291600
마마20aa04aa,128.8216301000,35.3254828000
마마20aa04ab,128.8216668000,35.3277364300
마마20aa04ba,128.8217035000,35.3299900700
마마20aa04bb,128.8217402000,35.3322437000
마마20aa05aa,128.8217769000,35.3344973400
마마20aa05ab,128.8218136000,35.3367509700
마마20aa05ba,128.8218503000,35.3390046100
마마20aa05bb,128.8218870000,35.3412582400
마마20aa06aa,128.8219237000,35.3435118700
마마20aa06ab,128.8219605000,35.3457655000
마마20aa06ba,128.8219972000,35.3480191300
마마20aa06bb,128.8220339000,35.3502727600
마마20aa07aa,128.8220706000,35.3525263800
마마20aa07ab,128.8221074000,35.3547800100
마마20aa07ba,128.8221441000,35.3570336400
마마20aa07bb,128.8221809000,35.3592872600
마마20aa08aa,128.8222176000,35.3615408900
마마20aa08ab,128.8222544000,35.3637945100
마마20aa08ba,128.8222911000,35.3660481300
마마20aa08bb,128.8223279000,35.3683017500
마마20aa09aa,128.8223646000,35.3705553700
마마20aa09ab,128.8224014000,35.3728089900
마마20aa09ba,128.8224382000,35.3750626100
마마20aa09bb,128.8224749000,35.3773162300
마마20aa10aa,128.8225117000,35.3795698500
마마20aa10ab,128.8225485000,35.3818234600
마마20ab00aa,128.8237924000,35.2893944300
마마20ab00ab,128.8238291000,35.2916480800
마마20ab00ba,128.8238658000,35.2939017200
마마20ab00bb,128.8239025000,35.2961553700
마마20ab01aa,128.8239392000,35.2984090200
마마20ab01ab,128.8239759000,35.3006626600
마마20ab01ba,128.8240126000,35.3029163100
마마20ab01bb,128.8240493000,35.3051699500
마마20ab02aa,128.8240861000,35.3074235900
마마20ab02ab,128.8241228000,35.3096772300
마마20ab02ba,128.8241595000,35.3119308700
마마20ab02bb,128.8241963000,35.3141845100
마마20ab03aa,128.8242330000,35.3164381500
마마20ab03ab,128.8242698000,35.3186917900
마마20ab03ba,128.8243065000,35.3209454300
마마20ab03bb,128.8243433000,35.3231990700
마마20ab04aa,128.8243800000,35.3254527000
마마20ab04ab,128.8244168000,35.3277063400
마마20ab04ba,128.8244535000,35.3299599700
마마20ab04bb,128.8244903000,35.3322136000
마마20ab05aa,128.8245271000,35.3344672300
마마20ab05ab,128.8245639000,35.3367208700
마마20ab05ba,128.8246007000,35.3389745000
마마20ab05bb,128.8246374000,35.3412281300
마마20ab06aa,128.8246742000,35.3434817500
마마20ab06ab,128.8247110000,35.3457353800
마마20ab06ba,128.8247478000,35.3479890100
마마20ab06bb,128.8247846000,35.3502426300
마마20ab07aa,128.8248214000,35.3524962600
마마20ab07ab,128.8248582000,35.3547498800
마마20ab07ba,128.8248951000,35.3570035100
마마20ab07bb,128.8249319000,35.3592571300
마마20ab08aa,128.8249687000,35.3615107500
마마20ab08ab,128.8250055000,35.3637643700
마마20ab08ba,128.8250424000,35.3660179900
마마20ab08bb,128.8250792000,35.3682716100
마마20ab09aa,128.8251160000,35.3705252300
마마20ab09ab,128.8251529000,35.3727788400
마마20ab09ba,128.8251897000,35.3750324600
마마20ab09bb,128.8252266000,35.3772860800
마마20ab10aa,128.8252634000,35.3795396900
마마20ab10ab,128.8253003000,35.3817933000
마마20ba00aa,128.8265410000,35.2893643100
마마20ba00ab,128.8265778000,35.2916179600
마마20ba00ba,128.8266146000,35.2938716000
마마20ba00bb,128.8266514000,35.2961252500
마마20ba01aa,128.8266882000,35.2983788900
마마20ba01ab,128.8267249000,35.3006325300
마마20ba01ba,128.8267617000,35.3028861700
마마20ba01bb,128.8267985000,35.3051398100
마마20ba02aa,128.8268353000,35.3073934500
마마20ba02ab,128.8268721000,35.3096470900
마마20ba02ba,128.8269090000,35.3119007300
마마20ba02bb,128.8269458000,35.3141543700
마마20ba03aa,128.8269826000,35.3164080100
마마20ba03ab,128.8270194000,35.3186616400
마마20ba03ba,128.8270562000,35.3209152800
마마20ba03bb,128.8270931000,35.3231689100
마마20ba04aa,128.8271299000,35.3254225400
마마20ba04ab,128.8271667000,35.3276761800
마마20ba04ba,128.8272036000,35.3299298100
마마20ba04bb,128.8272404000,35.3321834400
마마20ba05aa,128.8272773000,35.3344370700
마마20ba05ab,128.8273141000,35.3366907000
마마20ba05ba,128.8273510000,35.3389443200
마마20ba05bb,128.8273878000,35.3411979500
마마20ba06aa,128.8274247000,35.3434515800
마마20ba06ab,128.8274616000,35.3457052000
마마20ba06ba,128.8274985000,35.3479588300
마마20ba06bb,128.8275353000,35.3502124500
마마20ba07aa,128.8275722000,35.3524660700
마마20ba07ab,128.8276091000,35.3547196900
마마20ba07ba,128.8276460000,35.3569733100
마마20ba07bb,128.8276829000,35.3592269300
마마20ba08aa,128.8277198000,35.3614805500
마마20ba08ab,128.8277567000,35.3637341700
마마20ba08ba,128.8277936000,35.3659877900
마마20ba08bb,128.8278305000,35.3682414000
마마20ba09aa,128.8278674000,35.3704950200
마마20ba09ab,128.8279044000,35.3727486300
마마20ba09ba,128.8279413000,35.3750022500
마마20ba09bb,128.8279782000,35.3772558600
마마20ba10aa,128.8280151000,35.3795094700
마마20ba10ab,128.8280521000,35.3817630800
마마20bb00aa,128.8292897000,35.2893341300
마마20bb00ab,128.8293265000,35.2915877700
마마20bb00ba,128.8293634000,35.2938414200
마마20bb00bb,128.8294002000,35.2960950600
마마20bb01aa,128.8294371000,35.2983487000
마마20bb01ab,128.8294740000,35.3006023400
마마20bb01ba,128.8295108000,35.3028559800
마마20bb01bb,128.8295477000,35.3051096200
마마20bb02aa,128.8295846000,35.3073632500
마마20bb02ab,128.8296215000,35.3096168900
마마20bb02ba,128.8296584000,35.3118705300
마마20bb02bb,128.8296953000,35.3141241600
마마20bb03aa,128.8297321000,35.3163778000
마마20bb03ab,128.8297690000,35.3186314300
마마20bb03ba,128.8298059000,35.3208850600
마마20bb03bb,128.8298429000,35.3231386900
마마20bb04aa,128.8298798000,35.3253923200
마마20bb04ab,128.8299167000,35.3276459500
마마20bb04ba,128.8299536000,35.3298995800
마마20bb04bb,128.8299905000,35.3321532100
마마20bb05aa,128.8300274000,35.3344068400
마마20bb05ab,128.8300644000,35.3366604600
마마20bb05ba,128.8301013000,35.3389140900
마마20bb05bb,128.8301383000,35.3411677100
마마20bb06aa,128.8301752000,35.3434213400
마마20bb06ab,128.8302121000,35.3456749600
마마20bb06ba,128.8302491000,35.3479285800
마마20bb06bb,128.8302860000,35.3501822000
마마20bb07aa,128.8303230000,35.3524358200
마마20bb07ab,128.8303600000,35.3546894400
마마20bb07ba,128.8303969000,35.3569430600
마마20bb07bb,128.8304339000,35.3591966800
마마20bb08aa,128.8304709000,35.3614502900
마마20bb08ab,128.8305079000,35.3637039100
마마20bb08ba,128.8305449000,35.3659575200
마마20bb08bb,128.8305818000,35.3682111400
마마20bb09aa,128.8306188000,35.3704647500
마마20bb09ab,128.8306558000,35.3727183600
마마20bb09ba,128.8306928000,35.3749719700
마마20bb09bb,128.8307298000,35.3772255800
마마20bb10aa,128.8307668000,35.3794791900
마마20bb10ab,128.8308039000,35.3817328000
마마20bb10ba,128.8308409000,35.3839864100
마마21aa00aa,128.8320383000,35.2893038900
마마21aa00ab,128.8320753000,35.2915575300
마마21aa00ba,128.8321122000,35.2938111700
마마21aa00bb,128.8321491000,35.2960648100
마마21aa01aa,128.8321861000,35.2983184500
마마21aa01ab,128.8322230000,35.3005720800
마마21aa01ba,128.8322599000,35.3028257200
마마21aa01bb,128.8322969000,35.3050793600
마마21aa02aa,128.8323338000,35.3073329900
마마21aa02ab,128.8323708000,35.3095866300
마마21aa02ba,128.8324078000,35.3118402600
마마21aa02bb,128.8324447000,35.3140938900
마마21aa03aa,128.8324817000,35.3163475200
마마21aa03ab,128.8325187000,35.3186011500
마마21aa03ba,128.8325557000,35.3208547800
마마21aa03bb,128.8325926000,35.3231084100
마마21aa04aa,128.8326296000,35.3253620400
마마21aa04ab,128.8326666000,35.3276156700
마마21aa04ba,128.8327036000,35.3298692900
마마21aa04bb,128.8327406000,35.3321229200
마마21aa05aa,128.8327776000,35.3343765400
마마21aa05ab,128.8328146000,35.3366301700
마마21aa05ba,128.8328516000,35.3388837900
마마21aa05bb,128.8328886000,35.3411374100
마마21aa06aa,128.8329257000,35.3433910300
마마21aa06ab,128.8329627000,35.3456446500
마마21aa06ba,128.8329997000,35.3478982700
마마21aa06bb,128.8330368000,35.3501518900
마마21aa07aa,128.8330738000,35.3524055100
마마21aa07ab,128.8331108000,35.3546591300
마마21aa07ba,128.8331479000,35.3569127400
마마21aa07bb,128.8331849000,35.3591663600
마마21aa08aa,128.8332220000,35.3614199700
마마21aa08ab,128.8332590000,35.3636735800
마마21aa08ba,128.8332961000,35.3659272000
마마21aa08bb,128.8333332000,35.3681808100
마마21aa09aa,128.8333702000,35.3704344200
마마21aa09ab,128.8334073000,35.3726880300
마마21aa09ba,128.8334444000,35.3749416400
마마21aa09bb,128.8334815000,35.3771952400
마마21aa10aa,128.8335185000,35.3794488500
마마21aa10ab,128.8335556000,35.3817024600
마마21aa10ba,128.8335927000,35.3839560600
마마21ab00aa,128.8347870000,35.2892735800
마마21ab00ab,128.8348240000,35.2915272200
마마21ab00ba,128.8348610000,35.2937808600
마마21ab00bb,128.8348980000,35.2960345000
마마21ab01aa,128.8349350000,35.2982881300
마마21ab01ab,128.8349720000,35.3005417700
마마21ab01ba,128.8350090000,35.3027954000
마마21ab01bb,128.8350461000,35.3050490300
마마21ab02aa,128.8350831000,35.3073026700
마마21ab02ab,128.8351201000,35.3095563000
마마21ab02ba,128.8351572000,35.3118099300
마마21ab02bb,128.8351942000,35.3140635600
마마21ab03aa,128.8352313000,35.3163171900
마마21ab03ab,128.8352683000,35.3185708200
마마21ab03ba,128.8353054000,35.3208244400
마마21ab03bb,128.8353424000,35.3230780700
마마21ab04aa,128.8353795000,35.3253317000
마마21ab04ab,128.8354166000,35.3275853200
마마21ab04ba,128.8354536000,35.3298389400
마마21ab04bb,128.8354907000,35.3320925700
마마21ab05aa,128.8355278000,35.3343461900
마마21ab05ab,128.8355649000,35.3365998100
마마21ab05ba,128.8356020000,35.3388534300
마마21ab05bb,128.8356390000,35.3411070500
마마21ab06aa,128.8356761000,35.3433606700
마마21ab06ab,128.8357132000,35.3456142900
마마21ab06ba,128.8357503000,35.3478679000
마마21ab06bb,128.8357875000,35.3501215200
마마21ab07aa,128.8358246000,35.3523751300
마마21ab07ab,128.8358617000,35.3546287500
마마21ab07ba,128.8358988000,35.3568823600
마마21ab07bb,128.8359359000,35.3591359700
마마21ab08aa,128.8359731000,35.3613895800
마마21ab08ab,128.8360102000,35.3636432000
마마21ab08ba,128.8360473000,35.3658968100
마마21ab08bb,128.8360845000,35.3681504100
마마21ab09aa,128.8361216000,35.3704040200
마마21ab09ab,128.8361588000,35.3726576300
마마21ab09ba,128.8361959000,35.3749112400
마마21ab09bb,128.8362331000,35.3771648400
마마21ab10aa,128.8362702000,35.3794184500
마마21ab10ab,128.8363074000,35.3816720500
마마21ab10ba,128.8363446000,35.3839256500
마마21ab10bb,128.8363817000,35.3861792500
마마21ba00aa,128.8375356000,35.2892432200
마마21ba00ab,128.8375727000,35.2914968500
마마21ba00ba,128.8376098000,35.2937504900
마마21ba00bb,128.8376469000,35.2960041200
마마21ba01aa,128.8376839000,35.2982577500
마마21ba01ab,128.8377210000,35.3005113900
마마21ba01ba,128.8377581000,35.3027650200
마마21ba01bb,128.8377952000,35.3050186500
마마21ba02aa,128.8378323000,35.3072722800
마마21ba02ab,128.8378695000,35.3095259100
마마21ba02ba,128.8379066000,35.3117795400
마마21ba02bb,128.8379437000,35.3140331600
마마21ba03aa,128.8379808000,35.3162867900
마마21ba03ab,128.8380179000,35.3185404200
마마21ba03ba,128.8380551000,35.3207940400
마마21ba03bb,128.8380922000,35.3230476700
마마21ba04aa,128.8381293000,35.3253012900
마마21ba04ab,128.8381665000,35.3275549100
마마21ba04ba,128.8382036000,35.3298085300
마마21ba04bb,128.8382408000,35.3320621500
마마21ba05aa,128.8382779000,35.3343157700
마마21ba05ab,128.8383151000,35.3365693900
마마21ba05ba,128.8383523000,35.3388230100
마마21ba05bb,128.8383894000,35.3410766200
마마21ba06aa,128.8384266000,35.3433302400
마마21ba06ab,128.8384638000,35.3455838600
마마21ba06ba,128.8385010000,35.3478374700
마마21ba06bb,128.8385381000,35.3500910800
마마21ba07aa,128.8385753000,35.3523447000
마마21ba07ab,128.8386125000,35.3545983100
마마21ba07ba,128.8386497000,35.3568519200
마마21ba07bb,128.8386869000,35.3591055300
마마21ba08aa,128.8387241000,35.3613591400
마마21ba08ab,128.8387613000,35.3636127500
마마21ba08ba,128.8387986000,35.3658663500
마마21ba08bb,128.8388358000,35.3681199600
마마21ba09aa,128.8388730000,35.3703735600
마마21ba09ab,128.8389102000,35.3726271700
마마21ba09ba,128.8389474000,35.3748807700
마마21ba09bb,128.8389847000,35.3771343800
마마21ba10aa,128.8390219000,35.3793879800
마마21ba10ab,128.8390592000,35.3816415800
마마21ba10ba,128.8390964000,35.3838951800
마마21ba10bb,128.8391337000,35.3861487800
마마21bb00aa,128.8402842000,35.2892127900
마마21bb00ab,128.8403214000,35.2914664200
마마21bb00ba,128.8403586000,35.2937200500
마마21bb00bb,128.8403957000,35.2959736800
마마21bb01aa,128.8404329000,35.2982273200
마마21bb01ab,128.8404701000,35.3004809500
마마21bb01ba,128.8405072000,35.3027345700
마마21bb01bb,128.8405444000,35.3049882000
마마21bb02aa,128.8405816000,35.3072418300
마마21bb02ab,128.8406188000,35.3094954600
마마21bb02ba,128.8406560000,35.3117490800
마마21bb02bb,128.8406932000,35.3140027100
마마21bb03aa,128.8407304000,35.3162563300
마마21bb03ab,128.8407676000,35.3185099500
마마21bb03ba,128.8408048000,35.3207635800
마마21bb03bb,128.8408420000,35.3230172000
마마21bb04aa,128.8408792000,35.3252708200
마마21bb04ab,128.8409164000,35.3275244400
마마21bb04ba,128.8409536000,35.3297780600
마마21bb04bb,128.8409909000,35.3320316700
마마21bb05aa,128.8410281000,35.3342852900
마마21bb05ab,128.8410653000,35.3365389100
마마21bb05ba,128.8411026000,35.3387925200
마마21bb05bb,128.8411398000,35.3410461400
마마21bb06aa,128.8411771000,35.3432997500
마마21bb06ab,128.8412143000,35.3455533600
마마21bb06ba,128.8412516000,35.3478069700
마마21bb06bb,128.8412888000,35.3500605900
마마21bb07aa,128.8413261000,35.3523142000
마마21bb07ab,128.8413634000,35.3545678000
마마21bb07ba,128.8414006000,35.3568214100
마마21bb07bb,128.8414379000,35.3590750200
마마21bb08aa,128.8414752000,35.3613286300
마마21bb08ab,128.8415125000,35.3635822300
마마21bb08ba,128.8415498000,35.3658358400
마마21bb08bb,128.8415871000,35.3680894400
마마21bb09aa,128.8416244000,35.3703430400
마마21bb09ab,128.8416617000,35.3725966500
마마21bb09ba,128.8416990000,35.3748502500
마마21bb09bb,128.8417363000,35.3771038500
마마21bb10aa,128.8417736000,35.3793574500
마마21bb10ab,128.8418109000,35.3816110400
마마21bb10ba,128.8418482000,35.3838646400
마마21bb10bb,128.8418856000,35.3861182400
마마21bb11aa,128.8419229000,35.3883718400
마마22aa00aa,128.8430329000,35.2891822900
마마22aa00ab,128.8430701000,35.2914359200
마마22aa00ba,128.8431073000,35.2936895600
마마22aa00bb,128.8431446000,35.2959431800
마마22aa01aa,128.8431818000,35.2981968100
마마22aa01ab,128.8432191000,35.3004504400
마마22aa01ba,128.8432563000,35.3027040700
마마22aa01bb,128.8432936000,35.3049576900
마마22aa02aa,128.8433308000,35.3072113200
마마22aa02ab,128.8433681000,35.3094649400
마마22aa02ba,128.8434054000,35.3117185600
마마22aa02bb,128.8434426000,35.3139721900
마마22aa03aa,128.8434799000,35.3162258100
마마22aa03ab,128.8435172000,35.3184794300
마마22aa03ba,128.8435545000,35.3207330500
마마22aa03bb,128.8435918000,35.3229866700
마마22aa04aa,128.8436290000,35.3252402900
마마22aa04ab,128.8436663000,35.3274939000
마마22aa04ba,128.8437036000,35.3297475200
마마22aa04bb,128.8437409000,35.3320011300
마마22aa05aa,128.8437783000,35.3342547500
마마22aa05ab,128.8438156000,35.3365083600
마마22aa05ba,128.8438529000,35.3387619700
마마22aa05bb,128.8438902000,35.3410155900
마마22aa06aa,128.8439275000,35.3432692000
마마22aa06ab,128.8439649000,35.3455228100
마마22aa06ba,128.8440022000,35.3477764200
마마22aa06bb,128.8440395000,35.3500300300
마마22aa07aa,128.8440769000,35.3522836300
마마22aa07ab,128.8441142000,35.3545372400
마마22aa07ba,128.8441516000,35.3567908400
마마22aa07bb,128.8441889000,35.3590444500
마마22aa08aa,128.8442263000,35.3612980500
마마22aa08ab,128.8442636000,35.3635516600
마마22aa08ba,128.8443010000,35.3658052600
마마22aa08bb,128.8443384000,35.3680588600
마마22aa09aa,128.8443757000,35.3703124600
마마22aa09ab,128.8444131000,35.3725660600
마마22aa09ba,128.8444505000,35.3748196600
마마22aa09bb,128.8444879000,35.3770732600
마마22aa10aa,128.8445253000,35.3793268500
마마22aa10ab,128.8445627000,35.3815804500
마마22aa10ba,128.8446001000,35.3838340400
마마22aa10bb,128.8446375000,35.3860876400
마마22aa11aa,128.8446749000,35.3883412300
마마22ab00aa,128.8457815000,35.2891517400
마마22ab00ab,128.8458188000,35.2914053700
마마22ab00ba,128.8458561000,35.2936590000
마마22ab00bb,128.8458934000,35.2959126200
마마22ab01aa,128.8459307000,35.2981662500
마마22ab01ab,128.8459681000,35.3004198700
마마22ab01ba,128.8460054000,35.3026735000
마마22ab01bb,128.8460427000,35.3049271200
마마22ab02aa,128.8460801000,35.3071807400
마마22ab02ab,128.8461174000,35.3094343600
마마22ab02ba,128.8461547000,35.3116879900
마마22ab02bb,128.8461921000,35.3139416000
마마22ab03aa,128.8462294000,35.3161952200
마마22ab03ab,128.8462668000,35.3184488400
마마22ab03ba,128.8463042000,35.3207024600
마마22ab03bb,128.8463415000,35.3229560800
마마22ab04aa,128.8463789000,35.3252096900
마마22ab04ab,128.8464163000,35.3274633100
마마22ab04ba,128.8464536000,35.3297169200
마마22ab04bb,128.8464910000,35.3319705300
마마22ab05aa,128.8465284000,35.3342241400
마마22ab05ab,128.8465658000,35.3364777500
마마22ab05ba,128.8466032000,35.3387313600
마마22ab05bb,128.8466406000,35.3409849700
마마22ab06aa,128.8466780000,35.3432385800
마마22ab06ab,128.8467154000,35.3454921900
마마22ab06ba,128.8467528000,35.3477458000
마마22ab06bb,128.8467902000,35.3499994000
마마22ab07aa,128.8468276000,35.3522530100
마마22ab07ab,128.8468650000,35.3545066100
마마22ab07ba,128.8469025000,35.3567602100
마마22ab07bb,128.8469399000,35.3590138200
마마22ab08aa,128.8469773000,35.3612674200
마마22ab08ab,128.8470148000,35.3635210200
마마22ab08ba,128.8470522000,35.3657746200
마마22ab08bb,128.8470897000,35.3680282200
마마22ab09aa,128.8471271000,35.3702818100
마마22ab09ab,128.8471646000,35.3725354100
마마22ab09ba,128.8472020000,35.3747890100
마마22ab09bb,128.8472395000,35.3770426000
마마22ab10aa,128.8472770000,35.3792962000
마마22ab10ab,128.8473144000,35.3815497900
마마22ab10ba,128.8473519000,35.3838033800
마마22ab10bb,128.8473894000,35.3860569700
마마22ab11aa,128.8474269000,35.3883105700
마마22ab11ab,128.8474644000,35.3905641600
마마22ba00aa,128.8485301000,35.2891211200
마마22ba00ab,128.8485675000,35.2913747500
마마22ba00ba,128.8486049000,35.2936283700
마마22ba00bb,128.8486423000,35.2958820000
마마22ba01aa,128.8486797000,35.2981356200
마마22ba01ab,128.8487171000,35.3003892400
마마22ba01ba,128.8487545000,35.3026428700
마마22ba01bb,128.8487919000,35.3048964900
마마22ba02aa,128.8488293000,35.3071501100
마마22ba02ab,128.8488667000,35.3094037200
마마22ba02ba,128.8489041000,35.3116573400
마마22ba02bb,128.8489415000,35.3139109600
마마22ba03aa,128.8489790000,35.3161645800
마마22ba03ab,128.8490164000,35.3184181900
마마22ba03ba,128.8490538000,35.3206718100
마마22ba03bb,128.8490913000,35.3229254200
마마22ba04aa,128.8491287000,35.3251790300
마마22ba04ab,128.8491662000,35.3274326400
마마22ba04ba,128.8492036000,35.3296862600
마마22ba04bb,128.8492411000,35.3319398700
마마22ba05aa,128.8492785000,35.3341934800
마마22ba05ab,128.8493160000,35.3364470800
마마22ba05ba,128.8493535000,35.3387006900
마마22ba05bb,128.8493910000,35.3409543000
마마22ba06aa,128.8494284000,35.3432079000
마마22ba06ab,128.8494659000,35.3454615100
마마22ba06ba,128.8495034000,35.3477151100
마마22ba06bb,128.8495409000,35.3499687200
마마22ba07aa,128.8495784000,35.3522223200
마마22ba07ab,128.8496159000,35.3544759200
마마22ba07ba,128.8496534000,35.3567295200
마마22ba07bb,128.8496909000,35.3589831200
마마22ba08aa,128.8497284000,35.3612367200
마마22ba08ab,128.8497659000,35.3634903200
마마22ba08ba,128.8498034000,35.3657439100
마마22ba08bb,128.8498410000,35.3679975100
마마22ba09aa,128.8498785000,35.3702511100
마마22ba09ab,128.8499160000,35.3725047000
마마22ba09ba,128.8499536000,35.3747582900
마마22ba09bb,128.8499911000,35.3770118900
마마22ba10aa,128.8500286000,35.3792654800
마마22ba10ab,128.8500662000,35.3815190700
마마22ba10ba,128.8501037000,35.3837726600
마마22ba10bb,128.8501413000,35.3860262500
마마22ba11aa,128.8501789000,35.3882798400
마마22ba11ab,128.8502164000,35.3905334200
마마22ba11ba,128.8502540000,35.3927870100
마마22bb00aa,128.8512787000,35.2890904400
마마22bb00ab,128.8513162000,35.2913440700
마마22bb00ba,128.8513537000,35.2935976900
마마22bb00bb,128.8513911000,35.2958513100
마마22bb01aa,128.8514286000,35.2981049300
마마22bb01ab,128.8514661000,35.3003585500
마마22bb01ba,128.8515035000,35.3026121700
마마22bb01bb,128.8515410000,35.3048657900
마마22bb02aa,128.8515785000,35.3071194100
마마22bb02ab,128.8516160000,35.3093730200
마마22bb02ba,128.8516535000,35.3116266400
마마22bb02bb,128.8516910000,35.3138802500
마마22bb03aa,128.8517285000,35.3161338700
마마22bb03ab,128.8517660000,35.3183874800
마마22bb03ba,128.8518035000,35.3206410900
마마22bb03bb,128.8518410000,35.3228947000
마마22bb04aa,128.8518786000,35.3251483100
마마22bb04ab,128.8519161000,35.3274019200
마마22bb04ba,128.8519536000,35.3296555300
마마22bb04bb,128.8519911000,35.3319091400
마마22bb05aa,128.8520287000,35.3341627500
마마22bb05ab,128.8520662000,35.3364163500
마마22bb05ba,128.8521038000,35.3386699600
마마22bb05bb,128.8521413000,35.3409235600
마마22bb06aa,128.8521789000,35.3431771600
마마22bb06ab,128.8522164000,35.3454307700
마마22bb06ba,128.8522540000,35.3476843700
마마22bb06bb,128.8522916000,35.3499379700
마마22bb07aa,128.8523291000,35.3521915700
마마22bb07ab,128.8523667000,35.3544451700
마마22bb07ba,128.8524043000,35.3566987600
마마22bb07bb,128.8524419000,35.3589523600
마마22bb08aa,128.8524795000,35.3612059600
마마22bb08ab,128.8525170000,35.3634595500
마마22bb08ba,128.8525546000,35.3657131500
마마22bb08bb,128.8525922000,35.3679667400
마마22bb09aa,128.8526298000,35.3702203300
마마22bb09ab,128.8526675000,35.3724739300
마마22bb09ba,128.8527051000,35.3747275200
마마22bb09bb,128.8527427000,35.3769811100
마마22bb10aa,128.8527803000,35.3792347000
마마22bb10ab,128.8528179000,35.3814882900
마마22bb10ba,128.8528556000,35.3837418700
마마22bb10bb,128.8528932000,35.3859954600
마마22bb11aa,128.8529308000,35.3882490500
마마22bb11ab,128.8529685000,35.3905026300
마마22bb11ba,128.8530061000,35.3927562100
마마23aa00aa,128.8540273000,35.2890597000
마마23aa00ab,128.8540649000,35.2913133200
마마23aa00ba,128.8541024000,35.2935669400
마마23aa00bb,128.8541400000,35.2958205600
마마23aa01aa,128.8541775000,35.2980741800
마마23aa01ab,128.8542151000,35.3003278000
마마23aa01ba,128.8542526000,35.3025814100
마마23aa01bb,128.8542902000,35.3048350300
마마23aa02aa,128.8543277000,35.3070886400
마마23aa02ab,128.8543653000,35.3093422600
마마23aa02ba,128.8544029000,35.3115958700
마마23aa02bb,128.8544405000,35.3138494800
마마23aa03aa,128.8544780000,35.3161030900
마마23aa03ab,128.8545156000,35.3183567000
마마23aa03ba,128.8545532000,35.3206103100
마마23aa03bb,128.8545908000,35.3228639200
마마23aa04aa,128.8546284000,35.3251175300
마마23aa04ab,128.8546660000,35.3273711400
마마23aa04ba,128.8547036000,35.3296247400
마마23aa04bb,128.8547412000,35.3318783500
마마23aa05aa,128.8547788000,35.3341319500
마마23aa05ab,128.8548164000,35.3363855600
마마23aa05ba,128.8548541000,35.3386391600
마마23aa05bb,128.8548917000,35.3408927600
마마23aa06aa,128.8549293000,35.3431463600
마마23aa06ab,128.8549670000,35.3453999600
마마23aa06ba,128.8550046000,35.3476535600
마마23aa06bb,128.8550422000,35.3499071600
마마23aa07aa,128.8550799000,35.3521607500
마마23aa07ab,128.8551175000,35.3544143500
마마23aa07ba,128.8551552000,35.3566679500
마마23aa07bb,128.8551928000,35.3589215400
마마23aa08aa,128.8552305000,35.3611751300
마마23aa08ab,128.8552682000,35.3634287300
마마23aa08ba,128.8553058000,35.3656823200
마마23aa08bb,128.8553435000,35.3679359100
마마23aa09aa,128.8553812000,35.3701895000
마마23aa09ab,128.8554189000,35.3724430900
마마23aa09ba,128.8554566000,35.3746966800
마마23aa09bb,128.8554943000,35.3769502700
마마23aa10aa,128.8555320000,35.3792038500
마마23aa10ab,128.8555697000,35.3814574400
마마23aa10ba,128.8556074000,35.3837110200
마마23aa10bb,128.8556451000,35.3859646100
마마23aa11aa,128.8556828000,35.3882181900
마마23aa11ab,128.8557205000,35.3904717700
마마23aa11ba,128.8557582000,35.3927253500
마마23aa11bb,128.8557960000,35.3949789400
마마23ab00aa,128.8567760000,35.2890289000
마마23ab00ab,128.8568136000,35.2912825100
마마23ab00ba,128.8568512000,35.2935361300
마마23ab00bb,128.8568888000,35.2957897500
마마23ab01aa,128.8569264000,35.2980433600
마마23ab01ab,128.8569640000,35.3002969800
마마23ab01ba,128.8570017000,35.3025505900
마마23ab01bb,128.8570393000,35.3048042100
마마23ab02aa,128.8570770000,35.3070578200
마마23ab02ab,128.8571146000,35.3093114300
마마23ab02ba,128.8571522000,35.3115650400
마마23ab02bb,128.8571899000,35.3138186500
마마23ab03aa,128.8572276000,35.3160722600
마마23ab03ab,128.8572652000,35.3183258700
마마23ab03ba,128.8573029000,35.3205794700
마마23ab03bb,128.8573405000,35.3228330800
마마23ab04aa,128.8573782000,35.3250866800
마마23ab04ab,128.8574159000,35.3273402900
마마23ab04ba,128.8574536000,35.3295938900
마마23ab04bb,128.8574913000,35.3318475000
마마23ab05aa,128.8575290000,35.3341011000
마마23ab05ab,128.8575666000,35.3363547000
마마23ab05ba,128.8576043000,35.3386083000
마마23ab05bb,128.8576420000,35.3408619000
마마23ab06aa,128.8576798000,35.3431154900
마마23ab06ab,128.8577175000,35.3453690900
마마23ab06ba,128.8577552000,35.3476226900
마마23ab06bb,128.8577929000,35.3498762800
마마23ab07aa,128.8578306000,35.3521298800
마마23ab07ab,128.8578684000,35.3543834700
마마23ab07ba,128.8579061000,35.3566370700
마마23ab07bb,128.8579438000,35.3588906600
마마23ab08aa,128.8579816000,35.3611442500
마마23ab08ab,128.8580193000,35.3633978400
마마23ab08ba,128.8580571000,35.3656514300
마마23ab08bb,128.8580948000,35.3679050200
마마23ab09aa,128.8581326000,35.3701586000
마마23ab09ab,128.8581703000,35.3724121900
마마23ab09ba,128.8582081000,35.3746657800
마마23ab09bb,128.8582459000,35.3769193600
마마23ab10aa,128.8582836000,35.3791729500
마마23ab10ab,128.8583214000,35.3814265300
마마23ab10ba,128.8583592000,35.3836801100
마마23ab10bb,128.8583970000,35.3859336900
마마23ab11aa,128.8584348000,35.3881872700
마마23ab11ab,128.8584726000,35.3904408500
마마23ab11ba,128.8585104000,35.3926944300
마마23ab11bb,128.8585482000,35.3949480100
마마23ba00aa,128.8595246000,35.2889980300
마마23ba00ab,128.8595622000,35.2912516500
마마23ba00ba,128.8595999000,35.2935052600
마마23ba00bb,128.8596376000,35.2957588700
마마23ba01aa,128.8596753000,35.2980124900
마마23ba01ab,128.8597130000,35.3002661000
마마23ba01ba,128.8597507000,35.3025197100
마마23ba01bb,128.8597885000,35.3047733200
마마23ba02aa,128.8598262000,35.3070269300
마마23ba02ab,128.8598639000,35.3092805400
마마23ba02ba,128.8599016000,35.3115341500
마마23ba02bb,128.8599393000,35.3137877600
마마23ba03aa,128.8599771000,35.3160413600
마마23ba03ab,128.8600148000,35.3182949700
마마23ba03ba,128.8600525000,35.3205485700
마마23ba03bb,128.8600903000,35.3228021700
마마23ba04aa,128.8601280000,35.3250557800
마마23ba04ab,128.8601658000,35.3273093800
마마23ba04ba,128.8602036000,35.3295629800
마마23ba04bb,128.8602413000,35.3318165800
마마23ba05aa,128.8602791000,35.3340701800
마마23ba05ab,128.8603169000,35.3363237800
마마23ba05ba,128.8603546000,35.3385773700
마마23ba05bb,128.8603924000,35.3408309700
마마23ba06aa,128.8604302000,35.3430845700
마마23ba06ab,128.8604680000,35.3453381600
마마23ba06ba,128.8605058000,35.3475917600
마마23ba06bb,128.8605436000,35.3498453500
마마23ba07aa,128.8605814000,35.3520989400
마마23ba07ab,128.8606192000,35.3543525300
마마23ba07ba,128.8606570000,35.3566061200
마마23ba07bb,128.8606948000,35.3588597100
마마23ba08aa,128.8607326000,35.3611133000
마마23ba08ab,128.8607704000,35.3633668900
마마23ba08ba,128.8608082000,35.3656204700
마마23ba08bb,128.8608461000,35.3678740600
마마23ba09aa,128.8608839000,35.3701276500
마마23ba09ab,128.8609217000,35.3723812300
마마23ba09ba,128.8609596000,35.3746348100
마마23ba09bb,128.8609974000,35.3768884000
마마23ba10aa,128.8610353000,35.3791419800
마마23ba10ab,128.8610731000,35.3813955600
마마23ba10ba,128.8611110000,35.3836491400
마마23ba10bb,128.8611489000,35.3859027200
마마23ba11aa,128.8611867000,35.3881562900
마마23ba11ab,128.8612246000,35.3904098700
마마23ba11ba,128.8612625000,35.3926634500
마마23ba11bb,128.8613004000,35.3949170200
마마23bb00aa,128.8622732000,35.2889671000
마마23bb00ab,128.8623109000,35.2912207100
마마23bb00ba,128.8623487000,35.2934743300
마마23bb00bb,128.8623865000,35.2957279400
마마23bb01aa,128.8624242000,35.2979815500
마마23bb01ab,128.8624620000,35.3002351600
마마23bb01ba,128.8624998000,35.3024887700
마마23bb01bb,128.8625376000,35.3047423700
마마23bb02aa,128.8625754000,35.3069959800
마마23bb02ab,128.8626132000,35.3092495900
마마23bb02ba,128.8626510000,35.3115031900
마마23bb02bb,128.8626888000,35.3137568000
마마23bb03aa,128.8627266000,35.3160104000
마마23bb03ab,128.8627644000,35.3182640000
마마23bb03ba,128.8628022000,35.3205176100
마마23bb03bb,128.8628400000,35.3227712100
마마23bb04aa,128.8628779000,35.3250248100
마마23bb04ab,128.8629157000,35.3272784100
마마23bb04ba,128.8629535000,35.3295320000
마마23bb04bb,128.8629914000,35.3317856000
마마23bb05aa,128.8630292000,35.3340392000
마마23bb05ab,128.8630671000,35.3362927900
마마23bb05ba,128.8631049000,35.3385463900
마마23bb05bb,128.8631428000,35.3407999800
마마23bb06aa,128.8631806000,35.3430535800
마마23bb06ab,128.8632185000,35.3453071700
마마23bb06ba,128.8632563000,35.3475607600
마마23bb06bb,128.8632942000,35.3498143500
마마23bb07aa,128.8633321000,35.3520679400
마마23bb07ab,128.8633700000,35.3543215300
마마23bb07ba,128.8634079000,35.3565751200
마마23bb07bb,128.8634458000,35.3588287000
마마23bb08aa,128.8634836000,35.3610822900
마마23bb08ab,128.8635215000,35.3633358700
마마23bb08ba,128.8635594000,35.3655894600
마마23bb08bb,128.8635973000,35.3678430400
마마23bb09aa,128.8636353000,35.3700966200
마마23bb09ab,128.8636732000,35.3723502100
마마23bb09ba,128.8637111000,35.3746037900
마마23bb09bb,128.8637490000,35.3768573700
마마23bb10aa,128.8637869000,35.3791109500
마마23bb10ab,128.8638249000,35.3813645200
마마23bb10ba,128.8638628000,35.3836181000
마마23bb10bb,128.8639007000,35.3858716800
마마23bb11aa,128.8639387000,35.3881252500
마마23bb11ab,128.8639766000,35.3903788300
마마23bb11ba,128.8640146000,35.3926324000
마마23bb11bb,128.8640525000,35.3948859700
마마24aa00aa,128.8650218000,35.2889361100
마마24aa00ab,128.8650596000,35.2911897200
마마24aa00ba,128.8650974000,35.2934433300
마마24aa00bb,128.8651353000,35.2956969400
마마24aa01aa,128.8651731000,35.2979505500
마마24aa01ab,128.8652110000,35.3002041500
마마24aa01ba,128.8652488000,35.3024577600
마마24aa01bb,128.8652867000,35.3047113700
마마24aa02aa,128.8653246000,35.3069649700
마마24aa02ab,128.8653625000,35.3092185700
마마24aa02ba,128.8654003000,35.3114721800
마마24aa02bb,128.8654382000,35.3137257800
마마24aa03aa,128.8654761000,35.3159793800
마마24aa03ab,128.8655140000,35.3182329800
마마24aa03ba,128.8655519000,35.3204865800
마마24aa03bb,128.8655898000,35.3227401800
마마24aa04aa,128.8656277000,35.3249937700
마마24aa04ab,128.8656656000,35.3272473700
마마24aa04ba,128.8657035000,35.3295009700
마마24aa04bb,128.8657414000,35.3317545600
마마24aa05aa,128.8657793000,35.3340081600
마마24aa05ab,128.8658172000,35.3362617500
마마24aa05ba,128.8658552000,35.3385153400
마마24aa05bb,128.8658931000,35.3407689300
마마24aa06aa,128.8659310000,35.3430225200
마마24aa06ab,128.8659690000,35.3452761100
마마24aa06ba,128.8660069000,35.3475297000
마마24aa06bb,128.8660449000,35.3497832900
마마24aa07aa,128.8660828000,35.3520368800
마마24aa07ab,128.8661208000,35.3542904600
마마24aa07ba,128.8661587000,35.3565440500
마마24aa07bb,128.8661967000,35.3587976300
마마24aa08aa,128.8662347000,35.3610512100
마마24aa08ab,128.8662727000,35.3633048000
마마24aa08ba,128.8663106000,35.3655583800
마마24aa08bb,128.8663486000,35.3678119600
마마24aa09aa,128.8663866000,35.3700655400
마마24aa09ab,128.8664246000,35.3723191200
마마24aa09ba,128.8664626000,35.3745727000
마마24aa09bb,128.8665006000,35.3768262700
마마24aa10aa,128.8665386000,35.3790798500
마마24aa10ab,128.8665766000,35.3813334300
마마24aa10ba,128.8666146000,35.3835870000
마마24aa10bb,128.8666526000,35.3858405700
마마24aa11aa,128.8666906000,35.3880941500
마마24aa11ab,128.8667287000,35.3903477200
마마24aa11ba,128.8667667000,35.3926012900
마마24aa11bb,128.8668047000,35.3948548600
마마24ab00aa,128.8677703000,35.2889050600
마마24ab00ab,128.8678083000,35.2911586600
마마24ab00ba,128.8678462000,35.2934122700
마마24ab00bb,128.8678841000,35.2956658800
마마24ab01aa,128.8679220000,35.2979194800
마마24ab01ab,128.8679600000,35.3001730900
마마24ab01ba,128.8679979000,35.3024266900
마마24ab01bb,128.8680358000,35.3046802900
마마24ab02aa,128.8680738000,35.3069339000
마마24ab02ab,128.8681117000,35.3091875000
마마24ab02ba,128.8681497000,35.3114411000
마마24ab02bb,128.8681876000,35.3136947000
마마24ab03aa,128.8682256000,35.3159482900
마마24ab03ab,128.8682636000,35.3182018900
마마24ab03ba,128.8683015000,35.3204554900
마마24ab03bb,128.8683395000,35.3227090800
마마24ab04aa,128.8683775000,35.3249626800
마마24ab04ab,128.8684155000,35.3272162700
마마24ab04ba,128.8684535000,35.3294698700
마마24ab04bb,128.8684914000,35.3317234600
마마24ab05aa,128.8685294000,35.3339770500
마마24ab05ab,128.8685674000,35.3362306400
마마24ab05ba,128.8686054000,35.3384842300
마마24ab05bb,128.8686435000,35.3407378200
마마24ab06aa,128.8686815000,35.3429914100
마마24ab06ab,128.8687195000,35.3452449900
마마24ab06ba,128.8687575000,35.3474985800
마마24ab06bb,128.8687955000,35.3497521700
마마24ab07aa,128.8688336000,35.3520057500
마마24ab07ab,128.8688716000,35.3542593300
마마24ab07ba,128.8689096000,35.3565129200
마마24ab07bb,128.8689477000,35.3587665000
마마24ab08aa,128.8689857000,35.3610200800
마마24ab08ab,128.8690238000,35.3632736600
마마24ab08ba,128.8690618000,35.3655272400
마마24ab08bb,128.8690999000,35.3677808200
마마24ab09aa,128.8691379000,35.3700343900
마마24ab09ab,128.8691760000,35.3722879700
마마24ab09ba,128.8692141000,35.3745415500
마마24ab09bb,128.8692521000,35.3767951200
마마24ab10aa,128.8692902000,35.3790486900
마마24ab10ab,128.8693283000,35.3813022700
마마24ab10ba,128.8693664000,35.3835558400
마마24ab10bb,128.8694045000,35.3858094100
마마24ab11aa,128.8694426000,35.3880629800
마마24ab11ab,128.8694807000,35.3903165500
마마24ab11ba,128.8695188000,35.3925701200
마마24ba00aa,128.8705189000,35.2888739400
마마24ba00ab,128.8705569000,35.2911275400
마마24ba00ba,128.8705949000,35.2933811500
마마24ba00bb,128.8706329000,35.2956347500
마마24ba01aa,128.8706709000,35.2978883600
마마24ba01ab,128.8707089000,35.3001419600
마마24ba01ba,128.8707469000,35.3023955600
마마24ba01bb,128.8707850000,35.3046491600
마마24ba02aa,128.8708230000,35.3069027600
마마24ba02ab,128.8708610000,35.3091563600
마마24ba02ba,128.8708990000,35.3114099500
마마24ba02bb,128.8709371000,35.3136635500
마마24ba03aa,128.8709751000,35.3159171500
마마24ba03ab,128.8710131000,35.3181707400
마마24ba03ba,128.8710512000,35.3204243400
마마24ba03bb,128.8710892000,35.3226779300
마마24ba04aa,128.8711273000,35.3249315200
마마24ba04ab,128.8711654000,35.3271851100
마마24ba04ba,128.8712034000,35.3294387000
마마24ba04bb,128.8712415000,35.3316922900
마마24ba05aa,128.8712796000,35.3339458800
마마24ba05ab,128.8713176000,35.3361994700
마마24ba05ba,128.8713557000,35.3384530600
마마24ba05bb,128.8713938000,35.3407066400
마마24ba06aa,128.8714319000,35.3429602300
마마24ba06ab,128.8714700000,35.3452138100
마마24ba06ba,128.8715081000,35.3474674000
마마24ba06bb,128.8715462000,35.3497209800
마마24ba07aa,128.8715843000,35.3519745600
마마24ba07ab,128.8716224000,35.3542281400
마마24ba07ba,128.8716605000,35.3564817200
마마24ba07bb,128.8716986000,35.3587353000
마마24ba08aa,128.8717367000,35.3609888800
마마24ba08ab,128.8717749000,35.3632424600
마마24ba08ba,128.8718130000,35.3654960300
마마24ba08bb,128.8718511000,35.3677496100
마마24ba09aa,128.8718893000,35.3700031800
마마24ba09ab,128.8719274000,35.3722567600
마마24ba09ba,128.8719656000,35.3745103300
마마24ba09bb,128.8720037000,35.3767639000
마마24ba10aa,128.8720419000,35.3790174700
마마24ba10ab,128.8720800000,35.3812710400
마마24ba10ba,128.8721182000,35.3835246100
마마24ba10bb,128.8721564000,35.3857781800
마마24ba11aa,128.8721945000,35.3880317500
마마24bb00aa,128.8732675000,35.2888427600
마마24bb00ab,128.8733056000,35.2910963600
마마24bb00ba,128.8733437000,35.2933499600
마마24bb00bb,128.8733817000,35.2956035700
마마24bb01aa,128.8734198000,35.2978571700
마마24bb01ab,128.8734579000,35.3001107700
마마24bb01ba,128.8734960000,35.3023643600
마마24bb01bb,128.8735341000,35.3046179600
마마24bb02aa,128.8735722000,35.3068715600
마마24bb02ab,128.8736103000,35.3091251500
마마24bb02ba,128.8736484000,35.3113787500
마마24bb02bb,128.8736865000,35.3136323400
마마24bb03aa,128.8737246000,35.3158859400
마마24bb03ab,128.8737627000,35.3181395300
마마24bb03ba,128.8738008000,35.3203931200
마마24bb03bb,128.8738390000,35.3226467100
마마24bb04aa,128.8738771000,35.3249003000
마마24bb04ab,128.8739152000,35.3271538900
마마24bb04ba,128.8739534000,35.3294074800
마마24bb04bb,128.8739915000,35.3316610600
마마24bb05aa,128.8740297000,35.3339146500
마마24bb05ab,128.8740678000,35.3361682400
마마24bb05ba,128.8741060000,35.3384218200
마마24bb05bb,128.8741441000,35.3406754000
마마24bb06aa,128.8741823000,35.3429289900
마마24bb06ab,128.8742205000,35.3451825700
마마24bb06ba,128.8742586000,35.3474361500
마마24bb06bb,128.8742968000,35.3496897300
마마24bb07aa,128.8743350000,35.3519433100
마마24bb07ab,128.8743732000,35.3541968900
마마24bb07ba,128.8744114000,35.3564504700
마마24bb07bb,128.8744496000,35.3587040400
마마24bb08aa,128.8744878000,35.3609576200
마마24bb08ab,128.8745260000,35.3632111900
마마24bb08ba,128.8745642000,35.3654647700
마마24bb08bb,128.8746024000,35.3677183400
마마24bb09aa,128.8746406000,35.3699719100
마마24bb09ab,128.8746788000,35.3722254800
마마24bb09ba,128.8747170000,35.3744790500
마마24bb09bb,128.8747553000,35.3767326200
마마24bb10aa,128.8747935000,35.3789861900
마마24bb10ab,128.8748317000,35.3812397600
마마25aa00aa,128.8760161000,35.2888115200
마마25aa00ab,128.8760542000,35.2910651200
마마25aa00ba,128.8760924000,35.2933187200
마마25aa00bb,128.8761305000,35.2955723200
마마25aa01aa,128.8761687000,35.2978259100
마마25aa01ab,128.8762069000,35.3000795100
마마25aa01ba,128.8762450000,35.3023331100
마마25aa01bb,128.8762832000,35.3045867000
마마25aa02aa,128.8763214000,35.3068403000
마마25aa02ab,128.8763595000,35.3090938900
마마25aa02ba,128.8763977000,35.3113474800
마마25aa02bb,128.8764359000,35.3136010700
마마25aa03aa,128.8764741000,35.3158546600
마마25aa03ab,128.8765123000,35.3181082500
마마25aa03ba,128.8765505000,35.3203618400
마마25aa03bb,128.8765887000,35.3226154300
마마25aa04aa,128.8766269000,35.3248690200
마마25aa04ab,128.8766651000,35.3271226000
마마25aa04ba,128.8767033000,35.3293761900
마마25aa04bb,128.8767415000,35.3316297700
마마25aa05aa,128.8767798000,35.3338833600
마마25aa05ab,128.8768180000,35.3361369400
마마25aa05ba,128.8768562000,35.3383905200
마마25aa05bb,128.8768945000,35.3406441000
마마25aa06aa,128.8769327000,35.3428976800
마마25aa06ab,128.8769709000,35.3451512600
마마25aa06ba,128.8770092000,35.3474048400
마마25aa06bb,128.8770474000,35.3496584200
마마25aa07aa,128.8770857000,35.3519120000
마마25aa07ab,128.8771240000,35.3541655700
마마25aa07ba,128.8771622000,35.3564191500
마마25aa07bb,128.8772005000,35.3586727200
마마25aa08aa,128.8772388000,35.3609262900
마마25aa08ab,128.8772771000,35.3631798700
마마25aa08ba,128.8773153000,35.3654334400
마마25aa08bb,128.8773536000,35.3676870100
마마25aa09aa,128.8773919000,35.3699405800
마마25aa09ab,128.8774302000,35.3721941500
마마25ab00aa,128.8787647000,35.2887802100
마마25ab00ab,128.8788029000,35.2910338100
마마25ab00ba,128.8788411000,35.2932874100
마마25ab00bb,128.8788793000,35.2955410100
마마25ab01aa,128.8789176000,35.2977946000
마마25ab01ab,128.8789558000,35.3000481900
마마25ab01ba,128.8789940000,35.3023017900
마마25ab01bb,128.8790323000,35.3045553800
마마25ab02aa,128.8790705000,35.3068089700
마마25ab02ab,128.8791088000,35.3090625600
마마25ab02ba,128.8791471000,35.3113161500
마마25ab02bb,128.8791853000,35.3135697400
마마25ab03aa,128.8792236000,35.3158233300
마마25ab03ab,128.8792619000,35.3180769200
마마25ab03ba,128.8793001000,35.3203305000
마마25ab03bb,128.8793384000,35.3225840900
마마25ab04aa,128.8793767000,35.3248376700
마마25ab04ab,128.8794150000,35.3270912600
마마25ab04ba,128.8794533000,35.3293448400
마마25ab04bb,128.8794916000,35.3315984200
마마25ab05aa,128.8795299000,35.3338520000
마마25ab05ab,128.8795682000,35.3361055800
마마25ab05ba,128.8796065000,35.3383591600
마마25ab05bb,128.8796448000,35.3406127400
마마25ab06aa,128.8796831000,35.3428663200
마마25ab06ab,128.8797214000,35.3451198900
마마25ab06ba,128.8797598000,35.3473734700
마마25ab06bb,128.8797981000,35.3496270500
마마25ab07aa,128.8798364000,35.3518806200
마마25ab07ab,128.8798748000,35.3541341900
마마25ab07ba,128.8799131000,35.3563877600
마마25ab07bb,128.8799514000,35.3586413400
마마25ab08aa,128.8799898000,35.3608949100
마마25ab08ab,128.8800282000,35.3631484800
마마25ab08ba,128.8800665000,35.3654020400
마마25ab08bb,128.8801049000,35.3676556100
마마25ab09aa,128.8801432000,35.3699091800
마마25ba00aa,128.8815132000,35.2887488500
마마25ba00ab,128.8815515000,35.2910024400
마마25ba00ba,128.8815898000,35.2932560400
마마25ba00bb,128.8816281000,35.2955096300
마마25ba01aa,128.8816664000,35.2977632200
마마25ba01ab,128.8817048000,35.3000168200
마마25ba01ba,128.8817431000,35.3022704100
마마25ba01bb,128.8817814000,35.3045240000
마마25ba02aa,128.8818197000,35.3067775800
마마25ba02ab,128.8818581000,35.3090311700
마마25ba02ba,128.8818964000,35.3112847600
마마25ba02bb,128.8819347000,35.3135383500
마마25ba03aa,128.8819731000,35.3157919300
마마25ba03ab,128.8820114000,35.3180455200
마마25ba03ba,128.8820498000,35.3202991000
마마25ba03bb,128.8820881000,35.3225526800
마마25ba04aa,128.8821265000,35.3248062700
마마25ba04ab,128.8821648000,35.3270598500
마마25ba04ba,128.8822032000,35.3293134300
마마25ba04bb,128.8822416000,35.3315670100
마마25ba05aa,128.8822800000,35.3338205800
마마25ba05ab,128.8823183000,35.3360741600
마마25ba05ba,128.8823567000,35.3383277400
마마25ba05bb,128.8823951000,35.3405813100
마마25ba06aa,128.8824335000,35.3428348900
마마25ba06ab,128.8824719000,35.3450884600
마마25ba06ba,128.8825103000,35.3473420400
마마25ba06bb,128.8825487000,35.3495956100
마마25ba07aa,128.8825871000,35.3518491800
마마25ba07ab,128.8826255000,35.3541027500
마마25ba07ba,128.8826640000,35.3563563200
마마25ba07bb,128.8827024000,35.3586098900
마마25ba08aa,128.8827408000,35.3608634600
마마25ba08ab,128.8827792000,35.3631170200
마마25ba08ba,128.8828177000,35.3653705900
마마25ba08bb,128.8828561000,35.3676241600
마마25bb00aa,128.8842618000,35.2887174200
마마25bb00ab,128.8843002000,35.2909710100
마마25bb00ba,128.8843386000,35.2932246000
마마25bb00bb,128.8843769000,35.2954781900
마마25bb01aa,128.8844153000,35.2977317800
마마25bb01ab,128.8844537000,35.2999853700
마마25bb01ba,128.8844921000,35.3022389600
마마25bb01bb,128.8845305000,35.3044925500
마마25bb02aa,128.8845689000,35.3067461400
마마25bb02ab,128.8846073000,35.3089997200
마마25bb02ba,128.8846457000,35.3112533100
마마25bb02bb,128.8846841000,35.3135068900
마마25bb03aa,128.8847225000,35.3157604700
마마25bb03ab,128.8847610000,35.3180140500
마마25bb03ba,128.8847994000,35.3202676400
마마25bb03bb,128.8848378000,35.3225212200
마마25bb04aa,128.8848763000,35.3247747900
마마25bb04ab,128.8849147000,35.3270283700
마마25bb04ba,128.8849531000,35.3292819500
마마25bb04bb,128.8849916000,35.3315355300
마마25bb05aa,128.8850300000,35.3337891000
마마25bb05ab,128.8850685000,35.3360426800
마마25bb05ba,128.8851070000,35.3382962500
마마25bb05bb,128.8851454000,35.3405498300
마마25bb06aa,128.8851839000,35.3428034000
마마25bb06ab,128.8852224000,35.3450569700
마마25bb06ba,128.8852609000,35.3473105400
마마25bb06bb,128.8852993000,35.3495641100
마마25bb07aa,128.8853378000,35.3518176800
마마25bb07ab,128.8853763000,35.3540712500
마마25bb07ba,128.8854148000,35.3563248100
마마25bb07bb,128.8854533000,35.3585783800
마마25bb08aa,128.8854918000,35.3608319400
마마25bb08ab,128.8855303000,35.3630855100
마마25bb08ba,128.8855688000,35.3653390700
마마25bb08bb,128.8856073000,35.3675926400
마마26aa00aa,128.8870104000,35.2886859300
마마26aa00ab,128.8870488000,35.2909395200
마마26aa00ba,128.8870873000,35.2931931100
마마26aa00bb,128.8871257000,35.2954467000
마마26aa01aa,128.8871642000,35.2977002800
마마26aa01ab,128.8872026000,35.2999538700
마마26aa01ba,128.8872411000,35.3022074600
마마26aa01bb,128.8872796000,35.3044610400
마마26aa02aa,128.8873181000,35.3067146200
마마26aa02ab,128.8873565000,35.3089682100
마마26aa02ba,128.8873950000,35.3112217900
마마26aa02bb,128.8874335000,35.3134753700
마마26aa03aa,128.8874720000,35.3157289500
마마26aa03ab,128.8875105000,35.3179825300
마마26aa03ba,128.8875490000,35.3202361100
마마26aa03bb,128.8875875000,35.3224896900
마마26aa04aa,128.8876260000,35.3247432600
마마26aa04ab,128.8876646000,35.3269968400
마마26aa04ba,128.8877031000,35.3292504100
마마26aa04bb,128.8877416000,35.3315039900
마마26aa05aa,128.8877801000,35.3337575600
마마26aa05ab,128.8878187000,35.3360111300
마마26aa05ba,128.8878572000,35.3382647000
마마26aa05bb,128.8878957000,35.3405182700
마마26aa06aa,128.8879343000,35.3427718400
마마26aa06ab,128.8879728000,35.3450254100
마마26aa06ba,128.8880114000,35.3472789800
마마26aa06bb,128.8880500000,35.3495325500
마마26aa07aa,128.8880885000,35.3517861100
마마26aa07ab,128.8881271000,35.3540396800
마마26aa07ba,128.8881657000,35.3562932400
마마26aa07bb,128.8882042000,35.3585468100
마마26aa08aa,128.8882428000,35.3608003700
마마26aa08ab,128.8882814000,35.3630539300
마마26aa08ba,128.8883200000,35.3653074900
마마26ab00aa,128.8897589000,35.2886543800
마마26ab00ab,128.8897974000,35.2909079600
마마26ab00ba,128.8898360000,35.2931615500
마마26ab00bb,128.8898745000,35.2954151300
마마26ab01aa,128.8899130000,35.2976687200
마마26ab01ab,128.8899516000,35.2999223000
마마26ab01ba,128.8899901000,35.3021758900
마마26ab01bb,128.8900287000,35.3044294700
마마26ab02aa,128.8900672000,35.3066830500
마마26ab02ab,128.8901058000,35.3089366300
마마26ab02ba,128.8901444000,35.3111902100
마마26ab02bb,128.8901829000,35.3134437900
마마26ab03aa,128.8902215000,35.3156973600
마마26ab03ab,128.8902601000,35.3179509400
마마26ab03ba,128.8902986000,35.3202045200
마마26ab03bb,128.8903372000,35.3224580900
마마26ab04aa,128.8903758000,35.3247116700
마마26ab04ab,128.8904144000,35.3269652400
마마26ab04ba,128.8904530000,35.3292188100
마마26ab04bb,128.8904916000,35.3314723800
마마26ab05aa,128.8905302000,35.3337259500
마마26ab05ab,128.8905688000,35.3359795200
마마26ab05ba,128.8906074000,35.3382330900
마마26ab05bb,128.8906461000,35.3404866600
마마26ab06aa,128.8906847000,35.3427402300
마마26ab06ab,128.8907233000,35.3449937900
마마26ab06ba,128.8907619000,35.3472473600
마마26ab06bb,128.8908006000,35.3495009200
마마26ab07aa,128.8908392000,35.3517544900
마마26ab07ab,128.8908779000,35.3540080500
마마26ab07ba,128.8909165000,35.3562616100
마마26ab07bb,128.8909552000,35.3585151700
마마26ab08aa,128.8909938000,35.3607687300
마마26ab08ab,128.8910325000,35.3630222900
마마26ab08ba,128.8910711000,35.3652758500
마마26ba00aa,128.8925075000,35.2886227600
마마26ba00ab,128.8925461000,35.2908763400
마마26ba00ba,128.8925847000,35.2931299300
마마26ba00bb,128.8926233000,35.2953835100
마마26ba01aa,128.8926619000,35.2976370900
마마26ba01ab,128.8927005000,35.2998906700
마마26ba01ba,128.8927391000,35.3021442500
마마26ba01bb,128.8927778000,35.3043978300
마마26ba02aa,128.8928164000,35.3066514100
마마26ba02ab,128.8928550000,35.3089049900
마마26ba02ba,128.8928937000,35.3111585700
마마26ba02bb,128.8929323000,35.3134121400
마마26ba03aa,128.8929710000,35.3156657200
마마26ba03ab,128.8930096000,35.3179192900
마마26ba03ba,128.8930483000,35.3201728600
마마26ba03bb,128.8930869000,35.3224264400
마마26ba04aa,128.8931256000,35.3246800100
마마26ba04ab,128.8931643000,35.3269335800
마마26ba04ba,128.8932029000,35.3291871500
마마26ba04bb,128.8932416000,35.3314407200
마마26ba05aa,128.8932803000,35.3336942900
마마26ba05ab,128.8933190000,35.3359478500
마마26ba05ba,128.8933577000,35.3382014200
마마26ba05bb,128.8933964000,35.3404549800
마마26ba06aa,128.8934351000,35.3427085500
마마26ba06ab,128.8934738000,35.3449621100
마마26ba06ba,128.8935125000,35.3472156800
마마26ba06bb,128.8935512000,35.3494692400
마마26ba07aa,128.8935899000,35.3517228000
마마26ba07ab,128.8936286000,35.3539763600
마마26ba07ba,128.8936673000,35.3562299200
마마26ba07bb,128.8937061000,35.3584834800
마마26ba08aa,128.8937448000,35.3607370300
마마26ba08ab,128.8937835000,35.3629905900
마마26ba08ba,128.8938223000,35.3652441500
마마26bb00aa,128.8952560000,35.2885910800
마마26bb00ab,128.8952947000,35.2908446600
마마26bb00ba,128.8953334000,35.2930982400
마마26bb00bb,128.8953721000,35.2953518200
마마26bb01aa,128.8954108000,35.2976054000
마마26bb01ab,128.8954494000,35.2998589800
마마26bb01ba,128.8954881000,35.3021125600
마마26bb01bb,128.8955268000,35.3043661400
마마26bb02aa,128.8955656000,35.3066197100
마마26bb02ab,128.8956043000,35.3088732900
마마26bb02ba,128.8956430000,35.3111268600
마마26bb02bb,128.8956817000,35.3133804400
마마26bb03aa,128.8957204000,35.3156340100
마마26bb03ab,128.8957591000,35.3178875800
마마26bb03ba,128.8957979000,35.3201411500
마마26bb03bb,128.8958366000,35.3223947200
마마26bb04aa,128.8958754000,35.3246482900
마마26bb04ab,128.8959141000,35.3269018600
마마26bb04ba,128.8959529000,35.3291554200
마마26bb04bb,128.8959916000,35.3314089900
마마26bb05aa,128.8960304000,35.3336625500
마마26bb05ab,128.8960691000,35.3359161200
마마26bb05ba,128.8961079000,35.3381696800
마마26bb05bb,128.8961467000,35.3404232500
마마26bb06aa,128.8961854000,35.3426768100
마마26bb06ab,128.8962242000,35.3449303700
마마26bb06ba,128.8962630000,35.3471839300
마마26bb06bb,128.8963018000,35.3494374900
마마26bb07aa,128.8963406000,35.3516910500
마마26bb07ab,128.8963794000,35.3539446000
마마26bb07ba,128.8964182000,35.3561981600
마마26bb07bb,128.8964570000,35.3584517200
마마26bb08aa,128.8964958000,35.3607052700
마마26bb08ab,128.8965346000,35.3629588200
마마26bb08ba,128.8965734000,35.3652123800
마마27aa00aa,128.8980046000,35.2885593400
마마27aa00ab,128.8980433000,35.2908129200
마마27aa00ba,128.8980821000,35.2930665000
마마27aa00bb,128.8981208000,35.2953200800
마마27aa01aa,128.8981596000,35.2975736500
마마27aa01ab,128.8981984000,35.2998272300
마마27aa01ba,128.8982371000,35.3020808000
마마27aa01bb,128.8982759000,35.3043343800
마마27aa02aa,128.8983147000,35.3065879500
마마27aa02ab,128.8983535000,35.3088415200
마마27aa02ba,128.8983923000,35.3110950900
마마27aa02bb,128.8984311000,35.3133486700
마마27aa03aa,128.8984699000,35.3156022400
마마27aa03ab,128.8985087000,35.3178558000
마마27aa03ba,128.8985475000,35.3201093700
마마27aa03bb,128.8985863000,35.3223629400
마마27aa04aa,128.8986251000,35.3246165100
마마27aa04ab,128.8986639000,35.3268700700
마마27aa04ba,128.8987028000,35.3291236400
마마27aa04bb,128.8987416000,35.3313772000
마마27aa05aa,128.8987804000,35.3336307600
마마27aa05ab,128.8988193000,35.3358843200
마마27aa05ba,128.8988581000,35.3381378800
마마27aa05bb,128.8988970000,35.3403914400
마마27aa06aa,128.8989358000,35.3426450000
마마27aa06ab,128.8989747000,35.3448985600
마마27aa06ba,128.8990135000,35.3471521200
마마27aa06bb,128.8990524000,35.3494056800
마마27aa07aa,128.8990913000,35.3516592300
마마27aa07ab,128.8991301000,35.3539127900
마마27aa07ba,128.8991690000,35.3561663400
마마27aa07bb,128.8992079000,35.3584198900
마마27aa08aa,128.8992468000,35.3606734500
마마27aa08ab,128.8992857000,35.3629270000
마마27aa08ba,128.8993246000,35.3651805500
마마27ab00aa,128.9007531000,35.2885275400
마마27ab00ab,128.9007919000,35.2907811100
마마27ab00ba,128.9008308000,35.2930346900
마마27ab00bb,128.9008696000,35.2952882600
마마27ab01aa,128.9009084000,35.2975418400
마마27ab01ab,128.9009473000,35.2997954100
마마27ab01ba,128.9009861000,35.3020489800
마마27ab01bb,128.9010250000,35.3043025600
마마27ab02aa,128.9010639000,35.3065561300
마마27ab02ab,128.9011027000,35.3088097000
마마27ab02ba,128.9011416000,35.3110632700
마마27ab02bb,128.9011805000,35.3133168300
마마27ab03aa,128.9012193000,35.3155704000
마마27ab03ab,128.9012582000,35.3178239700
마마27ab03ba,128.9012971000,35.3200775300
마마27ab03bb,128.9013360000,35.3223311000
마마27ab04aa,128.9013749000,35.3245846600
마마27ab04ab,128.9014138000,35.3268382200
마마27ab04ba,128.9014527000,35.3290917800
마마27ab04bb,128.9014916000,35.3313453500
마마27ab05aa,128.9015305000,35.3335989100
마마27ab05ab,128.9015694000,35.3358524600
마마27ab05ba,128.9016083000,35.3381060200
마마27ab05bb,128.9016473000,35.3403595800
마마27ab06aa,128.9016862000,35.3426131400
마마27ab06ab,128.9017251000,35.3448666900
마마27ab06ba,128.9017641000,35.3471202500
마마27ab06bb,128.9018030000,35.3493738000
마마27ab07aa,128.9018419000,35.3516273500
마마27ab07ab,128.9018809000,35.3538809100
마마27ab07ba,128.9019198000,35.3561344600
마마27ab07bb,128.9019588000,35.3583880100
마마27ab08aa,128.9019978000,35.3606415600
마마27ab08ab,128.9020367000,35.3628951100
마마27ab08ba,128.9020757000,35.3651486500
마마27ba00aa,128.9035016000,35.2884956700
마마27ba00ab,128.9035405000,35.2907492500
마마27ba00ba,128.9035795000,35.2930028200
마마27ba00bb,128.9036184000,35.2952563900
마마27ba01aa,128.9036573000,35.2975099600
마마27ba01ab,128.9036962000,35.2997635300
마마27ba01ba,128.9037351000,35.3020171000
마마27ba01bb,128.9037741000,35.3042706700
마마27ba02aa,128.9038130000,35.3065242400
마마27ba02ab,128.9038519000,35.3087778100
마마27ba02ba,128.9038909000,35.3110313700
마마27ba02bb,128.9039298000,35.3132849400
마마27ba03aa,128.9039688000,35.3155385000
마마27ba03ab,128.9040077000,35.3177920700
마마27ba03ba,128.9040467000,35.3200456300
마마27ba03bb,128.9040857000,35.3222991900
마마27ba04aa,128.9041246000,35.3245527500
마마27ba04ab,128.9041636000,35.3268063100
마마27ba04ba,128.9042026000,35.3290598700
마마27ba04bb,128.9042416000,35.3313134300
마마27ba05aa,128.9042806000,35.3335669900
마마27ba05ab,128.9043195000,35.3358205400
마마27ba05ba,128.9043585000,35.3380741000
마마27ba05bb,128.9043975000,35.3403276500
마마27ba06aa,128.9044365000,35.3425812100
마마27ba06ab,128.9044756000,35.3448347600
마마27ba06ba,128.9045146000,35.3470883100
마마27ba06bb,128.9045536000,35.3493418600
마마27ba07aa,128.9045926000,35.3515954100
마마27ba07ab,128.9046316000,35.3538489600
마마27ba07ba,128.9046707000,35.3561025100
마마27ba07bb,128.9047097000,35.3583560600
마마27ba08aa,128.9047487000,35.3606096100
마마27ba08ab,128.9047878000,35.3628631500
마마27ba08ba,128.9048268000,35.3651167000
마마27bb00aa,128.9062502000,35.2884637400
마마27bb00ab,128.9062892000,35.2907173100
마마27bb00ba,128.9063281000,35.2929708900
마마27bb00bb,128.9063671000,35.2952244600
마마27bb01aa,128.9064061000,35.2974780200
마마27bb01ab,128.9064451000,35.2997315900
마마27bb01ba,128.9064841000,35.3019851600
마마27bb01bb,128.9065231000,35.3042387300
마마27bb02aa,128.9065621000,35.3064922900
마마27bb02ab,128.9066012000,35.3087458600
마마27bb02ba,128.9066402000,35.3109994200
마마27bb02bb,128.9066792000,35.3132529800
마마27bb03aa,128.9067182000,35.3155065400
마마27bb03ab,128.9067573000,35.3177601000
마마27bb03ba,128.9067963000,35.3200136600
마마27bb03bb,128.9068353000,35.3222672200
마마27bb04aa,128.9068744000,35.3245207800
마마27bb04ab,128.9069134000,35.3267743400
마마27bb04ba,128.9069525000,35.3290279000
마마27bb04bb,128.9069915000,35.3312814500
마마27bb05aa,128.9070306000,35.3335350100
마마27bb05ab,128.9070697000,35.3357885600
마마27bb05ba,128.9071088000,35.3380421100
마마27bb05bb,128.9071478000,35.3402956700
마마27bb06aa,128.9071869000,35.3425492200
마마27bb06ab,128.9072260000,35.3448027700
마마27bb06ba,128.9072651000,35.3470563200
마마27bb06bb,128.9073042000,35.3493098600
마마27bb07aa,128.9073433000,35.3515634100
마마27bb07ab,128.9073824000,35.3538169600
마마27bb07ba,128.9074215000,35.3560705100
마마27bb07bb,128.9074606000,35.3583240500
마마27bb08aa,128.9074997000,35.3605775900
마마27bb08ab,128.9075388000,35.3628311400
마마27bb08ba,128.9075780000,35.3650846800
마마28aa00aa,128.9089987000,35.2884317500
마마28aa00ab,128.9090378000,35.2906853200
마마28aa00ba,128.9090768000,35.2929388900
마마28aa00bb,128.9091159000,35.2951924600
마마28aa01aa,128.9091550000,35.2974460200
마마28aa01ab,128.9091940000,35.2996995900
마마28aa01ba,128.9092331000,35.3019531500
마마28aa01bb,128.9092722000,35.3042067200
마마28aa02aa,128.9093113000,35.3064602800
마마28aa02ab,128.9093504000,35.3087138400
마마28aa02ba,128.9093895000,35.3109674000
마마28aa02bb,128.9094286000,35.3132209600
마마28aa03aa,128.9094677000,35.3154745200
마마28aa03ab,128.9095068000,35.3177280800
마마28aa03ba,128.9095459000,35.3199816400
마마28aa03bb,128.9095850000,35.3222351900
마마28aa04aa,128.9096241000,35.3244887500
마마28aa04ab,128.9096633000,35.3267423000
마마28aa04ba,128.9097024000,35.3289958600
마마28aa04bb,128.9097415000,35.3312494100
마마28aa05aa,128.9097807000,35.3335029600
마마28aa05ab,128.9098198000,35.3357565100
마마28aa05ba,128.9098590000,35.3380100600
마마28aa05bb,128.9098981000,35.3402636100
마마28aa06aa,128.9099373000,35.3425171600
마마28aa06ab,128.9099764000,35.3447707100
마마28aa06ba,128.9100156000,35.3470242600
마마28aa06bb,128.9100548000,35.3492778000
마마28aa07aa,128.9100939000,35.3515313500
마마28aa07ab,128.9101331000,35.3537848900
마마28aa07ba,128.9101723000,35.3560384400
마마28aa07bb,128.9102115000,35.3582919800
마마28aa08aa,128.9102507000,35.3605455200
마마28aa08ab,128.9102899000,35.3627990600
마마28aa08ba,128.9103291000,35.3650526000
마마28ab00aa,128.9117472000,35.2883997000
마마28ab00ab,128.9117864000,35.2906532700
마마28ab00ba,128.9118255000,35.2929068300
마마28ab00bb,128.9118646000,35.2951604000
마마28ab01aa,128.9119038000,35.2974139600
마마28ab01ab,128.9119429000,35.2996675200
마마28ab01ba,128.9119821000,35.3019210800
마마28ab01bb,128.9120212000,35.3041746400
마마28ab02aa,128.9120604000,35.3064282000
마마28ab02ab,128.9120996000,35.3086817600
마마28ab02ba,128.9121388000,35.3109353200
마마28ab02bb,128.9121779000,35.3131888800
마마28ab03aa,128.9122171000,35.3154424400
마마28ab03ab,128.9122563000,35.3176959900
마마28ab03ba,128.9122955000,35.3199495500
마마28ab03bb,128.9123347000,35.3222031000
마마28ab04aa,128.9123739000,35.3244566500
마마28ab04ab,128.9124131000,35.3267102100
마마28ab04ba,128.9124523000,35.3289637600
마마28ab04bb,128.9124915000,35.3312173100
마마28ab05aa,128.9125307000,35.3334708600
마마28ab05ab,128.9125699000,35.3357244100
마마28ab05ba,128.9126092000,35.3379779500
마마28ab05bb,128.9126484000,35.3402315000
마마28ab06aa,128.9126876000,35.3424850500
마마28ab06ab,128.9127269000,35.3447385900
마마28ab06ba,128.9127661000,35.3469921300
마마28ab06bb,128.9128053000,35.3492456800
마마28ab07aa,128.9128446000,35.3514992200
마마28ab07ab,128.9128838000,35.3537527600
마마28ab07ba,128.9129231000,35.3560063000
마마28ab07bb,128.9129624000,35.3582598400
마마28ab08aa,128.9130016000,35.3605133800
마마28ab08ab,128.9130409000,35.3627669200
마마28ab08ba,128.9130802000,35.3650204600
마마28ba00aa,128.9144957000,35.2883675800
마마28ba00ab,128.9145350000,35.2906211500
마마28ba00ba,128.9145742000,35.2928747100
마마28ba00bb,128.9146134000,35.2951282700
마마28ba01aa,128.9146526000,35.2973818300
마마28ba01ab,128.9146918000,35.2996353900
마마28ba01ba,128.9147311000,35.3018889500
마마28ba01bb,128.9147703000,35.3041425100
마마28ba02aa,128.9148095000,35.3063960700
마마28ba02ab,128.9148488000,35.3086496200
마마28ba02ba,128.9148880000,35.3109031800
마마28ba02bb,128.9149273000,35.3131567300
마마28ba03aa,128.9149665000,35.3154102900
마마28ba03ab,128.9150058000,35.3176638400
마마28ba03ba,128.9150451000,35.3199173900
마마28ba03bb,128.9150843000,35.3221709500
마마28ba04aa,128.9151236000,35.3244245000
마마28ba04ab,128.9151629000,35.3266780400
마마28ba04ba,128.9152022000,35.3289315900
마마28ba04bb,128.9152415000,35.3311851400
마마28ba05aa,128.9152808000,35.3334386900
마마28ba05ab,128.9153200000,35.3356922300
마마28ba05ba,128.9153594000,35.3379457800
마마28ba05bb,128.9153987000,35.3401993200
마마28ba06aa,128.9154380000,35.3424528700
마마28ba06ab,128.9154773000,35.3447064100
마마28ba06ba,128.9155166000,35.3469599500
마마28ba06bb,128.9155559000,35.3492134900
마마28ba07aa,128.9155952000,35.3514670300
마마28ba07ab,128.9156346000,35.3537205700
마마28ba07ba,128.9156739000,35.3559741100
마마28ba07bb,128.9157133000,35.3582276400
마마28ba08aa,128.9157526000,35.3604811800
마마28ba08ab,128.9157919000,35.3627347200
마마28bb00aa,128.9172443000,35.2883354100
마마28bb00ab,128.9172835000,35.2905889700
마마28bb00ba,128.9173228000,35.2928425300
마마28bb00bb,128.9173621000,35.2950960900
마마28bb01aa,128.9174014000,35.2973496500
마마28bb01ab,128.9174407000,35.2996032000
마마28bb01ba,128.9174800000,35.3018567600
마마28bb01bb,128.9175193000,35.3041103100
마마28bb02aa,128.9175587000,35.3063638700
마마28bb02ab,128.9175980000,35.3086174200
마마28bb02ba,128.9176373000,35.3108709800
마마28bb02bb,128.9176766000,35.3131245300
마마28bb03aa,128.9177160000,35.3153780800
마마28bb03ab,128.9177553000,35.3176316300
마마28bb03ba,128.9177946000,35.3198851800
마마28bb03bb,128.9178340000,35.3221387300
마마28bb04aa,128.9178733000,35.3243922700
마마28bb04ab,128.9179127000,35.3266458200
마마28bb04ba,128.9179521000,35.3288993700
마마28bb04bb,128.9179914000,35.3311529100
마마28bb05aa,128.9180308000,35.3334064600
마마28bb05ab,128.9180702000,35.3356600000
마마28bb05ba,128.9181095000,35.3379135400
마마28bb05bb,128.9181489000,35.3401670800
마마28bb06aa,128.9181883000,35.3424206200
마마28bb06ab,128.9182277000,35.3446741600
마마28bb06ba,128.9182671000,35.3469277000
마마28bb06bb,128.9183065000,35.3491812400
마마28bb07aa,128.9183459000,35.3514347800
마마28bb07ab,128.9183853000,35.3536883100
마마28bb07ba,128.9184247000,35.3559418500
마마28bb07bb,128.9184641000,35.3581953800
마마28bb08aa,128.9185036000,35.3604489200
마마29aa00aa,128.9199928000,35.2883031700
마마29aa00ab,128.9200321000,35.2905567200
마마29aa00ba,128.9200715000,35.2928102800
마마29aa00bb,128.9201109000,35.2950638400
마마29aa01aa,128.9201502000,35.2973173900
마마29aa01ab,128.9201896000,35.2995709500
마마29aa01ba,128.9202290000,35.3018245000
마마29aa01bb,128.9202684000,35.3040780600
마마29aa02aa,128.9203078000,35.3063316100
마마29aa02ab,128.9203472000,35.3085851600
마마29aa02ba,128.9203866000,35.3108387100
마마29aa02bb,128.9204260000,35.3130922600
마마29aa03aa,128.9204654000,35.3153458100
마마29aa03ab,128.9205048000,35.3175993500
마마29aa03ba,128.9205442000,35.3198529000
마마29aa03bb,128.9205836000,35.3221064500
마마29aa04aa,128.9206231000,35.3243599900
마마29aa04ab,128.9206625000,35.3266135400
마마29aa04ba,128.9207019000,35.3288670800
마마29aa04bb,128.9207414000,35.3311206200
마마29aa05aa,128.9207808000,35.3333741600
마마29aa05ab,128.9208203000,35.3356277000
마마29aa05ba,128.9208597000,35.3378812400
마마29aa05bb,128.9208992000,35.3401347800
마마29aa06aa,128.9209386000,35.3423883200
마마29aa06ab,128.9209781000,35.3446418600
마마29aa06ba,128.9210176000,35.3468953900
마마29aa06bb,128.9210571000,35.3491489300
마마29aa07aa,128.9210965000,35.3514024600
마마29aa07ab,128.9211360000,35.3536560000
마마29aa07ba,128.9211755000,35.3559095300
마마29aa07bb,128.9212150000,35.3581630600
마마29aa08aa,128.9212545000,35.3604165900
마마29ab00aa,128.9227413000,35.2882708600
마마29ab00ab,128.9227807000,35.2905244200
마마29ab00ba,128.9228202000,35.2927779700
마마29ab00bb,128.9228596000,35.2950315300
마마29ab01aa,128.9228990000,35.2972850800
마마29ab01ab,128.9229385000,35.2995386300
마마29ab01ba,128.9229780000,35.3017921800
마마29ab01bb,128.9230174000,35.3040457300
마마29ab02aa,128.9230569000,35.3062992800
마마29ab02ab,128.9230964000,35.3085528300
마마29ab02ba,128.9231358000,35.3108063800
마마29ab02bb,128.9231753000,35.3130599300
마마29ab03aa,128.9232148000,35.3153134700
마마29ab03ab,128.9232543000,35.3175670200
마마29ab03ba,128.9232938000,35.3198205600
마마29ab03bb,128.9233333000,35.3220741000
마마29ab04aa,128.9233728000,35.3243276500
마마29ab04ab,128.9234123000,35.3265811900
마마29ab04ba,128.9234518000,35.3288347300
마마29ab04bb,128.9234913000,35.3310882700
마마29ab05aa,128.9235309000,35.3333418100
마마29ab05ab,128.9235704000,35.3355953400
마마29ab05ba,128.9236099000,35.3378488800
마마29ab05bb,128.9236494000,35.3401024200
마마29ab06aa,128.9236890000,35.3423559500
마마29ab06ab,128.9237285000,35.3446094900
마마29ab06ba,128.9237681000,35.3468630200
마마29ab06bb,128.9238076000,35.3491165500
마마29ab07aa,128.9238472000,35.3513700900
마마29ab07ab,128.9238867000,35.3536236200
마마29ab07ba,128.9239263000,35.3558771500
마마29ab07bb,128.9239659000,35.3581306800
마마29ba00aa,128.9254898000,35.2882385000
마마29ba00ab,128.9255293000,35.2904920500
마마29ba00ba,128.9255688000,35.2927456000
마마29ba00bb,128.9256083000,35.2949991500
마마29ba01aa,128.9256479000,35.2972527100
마마29ba01ab,128.9256874000,35.2995062500
마마29ba01ba,128.9257269000,35.3017598000
마마29ba01bb,128.9257665000,35.3040133500
마마29ba02aa,128.9258060000,35.3062669000
마마29ba02ab,128.9258456000,35.3085204400
마마29ba02ba,128.9258851000,35.3107739900
마마29ba02bb,128.9259247000,35.3130275300
마마29ba03aa,128.9259642000,35.3152810700
마마29ba03ab,128.9260038000,35.3175346200
마마29ba03ba,128.9260434000,35.3197881600
마마29ba03bb,128.9260829000,35.3220417000
마마29ba04aa,128.9261225000,35.3242952400
마마29ba04ab,128.9261621000,35.3265487800
마마29ba04ba,128.9262017000,35.3288023200
마마29ba04bb,128.9262413000,35.3310558500
마마29ba05aa,128.9262809000,35.3333093900
마마29ba05ab,128.9263205000,35.3355629200
마마29ba05ba,128.9263601000,35.3378164600
마마29ba05bb,128.9263997000,35.3400699900
마마29ba06aa,128.9264393000,35.3423235200
마마29ba06ab,128.9264789000,35.3445770600
마마29ba06ba,128.9265186000,35.3468305900
마마29ba06bb,128.9265582000,35.3490841200
마마29ba07aa,128.9265978000,35.3513376500
마마29ba07ab,128.9266375000,35.3535911700
마마29ba07ba,128.9266771000,35.3558447000
마마29bb00aa,128.9282383000,35.2882060700
마마29bb00ab,128.9282779000,35.2904596200
마마29bb00ba,128.9283175000,35.2927131700
마마29bb00bb,128.9283571000,35.2949667200
마마29bb01aa,128.9283967000,35.2972202700
마마29bb01ab,128.9284363000,35.2994738100
마마29bb01ba,128.9284759000,35.3017273600
마마29bb01bb,128.9285155000,35.3039809000
마마29bb02aa,128.9285551000,35.3062344500
마마29bb02ab,128.9285947000,35.3084879900
마마29bb02ba,128.9286344000,35.3107415300
마마29bb02bb,128.9286740000,35.3129950700
마마29bb03aa,128.9287136000,35.3152486200
마마29bb03ab,128.9287533000,35.3175021500
마마29bb03ba,128.9287929000,35.3197556900
마마29bb03bb,128.9288326000,35.3220092300
마마29bb04aa,128.9288722000,35.3242627700
마마29bb04ab,128.9289119000,35.3265163000
마마29bb04ba,128.9289516000,35.3287698400
마마29bb04bb,128.9289912000,35.3310233700
마마29bb05aa,128.9290309000,35.3332769100
마마29bb05ab,128.9290706000,35.3355304400
마마29bb05ba,128.9291103000,35.3377839700
마마29bb05bb,128.9291499000,35.3400375000
마마29bb06aa,128.9291896000,35.3422910300
마마29bb06ab,128.9292293000,35.3445445600
마마29bb06ba,128.9292690000,35.3467980900
마마29bb06bb,128.9293087000,35.3490516200
마마29bb07aa,128.9293484000,35.3513051400
마마29bb07ab,128.9293882000,35.3535586700
마마30aa00aa,128.9309868000,35.2881735800
마마30aa00ab,128.9310264000,35.2904271300
마마30aa00ba,128.9310661000,35.2926806800
마마30aa00bb,128.9311058000,35.2949342200
마마30aa01aa,128.9311455000,35.2971877700
마마30aa01ab,128.9311851000,35.2994413100
마마30aa01ba,128.9312248000,35.3016948500
마마30aa01bb,128.9312645000,35.3039484000
마마30aa02aa,128.9313042000,35.3062019400
마마30aa02ab,128.9313439000,35.3084554800
마마30aa02ba,128.9313836000,35.3107090200
마마30aa02bb,128.9314233000,35.3129625600
마마30aa03aa,128.9314630000,35.3152160900
마마30aa03ab,128.9315028000,35.3174696300
마마30aa03ba,128.9315425000,35.3197231700
마마30aa03bb,128.9315822000,35.3219767000
마마30aa04aa,128.9316219000,35.3242302300
마마30aa04ab,128.9316617000,35.3264837700
마마30aa04ba,128.9317014000,35.3287373000
마마30aa04bb,128.9317412000,35.3309908300
마마30aa05aa,128.9317809000,35.3332443600
마마30aa05ab,128.9318207000,35.3354978900
마마30aa05ba,128.9318604000,35.3377514200
마마30aa05bb,128.9319002000,35.3400049500
마마30aa06aa,128.9319400000,35.3422584800
마마30aa06ab,128.9319797000,35.3445120000
마마30aa06ba,128.9320195000,35.3467655300
마마30aa06bb,128.9320593000,35.3490190500
마마30aa07aa,128.9320991000,35.3512725800
마마30ab00aa,128.9337353000,35.2881410300
마마30ab00ab,128.9337750000,35.2903945700
마마30ab00ba,128.9338147000,35.2926481200
마마30ab00bb,128.9338545000,35.2949016600
마마30ab01aa,128.9338942000,35.2971552000
마마30ab01ab,128.9339340000,35.2994087400
마마30ab01ba,128.9339738000,35.3016622800
마마30ab01bb,128.9340135000,35.3039158200
마마30ab02aa,128.9340533000,35.3061693600
마마30ab02ab,128.9340931000,35.3084229000
마마30ab02ba,128.9341329000,35.3106764400
마마30ab02bb,128.9341727000,35.3129299700
마마30ab03aa,128.9342124000,35.3151835100
마마30ab03ab,128.9342522000,35.3174370400
마마30ab03ba,128.9342920000,35.3196905800
마마30ab03bb,128.9343318000,35.3219441100
마마30ab04aa,128.9343717000,35.3241976400
마마30ab04ab,128.9344115000,35.3264511700
마마30ab04ba,128.9344513000,35.3287047000
마마30ab04bb,128.9344911000,35.3309582300
마마30ab05aa,128.9345309000,35.3332117600
마마30ab05ab,128.9345708000,35.3354652800
마마30ab05ba,128.9346106000,35.3377188100
마마30ab05bb,128.9346504000,35.3399723400
마마30ab06aa,128.9346903000,35.3422258600
마마30ab06ab,128.9347301000,35.3444793800
마마30ab06ba,128.9347700000,35.3467329100
마마30ab06bb,128.9348098000,35.3489864300
마마30ba00aa,128.9364837000,35.2881084100
마마30ba00ab,128.9365236000,35.2903619600
마마30ba00ba,128.9365634000,35.2926155000
마마30ba00bb,128.9366032000,35.2948690400
마마30ba01aa,128.9366430000,35.2971225800
마마30ba01ab,128.9366829000,35.2993761200
마마30ba01ba,128.9367227000,35.3016296500
마마30ba01bb,128.9367626000,35.3038831900
마마30ba02aa,128.9368024000,35.3061367300
마마30ba02ab,128.9368423000,35.3083902600
마마30ba02ba,128.9368821000,35.3106438000
마마30ba02bb,128.9369220000,35.3128973300
마마30ba03aa,128.9369618000,35.3151508600
마마30ba03ab,128.9370017000,35.3174043900
마마30ba03ba,128.9370416000,35.3196579200
마마30ba03bb,128.9370815000,35.3219114500
마마30ba04aa,128.9371214000,35.3241649800
마마30ba04ab,128.9371612000,35.3264185100
마마30ba04ba,128.9372011000,35.3286720400
마마30ba04bb,128.9372410000,35.3309255600
마마30ba05aa,128.9372809000,35.3331790900
마마30ba05ab,128.9373208000,35.3354326100
마마30ba05ba,128.9373608000,35.3376861400
마마30ba05bb,128.9374007000,35.3399396600
마마30ba06aa,128.9374406000,35.3421931800
마마30ba06ab,128.9374805000,35.3444467000
마마30ba06ba,128.9375204000,35.3467002200
마마30bb00aa,128.9392322000,35.2880757400
마마30bb00ab,128.9392721000,35.2903292800
마마30bb00ba,128.9393120000,35.2925828200
마마30bb00bb,128.9393519000,35.2948363500
마마30bb01aa,128.9393918000,35.2970898900
마마30bb01ab,128.9394317000,35.2993434300
마마30bb01ba,128.9394716000,35.3015969600
마마30bb01bb,128.9395116000,35.3038504900
마마30bb02aa,128.9395515000,35.3061040300
마마30bb02ab,128.9395914000,35.3083575600
마마30bb02ba,128.9396314000,35.3106110900
마마30bb02bb,128.9396713000,35.3128646200
마마30bb03aa,128.9397112000,35.3151181500
마마30bb03ab,128.9397512000,35.3173716800
마마30bb03ba,128.9397911000,35.3196252100
마마30bb03bb,128.9398311000,35.3218787300
마마30bb04aa,128.9398711000,35.3241322600
마마30bb04ab,128.9399110000,35.3263857900
마마30bb04ba,128.9399510000,35.3286393100
마마30bb04bb,128.9399910000,35.3308928300
마마30bb05aa,128.9400309000,35.3331463600
마마30bb05ab,128.9400709000,35.3353998800
마마30bb05ba,128.9401109000,35.3376534000
마마30bb05bb,128.9401509000,35.3399069200
마마30bb06aa,128.9401909000,35.3421604400
마마31aa00aa,128.9419807000,35.2880430000
마마31aa00ab,128.9420207000,35.2902965300
마마31aa00ba,128.9420606000,35.2925500700
마마31aa00bb,128.9421006000,35.2948036100
마마31aa01aa,128.9421406000,35.2970571400
마마31aa01ab,128.9421806000,35.2993106700
마마31aa01ba,128.9422206000,35.3015642000
마마31aa01bb,128.9422606000,35.3038177400
마마31aa02aa,128.9423006000,35.3060712700
마마31aa02ab,128.9423406000,35.3083248000
마마31aa02ba,128.9423806000,35.3105783200
마마31aa02bb,128.9424206000,35.3128318500
마마31aa03aa,128.9424606000,35.3150853800
마마31aa03ab,128.9425006000,35.3173389100
마마31aa03ba,128.9425407000,35.3195924300
마마31aa03bb,128.9425807000,35.3218459500
마마31aa04aa,128.9426207000,35.3240994800
마마31aa04ab,128.9426608000,35.3263530000
마마31aa04ba,128.9427008000,35.3286065200
마마31aa04bb,128.9427409000,35.3308600400
마마31aa05aa,128.9427809000,35.3331135600
마마31aa05ab,128.9428210000,35.3353670800
마마31aa05ba,128.9428611000,35.3376206000
마마31aa05bb,128.9429011000,35.3398741200
마마31ab00aa,128.9447292000,35.2880102000
마마31ab00ab,128.9447692000,35.2902637300
마마31ab00ba,128.9448093000,35.2925172600
마마31ab00bb,128.9448493000,35.2947708000
마마31ab01aa,128.9448894000,35.2970243300
마마31ab01ab,128.9449294000,35.2992778600
마마31ab01ba,128.9449695000,35.3015313900
마마31ab01bb,128.9450096000,35.3037849100
마마31ab02aa,128.9450497000,35.3060384400
마마31ab02ab,128.9450897000,35.3082919700
마마31ab02ba,128.9451298000,35.3105455000
마마31ab02bb,128.9451699000,35.3127990200
마마31ab03aa,128.9452100000,35.3150525400
마마31ab03ab,128.9452501000,35.3173060700
마마31ab03ba,128.9452902000,35.3195595900
마마31ab03bb,128.9453303000,35.3218131100
마마31ab04aa,128.9453704000,35.3240666300
마마31ab04ab,128.9454106000,35.3263201500
마마31ab04ba,128.9454507000,35.3285736700
마마31ab04bb,128.9454908000,35.3308271900
마마31ab05aa,128.9455309000,35.3330807100
마마31ab05ab,128.9455711000,35.3353342200
마마31ab05ba,128.9456112000,35.3375877400
마마31ba00aa,128.9474776000,35.2879773300
마마31ba00ab,128.9475177000,35.2902308600
마마31ba00ba,128.9475579000,35.2924843900
마마31ba00bb,128.9475980000,35.2947379200
마마31ba01aa,128.9476381000,35.2969914500
마마31ba01ab,128.9476783000,35.2992449800
마마31ba01ba,128.9477184000,35.3014985100
마마31ba01bb,128.9477586000,35.3037520300
마마31ba02aa,128.9477987000,35.3060055600
마마31ba02ab,128.9478389000,35.3082590800
마마31ba02ba,128.9478791000,35.3105126000
마마31ba02bb,128.9479192000,35.3127661300
마마31ba03aa,128.9479594000,35.3150196500
마마31ba03ab,128.9479996000,35.3172731700
마마31ba03ba,128.9480397000,35.3195266900
마마31ba03bb,128.9480799000,35.3217802100
마마31ba04aa,128.9481201000,35.3240337200
마마31ba04ab,128.9481603000,35.3262872400
마마31ba04ba,128.9482005000,35.3285407600
마마31ba04bb,128.9482407000,35.3307942700
마마31ba05aa,128.9482809000,35.3330477900
마마31ba05ab,128.9483211000,35.3353013000
마마31ba05ba,128.9483614000,35.3375548100
마마31bb00aa,128.9502261000,35.2879444000
마마31bb00ab,128.9502663000,35.2901979300
마마31bb00ba,128.9503065000,35.2924514600
마마31bb00bb,128.9503467000,35.2947049900
마마31bb01aa,128.9503869000,35.2969585100
마마31bb01ab,128.9504271000,35.2992120400
마마31bb01ba,128.9504673000,35.3014655600
마마31bb01bb,128.9505076000,35.3037190900
마마31bb02aa,128.9505478000,35.3059726100
마마31bb02ab,128.9505880000,35.3082261300
마마31bb02ba,128.9506283000,35.3104796500
마마31bb02bb,128.9506685000,35.3127331700
마마31bb03aa,128.9507088000,35.3149866900
마마31bb03ab,128.9507490000,35.3172402100
마마31bb03ba,128.9507893000,35.3194937200
마마31bb03bb,128.9508295000,35.3217472400
마마31bb04aa,128.9508698000,35.3240007500
마마31bb04ab,128.9509101000,35.3262542700
마마31bb04ba,128.9509503000,35.3285077800
마마31bb04bb,128.9509906000,35.3307612900
마마31bb05aa,128.9510309000,35.3330148100
마마31bb05ab,128.9510712000,35.3352683200
마마31bb05ba,128.9511115000,35.3375218300
마마32aa00aa,128.9529745000,35.2879114200
마마32aa00ab,128.9530148000,35.2901649400
마마32aa00ba,128.9530551000,35.2924184700
마마32aa00bb,128.9530954000,35.2946719900
마마32aa01aa,128.9531357000,35.2969255100
마마32aa01ab,128.9531760000,35.2991790400
마마32aa01ba,128.9532163000,35.3014325600
마마32aa01bb,128.9532566000,35.3036860800
마마32aa02aa,128.9532969000,35.3059396000
마마32aa02ab,128.9533372000,35.3081931100
마마32aa02ba,128.9533775000,35.3104466300
마마32aa02bb,128.9534178000,35.3127001500
마마32aa03aa,128.9534581000,35.3149536700
마마32aa03ab,128.9534985000,35.3172071800
마마32aa03ba,128.9535388000,35.3194606900
마마32aa03bb,128.9535791000,35.3217142100
마마32aa04aa,128.9536195000,35.3239677200
마마32aa04ab,128.9536598000,35.3262212300
마마32aa04ba,128.9537002000,35.3284747400
마마32aa04bb,128.9537405000,35.3307282500
마마32aa05aa,128.9537809000,35.3329817600
마마32aa05ab,128.9538213000,35.3352352700
마마32aa05ba,128.9538616000,35.3374887800
마마32ab00aa,128.9557230000,35.2878783600
마마32ab00ab,128.9557633000,35.2901318900
마마32ab00ba,128.9558037000,35.2923854100
마마32ab00bb,128.9558441000,35.2946389300
마마32ab01aa,128.9558844000,35.2968924500
마마32ab01ab,128.9559248000,35.2991459700
마마32ab01ba,128.9559652000,35.3013994900
마마32ab01bb,128.9560055000,35.3036530100
마마32ab02aa,128.9560459000,35.3059065200
마마32ab02ab,128.9560863000,35.3081600400
마마32ab02ba,128.9561267000,35.3104135500
마마32ab02bb,128.9561671000,35.3126670700
마마32ab03aa,128.9562075000,35.3149205800
마마32ab03ab,128.9562479000,35.3171740900
마마32ab03ba,128.9562883000,35.3194276000
마마32ab03bb,128.9563287000,35.3216811200
마마32ab04aa,128.9563691000,35.3239346300
마마32ab04ab,128.9564096000,35.3261881300
마마32ab04ba,128.9564500000,35.3284416400
마마32ab04bb,128.9564904000,35.3306951500
마마32ab05aa,128.9565309000,35.3329486600
마마32ab05ab,128.9565713000,35.3352021600
마마32ba00aa,128.9584714000,35.2878452500
마마32ba00ab,128.9585119000,35.2900987700
마마32ba00ba,128.9585523000,35.2923522900
마마32ba00bb,128.9585927000,35.2946058100
마마32ba01aa,128.9586332000,35.2968593300
마마32ba01ab,128.9586736000,35.2991128400
마마32ba01ba,128.9587141000,35.3013663600
마마32ba01bb,128.9587545000,35.3036198700
마마32ba02aa,128.9587950000,35.3058733900
마마32ba02ab,128.9588354000,35.3081269000
마마32ba02ba,128.9588759000,35.3103804100
마마32ba02bb,128.9589164000,35.3126339200
마마32ba03aa,128.9589569000,35.3148874300
마마32ba03ab,128.9589973000,35.3171409400
마마32ba03ba,128.9590378000,35.3193944500
마마32ba03bb,128.9590783000,35.3216479600
마마32ba04aa,128.9591188000,35.3239014700
마마32ba04ab,128.9591593000,35.3261549700
마마32ba04ba,128.9591998000,35.3284084800
마마32ba04bb,128.9592403000,35.3306619800
마마32ba05aa,128.9592808000,35.3329154900
마마32ba05ab,128.9593214000,35.3351689900
마마32bb00aa,128.9612199000,35.2878120700
마마32bb00ab,128.9612604000,35.2900655900
마마32bb00ba,128.9613009000,35.2923191100
마마32bb00bb,128.9613414000,35.2945726200
마마32bb01aa,128.9613819000,35.2968261400
마마32bb01ab,128.9614224000,35.2990796500
마마32bb01ba,128.9614630000,35.3013331600
마마32bb01bb,128.9615035000,35.3035866800
마마32bb02aa,128.9615440000,35.3058401900
마마32bb02ab,128.9615846000,35.3080937000
마마32bb02ba,128.9616251000,35.3103472100
마마32bb02bb,128.9616657000,35.3126007200
마마32bb03aa,128.9617062000,35.3148542200
마마32bb03ab,128.9617468000,35.3171077300
마마32bb03ba,128.9617873000,35.3193612400
마마32bb03bb,128.9618279000,35.3216147400
마마32bb04aa,128.9618685000,35.3238682500
마마32bb04ab,128.9619091000,35.3261217500
마마32bb04ba,128.9619496000,35.3283752500
마마32bb04bb,128.9619902000,35.3306287500
마마32bb05aa,128.9620308000,35.3328822500
마마33aa00aa,128.9639683000,35.2877788300
마마33aa00ab,128.9640089000,35.2900323500
마마33aa00ba,128.9640495000,35.2922858600
마마33aa00bb,128.9640901000,35.2945393800
마마33aa01aa,128.9641307000,35.2967928900
마마33aa01ab,128.9641713000,35.2990464000
마마33aa01ba,128.9642119000,35.3012999100
마마33aa01bb,128.9642525000,35.3035534200
마마33aa02aa,128.9642931000,35.3058069300
마마33aa02ab,128.9643337000,35.3080604300
마마33aa02ba,128.9643743000,35.3103139400
마마33aa02bb,128.9644149000,35.3125674500
마마33aa03aa,128.9644556000,35.3148209500
마마33aa03ab,128.9644962000,35.3170744600
마마33aa03ba,128.9645368000,35.3193279600
마마33aa03bb,128.9645775000,35.3215814600
마마33aa04aa,128.9646181000,35.3238349600
마마33aa04ab,128.9646588000,35.3260884600
마마33aa04ba,128.9646994000,35.3283419600
마마33aa04bb,128.9647401000,35.3305954600
마마33aa05aa,128.9647808000,35.3328489600
마마33ab00aa,128.9667168000,35.2877455300
마마33ab00ab,128.9667574000,35.2899990400
마마33ab00ba,128.9667981000,35.2922525600
마마33ab00bb,128.9668387000,35.2945060700
마마33ab01aa,128.9668794000,35.2967595800
마마33ab01ab,128.9669201000,35.2990130800
마마33ab01ba,128.9669608000,35.3012665900
마마33ab01bb,128.9670014000,35.3035201000
마마33ab02aa,128.9670421000,35.3057736000
마마33ab02ab,128.9670828000,35.3080271100
마마33ab02ba,128.9671235000,35.3102806100
마마33ab02bb,128.9671642000,35.3125341200
마마33ab03aa,128.9672049000,35.3147876200
마마33ab03ab,128.9672456000,35.3170411200
마마33ab03ba,128.9672863000,35.3192946200
마마33ab03bb,128.9673271000,35.3215481200
마마33ab04aa,128.9673678000,35.3238016200
마마33ab04ab,128.9674085000,35.3260551200
마마33ab04ba,128.9674492000,35.3283086100
마마33ab04bb,128.9674900000,35.3305621100
마마33ba00aa,128.9694652000,35.2877121700
마마33ba00ab,128.9695059000,35.2899656800
마마33ba00ba,128.9695467000,35.2922191900
마마33ba00bb,128.9695874000,35.2944726900
마마33ba01aa,128.9696281000,35.2967262000
마마33ba01ab,128.9696689000,35.2989797100
마마33ba01ba,128.9697096000,35.3012332100
마마33ba01bb,128.9697504000,35.3034867100
마마33ba02aa,128.9697912000,35.3057402200
마마33ba02ab,128.9698319000,35.3079937200
마마33ba02ba,128.9698727000,35.3102472200
마마33ba02bb,128.9699135000,35.3125007200
마마33ba03aa,128.9699543000,35.3147542200
마마33ba03ab,128.9699951000,35.3170077200
마마33ba03ba,128.9700358000,35.3192612200
마마33ba03bb,128.9700766000,35.3215147100
마마33ba04aa,128.9701174000,35.3237682100
마마33ba04ab,128.9701582000,35.3260217000
마마33ba04ba,128.9701990000,35.3282752000
마마33bb00aa,128.9722136000,35.2876787400
마마33bb00ab,128.9722544000,35.2899322500
마마33bb00ba,128.9722952000,35.2921857500
마마33bb00bb,128.9723361000,35.2944392600
마마33bb01aa,128.9723769000,35.2966927600
마마33bb01ab,128.9724177000,35.2989462700
마마33bb01ba,128.9724585000,35.3011997700
마마33bb01bb,128.9724994000,35.3034532700
마마33bb02aa,128.9725402000,35.3057067700
마마33bb02ab,128.9725810000,35.3079602700
마마33bb02ba,128.9726219000,35.3102137700
마마33bb02bb,128.9726627000,35.3124672600
마마33bb03aa,128.9727036000,35.3147207600
마마33bb03ab,128.9727445000,35.3169742600
마마33bb03ba,128.9727853000,35.3192277500
마마33bb03bb,128.9728262000,35.3214812500
마마33bb04aa,128.9728671000,35.3237347400
마마34aa00aa,128.9749620000,35.2876452500
마마34aa00ab,128.9750029000,35.2898987600
마마34aa00ba,128.9750438000,35.2921522600
마마34aa00bb,128.9750847000,35.2944057600
마마34aa01aa,128.9751256000,35.2966592600
마마34aa01ab,128.9751665000,35.2989127600
마마34aa01ba,128.9752074000,35.3011662600
마마34aa01bb,128.9752483000,35.3034197600
마마34aa02aa,128.9752892000,35.3056732600
마마34aa02ab,128.9753302000,35.3079267600
마마34aa02ba,128.9753711000,35.3101802500
마마34ab00aa,128.9777105000,35.2876117000
마마34ab00ab,128.9777514000,35.2898652000
마마34ab00ba,128.9777924000,35.2921187000
마마34ab00bb,128.9778333000,35.2943722000
마마34ab01aa,128.9778743000,35.2966257000
마마34ab01ab,128.9779153000,35.2988792000
마마34ab01ba,128.9779563000,35.3011326900
마마34ab01bb,128.9779973000,35.3033861900
마마34ab02aa,128.9780383000,35.3056396900
마마34ab02ab,128.9780793000,35.3078931800
마마34ba00aa,128.9804589000,35.2875780900
마마34ba00ab,128.9804999000,35.2898315900
마마34ba00ba,128.9805409000,35.2920850800
마마34ba00bb,128.9805820000,35.2943385800
마마34ba01aa,128.9806230000,35.2965920800
마마34ba01ab,128.9806641000,35.2988455700
마마34ba01ba,128.9807051000,35.3010990600
마마34ba01bb,128.9807462000,35.3033525600
마마34bb00aa,128.9832073000,35.2875444100
마마34bb00ab,128.9832484000,35.2897979100
마마34bb00ba,128.9832895000,35.2920514000
마마34bb00bb,128.9833306000,35.2943049000
마마34bb01aa,128.9833717000,35.2965583900
마마34bb01ab,128.9834129000,35.2988118800
마마35aa00aa,128.9859557000,35.2875106800
마마35aa00ab,128.9859969000,35.2897641700
마마35aa00ba,128.9860381000,35.2920176600
마마35aa00bb,128.9860793000,35.2942711500
마마35ab00aa,128.9887041000,35.2874768700
마마35ab00ab,128.9887453000,35.2897303600
마마35ab00ba,128.9887866000,35.2919838500
마마35ab00bb,128.9888279000,35.2942373400
마마35ba00aa,128.9914525000,35.2874430100
마마35ba00ab,128.9914938000,35.2896965000
마마35ba00ba,128.9915352000,35.2919499800
마마35bb00aa,128.9942009000,35.2874090900
마마35bb00ab,128.9942423000,35.2896625700
마마35bb00ba,128.9942837000,35.2919160500
마마36aa00aa,128.9969492000,35.2873751000
마마36aa00ab,128.9969907000,35.2896285800
마마36ab00aa,128.9996976000,35.2873410500
마마36ab00ab,128.9997392000,35.2895945300
마마36ba00aa,129.0024460000,35.2873069300
