gid,건물1,건물2,건물3,관공서,주차장,경제인구,전기차,충전소,차량속도,lon,lat
마라09ab99bb,0,0,0,0,,,0,0,,128.7028144,35.28840403
마라09ba98ba,0,0,0,0,,,0,0,,128.7053961,35.27710789
마라09ba98bb,0,0,0,0,,,0,0,,128.7054295,35.27936164
마라09ba99aa,0,0,0,0,,,0,0,,128.7054629,35.2816154
마라09ba99ab,0,0,0,0,,,0,0,,128.7054963,35.28386915
마라09ba99ba,0,0,0,0,,,0,0,,128.7055297,35.28612291
마라09ba99bb,0,0,0,0,,,0,0,18.56213873,128.7055631,35.28837666
마라09bb98aa,0,0,0,0,,,0,0,,128.7080775,35.27257296
마라09bb98ab,0,0,0,0,,,0,0,,128.708111,35.27482671
마라09bb98ba,0,0,0,0,,,0,0,,128.7081445,35.27708047
마라09bb98bb,0,0,0,0,,0.0,0,0,71.0,128.7081779,35.27933422
마라09bb99aa,1,0,0,0,,22.0,0,0,,128.7082114,35.28158798
마라09bb99ab,1,0,0,0,,,0,0,,128.7082449,35.28384173
마라09bb99ba,1,0,0,0,,0.0,0,0,,128.7082784,35.28609548
마라09bb99bb,1,0,0,0,,,0,0,,128.7083119,35.28834923
마라10aa96bb,0,0,0,0,,,0,0,,128.7106581,35.2612767
마라10aa97aa,0,0,0,0,,,0,0,,128.7106916,35.26353046
마라10aa97ab,0,0,0,0,,,0,0,,128.7107251,35.26578422
마라10aa97ba,0,0,0,0,,,0,0,,128.7107586,35.26803797
마라10aa97bb,3,0,0,0,,0.0,0,0,,128.7107922,35.27029173
마라10aa98aa,0,0,0,0,,,0,0,,128.7108257,35.27254548
마라10aa98ab,0,0,0,0,,,0,0,,128.7108593,35.27479923
마라10aa98ba,0,0,0,0,,,0,0,,128.7108928,35.27705299
마라10aa98bb,0,0,0,0,,,0,0,,128.7109264,35.27930674
마라10aa99aa,2,0,0,0,,0.0,0,0,,128.7109599,35.28156049
마라10aa99ab,0,0,0,0,,,0,0,,128.7109935,35.28381424
마라10aa99ba,21,0,0,0,,0.0,0,2,,128.7110271,35.28606799
마라10aa99bb,15,0,0,0,,0.0,0,0,,128.7110606,35.28832174
마라10ab96aa,0,0,0,0,,,0,0,,128.7133051,35.2544879
마라10ab96ab,0,0,0,0,,,0,0,,128.7133387,35.25674166
마라10ab96ba,0,0,0,0,,,0,0,,128.7133723,35.25899542
마라10ab96bb,0,0,0,0,,,0,0,,128.7134059,35.26124917
마라10ab97aa,0,0,0,0,,,0,0,,128.7134395,35.26350293
마라10ab97ab,0,0,0,0,,,0,0,,128.7134731,35.26575668
마라10ab97ba,1,0,0,0,,0.0,0,0,,128.7135067,35.26801044
마라10ab97bb,6,0,0,0,,0.0,0,0,,128.7135403,35.27026419
마라10ab98aa,1,0,0,0,,0.0,0,0,,128.7135739,35.27251794
마라10ab98ab,0,0,0,0,,0.0,0,0,,128.7136076,35.27477169
마라10ab98ba,0,0,0,0,,,0,0,,128.7136412,35.27702544
마라10ab98bb,0,6,0,0,,,0,0,,128.7136748,35.27927919
마라10ab99aa,3,0,0,0,,,0,0,,128.7137084,35.28153294
마라10ab99ab,5,0,0,0,,0.0,0,0,,128.7137421,35.28378669
마라10ab99ba,34,0,0,0,,49.0,0,0,,128.7137757,35.28604044
마라10ab99bb,2,0,0,0,,,0,0,,128.7138094,35.28829418
마라10ba95bb,0,0,0,0,,,0,0,,128.716019,35.25220656
마라10ba96aa,0,0,0,0,,,0,0,,128.7160527,35.25446032
마라10ba96ab,0,0,0,0,,,0,0,,128.7160864,35.25671407
마라10ba96ba,0,0,0,0,,,0,0,,128.71612,35.25896783
마라10ba96bb,0,0,0,0,,,0,0,,128.7161537,35.26122158
마라10ba97aa,0,0,0,0,,,0,0,,128.7161874,35.26347534
마라10ba97ab,0,0,0,0,,,0,0,,128.7162211,35.26572909
마라10ba97ba,0,0,0,0,,,0,0,,128.7162547,35.26798284
마라10ba97bb,0,0,0,0,,,0,0,,128.7162884,35.27023659
마라10ba98aa,1,0,0,0,,,0,0,,128.7163221,35.27249034
마라10ba98ab,1,0,0,0,,0.0,0,0,,128.7163558,35.27474409
마라10ba98ba,1,0,0,0,,,0,0,,128.7163895,35.27699784
마라10ba98bb,14,0,0,0,,,0,5,,128.7164232,35.27925158
마라10ba99aa,2,0,0,0,,,0,0,15.0,128.7164569,35.28150533
마라10ba99ab,4,0,0,0,,,0,0,,128.7164907,35.28375908
마라10ba99ba,7,0,0,0,,0.0,0,0,,128.7165244,35.28601282
마라10ba99bb,0,0,0,0,,,1,0,,128.7165581,35.28826656
마라10bb94bb,0,0,0,0,,,0,0,,128.7186316,35.24316389
마라10bb95aa,0,0,0,0,,,0,0,,128.7186653,35.24541765
마라10bb95ab,0,0,0,0,,,0,0,,128.7186991,35.24767141
마라10bb95ba,0,0,0,0,,,0,0,,128.7187328,35.24992516
마라10bb95bb,0,0,0,0,,,0,0,,128.7187665,35.25217892
마라10bb96aa,0,0,0,0,,,0,0,,128.7188003,35.25443267
마라10bb96ab,0,0,0,0,,,0,0,,128.718834,35.25668643
마라10bb96ba,0,0,0,0,,,0,0,,128.7188678,35.25894018
마라10bb96bb,0,0,0,0,,,0,0,,128.7189015,35.26119393
마라10bb97aa,0,0,0,0,,,0,0,,128.7189353,35.26344768
마라10bb97ab,0,0,0,0,,,0,0,,128.718969,35.26570143
마라10bb97ba,0,0,0,0,,,0,0,,128.7190028,35.26795518
마라10bb97bb,0,0,0,0,,,0,0,,128.7190366,35.27020893
마라10bb98aa,0,0,0,0,,,0,0,,128.7190703,35.27246268
마라10bb98ab,0,0,0,0,,0.0,0,0,,128.7191041,35.27471642
마라10bb98ba,3,0,0,0,,9.0,0,0,41.0,128.7191379,35.27697017
마라10bb98bb,0,0,0,0,,,0,0,,128.7191717,35.27922391
마라10bb99aa,6,0,0,0,,,0,0,22.0,128.7192054,35.28147766
마라10bb99ab,32,0,0,0,,0.0,0,0,,128.7192392,35.2837314
마라10bb99ba,44,0,0,0,,19.0,0,0,,128.719273,35.28598514
마라10bb99bb,4,0,0,0,,12.0,0,0,,128.7193068,35.28823888
마라11aa91bb,0,0,0,0,,,0,0,,128.7209735,35.21609106
마라11aa92aa,0,0,0,0,,,0,0,,128.7210073,35.21834482
마라11aa92ab,0,0,0,0,,,0,0,,128.721041,35.22059859
마라11aa92ba,0,0,0,0,,,0,0,,128.7210748,35.22285235
마라11aa92bb,0,0,0,0,,,0,0,,128.7211086,35.22510612
마라11aa93aa,0,0,0,0,,,0,0,,128.7211423,35.22735988
마라11aa94bb,0,0,0,0,,,0,0,,128.7213788,35.24313619
마라11aa95aa,0,0,0,0,,,0,0,,128.7214126,35.24538995
마라11aa95ab,0,0,0,0,,,0,0,,128.7214464,35.2476437
마라11aa95ba,0,0,0,0,,,0,0,,128.7214802,35.24989746
마라11aa95bb,0,0,0,0,,,0,0,,128.721514,35.25215121
마라11aa96aa,0,0,0,0,,,0,0,,128.7215479,35.25440496
마라11aa96ab,0,0,0,0,,,0,0,,128.7215817,35.25665872
마라11aa96ba,0,0,0,0,,,0,0,,128.7216155,35.25891247
마라11aa96bb,0,0,0,0,,,0,0,,128.7216493,35.26116622
마라11aa97aa,0,0,0,0,,,0,0,,128.7216832,35.26341996
마라11aa97ab,0,0,0,0,,,0,0,,128.721717,35.26567371
마라11aa97ba,0,0,0,0,,,0,0,,128.7217508,35.26792746
마라11aa97bb,0,0,0,0,,,0,0,,128.7217847,35.2701812
마라11aa98aa,0,0,0,0,,0.0,0,0,,128.7218185,35.27243495
마라11aa98ab,0,0,0,0,,15.0,0,0,,128.7218524,35.27468869
마라11aa98ba,0,0,0,0,,,0,0,16.09248555,128.7218862,35.27694244
마라11aa98bb,0,0,0,0,,,0,0,,128.7219201,35.27919618
마라11aa99aa,25,0,0,0,,,0,0,,128.7219539,35.28144992
마라11aa99ab,3,0,0,0,,,0,0,,128.7219878,35.28370366
마라11aa99ba,45,0,0,0,,0.0,0,0,,128.7220217,35.2859574
마라11aa99bb,7,0,0,0,,0.0,0,0,,128.7220555,35.28821114
마라11ab91ab,0,0,0,0,,,0,0,,128.7236522,35.2115558
마라11ab91ba,0,0,0,0,,,0,0,,128.723686,35.21380956
마라11ab91bb,0,0,0,0,,,0,0,,128.7237198,35.21606333
마라11ab92aa,0,0,0,0,,,0,0,,128.7237536,35.21831709
마라11ab92ab,0,0,0,0,,,0,0,,128.7237875,35.22057085
마라11ab92ba,0,0,0,0,,,0,0,,128.7238213,35.22282462
마라11ab92bb,0,0,0,0,,,0,0,,128.7238552,35.22507838
마라11ab93aa,0,0,0,0,,,0,0,,128.723889,35.22733214
마라11ab93ab,0,0,0,0,,,0,0,,128.7239228,35.2295859
마라11ab93ba,0,0,0,0,,,0,0,,128.7239567,35.23183966
마라11ab93bb,0,0,0,0,,,0,0,,128.7239906,35.23409341
마라11ab94aa,0,0,0,0,,,0,0,,128.7240244,35.23634717
마라11ab94ab,0,0,0,0,,,0,0,,128.7240583,35.23860093
마라11ab94ba,0,0,0,0,,,0,0,,128.7240922,35.24085468
마라11ab94bb,0,0,0,0,,,0,0,,128.724126,35.24310844
마라11ab95aa,0,0,0,0,,,0,0,,128.7241599,35.24536219
마라11ab95ab,0,0,0,0,,,0,0,,128.7241938,35.24761594
마라11ab95ba,0,0,0,0,,,0,0,,128.7242277,35.24986969
마라11ab95bb,0,0,0,0,,,0,0,,128.7242616,35.25212344
마라11ab96aa,0,0,0,0,,,0,0,,128.7242954,35.25437719
마라11ab96ab,0,0,0,0,,,0,0,,128.7243293,35.25663094
마라11ab96ba,0,0,0,0,,,0,0,,128.7243632,35.25888469
마라11ab96bb,0,0,0,0,,,0,0,,128.7243971,35.26113844
마라11ab97aa,0,0,0,0,,,0,0,,128.724431,35.26339218
마라11ab97ab,0,0,0,0,,,0,0,,128.724465,35.26564593
마라11ab97ba,0,0,0,0,,,0,0,,128.7244989,35.26789967
마라11ab97bb,1,0,0,0,,0.0,0,0,,128.7245328,35.27015342
마라11ab98aa,0,0,0,0,,,0,0,,128.7245667,35.27240716
마라11ab98ab,0,0,0,0,,,0,0,,128.7246006,35.2746609
마라11ab98ba,0,0,0,0,,,0,0,,128.7246346,35.27691464
마라11ab98bb,14,0,0,0,,0.0,0,0,17.90751445,128.7246685,35.27916838
마라11ab99aa,27,0,0,0,,,0,0,,128.7247024,35.28142212
마라11ab99ab,12,0,0,0,,,0,0,,128.7247364,35.28367586
마라11ab99ba,27,0,0,0,,,0,0,,128.7247703,35.2859296
마라11ab99bb,0,0,0,0,,0.0,0,0,,128.7248043,35.28818334
마라11ba90bb,0,0,0,0,,,0,0,,128.7263305,35.20702048
마라11ba91aa,0,0,0,0,,,0,0,,128.7263644,35.20927424
마라11ba91ab,0,0,0,0,,,0,0,,128.7263983,35.21152801
마라11ba91ba,0,0,0,0,,,0,0,,128.7264322,35.21378177
마라11ba91bb,0,0,0,0,,,0,0,,128.7264661,35.21603553
마라11ba92aa,0,0,0,0,,,0,0,,128.7265,35.2182893
마라11ba92ab,0,0,0,0,,,0,0,,128.7265339,35.22054306
마라11ba92ba,0,0,0,0,,,0,0,,128.7265678,35.22279682
마라11ba92bb,0,0,0,0,,,0,0,,128.7266017,35.22505057
마라11ba93aa,0,0,0,0,,,0,0,,128.7266357,35.22730433
마라11ba93ab,0,0,0,0,,,0,0,,128.7266696,35.22955809
마라11ba93ba,0,0,0,0,,,0,0,,128.7267035,35.23181185
마라11ba93bb,0,0,0,0,,,0,0,,128.7267375,35.2340656
마라11ba94aa,0,0,0,0,,,0,0,,128.7267714,35.23631936
마라11ba94ab,0,0,0,0,,,0,0,,128.7268053,35.23857311
마라11ba94ba,0,0,0,0,,,0,0,,128.7268393,35.24082686
마라11ba94bb,0,0,0,0,,,0,0,,128.7268732,35.24308061
마라11ba95aa,0,0,0,0,,,0,0,,128.7269072,35.24533437
마라11ba95ab,0,0,0,0,,,0,0,,128.7269411,35.24758812
마라11ba95ba,0,0,0,0,,,0,0,,128.7269751,35.24984186
마라11ba95bb,0,0,0,0,,,0,0,,128.7270091,35.25209561
마라11ba96aa,0,0,0,0,,,0,0,,128.727043,35.25434936
마라11ba96ab,0,0,0,0,,,0,0,,128.727077,35.25660311
마라11ba96ba,0,0,0,0,,,0,0,,128.727111,35.25885685
마라11ba96bb,0,0,0,0,,,0,0,,128.7271449,35.2611106
마라11ba97aa,0,0,0,0,,,0,0,,128.7271789,35.26336434
마라11ba97ab,0,0,0,0,,,0,0,,128.7272129,35.26561809
마라11ba97ba,0,0,0,0,,,0,0,,128.7272469,35.26787183
마라11ba97bb,0,0,0,0,,,0,0,,128.7272809,35.27012557
마라11ba98aa,0,0,0,0,,,0,0,,128.7273149,35.27237931
마라11ba98ab,0,0,0,0,,,0,0,,128.7273489,35.27463305
마라11ba98ba,4,0,0,0,,0.0,0,0,,128.7273829,35.27688679
마라11ba98bb,5,0,0,0,,11.0,0,0,10.68930636,128.7274169,35.27914053
마라11ba99aa,25,0,0,0,,,0,0,,128.7274509,35.28139426
마라11ba99ab,10,0,0,0,,,0,0,,128.7274849,35.283648
마라11ba99ba,49,0,0,0,,0.0,0,0,,128.727519,35.28590174
마라11ba99bb,17,0,0,0,,7.000000000000001,0,0,34.0,128.727553,35.28815547
마라11bb90bb,0,0,0,0,,,0,0,,128.7290765,35.20699263
마라11bb91aa,0,0,0,0,,,0,0,,128.7291104,35.2092464
마라11bb91ab,0,0,0,0,,,0,0,,128.7291444,35.21150016
마라11bb91ba,0,0,0,0,,,0,0,,128.7291784,35.21375392
마라11bb91bb,0,0,0,0,,,0,0,,128.7292124,35.21600768
마라11bb92aa,0,0,0,0,,,0,0,,128.7292464,35.21826144
마라11bb92ab,1,0,0,0,,0.0,0,0,,128.7292803,35.2205152
마라11bb92ba,4,0,0,0,,8.0,0,0,,128.7293143,35.22276895
마라11bb92bb,0,0,0,0,,,0,0,,128.7293483,35.22502271
마라11bb93aa,0,0,0,0,,,0,0,,128.7293823,35.22727647
마라11bb93ab,0,0,0,0,,,0,0,,128.7294163,35.22953022
마라11bb93ba,0,0,0,0,,,0,0,,128.7294503,35.23178397
마라11bb93bb,0,0,0,0,,,0,0,,128.7294843,35.23403773
마라11bb94aa,0,0,0,0,,,0,0,,128.7295184,35.23629148
마라11bb94ab,0,0,0,0,,,0,0,,128.7295524,35.23854523
마라11bb94ba,0,0,0,0,,,0,0,,128.7295864,35.24079898
마라11bb94bb,0,0,0,0,,,0,0,,128.7296204,35.24305273
마라11bb95aa,0,0,0,0,,,0,0,,128.7296544,35.24530648
마라11bb95ab,0,0,0,0,,,0,0,,128.7296885,35.24756023
마라11bb95ba,0,0,0,0,,,0,0,,128.7297225,35.24981397
마라11bb95bb,0,0,0,0,,,0,0,,128.7297566,35.25206772
마라11bb96aa,2,0,0,0,,,0,0,,128.7297906,35.25432147
마라11bb96ab,0,0,0,0,,,0,0,,128.7298246,35.25657521
마라11bb96ba,0,0,0,0,,,0,0,,128.7298587,35.25882895
마라11bb96bb,0,0,0,0,,,0,0,,128.7298927,35.2610827
마라11bb97aa,0,0,0,0,,,0,0,,128.7299268,35.26333644
마라11bb97ab,0,0,0,0,,,0,0,,128.7299609,35.26559018
마라11bb97ba,0,0,0,0,,,0,0,,128.7299949,35.26784392
마라11bb97bb,0,0,0,0,,,0,0,,128.730029,35.27009766
마라11bb98aa,0,0,0,0,,,0,0,,128.7300631,35.2723514
마라11bb98ab,0,0,0,0,,,0,0,,128.7300972,35.27460513
마라11bb98ba,0,0,0,0,,11.0,0,0,,128.7301312,35.27685887
마라11bb98bb,12,0,0,0,,,0,0,,128.7301653,35.27911261
마라11bb99aa,7,0,0,0,,,0,0,,128.7301994,35.28136634
마라11bb99ab,0,0,0,0,,,0,0,,128.7302335,35.28362008
마라11bb99ba,18,0,0,0,,,0,0,,128.7302676,35.28587381
마라11bb99bb,29,0,0,0,,9.999999999999998,0,0,,128.7303017,35.28812754
마라12aa90ba,0,0,0,0,,,0,0,,128.7317884,35.20471096
마라12aa90bb,0,0,0,0,,,0,0,,128.7318225,35.20696472
마라12aa91aa,0,0,0,0,,,0,0,,128.7318565,35.20921848
마라12aa91ab,0,0,0,0,,,0,0,,128.7318905,35.21147224
마라12aa91ba,0,0,0,0,,,0,0,,128.7319246,35.213726
마라12aa91bb,0,0,0,0,,,0,0,,128.7319587,35.21597976
마라12aa92aa,0,0,0,0,,,0,0,,128.7319927,35.21823352
마라12aa92ab,9,0,0,0,,11.0,0,0,,128.7320268,35.22048727
마라12aa92ba,21,0,0,0,,8.0,0,0,27.12716763,128.7320608,35.22274103
마라12aa92bb,0,0,0,0,,,0,0,,128.7320949,35.22499478
마라12aa93aa,0,0,0,0,,,0,0,,128.732129,35.22724854
마라12aa93ab,0,0,0,0,,,0,0,,128.7321631,35.22950229
마라12aa93ba,0,0,0,0,,,0,0,,128.7321971,35.23175604
마라12aa93bb,0,0,0,0,,,0,0,,128.7322312,35.23400979
마라12aa94aa,0,0,0,0,,,0,0,,128.7322653,35.23626354
마라12aa94ab,0,0,0,0,,,0,0,,128.7322994,35.23851729
마라12aa94ba,1,0,0,0,,,0,0,,128.7323335,35.24077104
마라12aa94bb,0,0,0,0,,,0,0,,128.7323676,35.24302478
마라12aa95aa,0,0,0,0,,,0,0,,128.7324017,35.24527853
마라12aa95ab,0,0,0,0,,,0,0,,128.7324358,35.24753228
마라12aa95ba,0,0,0,0,,,0,0,,128.7324699,35.24978602
마라12aa95bb,0,0,0,0,,,0,0,,128.732504,35.25203977
마라12aa96aa,0,0,0,0,,,0,0,,128.7325382,35.25429351
마라12aa96ab,0,0,0,0,,,0,0,,128.7325723,35.25654725
마라12aa96ba,0,0,0,0,,,0,0,,128.7326064,35.25880099
마라12aa96bb,0,0,0,0,,,0,0,,128.7326405,35.26105473
마라12aa97aa,0,0,0,0,,,0,0,,128.7326747,35.26330847
마라12aa97ab,0,0,0,0,,,0,0,,128.7327088,35.26556221
마라12aa97ba,0,0,0,0,,,0,0,,128.732743,35.26781595
마라12aa97bb,0,0,0,0,,,0,0,,128.7327771,35.27006968
마라12aa98aa,0,0,0,0,,,0,0,,128.7328113,35.27232342
마라12aa98ab,0,0,0,0,,,0,0,,128.7328454,35.27457716
마라12aa98ba,0,0,0,0,,,0,0,,128.7328796,35.27683089
마라12aa98bb,3,0,0,0,,,0,0,,128.7329137,35.27908462
마라12aa99aa,0,0,0,0,,,0,0,,128.7329479,35.28133836
마라12aa99ab,0,0,0,0,,,0,0,,128.7329821,35.28359209
마라12aa99ba,4,0,0,0,,0.0,0,0,,128.7330162,35.28584582
마라12aa99bb,25,0,0,0,,20.0,0,0,,128.7330504,35.28809955
마라12ab90ba,0,0,0,0,,,0,0,,128.7345343,35.20468299
마라12ab90bb,0,0,0,0,,,0,0,,128.7345684,35.20693675
마라12ab91aa,0,0,0,0,,,0,0,,128.7346025,35.20919051
마라12ab91ab,0,0,0,0,,,0,0,,128.7346367,35.21144427
마라12ab91ba,0,0,0,0,,,0,0,,128.7346708,35.21369802
마라12ab91bb,0,0,0,0,,,0,0,,128.7347049,35.21595178
마라12ab92aa,0,0,0,0,,,0,0,,128.7347391,35.21820553
마라12ab92ab,0,0,0,0,,,0,0,,128.7347732,35.22045929
마라12ab92ba,1,0,0,0,,,0,0,,128.7348073,35.22271304
마라12ab92bb,0,0,0,0,,,0,0,,128.7348415,35.22496679
마라12ab93aa,0,0,0,0,,,0,0,,128.7348756,35.22722054
마라12ab93ab,0,0,0,0,,,0,0,,128.7349098,35.22947429
마라12ab93ba,1,0,0,0,,,0,0,,128.7349439,35.23172804
마라12ab93bb,0,0,0,0,,,0,0,,128.7349781,35.23398179
마라12ab94aa,0,0,0,0,,,0,0,,128.7350123,35.23623554
마라12ab94ab,0,0,0,0,,,0,0,,128.7350464,35.23848929
마라12ab94ba,0,0,0,0,,,0,0,,128.7350806,35.24074303
마라12ab94bb,0,0,0,0,,,0,0,,128.7351148,35.24299678
마라12ab95aa,0,0,0,0,,,0,0,,128.735149,35.24525052
마라12ab95ab,0,0,0,0,,0.0,0,0,,128.7351832,35.24750426
마라12ab95ba,0,0,0,0,,,0,0,,128.7352173,35.24975801
마라12ab95bb,2,0,0,0,,,0,0,,128.7352515,35.25201175
마라12ab96aa,0,0,0,0,,,0,0,,128.7352857,35.25426549
마라12ab96ab,4,0,0,0,,8.0,0,0,,128.7353199,35.25651923
마라12ab96ba,0,0,0,0,,0.0,0,0,,128.7353541,35.25877297
마라12ab96bb,0,0,0,0,,,0,0,,128.7353883,35.26102671
마라12ab97aa,0,0,0,0,,,0,0,,128.7354226,35.26328044
마라12ab97ab,0,0,0,0,,,0,0,,128.7354568,35.26553418
마라12ab97ba,0,0,0,0,,,0,0,,128.735491,35.26778791
마라12ab97bb,0,0,0,0,,,0,0,,128.7355252,35.27004165
마라12ab98aa,0,0,0,0,,,0,0,,128.7355594,35.27229538
마라12ab98ab,2,0,0,0,,,0,0,,128.7355937,35.27454912
마라12ab98ba,1,0,0,0,,0.0,0,0,,128.7356279,35.27680285
마라12ab98bb,2,0,0,0,,,0,0,,128.7356621,35.27905658
마라12ab99aa,0,0,0,0,,,2,0,,128.7356964,35.28131031
마라12ab99ab,0,0,0,0,,,0,0,,128.7357306,35.28356404
마라12ab99ba,1,0,0,0,,,0,0,,128.7357649,35.28581777
마라12ab99bb,0,0,0,0,,,0,0,,128.7357991,35.28807149
마라12ba90ba,0,0,0,0,,,0,0,,128.7372802,35.20465496
마라12ba90bb,0,0,0,0,,,0,0,,128.7373144,35.20690872
마라12ba91aa,0,0,0,0,,,0,0,,128.7373486,35.20916248
마라12ba91ab,0,0,0,0,,,0,0,,128.7373828,35.21141623
마라12ba91ba,0,0,0,0,,,0,0,,128.737417,35.21366998
마라12ba91bb,0,0,0,0,,,0,0,,128.7374512,35.21592374
마라12ba92aa,0,0,0,0,,,0,0,,128.7374854,35.21817749
마라12ba92ab,0,0,0,0,,,0,0,,128.7375196,35.22043124
마라12ba92ba,0,0,0,0,,,0,0,,128.7375538,35.22268499
마라12ba92bb,0,0,0,0,,,0,0,,128.7375881,35.22493874
마라12ba93aa,0,0,0,0,,,0,0,,128.7376223,35.22719249
마라12ba93ab,0,0,0,0,,,0,0,,128.7376565,35.22944624
마라12ba93ba,0,0,0,0,,,0,0,,128.7376908,35.23169998
마라12ba93bb,0,0,0,0,,,0,0,,128.737725,35.23395373
마라12ba94aa,0,0,0,0,,,0,0,,128.7377592,35.23620748
마라12ba94ab,0,0,0,0,,0.0,0,0,,128.7377935,35.23846122
마라12ba94ba,0,0,0,0,,,0,0,,128.7378277,35.24071496
마라12ba94bb,0,0,0,0,,,0,0,,128.737862,35.24296871
마라12ba95aa,0,0,0,0,,,0,0,,128.7378962,35.24522245
마라12ba95ab,1,0,0,0,,11.0,0,0,,128.7379305,35.24747619
마라12ba95ba,0,0,0,0,,,0,0,,128.7379648,35.24972993
마라12ba95bb,0,0,0,0,,,0,0,,128.737999,35.25198367
마라12ba96aa,0,0,0,0,,,0,0,,128.7380333,35.25423741
마라12ba96ab,9,0,0,0,,36.0,2,0,,128.7380676,35.25649114
마라12ba96ba,5,0,0,0,,22.0,0,0,,128.7381018,35.25874488
마라12ba96bb,2,0,0,0,,0.0,0,0,,128.7381361,35.26099862
마라12ba97aa,0,0,0,0,,,0,0,,128.7381704,35.26325235
마라12ba97ab,0,0,0,0,,,0,0,,128.7382047,35.26550608
마라12ba97ba,0,0,0,0,,,0,0,,128.738239,35.26775982
마라12ba97bb,0,0,0,0,,,0,0,,128.7382733,35.27001355
마라12ba98aa,0,0,0,0,,,0,0,,128.7383076,35.27226728
마라12ba98ab,1,0,0,0,,,0,0,15.74710983,128.7383419,35.27452101
마라12ba98ba,10,0,0,0,,0.0,0,0,,128.7383762,35.27677474
마라12ba98bb,0,0,0,0,,,0,0,,128.7384105,35.27902847
마라12ba99aa,0,0,0,0,,,0,0,,128.7384448,35.2812822
마라12ba99ab,0,0,0,0,,,0,0,,128.7384792,35.28353593
마라12ba99ba,0,0,0,0,,,0,0,,128.7385135,35.28578965
마라12ba99bb,0,0,0,0,,,0,0,,128.7385478,35.28804338
마라12bb86ba,0,0,0,0,,,0,0,,128.7394783,35.16856668
마라12bb86bb,0,0,0,0,,,0,0,,128.7395125,35.17082045
마라12bb90ba,0,0,0,0,,,0,0,,128.7400261,35.20462687
마라12bb90bb,0,0,0,0,,,0,0,,128.7400604,35.20688062
마라12bb91aa,0,0,0,0,,,0,0,,128.7400946,35.20913438
마라12bb91ab,0,0,0,0,,,0,0,,128.7401289,35.21138813
마라12bb91ba,0,0,0,0,,,0,0,,128.7401632,35.21364188
마라12bb91bb,0,0,0,0,,,0,0,,128.7401975,35.21589563
마라12bb92aa,0,0,0,0,,,0,0,,128.7402318,35.21814938
마라12bb92ab,0,0,0,0,,,0,0,,128.740266,35.22040313
마라12bb92ba,0,0,0,0,,,1,0,,128.7403003,35.22265688
마라12bb92bb,2,0,0,0,,0.0,0,0,,128.7403346,35.22491063
마라12bb93aa,1,0,0,0,,,0,0,,128.7403689,35.22716437
마라12bb93ab,0,0,0,0,,6.0,0,0,,128.7404032,35.22941812
마라12bb93ba,0,0,0,0,,,0,0,,128.7404376,35.23167186
마라12bb93bb,0,0,0,0,,,0,0,,128.7404719,35.23392561
마라12bb94aa,0,0,0,0,,,0,0,,128.7405062,35.23617935
마라12bb94ab,4,0,0,0,,0.0,0,0,,128.7405405,35.23843309
마라12bb94ba,0,0,0,0,,,0,0,,128.7405748,35.24068683
마라12bb94bb,0,0,0,0,,,9,0,,128.7406092,35.24294057
마라12bb95aa,2,0,0,0,,,0,0,,128.7406435,35.24519431
마라12bb95ab,2,0,0,0,,0.0,0,0,,128.7406778,35.24744805
마라12bb95ba,2,0,0,0,,,0,0,,128.7407122,35.24970179
마라12bb95bb,1,0,0,0,,0.0,0,0,,128.7407465,35.25195553
마라12bb96aa,4,0,0,0,,0.0,0,0,,128.7407809,35.25420926
마라12bb96ab,13,0,0,0,,41.0,0,0,,128.7408152,35.256463
마라12bb96ba,3,0,0,0,,0.0,0,0,,128.7408496,35.25871673
마라12bb96bb,20,0,0,0,,6.0,0,0,,128.7408839,35.26097046
마라12bb97aa,18,0,0,0,,0.0,0,0,,128.7409183,35.2632242
마라12bb97ab,1,0,0,0,,,0,0,,128.7409526,35.26547793
마라12bb97ba,0,0,0,0,,,0,0,,128.740987,35.26773166
마라12bb97bb,0,0,0,0,,,0,0,,128.7410214,35.26998539
마라12bb98aa,0,0,0,0,,,0,0,,128.7410558,35.27223912
마라12bb98ab,0,0,0,0,,,0,0,,128.7410902,35.27449285
마라12bb98ba,6,0,0,0,,0.0,0,0,,128.7411245,35.27674657
마라12bb98bb,0,0,0,0,,,0,0,,128.7411589,35.2790003
마라12bb99aa,0,0,0,0,,,0,0,,128.7411933,35.28125403
마라12bb99ab,0,0,0,0,,,0,0,,128.7412277,35.28350775
마라12bb99ba,0,0,0,0,,16.0,0,0,,128.7412621,35.28576147
마라12bb99bb,0,0,0,0,,,0,0,,128.7412965,35.2880152
마라13aa86ab,0,0,0,0,,,0,0,,128.7421887,35.1662848
마라13aa86ba,0,0,0,0,,,0,0,,128.742223,35.16853857
마라13aa86bb,0,0,0,0,,,0,0,,128.7422573,35.17079233
마라13aa87aa,0,0,0,0,,,0,0,,128.7422916,35.1730461
마라13aa87ab,0,0,0,0,,,0,0,,128.7423259,35.17529986
마라13aa87ba,0,0,0,0,,,0,0,,128.7423602,35.17755362
마라13aa87bb,0,0,0,0,,,0,0,,128.7423945,35.17980739
마라13aa88aa,0,0,0,0,,,0,0,,128.7424288,35.18206115
마라13aa88ab,0,0,0,0,,,0,0,,128.7424631,35.18431491
마라13aa90ba,0,0,0,0,,,0,0,,128.742772,35.20459871
마라13aa90bb,0,0,0,0,,,0,0,,128.7428063,35.20685247
마라13aa91aa,0,0,0,0,,,0,0,,128.7428407,35.20910622
마라13aa91ab,0,0,0,0,,,0,0,,128.742875,35.21135997
마라13aa91ba,0,0,0,0,,,0,0,,128.7429094,35.21361372
마라13aa91bb,0,0,0,0,,,0,0,,128.7429437,35.21586747
마라13aa92aa,0,0,0,0,,,0,0,,128.7429781,35.21812121
마라13aa92ab,0,0,0,0,,,0,0,,128.7430125,35.22037496
마라13aa92ba,0,0,0,0,,,0,0,,128.7430468,35.22262871
마라13aa92bb,0,0,0,0,,,0,0,,128.7430812,35.22488245
마라13aa93aa,0,0,0,0,,0.0,0,0,,128.7431156,35.22713619
마라13aa93ab,2,0,0,0,,0.0,0,0,,128.74315,35.22938994
마라13aa93ba,1,0,0,0,,,0,0,,128.7431843,35.23164368
마라13aa93bb,0,0,0,0,,,0,0,,128.7432187,35.23389742
마라13aa94aa,1,0,0,0,,0.0,0,0,,128.7432531,35.23615116
마라13aa94ab,23,0,0,0,,17.0,0,0,,128.7432875,35.2384049
마라13aa94ba,0,0,0,0,,,0,0,,128.7433219,35.24065864
마라13aa94bb,0,0,0,0,,,0,0,,128.7433563,35.24291238
마라13aa95aa,12,0,0,0,,20.0,0,0,,128.7433907,35.24516612
마라13aa95ab,7,0,0,0,,14.0,0,0,,128.7434251,35.24741985
마라13aa95ba,13,0,0,0,,,0,0,,128.7434596,35.24967359
마라13aa95bb,3,0,0,0,,,0,0,15.90751445,128.743494,35.25192732
마라13aa96aa,10,0,0,0,,0.0,0,0,,128.7435284,35.25418106
마라13aa96ab,2,0,0,0,,7.000000000000001,0,0,,128.7435628,35.25643479
마라13aa96ba,15,0,0,0,,0.0,0,0,,128.7435973,35.25868852
마라13aa96bb,11,0,0,0,,17.0,0,0,,128.7436317,35.26094225
마라13aa97aa,0,0,0,0,,0.0,0,0,,128.7436661,35.26319598
마라13aa97ab,0,0,0,0,,,6,0,,128.7437006,35.26544971
마라13aa97ba,12,0,0,0,,0.0,0,0,,128.743735,35.26770344
마라13aa97bb,2,0,0,0,,,0,0,,128.7437695,35.26995717
마라13aa98aa,0,0,0,0,,,0,0,28.0,128.7438039,35.27221089
마라13aa98ab,0,0,0,0,,,0,0,,128.7438384,35.27446462
마라13aa98ba,0,0,0,0,,,0,0,,128.7438729,35.27671834
마라13aa98bb,0,0,0,0,,,0,0,,128.7439073,35.27897207
마라13aa99aa,0,0,0,0,,,0,0,,128.7439418,35.28122579
마라13aa99ab,0,0,0,0,,,0,0,,128.7439763,35.28347951
마라13aa99ba,0,0,0,0,,0.0,0,0,,128.7440107,35.28573323
마라13aa99bb,0,0,0,0,,,0,0,,128.7440452,35.28798695
마라13ab86ab,0,0,0,0,,,0,0,,128.7449333,35.16625662
마라13ab86ba,0,0,0,0,,,0,0,,128.7449677,35.16851039
마라13ab86bb,0,0,0,0,,,0,0,,128.745002,35.17076415
마라13ab87aa,0,0,0,0,,,0,0,,128.7450364,35.17301791
마라13ab87ab,0,0,0,0,,,0,0,,128.7450708,35.17527167
마라13ab87ba,0,0,0,0,,,0,0,,128.7451051,35.17752543
마라13ab87bb,0,0,0,0,,,0,0,,128.7451395,35.17977919
마라13ab88aa,0,0,0,0,,,0,0,,128.7451739,35.18203295
마라13ab88ab,0,0,0,0,,,0,0,,128.7452083,35.18428671
마라13ab88ba,0,0,0,0,,,0,0,,128.7452426,35.18654047
마라13ab88bb,0,0,0,0,,,0,0,,128.745277,35.18879423
마라13ab89aa,0,0,0,0,,,0,0,,128.7453114,35.19104798
마라13ab90ab,0,0,0,0,,,0,0,,128.7454834,35.20231675
마라13ab90ba,0,0,0,0,,,0,0,,128.7455179,35.2045705
마라13ab90bb,0,0,0,0,,,0,0,,128.7455523,35.20682425
마라13ab91aa,0,0,0,0,,,0,0,,128.7455867,35.209078
마라13ab91ab,0,0,0,0,,,0,0,,128.7456211,35.21133174
마라13ab91ba,0,0,0,0,,,0,0,,128.7456556,35.21358549
마라13ab91bb,0,0,0,0,,,0,0,,128.74569,35.21583924
마라13ab92aa,0,0,0,0,,,0,0,,128.7457244,35.21809298
마라13ab92ab,0,0,0,0,,,0,0,,128.7457589,35.22034673
마라13ab92ba,0,0,0,0,,,0,0,,128.7457933,35.22260047
마라13ab92bb,2,0,0,0,,,0,0,,128.7458278,35.22485421
마라13ab93aa,3,0,0,0,,,0,0,,128.7458622,35.22710795
마라13ab93ab,0,0,0,0,,,0,0,,128.7458967,35.22936169
마라13ab93ba,0,0,0,0,,,0,0,,128.7459311,35.23161543
마라13ab93bb,0,0,0,0,,,0,0,,128.7459656,35.23386917
마라13ab94aa,22,0,0,0,,0.0,0,0,,128.7460001,35.23612291
마라13ab94ab,25,0,0,0,,18.0,0,0,,128.7460345,35.23837665
마라13ab94ba,0,0,0,0,,,0,0,,128.746069,35.24063039
마라13ab94bb,0,0,0,0,,,0,0,,128.7461035,35.24288412
마라13ab95aa,1,0,0,0,,8.0,0,0,,128.746138,35.24513786
마라13ab95ab,7,0,0,0,,17.0,0,0,,128.7461725,35.24739159
마라13ab95ba,27,0,0,0,,81.0,0,0,,128.746207,35.24964532
마라13ab95bb,21,0,0,0,,9.0,0,0,,128.7462415,35.25189905
마라13ab96aa,27,0,0,0,,19.0,0,0,,128.746276,35.25415279
마라13ab96ab,22,0,0,0,,11.0,0,0,,128.7463105,35.25640652
마라13ab96ba,14,0,0,0,,15.0,0,0,,128.746345,35.25866025
마라13ab96bb,17,3,0,0,,213.0,0,0,,128.7463795,35.26091397
마라13ab97aa,0,0,0,0,,0.0,0,0,,128.746414,35.2631677
마라13ab97ab,24,0,0,0,,,0,0,,128.7464485,35.26542143
마라13ab97ba,27,0,0,0,,8.0,0,0,,128.746483,35.26767516
마라13ab97bb,13,0,0,0,,,0,0,,128.7465176,35.26992888
마라13ab98aa,9,0,0,0,,0.0,0,0,,128.7465521,35.2721826
마라13ab98ab,0,0,0,0,,,0,0,,128.7465866,35.27443633
마라13ab98ba,0,0,0,0,,,0,0,,128.7466212,35.27669005
마라13ab98bb,0,0,0,0,,,0,0,,128.7466557,35.27894377
마라13ab99aa,0,0,0,0,,0.0,0,0,,128.7466902,35.28119749
마라13ab99ab,0,0,0,0,,0.0,0,0,,128.7467248,35.28345121
마라13ab99ba,0,0,0,0,,,0,0,,128.7467594,35.28570493
마라13ab99bb,4,0,0,0,,14.0,0,0,,128.7467939,35.28795865
마라13ba86ab,0,0,0,0,,,0,0,,128.7476779,35.16622838
마라13ba86ba,0,0,0,0,,,0,0,,128.7477123,35.16848214
마라13ba86bb,0,0,0,0,,,0,0,,128.7477468,35.1707359
마라13ba87aa,0,0,0,0,,,0,0,,128.7477812,35.17298966
마라13ba87ab,0,0,0,0,,,0,0,,128.7478156,35.17524342
마라13ba87ba,0,0,0,0,,,0,0,,128.7478501,35.17749718
마라13ba87bb,0,0,0,0,,,0,0,,128.7478845,35.17975094
마라13ba88aa,0,0,0,0,,,0,0,,128.747919,35.1820047
마라13ba88ab,0,0,0,0,,,0,0,,128.7479534,35.18425845
마라13ba88ba,0,0,0,0,,,0,0,,128.7479879,35.18651221
마라13ba88bb,0,0,0,0,,,0,0,,128.7480224,35.18876596
마라13ba89aa,0,0,0,0,,,0,0,,128.7480568,35.19101972
마라13ba89ab,0,0,0,0,,,0,0,,128.7480913,35.19327347
마라13ba90ab,0,0,0,0,,,0,0,,128.7482292,35.20228847
마라13ba90ba,0,0,0,0,,,0,0,,128.7482637,35.20454222
마라13ba90bb,0,0,0,0,,,0,0,,128.7482982,35.20679596
마라13ba91aa,0,0,0,0,,,0,0,,128.7483327,35.20904971
마라13ba91ab,0,0,0,0,,,0,0,,128.7483672,35.21130346
마라13ba91ba,0,0,0,0,,,0,0,,128.7484017,35.2135572
마라13ba91bb,0,0,0,0,,,0,0,,128.7484362,35.21581094
마라13ba92aa,0,0,0,0,,,0,0,,128.7484708,35.21806469
마라13ba92ab,0,0,0,0,,,0,0,,128.7485053,35.22031843
마라13ba92ba,0,0,0,0,,,0,0,,128.7485398,35.22257217
마라13ba92bb,0,0,0,0,,,0,0,,128.7485743,35.22482591
마라13ba93aa,3,0,0,0,,,0,0,,128.7486089,35.22707965
마라13ba93ab,0,0,0,0,,,0,0,,128.7486434,35.22933339
마라13ba93ba,0,0,0,0,,,0,0,,128.7486779,35.23158713
마라13ba93bb,0,0,0,0,,,0,0,,128.7487125,35.23384086
마라13ba94aa,21,0,0,0,,6.0,0,0,,128.748747,35.2360946
마라13ba94ab,24,0,0,0,,0.0,0,0,37.70231214,128.7487816,35.23834833
마라13ba94ba,7,1,0,0,,0.0,0,0,20.67774566,128.7488161,35.24060207
마라13ba94bb,0,0,0,0,,,0,0,,128.7488507,35.2428558
마라13ba95aa,0,0,0,0,,,0,0,,128.7488852,35.24510953
마라13ba95ab,30,1,0,1,,104.0,0,0,,128.7489198,35.24736326
마라13ba95ba,83,4,0,2,22.0,278.0,76,0,32.35187861,128.7489544,35.249617
마라13ba95bb,5,0,0,0,,,0,0,,128.7489889,35.25187073
마라13ba96aa,2,0,0,0,,,0,0,,128.7490235,35.25412445
마라13ba96ab,1,2,0,0,,0.0,0,0,,128.7490581,35.25637818
마라13ba96ba,5,0,0,0,,0.0,0,0,,128.7490927,35.25863191
마라13ba96bb,34,0,0,0,,60.0,0,0,,128.7491273,35.26088564
마라13ba97aa,15,0,0,0,,0.0,0,0,,128.7491618,35.26313936
마라13ba97ab,26,0,0,0,,0.0,0,0,23.12572254,128.7491964,35.26539309
마라13ba97ba,27,0,0,0,,7.000000000000001,0,0,18.0,128.749231,35.26764681
마라13ba97bb,71,0,0,0,,16.0,0,0,,128.7492656,35.26990053
마라13ba98aa,21,0,0,0,,26.0,0,0,,128.7493002,35.27215425
마라13ba98ab,1,0,0,0,,,0,0,,128.7493349,35.27440798
마라13ba98ba,0,0,0,0,,,0,0,,128.7493695,35.2766617
마라13ba98bb,0,0,0,0,,,0,0,,128.7494041,35.27891542
마라13ba99aa,0,0,0,0,,,0,0,,128.7494387,35.28116913
마라13ba99ab,0,0,0,0,,,0,0,,128.7494733,35.28342285
마라13ba99ba,0,0,0,0,,0.0,0,0,,128.749508,35.28567657
마라13ba99bb,0,0,0,0,,21.0,0,0,,128.7495426,35.28793028
마라13bb86ab,0,0,0,0,,,0,0,,128.7504225,35.16620008
마라13bb86ba,0,0,0,0,,,0,0,,128.750457,35.16845384
마라13bb86bb,0,0,0,0,,,0,0,,128.7504915,35.1707076
마라13bb87aa,0,0,0,0,,,0,0,,128.750526,35.17296136
마라13bb87ab,0,0,0,0,,,0,0,,128.7505605,35.17521511
마라13bb87ba,0,0,0,0,,,0,0,,128.7505951,35.17746887
마라13bb87bb,0,0,0,0,,,0,0,,128.7506296,35.17972262
마라13bb88aa,0,0,0,0,,,0,0,,128.7506641,35.18197638
마라13bb88ab,0,0,0,0,,,0,0,,128.7506986,35.18423013
마라13bb88ba,0,0,0,0,,,0,0,,128.7507332,35.18648388
마라13bb88bb,0,0,0,0,,,0,0,,128.7507677,35.18873764
마라13bb89aa,0,0,0,0,,,0,0,,128.7508023,35.19099139
마라13bb89ab,0,0,0,0,,,0,0,,128.7508368,35.19324514
마라13bb89ba,0,0,0,0,,,0,0,,128.7508714,35.19549889
마라13bb89bb,0,0,0,0,,,0,0,,128.7509059,35.19775264
마라13bb90aa,0,0,0,0,,,0,0,,128.7509405,35.20000638
마라13bb90ab,0,0,0,0,,,0,0,,128.750975,35.20226013
마라13bb90ba,0,0,0,0,,,0,0,,128.7510096,35.20451387
마라13bb90bb,0,0,0,0,,,0,0,,128.7510442,35.20676762
마라13bb91aa,0,0,0,0,,,0,0,,128.7510787,35.20902136
마라13bb91ab,0,0,0,0,,,0,0,,128.7511133,35.21127511
마라13bb91ba,0,0,0,0,,,0,0,,128.7511479,35.21352885
마라13bb91bb,0,0,0,0,,,0,0,,128.7511825,35.21578259
마라13bb92aa,0,0,0,0,,,0,0,,128.7512171,35.21803633
마라13bb92ab,0,0,0,0,,,0,0,,128.7512517,35.22029007
마라13bb92ba,0,0,0,0,,,0,0,,128.7512863,35.22254381
마라13bb92bb,0,0,0,0,,,0,0,,128.7513209,35.22479755
마라13bb93aa,1,0,0,0,,,0,0,,128.7513555,35.22705128
마라13bb93ab,3,0,0,0,,8.0,0,0,,128.7513901,35.22930502
마라13bb93ba,4,0,0,0,,17.0,0,0,,128.7514247,35.23155876
마라13bb93bb,2,0,0,0,,,0,0,,128.7514593,35.23381249
마라13bb94aa,5,0,0,0,,9.999999999999998,0,0,,128.7514939,35.23606622
마라13bb94ab,40,0,0,0,,25.0,0,0,,128.7515286,35.23831996
마라13bb94ba,10,0,0,0,,23.0,0,0,,128.7515632,35.24057369
마라13bb94bb,0,0,0,0,,,0,0,13.54190751,128.7515978,35.24282742
마라13bb95aa,1,2,0,0,,,0,0,36.89017341,128.7516325,35.24508115
마라13bb95ab,4,0,0,0,,0.0,0,0,27.0,128.7516671,35.24733488
마라13bb95ba,10,0,0,0,,53.0,0,0,15.12572254,128.7517017,35.24958861
마라13bb95bb,14,0,0,0,,35.0,0,0,11.12572254,128.7517364,35.25184233
마라13bb96aa,2,0,0,0,,,0,0,,128.751771,35.25409606
마라13bb96ab,0,0,0,0,,,0,0,,128.7518057,35.25634979
마라13bb96ba,0,0,0,0,,,0,0,,128.7518404,35.25860351
마라13bb96bb,0,0,0,0,,,0,0,,128.751875,35.26085723
마라13bb97aa,6,0,0,0,,,0,0,36.15028902,128.7519097,35.26311096
마라13bb97ab,14,1,0,0,,0.0,0,0,,128.7519444,35.26536468
마라13bb97ba,53,0,0,0,,0.0,0,0,,128.751979,35.2676184
마라13bb97bb,83,0,0,0,,0.0,0,0,,128.7520137,35.26987212
마라13bb98aa,61,0,0,0,,15.0,0,0,,128.7520484,35.27212584
마라13bb98ab,30,0,0,0,,0.0,0,0,,128.7520831,35.27437956
마라13bb98ba,0,0,0,0,,,0,0,,128.7521178,35.27663328
마라13bb98bb,0,0,0,0,,,0,0,,128.7521525,35.278887
마라13bb99aa,0,0,0,0,,,0,0,,128.7521872,35.28114071
마라13bb99ab,0,0,0,0,,,0,0,,128.7522219,35.28339443
마라13bb99ba,0,0,0,0,,,0,0,,128.7522566,35.28564814
마라13bb99bb,1,0,0,0,,29.0,0,0,,128.7522913,35.28790185
마라14aa86ab,0,0,0,0,,,0,0,,128.7531671,35.16617171
마라14aa86ba,0,0,0,0,,,0,0,,128.7532017,35.16842547
마라14aa86bb,0,0,0,0,,,0,0,,128.7532362,35.17067923
마라14aa87aa,0,0,0,0,,,0,0,,128.7532708,35.17293298
마라14aa87ab,0,0,0,0,,,0,0,,128.7533054,35.17518674
마라14aa87ba,0,0,0,0,,,0,0,,128.75334,35.17744049
마라14aa87bb,0,0,0,0,,,0,0,,128.7533746,35.17969425
마라14aa88aa,0,0,0,0,,,0,0,,128.7534092,35.181948
마라14aa88ab,0,0,0,0,,,0,0,,128.7534438,35.18420175
마라14aa88ba,0,0,0,0,,,0,0,,128.7534784,35.1864555
마라14aa88bb,0,0,0,0,,,0,0,,128.7535131,35.18870925
마라14aa89aa,0,0,0,0,,,0,0,,128.7535477,35.190963
마라14aa89ab,0,0,0,0,,,0,0,,128.7535823,35.19321674
마라14aa89ba,0,0,0,0,,,0,0,,128.7536169,35.19547049
마라14aa89bb,0,0,0,0,,,0,0,,128.7536516,35.19772424
마라14aa90aa,0,0,0,0,,,0,0,,128.7536862,35.19997798
마라14aa90ab,0,0,0,0,,,0,0,,128.7537208,35.20223173
마라14aa90ba,0,0,0,0,,,0,0,,128.7537555,35.20448547
마라14aa90bb,0,0,0,0,,,0,0,,128.7537901,35.20673921
마라14aa91aa,0,0,0,0,,,0,0,,128.7538248,35.20899295
마라14aa91ab,0,0,0,0,,,0,0,,128.7538594,35.2112467
마라14aa91ba,0,0,0,0,,,0,0,,128.7538941,35.21350044
마라14aa91bb,0,0,0,0,,,0,0,,128.7539287,35.21575417
마라14aa92aa,0,0,0,0,,,0,0,,128.7539634,35.21800791
마라14aa92ab,0,0,0,0,,,0,0,,128.7539981,35.22026165
마라14aa92ba,0,0,0,0,,,0,0,,128.7540328,35.22251539
마라14aa92bb,0,0,0,0,,,0,0,,128.7540674,35.22476912
마라14aa93aa,0,0,0,0,,,0,0,,128.7541021,35.22702286
마라14aa93ab,0,0,0,0,,6.0,0,0,,128.7541368,35.22927659
마라14aa93ba,4,0,0,0,,0.0,0,0,,128.7541715,35.23153032
마라14aa93bb,2,0,0,0,,0.0,0,0,,128.7542062,35.23378405
마라14aa94aa,33,0,0,0,,22.0,0,0,,128.7542409,35.23603779
마라14aa94ab,7,0,0,2,,39.0,0,0,,128.7542756,35.23829152
마라14aa94ba,5,0,0,0,,7.000000000000001,0,0,,128.7543103,35.24054525
마라14aa94bb,6,0,0,0,,0.0,0,0,,128.754345,35.24279897
마라14aa95aa,16,2,0,0,,108.0,0,0,,128.7543797,35.2450527
마라14aa95ab,22,8,0,0,,255.0,0,0,,128.7544144,35.24730643
마라14aa95ba,13,0,0,0,,274.0,0,0,17.46965318,128.7544491,35.24956015
마라14aa95bb,8,0,0,0,,65.0,0,0,,128.7544839,35.25181388
마라14aa96aa,1,0,0,0,,,0,0,,128.7545186,35.2540676
마라14aa96ab,0,0,0,0,,,0,0,,128.7545533,35.25632133
마라14aa96ba,0,0,0,0,,,0,0,,128.7545881,35.25857505
마라14aa96bb,0,0,0,0,,,0,0,,128.7546228,35.26082877
마라14aa97aa,0,0,0,0,,,0,0,,128.7546575,35.26308249
마라14aa97ab,50,3,0,0,,0.0,0,0,,128.7546923,35.26533621
마라14aa97ba,38,2,0,0,,9.0,0,0,,128.754727,35.26758993
마라14aa97bb,54,0,0,0,,12.0,0,0,,128.7547618,35.26984365
마라14aa98aa,52,0,0,0,,9.0,0,0,,128.7547965,35.27209737
마라14aa98ab,5,0,0,0,,,1,0,,128.7548313,35.27435108
마라14aa98ba,0,0,0,0,,,0,0,,128.7548661,35.2766048
마라14aa98bb,0,0,0,0,,,0,0,,128.7549008,35.27885851
마라14aa99aa,0,0,0,0,,,0,0,,128.7549356,35.28111223
마라14aa99ab,0,0,0,0,,,0,0,,128.7549704,35.28336594
마라14aa99ba,0,0,0,0,,,0,0,,128.7550052,35.28561965
마라14aa99bb,5,0,0,0,,0.0,5,0,,128.75504,35.28787336
마라14ab86aa,0,0,0,0,,,0,0,,128.755877,35.16388953
마라14ab86ab,0,0,0,0,,,0,0,,128.7559116,35.16614329
마라14ab86ba,0,0,0,0,,,0,0,,128.7559463,35.16839704
마라14ab86bb,0,0,0,0,,,0,0,,128.755981,35.1706508
마라14ab87aa,0,0,0,0,,,0,0,,128.7560156,35.17290455
마라14ab87ab,0,0,0,0,,,0,0,,128.7560503,35.1751583
마라14ab87ba,0,0,0,0,,,0,0,,128.756085,35.17741205
마라14ab87bb,2,0,0,0,,,0,0,,128.7561196,35.1796658
마라14ab88aa,0,0,0,0,,,0,0,26.07369942,128.7561543,35.18191955
마라14ab88ab,2,0,0,0,,,0,0,,128.756189,35.1841733
마라14ab88ba,0,0,0,0,,,0,0,,128.7562237,35.18642705
마라14ab88bb,0,0,0,0,,,0,0,,128.7562584,35.1886808
마라14ab89aa,0,0,0,0,,,0,0,,128.7562931,35.19093454
마라14ab89ab,0,0,0,0,,,0,0,,128.7563278,35.19318829
마라14ab89ba,0,0,0,0,,0.0,0,0,,128.7563625,35.19544203
마라14ab89bb,0,0,0,0,,,0,0,,128.7563972,35.19769578
마라14ab90aa,0,0,0,0,,,0,0,,128.7564319,35.19994952
마라14ab90ab,0,0,0,0,,,0,0,,128.7564666,35.20220326
마라14ab90ba,0,0,0,0,,,0,0,,128.7565013,35.204457
마라14ab90bb,0,0,0,0,,,0,0,,128.7565361,35.20671074
마라14ab91aa,0,0,0,0,,,0,0,,128.7565708,35.20896448
마라14ab91ab,0,0,0,0,,,0,0,,128.7566055,35.21121822
마라14ab91ba,0,0,0,0,,,0,0,,128.7566403,35.21347196
마라14ab91bb,0,0,0,0,,,0,0,,128.756675,35.2157257
마라14ab92aa,0,0,0,0,,,0,0,,128.7567097,35.21797943
마라14ab92ab,0,0,0,0,,,0,0,,128.7567445,35.22023317
마라14ab92ba,0,0,0,0,,,0,0,,128.7567792,35.2224869
마라14ab92bb,0,0,0,0,,,0,0,,128.756814,35.22474063
마라14ab93aa,0,0,0,0,,,0,0,,128.7568487,35.22699437
마라14ab93ab,0,0,0,0,,,0,0,,128.7568835,35.2292481
마라14ab93ba,0,0,0,0,,,0,0,,128.7569183,35.23150183
마라14ab93bb,9,0,0,0,,0.0,0,0,,128.756953,35.23375556
마라14ab94aa,4,0,0,0,,6.0,0,0,,128.7569878,35.23600929
마라14ab94ab,0,0,0,0,,,0,0,,128.7570226,35.23826301
마라14ab94ba,0,0,0,0,,0.0,0,0,,128.7570574,35.24051674
마라14ab94bb,0,0,0,0,,,0,0,,128.7570921,35.24277047
마라14ab95aa,1,0,0,0,,0.0,0,0,,128.7571269,35.24502419
마라14ab95ab,7,0,0,1,,0.0,0,1,,128.7571617,35.24727792
마라14ab95ba,2,0,0,1,,,0,0,,128.7571965,35.24953164
마라14ab95bb,1,0,0,0,,,0,0,,128.7572313,35.25178536
마라14ab96aa,0,0,0,0,,,0,0,,128.7572661,35.25403909
마라14ab96ab,0,0,0,0,,,0,0,,128.7573009,35.25629281
마라14ab96ba,0,0,0,0,,,0,0,,128.7573357,35.25854653
마라14ab96bb,0,0,0,0,,0.0,0,0,,128.7573706,35.26080025
마라14ab97aa,0,0,0,0,,,0,0,37.0433526,128.7574054,35.26305396
마라14ab97ab,0,0,0,0,,,0,0,,128.7574402,35.26530768
마라14ab97ba,4,0,0,0,,,0,0,,128.757475,35.2675614
마라14ab97bb,15,0,0,0,,6.0,0,0,,128.7575099,35.26981511
마라14ab98aa,31,0,0,0,,,0,0,,128.7575447,35.27206883
마라14ab98ab,17,0,0,0,,,0,0,,128.7575795,35.27432254
마라14ab98ba,0,0,0,0,,,0,0,,128.7576144,35.27657626
마라14ab98bb,0,0,0,0,,,0,0,,128.7576492,35.27882997
마라14ab99aa,0,0,0,0,,,0,0,,128.7576841,35.28108368
마라14ab99ab,0,0,0,0,,,0,0,,128.7577189,35.28333739
마라14ab99ba,0,0,0,0,,,0,0,,128.7577538,35.2855911
마라14ab99bb,0,0,0,0,,,0,0,,128.7577886,35.28784481
마라14ba86ba,0,0,0,0,,,0,0,,128.758691,35.16836855
마라14ba86bb,0,0,0,0,,,0,0,,128.7587257,35.1706223
마라14ba87aa,0,0,0,0,,,0,0,,128.7587604,35.17287605
마라14ba87ab,0,0,0,0,,,0,0,,128.7587952,35.1751298
마라14ba87ba,0,0,0,0,,,0,0,,128.7588299,35.17738355
마라14ba87bb,2,0,0,0,,0.0,0,0,,128.7588647,35.1796373
마라14ba88aa,2,0,0,0,,,0,0,,128.7588994,35.18189105
마라14ba88ab,20,1,0,0,,9.999999999999998,0,0,,128.7589342,35.1841448
마라14ba88ba,0,0,0,0,,,0,0,,128.758969,35.18639854
마라14ba88bb,0,0,0,0,,,0,0,,128.7590037,35.18865229
마라14ba89aa,0,0,0,0,,,0,0,,128.7590385,35.19090603
마라14ba89ab,0,0,0,0,,,0,0,,128.7590733,35.19315977
마라14ba89ba,0,0,0,0,,,0,0,,128.759108,35.19541352
마라14ba89bb,0,0,0,0,,,0,0,,128.7591428,35.19766726
마라14ba90aa,0,0,0,0,,,0,0,,128.7591776,35.199921
마라14ba90ab,0,0,0,0,,,0,0,,128.7592124,35.20217474
마라14ba90ba,0,0,0,0,,,0,0,,128.7592472,35.20442847
마라14ba90bb,0,0,0,0,,,0,0,,128.759282,35.20668221
마라14ba91aa,0,0,0,0,,,0,0,,128.7593168,35.20893595
마라14ba91ab,0,0,0,0,,,0,0,,128.7593516,35.21118969
마라14ba91ba,0,0,0,0,,,0,0,,128.7593864,35.21344342
마라14ba91bb,0,0,0,0,,,0,0,,128.7594212,35.21569715
마라14ba92aa,0,0,0,0,,,0,0,,128.759456,35.21795089
마라14ba92ab,0,0,0,0,,0.0,0,0,,128.7594909,35.22020462
마라14ba92ba,3,0,0,0,,6.0,0,0,,128.7595257,35.22245835
마라14ba92bb,3,0,0,0,,11.0,0,0,,128.7595605,35.22471208
마라14ba93aa,0,0,0,0,,,0,0,,128.7595954,35.22696581
마라14ba93ab,1,0,0,0,,,0,0,,128.7596302,35.22921954
마라14ba93ba,3,0,0,0,,0.0,0,0,95.11069364,128.759665,35.23147327
마라14ba93bb,0,0,0,0,,0.0,0,0,,128.7596999,35.233727
마라14ba94aa,0,0,0,0,,,0,0,,128.7597347,35.23598072
마라14ba94ab,0,0,0,0,,,0,0,,128.7597696,35.23823445
마라14ba94ba,0,0,0,0,,,0,0,,128.7598044,35.24048817
마라14ba94bb,0,0,0,0,,,0,0,,128.7598393,35.2427419
마라14ba95aa,1,0,0,0,,,0,0,,128.7598742,35.24499562
마라14ba95ab,2,0,0,0,,0.0,8,0,,128.759909,35.24724934
마라14ba95ba,0,0,0,0,,,0,0,,128.7599439,35.24950306
마라14ba95bb,0,0,0,0,,,0,0,,128.7599788,35.25175678
마라14ba96aa,0,0,0,0,,,0,0,,128.7600137,35.2540105
마라14ba96ab,0,0,0,0,,0.0,0,0,,128.7600485,35.25626422
마라14ba96ba,0,0,0,0,,,0,0,,128.7600834,35.25851794
마라14ba96bb,3,0,0,0,,,0,0,,128.7601183,35.26077166
마라14ba97aa,0,0,0,0,,,0,0,,128.7601532,35.26302537
마라14ba97ab,0,0,0,0,,,0,0,,128.7601881,35.26527909
마라14ba97ba,5,0,0,0,,,0,0,,128.760223,35.2675328
마라14ba97bb,0,0,0,0,,,0,0,,128.7602579,35.26978652
마라14ba98aa,24,2,0,0,,8.0,0,0,,128.7602928,35.27204023
마라14ba98ab,9,0,0,0,,9.999999999999998,0,0,,128.7603277,35.27429394
마라14ba98ba,0,0,0,0,,,0,0,,128.7603627,35.27654765
마라14ba98bb,0,0,0,0,,,0,0,,128.7603976,35.27880136
마라14ba99aa,0,0,0,0,,,0,0,,128.7604325,35.28105507
마라14ba99ab,0,0,0,0,,,0,0,,128.7604674,35.28330878
마라14ba99ba,0,0,0,0,,,0,0,,128.7605024,35.28556249
마라14ba99bb,0,0,0,0,,,0,0,,128.7605373,35.28781619
마라14bb86ba,0,0,0,0,,,0,0,,128.7614356,35.16834
마라14bb86bb,0,0,0,0,,,0,0,,128.7614704,35.17059375
마라14bb87aa,0,0,0,0,,,0,0,,128.7615052,35.1728475
마라14bb87ab,0,0,0,0,,,0,0,,128.76154,35.17510124
마라14bb87ba,0,0,0,0,,,0,0,,128.7615749,35.17735499
마라14bb87bb,0,0,0,0,,,0,0,,128.7616097,35.17960874
마라14bb88aa,3,0,0,0,,,0,0,,128.7616445,35.18186248
마라14bb88ab,4,0,0,0,,8.0,0,0,,128.7616794,35.18411623
마라14bb88ba,0,0,0,0,,,0,0,,128.7617142,35.18636997
마라14bb88bb,0,0,0,0,,,0,0,,128.761749,35.18862371
마라14bb89aa,0,0,0,0,,,0,0,,128.7617839,35.19087745
마라14bb89ab,0,0,0,0,,,0,0,,128.7618187,35.19313119
마라14bb89ba,0,0,0,0,,,0,0,,128.7618536,35.19538493
마라14bb89bb,0,0,0,0,,,0,0,,128.7618885,35.19763867
마라14bb90aa,0,0,0,0,,,0,0,,128.7619233,35.19989241
마라14bb90ab,0,0,0,0,,,0,0,,128.7619582,35.20214615
마라14bb90ba,0,0,0,0,,,0,0,,128.7619931,35.20439988
마라14bb90bb,0,0,0,0,,,0,0,,128.7620279,35.20665362
마라14bb91aa,0,0,0,0,,,0,0,,128.7620628,35.20890735
마라14bb91ab,0,0,0,0,,,0,0,,128.7620977,35.21116109
마라14bb91ba,0,0,0,0,,,0,0,,128.7621326,35.21341482
마라14bb91bb,0,0,0,0,,,0,0,,128.7621675,35.21566855
마라14bb92aa,0,0,0,0,,,0,0,,128.7622024,35.21792228
마라14bb92ab,0,0,0,0,,,0,0,,128.7622373,35.22017601
마라14bb92ba,0,0,0,0,,,0,0,,128.7622722,35.22242974
마라14bb92bb,1,0,0,0,,17.0,0,0,,128.7623071,35.22468347
마라14bb93aa,10,0,0,0,,,0,0,,128.762342,35.2269372
마라14bb93ab,34,1,0,0,,12.0,0,0,,128.7623769,35.22919093
마라14bb93ba,5,0,0,0,,0.0,0,0,,128.7624118,35.23144465
마라14bb93bb,0,0,0,0,,,0,0,,128.7624467,35.23369838
마라14bb94aa,0,0,0,0,,,0,0,,128.7624816,35.2359521
마라14bb94ab,3,0,0,0,,0.0,0,0,,128.7625166,35.23820582
마라14bb94ba,0,0,0,0,,,0,0,,128.7625515,35.24045955
마라14bb94bb,1,0,0,0,,,0,0,,128.7625864,35.24271327
마라14bb95aa,10,0,0,0,,0.0,0,0,,128.7626214,35.24496699
마라14bb95ab,4,0,0,0,,18.0,0,0,,128.7626563,35.24722071
마라14bb95ba,0,0,0,0,,0.0,0,0,,128.7626913,35.24947443
마라14bb95bb,0,0,0,0,,,0,0,,128.7627262,35.25172814
마라14bb96aa,0,0,0,0,,,0,0,26.90751445,128.7627612,35.25398186
마라14bb96ab,2,0,0,0,,,0,0,,128.7627961,35.25623558
마라14bb96ba,25,0,0,1,,24.0,0,0,,128.7628311,35.25848929
마라14bb96bb,16,0,0,0,,29.0,0,0,,128.7628661,35.26074301
마라14bb97aa,0,0,0,0,,0.0,0,0,,128.762901,35.26299672
마라14bb97ab,4,0,0,0,,,0,0,,128.762936,35.26525043
마라14bb97ba,2,0,0,0,,,0,0,,128.762971,35.26750415
마라14bb97bb,0,0,0,0,,,0,0,,128.763006,35.26975786
마라14bb98aa,15,0,0,0,,0.0,0,0,13.1849711,128.763041,35.27201157
마라14bb98ab,57,1,0,0,,25.0,0,0,,128.763076,35.27426528
마라14bb98ba,10,0,0,0,,15.0,0,0,,128.7631109,35.27651898
마라14bb98bb,0,0,0,0,,,0,0,,128.7631459,35.27877269
마라14bb99aa,1,0,0,0,,,0,0,,128.7631809,35.2810264
마라14bb99ab,0,0,0,0,,,0,0,,128.763216,35.2832801
마라14bb99ba,0,0,0,0,,,0,0,,128.763251,35.28553381
마라14bb99bb,2,0,0,0,,,0,0,,128.763286,35.28778751
마라15aa86ab,0,0,0,0,,,0,0,,128.7641454,35.16605764
마라15aa86ba,1,0,0,0,,,0,0,,128.7641802,35.16831138
마라15aa86bb,0,0,0,0,,,0,0,,128.7642151,35.17056513
마라15aa87aa,0,0,0,0,,,0,0,,128.76425,35.17281888
마라15aa87ab,0,0,0,0,,,0,0,,128.7642849,35.17507262
마라15aa87ba,0,0,0,0,,,0,0,,128.7643198,35.17732637
마라15aa87bb,0,0,0,0,,,0,0,,128.7643547,35.17958011
마라15aa88aa,0,0,0,0,,,0,0,,128.7643896,35.18183385
마라15aa88ab,1,0,0,0,,0.0,0,0,,128.7644245,35.18408759
마라15aa88ba,0,0,0,0,,,0,0,,128.7644595,35.18634133
마라15aa88bb,0,0,0,0,,,0,0,,128.7644944,35.18859507
마라15aa89aa,0,0,0,0,,,0,0,,128.7645293,35.19084881
마라15aa89ab,0,0,0,0,,,0,0,,128.7645642,35.19310255
마라15aa89ba,0,0,0,0,,,0,0,,128.7645991,35.19535629
마라15aa89bb,0,0,0,0,,,0,0,,128.7646341,35.19761003
마라15aa90aa,0,0,0,0,,,0,0,,128.764669,35.19986376
마라15aa90ab,0,0,0,0,,,0,0,,128.764704,35.2021175
마라15aa90ba,0,0,0,0,,,0,0,,128.7647389,35.20437123
마라15aa90bb,0,0,0,0,,,0,0,,128.7647739,35.20662496
마라15aa91aa,0,0,0,0,,,0,0,,128.7648088,35.2088787
마라15aa91ab,0,0,0,0,,,0,0,,128.7648438,35.21113243
마라15aa91ba,0,0,0,0,,,0,0,,128.7648787,35.21338616
마라15aa91bb,0,0,0,0,,,0,0,,128.7649137,35.21563989
마라15aa92aa,0,0,0,0,,,0,0,,128.7649487,35.21789362
마라15aa92ab,0,0,0,0,,,0,0,,128.7649836,35.22014734
마라15aa92ba,1,0,0,0,,,0,0,,128.7650186,35.22240107
마라15aa92bb,1,0,0,0,,14.0,0,0,,128.7650536,35.2246548
마라15aa93aa,2,0,0,0,,32.0,0,0,,128.7650886,35.22690852
마라15aa93ab,25,0,0,0,,28.000000000000004,0,0,,128.7651236,35.22916225
마라15aa93ba,6,0,0,0,,8.0,0,0,,128.7651586,35.23141597
마라15aa93bb,1,0,0,0,,,0,0,,128.7651936,35.23366969
마라15aa94aa,1,0,0,0,,0.0,0,0,,128.7652286,35.23592341
마라15aa94ab,1,0,0,0,,0.0,0,0,,128.7652636,35.23817713
마라15aa94ba,2,0,0,0,,0.0,0,0,,128.7652986,35.24043085
마라15aa94bb,0,0,0,0,,,0,0,,128.7653336,35.24268457
마라15aa95aa,10,0,0,0,,,0,0,,128.7653686,35.24493829
마라15aa95ab,1,0,0,0,,,0,0,,128.7654036,35.24719201
마라15aa95ba,22,2,0,0,,9.999999999999998,0,0,,128.7654386,35.24944573
마라15aa95bb,30,0,0,0,,7.000000000000001,0,0,,128.7654737,35.25169944
마라15aa96aa,59,1,0,0,,0.0,0,0,17.87427746,128.7655087,35.25395316
마라15aa96ab,38,0,0,0,,9.999999999999998,0,0,10.97037572,128.7655437,35.25620687
마라15aa96ba,4,0,0,0,,8.0,0,0,,128.7655788,35.25846058
마라15aa96bb,16,0,0,0,,0.0,0,0,,128.7656138,35.26071429
마라15aa97aa,11,0,0,0,,0.0,0,0,,128.7656489,35.26296801
마라15aa97ab,15,0,0,0,,0.0,0,0,,128.7656839,35.26522172
마라15aa97ba,10,0,0,0,,7.000000000000001,0,0,,128.765719,35.26747543
마라15aa97bb,8,0,0,0,,,0,0,,128.765754,35.26972913
마라15aa98aa,10,0,0,0,,,0,0,,128.7657891,35.27198284
마라15aa98ab,14,0,0,0,,0.0,0,0,,128.7658242,35.27423655
마라15aa98ba,23,0,0,0,,,0,0,33.78757225,128.7658592,35.27649025
마라15aa98bb,40,0,0,0,,9.0,0,0,,128.7658943,35.27874396
마라15aa99aa,31,0,0,0,,14.0,0,0,,128.7659294,35.28099766
마라15aa99ab,2,0,0,0,,,4,0,,128.7659645,35.28325137
마라15aa99ba,13,2,0,0,,,0,0,,128.7659996,35.28550507
마라15aa99bb,30,0,0,0,,0.0,0,0,,128.7660346,35.28775877
마라15ab86aa,0,0,0,0,,,0,0,,128.766855,35.16377521
마라15ab86ab,0,0,0,0,,,0,0,,128.7668899,35.16602896
마라15ab86ba,0,0,0,0,,,0,0,,128.7669249,35.16828271
마라15ab86bb,0,0,0,0,,,0,0,,128.7669598,35.17053645
마라15ab87aa,0,0,0,0,,,0,0,,128.7669948,35.17279019
마라15ab87ab,0,0,0,0,,,0,0,,128.7670298,35.17504394
마라15ab87ba,0,0,0,0,,,0,0,,128.7670648,35.17729768
마라15ab87bb,0,0,0,0,,,0,0,,128.7670997,35.17955142
마라15ab88aa,0,0,0,0,,,0,0,,128.7671347,35.18180516
마라15ab88ab,2,0,0,0,,6.0,0,0,,128.7671697,35.1840589
마라15ab88ba,0,0,0,0,,,0,0,,128.7672047,35.18631264
마라15ab88bb,0,0,0,0,,,0,0,,128.7672397,35.18856638
마라15ab89aa,0,0,0,0,,,0,0,,128.7672747,35.19082011
마라15ab89ab,0,0,0,0,,,0,0,,128.7673097,35.19307385
마라15ab89ba,0,0,0,0,,,0,0,,128.7673447,35.19532758
마라15ab89bb,0,0,0,0,,,0,0,,128.7673797,35.19758132
마라15ab90aa,0,0,0,0,,,0,0,,128.7674147,35.19983505
마라15ab90ab,0,0,0,0,,,0,0,,128.7674497,35.20208878
마라15ab90ba,0,0,0,0,,,0,0,,128.7674848,35.20434251
마라15ab90bb,0,0,0,0,,,0,0,,128.7675198,35.20659625
마라15ab91aa,0,0,0,0,,,0,0,,128.7675548,35.20884998
마라15ab91ab,0,0,0,0,,,0,0,,128.7675898,35.2111037
마라15ab91ba,0,0,0,0,,,0,0,,128.7676249,35.21335743
마라15ab91bb,0,0,0,0,,,0,0,,128.7676599,35.21561116
마라15ab92aa,0,0,0,0,,,0,0,,128.767695,35.21786489
마라15ab92ab,0,0,0,0,,,1,0,,128.76773,35.22011861
마라15ab92ba,0,0,0,0,,,0,0,,128.7677651,35.22237234
마라15ab92bb,3,0,0,0,,15.0,0,0,,128.7678001,35.22462606
마라15ab93aa,7,1,0,0,,,0,0,,128.7678352,35.22687978
마라15ab93ab,36,3,0,0,,18.0,0,0,,128.7678703,35.2291335
마라15ab93ba,15,0,0,0,,9.999999999999998,0,0,,128.7679053,35.23138722
마라15ab93bb,23,0,0,0,,22.0,0,0,,128.7679404,35.23364094
마라15ab94aa,45,3,0,0,,0.0,0,0,,128.7679755,35.23589466
마라15ab94ab,7,2,0,0,,,0,0,,128.7680106,35.23814838
마라15ab94ba,1,0,0,0,,,0,0,,128.7680456,35.2404021
마라15ab94bb,2,0,0,0,,0.0,0,0,26.0,128.7680807,35.24265582
마라15ab95aa,21,0,0,0,,8.0,0,0,,128.7681158,35.24490953
마라15ab95ab,49,0,1,0,,18.0,0,0,,128.7681509,35.24716325
마라15ab95ba,22,1,0,0,,19.0,0,0,,128.768186,35.24941696
마라15ab95bb,4,0,0,0,,0.0,0,0,,128.7682211,35.25167067
마라15ab96aa,2,0,0,0,,0.0,0,0,,128.7682562,35.25392439
마라15ab96ab,19,0,0,0,,9.0,0,0,51.0,128.7682913,35.2561781
마라15ab96ba,26,2,0,0,,34.0,0,0,,128.7683265,35.25843181
마라15ab96bb,25,0,0,0,,9.0,0,0,,128.7683616,35.26068552
마라15ab97aa,16,0,0,0,,,0,0,,128.7683967,35.26293923
마라15ab97ab,8,0,0,0,,0.0,0,0,,128.7684318,35.26519294
마라15ab97ba,10,0,0,0,,0.0,0,0,,128.768467,35.26744664
마라15ab97bb,9,0,0,0,,,0,0,,128.7685021,35.26970035
마라15ab98aa,23,0,0,0,,0.0,0,0,,128.7685372,35.27195405
마라15ab98ab,16,0,0,0,,0.0,0,0,,128.7685724,35.27420776
마라15ab98ba,10,0,0,0,,0.0,0,0,,128.7686075,35.27646146
마라15ab98bb,50,7,0,0,,0.0,0,0,16.0,128.7686427,35.27871517
마라15ab99aa,52,3,0,0,,254.0,0,0,,128.7686778,35.28096887
마라15ab99ab,17,3,0,0,,67.0,0,0,,128.768713,35.28322257
마라15ab99ba,45,0,0,0,,0.0,0,0,,128.7687481,35.28547627
마라15ab99bb,58,0,0,0,,0.0,0,0,,128.7687833,35.28772997
마라15ba86aa,0,0,0,0,,,0,0,,128.7695994,35.16374648
마라15ba86ab,0,0,0,0,,,0,0,,128.7696345,35.16600022
마라15ba86ba,0,0,0,0,,,0,0,,128.7696695,35.16825397
마라15ba86bb,0,0,0,0,,,0,0,,128.7697045,35.17050771
마라15ba87aa,0,0,0,0,,,0,0,,128.7697396,35.17276145
마라15ba87ab,0,0,0,0,,,0,0,,128.7697746,35.17501519
마라15ba87ba,0,0,0,0,,,0,0,,128.7698097,35.17726893
마라15ba87bb,0,0,0,0,,,0,0,,128.7698447,35.17952267
마라15ba88aa,1,0,0,0,,,0,0,,128.7698798,35.18177641
마라15ba88ab,12,0,0,0,,13.0,0,0,,128.7699149,35.18403014
마라15ba88ba,0,0,0,0,,,0,0,,128.7699499,35.18628388
마라15ba88bb,0,0,0,0,,,0,0,,128.769985,35.18853761
마라15ba89aa,0,0,0,0,,,0,0,,128.7700201,35.19079135
마라15ba89ab,0,0,0,0,,,0,0,,128.7700552,35.19304508
마라15ba89ba,0,0,0,0,,,0,0,,128.7700902,35.19529882
마라15ba89bb,0,0,0,0,,,0,0,,128.7701253,35.19755255
마라15ba90aa,0,0,0,0,,,0,0,,128.7701604,35.19980628
마라15ba90ab,0,0,0,0,,,0,0,,128.7701955,35.20206001
마라15ba90ba,0,0,0,0,,,0,0,,128.7702306,35.20431374
마라15ba90bb,0,0,0,0,,,0,0,,128.7702657,35.20656747
마라15ba91aa,0,0,0,0,,,0,0,,128.7703008,35.20882119
마라15ba91ab,0,0,0,0,,,0,0,,128.7703359,35.21107492
마라15ba91ba,0,0,0,0,,,0,0,,128.770371,35.21332864
마라15ba91bb,0,0,0,0,,,0,0,,128.7704062,35.21558237
마라15ba92aa,0,0,0,0,,,0,0,,128.7704413,35.21783609
마라15ba92ab,0,0,0,0,,,0,0,,128.7704764,35.22008982
마라15ba92ba,0,0,0,0,,0.0,0,0,,128.7705115,35.22234354
마라15ba92bb,0,0,0,0,,0.0,0,0,,128.7705467,35.22459726
마라15ba93aa,5,0,0,0,,0.0,0,0,,128.7705818,35.22685098
마라15ba93ab,21,0,0,0,,,0,0,,128.7706169,35.2291047
마라15ba93ba,5,0,0,0,,,0,0,22.0,128.7706521,35.23135842
마라15ba93bb,30,0,0,0,,0.0,0,0,,128.7706872,35.23361214
마라15ba94aa,13,0,0,0,,,0,0,,128.7707224,35.23586585
마라15ba94ab,33,0,0,0,,11.0,0,0,,128.7707575,35.23811957
마라15ba94ba,14,0,0,0,,24.0,0,0,,128.7707927,35.24037328
마라15ba94bb,1,0,0,0,,6.0,0,0,,128.7708279,35.242627
마라15ba95aa,0,0,0,0,,0.0,0,0,,128.770863,35.24488071
마라15ba95ab,8,0,0,0,,15.0,0,0,,128.7708982,35.24713442
마라15ba95ba,1,0,0,0,,,0,0,,128.7709334,35.24938814
마라15ba95bb,1,0,0,0,,0.0,0,0,,128.7709686,35.25164185
마라15ba96aa,11,0,0,0,,0.0,0,0,,128.7710037,35.25389556
마라15ba96ab,0,0,0,0,,,0,0,,128.7710389,35.25614927
마라15ba96ba,37,0,0,0,,0.0,0,0,,128.7710741,35.25840297
마라15ba96bb,40,0,0,0,,,0,0,,128.7711093,35.26065668
마라15ba97aa,33,0,0,0,,0.0,0,0,,128.7711445,35.26291039
마라15ba97ab,13,0,0,0,,0.0,0,0,,128.7711797,35.26516409
마라15ba97ba,17,0,0,0,,0.0,0,0,,128.7712149,35.2674178
마라15ba97bb,27,0,0,0,,0.0,0,0,,128.7712501,35.2696715
마라15ba98aa,25,1,0,0,,,0,0,,128.7712853,35.2719252
마라15ba98ab,10,0,0,0,,,0,0,,128.7713206,35.27417891
마라15ba98ba,29,0,0,0,,9.0,0,0,,128.7713558,35.27643261
마라15ba98bb,18,0,0,0,,,0,0,,128.771391,35.27868631
마라15ba99aa,28,0,0,0,,0.0,0,0,,128.7714262,35.28094001
마라15ba99ab,23,0,0,0,,0.0,0,0,,128.7714615,35.28319371
마라15ba99ba,70,0,0,0,,0.0,0,0,,128.7714967,35.2854474
마라15ba99bb,62,0,0,0,,0.0,0,0,,128.771532,35.2877011
마라15bb85bb,0,0,0,0,,,0,0,,128.7723088,35.16146394
마라15bb86aa,0,0,0,0,,,0,0,,128.7723439,35.16371768
마라15bb86ab,0,0,0,0,,,0,0,,128.772379,35.16597142
마라15bb86ba,0,0,0,0,,,0,0,,128.7724141,35.16822516
마라15bb86bb,0,0,0,0,,,0,0,,128.7724493,35.1704789
마라15bb87aa,0,0,0,0,,,0,0,,128.7724844,35.17273264
마라15bb87ab,0,0,0,0,,,0,0,,128.7725195,35.17498638
마라15bb87ba,0,0,0,0,,,0,0,,128.7725546,35.17724012
마라15bb87bb,0,0,0,0,,,0,0,,128.7725898,35.17949386
마라15bb88aa,1,0,0,0,,,0,0,16.56358382,128.7726249,35.18174759
마라15bb88ab,10,0,0,0,,8.0,0,1,,128.77266,35.18400132
마라15bb88ba,0,0,0,0,,,0,0,,128.7726952,35.18625506
마라15bb88bb,0,0,0,0,,,0,1,,128.7727303,35.18850879
마라15bb89aa,0,0,0,0,,,0,0,,128.7727655,35.19076252
마라15bb89ab,0,0,0,0,,,0,0,,128.7728006,35.19301625
마라15bb89ba,0,0,0,0,,,0,0,,128.7728358,35.19526998
마라15bb89bb,0,0,0,0,,,0,0,,128.7728709,35.19752371
마라15bb90aa,0,0,0,0,,,0,0,,128.7729061,35.19977744
마라15bb90ab,0,0,0,0,,,0,0,,128.7729413,35.20203117
마라15bb90ba,0,0,0,0,,,0,0,,128.7729764,35.2042849
마라15bb90bb,0,0,0,0,,,0,0,,128.7730116,35.20653862
마라15bb91aa,0,0,0,0,,,0,0,,128.7730468,35.20879235
마라15bb91ab,0,0,0,0,,,0,0,,128.773082,35.21104607
마라15bb91ba,0,0,0,0,,,0,0,,128.7731172,35.21329979
마라15bb91bb,0,0,0,0,,,0,0,,128.7731524,35.21555352
마라15bb92aa,0,0,0,0,,,0,0,,128.7731876,35.21780724
마라15bb92ab,1,0,0,0,,6.0,0,0,,128.7732228,35.22006096
마라15bb92ba,2,0,0,0,,6.0,0,0,,128.773258,35.22231468
마라15bb92bb,5,0,0,0,,7.000000000000001,0,0,24.0,128.7732932,35.2245684
마라15bb93aa,0,0,0,0,,,0,0,7.0,128.7733284,35.22682212
마라15bb93ab,0,0,0,0,,,0,0,,128.7733636,35.22907583
마라15bb93ba,22,0,0,0,,0.0,0,0,28.5,128.7733988,35.23132955
마라15bb93bb,15,0,0,0,,,0,0,13.53034682,128.7734341,35.23358326
마라15bb94aa,9,0,0,0,,,0,0,,128.7734693,35.23583698
마라15bb94ab,18,0,0,0,,0.0,0,0,11.7933526,128.7735045,35.23809069
마라15bb94ba,16,0,0,0,,9.0,0,0,,128.7735398,35.24034441
마라15bb94bb,20,0,0,0,,9.0,0,0,,128.773575,35.24259812
마라15bb95aa,14,0,0,0,,9.999999999999998,0,0,,128.7736102,35.24485183
마라15bb95ab,21,0,0,0,,8.0,0,0,,128.7736455,35.24710554
마라15bb95ba,13,0,0,0,,0.0,0,0,,128.7736807,35.24935925
마라15bb95bb,11,0,0,0,,0.0,0,0,29.35028902,128.773716,35.25161296
마라15bb96aa,2,0,0,0,,,0,0,,128.7737513,35.25386666
마라15bb96ab,5,0,0,0,,0.0,0,0,,128.7737865,35.25612037
마라15bb96ba,50,0,0,0,,0.0,0,0,,128.7738218,35.25837408
마라15bb96bb,42,0,0,0,,0.0,0,0,,128.7738571,35.26062778
마라15bb97aa,30,0,0,0,,0.0,0,0,,128.7738923,35.26288149
마라15bb97ab,21,0,0,0,,0.0,0,0,,128.7739276,35.26513519
마라15bb97ba,23,0,0,0,,0.0,0,0,,128.7739629,35.26738889
마라15bb97bb,15,0,0,0,,,0,0,,128.7739982,35.26964259
마라15bb98aa,16,0,0,0,,,0,0,,128.7740335,35.27189629
마라15bb98ab,19,0,0,0,,0.0,0,0,,128.7740688,35.27414999
마라15bb98ba,45,0,0,0,,0.0,0,0,13.43786127,128.7741041,35.27640369
마라15bb98bb,18,0,0,0,,0.0,0,0,,128.7741394,35.27865739
마라15bb99aa,35,0,0,0,,0.0,0,0,,128.7741747,35.28091109
마라15bb99ab,22,0,0,0,,,0,0,,128.77421,35.28316478
마라15bb99ba,27,0,0,0,,,0,0,,128.7742453,35.28541848
마라15bb99bb,46,0,0,0,,,0,0,,128.7742806,35.28767217
마라16aa85ba,0,0,0,0,,,0,0,,128.775018,35.15918134
마라16aa85bb,0,0,0,0,,,0,0,,128.7750532,35.16143508
마라16aa86aa,0,0,0,0,,,0,0,,128.7750884,35.16368882
마라16aa86ab,0,0,0,0,,,0,0,,128.7751236,35.16594256
마라16aa86ba,0,0,0,0,,,0,0,,128.7751588,35.1681963
마라16aa86bb,0,0,0,0,,,0,0,,128.775194,35.17045004
마라16aa87aa,0,0,0,0,,,0,0,,128.7752292,35.17270377
마라16aa87ab,0,0,0,0,,,0,0,,128.7752643,35.17495751
마라16aa87ba,0,0,0,0,,,0,0,,128.7752996,35.17721125
마라16aa87bb,0,0,0,0,,,0,0,,128.7753348,35.17946498
마라16aa88aa,2,0,0,0,,0.0,0,0,23.78106936,128.77537,35.18171871
마라16aa88ab,17,0,0,0,,8.0,0,0,,128.7754052,35.18397244
마라16aa88ba,13,0,0,0,,,92,0,,128.7754404,35.18622618
마라16aa88bb,0,0,0,0,,,0,0,,128.7754756,35.18847991
마라16aa89aa,0,0,0,0,,,0,0,,128.7755108,35.19073364
마라16aa89ab,0,0,0,0,,,0,0,,128.7755461,35.19298736
마라16aa89ba,0,0,0,0,,,0,0,,128.7755813,35.19524109
마라16aa89bb,0,0,0,0,,,0,0,,128.7756165,35.19749482
마라16aa90aa,0,0,0,0,,,0,0,,128.7756518,35.19974854
마라16aa90ab,0,0,0,0,,,0,0,,128.775687,35.20200227
마라16aa90ba,0,0,0,0,,,0,0,,128.7757223,35.20425599
마라16aa90bb,0,0,0,0,,,0,0,,128.7757575,35.20650972
마라16aa91aa,0,0,0,0,,,0,0,,128.7757928,35.20876344
마라16aa91ab,0,0,0,0,,,0,0,,128.7758281,35.21101716
마라16aa91ba,0,0,0,0,,,0,0,,128.7758633,35.21327088
마라16aa91bb,1,0,0,0,,,0,0,,128.7758986,35.2155246
마라16aa92aa,0,0,0,0,,,0,0,,128.7759339,35.21777832
마라16aa92ab,1,0,0,0,,,0,0,9.781791908,128.7759691,35.22003204
마라16aa92ba,1,0,0,0,,,0,0,16.96676301,128.7760044,35.22228576
마라16aa92bb,1,0,0,0,,,0,0,17.17789017,128.7760397,35.22453947
마라16aa93aa,0,0,0,0,,,0,0,,128.776075,35.22679319
마라16aa93ab,0,0,0,0,,,0,0,,128.7761103,35.2290469
마라16aa93ba,3,0,0,0,,,0,0,,128.7761456,35.23130062
마라16aa93bb,1,0,0,0,,,0,0,,128.7761809,35.23355433
마라16aa94aa,12,0,0,0,,,0,0,,128.7762162,35.23580804
마라16aa94ab,15,0,0,0,,,0,0,50.41618497,128.7762515,35.23806175
마라16aa94ba,48,0,0,0,,0.0,0,0,,128.7762868,35.24031546
마라16aa94bb,22,0,0,0,,14.0,0,0,,128.7763221,35.24256917
마라16aa95aa,45,0,0,0,,0.0,0,0,,128.7763574,35.24482288
마라16aa95ab,13,0,0,0,,0.0,0,0,,128.7763928,35.24707659
마라16aa95ba,26,0,0,0,,15.0,0,0,,128.7764281,35.2493303
마라16aa95bb,27,0,0,0,,6.0,0,0,28.24132948,128.7764634,35.251584
마라16aa96aa,0,0,0,0,,,0,0,,128.7764988,35.25383771
마라16aa96ab,11,0,0,0,,7.000000000000001,0,0,,128.7765341,35.25609141
마라16aa96ba,38,0,0,0,,0.0,4,0,,128.7765694,35.25834512
마라16aa96bb,8,0,0,0,,0.0,0,0,,128.7766048,35.26059882
마라16aa97aa,29,0,0,0,,22.0,0,0,,128.7766401,35.26285252
마라16aa97ab,29,0,0,0,,0.0,0,0,,128.7766755,35.26510622
마라16aa97ba,44,0,0,0,,0.0,0,0,,128.7767109,35.26735992
마라16aa97bb,79,0,0,0,,0.0,0,0,,128.7767462,35.26961362
마라16aa98aa,40,3,0,0,,9.999999999999998,0,0,,128.7767816,35.27186732
마라16aa98ab,47,0,0,0,,29.0,0,0,,128.776817,35.27412102
마라16aa98ba,61,1,0,0,,0.0,0,0,17.38800578,128.7768523,35.27637471
마라16aa98bb,27,0,0,0,,,0,0,,128.7768877,35.27862841
마라16aa99aa,31,0,0,0,,0.0,0,0,,128.7769231,35.2808821
마라16aa99ab,12,0,0,0,,0.0,0,0,,128.7769585,35.2831358
마라16aa99ba,8,0,0,0,,,0,0,,128.7769939,35.28538949
마라16aa99bb,50,0,0,0,,0.0,0,0,,128.7770293,35.28764318
마라16ab85ba,0,0,0,0,,,0,0,,128.7777624,35.15915243
마라16ab85bb,0,0,0,0,,,0,0,,128.7777976,35.16140616
마라16ab86aa,0,0,0,0,,,0,0,,128.7778329,35.1636599
마라16ab86ab,0,0,0,0,,,0,0,,128.7778681,35.16591364
마라16ab86ba,0,0,0,0,,,0,0,,128.7779034,35.16816737
마라16ab86bb,0,0,0,0,,,0,0,,128.7779387,35.17042111
마라16ab87aa,0,0,0,0,,,0,0,,128.7779739,35.17267484
마라16ab87ab,0,0,0,0,,,0,0,,128.7780092,35.17492858
마라16ab87ba,0,0,0,0,,,0,0,,128.7780445,35.17718231
마라16ab87bb,1,0,0,0,,,0,0,,128.7780798,35.17943604
마라16ab88aa,6,2,0,0,,6.0,0,0,,128.778115,35.18168977
마라16ab88ab,5,0,0,0,,14.0,0,0,,128.7781503,35.1839435
마라16ab88ba,1,0,0,0,,,0,0,,128.7781856,35.18619723
마라16ab88bb,0,0,0,0,,,0,0,,128.7782209,35.18845096
마라16ab89aa,0,0,0,0,,,0,0,,128.7782562,35.19070469
마라16ab89ab,0,0,0,0,,,0,0,,128.7782915,35.19295841
마라16ab89ba,0,0,0,0,,,0,0,,128.7783268,35.19521214
마라16ab89bb,0,0,0,0,,,0,0,,128.7783622,35.19746586
마라16ab90aa,0,0,0,0,,,0,0,,128.7783975,35.19971959
마라16ab90ab,0,0,0,0,,,0,0,,128.7784328,35.20197331
마라16ab90ba,0,0,0,0,,,0,0,,128.7784681,35.20422703
마라16ab90bb,0,0,0,0,,,0,0,,128.7785034,35.20648075
마라16ab91aa,0,0,0,0,,,0,0,,128.7785388,35.20873447
마라16ab91ab,0,0,0,0,,,0,0,,128.7785741,35.21098819
마라16ab91ba,0,0,0,0,,,0,0,,128.7786095,35.21324191
마라16ab91bb,0,0,0,0,,,0,0,,128.7786448,35.21549563
마라16ab92aa,0,0,0,0,,,0,0,,128.7786802,35.21774934
마라16ab92ab,0,0,0,0,,,0,0,,128.7787155,35.22000306
마라16ab92ba,2,0,0,0,,6.0,0,0,,128.7787509,35.22225677
마라16ab92bb,0,0,0,0,,,0,0,,128.7787862,35.22451049
마라16ab93aa,0,0,0,0,,,0,0,,128.7788216,35.2267642
마라16ab93ab,0,0,0,0,,,0,0,22.43641618,128.778857,35.22901791
마라16ab93ba,0,0,0,0,,,0,0,,128.7788923,35.23127162
마라16ab93bb,0,0,0,0,,,0,0,,128.7789277,35.23352534
마라16ab94aa,6,0,0,0,,0.0,0,0,,128.7789631,35.23577905
마라16ab94ab,7,0,0,0,,,0,0,,128.7789985,35.23803275
마라16ab94ba,42,0,0,0,,9.0,0,0,,128.7790339,35.24028646
마라16ab94bb,24,0,0,0,,0.0,7,0,,128.7790692,35.24254017
마라16ab95aa,15,0,0,0,,0.0,0,0,,128.7791046,35.24479388
마라16ab95ab,13,0,0,0,,0.0,0,0,,128.77914,35.24704758
마라16ab95ba,33,0,0,0,,13.0,0,0,,128.7791754,35.24930128
마라16ab95bb,27,0,0,0,,0.0,0,0,,128.7792109,35.25155499
마라16ab96aa,3,0,0,0,,0.0,0,0,,128.7792463,35.25380869
마라16ab96ab,12,0,0,0,,,0,0,,128.7792817,35.25606239
마라16ab96ba,17,0,0,0,,0.0,0,0,,128.7793171,35.25831609
마라16ab96bb,6,0,0,0,,11.0,0,0,,128.7793525,35.26056979
마라16ab97aa,14,0,0,0,,49.0,0,0,,128.779388,35.26282349
마라16ab97ab,34,0,0,0,,0.0,0,0,,128.7794234,35.26507719
마라16ab97ba,60,0,0,0,,13.0,0,0,17.0,128.7794588,35.26733089
마라16ab97bb,41,0,0,0,,17.0,0,0,,128.7794943,35.26958459
마라16ab98aa,5,0,0,0,,0.0,0,0,,128.7795297,35.27183828
마라16ab98ab,12,0,0,0,,21.0,0,0,,128.7795651,35.27409198
마라16ab98ba,30,0,0,0,,0.0,0,0,,128.7796006,35.27634567
마라16ab98bb,8,0,0,0,,0.0,0,0,,128.7796361,35.27859936
마라16ab99aa,2,0,0,0,,,0,0,,128.7796715,35.28085306
마라16ab99ab,0,0,0,0,,,0,0,,128.779707,35.28310675
마라16ab99ba,0,0,0,0,,,0,0,,128.7797424,35.28536044
마라16ab99bb,0,0,0,0,,,0,0,,128.7797779,35.28761413
마라16ba85ba,0,0,0,0,,,0,0,,128.7805067,35.15912345
마라16ba85bb,0,0,0,0,,,0,0,,128.780542,35.16137718
마라16ba86aa,0,0,0,0,,,0,0,,128.7805773,35.16363092
마라16ba86ab,0,0,0,0,,,0,0,,128.7806127,35.16588465
마라16ba86ba,0,0,0,0,,,0,0,,128.780648,35.16813839
마라16ba86bb,0,0,0,0,,,0,0,,128.7806833,35.17039212
마라16ba87aa,0,0,0,0,,,0,0,,128.7807187,35.17264585
마라16ba87ab,0,0,0,0,,,0,0,,128.780754,35.17489958
마라16ba87ba,0,0,0,0,,,0,0,,128.7807894,35.17715331
마라16ba87bb,2,0,0,0,,0.0,0,0,,128.7808248,35.17940704
마라16ba88aa,0,0,0,0,,0.0,0,0,,128.7808601,35.18166077
마라16ba88ab,7,0,0,0,,8.0,0,0,,128.7808955,35.1839145
마라16ba88ba,0,0,0,0,,,0,0,,128.7809309,35.18616822
마라16ba88bb,0,0,0,0,,,0,0,,128.7809662,35.18842195
마라16ba89aa,0,0,0,0,,,0,0,,128.7810016,35.19067567
마라16ba89ab,0,0,0,0,,,0,0,,128.781037,35.1929294
마라16ba89ba,0,0,0,0,,,0,0,,128.7810724,35.19518312
마라16ba89bb,0,0,0,0,,,0,0,,128.7811078,35.19743684
마라16ba90aa,0,0,0,0,,,0,0,,128.7811432,35.19969056
마라16ba90ab,0,0,0,0,,,0,0,,128.7811785,35.20194428
마라16ba90ba,0,0,0,0,,,0,0,,128.7812139,35.204198
마라16ba90bb,0,0,0,0,,,0,0,,128.7812494,35.20645172
마라16ba91aa,0,0,0,0,,,0,0,,128.7812848,35.20870544
마라16ba91ab,0,0,0,0,,,0,0,,128.7813202,35.21095916
마라16ba91ba,0,0,0,0,,,0,0,,128.7813556,35.21321287
마라16ba91bb,0,0,0,0,,,0,0,,128.781391,35.21546659
마라16ba92aa,0,0,0,0,,,0,0,,128.7814264,35.2177203
마라16ba92ab,1,0,0,0,,,0,0,,128.7814619,35.21997402
마라16ba92ba,0,0,0,0,,8.0,0,0,,128.7814973,35.22222773
마라16ba92bb,0,0,0,0,,,0,0,,128.7815327,35.22448144
마라16ba93aa,0,0,0,0,,,0,0,,128.7815682,35.22673515
마라16ba93ab,0,0,0,0,,,0,0,,128.7816036,35.22898886
마라16ba93ba,0,0,0,0,,,0,0,,128.7816391,35.23124257
마라16ba93bb,0,0,0,0,,,0,0,,128.7816745,35.23349628
마라16ba94aa,0,0,0,0,,,0,0,,128.78171,35.23574998
마라16ba94ab,0,0,0,0,,0.0,0,0,,128.7817454,35.23800369
마라16ba94ba,2,0,0,0,,0.0,0,0,,128.7817809,35.2402574
마라16ba94bb,10,0,0,0,,0.0,0,0,,128.7818164,35.2425111
마라16ba95aa,3,0,0,0,,,0,0,,128.7818518,35.2447648
마라16ba95ab,25,0,0,0,,6.0,0,0,,128.7818873,35.24701851
마라16ba95ba,30,0,0,0,,8.0,0,0,,128.7819228,35.24927221
마라16ba95bb,9,0,0,0,,0.0,0,0,,128.7819583,35.25152591
마라16ba96aa,2,0,0,0,,0.0,0,0,,128.7819938,35.25377961
마라16ba96ab,0,0,0,0,,,0,0,,128.7820293,35.25603331
마라16ba96ba,1,0,0,0,,0.0,0,0,,128.7820648,35.25828701
마라16ba96bb,1,0,0,0,,,0,0,,128.7821003,35.26054071
마라16ba97aa,3,0,0,0,,0.0,0,0,,128.7821358,35.2627944
마라16ba97ab,43,0,0,0,,0.0,0,0,,128.7821713,35.2650481
마라16ba97ba,55,0,0,0,,11.0,0,0,,128.7822068,35.26730179
마라16ba97bb,21,0,0,0,,6.0,0,0,,128.7822423,35.26955549
마라16ba98aa,0,0,0,0,,,4,0,,128.7822778,35.27180918
마라16ba98ab,0,0,0,0,,,0,0,,128.7823133,35.27406288
마라16ba98ba,0,0,0,0,,,0,0,,128.7823489,35.27631657
마라16ba98bb,0,0,0,0,,,0,0,,128.7823844,35.27857026
마라16ba99aa,0,0,0,0,,,0,0,,128.7824199,35.28082395
마라16ba99ab,0,0,0,0,,,0,0,,128.7824555,35.28307764
마라16ba99ba,0,0,0,0,,,0,0,,128.782491,35.28533132
마라16ba99bb,1,0,0,0,,,0,0,,128.7825266,35.28758501
마라16bb85ba,0,0,0,0,,,0,0,,128.783251,35.15909441
마라16bb85bb,0,0,0,0,,,0,0,,128.7832864,35.16134814
마라16bb86aa,0,0,0,0,,,0,0,,128.7833218,35.16360187
마라16bb86ab,0,0,0,0,,,0,0,,128.7833572,35.1658556
마라16bb86ba,0,0,0,0,,,0,0,,128.7833926,35.16810934
마라16bb86bb,0,0,0,0,,,0,0,,128.783428,35.17036307
마라16bb87aa,0,0,0,0,,,0,0,,128.7834635,35.1726168
마라16bb87ab,1,0,0,0,,,0,0,22.03323699,128.7834989,35.17487052
마라16bb87ba,1,0,0,0,,,0,0,,128.7835343,35.17712425
마라16bb87bb,1,0,0,0,,0.0,0,0,59.0,128.7835697,35.17937798
마라16bb88aa,0,0,0,0,,,0,0,,128.7836052,35.1816317
마라16bb88ab,0,0,0,0,,,0,0,,128.7836406,35.18388543
마라16bb88ba,0,0,0,0,,,0,0,,128.7836761,35.18613915
마라16bb88bb,0,0,0,0,,,0,0,,128.7837115,35.18839288
마라16bb89aa,0,0,0,0,,,0,0,,128.783747,35.1906466
마라16bb89ab,0,0,0,0,,,0,0,,128.7837824,35.19290032
마라16bb89ba,0,0,0,0,,,0,0,,128.7838179,35.19515404
마라16bb89bb,0,0,0,0,,,0,0,,128.7838534,35.19740776
마라16bb90aa,0,0,0,0,,,0,0,,128.7838888,35.19966148
마라16bb90ab,0,0,0,0,,,0,0,,128.7839243,35.2019152
마라16bb90ba,1,0,0,0,,,0,0,14.12572254,128.7839598,35.20416891
마라16bb90bb,0,0,0,0,,,0,0,,128.7839953,35.20642263
마라16bb91aa,0,0,0,0,,,0,0,,128.7840307,35.20867635
마라16bb91ab,0,0,0,0,,,0,0,,128.7840662,35.21093006
마라16bb91ba,0,0,0,0,,,0,0,,128.7841017,35.21318377
마라16bb91bb,0,0,0,0,,,0,0,,128.7841372,35.21543749
마라16bb92aa,0,0,0,0,,,0,0,,128.7841727,35.2176912
마라16bb92ab,0,0,0,0,,,0,0,,128.7842082,35.21994491
마라16bb92ba,1,0,0,0,,9.0,0,0,,128.7842437,35.22219862
마라16bb92bb,1,0,0,0,,,0,0,,128.7842792,35.22445233
마라16bb93aa,4,0,0,0,,,0,0,,128.7843148,35.22670604
마라16bb93ab,0,0,0,0,,,0,0,,128.7843503,35.22895974
마라16bb93ba,0,0,0,0,,,0,0,,128.7843858,35.23121345
마라16bb93bb,0,0,0,0,,,0,0,,128.7844213,35.23346716
마라16bb94aa,0,0,0,0,,,0,0,,128.7844569,35.23572086
마라16bb94ab,0,0,0,0,,,0,0,,128.7844924,35.23797457
마라16bb94ba,0,0,0,0,,,0,0,,128.7845279,35.24022827
마라16bb94bb,0,0,0,0,,,0,0,,128.7845635,35.24248197
마라16bb95aa,9,0,0,0,,,0,0,,128.784599,35.24473567
마라16bb95ab,22,0,0,0,,0.0,0,0,,128.7846346,35.24698937
마라16bb95ba,12,0,0,0,,,0,0,,128.7846701,35.24924307
마라16bb95bb,2,0,0,0,,,0,0,,128.7847057,35.25149677
마라16bb96aa,0,0,0,0,,,0,0,,128.7847413,35.25375047
마라16bb96ab,0,0,0,0,,,0,0,,128.7847768,35.25600417
마라16bb96ba,0,0,0,0,,,0,0,,128.7848124,35.25825786
마라16bb96bb,0,0,0,0,,,0,0,,128.784848,35.26051156
마라16bb97aa,0,0,0,0,,,0,0,,128.7848836,35.26276525
마라16bb97ab,5,0,0,0,,0.0,0,0,,128.7849191,35.26501895
마라16bb97ba,17,0,0,0,,0.0,0,0,,128.7849547,35.26727264
마라16bb97bb,0,0,0,0,,,0,0,,128.7849903,35.26952633
마라16bb98aa,0,0,0,0,,,0,0,,128.7850259,35.27178002
마라16bb98ab,1,0,0,0,,,0,0,,128.7850615,35.27403371
마라16bb98ba,0,0,0,0,,,0,0,,128.7850971,35.2762874
마라16bb98bb,0,0,0,0,,,0,0,,128.7851327,35.27854109
마라16bb99aa,0,0,0,0,,,0,0,,128.7851683,35.28079478
마라16bb99ab,0,0,0,0,,,0,0,,128.7852039,35.28304846
마라16bb99ba,1,0,0,0,,,0,0,,128.7852396,35.28530215
마라16bb99bb,32,0,0,0,,,0,0,,128.7852752,35.28755583
마라17aa85ab,0,0,0,0,,,0,0,,128.7859598,35.15681157
마라17aa85ba,0,0,0,0,,,0,0,,128.7859953,35.1590653
마라17aa85bb,0,0,0,0,,,0,0,,128.7860308,35.16131903
마라17aa86aa,0,0,0,0,,,0,0,,128.7860663,35.16357277
마라17aa86ab,0,0,0,0,,,0,0,,128.7861017,35.16582649
마라17aa86ba,0,0,0,0,,,0,0,,128.7861372,35.16808022
마라17aa86bb,0,0,0,0,,,0,0,,128.7861727,35.17033395
마라17aa87aa,0,0,0,0,,0.0,202,0,,128.7862082,35.17258768
마라17aa87ab,8,0,0,0,,20.0,0,0,,128.7862437,35.1748414
마라17aa87ba,7,0,0,0,,24.0,0,0,15.0,128.7862792,35.17709513
마라17aa87bb,0,0,0,0,,45.0,0,0,29.0,128.7863147,35.17934885
마라17aa88aa,1,0,0,0,,,0,0,,128.7863503,35.18160258
마라17aa88ab,1,0,0,0,,,0,0,,128.7863858,35.1838563
마라17aa88ba,4,0,0,0,,0.0,0,0,,128.7864213,35.18611002
마라17aa88bb,0,0,0,0,,,0,0,,128.7864568,35.18836374
마라17aa89aa,0,0,0,0,,,0,0,,128.7864923,35.19061746
마라17aa89ab,0,0,0,0,,,0,0,,128.7865279,35.19287118
마라17aa89ba,0,0,0,0,,,0,0,,128.7865634,35.1951249
마라17aa89bb,0,0,0,0,,,0,0,,128.786599,35.19737862
마라17aa90aa,0,0,0,0,,,0,0,7.0,128.7866345,35.19963233
마라17aa90ab,0,0,0,0,,,0,0,,128.78667,35.20188605
마라17aa90ba,0,0,0,0,,,0,0,,128.7867056,35.20413976
마라17aa90bb,0,0,0,0,,,0,0,,128.7867412,35.20639348
마라17aa91aa,0,0,0,0,,,0,0,,128.7867767,35.20864719
마라17aa91ab,0,0,0,0,,,0,0,,128.7868123,35.2109009
마라17aa91ba,0,0,0,0,,,0,0,,128.7868478,35.21315461
마라17aa91bb,0,0,0,0,,,0,0,,128.7868834,35.21540832
마라17aa92aa,0,0,0,0,,,0,0,,128.786919,35.21766203
마라17aa92ab,1,0,0,0,,,0,0,,128.7869546,35.21991574
마라17aa92ba,10,0,0,0,,9.999999999999998,0,0,,128.7869902,35.22216945
마라17aa92bb,2,0,0,0,,6.0,0,0,,128.7870257,35.22442316
마라17aa93aa,3,0,0,0,,0.0,0,0,,128.7870613,35.22667686
마라17aa93ab,0,0,0,0,,,0,0,,128.7870969,35.22893057
마라17aa93ba,0,0,0,0,,,0,0,,128.7871325,35.23118427
마라17aa93bb,0,0,0,0,,,0,0,,128.7871681,35.23343797
마라17aa94aa,0,0,0,0,,,0,0,,128.7872037,35.23569168
마라17aa94ab,0,0,0,0,,,0,0,,128.7872394,35.23794538
마라17aa94ba,0,0,0,0,,,0,0,,128.787275,35.24019908
마라17aa94bb,0,0,0,0,,,0,0,,128.7873106,35.24245278
마라17aa95aa,13,0,0,0,,,0,0,,128.7873462,35.24470648
마라17aa95ab,14,0,0,0,,0.0,0,0,,128.7873818,35.24696018
마라17aa95ba,0,0,0,0,,,0,0,,128.7874175,35.24921387
마라17aa95bb,0,0,0,0,,,0,0,,128.7874531,35.25146757
마라17aa96aa,0,0,0,0,,,0,0,,128.7874888,35.25372126
마라17aa96ab,0,0,0,0,,,0,0,,128.7875244,35.25597496
마라17aa96ba,0,0,0,0,,,0,0,,128.78756,35.25822865
마라17aa96bb,0,0,0,0,,,0,0,,128.7875957,35.26048235
마라17aa97aa,1,0,0,0,,0.0,0,0,,128.7876314,35.26273604
마라17aa97ab,0,0,0,0,,6.0,0,0,,128.787667,35.26498973
마라17aa97ba,0,0,0,0,,,0,0,,128.7877027,35.26724342
마라17aa97bb,0,0,0,0,,,0,0,,128.7877383,35.26949711
마라17aa98aa,0,0,0,0,,,0,0,,128.787774,35.2717508
마라17aa98ab,0,0,0,0,,,0,0,,128.7878097,35.27400448
마라17aa98ba,0,0,0,0,,,0,0,,128.7878454,35.27625817
마라17aa98bb,0,0,0,0,,,0,0,,128.7878811,35.27851186
마라17aa99aa,3,0,0,0,,,0,0,,128.7879167,35.28076554
마라17aa99ab,23,0,0,0,,0.0,0,0,,128.7879524,35.28301923
마라17aa99ba,24,0,0,0,,11.0,0,0,,128.7879881,35.28527291
마라17aa99bb,31,0,0,0,,0.0,0,0,,128.7880238,35.28752659
마라17ab85ab,0,0,0,0,,,0,0,,128.7887041,35.15678241
마라17ab85ba,0,0,0,0,,,0,0,,128.7887396,35.15903614
마라17ab85bb,0,0,0,0,,,0,0,,128.7887752,35.16128987
마라17ab86aa,0,0,0,0,,,0,0,,128.7888107,35.1635436
마라17ab86ab,0,0,0,0,,,0,0,,128.7888463,35.16579732
마라17ab86ba,0,0,0,0,,,0,0,,128.7888818,35.16805105
마라17ab86bb,0,0,0,0,,,0,0,,128.7889174,35.17030477
마라17ab87aa,3,0,0,0,,0.0,0,0,,128.788953,35.1725585
마라17ab87ab,1,0,0,0,,0.0,0,0,,128.7889886,35.17481222
마라17ab87ba,5,1,0,0,,143.0,0,0,,128.7890241,35.17706594
마라17ab87bb,0,0,0,1,,94.0,0,0,,128.7890597,35.17931967
마라17ab88aa,0,0,0,0,,,0,0,,128.7890953,35.18157339
마라17ab88ab,9,0,0,0,,,0,0,,128.7891309,35.18382711
마라17ab88ba,16,2,0,0,,16.0,0,0,,128.7891665,35.18608083
마라17ab88bb,0,0,0,0,,,0,0,,128.7892021,35.18833454
마라17ab89aa,0,0,0,0,,,0,0,,128.7892377,35.19058826
마라17ab89ab,0,0,0,0,,,0,0,,128.7892733,35.19284198
마라17ab89ba,0,0,0,0,,,0,0,,128.7893089,35.19509569
마라17ab89bb,0,1,0,0,,,0,0,,128.7893445,35.19734941
마라17ab90aa,0,6,0,0,,930.0,0,0,,128.7893802,35.19960312
마라17ab90ab,0,0,0,0,,,0,0,,128.7894158,35.20185684
마라17ab90ba,0,0,0,0,,,0,0,,128.7894514,35.20411055
마라17ab90bb,0,0,0,0,,,0,0,,128.789487,35.20636426
마라17ab91aa,0,0,0,0,,,0,0,,128.7895227,35.20861797
마라17ab91ab,0,0,0,0,,,0,0,,128.7895583,35.21087168
마라17ab91ba,0,0,0,0,,,0,0,,128.789594,35.21312539
마라17ab91bb,0,0,0,0,,,0,0,,128.7896296,35.2153791
마라17ab92aa,0,0,0,0,,,0,0,,128.7896653,35.2176328
마라17ab92ab,1,0,0,0,,0.0,0,0,,128.7897009,35.21988651
마라17ab92ba,2,0,0,0,,8.0,0,0,,128.7897366,35.22214022
마라17ab92bb,1,0,0,0,,,0,0,,128.7897723,35.22439392
마라17ab93aa,0,0,0,0,,,0,0,,128.7898079,35.22664762
마라17ab93ab,0,0,0,0,,,0,0,,128.7898436,35.22890133
마라17ab93ba,0,0,0,0,,,0,0,,128.7898793,35.23115503
마라17ab93bb,0,0,0,0,,,0,0,,128.7899149,35.23340873
마라17ab94aa,0,0,0,0,,,0,0,,128.7899506,35.23566243
마라17ab94ab,0,0,0,0,,,0,0,,128.7899863,35.23791613
마라17ab94ba,0,0,0,0,,,0,0,,128.790022,35.24016983
마라17ab94bb,0,0,0,0,,,0,0,,128.7900577,35.24242352
마라17ab95aa,0,0,0,0,,,0,0,,128.7900934,35.24467722
마라17ab95ab,0,0,0,0,,,0,0,,128.7901291,35.24693092
마라17ab95ba,0,0,0,0,,,0,0,,128.7901648,35.24918461
마라17ab95bb,0,0,0,0,,,0,0,,128.7902005,35.2514383
마라17ab96aa,0,0,0,0,,,0,0,,128.7902362,35.253692
마라17ab96ab,0,0,0,0,,,0,0,,128.790272,35.25594569
마라17ab96ba,0,0,0,0,,,0,0,,128.7903077,35.25819938
마라17ab96bb,0,0,0,0,,,0,0,,128.7903434,35.26045307
마라17ab97aa,0,0,0,0,,,0,0,,128.7903791,35.26270676
마라17ab97ab,0,0,0,0,,,0,0,,128.7904149,35.26496045
마라17ab97ba,0,0,0,0,,,0,0,,128.7904506,35.26721414
마라17ab97bb,0,0,0,0,,,0,0,,128.7904864,35.26946782
마라17ab98aa,0,0,0,0,,,0,0,,128.7905221,35.27172151
마라17ab98ab,0,0,0,0,,,0,0,,128.7905579,35.2739752
마라17ab98ba,0,0,0,0,,,0,0,,128.7905936,35.27622888
마라17ab98bb,0,0,0,0,,0.0,0,0,,128.7906294,35.27848256
마라17ab99aa,5,0,0,0,,,0,0,,128.7906651,35.28073625
마라17ab99ab,28,0,0,0,,16.0,0,0,,128.7907009,35.28298993
마라17ab99ba,46,0,0,0,,11.0,0,0,,128.7907367,35.28524361
마라17ab99bb,10,0,0,0,,0.0,0,0,22.56358382,128.7907725,35.28749729
마라17ba85ab,0,0,0,0,,,0,0,,128.7914483,35.15675318
마라17ba85ba,0,0,0,0,,,0,0,,128.7914839,35.15900691
마라17ba85bb,0,0,0,0,,,0,0,,128.7915195,35.16126064
마라17ba86aa,0,0,0,0,,,0,0,,128.7915552,35.16351436
마라17ba86ab,0,0,0,0,,,0,0,,128.7915908,35.16576809
마라17ba86ba,0,0,0,0,,,0,0,,128.7916264,35.16802181
마라17ba86bb,0,0,0,0,,,0,0,,128.7916621,35.17027553
마라17ba87aa,0,0,0,0,,,0,0,,128.7916977,35.17252926
마라17ba87ab,0,0,0,0,,9.999999999999998,0,0,,128.7917334,35.17478298
마라17ba87ba,7,10,0,0,,1333.0,0,0,,128.791769,35.1770367
마라17ba87bb,3,9,0,1,,1061.0,0,0,,128.7918047,35.17929042
마라17ba88aa,0,0,0,0,,,0,0,,128.7918404,35.18154414
마라17ba88ab,2,0,0,0,,41.0,0,0,,128.791876,35.18379785
마라17ba88ba,13,1,0,0,,17.0,0,0,,128.7919117,35.18605157
마라17ba88bb,16,0,0,0,,169.0,0,0,,128.7919474,35.18830529
마라17ba89aa,1,0,0,0,,20.0,0,0,,128.7919831,35.190559
마라17ba89ab,1,1,0,0,,258.0,0,0,,128.7920187,35.19281272
마라17ba89ba,1,11,0,0,,1657.0,0,0,,128.7920544,35.19506643
마라17ba89bb,3,6,0,0,,817.0,143,0,,128.7920901,35.19732014
마라17ba90aa,0,9,0,0,,1268.0,0,0,74.6666185,128.7921258,35.19957385
마라17ba90ab,0,0,0,0,,,0,0,,128.7921615,35.20182756
마라17ba90ba,0,0,0,0,,,0,0,,128.7921972,35.20408127
마라17ba90bb,0,0,0,0,,,0,0,,128.7922329,35.20633498
마라17ba91aa,0,0,0,0,,,0,0,,128.7922687,35.20858869
마라17ba91ab,4,0,0,0,,,0,0,,128.7923044,35.2108424
마라17ba91ba,4,0,0,0,,0.0,0,0,,128.7923401,35.2130961
마라17ba91bb,0,0,0,0,,,0,0,,128.7923758,35.21534981
마라17ba92aa,0,0,0,0,,0.0,0,0,,128.7924115,35.21760351
마라17ba92ab,1,0,0,0,,0.0,0,0,,128.7924473,35.21985722
마라17ba92ba,0,0,0,0,,,0,0,,128.792483,35.22211092
마라17ba92bb,0,0,0,0,,,0,0,,128.7925187,35.22436462
마라17ba93aa,0,0,0,0,,,0,0,,128.7925545,35.22661832
마라17ba93ab,0,0,0,0,,,0,0,,128.7925902,35.22887202
마라17ba93ba,0,0,0,0,,,0,0,,128.792626,35.23112572
마라17ba93bb,1,0,0,0,,9.0,0,0,,128.7926617,35.23337942
마라17ba94aa,2,0,0,0,,,0,0,,128.7926975,35.23563312
마라17ba94ab,0,0,0,0,,,0,0,,128.7927333,35.23788682
마라17ba94ba,0,0,0,0,,,0,0,,128.792769,35.24014051
마라17ba94bb,0,0,0,0,,,0,0,,128.7928048,35.24239421
마라17ba95aa,0,0,0,0,,,0,0,,128.7928406,35.2446479
마라17ba95ab,0,0,0,0,,,0,0,,128.7928764,35.24690159
마라17ba95ba,0,0,0,0,,,0,0,,128.7929121,35.24915529
마라17ba95bb,0,0,0,0,,,0,0,,128.7929479,35.25140898
마라17ba96aa,0,0,0,0,,,0,0,,128.7929837,35.25366267
마라17ba96ab,0,0,0,0,,,0,0,,128.7930195,35.25591636
마라17ba96ba,0,0,0,0,,,0,0,,128.7930553,35.25817005
마라17ba96bb,0,0,0,0,,,0,0,,128.7930911,35.26042373
마라17ba97aa,0,0,0,0,,,0,0,,128.7931269,35.26267742
마라17ba97ab,0,0,0,0,,,0,0,,128.7931627,35.26493111
마라17ba97ba,0,0,0,0,,0.0,0,0,,128.7931986,35.26718479
마라17ba97bb,0,0,0,0,,9.999999999999998,0,0,,128.7932344,35.26943848
마라17ba98aa,0,0,0,0,,0.0,0,0,,128.7932702,35.27169216
마라17ba98ab,0,0,0,0,,,0,0,,128.793306,35.27394584
마라17ba98ba,0,0,0,0,,,0,0,,128.7933419,35.27619953
마라17ba98bb,0,0,0,0,,0.0,0,0,,128.7933777,35.27845321
마라17ba99aa,0,0,0,0,,,0,0,24.74855491,128.7934135,35.28070689
마라17ba99ab,22,0,0,0,,8.0,0,0,54.0,128.7934494,35.28296057
마라17ba99ba,21,0,0,0,,0.0,0,0,,128.7934852,35.28521425
마라17ba99bb,1,0,0,0,,,0,0,,128.7935211,35.28746792
마라17bb85ab,0,0,0,0,,,0,0,,128.7941925,35.1567239
마라17bb85ba,0,0,0,0,,,0,0,,128.7942282,35.15897762
마라17bb85bb,0,0,0,0,,,0,0,,128.7942639,35.16123135
마라17bb86aa,0,0,0,0,,,0,0,,128.7942996,35.16348507
마라17bb86ab,0,0,0,0,,,0,0,,128.7943353,35.16573879
마라17bb86ba,0,0,0,0,,,0,0,,128.794371,35.16799251
마라17bb86bb,0,0,0,0,,,0,0,,128.7944068,35.17024623
마라17bb87aa,0,0,0,0,,,0,0,,128.7944425,35.17249995
마라17bb87ab,0,0,0,0,,,0,0,,128.7944782,35.17475367
마라17bb87ba,9,7,0,0,,1263.0,0,0,13.65606936,128.7945139,35.17700739
마라17bb87bb,14,10,0,1,,1270.0,0,0,,128.7945497,35.17926111
마라17bb88aa,5,0,0,0,,0.0,0,0,,128.7945854,35.18151482
마라17bb88ab,4,4,0,1,,588.0,0,0,,128.7946212,35.18376854
마라17bb88ba,3,6,0,0,,750.0,0,0,,128.7946569,35.18602225
마라17bb88bb,25,3,0,0,,827.0,0,0,,128.7946927,35.18827597
마라17bb89aa,9,0,0,0,,433.0,0,0,72.30520231,128.7947284,35.19052968
마라17bb89ab,1,1,0,0,,173.0,0,0,,128.7947642,35.19278339
마라17bb89ba,9,8,0,0,,1493.0,0,0,,128.7947999,35.1950371
마라17bb89bb,19,0,0,2,,284.0,0,0,47.03771676,128.7948357,35.19729081
마라17bb90aa,0,4,0,0,,258.0,0,0,,128.7948715,35.19954452
마라17bb90ab,0,0,0,0,,,0,0,,128.7949073,35.20179823
마라17bb90ba,0,0,0,0,,,0,0,35.0,128.794943,35.20405194
마라17bb90bb,1,0,0,0,,,0,0,,128.7949788,35.20630564
마라17bb91aa,0,0,0,0,,,0,0,,128.7950146,35.20855935
마라17bb91ab,4,1,0,0,,14.0,0,0,,128.7950504,35.21081305
마라17bb91ba,5,0,0,0,,0.0,151,2,,128.7950862,35.21306676
마라17bb91bb,1,0,0,0,,,0,0,,128.795122,35.21532046
마라17bb92aa,0,0,0,0,,,0,0,,128.7951578,35.21757416
마라17bb92ab,0,0,0,0,,,0,0,,128.7951936,35.21982786
마라17bb92ba,0,0,0,0,,,0,0,,128.7952294,35.22208156
마라17bb92bb,0,0,0,0,,,0,0,,128.7952652,35.22433526
마라17bb93aa,0,0,0,0,,,0,0,,128.7953011,35.22658896
마라17bb93ab,0,0,0,0,,,0,0,,128.7953369,35.22884266
마라17bb93ba,0,0,0,0,,,0,0,,128.7953727,35.23109636
마라17bb93bb,0,0,0,0,,0.0,0,0,,128.7954085,35.23335005
마라17bb94aa,0,0,0,0,,,0,0,,128.7954444,35.23560375
마라17bb94ab,0,0,0,0,,,0,0,,128.7954802,35.23785744
마라17bb94ba,0,0,0,0,,,0,0,,128.7955161,35.24011113
마라17bb94bb,0,0,0,0,,,0,0,,128.7955519,35.24236483
마라17bb95aa,0,0,0,0,,,0,0,,128.7955878,35.24461852
마라17bb95ab,0,0,0,0,,,0,0,,128.7956236,35.24687221
마라17bb95ba,0,0,0,0,,,0,0,,128.7956595,35.2491259
마라17bb95bb,0,0,0,0,,,0,0,,128.7956953,35.25137959
마라17bb96aa,0,0,0,0,,,0,0,,128.7957312,35.25363328
마라17bb96ab,0,0,0,0,,,0,0,,128.7957671,35.25588696
마라17bb96ba,0,0,0,0,,,0,0,,128.795803,35.25814065
마라17bb96bb,0,0,0,0,,,0,0,,128.7958388,35.26039434
마라17bb97aa,0,0,0,0,,,0,0,,128.7958747,35.26264802
마라17bb97ab,0,0,0,0,,,0,0,,128.7959106,35.2649017
마라17bb97ba,2,0,0,0,,0.0,0,0,,128.7959465,35.26715539
마라17bb97bb,0,0,0,0,,,0,0,,128.7959824,35.26940907
마라17bb98aa,0,0,0,0,,,0,0,,128.7960183,35.27166275
마라17bb98ab,0,0,0,0,,,0,0,,128.7960542,35.27391643
마라17bb98ba,1,0,0,0,,,0,0,21.0,128.7960901,35.27617011
마라17bb98bb,0,0,0,0,,,8,0,,128.796126,35.27842379
마라17bb99aa,4,0,0,0,,0.0,0,0,,128.7961619,35.28067747
마라17bb99ab,21,0,0,0,,0.0,0,0,16.34393064,128.7961978,35.28293114
마라17bb99ba,6,0,0,0,,8.0,0,0,,128.7962338,35.28518482
마라17bb99bb,9,0,0,0,,0.0,0,0,,128.7962697,35.28743849
마라18aa85ba,0,0,0,0,,,0,0,,128.7969725,35.15894827
마라18aa85bb,0,0,0,0,,,0,0,,128.7970083,35.16120199
마라18aa86aa,0,0,0,0,,,0,0,,128.7970441,35.16345571
마라18aa86ab,0,0,0,0,,,0,0,,128.7970798,35.16570943
마라18aa86ba,0,0,0,0,,,0,0,,128.7971156,35.16796315
마라18aa86bb,0,0,0,0,,,0,0,,128.7971514,35.17021687
마라18aa87aa,0,0,0,0,,,0,0,,128.7971872,35.17247059
마라18aa87ab,0,0,0,0,,7.000000000000001,0,0,,128.797223,35.1747243
마라18aa87ba,2,10,0,0,,1227.0,0,0,38.04913295,128.7972588,35.17697802
마라18aa87bb,5,9,0,0,,1173.0,0,0,,128.7972947,35.17923173
마라18aa88aa,1,8,0,0,,1173.0,0,0,,128.7973305,35.18148545
마라18aa88ab,5,12,0,0,,2082.0,0,0,,128.7973663,35.18373916
마라18aa88ba,14,7,0,1,,1052.0,0,0,,128.7974021,35.18599287
마라18aa88bb,14,4,0,0,,469.0,0,0,,128.7974379,35.18824658
마라18aa89aa,6,0,0,1,,,0,4,,128.7974738,35.19050029
마라18aa89ab,16,0,0,0,,21.0,0,0,,128.7975096,35.192754
마라18aa89ba,4,10,0,0,,1546.0,0,0,,128.7975454,35.19500771
마라18aa89bb,29,3,1,2,,950.0,0,0,,128.7975813,35.19726142
마라18aa90aa,7,0,0,1,,53.0,0,0,,128.7976171,35.19951512
마라18aa90ab,1,0,0,0,,,0,0,,128.797653,35.20176883
마라18aa90ba,2,2,0,0,,335.0,0,0,,128.7976888,35.20402253
마라18aa90bb,11,10,0,0,,1127.0,0,0,,128.7977247,35.20627624
마라18aa91aa,4,3,0,0,,128.0,0,0,41.66040462,128.7977606,35.20852994
마라18aa91ab,21,0,0,0,,11.0,0,0,,128.7977964,35.21078364
마라18aa91ba,8,1,1,0,,,0,0,,128.7978323,35.21303735
마라18aa91bb,9,3,0,0,,0.0,0,0,,128.7978682,35.21529105
마라18aa92aa,42,0,0,0,,0.0,0,0,,128.7979041,35.21754475
마라18aa92ab,23,0,0,0,,,0,0,,128.79794,35.21979844
마라18aa92ba,0,0,0,0,,,0,0,,128.7979758,35.22205214
마라18aa92bb,0,0,0,0,,,0,0,,128.7980117,35.22430584
마라18aa93aa,0,0,0,0,,,0,0,,128.7980476,35.22655954
마라18aa93ab,3,0,0,0,,0.0,0,0,,128.7980835,35.22881323
마라18aa93ba,3,0,0,0,,0.0,3,0,,128.7981194,35.23106693
마라18aa93bb,0,0,0,0,,,0,0,,128.7981553,35.23332062
마라18aa94aa,0,0,0,0,,,0,0,,128.7981912,35.23557431
마라18aa94ab,0,0,0,0,,,0,0,,128.7982272,35.237828
마라18aa94ba,0,0,0,0,,,0,0,,128.7982631,35.2400817
마라18aa94bb,0,0,0,0,,,0,0,,128.798299,35.24233539
마라18aa95aa,0,0,0,0,,,0,0,,128.7983349,35.24458907
마라18aa95ab,0,0,0,0,,,0,0,,128.7983709,35.24684276
마라18aa95ba,0,0,0,0,,,0,0,,128.7984068,35.24909645
마라18aa95bb,0,0,0,0,,,0,0,,128.7984427,35.25135014
마라18aa96aa,0,0,0,0,,,0,0,,128.7984787,35.25360382
마라18aa96ab,0,0,0,0,,,0,0,,128.7985146,35.25585751
마라18aa96ba,0,0,0,0,,,0,0,,128.7985506,35.25811119
마라18aa96bb,0,0,0,0,,,0,0,,128.7985865,35.26036487
마라18aa97aa,0,0,0,0,,,0,0,,128.7986225,35.26261856
마라18aa97ab,0,0,0,0,,,0,0,,128.7986585,35.26487224
마라18aa97ba,0,0,0,0,,0.0,0,0,,128.7986944,35.26712592
마라18aa97bb,2,0,0,0,,0.0,0,0,,128.7987304,35.2693796
마라18aa98aa,1,0,0,0,,,0,0,,128.7987664,35.27163328
마라18aa98ab,0,0,0,0,,,0,0,,128.7988024,35.27388695
마라18aa98ba,0,0,0,0,,,0,0,,128.7988383,35.27614063
마라18aa98bb,0,0,0,0,,0.0,0,0,,128.7988743,35.27839431
마라18aa99aa,1,0,0,0,,,0,0,,128.7989103,35.28064798
마라18aa99ab,6,0,0,0,,,0,0,,128.7989463,35.28290166
마라18aa99ba,4,0,0,0,,0.0,0,0,,128.7989823,35.28515533
마라18aa99bb,8,0,0,0,,0.0,0,0,21.0,128.7990183,35.287409
마라18ab85ba,0,0,0,0,,,0,0,,128.7997168,35.15891886
마라18ab85bb,0,0,0,0,,,0,0,,128.7997526,35.16117258
마라18ab86aa,0,0,0,0,,,0,0,,128.7997885,35.16342629
마라18ab86ab,0,0,0,0,,,0,0,,128.7998244,35.16568001
마라18ab86ba,0,0,0,0,,,0,0,,128.7998602,35.16793373
마라18ab86bb,0,0,0,0,,,0,0,,128.7998961,35.17018744
마라18ab87aa,0,0,0,0,,,0,0,,128.799932,35.17244116
마라18ab87ab,0,0,0,0,,0.0,0,0,32.56213873,128.7999678,35.17469487
마라18ab87ba,9,2,0,0,,536.0,0,0,,128.8000037,35.17694858
마라18ab87bb,14,0,0,1,,159.0,0,0,,128.8000396,35.1792023
마라18ab88aa,6,2,0,0,,232.0,0,0,,128.8000755,35.18145601
마라18ab88ab,4,1,0,0,,143.0,0,0,,128.8001114,35.18370972
마라18ab88ba,14,0,0,0,,192.0,0,0,,128.8001473,35.18596343
마라18ab88bb,10,2,1,1,,395.0,0,0,,128.8001832,35.18821714
마라18ab89aa,19,1,0,0,,165.0,0,0,75.0,128.8002191,35.19047084
마라18ab89ab,10,0,1,0,,29.0,0,1,,128.800255,35.19272455
마라18ab89ba,19,6,0,0,,971.0,0,0,,128.8002909,35.19497826
마라18ab89bb,10,11,0,0,,1350.0,0,0,,128.8003269,35.19723196
마라18ab90aa,0,0,0,0,,9.0,0,0,,128.8003628,35.19948567
마라18ab90ab,0,0,0,0,,,0,0,32.79046243,128.8003987,35.20173937
마라18ab90ba,15,11,0,0,,1719.0,0,0,,128.8004347,35.20399307
마라18ab90bb,14,8,0,1,,1304.0,0,0,20.31069364,128.8004706,35.20624677
마라18ab91aa,22,9,0,0,,1413.0,0,0,26.0,128.8005065,35.20850047
마라18ab91ab,46,5,2,0,,373.0,0,0,26.49132948,128.8005425,35.21075417
마라18ab91ba,53,0,2,0,,9.0,0,0,,128.8005784,35.21300787
마라18ab91bb,22,0,0,0,,,0,0,,128.8006144,35.21526157
마라18ab92aa,43,0,0,0,,0.0,0,0,,128.8006503,35.21751527
마라18ab92ab,14,0,0,0,,,0,0,,128.8006863,35.21976897
마라18ab92ba,6,0,0,0,,6.0,0,0,,128.8007222,35.22202266
마라18ab92bb,24,0,0,0,,0.0,0,0,,128.8007582,35.22427636
마라18ab93aa,31,0,0,0,,0.0,0,0,,128.8007942,35.22653005
마라18ab93ab,21,0,0,0,,0.0,0,0,,128.8008302,35.22878374
마라18ab93ba,1,0,0,0,,,0,0,,128.8008661,35.23103743
마라18ab93bb,0,0,0,0,,,0,0,,128.8009021,35.23329113
마라18ab94aa,0,0,0,0,,,0,0,,128.8009381,35.23554482
마라18ab94ab,0,0,0,0,,,0,0,,128.8009741,35.2377985
마라18ab94ba,0,0,0,0,,,0,0,,128.8010101,35.24005219
마라18ab94bb,0,0,0,0,,,0,0,,128.8010461,35.24230588
마라18ab95aa,0,0,0,0,,,0,0,,128.8010821,35.24455957
마라18ab95ab,0,0,0,0,,,0,0,,128.8011181,35.24681325
마라18ab95ba,0,0,0,0,,,0,0,,128.8011541,35.24906694
마라18ab95bb,0,0,0,0,,,0,0,,128.8011901,35.25132062
마라18ab96aa,0,0,0,0,,,0,0,,128.8012262,35.25357431
마라18ab96ab,0,0,0,0,,,0,0,,128.8012622,35.25582799
마라18ab96ba,0,0,0,0,,,0,0,,128.8012982,35.25808167
마라18ab96bb,0,0,0,0,,,0,0,,128.8013342,35.26033535
마라18ab97aa,0,0,0,0,,,0,0,,128.8013703,35.26258903
마라18ab97ab,0,0,0,0,,,0,0,,128.8014063,35.26484271
마라18ab97ba,0,0,0,0,,,0,0,,128.8014424,35.26709639
마라18ab97bb,0,0,0,0,,,0,0,,128.8014784,35.26935006
마라18ab98aa,0,0,0,0,,,0,0,,128.8015145,35.27160374
마라18ab98ab,0,0,0,0,,,0,0,,128.8015505,35.27385742
마라18ab98ba,0,0,0,0,,,0,0,,128.8015866,35.27611109
마라18ab98bb,1,0,0,0,,,0,0,,128.8016226,35.27836476
마라18ab99aa,0,0,0,0,,,0,0,,128.8016587,35.28061844
마라18ab99ab,3,0,0,0,,6.0,0,0,,128.8016948,35.28287211
마라18ab99ba,11,0,0,0,,7.000000000000001,0,0,,128.8017308,35.28512578
마라18ab99bb,2,0,0,0,,,0,0,,128.8017669,35.28737945
마라18ba85ba,0,0,0,0,,,0,0,,128.8024611,35.15888938
마라18ba85bb,0,0,0,0,,,0,0,,128.802497,35.1611431
마라18ba86aa,0,0,0,0,,,0,0,,128.8025329,35.16339681
마라18ba86ab,0,0,0,0,,,0,0,,128.8025689,35.16565053
마라18ba86ba,0,0,0,0,,,0,0,,128.8026048,35.16790424
마라18ba86bb,0,0,0,0,,,0,0,,128.8026408,35.17015796
마라18ba87aa,0,0,0,0,,,0,0,,128.8026767,35.17241167
마라18ba87ab,7,0,0,0,,136.0,0,0,,128.8027127,35.17466538
마라18ba87ba,15,5,0,0,,571.0,0,0,,128.8027486,35.17691909
마라18ba87bb,5,0,0,0,,18.0,0,0,,128.8027846,35.1791728
마라18ba88aa,0,0,0,0,,,0,0,,128.8028206,35.18142651
마라18ba88ab,0,0,0,0,,,0,0,,128.8028565,35.18368022
마라18ba88ba,6,0,0,0,,15.0,0,0,,128.8028925,35.18593392
마라18ba88bb,11,0,0,2,,165.0,0,0,,128.8029285,35.18818763
마라18ba89aa,35,1,0,0,,199.0,0,0,,128.8029645,35.19044133
마라18ba89ab,20,0,1,0,,184.0,0,0,,128.8030005,35.19269504
마라18ba89ba,15,2,0,0,,270.0,0,0,,128.8030364,35.19494874
마라18ba89bb,2,11,0,1,,1186.0,0,0,66.79479769,128.8030724,35.19720244
마라18ba90aa,2,3,0,0,,454.0,0,0,,128.8031084,35.19945615
마라18ba90ab,9,11,0,2,,1759.0,0,0,26.0,128.8031444,35.20170985
마라18ba90ba,15,10,0,0,,1108.9999999999995,0,0,26.0,128.8031804,35.20396355
마라18ba90bb,17,12,0,1,,1472.0,0,0,,128.8032165,35.20621725
마라18ba91aa,20,10,0,0,,1149.0,0,0,18.0,128.8032525,35.20847094
마라18ba91ab,46,0,0,0,,20.0,0,0,,128.8032885,35.21072464
마라18ba91ba,32,0,0,0,,0.0,0,0,,128.8033245,35.21297834
마라18ba91bb,32,0,0,0,,0.0,0,0,,128.8033605,35.21523203
마라18ba92aa,21,0,0,0,,,0,0,,128.8033966,35.21748573
마라18ba92ab,6,0,0,0,,0.0,0,0,,128.8034326,35.21973942
마라18ba92ba,55,0,0,0,,0.0,0,0,14.0,128.8034687,35.22199312
마라18ba92bb,39,0,0,0,,0.0,0,0,17.0,128.8035047,35.22424681
마라18ba93aa,16,0,0,0,,12.0,0,0,,128.8035407,35.2265005
마라18ba93ab,13,0,0,0,,0.0,0,0,,128.8035768,35.22875419
마라18ba93ba,0,0,0,0,,,0,0,,128.8036129,35.23100788
마라18ba93bb,0,0,0,0,,,0,0,,128.8036489,35.23326157
마라18ba94aa,0,0,0,0,,,0,0,,128.803685,35.23551526
마라18ba94ab,0,0,0,0,,,0,0,,128.803721,35.23776894
마라18ba94ba,0,0,0,0,,,0,0,,128.8037571,35.24002263
마라18ba94bb,0,0,0,0,,,0,0,,128.8037932,35.24227631
마라18ba95aa,3,0,0,0,,,0,0,,128.8038293,35.24453
마라18ba95ab,0,0,0,0,,,0,0,,128.8038654,35.24678368
마라18ba95ba,0,0,0,0,,,0,0,,128.8039014,35.24903736
마라18ba95bb,0,0,0,0,,,0,0,,128.8039375,35.25129105
마라18ba96aa,0,0,0,0,,,0,0,,128.8039736,35.25354473
마라18ba96ab,0,0,0,0,,,0,0,,128.8040097,35.25579841
마라18ba96ba,0,0,0,0,,,0,0,,128.8040458,35.25805209
마라18ba96bb,0,0,0,0,,,0,0,,128.8040819,35.26030576
마라18ba97aa,0,0,0,0,,,0,0,,128.804118,35.26255944
마라18ba97ab,0,0,0,0,,,0,0,,128.8041542,35.26481312
마라18ba97ba,0,0,0,0,,,0,0,,128.8041903,35.26706679
마라18ba97bb,0,0,0,0,,,0,0,,128.8042264,35.26932047
마라18ba98aa,0,0,0,0,,,0,0,,128.8042625,35.27157414
마라18ba98ab,0,0,0,0,,,0,0,,128.8042987,35.27382782
마라18ba98ba,0,0,0,0,,0.0,0,0,25.48554913,128.8043348,35.27608149
마라18ba98bb,0,0,0,0,,,0,0,,128.8043709,35.27833516
마라18ba99aa,0,0,0,0,,,0,0,,128.8044071,35.28058883
마라18ba99ab,2,0,0,0,,8.0,0,0,,128.8044432,35.2828425
마라18ba99ba,0,0,0,0,,0.0,0,0,,128.8044794,35.28509617
마라18ba99bb,3,0,0,0,,,0,0,,128.8045155,35.28734984
마라18bb85ba,0,0,0,0,,,0,0,,128.8052053,35.15885984
마라18bb85bb,0,0,0,0,,,0,0,,128.8052413,35.16111356
마라18bb86aa,0,0,0,0,,,0,0,,128.8052774,35.16336727
마라18bb86ab,0,0,0,0,,,0,0,,128.8053134,35.16562098
마라18bb86ba,0,0,0,0,,,0,0,,128.8053494,35.16787469
마라18bb86bb,4,0,0,1,,8.0,0,0,36.5,128.8053854,35.1701284
마라18bb87aa,0,6,0,0,,961.0,0,0,,128.8054214,35.17238211
마라18bb87ab,4,6,0,0,,714.0,0,0,,128.8054575,35.17463582
마라18bb87ba,12,4,0,1,,592.0,0,0,,128.8054935,35.17688953
마라18bb87bb,3,0,0,0,,39.0,0,1,,128.8055295,35.17914324
마라18bb88aa,0,0,0,0,,,0,0,,128.8055656,35.18139695
마라18bb88ab,0,0,0,0,,,0,0,,128.8056016,35.18365065
마라18bb88ba,2,0,0,0,,9.999999999999998,0,0,22.09248555,128.8056377,35.18590436
마라18bb88bb,10,4,1,0,,163.0,0,0,,128.8056737,35.18815806
마라18bb89aa,19,5,0,1,,843.0,0,0,49.90751445,128.8057098,35.19041176
마라18bb89ab,41,0,1,0,,389.0,0,0,,128.8057459,35.19266546
마라18bb89ba,15,0,0,0,,241.0,0,0,,128.8057819,35.19491916
마라18bb89bb,1,5,0,0,,749.0,0,0,,128.805818,35.19717286
마라18bb90aa,8,9,0,0,,1267.0,0,0,,128.8058541,35.19942656
마라18bb90ab,10,5,0,2,,925.0,0,0,16.65751445,128.8058902,35.20168026
마라18bb90ba,18,13,0,0,,2147.0,0,0,,128.8059262,35.20393396
마라18bb90bb,13,11,0,0,,1572.0,0,0,19.0,128.8059623,35.20618766
마라18bb91aa,16,1,8,0,,0.0,0,0,10.0,128.8059984,35.20844135
마라18bb91ab,35,0,0,0,,,0,0,,128.8060345,35.21069505
마라18bb91ba,9,0,0,0,,,0,0,,128.8060706,35.21294874
마라18bb91bb,15,0,0,0,,0.0,0,0,,128.8061067,35.21520244
마라18bb92aa,30,0,0,0,,,0,0,,128.8061428,35.21745613
마라18bb92ab,14,0,0,0,,0.0,0,0,,128.8061789,35.21970982
마라18bb92ba,13,1,0,0,,,0,0,,128.8062151,35.22196351
마라18bb92bb,3,0,0,0,,,0,0,,128.8062512,35.2242172
마라18bb93aa,14,0,0,0,,0.0,0,0,,128.8062873,35.22647089
마라18bb93ab,32,0,0,0,,0.0,0,0,,128.8063234,35.22872458
마라18bb93ba,14,0,0,0,,0.0,0,0,26.34393064,128.8063596,35.23097826
마라18bb93bb,0,0,0,0,,,0,0,,128.8063957,35.23323195
마라18bb94aa,0,0,0,0,,,0,0,,128.8064318,35.23548563
마라18bb94ab,1,0,0,0,,,0,0,,128.806468,35.23773932
마라18bb94ba,5,0,0,0,,,0,0,,128.8065041,35.239993
마라18bb94bb,9,0,0,0,,0.0,0,0,,128.8065403,35.24224669
마라18bb95aa,0,0,0,0,,,0,0,,128.8065764,35.24450037
마라18bb95ab,0,0,0,0,,,6,0,,128.8066126,35.24675405
마라18bb95ba,0,0,0,0,,,0,0,,128.8066488,35.24900773
마라18bb95bb,0,0,0,0,,,0,0,,128.8066849,35.25126141
마라18bb96aa,0,0,0,0,,,0,0,,128.8067211,35.25351509
마라18bb96ab,0,0,0,0,,,0,0,,128.8067573,35.25576876
마라18bb96ba,0,0,0,0,,,0,0,,128.8067934,35.25802244
마라18bb96bb,0,0,0,0,,,0,0,,128.8068296,35.26027612
마라18bb97aa,0,0,0,0,,,0,0,,128.8068658,35.26252979
마라18bb97ab,1,0,0,0,,,0,0,,128.806902,35.26478347
마라18bb97ba,0,0,0,0,,,0,0,,128.8069382,35.26703714
마라18bb97bb,3,0,0,0,,,0,0,,128.8069744,35.26929081
마라18bb98aa,0,0,0,0,,,0,0,,128.8070106,35.27154448
마라18bb98ab,0,0,0,0,,,0,0,,128.8070468,35.27379815
마라18bb98ba,0,0,0,0,,,0,0,,128.807083,35.27605182
마라18bb98bb,0,0,0,0,,,0,0,,128.8071192,35.27830549
마라18bb99aa,0,0,0,0,,,0,0,,128.8071555,35.28055916
마라18bb99ab,0,0,0,0,,0.0,0,0,,128.8071917,35.28281283
마라18bb99ba,0,0,0,0,,,0,0,,128.8072279,35.28506649
마라18bb99bb,0,0,0,0,,,0,0,,128.8072641,35.28732016
마라19aa85ba,0,0,0,0,,,0,0,,128.8079496,35.15883024
마라19aa85bb,0,0,0,0,,,0,0,,128.8079857,35.16108395
마라19aa86aa,0,0,0,0,,,0,0,,128.8080218,35.16333767
마라19aa86ab,0,0,0,0,,,0,0,,128.8080579,35.16559138
마라19aa86ba,1,0,0,0,,0.0,211,0,,128.808094,35.16784508
마라19aa86bb,4,2,0,0,,65.0,0,0,,128.8081301,35.17009879
마라19aa87aa,9,4,0,1,,791.0,0,0,20.56286127,128.8081662,35.1723525
마라19aa87ab,1,2,0,2,,408.0,0,0,,128.8082023,35.17460621
마라19aa87ba,13,0,0,0,,300.0,0,0,,128.8082384,35.17685991
마라19aa87bb,8,0,0,0,,41.0,0,0,13.0,128.8082745,35.17911362
마라19aa88aa,0,0,0,0,,,0,0,,128.8083106,35.18136732
마라19aa88ab,0,0,0,0,,,0,0,,128.8083467,35.18362102
마라19aa88ba,0,0,0,0,,,0,0,,128.8083829,35.18587473
마라19aa88bb,14,0,2,0,,,0,0,,128.808419,35.18812843
마라19aa89aa,3,9,0,0,,1463.0,0,0,,128.8084551,35.19038213
마라19aa89ab,17,4,0,0,,490.0,0,0,,128.8084913,35.19263583
마라19aa89ba,3,0,0,0,,17.0,0,0,14.0,128.8085274,35.19488953
마라19aa89bb,1,0,0,0,,,0,0,,128.8085636,35.19714322
마라19aa90aa,3,5,0,1,,695.0,0,0,,128.8085997,35.19939692
마라19aa90ab,6,25,0,0,,1620.0,0,0,19.14595376,128.8086359,35.20165062
마라19aa90ba,44,6,1,0,,832.0,0,0,,128.808672,35.20390431
마라19aa90bb,19,0,0,0,,86.0,0,1,12.31069364,128.8087082,35.20615801
마라19aa91aa,2,0,2,0,,,0,0,,128.8087444,35.2084117
마라19aa91ab,2,0,0,0,,,0,0,,128.8087805,35.21066539
마라19aa91ba,0,0,0,0,,,0,0,,128.8088167,35.21291908
마라19aa91bb,2,0,0,0,,,0,0,,128.8088529,35.21517277
마라19aa92aa,20,0,0,0,,0.0,0,0,,128.8088891,35.21742646
마라19aa92ab,28,0,0,0,,0.0,0,0,,128.8089253,35.21968015
마라19aa92ba,37,0,0,0,,20.0,0,0,,128.8089615,35.22193384
마라19aa92bb,10,0,0,0,,0.0,0,0,,128.8089976,35.22418753
마라19aa93aa,4,0,0,0,,,0,0,,128.8090338,35.22644121
마라19aa93ab,41,0,0,0,,0.0,0,0,,128.80907,35.2286949
마라19aa93ba,38,0,0,0,,,0,0,15.0,128.8091063,35.23094858
마라19aa93bb,27,0,0,0,,,0,0,59.33453757,128.8091425,35.23320227
마라19aa94aa,44,0,0,0,,0.0,0,0,,128.8091787,35.23545595
마라19aa94ab,9,0,0,0,,0.0,0,0,,128.8092149,35.23770963
마라19aa94ba,14,0,0,0,,9.0,0,0,,128.8092511,35.23996331
마라19aa94bb,34,0,0,0,,,0,0,,128.8092874,35.24221699
마라19aa95aa,0,0,0,0,,,0,0,,128.8093236,35.24447067
마라19aa95ab,1,0,0,0,,0.0,0,0,,128.8093598,35.24672435
마라19aa95ba,0,0,0,0,,,0,0,,128.8093961,35.24897803
마라19aa95bb,0,0,0,0,,,0,0,,128.8094323,35.25123171
마라19aa96aa,0,0,0,0,,,0,0,,128.8094686,35.25348538
마라19aa96ab,0,0,0,0,,,0,0,,128.8095048,35.25573906
마라19aa96ba,0,0,0,0,,,0,0,,128.8095411,35.25799273
마라19aa96bb,0,0,0,0,,,0,0,,128.8095773,35.26024641
마라19aa97aa,8,0,0,0,,0.0,0,0,33.54768786,128.8096136,35.26250008
마라19aa97ab,1,0,0,0,,0.0,0,0,,128.8096498,35.26475375
마라19aa97ba,0,0,0,0,,,0,0,,128.8096861,35.26700742
마라19aa97bb,0,0,0,0,,,0,0,,128.8097224,35.26926109
마라19aa98aa,0,0,0,0,,,0,0,,128.8097587,35.27151476
마라19aa98ab,0,0,0,0,,,0,0,,128.809795,35.27376843
마라19aa98ba,0,0,0,0,,,0,0,,128.8098312,35.27602209
마라19aa98bb,0,0,0,0,,,0,0,,128.8098675,35.27827576
마라19aa99aa,0,0,0,0,,,0,0,,128.8099038,35.28052943
마라19aa99ab,0,0,0,0,,,0,0,,128.8099401,35.28278309
마라19aa99ba,0,0,0,0,,,0,0,,128.8099764,35.28503675
마라19aa99bb,0,0,0,0,,,0,0,,128.8100127,35.28729042
마라19ab85ba,0,0,0,0,,,0,0,,128.8106939,35.15880058
마라19ab85bb,0,0,0,0,,,0,0,,128.81073,35.16105429
마라19ab86aa,3,0,0,0,,0.0,0,0,,128.8107662,35.163308
마라19ab86ab,2,0,0,0,,6.0,0,0,,128.8108024,35.16556171
마라19ab86ba,10,0,0,0,,15.0,0,0,25.0,128.8108385,35.16781541
마라19ab86bb,5,3,0,0,,643.0,0,0,24.53034682,128.8108747,35.17006912
마라19ab87aa,1,12,0,0,,2149.0,0,0,,128.8109109,35.17232282
마라19ab87ab,7,7,0,1,,1059.0,0,0,,128.8109471,35.17457653
마라19ab87ba,15,0,0,0,,336.0,0,0,12.0,128.8109833,35.17683023
마라19ab87bb,3,11,0,0,,1066.0,0,0,,128.8110195,35.17908393
마라19ab88aa,0,0,0,0,,,0,0,,128.8110557,35.18133763
마라19ab88ab,0,0,0,0,,,0,0,,128.8110919,35.18359133
마라19ab88ba,0,0,0,0,,,0,0,,128.8111281,35.18584503
마라19ab88bb,0,0,0,0,,,0,0,,128.8111643,35.18809873
마라19ab89aa,0,2,0,0,,515.0,0,0,,128.8112005,35.19035243
마라19ab89ab,8,14,0,0,,1807.0,0,0,,128.8112367,35.19260613
마라19ab89ba,3,3,0,0,,516.0,0,0,,128.8112729,35.19485982
마라19ab89bb,11,0,0,0,,147.0,0,0,13.37124277,128.8113091,35.19711352
마라19ab90aa,8,7,0,0,,990.0,0,0,,128.8113454,35.19936721
마라19ab90ab,18,13,0,0,,1128.0,0,0,25.76445087,128.8113816,35.20162091
마라19ab90ba,16,8,0,0,,1115.0,0,0,,128.8114178,35.2038746
마라19ab90bb,13,0,0,1,,22.0,0,0,17.0,128.8114541,35.20612829
마라19ab91aa,5,0,0,0,,,0,0,,128.8114903,35.20838198
마라19ab91ab,30,0,0,0,,16.0,0,0,,128.8115265,35.21063567
마라19ab91ba,3,0,0,0,,0.0,0,0,,128.8115628,35.21288936
마라19ab91bb,27,0,0,0,,0.0,0,0,32.09248555,128.8115991,35.21514305
마라19ab92aa,22,0,0,0,,,0,0,,128.8116353,35.21739674
마라19ab92ab,10,0,0,0,,,0,0,,128.8116716,35.21965042
마라19ab92ba,18,0,0,0,,0.0,0,0,,128.8117078,35.22190411
마라19ab92bb,4,0,0,0,,,0,0,,128.8117441,35.22415779
마라19ab93aa,7,0,0,0,,0.0,0,0,,128.8117804,35.22641148
마라19ab93ab,26,0,0,0,,0.0,0,0,,128.8118167,35.22866516
마라19ab93ba,55,0,0,0,,0.0,0,0,,128.811853,35.23091884
마라19ab93bb,30,0,0,0,,0.0,0,0,,128.8118892,35.23317252
마라19ab94aa,71,0,0,0,,15.0,0,0,,128.8119255,35.23542621
마라19ab94ab,75,0,0,0,,27.0,0,0,,128.8119618,35.23767988
마라19ab94ba,38,0,0,0,,6.0,0,0,,128.8119981,35.23993356
마라19ab94bb,8,0,0,0,,,0,0,30.0,128.8120344,35.24218724
마라19ab95aa,0,0,0,0,,,0,0,,128.8120707,35.24444092
마라19ab95ab,0,0,0,0,,,0,0,,128.812107,35.24669459
마라19ab95ba,0,0,0,0,,,0,0,,128.8121434,35.24894827
마라19ab95bb,0,0,0,0,,,0,0,,128.8121797,35.25120194
마라19ab96aa,0,0,0,0,,,0,0,,128.812216,35.25345562
마라19ab96ab,0,0,0,0,,,0,0,,128.8122523,35.25570929
마라19ab96ba,1,0,0,0,,,0,0,,128.8122887,35.25796296
마라19ab96bb,0,0,0,0,,,0,0,38.0,128.812325,35.26021663
마라19ab97aa,4,0,0,0,,0.0,0,0,,128.8123613,35.2624703
마라19ab97ab,0,0,0,0,,,0,0,,128.8123977,35.26472397
마라19ab97ba,0,0,0,0,,,0,0,,128.812434,35.26697764
마라19ab97bb,0,0,0,0,,,0,0,,128.8124704,35.26923131
마라19ab98aa,0,0,0,0,,,0,0,,128.8125067,35.27148497
마라19ab98ab,0,0,0,0,,,0,0,,128.8125431,35.27373864
마라19ab98ba,0,0,0,0,,,0,0,,128.8125795,35.2759923
마라19ab98bb,0,0,0,0,,,0,0,,128.8126158,35.27824597
마라19ab99aa,0,0,0,0,,,0,0,,128.8126522,35.28049963
마라19ab99ab,0,0,0,0,,,0,0,,128.8126886,35.28275329
마라19ab99ba,0,0,0,0,,,0,0,,128.812725,35.28500695
마라19ab99bb,0,0,0,0,,,0,0,,128.8127613,35.28726061
마라19ba85ba,0,0,0,0,,,0,0,,128.8134382,35.15877086
마라19ba85bb,0,0,0,0,,,0,0,,128.8134744,35.16102456
마라19ba86aa,0,0,0,0,,,0,0,,128.8135106,35.16327827
마라19ba86ab,6,0,0,0,,,0,0,,128.8135469,35.16553197
마라19ba86ba,6,0,0,0,,299.0,0,0,,128.8135831,35.16778568
마라19ba86bb,20,4,0,0,,655.0,0,0,86.0,128.8136194,35.17003938
마라19ba87aa,19,6,0,0,,818.0,0,0,41.0,128.8136556,35.17229308
마라19ba87ab,13,4,0,1,34.0,898.0,0,0,,128.8136919,35.17454679
마라19ba87ba,12,2,0,0,,548.0,0,0,49.0,128.8137281,35.17680049
마라19ba87bb,2,12,0,0,,1177.0,0,0,10.0,128.8137644,35.17905419
마라19ba88aa,0,0,0,0,,,0,0,,128.8138007,35.18130788
마라19ba88ab,0,0,0,0,,,0,0,,128.813837,35.18356158
마라19ba88ba,0,0,0,0,,,0,0,,128.8138732,35.18581528
마라19ba88bb,0,0,0,0,,,0,0,,128.8139095,35.18806898
마라19ba89aa,0,0,0,0,,0.0,0,0,,128.8139458,35.19032267
마라19ba89ab,0,3,0,0,,725.0,0,0,14.95375723,128.8139821,35.19257637
마라19ba89ba,7,9,0,0,,1404.0,0,0,,128.8140184,35.19483006
마라19ba89bb,14,4,0,0,,922.0,0,1,,128.8140547,35.19708375
마라19ba90aa,51,5,1,0,,637.0,0,1,,128.814091,35.19933744
마라19ba90ab,29,15,0,2,80.0,843.0,0,0,12.0,128.8141273,35.20159114
마라19ba90ba,47,6,0,0,,910.0,0,0,,128.8141636,35.20384483
마라19ba90bb,50,1,0,0,,308.0,0,0,18.0,128.8141999,35.20609852
마라19ba91aa,50,0,0,0,,,0,0,,128.8142362,35.2083522
마라19ba91ab,20,0,0,0,,,0,0,,128.8142726,35.21060589
마라19ba91ba,16,3,0,0,,,0,0,,128.8143089,35.21285958
마라19ba91bb,13,0,0,0,,,0,0,,128.8143452,35.21511326
마라19ba92aa,38,0,0,0,,0.0,0,0,,128.8143816,35.21736695
마라19ba92ab,33,0,0,0,,,0,0,,128.8144179,35.21962063
마라19ba92ba,14,0,0,0,,,0,0,,128.8144542,35.22187432
마라19ba92bb,0,0,0,0,,,0,0,,128.8144906,35.224128
마라19ba93aa,36,0,0,0,,0.0,0,0,,128.8145269,35.22638168
마라19ba93ab,77,0,0,0,,0.0,0,0,,128.8145633,35.22863536
마라19ba93ba,65,0,0,0,,14.0,0,0,,128.8145996,35.23088904
마라19ba93bb,35,0,0,0,,6.0,0,0,,128.814636,35.23314272
마라19ba94aa,60,0,0,0,6.0,0.0,0,0,,128.8146724,35.2353964
마라19ba94ab,28,0,0,0,,19.0,0,0,,128.8147087,35.23765007
마라19ba94ba,1,0,0,0,,0.0,0,0,,128.8147451,35.23990375
마라19ba94bb,0,0,0,0,,,0,0,,128.8147815,35.24215743
마라19ba95aa,0,0,0,0,,,0,0,,128.8148179,35.2444111
마라19ba95ab,0,0,0,0,,,0,0,,128.8148543,35.24666477
마라19ba95ba,0,0,0,0,,,0,0,,128.8148907,35.24891845
마라19ba95bb,0,0,0,0,,,0,0,,128.8149271,35.25117212
마라19ba96aa,0,0,0,0,,,0,0,,128.8149635,35.25342579
마라19ba96ab,0,0,0,0,,,0,0,,128.8149999,35.25567946
마라19ba96ba,16,0,0,0,,0.0,0,0,,128.8150363,35.25793313
마라19ba96bb,10,0,0,0,,,2,0,,128.8150727,35.2601868
마라19ba97aa,0,0,0,0,,,0,0,,128.8151091,35.26244046
마라19ba97ab,0,0,0,0,,,0,0,,128.8151455,35.26469413
마라19ba97ba,0,0,0,0,,,0,0,,128.8151819,35.2669478
마라19ba97bb,0,0,0,0,,,0,0,,128.8152184,35.26920146
마라19ba98aa,0,0,0,0,,,0,0,,128.8152548,35.27145513
마라19ba98ab,0,0,0,0,,,0,0,,128.8152912,35.27370879
마라19ba98ba,0,0,0,0,,,0,0,,128.8153277,35.27596245
마라19ba98bb,0,0,0,0,,0.0,0,0,,128.8153641,35.27821611
마라19ba99aa,18,0,0,0,,0.0,0,0,,128.8154006,35.28046977
마라19ba99ab,17,0,0,0,,0.0,0,0,,128.815437,35.28272343
마라19ba99ba,0,0,0,0,,17.0,0,0,,128.8154735,35.28497709
마라19ba99bb,7,0,0,0,,0.0,0,0,,128.8155099,35.28723075
마라19bb85ba,0,0,0,0,,,0,0,,128.8161824,35.15874107
마라19bb85bb,0,0,0,0,,,0,0,,128.8162187,35.16099477
마라19bb86aa,0,0,0,0,,,0,0,,128.816255,35.16324848
마라19bb86ab,2,0,0,0,,,0,0,,128.8162914,35.16550218
마라19bb86ba,3,2,0,1,,265.0,0,0,,128.8163277,35.16775588
마라19bb86bb,1,12,0,0,,2152.0,0,0,,128.816364,35.17000958
마라19bb87aa,8,10,0,0,,1749.0,0,0,40.0,128.8164003,35.17226328
마라19bb87ab,15,5,0,0,,805.0,0,0,20.0,128.8164367,35.17451698
마라19bb87ba,5,7,0,1,,910.0,0,0,26.5734104,128.816473,35.17677068
마라19bb87bb,10,5,0,0,,417.0,0,0,12.0,128.8165094,35.17902438
마라19bb88aa,0,0,0,0,,0.0,0,0,,128.8165457,35.18127807
마라19bb88ab,0,0,0,0,,,0,0,,128.816582,35.18353177
마라19bb88ba,0,0,0,0,,,0,0,,128.8166184,35.18578546
마라19bb88bb,1,0,0,0,,,0,0,,128.8166548,35.18803916
마라19bb89aa,1,0,0,0,,6.0,0,0,,128.8166911,35.19029285
마라19bb89ab,5,7,0,0,,1087.0,0,0,,128.8167275,35.19254654
마라19bb89ba,7,9,0,0,,1688.0,0,0,22.90751445,128.8167639,35.19480023
마라19bb89bb,39,4,0,0,,910.0,0,0,68.67153179,128.8168002,35.19705392
마라19bb90aa,41,10,5,0,,1229.0,0,0,,128.8168366,35.19930761
마라19bb90ab,23,12,0,0,,1457.0,0,0,9.0,128.816873,35.2015613
마라19bb90ba,7,1,0,0,,18.0,0,0,,128.8169094,35.20381499
마라19bb90bb,10,0,0,1,,119.0,0,0,22.12572254,128.8169458,35.20606868
마라19bb91aa,1,0,0,0,,,0,0,47.0,128.8169822,35.20832236
마라19bb91ab,0,9,0,0,,,0,0,,128.8170186,35.21057605
마라19bb91ba,0,4,0,0,,0.0,0,0,,128.817055,35.21282973
마라19bb91bb,14,0,0,0,,20.0,11,0,82.58959538,128.8170914,35.21508342
마라19bb92aa,15,0,0,0,,,0,0,,128.8171278,35.2173371
마라19bb92ab,25,0,0,0,,,0,0,,128.8171642,35.21959078
마라19bb92ba,2,0,0,0,,16.0,0,0,,128.8172006,35.22184446
마라19bb92bb,26,1,0,0,,6.0,0,0,,128.817237,35.22409814
마라19bb93aa,39,0,0,0,,7.000000000000001,0,0,,128.8172735,35.22635182
마라19bb93ab,40,0,0,0,,0.0,0,0,,128.8173099,35.2286055
마라19bb93ba,48,0,0,0,,0.0,0,0,20.71893064,128.8173463,35.23085917
마라19bb93bb,38,2,0,0,,13.0,0,0,48.18930636,128.8173828,35.23311285
마라19bb94aa,23,0,0,0,,8.0,0,0,,128.8174192,35.23536653
마라19bb94ab,36,0,0,0,,9.0,0,0,,128.8174557,35.2376202
마라19bb94ba,0,0,0,0,,,0,0,,128.8174921,35.23987387
마라19bb94bb,0,0,0,0,,,0,0,,128.8175286,35.24212755
마라19bb95aa,0,0,0,0,,,0,0,,128.817565,35.24438122
마라19bb95ab,0,0,0,0,,,0,0,,128.8176015,35.24663489
마라19bb95ba,0,0,0,0,,,0,0,,128.817638,35.24888856
마라19bb95bb,0,0,0,0,,,0,0,20.56358382,128.8176744,35.25114223
마라19bb96aa,0,0,0,0,,,0,0,20.43786127,128.8177109,35.2533959
마라19bb96ab,9,0,0,0,,0.0,0,0,20.0,128.8177474,35.25564957
마라19bb96ba,55,0,0,0,,0.0,0,0,,128.8177839,35.25790323
마라19bb96bb,10,0,0,0,,0.0,0,0,,128.8178204,35.2601569
마라19bb97aa,13,0,0,0,,8.0,0,0,,128.8178569,35.26241056
마라19bb97ab,5,0,0,0,,0.0,0,0,,128.8178933,35.26466423
마라19bb97ba,2,0,0,0,,0.0,0,0,,128.8179298,35.26691789
마라19bb97bb,0,0,0,0,,,0,0,,128.8179663,35.26917155
마라19bb98aa,0,0,0,0,,,0,0,,128.8180029,35.27142521
마라19bb98ab,0,0,0,0,,,0,0,,128.8180394,35.27367888
마라19bb98ba,0,0,0,0,,,0,0,,128.8180759,35.27593254
마라19bb98bb,0,0,0,0,,,0,0,,128.8181124,35.27818619
마라19bb99aa,12,0,0,0,,0.0,0,0,,128.8181489,35.28043985
마라19bb99ab,21,0,0,0,,7.000000000000001,0,0,,128.8181855,35.28269351
마라19bb99ba,16,1,0,0,,12.0,0,0,,128.818222,35.28494717
마라19bb99bb,4,0,0,0,,0.0,0,0,,128.8182585,35.28720082
마라20aa85ba,0,0,0,0,,,0,0,,128.8189267,35.15871122
마라20aa85bb,0,0,0,0,,,0,0,,128.8189631,35.16096492
마라20aa86aa,0,0,0,0,,,0,0,,128.8189995,35.16321862
마라20aa86ab,1,0,0,0,,,0,0,28.80491329,128.8190358,35.16547232
마라20aa86ba,6,9,0,0,,1425.0,0,0,,128.8190722,35.16772602
마라20aa86bb,3,6,0,1,,807.0,0,0,29.6199422,128.8191086,35.16997972
마라20aa87aa,3,6,0,1,,1037.0,0,0,28.08959538,128.8191451,35.17223342
마라20aa87ab,3,7,0,0,,1445.0,0,0,,128.8191815,35.17448712
마라20aa87ba,1,12,0,0,,2397.0,0,0,,128.8192179,35.17674081
마라20aa87bb,7,8,0,0,,1092.0,0,0,,128.8192543,35.17899451
마라20aa88aa,0,0,0,0,,0.0,0,0,,128.8192907,35.1812482
마라20aa88ab,1,0,0,0,,,0,0,,128.8193271,35.18350189
마라20aa88ba,0,0,0,0,,,0,0,,128.8193636,35.18575559
마라20aa88bb,0,0,0,0,,,0,0,,128.8194,35.18800928
마라20aa89aa,5,0,0,1,,37.0,0,0,,128.8194364,35.19026297
마라20aa89ab,10,2,0,0,,107.0,0,0,,128.8194729,35.19251666
마라20aa89ba,3,2,0,0,,34.0,0,0,,128.8195093,35.19477035
마라20aa89bb,4,0,0,0,,71.0,0,0,8.0,128.8195458,35.19702403
마라20aa90aa,8,1,0,0,,233.0,0,0,24.87427746,128.8195822,35.19927772
마라20aa90ab,7,6,0,0,,608.0,81,0,29.91473988,128.8196187,35.20153141
마라20aa90ba,4,4,0,0,,406.0,0,0,,128.8196552,35.20378509
마라20aa90bb,12,0,0,0,,271.0,0,0,21.0,128.8196916,35.20603878
마라20aa91aa,15,0,0,0,,49.0,0,0,,128.8197281,35.20829246
마라20aa91ab,0,0,0,0,,,0,0,,128.8197646,35.21054614
마라20aa91ba,4,0,0,0,,0.0,0,0,12.0,128.819801,35.21279982
마라20aa91bb,1,0,0,0,,19.0,0,0,,128.8198375,35.2150535
마라20aa92aa,12,0,0,0,,0.0,0,0,,128.819874,35.21730718
마라20aa92ab,7,0,0,0,,0.0,0,0,12.0,128.8199105,35.21956086
마라20aa92ba,17,0,0,0,,0.0,0,0,28.25144509,128.819947,35.22181454
마라20aa92bb,23,0,0,0,,11.0,0,0,,128.8199835,35.22406822
마라20aa93aa,27,2,0,0,,0.0,0,0,,128.82002,35.2263219
마라20aa93ab,34,0,0,0,,0.0,0,0,,128.8200565,35.22857557
마라20aa93ba,31,0,0,0,,7.000000000000001,0,0,8.0,128.820093,35.23082925
마라20aa93bb,10,1,0,0,,0.0,0,0,,128.8201295,35.23308292
마라20aa94aa,3,0,0,0,,11.0,0,0,,128.8201661,35.23533659
마라20aa94ab,7,0,0,0,,19.0,0,0,4.059248555,128.8202026,35.23759027
마라20aa94ba,0,0,0,0,,,0,0,,128.8202391,35.23984394
마라20aa94bb,0,0,0,0,,,0,0,,128.8202756,35.24209761
마라20aa95aa,0,0,0,0,,,0,0,,128.8203122,35.24435128
마라20aa95ab,0,0,0,0,,,0,0,,128.8203487,35.24660494
마라20aa95ba,0,0,0,0,,,0,0,,128.8203853,35.24885861
마라20aa95bb,0,0,0,0,,,0,0,,128.8204218,35.25111228
마라20aa96aa,1,0,0,0,,,0,0,35.12572254,128.8204584,35.25336595
마라20aa96ab,15,2,0,0,,19.0,0,0,18.56358382,128.8204949,35.25561961
마라20aa96ba,52,0,0,0,,9.0,0,0,,128.8205315,35.25787327
마라20aa96bb,27,0,0,0,,9.999999999999998,0,0,,128.820568,35.26012694
마라20aa97aa,8,0,0,0,,6.0,0,0,,128.8206046,35.2623806
마라20aa97ab,7,0,0,0,,0.0,0,0,,128.8206412,35.26463426
마라20aa97ba,2,0,0,0,,0.0,0,0,,128.8206777,35.26688792
마라20aa97bb,0,0,0,0,,,0,0,,128.8207143,35.26914158
마라20aa98aa,0,0,0,0,,,0,0,,128.8207509,35.27139524
마라20aa98ab,0,0,0,0,,,0,0,,128.8207875,35.2736489
마라20aa98ba,0,0,0,0,,,0,0,,128.8208241,35.27590256
마라20aa98bb,0,0,0,0,,,0,0,,128.8208607,35.27815621
마라20aa99aa,0,0,0,0,,,0,0,,128.8208973,35.28040987
마라20aa99ab,4,0,0,0,,0.0,0,0,,128.8209339,35.28266352
마라20aa99ba,0,0,0,0,,20.0,0,0,,128.8209705,35.28491718
마라20aa99bb,0,0,0,0,,,0,0,,128.8210071,35.28717083
마라20ab85ab,0,0,0,0,,,0,0,,128.8216345,35.15642761
마라20ab85ba,0,0,0,0,,,0,0,,128.8216709,35.15868131
마라20ab85bb,0,0,0,0,,,0,0,,128.8217074,35.16093501
마라20ab86aa,0,0,0,0,,,0,0,,128.8217439,35.16318871
마라20ab86ab,1,0,0,0,,46.0,0,0,,128.8217803,35.16544241
마라20ab86ba,0,3,0,0,,444.0,0,0,,128.8218168,35.1676961
마라20ab86bb,5,8,0,0,,1018.0,0,0,,128.8218533,35.1699498
마라20ab87aa,6,2,0,1,,400.0,0,2,25.45520231,128.8218898,35.17220349
마라20ab87ab,6,0,0,0,,324.0,0,0,,128.8219262,35.17445719
마라20ab87ba,4,0,0,0,,104.0,0,0,,128.8219627,35.17671088
마라20ab87bb,8,3,0,0,,0.0,0,0,,128.8219992,35.17896457
마라20ab88aa,2,2,0,0,,0.0,0,0,17.12572254,128.8220357,35.18121826
마라20ab88ab,3,8,0,0,,,0,0,,128.8220722,35.18347195
마라20ab88ba,8,5,0,0,,0.0,0,0,14.0,128.8221087,35.18572564
마라20ab88bb,4,0,0,0,,0.0,0,0,,128.8221452,35.18797933
마라20ab89aa,5,2,0,0,,23.0,0,0,,128.8221818,35.19023302
마라20ab89ab,1,0,0,0,,,0,0,,128.8222183,35.19248671
마라20ab89ba,0,0,0,0,,,0,0,,128.8222548,35.19474039
마라20ab89bb,0,0,0,0,,,0,0,,128.8222913,35.19699408
마라20ab90aa,2,1,0,0,,280.0,0,0,,128.8223279,35.19924776
마라20ab90ab,0,2,0,0,,189.0,0,0,,128.8223644,35.20150145
마라20ab90ba,1,0,0,0,,,0,0,,128.8224009,35.20375513
마라20ab90bb,8,0,0,0,,152.0,35,0,,128.8224375,35.20600881
마라20ab91aa,0,0,0,0,,,0,0,,128.822474,35.20826249
마라20ab91ab,1,0,0,0,,,0,0,27.0,128.8225106,35.21051617
마라20ab91ba,0,0,0,0,,,0,0,17.90751445,128.8225471,35.21276985
마라20ab91bb,0,0,0,0,,,0,0,20.03323699,128.8225837,35.21502353
마라20ab92aa,16,0,0,0,,0.0,0,0,,128.8226202,35.21727721
마라20ab92ab,8,0,0,0,,0.0,0,0,,128.8226568,35.21953089
마라20ab92ba,22,0,0,0,,20.0,0,0,,128.8226934,35.22178456
마라20ab92bb,17,0,0,0,,0.0,0,0,,128.82273,35.22403824
마라20ab93aa,1,0,0,0,,,0,0,,128.8227665,35.22629191
마라20ab93ab,17,0,0,0,,,0,0,,128.8228031,35.22854558
마라20ab93ba,0,0,0,0,,,0,0,,128.8228397,35.23079926
마라20ab93bb,11,0,0,0,,,0,0,15.0,128.8228763,35.23305293
마라20ab94aa,11,3,0,1,,26.0,0,0,,128.8229129,35.2353066
마라20ab94ab,7,0,0,0,,0.0,0,0,,128.8229495,35.23756027
마라20ab94ba,1,0,0,0,,,0,0,,128.8229861,35.23981394
마라20ab94bb,0,0,0,0,,,0,0,,128.8230227,35.2420676
마라20ab95aa,0,0,0,0,,,0,0,,128.8230593,35.24432127
마라20ab95ab,0,0,0,0,,,0,0,,128.8230959,35.24657494
마라20ab95ba,0,0,0,0,,,0,0,,128.8231325,35.2488286
마라20ab95bb,0,0,0,0,,,0,0,,128.8231692,35.25108227
마라20ab96aa,23,0,0,0,,13.0,0,0,,128.8232058,35.25333593
마라20ab96ab,34,0,0,0,,11.0,0,0,34.69855491,128.8232424,35.25558959
마라20ab96ba,15,0,0,0,,20.0,0,0,,128.8232791,35.25784325
마라20ab96bb,8,0,0,0,,6.0,0,0,,128.8233157,35.26009692
마라20ab97aa,1,0,0,0,,0.0,0,0,,128.8233523,35.26235058
마라20ab97ab,1,0,0,0,,,0,0,,128.823389,35.26460423
마라20ab97ba,0,0,0,0,,,0,0,,128.8234256,35.26685789
마라20ab97bb,0,0,0,0,,,0,0,,128.8234623,35.26911155
마라20ab98aa,0,0,0,0,,,0,0,,128.823499,35.27136521
마라20ab98ab,4,0,0,0,,0.0,0,0,,128.8235356,35.27361886
마라20ab98ba,6,0,0,0,,0.0,0,0,,128.8235723,35.27587252
마라20ab98bb,24,0,0,0,,0.0,0,0,,128.823609,35.27812617
마라20ab99aa,5,0,0,0,,,0,0,,128.8236456,35.28037982
마라20ab99ab,0,0,0,0,,,0,0,,128.8236823,35.28263348
마라20ab99ba,1,0,0,0,,,0,0,,128.823719,35.28488713
마라20ab99bb,0,0,0,0,,,0,0,,128.8237557,35.28714078
마라20ba85ab,0,0,0,0,,,0,0,,128.8243787,35.15639764
마라20ba85ba,0,0,0,0,,,0,0,,128.8244152,35.15865134
마라20ba85bb,0,0,0,0,,,0,0,,128.8244517,35.16090503
마라20ba86aa,1,6,0,0,,999.0,0,0,,128.8244883,35.16315873
마라20ba86ab,3,4,0,0,,317.0,0,0,,128.8245248,35.16541243
마라20ba86ba,2,7,0,0,,1389.0,0,0,,128.8245614,35.16766612
마라20ba86bb,8,6,0,1,,1322.0,0,0,,128.8245979,35.16991981
마라20ba87aa,15,0,0,0,,90.0,0,0,23.0,128.8246345,35.17217351
마라20ba87ab,13,0,0,0,,69.0,0,0,21.09393064,128.824671,35.1744272
마라20ba87ba,1,0,0,1,,0.0,0,0,,128.8247076,35.17668089
마라20ba87bb,2,0,0,0,,,0,0,18.0,128.8247442,35.17893458
마라20ba88aa,1,0,0,0,,,0,0,,128.8247807,35.18118827
마라20ba88ab,0,0,0,0,,,0,0,,128.8248173,35.18344195
마라20ba88ba,0,0,0,0,,,0,0,,128.8248539,35.18569564
마라20ba88bb,0,0,0,0,,,129,0,,128.8248905,35.18794933
마라20ba89aa,0,0,0,0,,,0,0,,128.8249271,35.19020301
마라20ba89ab,17,0,0,0,,,0,0,,128.8249637,35.1924567
마라20ba89ba,12,0,0,0,,,0,0,,128.8250003,35.19471038
마라20ba89bb,0,0,0,0,,,0,0,,128.8250369,35.19696406
마라20ba90aa,0,0,0,0,,,0,0,,128.8250735,35.19921775
마라20ba90ab,0,0,0,0,,,0,0,,128.8251101,35.20147143
마라20ba90ba,0,12,0,0,,1620.9999999999995,0,0,,128.8251467,35.20372511
마라20ba90bb,17,1,0,0,,170.0,0,0,,128.8251833,35.20597879
마라20ba91aa,2,0,0,0,,,0,0,18.90751445,128.8252199,35.20823247
마라20ba91ab,1,0,0,0,,0.0,0,0,20.5,128.8252566,35.21048614
마라20ba91ba,16,0,0,0,,24.0,0,0,17.0,128.8252932,35.21273982
마라20ba91bb,15,0,0,0,,,0,0,,128.8253298,35.2149935
마라20ba92aa,19,0,0,0,,0.0,0,0,8.0,128.8253665,35.21724717
마라20ba92ab,17,0,0,0,,0.0,0,0,,128.8254031,35.21950085
마라20ba92ba,13,1,0,0,,0.0,0,0,,128.8254397,35.22175452
마라20ba92bb,4,0,0,0,,,0,0,,128.8254764,35.22400819
마라20ba93aa,16,0,0,0,,0.0,0,0,,128.8255131,35.22626186
마라20ba93ab,3,0,0,0,,,0,0,,128.8255497,35.22851553
마라20ba93ba,0,0,0,0,,,0,0,,128.8255864,35.2307692
마라20ba93bb,0,0,0,0,,,0,0,,128.825623,35.23302287
마라20ba94aa,5,1,0,0,,0.0,0,0,,128.8256597,35.23527654
마라20ba94ab,9,0,0,0,,0.0,0,0,,128.8256964,35.23753021
마라20ba94ba,15,0,0,0,,12.0,0,0,,128.8257331,35.23978387
마라20ba94bb,7,0,0,0,,11.0,0,0,,128.8257698,35.24203754
마라20ba95aa,5,0,0,0,,,0,0,,128.8258064,35.2442912
마라20ba95ab,0,0,0,0,,,0,0,20.0,128.8258431,35.24654487
마라20ba95ba,11,0,0,0,,,0,0,23.0,128.8258798,35.24879853
마라20ba95bb,43,0,0,0,,0.0,0,0,,128.8259165,35.25105219
마라20ba96aa,30,0,0,0,,0.0,0,0,,128.8259532,35.25330585
마라20ba96ab,21,0,0,0,,,0,0,19.90751445,128.8259899,35.25555951
마라20ba96ba,6,0,0,0,,,0,0,,128.8260266,35.25781317
마라20ba96bb,1,0,0,0,,0.0,0,0,13.71820809,128.8260634,35.26006683
마라20ba97aa,0,0,0,0,,,0,0,,128.8261001,35.26232049
마라20ba97ab,0,0,0,0,,,0,0,,128.8261368,35.26457414
마라20ba97ba,0,0,0,0,,,0,0,,128.8261735,35.2668278
마라20ba97bb,1,0,0,0,,,0,0,,128.8262103,35.26908146
마라20ba98aa,2,0,0,0,,0.0,0,0,,128.826247,35.27133511
마라20ba98ab,10,0,0,0,,0.0,0,0,,128.8262837,35.27358876
마라20ba98ba,35,0,0,0,,0.0,0,0,,128.8263205,35.27584241
마라20ba98bb,31,3,8,0,,0.0,0,0,,128.8263572,35.27809607
마라20ba99aa,3,0,0,0,,6.0,0,0,,128.826394,35.28034972
마라20ba99ab,0,0,0,0,,,0,0,,128.8264307,35.28260337
마라20ba99ba,0,0,0,0,,,0,0,,128.8264675,35.28485702
마라20ba99bb,0,0,0,0,,0.0,0,0,,128.8265043,35.28711066
마라20bb85ab,0,0,0,0,,,0,0,,128.8271228,35.15636761
마라20bb85ba,0,0,0,0,,,0,0,,128.8271594,35.1586213
마라20bb85bb,3,0,0,0,,0.0,0,0,,128.827196,35.160875
마라20bb86aa,1,11,0,0,,1471.0,0,0,,128.8272327,35.16312869
마라20bb86ab,2,14,0,0,,1966.0,0,0,,128.8272693,35.16538238
마라20bb86ba,11,5,0,1,,648.0,0,0,,128.8273059,35.16763607
마라20bb86bb,2,9,0,0,,1689.0,0,0,,128.8273425,35.16988977
마라20bb87aa,0,5,0,0,,780.0,0,0,,128.8273792,35.17214346
마라20bb87ab,2,4,0,0,,0.0,0,0,,128.8274158,35.17439714
마라20bb87ba,0,0,0,0,,,0,0,17.0,128.8274524,35.17665083
마라20bb87bb,2,0,0,0,,,0,0,,128.8274891,35.17890452
마라20bb88aa,1,0,0,0,,,0,0,,128.8275257,35.18115821
마라20bb88ab,0,0,0,0,,,0,0,,128.8275624,35.18341189
마라20bb88ba,0,0,0,0,,,0,0,14.0,128.827599,35.18566558
마라20bb88bb,0,0,0,0,,,0,0,28.00289017,128.8276357,35.18791926
마라20bb89aa,0,0,0,0,,,0,0,,128.8276724,35.19017294
마라20bb89ab,15,0,0,0,,0.0,0,0,,128.827709,35.19242663
마라20bb89ba,3,0,0,0,,,0,0,,128.8277457,35.19468031
마라20bb89bb,0,0,0,0,,,0,0,,128.8277824,35.19693399
마라20bb90aa,10,0,0,0,,16.0,0,0,,128.8278191,35.19918767
마라20bb90ab,3,0,0,0,,7.000000000000001,0,0,,128.8278558,35.20144135
마라20bb90ba,5,0,0,0,,,0,0,,128.8278925,35.20369502
마라20bb90bb,40,0,0,0,,19.0,0,0,,128.8279291,35.2059487
마라20bb91aa,18,4,0,0,,65.0,0,0,69.0,128.8279658,35.20820238
마라20bb91ab,3,4,0,0,,446.0,0,0,,128.8280025,35.21045605
마라20bb91ba,6,2,0,0,,0.0,0,0,20.0,128.8280393,35.21270973
마라20bb91bb,4,0,0,0,,0.0,0,0,,128.828076,35.2149634
마라20bb92aa,13,0,0,0,,,0,0,,128.8281127,35.21721707
마라20bb92ab,10,0,0,0,,0.0,0,0,,128.8281494,35.21947074
마라20bb92ba,21,0,0,0,,,1,0,,128.8281861,35.22172441
마라20bb92bb,16,0,0,0,,0.0,0,0,,128.8282228,35.22397808
마라20bb93aa,11,0,0,0,,,0,0,,128.8282596,35.22623175
마라20bb93ab,0,0,0,0,,,0,0,,128.8282963,35.22848542
마라20bb93ba,1,0,0,0,,,0,0,,128.828333,35.23073909
마라20bb93bb,13,0,0,0,,32.0,0,0,,128.8283698,35.23299275
마라20bb94aa,3,0,0,0,,8.0,0,0,,128.8284065,35.23524642
마라20bb94ab,11,3,0,0,,0.0,0,0,,128.8284433,35.23750008
마라20bb94ba,23,0,0,0,,0.0,0,0,,128.82848,35.23975375
마라20bb94bb,32,0,0,0,,20.0,0,0,,128.8285168,35.24200741
마라20bb95aa,9,0,0,0,,11.0,0,0,,128.8285536,35.24426107
마라20bb95ab,5,0,0,0,,18.0,0,0,,128.8285903,35.24651473
마라20bb95ba,76,0,0,0,,9.0,0,0,,128.8286271,35.24876839
마라20bb95bb,33,0,0,0,,0.0,0,0,,128.8286639,35.25102205
마라20bb96aa,6,0,0,0,,0.0,0,0,,128.8287007,35.25327571
마라20bb96ab,6,0,0,0,,0.0,0,0,,128.8287374,35.25552937
마라20bb96ba,3,0,0,0,,,0,0,22.09248555,128.8287742,35.25778303
마라20bb96bb,0,0,0,0,,,0,0,,128.828811,35.26003668
마라20bb97aa,0,0,0,0,,,0,0,,128.8288478,35.26229034
마라20bb97ab,0,0,0,0,,,0,0,,128.8288846,35.26454399
마라20bb97ba,0,0,0,0,,,0,0,,128.8289214,35.26679765
마라20bb97bb,3,0,0,0,,0.0,0,0,,128.8289582,35.2690513
마라20bb98aa,10,0,0,0,,0.0,0,0,,128.828995,35.27130495
마라20bb98ab,20,0,0,0,,,0,0,,128.8290319,35.2735586
마라20bb98ba,35,0,1,0,,0.0,0,0,,128.8290687,35.27581225
마라20bb98bb,13,0,4,0,,24.0,0,0,,128.8291055,35.2780659
마라20bb99aa,1,0,0,0,,6.0,0,0,,128.8291423,35.28031955
마라20bb99ab,3,0,0,0,,0.0,0,0,,128.8291792,35.28257319
마라20bb99ba,19,0,0,0,,0.0,0,0,,128.829216,35.28482684
마라20bb99bb,21,0,0,0,,8.0,0,0,,128.8292528,35.28708049
마라21aa85ab,0,0,0,0,,,0,0,,128.829867,35.15633751
마라21aa85ba,0,0,0,0,,,0,0,,128.8299037,35.15859121
마라21aa85bb,0,0,0,0,,,0,0,,128.8299404,35.1608449
마라21aa86aa,1,7,0,0,,1245.0,0,0,,128.8299771,35.16309859
마라21aa86ab,0,2,0,2,,377.0,0,0,,128.8300138,35.16535228
마라21aa86ba,4,9,0,0,,1428.0,0,0,,128.8300505,35.16760597
마라21aa86bb,2,1,0,0,,172.0,0,0,,128.8300872,35.16985966
마라21aa87aa,0,0,0,0,,0.0,0,0,,128.8301239,35.17211334
마라21aa87ab,0,0,0,0,,,0,0,,128.8301606,35.17436703
마라21aa87ba,0,0,0,0,,,0,0,,128.8301973,35.17662072
마라21aa87bb,0,0,0,0,,,0,0,,128.830234,35.1788744
마라21aa88aa,1,0,0,0,,,0,0,,128.8302707,35.18112808
마라21aa88ab,1,0,0,0,,,0,0,,128.8303075,35.18338177
마라21aa88ba,0,0,1,0,,,0,0,,128.8303442,35.18563545
마라21aa88bb,0,0,0,0,,,0,0,,128.8303809,35.18788913
마라21aa89aa,2,0,0,0,,,0,0,,128.8304177,35.19014281
마라21aa89ab,0,0,0,0,,,0,0,,128.8304544,35.19239649
마라21aa89ba,0,0,0,0,,,0,0,,128.8304912,35.19465017
마라21aa89bb,0,0,0,0,,,0,0,,128.8305279,35.19690385
마라21aa90aa,0,0,0,0,,0.0,0,0,,128.8305647,35.19915752
마라21aa90ab,0,0,0,0,,,0,0,,128.8306014,35.2014112
마라21aa90ba,0,0,0,0,,,0,0,,128.8306382,35.20366488
마라21aa90bb,11,2,0,0,,,0,0,,128.830675,35.20591855
마라21aa91aa,3,0,0,0,,,0,0,,128.8307118,35.20817222
마라21aa91ab,2,0,0,0,,,0,0,,128.8307485,35.2104259
마라21aa91ba,12,0,0,0,,6.0,0,1,,128.8307853,35.21267957
마라21aa91bb,5,0,0,0,,0.0,0,0,,128.8308221,35.21493324
마라21aa92aa,24,0,0,0,,0.0,0,0,,128.8308589,35.21718691
마라21aa92ab,31,0,0,0,,0.0,0,0,,128.8308957,35.21944058
마라21aa92ba,46,0,0,0,,27.0,0,0,,128.8309325,35.22169425
마라21aa92bb,15,0,0,0,,,0,0,,128.8309693,35.22394791
마라21aa93aa,1,0,0,0,,,0,0,,128.8310061,35.22620158
마라21aa93ab,3,0,0,0,,,0,0,,128.8310429,35.22845525
마라21aa93ba,35,0,0,0,,17.0,0,0,,128.8310797,35.23070891
마라21aa93bb,38,0,0,0,,0.0,0,0,,128.8311165,35.23296257
마라21aa94aa,34,0,0,3,11.0,38.0,235,0,41.0,128.8311534,35.23521624
마라21aa94ab,18,0,0,0,,15.0,0,0,18.0,128.8311902,35.2374699
마라21aa94ba,31,0,0,0,,0.0,0,0,,128.831227,35.23972356
마라21aa94bb,20,0,0,0,,0.0,0,0,,128.8312639,35.24197722
마라21aa95aa,31,0,0,0,,,0,0,30.34537572,128.8313007,35.24423088
마라21aa95ab,35,0,0,0,,9.999999999999998,0,0,,128.8313375,35.24648454
마라21aa95ba,12,0,0,0,,0.0,0,0,,128.8313744,35.2487382
마라21aa95bb,16,0,0,0,,20.0,0,0,,128.8314112,35.25099185
마라21aa96aa,27,0,0,0,,31.0,0,0,,128.8314481,35.25324551
마라21aa96ab,0,0,0,0,,,0,0,,128.8314849,35.25549917
마라21aa96ba,0,0,0,0,,,0,0,,128.8315218,35.25775282
마라21aa96bb,0,0,0,0,,,0,0,,128.8315587,35.26000647
마라21aa97aa,0,0,0,0,,,0,0,,128.8315956,35.26226013
마라21aa97ab,0,0,0,0,,,0,0,,128.8316324,35.26451378
마라21aa97ba,5,0,0,0,,,0,0,,128.8316693,35.26676743
마라21aa97bb,11,0,0,0,,,0,0,,128.8317062,35.26902108
마라21aa98aa,0,0,0,0,,,0,0,,128.8317431,35.27127473
마라21aa98ab,6,0,0,0,,,0,0,,128.83178,35.27352838
마라21aa98ba,17,0,0,0,,14.0,0,0,,128.8318169,35.27578202
마라21aa98bb,8,0,1,0,,21.0,0,0,,128.8318538,35.27803567
마라21aa99aa,2,0,0,0,,,0,0,,128.8318907,35.28028931
마라21aa99ab,2,0,0,0,,0.0,0,0,,128.8319276,35.28254296
마라21aa99ba,21,0,0,0,,6.0,0,0,,128.8319645,35.2847966
마라21aa99bb,68,0,0,0,,19.0,0,0,,128.8320014,35.28705025
마라21ab85ab,0,0,0,0,,,0,0,,128.8326112,35.15630736
마라21ab85ba,0,0,0,0,,,0,0,,128.8326479,35.15856105
마라21ab85bb,0,0,0,0,,,0,0,,128.8326847,35.16081474
마라21ab86aa,0,0,0,0,,,0,0,,128.8327214,35.16306842
마라21ab86ab,1,0,0,0,,13.0,259,0,,128.8327582,35.16532211
마라21ab86ba,3,0,0,0,,38.0,0,0,,128.832795,35.1675758
마라21ab86bb,0,0,0,0,,0.0,0,0,,128.8328318,35.16982948
마라21ab87aa,0,0,0,0,,,0,0,,128.8328686,35.17208317
마라21ab87ab,0,0,0,0,,,0,0,,128.8329053,35.17433685
마라21ab87ba,6,0,0,0,,,0,0,,128.8329421,35.17659054
마라21ab87bb,0,0,0,0,,,0,0,,128.8329789,35.17884422
마라21ab88aa,0,0,0,0,,,0,0,,128.8330157,35.1810979
마라21ab88ab,5,0,0,0,,,0,0,,128.8330525,35.18335158
마라21ab88ba,2,0,0,0,,,0,0,,128.8330893,35.18560526
마라21ab88bb,0,0,0,0,,,0,0,,128.8331262,35.18785894
마라21ab89aa,0,0,0,0,,,0,0,,128.833163,35.19011262
마라21ab89ab,0,0,0,0,,,0,0,,128.8331998,35.19236629
마라21ab89ba,1,0,0,0,,,0,0,,128.8332366,35.19461997
마라21ab89bb,13,0,0,0,,,0,0,49.27225434,128.8332735,35.19687365
마라21ab90aa,14,0,0,0,,,0,0,,128.8333103,35.19912732
마라21ab90ab,1,0,0,0,,,0,0,,128.8333471,35.20138099
마라21ab90ba,13,0,0,0,,0.0,0,0,,128.833384,35.20363467
마라21ab90bb,0,0,0,0,,,0,0,,128.8334208,35.20588834
마라21ab91aa,0,0,0,0,,,0,0,,128.8334577,35.20814201
마라21ab91ab,0,0,0,0,,,0,0,,128.8334945,35.21039568
마라21ab91ba,4,0,0,0,,,1,0,,128.8335314,35.21264935
마라21ab91bb,14,0,0,0,,0.0,0,4,18.0,128.8335682,35.21490302
마라21ab92aa,19,0,0,0,,28.000000000000004,0,0,,128.8336051,35.21715668
마라21ab92ab,18,0,0,0,,42.0,0,0,,128.833642,35.21941035
마라21ab92ba,13,0,0,0,,8.0,0,0,,128.8336788,35.22166402
마라21ab92bb,0,0,0,0,,0.0,0,0,8.0,128.8337157,35.22391768
마라21ab93aa,0,0,0,0,,,0,0,,128.8337526,35.22617135
마라21ab93ab,5,0,0,0,,0.0,0,0,,128.8337895,35.22842501
마라21ab93ba,26,1,0,0,,255.0,0,0,,128.8338264,35.23067867
마라21ab93bb,2,3,0,0,,656.0,0,0,35.58179191,128.8338633,35.23293233
마라21ab94aa,1,2,0,0,,405.0,0,0,,128.8339002,35.23518599
마라21ab94ab,0,1,0,0,,218.0,0,0,26.95375723,128.8339371,35.23743965
마라21ab94ba,2,0,0,0,,0.0,0,0,22.0,128.833974,35.23969331
마라21ab94bb,2,0,0,0,,9.0,0,0,,128.8340109,35.24194697
마라21ab95aa,20,0,0,0,,,0,0,7.391618497,128.8340478,35.24420063
마라21ab95ab,12,0,0,0,,0.0,0,0,13.90751445,128.8340847,35.24645428
마라21ab95ba,0,0,0,0,,0.0,0,0,,128.8341217,35.24870794
마라21ab95bb,8,0,0,0,,11.0,0,0,15.0,128.8341586,35.25096159
마라21ab96aa,5,0,0,0,,8.0,0,0,,128.8341955,35.25321525
마라21ab96ab,1,0,0,0,,,0,0,,128.8342324,35.2554689
마라21ab96ba,0,0,0,0,,,0,0,,128.8342694,35.25772255
마라21ab96bb,0,0,0,0,,,0,0,,128.8343063,35.2599762
마라21ab97aa,1,0,0,0,,,0,0,,128.8343433,35.26222985
마라21ab97ab,0,0,0,0,,,0,0,,128.8343802,35.2644835
마라21ab97ba,0,0,0,0,,,0,0,,128.8344172,35.26673715
마라21ab97bb,0,0,0,0,,,0,0,,128.8344541,35.2689908
마라21ab98aa,0,0,0,0,,0.0,0,0,,128.8344911,35.27124444
마라21ab98ab,1,0,0,0,,0.0,0,0,,128.8345281,35.27349809
마라21ab98ba,13,0,0,0,,13.0,0,0,,128.8345651,35.27575173
마라21ab98bb,19,0,2,0,,15.0,8,0,,128.834602,35.27800538
마라21ab99aa,8,0,0,0,,7.000000000000001,0,0,15.56213873,128.834639,35.28025902
마라21ab99ab,55,0,5,0,,13.0,0,0,35.0,128.834676,35.28251266
마라21ab99ba,69,0,0,0,,12.0,0,0,,128.834713,35.2847663
마라21ab99bb,61,0,0,0,,14.0,0,0,,128.83475,35.28701994
마라21ba85ba,0,0,0,0,,,0,0,,128.8353921,35.15853082
마라21ba85bb,0,0,0,0,,,0,0,,128.835429,35.16078451
마라21ba86aa,0,0,0,0,,,0,0,,128.8354658,35.1630382
마라21ba86ab,0,0,0,0,,,0,0,,128.8355027,35.16529188
마라21ba86ba,0,0,0,0,,,0,0,,128.8355395,35.16754557
마라21ba86bb,0,0,0,0,,,0,0,,128.8355764,35.16979925
마라21ba87aa,0,0,0,0,,,0,0,,128.8356132,35.17205293
마라21ba87ab,0,0,0,0,,,0,0,,128.8356501,35.17430661
마라21ba87ba,9,0,0,0,,19.0,0,0,,128.835687,35.17656029
마라21ba87bb,3,0,0,0,,,0,0,,128.8357239,35.17881397
마라21ba88aa,0,0,0,0,,,0,0,,128.8357607,35.18106765
마라21ba88ab,6,0,0,0,,,0,0,,128.8357976,35.18332133
마라21ba88ba,10,0,0,0,,,0,5,,128.8358345,35.18557501
마라21ba88bb,1,0,0,0,,,0,0,,128.8358714,35.18782869
마라21ba89aa,3,0,0,0,,6.0,0,0,77.37673409999998,128.8359083,35.19008236
마라21ba89ab,8,0,0,0,,0.0,0,0,,128.8359452,35.19233604
마라21ba89ba,1,0,0,0,,0.0,0,0,,128.8359821,35.19458971
마라21ba89bb,0,0,0,0,,,0,0,,128.836019,35.19684338
마라21ba90aa,27,0,0,0,,12.0,0,0,,128.8360559,35.19909705
마라21ba90ab,15,0,0,0,,28.000000000000004,14,0,29.0,128.8360928,35.20135072
마라21ba90ba,6,0,0,0,,0.0,0,0,,128.8361297,35.2036044
마라21ba90bb,7,0,0,0,,0.0,0,0,,128.8361666,35.20585806
마라21ba91aa,1,0,0,0,,,0,0,,128.8362036,35.20811173
마라21ba91ab,0,0,0,0,,,0,0,,128.8362405,35.2103654
마라21ba91ba,34,1,0,0,,0.0,0,0,,128.8362774,35.21261907
마라21ba91bb,12,0,0,0,,0.0,0,0,,128.8363144,35.21487273
마라21ba92aa,22,0,0,0,,19.0,0,0,,128.8363513,35.2171264
마라21ba92ab,0,0,0,0,,,0,0,,128.8363883,35.21938006
마라21ba92ba,5,0,0,0,,,0,0,32.0,128.8364252,35.22163373
마라21ba92bb,10,0,0,0,,,0,0,,128.8364622,35.22388739
마라21ba93aa,19,0,0,0,,0.0,0,0,,128.8364991,35.22614105
마라21ba93ab,37,0,0,0,,29.0,0,0,,128.8365361,35.22839471
마라21ba93ba,12,6,0,0,,981.0,0,0,,128.836573,35.23064837
마라21ba93bb,10,7,0,0,,1560.0,0,0,13.09248555,128.83661,35.23290203
마라21ba94aa,2,13,0,0,,2652.0,0,0,18.0,128.836647,35.23515569
마라21ba94ab,4,3,0,0,,506.0,0,0,,128.836684,35.23740934
마라21ba94ba,4,0,0,0,,0.0,0,0,,128.8367209,35.239663
마라21ba94bb,28,0,0,0,,0.0,0,0,,128.8367579,35.24191666
마라21ba95aa,17,0,0,0,,18.0,0,0,,128.8367949,35.24417031
마라21ba95ab,38,0,0,0,,7.000000000000001,0,0,,128.8368319,35.24642396
마라21ba95ba,9,0,0,0,,8.0,0,0,,128.8368689,35.24867762
마라21ba95bb,24,0,0,0,,15.0,0,0,,128.8369059,35.25093127
마라21ba96aa,7,0,0,0,,,0,0,,128.8369429,35.25318492
마라21ba96ab,0,0,0,0,,,0,0,,128.8369799,35.25543857
마라21ba96ba,0,0,0,0,,,0,0,,128.837017,35.25769222
마라21ba96bb,0,0,0,0,,,0,0,,128.837054,35.25994587
마라21ba97aa,0,0,0,0,,,0,0,,128.837091,35.26219951
마라21ba97ab,0,0,0,0,,,0,0,,128.837128,35.26445316
마라21ba97ba,0,0,0,0,,,0,0,,128.8371651,35.26670681
마라21ba97bb,0,0,0,0,,,0,0,,128.8372021,35.26896045
마라21ba98aa,4,0,0,0,,,0,0,,128.8372391,35.2712141
마라21ba98ab,33,0,0,0,,0.0,0,0,,128.8372762,35.27346774
마라21ba98ba,21,0,3,0,,0.0,0,0,,128.8373132,35.27572138
마라21ba98bb,48,0,0,0,,46.0,0,0,,128.8373503,35.27797502
마라21ba99aa,9,0,0,0,,17.0,0,0,,128.8373873,35.28022866
마라21ba99ab,2,0,0,0,,,0,0,,128.8374244,35.2824823
마라21ba99ba,0,0,0,0,,,0,0,,128.8374615,35.28473594
마라21ba99bb,0,0,0,0,,,0,0,,128.8374985,35.28698958
마라21bb85ba,0,0,0,0,,,0,0,,128.8381364,35.15850054
마라21bb85bb,0,0,0,0,,,0,0,,128.8381733,35.16075423
마라21bb86aa,0,0,0,0,,,0,0,,128.8382102,35.16300791
마라21bb86ab,0,0,0,0,,,0,0,,128.8382471,35.16526159
마라21bb86ba,0,0,0,0,,,0,0,,128.8382841,35.16751527
마라21bb86bb,0,0,0,0,,,0,0,,128.838321,35.16976895
마라21bb87aa,0,0,0,0,,,0,0,,128.8383579,35.17202263
마라21bb87ab,0,0,0,0,,,0,0,,128.8383949,35.17427631
마라21bb87ba,4,0,0,0,,0.0,0,0,29.5433526,128.8384318,35.17652999
마라21bb87bb,6,0,0,0,,18.0,0,0,,128.8384688,35.17878367
마라21bb88aa,0,0,0,0,,,0,0,,128.8385057,35.18103734
마라21bb88ab,0,0,0,0,,,0,0,,128.8385427,35.18329102
마라21bb88ba,0,0,0,0,,,0,0,,128.8385796,35.18554469
마라21bb88bb,0,0,0,0,,,0,0,,128.8386166,35.18779837
마라21bb89aa,14,0,0,0,,11.0,0,0,,128.8386536,35.19005204
마라21bb89ab,10,0,0,0,,14.0,0,0,,128.8386905,35.19230571
마라21bb89ba,0,0,0,0,,9.0,0,0,,128.8387275,35.19455938
마라21bb89bb,1,0,0,0,,0.0,0,0,,128.8387645,35.19681306
마라21bb90aa,2,0,0,0,,23.0,0,0,,128.8388015,35.19906672
마라21bb90ab,2,0,0,0,,14.0,0,0,,128.8388385,35.20132039
마라21bb90ba,35,1,0,0,,7.000000000000001,0,0,,128.8388755,35.20357406
마라21bb90bb,21,0,0,0,,,0,0,,128.8389125,35.20582773
마라21bb91aa,7,1,0,0,,,0,0,,128.8389495,35.20808139
마라21bb91ab,11,0,0,0,,,0,0,,128.8389865,35.21033506
마라21bb91ba,0,0,0,0,,,0,0,7.0,128.8390235,35.21258872
마라21bb91bb,2,0,0,0,,,0,0,28.09971098,128.8390605,35.21484239
마라21bb92aa,9,3,0,0,,6.0,0,0,41.08598266,128.8390975,35.21709605
마라21bb92ab,1,0,0,0,,0.0,0,0,,128.8391345,35.21934971
마라21bb92ba,1,0,0,0,,,0,0,,128.8391716,35.22160337
마라21bb92bb,18,1,0,0,,,0,0,,128.8392086,35.22385703
마라21bb93aa,12,2,0,0,,0.0,0,0,,128.8392456,35.22611069
마라21bb93ab,2,0,0,0,,0.0,0,0,17.0,128.8392827,35.22836435
마라21bb93ba,12,0,0,0,,56.00000000000001,0,0,,128.8393197,35.23061801
마라21bb93bb,16,0,0,1,,23.0,0,0,15.0,128.8393567,35.23287166
마라21bb94aa,8,0,1,0,,0.0,0,0,,128.8393938,35.23512532
마라21bb94ab,39,0,0,0,,11.0,0,0,16.71820809,128.8394309,35.23737897
마라21bb94ba,9,0,0,0,,12.0,0,0,,128.8394679,35.23963263
마라21bb94bb,7,0,0,0,,0.0,0,0,,128.839505,35.24188628
마라21bb95aa,8,0,0,0,,0.0,0,0,,128.839542,35.24413993
마라21bb95ab,41,0,0,0,,0.0,0,0,,128.8395791,35.24639358
마라21bb95ba,14,0,0,0,,,0,0,13.09248555,128.8396162,35.24864723
마라21bb95bb,49,0,0,0,,16.0,0,0,,128.8396533,35.25090088
마라21bb96aa,6,0,0,0,,,0,0,,128.8396903,35.25315453
마라21bb96ab,0,0,0,0,,,4,0,,128.8397274,35.25540818
마라21bb96ba,0,0,0,0,,,0,0,,128.8397645,35.25766182
마라21bb96bb,0,0,0,0,,,0,0,,128.8398016,35.25991547
마라21bb97aa,0,0,0,0,,,0,0,,128.8398387,35.26216911
마라21bb97ab,0,0,0,0,,,0,0,,128.8398758,35.26442276
마라21bb97ba,0,0,0,0,,,0,0,,128.8399129,35.2666764
마라21bb97bb,0,0,0,0,,,0,0,,128.83995,35.26893004
마라21bb98aa,33,0,0,0,,,0,0,,128.8399872,35.27118369
마라21bb98ab,32,0,0,0,,0.0,0,0,,128.8400243,35.27343733
마라21bb98ba,33,0,6,0,,0.0,0,0,,128.8400614,35.27569097
마라21bb98bb,26,0,0,0,,17.0,0,0,,128.8400985,35.2779446
마라21bb99aa,10,0,0,0,,0.0,0,0,,128.8401357,35.28019824
마라21bb99ab,0,0,0,0,,,0,0,,128.8401728,35.28245188
마라21bb99ba,4,0,0,0,,0.0,0,0,,128.8402099,35.28470552
마라21bb99bb,1,0,0,0,,,0,0,,128.8402471,35.28695915
마라22aa85ba,0,0,0,0,,,0,0,,128.8408806,35.1584702
마라22aa85bb,0,0,0,0,,,0,0,,128.8409176,35.16072388
마라22aa86aa,0,0,0,0,,,0,0,,128.8409546,35.16297756
마라22aa86ab,0,0,0,0,,,0,0,,128.8409916,35.16523124
마라22aa86ba,0,0,0,0,,,0,0,,128.8410286,35.16748492
마라22aa86bb,0,0,0,0,,,0,0,,128.8410656,35.1697386
마라22aa87aa,0,0,0,0,,,0,0,,128.8411026,35.17199227
마라22aa87ab,0,0,0,0,,,0,0,,128.8411396,35.17424595
마라22aa87ba,2,0,0,0,,0.0,0,0,,128.8411766,35.17649962
마라22aa87bb,7,0,0,0,,0.0,0,0,,128.8412137,35.1787533
마라22aa88aa,0,0,0,0,,,0,0,,128.8412507,35.18100697
마라22aa88ab,0,0,0,0,,,0,0,,128.8412877,35.18326065
마라22aa88ba,5,0,0,0,,6.0,0,0,,128.8413248,35.18551432
마라22aa88bb,2,0,0,0,,,0,0,,128.8413618,35.18776799
마라22aa89aa,4,0,0,0,,0.0,0,0,,128.8413989,35.19002166
마라22aa89ab,55,1,0,0,,9.999999999999998,0,0,,128.8414359,35.19227533
마라22aa89ba,57,1,0,0,,55.0,0,0,36.32080925,128.841473,35.194529
마라22aa89bb,20,0,0,0,,83.0,0,0,21.06647399,128.84151,35.19678267
마라22aa90aa,0,0,0,0,,,0,0,,128.8415471,35.19903633
마라22aa90ab,8,0,0,0,,,0,0,,128.8415841,35.20129
마라22aa90ba,7,0,0,0,,19.0,0,0,,128.8416212,35.20354366
마라22aa90bb,20,0,1,0,,15.0,0,0,,128.8416583,35.20579733
마라22aa91aa,14,0,0,0,,,0,0,,128.8416954,35.20805099
마라22aa91ab,30,0,0,0,,0.0,0,0,,128.8417324,35.21030466
마라22aa91ba,15,0,0,0,,,0,0,,128.8417695,35.21255832
마라22aa91bb,0,0,0,0,,,0,0,84.28395954,128.8418066,35.21481198
마라22aa92aa,0,0,0,0,,,0,0,,128.8418437,35.21706564
마라22aa92ab,1,0,0,0,,,0,0,,128.8418808,35.2193193
마라22aa92ba,1,0,0,0,,,0,0,,128.8419179,35.22157295
마라22aa92bb,0,0,0,0,,,0,0,,128.841955,35.22382661
마라22aa93aa,2,0,0,0,,11.0,0,0,,128.8419921,35.22608027
마라22aa93ab,3,2,0,0,,22.0,0,0,,128.8420292,35.22833392
마라22aa93ba,20,0,0,0,,0.0,0,0,12.65606936,128.8420664,35.23058758
마라22aa93bb,8,0,0,0,,32.0,0,0,,128.8421035,35.23284123
마라22aa94aa,6,0,0,0,,53.0,0,0,,128.8421406,35.23509489
마라22aa94ab,39,0,0,0,,21.0,0,0,,128.8421777,35.23734854
마라22aa94ba,7,0,0,0,,7.000000000000001,0,0,,128.8422149,35.23960219
마라22aa94bb,0,0,0,0,,,0,0,,128.842252,35.24185584
마라22aa95aa,2,0,0,0,,,0,0,,128.8422891,35.24410949
마라22aa95ab,26,0,0,0,,0.0,0,0,,128.8423263,35.24636314
마라22aa95ba,0,0,0,0,,,0,0,,128.8423634,35.24861678
마라22aa95bb,6,0,0,0,,8.0,0,0,,128.8424006,35.25087043
마라22aa96aa,10,0,0,0,,14.0,0,0,,128.8424378,35.25312408
마라22aa96ab,15,0,0,0,,0.0,0,0,,128.8424749,35.25537772
마라22aa96ba,4,0,0,0,,,0,0,,128.8425121,35.25763137
마라22aa96bb,0,0,0,0,,,0,0,,128.8425493,35.25988501
마라22aa97aa,0,0,0,0,,,0,0,,128.8425864,35.26213865
마라22aa97ab,0,0,0,0,,,0,0,,128.8426236,35.26439229
마라22aa97ba,5,0,0,0,,,0,0,,128.8426608,35.26664594
마라22aa97bb,11,0,0,0,,0.0,0,0,,128.842698,35.26889957
마라22aa98aa,18,0,0,0,,0.0,0,0,,128.8427352,35.27115321
마라22aa98ab,23,0,1,0,,8.0,0,0,,128.8427724,35.27340685
마라22aa98ba,31,0,3,0,,7.000000000000001,0,0,,128.8428096,35.27566049
마라22aa98bb,21,0,0,0,,19.0,0,0,,128.8428468,35.27791413
마라22aa99aa,0,0,0,0,,0.0,0,0,,128.842884,35.28016776
마라22aa99ab,0,0,0,0,,,0,0,,128.8429212,35.2824214
마라22aa99ba,3,0,0,0,,,0,0,,128.8429584,35.28467503
마라22aa99bb,20,0,0,0,,0.0,0,0,,128.8429956,35.28692866
마라22ab85ba,0,0,0,0,,,0,0,,128.8436248,35.15843979
마라22ab85bb,0,0,0,0,,,0,0,,128.8436619,35.16069347
마라22ab86aa,0,0,0,0,,,0,0,,128.843699,35.16294714
마라22ab86ab,0,0,0,0,,,0,0,,128.843736,35.16520082
마라22ab86ba,0,0,0,0,,,0,0,,128.8437731,35.1674545
마라22ab86bb,0,0,0,0,,,0,0,,128.8438102,35.16970817
마라22ab87aa,0,0,0,0,,,0,0,,128.8438473,35.17196185
마라22ab87ab,0,0,0,0,,0.0,5,0,,128.8438844,35.17421552
마라22ab87ba,0,0,0,0,,0.0,0,0,,128.8439215,35.1764692
마라22ab87bb,2,0,0,0,,,0,0,,128.8439586,35.17872287
마라22ab88aa,0,0,0,0,,,0,0,,128.8439957,35.18097654
마라22ab88ab,1,0,0,0,,,0,0,,128.8440328,35.18323021
마라22ab88ba,2,0,0,0,,0.0,0,0,,128.8440699,35.18548388
마라22ab88bb,0,0,0,0,,,4,0,,128.844107,35.18773755
마라22ab89aa,1,0,0,0,,,0,0,,128.8441441,35.18999122
마라22ab89ab,1,0,0,0,,,0,0,,128.8441813,35.19224488
마라22ab89ba,34,2,0,0,,7.000000000000001,0,0,61.32442197,128.8442184,35.19449855
마라22ab89bb,77,1,0,0,,34.0,0,0,,128.8442555,35.19675222
마라22ab90aa,23,0,0,0,,33.0,0,0,,128.8442927,35.19900588
마라22ab90ab,5,0,0,0,,,0,0,,128.8443298,35.20125954
마라22ab90ba,0,0,0,0,,,0,0,,128.8443669,35.20351321
마라22ab90bb,1,0,0,0,,0.0,0,0,,128.8444041,35.20576687
마라22ab91aa,18,3,0,0,,9.999999999999998,0,0,,128.8444412,35.20802053
마라22ab91ab,15,2,0,0,,0.0,0,0,,128.8444784,35.21027419
마라22ab91ba,18,1,0,0,,0.0,0,0,,128.8445156,35.21252785
마라22ab91bb,6,0,0,0,,0.0,0,0,,128.8445527,35.21478151
마라22ab92aa,5,0,0,0,,,0,0,,128.8445899,35.21703516
마라22ab92ab,4,0,0,0,,0.0,0,0,,128.8446271,35.21928882
마라22ab92ba,6,0,0,0,,0.0,0,0,28.0,128.8446642,35.22154248
마라22ab92bb,10,0,0,0,,75.0,0,0,24.0,128.8447014,35.22379613
마라22ab93aa,4,0,0,0,,78.0,0,0,,128.8447386,35.22604979
마라22ab93ab,15,0,0,0,,25.0,0,0,18.5,128.8447758,35.22830344
마라22ab93ba,15,9,0,0,,958.0,0,0,20.56213873,128.844813,35.23055709
마라22ab93bb,2,0,0,1,,11.0,0,0,,128.8448502,35.23281074
마라22ab94aa,15,5,0,1,,970.0,0,0,,128.8448874,35.23506439
마라22ab94ab,0,4,0,0,,739.0,0,0,,128.8449246,35.23731804
마라22ab94ba,0,0,0,0,,0.0,74,0,,128.8449618,35.23957169
마라22ab94bb,0,0,0,0,,,0,0,,128.844999,35.24182534
마라22ab95aa,1,0,0,0,,,0,0,,128.8450363,35.24407898
마라22ab95ab,58,0,0,0,,0.0,0,0,,128.8450735,35.24633263
마라22ab95ba,5,0,0,0,,,0,0,,128.8451107,35.24858628
마라22ab95bb,8,0,0,0,,6.0,0,0,,128.8451479,35.25083992
마라22ab96aa,0,0,0,0,,0.0,0,0,,128.8451852,35.25309356
마라22ab96ab,24,0,0,0,,0.0,0,0,,128.8452224,35.25534721
마라22ab96ba,18,0,0,0,,12.0,0,0,,128.8452597,35.25760085
마라22ab96bb,0,0,0,0,,,0,0,,128.8452969,35.25985449
마라22ab97aa,0,0,0,0,,,0,0,,128.8453342,35.26210813
마라22ab97ab,1,0,0,0,,,0,0,,128.8453714,35.26436177
마라22ab97ba,0,0,0,0,,,0,0,,128.8454087,35.26661541
마라22ab97bb,6,0,0,0,,,0,0,,128.8454459,35.26886904
마라22ab98aa,0,0,0,0,,,0,0,,128.8454832,35.27112268
마라22ab98ab,10,0,0,0,,0.0,0,0,,128.8455205,35.27337632
마라22ab98ba,3,0,1,0,,0.0,0,0,,128.8455577,35.27562995
마라22ab98bb,0,0,0,0,,,0,0,,128.845595,35.27788358
마라22ab99aa,0,0,0,0,,,0,0,,128.8456323,35.28013722
마라22ab99ab,0,0,0,0,,,0,0,,128.8456696,35.28239085
마라22ab99ba,0,0,0,0,,,0,0,,128.8457069,35.28464448
마라22ab99bb,0,0,0,0,,,0,0,,128.8457442,35.28689811
마라22ba86aa,0,0,0,0,,,0,0,,128.8464433,35.16291667
마라22ba86ab,0,0,0,0,,,0,0,,128.8464805,35.16517034
마라22ba86ba,0,0,0,0,,,0,0,,128.8465176,35.16742402
마라22ba86bb,0,0,0,0,,,0,0,,128.8465548,35.16967769
마라22ba87aa,0,0,0,0,,,0,0,,128.846592,35.17193136
마라22ba87ab,1,0,0,0,,9.999999999999998,0,0,,128.8466291,35.17418504
마라22ba87ba,3,0,0,0,,26.0,0,0,,128.8466663,35.17643871
마라22ba87bb,0,0,0,0,,,0,0,,128.8467035,35.17869238
마라22ba88aa,0,0,0,0,,,0,0,,128.8467407,35.18094605
마라22ba88ab,1,0,0,0,,,0,0,,128.8467778,35.18319971
마라22ba88ba,1,0,0,0,,,0,0,,128.846815,35.18545338
마라22ba88bb,0,0,0,0,,0.0,0,0,,128.8468522,35.18770705
마라22ba89aa,0,0,0,0,,,0,0,,128.8468894,35.18996071
마라22ba89ab,0,0,0,0,,,0,0,,128.8469266,35.19221438
마라22ba89ba,0,0,0,0,,,0,0,,128.8469638,35.19446804
마라22ba89bb,32,0,0,0,,12.0,0,0,,128.847001,35.1967217
마라22ba90aa,70,1,0,0,,38.0,0,0,,128.8470382,35.19897536
마라22ba90ab,12,0,0,0,,7.000000000000001,0,0,20.0,128.8470755,35.20122903
마라22ba90ba,0,0,0,0,,,0,0,,128.8471127,35.20348269
마라22ba90bb,0,0,0,0,,0.0,0,0,,128.8471499,35.20573635
마라22ba91aa,1,0,0,0,,0.0,0,0,,128.8471871,35.20799
마라22ba91ab,17,3,0,0,,20.0,0,0,,128.8472244,35.21024366
마라22ba91ba,2,1,0,0,,,0,0,,128.8472616,35.21249732
마라22ba91bb,1,0,0,0,,,80,0,,128.8472988,35.21475097
마라22ba92aa,4,4,0,0,,0.0,0,0,,128.8473361,35.21700463
마라22ba92ab,4,1,0,0,,,0,0,,128.8473733,35.21925828
마라22ba92ba,21,0,0,0,,12.0,0,0,14.0,128.8474106,35.22151194
마라22ba92bb,11,3,0,0,,78.0,0,0,10.0,128.8474478,35.22376559
마라22ba93aa,7,0,0,0,,28.000000000000004,0,0,,128.8474851,35.22601924
마라22ba93ab,5,8,0,0,,1258.0,0,0,38.94219653,128.8475224,35.22827289
마라22ba93ba,12,20,0,0,,2789.0,0,0,,128.8475596,35.23052654
마라22ba93bb,5,14,0,0,,2009.0,0,0,,128.8475969,35.23278019
마라22ba94aa,1,0,0,0,,,0,0,,128.8476342,35.23503384
마라22ba94ab,1,0,0,0,,,0,0,,128.8476715,35.23728748
마라22ba94ba,0,0,0,0,,,0,0,,128.8477088,35.23954113
마라22ba94bb,0,0,0,0,,,0,0,,128.8477461,35.24179477
마라22ba95aa,3,0,0,0,,,0,0,,128.8477833,35.24404842
마라22ba95ab,9,0,0,0,,,0,0,,128.8478206,35.24630206
마라22ba95ba,0,0,0,0,,0.0,0,0,,128.847858,35.2485557
마라22ba95bb,0,0,0,0,,,0,0,,128.8478953,35.25080935
마라22ba96aa,0,0,0,0,,,0,0,,128.8479326,35.25306299
마라22ba96ab,0,0,0,0,,,0,0,,128.8479699,35.25531663
마라22ba96ba,1,0,0,0,,7.000000000000001,0,0,,128.8480072,35.25757027
마라22ba96bb,0,0,0,0,,,0,0,,128.8480445,35.2598239
마라22ba97aa,0,0,0,0,,,0,0,,128.8480819,35.26207754
마라22ba97ab,0,0,0,0,,,0,0,,128.8481192,35.26433118
마라22ba97ba,0,0,0,0,,,0,0,,128.8481565,35.26658481
마라22ba97bb,0,0,0,0,,,0,0,,128.8481939,35.26883845
마라22ba98aa,0,0,0,0,,,0,0,,128.8482312,35.27109208
마라22ba98ab,0,0,0,0,,,0,0,,128.8482686,35.27334572
마라22ba98ba,3,0,0,0,,,0,0,,128.8483059,35.27559935
마라22ba98bb,0,0,0,0,,,0,0,,128.8483433,35.27785298
마라22ba99aa,0,0,0,0,,,0,0,,128.8483806,35.28010661
마라22ba99ab,0,0,0,0,,,0,0,,128.848418,35.28236024
마라22ba99ba,0,0,0,0,,,0,0,,128.8484554,35.28461387
마라22ba99bb,2,0,0,0,,,0,0,,128.8484927,35.2868675
마라22bb86ab,0,0,0,0,,,0,0,,128.8492249,35.16513981
마라22bb86ba,0,0,0,0,,,0,0,,128.8492622,35.16739348
마라22bb86bb,0,0,0,0,,,0,0,,128.8492994,35.16964715
마라22bb87aa,0,0,0,0,,,0,0,,128.8493366,35.17190082
마라22bb87ab,0,0,0,0,,0.0,0,0,,128.8493739,35.17415449
마라22bb87ba,5,0,0,0,,42.0,0,0,,128.8494111,35.17640815
마라22bb87bb,0,0,0,0,,,0,0,,128.8494484,35.17866182
마라22bb88aa,1,0,0,0,,,0,0,,128.8494856,35.18091549
마라22bb88ab,0,0,0,0,,0.0,0,0,,128.8495229,35.18316915
마라22bb88ba,2,0,0,0,,0.0,0,0,,128.8495601,35.18542282
마라22bb88bb,0,0,0,0,,0.0,0,0,,128.8495974,35.18767648
마라22bb89aa,1,0,0,0,,,0,0,,128.8496347,35.18993014
마라22bb89ab,0,0,0,0,,,0,0,,128.849672,35.19218381
마라22bb89ba,0,0,0,0,,,0,0,,128.8497092,35.19443747
마라22bb89bb,1,0,0,0,,,0,0,,128.8497465,35.19669113
마라22bb90aa,5,1,0,0,,0.0,0,0,,128.8497838,35.19894479
마라22bb90ab,30,0,0,0,,14.0,0,0,78.11271676,128.8498211,35.20119845
마라22bb90ba,39,2,0,0,,43.0,0,0,,128.8498584,35.2034521
마라22bb90bb,14,1,0,0,,92.0,0,0,,128.8498957,35.20570576
마라22bb91aa,57,0,0,0,,81.0,0,0,6.66300578,128.849933,35.20795942
마라22bb91ab,71,0,0,0,,91.0,0,0,40.46965318,128.8499703,35.21021307
마라22bb91ba,17,0,0,0,,9.999999999999998,0,0,24.61849711,128.8500076,35.21246672
마라22bb91bb,0,0,0,0,,,0,0,71.96098266,128.8500449,35.21472038
마라22bb92aa,0,0,0,0,,7.000000000000001,0,0,,128.8500823,35.21697403
마라22bb92ab,0,0,0,0,,,0,0,,128.8501196,35.21922768
마라22bb92ba,58,1,0,0,,159.99999999999997,0,0,,128.8501569,35.22148133
마라22bb92bb,24,4,0,0,,144.0,0,0,,128.8501943,35.22373498
마라22bb93aa,17,0,0,0,,0.0,0,0,,128.8502316,35.22598863
마라22bb93ab,1,0,0,0,,221.0,0,2,,128.8502689,35.22824228
마라22bb93ba,27,15,0,0,,1250.0,0,0,,128.8503063,35.23049593
마라22bb93bb,36,6,0,0,,864.0,0,0,,128.8503436,35.23274957
마라22bb94aa,0,6,0,0,,459.0,0,0,,128.850381,35.23500322
마라22bb94ab,0,0,0,0,,0.0,0,0,,128.8504183,35.23725686
마라22bb94ba,0,0,0,0,,,0,0,,128.8504557,35.23951051
마라22bb94bb,0,0,0,0,,,0,0,,128.8504931,35.24176415
마라22bb95aa,0,0,0,0,,,0,0,,128.8505304,35.24401779
마라22bb95ab,0,0,0,0,,,0,0,,128.8505678,35.24627143
마라22bb95ba,0,0,0,0,,,0,0,,128.8506052,35.24852507
마라22bb95bb,0,0,0,0,,,0,0,,128.8506426,35.25077871
마라22bb96aa,0,0,0,0,,,0,0,,128.85068,35.25303235
마라22bb96ab,0,0,0,0,,,0,0,,128.8507174,35.25528599
마라22bb96ba,0,0,0,0,,,0,0,,128.8507548,35.25753962
마라22bb96bb,0,0,0,0,,,0,0,,128.8507922,35.25979326
마라22bb97aa,0,0,0,0,,,0,0,,128.8508296,35.26204689
마라22bb97ab,0,0,0,0,,,0,0,,128.850867,35.26430053
마라22bb97ba,0,0,0,0,,,0,0,,128.8509044,35.26655416
마라22bb97bb,0,0,0,0,,,0,0,,128.8509418,35.26880779
마라22bb98aa,7,0,0,0,,0.0,0,0,,128.8509792,35.27106142
마라22bb98ab,1,0,0,0,,,0,0,,128.8510166,35.27331505
마라22bb98ba,10,0,0,0,,0.0,0,0,,128.8510541,35.27556868
마라22bb98bb,3,0,0,0,,0.0,0,0,35.43786127,128.8510915,35.27782231
마라22bb99aa,0,0,0,0,,,0,0,,128.8511289,35.28007594
마라22bb99ab,0,0,0,0,,,0,0,,128.8511664,35.28232957
마라22bb99ba,21,0,0,0,,0.0,0,0,,128.8512038,35.28458319
마라22bb99bb,21,0,0,0,,,0,0,,128.8512413,35.28683682
마라23aa86ab,0,0,0,0,,,0,0,,128.8519694,35.1651092
마라23aa86ba,0,0,0,0,,,0,0,,128.8520067,35.16736287
마라23aa86bb,0,0,0,0,,,0,0,,128.852044,35.16961654
마라23aa87aa,1,0,0,0,,,0,0,,128.8520813,35.17187021
마라23aa87ab,2,0,0,0,,0.0,0,0,,128.8521186,35.17412387
마라23aa87ba,5,0,0,0,,8.0,0,0,,128.8521559,35.17637754
마라23aa87bb,0,0,0,0,,,0,0,,128.8521933,35.1786312
마라23aa88aa,0,0,0,0,,0.0,0,0,,128.8522306,35.18088487
마라23aa88ab,5,0,0,0,,6.0,0,0,,128.8522679,35.18313853
마라23aa88ba,3,1,0,0,,9.999999999999998,0,0,,128.8523053,35.18539219
마라23aa88bb,0,0,0,0,,,0,0,,128.8523426,35.18764585
마라23aa89aa,0,0,0,0,,,0,0,,128.85238,35.18989951
마라23aa89ab,2,0,0,0,,0.0,0,0,,128.8524173,35.19215317
마라23aa89ba,0,0,0,0,,,0,0,,128.8524547,35.19440683
마라23aa89bb,0,0,0,0,,,0,0,,128.852492,35.19666049
마라23aa90aa,0,0,0,0,,,0,0,,128.8525294,35.19891415
마라23aa90ab,0,0,0,0,,,0,0,,128.8525668,35.2011678
마라23aa90ba,4,0,0,0,,,0,0,,128.8526041,35.20342146
마라23aa90bb,29,0,0,0,,41.0,0,0,7.0,128.8526415,35.20567511
마라23aa91aa,44,2,0,0,,52.0,0,0,19.90751445,128.8526789,35.20792877
마라23aa91ab,40,0,0,1,,24.0,0,0,31.07080925,128.8527163,35.21018242
마라23aa91ba,47,2,1,1,,14.0,0,0,73.22687861,128.8527537,35.21243607
마라23aa91bb,10,0,0,0,,0.0,0,0,78.13771676,128.8527911,35.21468972
마라23aa92aa,7,0,0,0,,0.0,0,0,,128.8528284,35.21694337
마라23aa92ab,1,0,0,0,,0.0,0,0,,128.8528658,35.21919702
마라23aa92ba,55,1,0,0,,197.0,0,0,22.82210983,128.8529033,35.22145067
마라23aa92bb,5,0,0,0,,86.0,0,0,16.0,128.8529407,35.22370431
마라23aa93aa,0,0,0,0,,,0,0,,128.8529781,35.22595796
마라23aa93ab,0,1,0,0,,102.0,0,0,,128.8530155,35.22821161
마라23aa93ba,29,14,0,0,,1701.0,0,0,,128.8530529,35.23046525
마라23aa93bb,81,1,0,0,,404.0,0,0,33.0,128.8530903,35.23271889
마라23aa94aa,80,4,0,0,,806.0,0,0,5.0,128.8531278,35.23497254
마라23aa94ab,14,0,0,2,,343.0,0,0,13.0,128.8531652,35.23722618
마라23aa94ba,0,0,0,1,,64.0,0,0,,128.8532026,35.23947982
마라23aa94bb,0,0,0,0,,,0,0,,128.8532401,35.24173346
마라23aa95aa,0,0,0,0,,,0,0,,128.8532775,35.2439871
마라23aa95ab,0,0,0,0,,,0,0,,128.853315,35.24624074
마라23aa95ba,0,0,0,0,,,0,0,,128.8533524,35.24849437
마라23aa95bb,0,0,0,0,,,0,0,,128.8533899,35.25074801
마라23aa96aa,0,0,0,0,,,0,0,,128.8534274,35.25300165
마라23aa96ab,0,0,0,0,,,0,0,,128.8534648,35.25525528
마라23aa96ba,0,0,0,0,,,0,0,,128.8535023,35.25750892
마라23aa96bb,0,0,0,0,,,0,0,,128.8535398,35.25976255
마라23aa97aa,0,0,0,0,,,0,0,,128.8535773,35.26201618
마라23aa97ab,0,0,0,0,,,0,0,,128.8536147,35.26426981
마라23aa97ba,0,0,0,0,,,0,0,,128.8536522,35.26652344
마라23aa97bb,5,0,0,0,,,0,0,,128.8536897,35.26877707
마라23aa98aa,35,0,0,0,,0.0,0,0,,128.8537272,35.2710307
마라23aa98ab,41,0,0,0,,0.0,0,0,,128.8537647,35.27328433
마라23aa98ba,31,0,0,0,,,0,0,,128.8538022,35.27553796
마라23aa98bb,17,0,0,0,,0.0,0,0,,128.8538397,35.27779158
마라23aa99aa,3,0,0,0,,,0,0,,128.8538773,35.28004521
마라23aa99ab,0,0,0,0,,,0,0,,128.8539148,35.28229883
마라23aa99ba,0,0,0,0,,,0,0,,128.8539523,35.28455246
마라23aa99bb,0,0,0,0,,,0,0,,128.8539898,35.28680608
마라23ab86ab,0,0,0,0,,,0,0,,128.8547138,35.16507854
마라23ab86ba,0,0,0,0,,,0,0,,128.8547512,35.16733221
마라23ab86bb,0,0,0,0,,,0,0,,128.8547886,35.16958587
마라23ab87aa,0,0,0,0,,,0,0,,128.854826,35.17183954
마라23ab87ab,0,0,0,0,,,0,0,,128.8548634,35.1740932
마라23ab87ba,0,0,0,0,,,0,0,,128.8549007,35.17634686
마라23ab87bb,0,0,0,0,,,0,0,,128.8549382,35.17860052
마라23ab88aa,0,0,0,0,,,0,0,,128.8549756,35.18085419
마라23ab88ab,0,0,0,0,,,0,0,,128.855013,35.18310785
마라23ab88ba,4,0,0,0,,12.0,0,0,,128.8550504,35.18536151
마라23ab88bb,2,0,0,0,,,0,0,,128.8550878,35.18761516
마라23ab89aa,0,0,0,0,,,0,0,,128.8551252,35.18986882
마라23ab89ab,2,0,0,0,,0.0,0,0,,128.8551627,35.19212248
마라23ab89ba,1,0,0,0,,,0,0,,128.8552001,35.19437614
마라23ab89bb,0,0,0,0,,0.0,0,0,,128.8552375,35.19662979
마라23ab90aa,0,0,0,0,,,0,0,,128.855275,35.19888344
마라23ab90ab,0,0,0,0,,,0,0,,128.8553124,35.2011371
마라23ab90ba,3,0,0,0,,0.0,0,0,,128.8553499,35.20339075
마라23ab90bb,1,0,0,0,,,0,0,,128.8553873,35.2056444
마라23ab91aa,0,0,0,0,,,0,0,,128.8554248,35.20789805
마라23ab91ab,0,0,0,0,,0.0,0,0,,128.8554622,35.2101517
마라23ab91ba,0,0,0,0,,,0,0,,128.8554997,35.21240535
마라23ab91bb,1,0,0,0,,,0,0,80.61054912999998,128.8555372,35.214659
마라23ab92aa,0,0,0,0,,,0,0,,128.8555746,35.21691265
마라23ab92ab,0,0,0,0,,0.0,0,0,,128.8556121,35.21916629
마라23ab92ba,40,0,0,0,,398.0,0,0,,128.8556496,35.22141994
마라23ab92bb,5,3,0,0,,132.0,0,0,15.0,128.8556871,35.22367358
마라23ab93aa,0,0,0,0,,,0,0,,128.8557246,35.22592723
마라23ab93ab,0,0,0,0,,,0,0,,128.8557621,35.22818087
마라23ab93ba,10,3,0,0,,0.0,0,0,56.90751445,128.8557995,35.23043451
마라23ab93bb,77,0,0,0,,729.0,0,0,,128.8558371,35.23268815
마라23ab94aa,47,1,3,0,,416.0,0,0,,128.8558746,35.23494179
마라23ab94ab,10,0,0,1,,178.0,0,0,15.0,128.8559121,35.23719543
마라23ab94ba,37,1,0,0,,727.0,0,0,,128.8559496,35.23944907
마라23ab94bb,2,0,0,0,,93.0,0,0,,128.8559871,35.24170271
마라23ab95aa,0,0,0,0,,,0,0,,128.8560246,35.24395635
마라23ab95ab,0,0,0,0,,,0,0,,128.8560622,35.24620998
마라23ab95ba,0,0,0,0,,,0,0,,128.8560997,35.24846362
마라23ab95bb,0,0,0,0,,,0,0,,128.8561372,35.25071725
마라23ab96aa,0,0,0,0,,,0,0,,128.8561748,35.25297088
마라23ab96ab,0,0,0,0,,,0,0,,128.8562123,35.25522452
마라23ab96ba,0,0,0,0,,,0,0,,128.8562498,35.25747815
마라23ab96bb,0,0,0,0,,,0,0,,128.8562874,35.25973178
마라23ab97aa,0,0,0,0,,,0,0,,128.856325,35.26198541
마라23ab97ab,0,0,0,0,,,0,0,,128.8563625,35.26423904
마라23ab97ba,1,0,0,0,,,0,0,,128.8564001,35.26649267
마라23ab97bb,15,0,0,0,,6.0,0,0,,128.8564376,35.26874629
마라23ab98aa,19,5,0,0,,0.0,0,1,,128.8564752,35.27099992
마라23ab98ab,0,0,0,0,,,0,0,,128.8565128,35.27325354
마라23ab98ba,0,0,0,0,,,0,0,,128.8565504,35.27550717
마라23ab98bb,0,0,0,0,,,0,0,,128.856588,35.27776079
마라23ab99aa,1,0,0,0,,,0,0,,128.8566256,35.28001441
마라23ab99ab,0,0,0,0,,,0,0,,128.8566631,35.28226804
마라23ab99ba,0,0,0,0,,,0,0,,128.8567007,35.28452166
마라23ab99bb,0,0,0,0,,,0,0,,128.8567383,35.28677528
마라23ba86ba,0,0,0,0,,,0,0,,128.8574957,35.16730148
마라23ba86bb,0,0,0,0,,,0,0,,128.8575331,35.16955514
마라23ba87aa,0,0,0,0,,,0,0,,128.8575706,35.1718088
마라23ba87ab,0,0,0,0,,,0,0,,128.8576081,35.17406246
마라23ba87ba,0,0,0,0,,,0,0,,128.8576456,35.17631612
마라23ba87bb,0,0,0,0,,,0,0,,128.857683,35.17856978
마라23ba88aa,0,0,0,0,,,0,0,,128.8577205,35.18082344
마라23ba88ab,0,0,0,0,,,0,0,,128.857758,35.1830771
마라23ba88ba,0,0,0,0,,0.0,0,0,,128.8577955,35.18533076
마라23ba88bb,3,0,0,0,,0.0,0,0,,128.857833,35.18758441
마라23ba89aa,7,0,0,0,,11.0,0,0,,128.8578705,35.18983807
마라23ba89ab,0,0,0,0,,,0,0,,128.857908,35.19209172
마라23ba89ba,3,0,0,0,,8.0,0,0,,128.8579455,35.19434538
마라23ba89bb,4,0,0,0,,,0,0,,128.857983,35.19659903
마라23ba90aa,0,0,0,0,,,0,0,,128.8580205,35.19885268
마라23ba90ab,0,0,0,0,,,0,0,,128.858058,35.20110633
마라23ba90ba,0,0,0,0,,,0,0,,128.8580956,35.20335998
마라23ba90bb,0,0,0,0,,,0,0,,128.8581331,35.20561363
마라23ba91aa,0,0,0,0,,,0,0,,128.8581706,35.20786728
마라23ba91ab,0,0,0,0,,,0,0,,128.8582082,35.21012093
마라23ba91ba,0,0,0,0,,,0,0,,128.8582457,35.21237457
마라23ba91bb,0,0,0,0,,,0,0,,128.8582832,35.21462822
마라23ba92aa,4,0,0,0,,,0,0,,128.8583208,35.21688186
마라23ba92ab,0,0,0,0,,0.0,0,0,,128.8583583,35.21913551
마라23ba92ba,39,1,0,1,,246.0,0,0,,128.8583959,35.22138915
마라23ba92bb,2,1,0,0,,81.0,0,0,,128.8584335,35.22364279
마라23ba93aa,0,0,0,0,,,0,0,,128.858471,35.22589643
마라23ba93ab,19,0,0,0,,0.0,0,0,,128.8585086,35.22815007
마라23ba93ba,28,20,0,0,,835.0,0,0,,128.8585462,35.23040371
마라23ba93bb,86,0,1,2,,496.0,209,0,,128.8585838,35.23265735
마라23ba94aa,81,0,0,0,,838.0,0,0,,128.8586213,35.23491099
마라23ba94ab,99,1,0,0,,564.0,0,0,,128.8586589,35.23716463
마라23ba94ba,58,0,0,0,18.0,615.0,0,0,10.8265896,128.8586965,35.23941826
마라23ba94bb,12,0,0,2,,105.0,0,0,,128.8587341,35.2416719
마라23ba95aa,14,0,0,0,,17.0,0,0,,128.8587717,35.24392553
마라23ba95ab,1,0,0,0,,0.0,0,0,,128.8588093,35.24617916
마라23ba95ba,0,0,0,0,,,0,0,,128.8588469,35.2484328
마라23ba95bb,0,0,0,0,,,0,0,,128.8588845,35.25068643
마라23ba96aa,0,0,0,0,,,0,0,,128.8589221,35.25294006
마라23ba96ab,0,0,0,0,,,0,0,,128.8589598,35.25519369
마라23ba96ba,0,0,0,0,,,0,0,,128.8589974,35.25744732
마라23ba96bb,0,0,0,0,,,0,0,,128.859035,35.25970094
마라23ba97aa,0,0,0,0,,,0,0,,128.8590726,35.26195457
마라23ba97ab,0,0,0,0,,,0,0,,128.8591103,35.2642082
마라23ba97ba,1,0,0,0,,,0,0,,128.8591479,35.26646182
마라23ba97bb,0,0,0,0,,,0,0,,128.8591856,35.26871545
마라23ba98aa,69,0,0,0,,53.0,0,0,,128.8592232,35.27096907
마라23ba98ab,37,4,0,0,,9.999999999999998,0,0,,128.8592609,35.27322269
마라23ba98ba,0,0,0,0,,,0,0,,128.8592985,35.27547632
마라23ba98bb,0,0,0,0,,,0,0,,128.8593362,35.27772994
마라23ba99aa,3,0,0,0,,,0,0,,128.8593739,35.27998356
마라23ba99ab,0,0,0,0,,,0,0,,128.8594115,35.28223718
마라23ba99ba,0,0,0,0,,,0,0,,128.8594492,35.2844908
마라23ba99bb,0,0,0,0,,,0,0,,128.8594869,35.28674441
마라23bb86ba,0,0,0,0,,,0,0,,128.8602402,35.16727069
마라23bb86bb,0,0,0,0,,,0,0,,128.8602777,35.16952435
마라23bb87aa,0,0,0,0,,,0,0,,128.8603153,35.17177801
마라23bb87ab,0,0,0,0,,,0,0,,128.8603528,35.17403166
마라23bb87ba,0,0,0,0,,,0,0,,128.8603904,35.17628532
마라23bb87bb,0,0,0,0,,,0,0,,128.8604279,35.17853898
마라23bb88aa,0,0,0,0,,,0,0,,128.8604655,35.18079264
마라23bb88ab,0,0,0,0,,,0,0,,128.860503,35.18304629
마라23bb88ba,1,0,0,0,,0.0,0,0,,128.8605406,35.18529995
마라23bb88bb,0,0,0,0,,0.0,0,0,,128.8605782,35.1875536
마라23bb89aa,2,0,0,0,,12.0,0,0,,128.8606157,35.18980725
마라23bb89ab,3,0,0,0,,0.0,0,0,,128.8606533,35.1920609
마라23bb89ba,0,0,0,0,,,0,0,,128.8606909,35.19431455
마라23bb89bb,1,0,0,0,,0.0,0,0,,128.8607285,35.1965682
마라23bb90aa,3,0,0,0,,19.0,0,0,,128.8607661,35.19882185
마라23bb90ab,0,0,0,0,,,0,0,,128.8608037,35.2010755
마라23bb90ba,1,0,0,0,,,0,0,,128.8608413,35.20332915
마라23bb90bb,0,0,0,0,,,0,0,,128.8608789,35.2055828
마라23bb91aa,0,0,0,0,,,0,0,,128.8609165,35.20783644
마라23bb91ab,0,0,0,0,,,0,0,,128.8609541,35.21009009
마라23bb91ba,0,0,0,0,,0.0,0,0,,128.8609917,35.21234373
마라23bb91bb,0,0,0,0,,,0,0,,128.8610293,35.21459737
마라23bb92aa,10,0,0,0,,48.0,26,0,,128.861067,35.21685102
마라23bb92ab,8,0,0,0,,9.0,0,0,,128.8611046,35.21910466
마라23bb92ba,35,1,0,0,,333.0,0,0,,128.8611422,35.2213583
마라23bb92bb,0,0,0,0,,,0,0,,128.8611799,35.22361194
마라23bb93aa,1,0,0,0,,,0,0,,128.8612175,35.22586557
마라23bb93ab,4,6,0,0,,714.0,0,0,,128.8612551,35.22811921
마라23bb93ba,34,7,0,0,,1441.0,0,0,,128.8612928,35.23037285
마라23bb93bb,33,14,0,2,,1029.0,0,0,,128.8613305,35.23262649
마라23bb94aa,53,16,0,0,,1514.0,0,0,50.09104046,128.8613681,35.23488012
마라23bb94ab,50,6,0,1,,1234.0,0,0,52.37861272,128.8614058,35.23713375
마라23bb94ba,88,4,0,1,24.0,389.0,0,0,,128.8614434,35.23938739
마라23bb94bb,43,0,0,0,,806.0,0,0,38.0,128.8614811,35.24164102
마라23bb95aa,32,0,0,0,,522.0,0,0,24.34465318,128.8615188,35.24389465
마라23bb95ab,14,0,0,0,,212.0,0,0,,128.8615565,35.24614828
마라23bb95ba,1,0,0,0,,,0,0,,128.8615941,35.24840191
마라23bb95bb,0,0,0,0,,,0,0,,128.8616318,35.25065554
마라23bb96aa,0,0,0,0,,,0,0,,128.8616695,35.25290917
마라23bb96ab,0,0,0,0,,,0,0,,128.8617072,35.2551628
마라23bb96ba,0,3,0,8,,0.0,0,0,23.47109827,128.8617449,35.25741642
마라23bb96bb,0,2,0,0,,406.0,0,0,,128.8617826,35.25967005
마라23bb97aa,1,5,0,0,,792.0,0,0,31.34393064,128.8618203,35.26192367
마라23bb97ab,4,4,7,0,,166.0,0,0,11.0,128.861858,35.2641773
마라23bb97ba,23,9,0,0,,1186.0,0,0,,128.8618958,35.26643092
마라23bb97bb,21,7,0,0,,1000.0,0,0,22.43786127,128.8619335,35.26868454
마라23bb98aa,8,9,0,0,,1668.0,0,0,,128.8619712,35.27093816
마라23bb98ab,8,6,0,0,,1555.0,0,0,13.0,128.8620089,35.27319178
마라23bb98ba,0,9,0,0,,,0,0,,128.8620467,35.2754454
마라23bb98bb,0,0,0,0,,,0,0,,128.8620844,35.27769902
마라23bb99aa,11,0,0,0,,,0,0,,128.8621221,35.27995264
마라23bb99ab,0,0,0,0,,,0,0,,128.8621599,35.28220626
마라23bb99ba,0,0,0,0,,,0,0,,128.8621976,35.28445987
마라23bb99bb,0,0,0,0,,,0,0,,128.8622354,35.28671349
마라24aa86ba,0,0,0,0,,,0,0,,128.8629847,35.16723983
마라24aa86bb,0,0,0,0,,,0,0,,128.8630223,35.16949349
마라24aa87aa,0,0,0,0,,,0,0,,128.8630599,35.17174715
마라24aa87ab,1,0,0,0,,0.0,0,0,,128.8630975,35.1740008
마라24aa87ba,0,0,0,0,,,0,0,,128.8631352,35.17625446
마라24aa87bb,0,0,0,0,,0.0,0,0,,128.8631728,35.17850811
마라24aa88aa,1,0,0,0,,,0,0,,128.8632104,35.18076177
마라24aa88ab,0,0,0,0,,,0,0,,128.8632481,35.18301542
마라24aa88ba,0,0,0,0,,,0,0,,128.8632857,35.18526907
마라24aa88bb,2,0,0,0,,6.0,0,0,,128.8633233,35.18752272
마라24aa89aa,0,0,0,0,,0.0,0,0,,128.863361,35.18977637
마라24aa89ab,4,0,0,0,,0.0,19,0,,128.8633987,35.19203002
마라24aa89ba,0,0,0,0,,0.0,0,0,,128.8634363,35.19428367
마라24aa89bb,1,0,0,0,,0.0,0,0,,128.863474,35.19653732
마라24aa90aa,5,0,0,0,,0.0,0,0,,128.8635116,35.19879096
마라24aa90ab,0,0,0,0,,,0,0,,128.8635493,35.20104461
마라24aa90ba,0,0,0,0,,9.0,0,0,,128.863587,35.20329826
마라24aa90bb,2,0,0,0,,0.0,0,0,,128.8636247,35.2055519
마라24aa91aa,0,0,0,0,,,0,0,,128.8636624,35.20780554
마라24aa91ab,0,0,0,0,,0.0,0,0,,128.8637,35.21005918
마라24aa91ba,0,0,0,0,,,0,0,,128.8637377,35.21231283
마라24aa91bb,0,0,0,0,,,0,0,,128.8637754,35.21456647
마라24aa92aa,5,0,0,0,,0.0,0,0,,128.8638131,35.21682011
마라24aa92ab,0,0,0,0,,0.0,0,0,,128.8638508,35.21907374
마라24aa92ba,39,1,0,0,,301.0,0,0,21.0,128.8638885,35.22132738
마라24aa92bb,1,0,0,0,,36.0,0,0,,128.8639263,35.22358102
마라24aa93aa,0,0,0,0,,,0,0,,128.863964,35.22583466
마라24aa93ab,16,5,0,1,,743.0,0,0,37.31358382,128.8640017,35.22808829
마라24aa93ba,20,12,0,0,,2003.0,0,0,,128.8640394,35.23034192
마라24aa93bb,10,12,0,0,,1991.0,0,0,56.73265896,128.8640771,35.23259556
마라24aa94aa,5,11,0,1,,1899.0,0,0,38.68034682,128.8641149,35.23484919
마라24aa94ab,12,10,0,0,,1474.0,0,0,46.90895954,128.8641526,35.23710282
마라24aa94ba,39,8,0,0,,1716.0,0,0,39.71343931,128.8641904,35.23935645
마라24aa94bb,80,0,0,0,,712.0,0,0,,128.8642281,35.24161008
마라24aa95aa,61,0,0,0,,633.0,176,0,7.0,128.8642659,35.24386371
마라24aa95ab,31,8,0,0,,976.0,0,0,,128.8643036,35.24611734
마라24aa95ba,9,9,0,0,,663.0,0,0,20.0,128.8643414,35.24837097
마라24aa95bb,6,0,0,0,,0.0,0,0,,128.8643791,35.25062459
마라24aa96aa,0,1,0,0,,169.0,0,0,23.90751445,128.8644169,35.25287822
마라24aa96ab,14,7,0,0,,827.0,0,0,14.56213873,128.8644547,35.25513184
마라24aa96ba,8,11,0,0,,1268.0,0,0,,128.8644925,35.25738547
마라24aa96bb,18,13,0,0,,1600.0,0,0,,128.8645302,35.25963909
마라24aa97aa,19,5,0,0,,696.0,0,0,,128.864568,35.26189271
마라24aa97ab,22,3,0,1,,461.0,0,0,,128.8646058,35.26414633
마라24aa97ba,2,3,0,1,,457.0,0,0,90.0,128.8646436,35.26639995
마라24aa97bb,32,6,0,1,,1208.0,0,0,,128.8646814,35.26865357
마라24aa98aa,2,7,0,1,,1167.0,386,0,,128.8647192,35.27090719
마라24aa98ab,5,9,0,0,,1038.0,0,0,,128.864757,35.27316081
마라24aa98ba,1,9,0,0,,992.0,0,0,,128.8647948,35.27541443
마라24aa98bb,2,1,0,0,,,0,0,,128.8648326,35.27766804
마라24aa99aa,4,0,0,0,,,0,0,,128.8648704,35.27992166
마라24aa99ab,0,0,0,0,,,0,0,,128.8649083,35.28217527
마라24aa99ba,0,0,0,0,,,0,0,,128.8649461,35.28442889
마라24aa99bb,1,0,0,0,,,0,0,8.0,128.8649839,35.2866825
마라24ab85ab,0,0,0,0,,,0,0,,128.8655408,35.15594063
마라24ab85ba,0,0,0,0,,,0,0,,128.8655785,35.15819429
마라24ab85bb,0,0,0,0,,,0,0,,128.8656161,35.16044795
마라24ab86ba,0,0,0,0,,,0,0,,128.8657292,35.16720892
마라24ab86bb,0,0,0,0,,,0,0,,128.8657669,35.16946257
마라24ab87aa,0,0,0,0,,,0,0,,128.8658046,35.17171623
마라24ab87ab,2,0,0,0,,0.0,0,0,,128.8658423,35.17396988
마라24ab87ba,0,0,0,0,,,0,0,,128.86588,35.17622353
마라24ab87bb,0,0,0,0,,,0,0,,128.8659177,35.17847719
마라24ab88aa,2,0,0,0,,,0,0,,128.8659554,35.18073084
마라24ab88ab,0,0,0,0,,0.0,0,0,,128.8659931,35.18298449
마라24ab88ba,3,0,0,0,,7.000000000000001,0,0,,128.8660308,35.18523814
마라24ab88bb,1,0,0,0,,9.999999999999998,0,0,,128.8660685,35.18749178
마라24ab89aa,11,0,0,0,61.0,6.0,0,0,,128.8661062,35.18974543
마라24ab89ab,3,0,0,0,,9.999999999999998,0,0,,128.866144,35.19199908
마라24ab89ba,0,0,0,0,,0.0,0,0,,128.8661817,35.19425272
마라24ab89bb,1,0,0,0,,0.0,0,0,,128.8662195,35.19650637
마라24ab90aa,2,0,0,0,,0.0,0,0,,128.8662572,35.19876001
마라24ab90ab,0,0,0,0,,0.0,0,0,,128.8662949,35.20101366
마라24ab90ba,0,0,0,0,,,0,0,,128.8663327,35.2032673
마라24ab90bb,3,0,0,0,,7.000000000000001,0,0,,128.8663704,35.20552094
마라24ab91aa,0,0,0,0,,,0,0,,128.8664082,35.20777458
마라24ab91ab,0,0,0,0,,,0,0,,128.866446,35.21002822
마라24ab91ba,0,0,0,0,,,0,0,,128.8664837,35.21228186
마라24ab91bb,1,0,0,0,,,0,0,,128.8665215,35.2145355
마라24ab92aa,0,0,0,0,,,0,0,,128.8665593,35.21678913
마라24ab92ab,0,0,0,0,,,0,0,,128.8665971,35.21904277
마라24ab92ba,34,5,0,0,,242.0,0,0,31.7716763,128.8666349,35.22129641
마라24ab92bb,5,0,0,0,,81.0,0,0,,128.8666726,35.22355004
마라24ab93aa,0,0,0,0,,,0,0,,128.8667104,35.22580367
마라24ab93ab,6,5,0,0,,761.0,0,0,,128.8667482,35.22805731
마라24ab93ba,18,14,0,0,,1666.0,0,0,,128.866786,35.23031094
마라24ab93bb,32,4,0,0,,820.0,0,0,24.0,128.8668238,35.23256457
마라24ab94aa,24,6,0,1,32.0,550.0,0,0,47.14017341,128.8668616,35.2348182
마라24ab94ab,28,5,1,0,,362.0,0,0,27.0,128.8668995,35.23707183
마라24ab94ba,20,7,1,1,,952.0,0,0,19.56358382,128.8669373,35.23932546
마라24ab94bb,34,8,0,0,,1297.0,0,0,,128.8669751,35.24157908
마라24ab95aa,56,4,0,1,,294.0,0,0,,128.8670129,35.24383271
마라24ab95ab,15,9,0,0,,620.0,0,0,42.38439306,128.8670508,35.24608634
마라24ab95ba,0,10,0,0,,2236.0,0,0,18.09248555,128.8670886,35.24833996
마라24ab95bb,5,11,0,1,,1261.0,0,0,19.42485549,128.8671264,35.25059358
마라24ab96aa,13,6,0,0,,1129.0,0,0,18.60982659,128.8671643,35.25284721
마라24ab96ab,25,13,0,0,,1279.9999999999995,0,0,,128.8672021,35.25510083
마라24ab96ba,31,7,0,0,,1538.0,0,0,,128.86724,35.25735445
마라24ab96bb,20,7,0,0,,514.0,0,0,33.61054913,128.8672778,35.25960807
마라24ab97aa,34,0,0,5,16.0,186.0,0,0,,128.8673157,35.26186169
마라24ab97ab,9,11,0,0,,2099.0,0,0,,128.8673536,35.26411531
마라24ab97ba,9,17,0,0,,2745.0,0,0,,128.8673914,35.26636893
마라24ab97bb,6,18,0,0,,3253.0,0,0,,128.8674293,35.26862254
마라24ab98aa,5,11,0,0,,2284.0,0,0,,128.8674672,35.27087616
마라24ab98ab,1,15,0,0,,2012.0,0,0,,128.8675051,35.27312977
마라24ab98ba,12,10,0,0,,834.0,0,0,,128.8675429,35.27538339
마라24ab98bb,0,0,0,0,,,0,0,,128.8675808,35.277637
마라24ab99aa,0,0,0,0,,,0,0,,128.8676187,35.27989061
마라24ab99ab,0,0,0,0,,,0,0,,128.8676566,35.28214423
마라24ab99ba,5,4,0,0,,0.0,0,0,,128.8676945,35.28439784
마라24ab99bb,0,0,0,0,,0.0,0,0,,128.8677324,35.28665145
마라24ba85aa,0,0,0,0,,,0,0,,128.8682472,35.15365601
마라24ba85ab,0,0,0,0,,,0,0,,128.8682849,35.15590966
마라24ba85ba,0,0,0,0,,,0,0,,128.8683227,35.15816332
마라24ba85bb,0,0,0,0,,,0,0,,128.8683604,35.16041698
마라24ba86ba,0,0,0,0,,,0,0,,128.8684737,35.16717794
마라24ba86bb,0,0,0,0,,,0,0,,128.8685114,35.16943159
마라24ba87aa,10,0,0,0,,15.0,0,0,,128.8685492,35.17168525
마라24ba87ab,2,0,0,0,,7.000000000000001,0,0,,128.868587,35.1739389
마라24ba87ba,1,0,0,0,,0.0,0,0,,128.8686247,35.17619255
마라24ba87bb,0,0,0,0,,0.0,0,0,,128.8686625,35.1784462
마라24ba88aa,0,0,0,0,,,0,0,,128.8687003,35.18069984
마라24ba88ab,1,0,0,0,,9.0,0,0,,128.8687381,35.18295349
마라24ba88ba,4,0,0,0,,21.0,0,0,,128.8687759,35.18520714
마라24ba88bb,0,0,0,0,,0.0,0,0,,128.8688137,35.18746078
마라24ba89aa,8,0,0,0,,0.0,0,0,,128.8688515,35.18971443
마라24ba89ab,2,0,0,0,,0.0,0,0,,128.8688893,35.19196807
마라24ba89ba,1,0,0,0,,0.0,0,0,,128.8689271,35.19422172
마라24ba89bb,0,0,0,0,,,0,0,,128.8689649,35.19647536
마라24ba90aa,1,0,0,0,,12.0,0,0,,128.8690027,35.198729
마라24ba90ab,0,0,0,0,,0.0,0,0,,128.8690406,35.20098264
마라24ba90ba,0,0,0,0,,,0,0,,128.8690784,35.20323628
마라24ba90bb,0,0,0,0,,,0,0,,128.8691162,35.20548992
마라24ba91aa,0,0,0,0,,,0,0,,128.8691541,35.20774356
마라24ba91ab,0,0,0,0,,,0,0,,128.8691919,35.20999719
마라24ba91ba,5,0,0,0,,,0,0,,128.8692297,35.21225083
마라24ba91bb,2,0,0,1,,0.0,20,0,,128.8692676,35.21450447
마라24ba92aa,15,0,0,0,,37.0,0,0,,128.8693054,35.2167581
마라24ba92ab,20,0,0,0,,17.0,0,0,,128.8693433,35.21901173
마라24ba92ba,16,1,0,0,,134.0,0,0,,128.8693812,35.22126537
마라24ba92bb,18,0,0,1,,204.0,0,0,14.0,128.869419,35.223519
마라24ba93aa,0,0,0,0,,0.0,0,0,,128.8694569,35.22577263
마라24ba93ab,12,1,0,0,,472.0,0,0,,128.8694948,35.22802626
마라24ba93ba,22,4,1,0,,527.0,0,0,,128.8695326,35.23027989
마라24ba93bb,11,6,0,1,,1059.0,0,0,,128.8695705,35.23253352
마라24ba94aa,3,10,0,2,,1211.0,0,0,,128.8696084,35.23478714
마라24ba94ab,8,10,0,1,,1238.0,0,0,,128.8696463,35.23704077
마라24ba94ba,21,12,0,1,,1397.0,0,0,12.40606936,128.8696842,35.2392944
마라24ba94bb,3,5,5,0,,542.0,0,0,,128.8697221,35.24154802
마라24ba95aa,2,0,0,0,,18.0,0,3,,128.86976,35.24380164
마라24ba95ab,0,0,0,0,,0.0,0,0,13.0,128.8697979,35.24605527
마라24ba95ba,41,0,0,0,,145.0,0,0,36.0,128.8698358,35.24830889
마라24ba95bb,34,0,0,1,,286.0,0,0,13.97037572,128.8698737,35.25056251
마라24ba96aa,19,5,0,1,,850.0,0,0,,128.8699116,35.25281613
마라24ba96ab,23,8,1,0,,1091.0,0,0,,128.8699496,35.25506975
마라24ba96ba,14,10,1,0,,722.0,0,0,,128.8699875,35.25732337
마라24ba96bb,24,7,0,0,,1072.0,0,0,37.43641618,128.8700254,35.25957699
마라24ba97aa,80,3,0,0,58.0,244.0,0,0,,128.8700634,35.2618306
마라24ba97ab,33,10,0,0,,1704.0,0,0,,128.8701013,35.26408422
마라24ba97ba,7,14,0,0,,2169.0,0,0,,128.8701393,35.26633784
마라24ba97bb,10,11,0,0,,1493.0,0,0,,128.8701772,35.26859145
마라24ba98aa,3,0,0,0,,,0,0,,128.8702152,35.27084506
마라24ba98ab,6,0,0,0,,20.0,0,0,,128.8702531,35.27309868
마라24ba98ba,2,0,0,0,,,0,0,,128.8702911,35.27535229
마라24ba98bb,0,0,0,0,,,0,0,,128.870329,35.2776059
마라24ba99aa,0,0,0,0,,,0,0,,128.870367,35.27985951
마라24ba99ab,0,0,0,0,,,0,0,,128.870405,35.28211312
마라24ba99ba,0,0,0,0,,,0,0,,128.870443,35.28436672
마라24ba99bb,0,0,0,0,,,0,0,,128.8704809,35.28662033
마라24bb84bb,0,0,0,0,,,0,0,,128.8709534,35.15137132
마라24bb85aa,0,0,0,0,,,0,0,,128.8709912,35.15362498
마라24bb85ab,1,0,0,0,,,0,0,,128.871029,35.15587864
마라24bb85ba,0,0,0,0,,,0,0,,128.8710668,35.15813229
마라24bb85bb,0,0,0,0,,,0,0,,128.8711047,35.16038594
마라24bb86aa,0,0,0,0,,,0,0,,128.8711425,35.1626396
마라24bb86ab,0,0,0,0,,,0,0,,128.8711803,35.16489325
마라24bb86ba,0,0,0,0,,,1,0,,128.8712182,35.1671469
마라24bb86bb,0,0,0,0,,,0,0,,128.871256,35.16940055
마라24bb87aa,1,0,0,0,,,0,0,,128.8712938,35.1716542
마라24bb87ab,0,0,0,0,,,0,0,,128.8713317,35.17390785
마라24bb87ba,1,0,0,0,,,0,0,,128.8713695,35.1761615
마라24bb87bb,1,0,0,0,,0.0,0,0,,128.8714074,35.17841514
마라24bb88aa,1,0,0,0,,,0,0,,128.8714453,35.18066879
마라24bb88ab,1,0,0,0,,,0,0,,128.8714831,35.18292243
마라24bb88ba,1,0,0,0,,,0,0,,128.871521,35.18517608
마라24bb88bb,0,0,0,0,,,0,0,,128.8715589,35.18742972
마라24bb89aa,0,0,0,0,,,0,0,,128.8715967,35.18968336
마라24bb89ab,1,0,0,0,,,0,0,,128.8716346,35.19193701
마라24bb89ba,0,0,0,0,,,0,0,,128.8716725,35.19419065
마라24bb89bb,1,0,0,0,,0.0,0,0,,128.8717104,35.19644429
마라24bb90aa,0,0,0,0,,,0,0,,128.8717483,35.19869792
마라24bb90ab,0,0,0,0,,,0,0,,128.8717862,35.20095156
마라24bb90ba,0,0,0,0,,,0,0,,128.8718241,35.2032052
마라24bb90bb,6,0,0,0,,,0,0,,128.871862,35.20545884
마라24bb91aa,1,0,0,0,,0.0,0,0,,128.8718999,35.20771247
마라24bb91ab,0,0,0,0,,0.0,0,0,,128.8719378,35.20996611
마라24bb91ba,9,0,0,0,,11.0,0,0,,128.8719757,35.21221974
마라24bb91bb,5,0,0,0,,9.999999999999998,0,0,,128.8720137,35.21447337
마라24bb92aa,1,0,0,0,,,0,0,,128.8720516,35.216727
마라24bb92ab,3,0,0,0,,13.0,0,0,,128.8720895,35.21898063
마라24bb92ba,17,0,0,0,36.0,57.0,0,0,,128.8721275,35.22123426
마라24bb92bb,47,11,0,0,,822.0,0,0,19.53034682,128.8721654,35.22348789
마라24bb93aa,33,3,0,0,,407.0,0,0,20.0,128.8722033,35.22574152
마라24bb93ab,14,0,0,0,,59.0,0,0,,128.8722413,35.22799515
마라24bb93ba,3,0,0,0,,25.0,0,0,,128.8722792,35.23024878
마라24bb93bb,5,2,0,0,,493.0,0,0,53.13078035,128.8723172,35.2325024
마라24bb94aa,12,4,0,0,,253.0,0,0,,128.8723552,35.23475603
마라24bb94ab,3,0,0,1,,,0,0,,128.8723931,35.23700965
마라24bb94ba,3,2,0,0,,149.0,0,0,17.28323699,128.8724311,35.23926327
마라24bb94bb,10,0,0,1,,,0,0,,128.8724691,35.2415169
마라24bb95aa,10,1,0,0,,200.0,0,0,26.0,128.8725071,35.24377052
마라24bb95ab,50,5,1,0,,1039.0,0,0,27.0,128.872545,35.24602414
마라24bb95ba,70,2,0,0,,406.0,0,0,35.0,128.872583,35.24827776
마라24bb95bb,41,8,0,0,,874.0,164,0,,128.872621,35.25053138
마라24bb96aa,11,12,0,0,,1073.0,0,0,30.85982659,128.872659,35.25278499
마라24bb96ab,15,13,0,0,,1545.0,0,0,27.0,128.872697,35.25503861
마라24bb96ba,16,8,0,0,,119.0,0,0,,128.872735,35.25729223
마라24bb96bb,52,1,0,0,,338.0,0,0,16.87427746,128.872773,35.25954584
마라24bb97aa,43,1,0,0,,529.0,0,0,,128.872811,35.26179946
마라24bb97ab,66,0,0,0,,540.0,0,0,,128.8728491,35.26405307
마라24bb97ba,5,0,0,3,,130.0,0,0,,128.8728871,35.26630668
마라24bb97bb,0,9,0,0,,,0,0,,128.8729251,35.26856029
마라24bb98aa,0,2,0,5,,9.999999999999998,0,0,,128.8729631,35.2708139
마라24bb98ab,0,0,0,0,,,0,0,,128.8730012,35.27306751
마라24bb98ba,0,0,0,0,,,0,0,,128.8730392,35.27532112
마라24bb98bb,0,0,0,0,,,0,0,,128.8730772,35.27757473
마라24bb99aa,0,0,0,0,,,0,0,,128.8731153,35.27982834
마라24bb99ab,0,0,0,0,,,0,0,,128.8731533,35.28208195
마라24bb99ba,0,0,0,0,,,0,0,,128.8731914,35.28433555
마라24bb99bb,0,0,0,0,,,0,0,,128.8732295,35.28658916
마라25aa84bb,0,0,0,0,,,0,0,,128.8736973,35.15134024
마라25aa85aa,0,0,0,0,,,0,0,,128.8737352,35.15359389
마라25aa85ab,0,0,0,0,,,0,0,,128.8737731,35.15584755
마라25aa85ba,0,0,0,0,,,0,0,,128.873811,35.1581012
마라25aa85bb,0,0,0,0,,,0,0,,128.8738489,35.16035485
마라25aa86aa,0,0,0,0,,0.0,0,0,,128.8738868,35.1626085
마라25aa86ab,0,0,0,0,,,0,0,,128.8739247,35.16486215
마라25aa86ba,0,0,0,0,,,0,0,,128.8739626,35.1671158
마라25aa86bb,0,0,0,0,,,0,0,,128.8740005,35.16936945
마라25aa87aa,0,0,0,0,,,0,0,24.43641618,128.8740385,35.17162309
마라25aa87ab,0,0,0,0,,,0,0,,128.8740764,35.17387674
마라25aa87ba,0,0,0,0,,,0,0,,128.8741143,35.17613038
마라25aa87bb,0,0,0,0,,,0,0,,128.8741522,35.17838403
마라25aa88aa,0,0,0,0,,,0,0,,128.8741902,35.18063767
마라25aa88ab,1,0,0,0,,,0,0,,128.8742281,35.18289131
마라25aa88ba,1,0,0,0,,0.0,0,0,,128.8742661,35.18514496
마라25aa88bb,1,0,0,0,,0.0,0,0,,128.874304,35.1873986
마라25aa89aa,1,0,0,0,,0.0,0,0,,128.874342,35.18965224
마라25aa89ab,1,0,0,0,,,0,0,,128.8743799,35.19190588
마라25aa89ba,0,0,0,0,,,0,0,,128.8744179,35.19415951
마라25aa89bb,0,0,0,0,,,0,0,,128.8744559,35.19641315
마라25aa90ba,0,0,0,0,,,0,0,,128.8745698,35.20317406
마라25aa90bb,0,0,0,0,,9.999999999999998,0,0,,128.8746078,35.20542769
마라25aa91aa,0,0,0,0,,,0,0,,128.8746458,35.20768132
마라25aa91ab,0,0,0,0,,,0,0,,128.8746837,35.20993495
마라25aa91ba,0,0,0,0,,,0,0,,128.8747217,35.21218859
마라25aa91bb,0,0,0,0,,,0,0,,128.8747597,35.21444222
마라25aa92aa,0,0,0,0,,,0,0,,128.8747977,35.21669585
마라25aa92ab,8,0,0,0,,8.0,0,0,,128.8748357,35.21894947
마라25aa92ba,4,0,0,0,,22.0,0,0,21.0,128.8748738,35.2212031
마라25aa92bb,22,6,0,1,,991.0,0,1,27.0,128.8749118,35.22345673
마라25aa93aa,44,3,1,0,,529.0,0,0,21.81141618,128.8749498,35.22571035
마라25aa93ab,15,2,0,0,,349.0,0,0,,128.8749878,35.22796398
마라25aa93ba,6,0,0,0,,,0,1,,128.8750259,35.2302176
마라25aa93bb,20,2,0,0,,356.0,0,0,,128.8750639,35.23247123
마라25aa94aa,14,8,0,0,54.0,302.0,0,0,,128.8751019,35.23472485
마라25aa94ab,3,13,0,0,,408.0,0,0,,128.87514,35.23697847
마라25aa94ba,17,1,0,1,42.0,179.0,0,0,13.0,128.875178,35.23923209
마라25aa94bb,1,0,0,0,,9.999999999999998,0,0,,128.8752161,35.24148571
마라25aa95aa,1,1,0,0,,78.0,0,0,,128.8752541,35.24373933
마라25aa95ab,14,17,0,0,,1293.0,0,0,,128.8752922,35.24599295
마라25aa95ba,19,5,1,0,,590.0,0,0,21.90751445,128.8753302,35.24824656
마라25aa95bb,8,8,0,1,,917.0,0,0,28.6632948,128.8753683,35.25050018
마라25aa96aa,4,2,0,0,,255.0,0,0,,128.8754064,35.25275379
마라25aa96ab,3,0,0,1,,0.0,0,0,,128.8754445,35.25500741
마라25aa96ba,0,0,0,0,,,0,0,32.65606936,128.8754825,35.25726102
마라25aa96bb,2,1,0,0,,,0,0,,128.8755206,35.25951463
마라25aa97aa,7,0,0,0,,420.0,0,0,,128.8755587,35.26176825
마라25aa97ab,19,0,0,0,,285.0,0,0,,128.8755968,35.26402186
마라25aa97ba,1,0,0,1,,,0,0,,128.8756349,35.26627547
마라25aa97bb,0,0,0,0,,,0,0,,128.875673,35.26852908
마라25aa98aa,0,1,0,0,,,0,0,,128.8757111,35.27078268
마라25aa98ab,0,0,0,0,,,0,0,,128.8757492,35.27303629
마라25aa98ba,0,0,0,0,,,0,0,,128.8757873,35.2752899
마라25aa98bb,0,0,0,0,,,0,0,,128.8758254,35.2775435
마라25aa99aa,0,0,0,0,,,0,0,,128.8758636,35.27979711
마라25aa99ab,0,0,0,0,,,0,0,,128.8759017,35.28205071
마라25aa99ba,0,0,0,0,,,0,0,,128.8759398,35.28430432
마라25aa99bb,0,0,0,0,,,0,0,,128.875978,35.28655792
마라25ab84bb,0,0,0,0,,,0,0,,128.8764413,35.1513091
마라25ab85aa,0,0,0,0,,,0,0,,128.8764792,35.15356275
마라25ab85ba,0,0,0,0,,,0,0,,128.8765552,35.15807005
마라25ab85bb,0,0,0,0,,,0,0,,128.8765932,35.1603237
마라25ab86aa,0,0,0,0,,,0,0,,128.8766311,35.16257734
마라25ab86ab,0,0,0,0,,,0,0,,128.8766691,35.16483099
마라25ab86ba,0,0,0,0,,,0,0,,128.8767071,35.16708464
마라25ab86bb,0,0,0,0,,,0,0,,128.8767451,35.16933828
마라25ab87aa,0,0,0,0,,,0,0,,128.8767831,35.17159192
마라25ab87ab,0,0,0,0,,,0,0,,128.8768211,35.17384557
마라25ab87ba,0,0,0,0,,,0,0,,128.8768591,35.17609921
마라25ab87bb,0,0,0,0,,,0,0,,128.8768971,35.17835285
마라25ab88aa,1,0,0,0,,,0,0,,128.8769351,35.18060649
마라25ab88ab,3,0,0,0,,0.0,0,0,,128.8769731,35.18286013
마라25ab88ba,0,0,0,0,,0.0,0,0,,128.8770112,35.18511377
마라25ab88bb,1,0,0,0,,,0,0,,128.8770492,35.18736741
마라25ab89aa,0,0,0,0,,,0,0,,128.8770872,35.18962105
마라25ab89ab,0,0,0,0,,0.0,0,0,,128.8771252,35.19187468
마라25ab89ba,0,0,0,0,,,0,0,,128.8771633,35.19412832
마라25ab91aa,0,0,0,0,,,0,0,,128.8773916,35.20765011
마라25ab91ab,5,0,0,0,,0.0,0,0,,128.8774297,35.20990374
마라25ab91ba,0,0,0,0,,,0,0,,128.8774677,35.21215737
마라25ab91bb,1,0,0,0,,0.0,0,0,,128.8775058,35.214411
마라25ab92aa,13,0,0,0,,41.0,0,0,,128.8775439,35.21666462
마라25ab92ab,3,1,0,0,20.0,34.0,0,0,,128.877582,35.21891825
마라25ab92ba,2,0,0,0,,,0,0,,128.8776201,35.22117188
마라25ab92bb,8,1,0,0,,448.00000000000006,0,0,,128.8776581,35.2234255
마라25ab93aa,39,7,0,0,,520.0,0,0,,128.8776962,35.22567912
마라25ab93ab,81,3,0,0,,568.0,45,0,,128.8777343,35.22793274
마라25ab93ba,12,0,0,0,,114.0,0,0,32.7765896,128.8777724,35.23018637
마라25ab93bb,68,1,0,1,,183.0,0,0,,128.8778106,35.23243999
마라25ab94aa,36,1,0,0,,13.0,0,0,,128.8778487,35.23469361
마라25ab94ab,14,2,0,0,,406.0,0,0,,128.8778868,35.23694722
마라25ab94ba,45,0,0,1,27.0,350.0,20,0,27.95375723,128.8779249,35.23920084
마라25ab94bb,30,6,0,0,,527.0,0,0,34.23482659,128.877963,35.24145446
마라25ab95aa,2,0,0,0,,44.0,0,0,,128.8780012,35.24370808
마라25ab95ab,7,5,0,0,,147.0,0,0,,128.8780393,35.24596169
마라25ab95ba,5,0,0,0,,0.0,0,0,,128.8780774,35.24821531
마라25ab95bb,0,0,0,0,,,0,0,,128.8781156,35.25046892
마라25ab96aa,0,0,0,0,,,0,0,,128.8781537,35.25272253
마라25ab96ab,0,0,0,0,,,0,0,,128.8781919,35.25497614
마라25ab96ba,0,0,0,0,,,0,0,,128.87823,35.25722975
마라25ab96bb,1,0,0,0,,,0,1,27.53612717,128.8782682,35.25948336
마라25ab97aa,2,0,0,0,,,0,0,,128.8783064,35.26173697
마라25ab97ab,0,0,0,0,,,0,0,,128.8783445,35.26399058
마라25ab97ba,0,0,0,0,,,0,0,,128.8783827,35.26624419
마라25ab97bb,0,0,0,0,,,0,0,,128.8784209,35.2684978
마라25ab98aa,0,0,0,0,,,0,0,,128.8784591,35.2707514
마라25ab98ab,0,0,0,0,,,0,0,,128.8784972,35.27300501
마라25ab98ba,0,0,0,0,,,0,0,,128.8785354,35.27525861
마라25ab98bb,0,0,0,0,,,0,0,,128.8785736,35.27751221
마라25ab99aa,0,0,0,0,,,0,0,,128.8786118,35.27976581
마라25ab99ab,0,0,0,0,,,0,0,,128.87865,35.28201942
마라25ab99ba,0,0,0,0,,,0,0,,128.8786882,35.28427302
마라25ab99bb,0,0,0,0,,,0,0,,128.8787265,35.28652662
마라25ba85bb,0,0,0,0,,,0,0,,128.8793374,35.16029248
마라25ba86aa,0,0,0,0,,,0,0,,128.8793755,35.16254612
마라25ba86ab,0,0,0,0,,,0,0,,128.8794135,35.16479977
마라25ba86bb,0,0,0,0,,,0,0,,128.8794896,35.16930705
마라25ba87aa,0,0,0,0,,,0,0,,128.8795277,35.17156069
마라25ba87ab,0,0,0,0,,,0,0,,128.8795658,35.17381433
마라25ba87ba,0,0,0,0,,,0,0,,128.8796039,35.17606797
마라25ba87bb,0,0,0,0,,,0,0,,128.879642,35.17832161
마라25ba88aa,1,0,0,0,,0.0,0,0,,128.87968,35.18057525
마라25ba88ab,1,0,0,0,,,0,0,,128.8797181,35.18282889
마라25ba88ba,2,0,0,0,,0.0,0,0,,128.8797562,35.18508252
마라25ba91ab,0,0,0,0,,,0,0,,128.8801756,35.20987247
마라25ba91ba,0,0,0,0,,,0,0,,128.8802137,35.21212609
마라25ba91bb,0,0,0,0,,9.0,0,0,,128.8802519,35.21437972
마라25ba92aa,2,0,0,0,,,0,0,,128.88029,35.21663334
마라25ba92ab,0,0,0,0,,9.999999999999998,0,0,,128.8803282,35.21888696
마라25ba92ba,0,0,0,0,,0.0,0,0,,128.8803663,35.22114059
마라25ba92bb,8,0,0,0,,,0,0,14.0,128.8804045,35.22339421
마라25ba93aa,19,3,0,0,,28.000000000000004,0,0,,128.8804427,35.22564783
마라25ba93ab,101,1,0,0,,381.0,0,0,,128.8804809,35.22790145
마라25ba93ba,143,2,0,0,,386.0,0,0,,128.880519,35.23015507
마라25ba93bb,106,10,0,0,,287.0,0,0,,128.8805572,35.23240869
마라25ba94aa,100,5,0,1,,161.0,7,0,,128.8805954,35.2346623
마라25ba94ab,73,1,0,1,,204.0,0,0,,128.8806336,35.23691592
마라25ba94ba,62,0,0,0,,241.0,0,0,8.953757225,128.8806718,35.23916953
마라25ba94bb,9,0,0,1,,443.0,0,0,,128.88071,35.24142315
마라25ba95aa,5,2,0,0,,237.0,0,0,,128.8807482,35.24367676
마라25ba95ab,0,0,0,0,,,0,0,17.5,128.8807864,35.24593037
마라25ba95ba,0,0,0,0,,,0,0,,128.8808246,35.24818399
마라25ba95bb,0,0,0,0,,,0,0,,128.8808629,35.2504376
마라25ba96aa,0,0,0,0,,,0,0,,128.8809011,35.25269121
마라25ba96ab,0,0,0,0,,,0,0,,128.8809393,35.25494482
마라25ba96ba,0,0,0,0,,,0,0,,128.8809775,35.25719842
마라25ba96bb,0,0,0,0,,,0,0,70.0,128.8810158,35.25945203
마라25ba97aa,0,0,0,0,,,0,0,,128.881054,35.26170564
마라25ba97ab,0,0,0,0,,,0,0,,128.8810923,35.26395924
마라25ba97ba,0,0,0,0,,,0,0,,128.8811305,35.26621285
마라25ba97bb,0,0,0,0,,,0,0,,128.8811688,35.26846645
마라25ba98aa,0,0,0,0,,,0,0,,128.881207,35.27072006
마라25ba98ab,0,0,0,0,,,0,0,,128.8812453,35.27297366
마라25ba98ba,0,0,0,0,,,0,0,,128.8812836,35.27522726
마라25ba98bb,0,0,0,0,,,0,0,,128.8813218,35.27748086
마라25ba99aa,0,0,0,0,,,0,0,,128.8813601,35.27973446
마라25ba99ab,0,0,0,0,,,0,0,,128.8813984,35.28198806
마라25ba99ba,5,0,0,0,,,0,0,,128.8814367,35.28424166
마라25ba99bb,4,0,0,0,,,0,0,,128.8814749,35.28649525
마라25bb85ba,0,0,0,0,,,0,0,,128.8820435,35.15800755
마라25bb85bb,0,0,0,0,,,0,0,,128.8820816,35.1602612
마라25bb86aa,0,0,0,0,,,0,0,,128.8821198,35.16251484
마라25bb87aa,0,0,0,0,,,0,0,,128.8822723,35.1715294
마라25bb88aa,0,0,0,0,,,0,0,,128.882425,35.18054395
마라25bb88ab,0,0,0,0,,,0,0,,128.8824631,35.18279758
마라25bb91ab,0,0,0,0,,,0,0,,128.8829215,35.20984113
마라25bb91ba,0,0,0,0,,,0,0,,128.8829597,35.21209475
마라25bb91bb,0,0,0,0,,,0,0,,128.8829979,35.21434837
마라25bb92aa,0,0,0,0,,,0,0,,128.8830362,35.216602
마라25bb92ab,0,0,0,0,,,0,0,,128.8830744,35.21885562
마라25bb92ba,0,0,0,0,,,0,0,,128.8831126,35.22110924
마라25bb92bb,3,0,0,0,,,0,0,11.0,128.8831509,35.22336286
마라25bb93aa,7,4,2,0,,1424.0,0,1,,128.8831891,35.22561647
마라25bb93ab,89,4,0,0,,905.0,0,0,,128.8832274,35.22787009
마라25bb93ba,114,2,0,2,,163.0,0,0,25.09248555,128.8832656,35.23012371
마라25bb93bb,81,5,0,1,,281.0,0,0,44.41112717,128.8833039,35.23237732
마라25bb94aa,151,3,0,1,185.0,171.0,0,0,,128.8833422,35.23463094
마라25bb94ab,61,4,0,1,28.0,301.0,48,0,,128.8833804,35.23688455
마라25bb94ba,28,1,0,1,,334.0,0,0,29.89306358,128.8834187,35.23913816
마라25bb94bb,35,3,0,0,,554.0,0,0,,128.883457,35.24139177
마라25bb95aa,14,5,0,0,,362.0,0,0,,128.8834953,35.24364539
마라25bb95ab,1,0,0,0,,0.0,0,0,,128.8835335,35.245899
마라25bb95ba,0,0,0,0,,,0,0,,128.8835718,35.2481526
마라25bb95bb,0,0,0,0,,,0,0,,128.8836101,35.25040621
마라25bb96aa,0,0,0,0,,,0,0,,128.8836484,35.25265982
마라25bb96ab,0,0,0,0,,,0,0,,128.8836867,35.25491343
마라25bb96ba,0,0,0,0,,,0,0,,128.883725,35.25716703
마라25bb96bb,0,0,0,0,,,0,0,,128.8837634,35.25942064
마라25bb97aa,0,0,0,0,,,0,0,,128.8838017,35.26167424
마라25bb97ab,0,0,0,0,,,0,0,,128.88384,35.26392784
마라25bb97ba,0,0,0,0,,,0,0,,128.8838783,35.26618145
마라25bb97bb,0,0,0,0,,,0,0,,128.8839166,35.26843505
마라25bb98aa,0,0,0,0,,,0,0,,128.883955,35.27068865
마라25bb98ab,0,0,0,0,,,0,0,,128.8839933,35.27294225
마라25bb98ba,0,0,0,0,,,0,0,,128.8840317,35.27519585
마라25bb98bb,0,0,0,0,,,0,0,,128.88407,35.27744944
마라25bb99aa,0,0,0,0,,,0,0,,128.8841084,35.27970304
마라25bb99ab,11,0,0,0,,0.0,0,0,,128.8841467,35.28195664
마라25bb99ba,13,0,0,0,,14.0,0,0,,128.8841851,35.28421023
마라25bb99bb,18,0,0,0,,7.000000000000001,0,0,,128.8842234,35.28646383
마라26aa91bb,3,0,0,0,,,0,0,,128.885744,35.21431697
마라26aa92aa,1,0,0,0,,,0,0,47.0,128.8857823,35.21657059
마라26aa92ab,2,1,0,0,,,0,0,,128.8858206,35.21882421
마라26aa92ba,0,0,0,0,,,0,0,,128.8858589,35.22107782
마라26aa92bb,1,0,0,0,,,0,0,21.9833815,128.8858972,35.22333144
마라26aa93aa,3,2,0,0,244.0,342.0,0,0,16.03323699,128.8859356,35.22558506
마라26aa93ab,79,8,1,1,,207.0,132,0,,128.8859739,35.22783867
마라26aa93ba,80,5,0,2,,315.0,0,0,21.09248555,128.8860122,35.23009228
마라26aa93bb,19,1,0,1,,322.0,0,0,32.0,128.8860506,35.2323459
마라26aa94aa,51,1,0,0,,276.0,0,0,,128.8860889,35.23459951
마라26aa94ab,12,1,0,1,,224.0,0,0,,128.8861272,35.23685312
마라26aa94ba,33,7,1,0,,756.0,0,0,18.20375723,128.8861656,35.23910673
마라26aa94bb,14,12,0,0,,834.0,0,0,,128.8862039,35.24136034
마라26aa95aa,8,0,0,0,,6.0,0,0,,128.8862423,35.24361395
마라26aa95ab,0,0,0,0,,0.0,0,0,,128.8862807,35.24586755
마라26aa95ba,0,0,0,0,,,0,0,,128.886319,35.24812116
마라26aa95bb,0,0,0,0,,,0,0,,128.8863574,35.25037477
마라26aa96aa,0,0,0,0,,,0,0,,128.8863958,35.25262837
마라26aa96ab,0,0,0,0,,,0,0,,128.8864342,35.25488197
마라26aa96ba,0,0,0,0,,,0,0,,128.8864725,35.25713558
마라26aa96bb,0,0,0,0,,,0,0,,128.8865109,35.25938918
마라26aa97aa,0,0,0,0,,,0,0,,128.8865493,35.26164278
마라26aa97ab,0,0,0,0,,,0,0,,128.8865877,35.26389638
마라26aa97ba,0,0,0,0,,,0,0,,128.8866261,35.26614998
마라26aa97bb,0,0,0,0,,,0,0,,128.8866645,35.26840358
마라26aa98aa,0,0,0,0,,,0,0,,128.8867029,35.27065718
마라26aa98ab,0,0,0,0,,0.0,0,0,,128.8867413,35.27291077
마라26aa98ba,4,0,0,0,,8.0,0,0,,128.8867798,35.27516437
마라26aa98bb,8,0,0,0,,13.0,0,0,,128.8868182,35.27741797
마라26aa99aa,33,0,0,0,,0.0,0,0,,128.8868566,35.27967156
마라26aa99ab,7,1,0,0,,0.0,0,0,,128.886895,35.28192515
마라26aa99ba,10,0,0,0,,,0,0,,128.8869335,35.28417875
마라26aa99bb,2,0,0,0,,0.0,0,0,,128.8869719,35.28643234
마라26ab91bb,7,3,0,0,,31.0,0,0,,128.88849,35.2142855
마라26ab92aa,16,4,0,0,,19.0,0,0,,128.8885284,35.21653912
마라26ab92ab,2,0,0,0,,0.0,0,0,,128.8885668,35.21879273
마라26ab92ba,0,0,0,0,,,0,0,,128.8886052,35.22104635
마라26ab92bb,0,0,0,0,,0.0,0,0,,128.8886436,35.22329996
마라26ab93aa,1,0,0,0,455.0,0.0,0,0,35.0,128.888682,35.22555357
마라26ab93ab,27,0,1,1,,108.0,0,1,,128.8887204,35.22780719
마라26ab93ba,22,4,0,0,,765.0,0,0,33.74855491,128.8887588,35.2300608
마라26ab93bb,6,5,0,2,,577.0,0,0,37.0,128.8887972,35.23231441
마라26ab94aa,30,5,0,0,,478.0,0,0,38.20447977,128.8888356,35.23456802
마라26ab94ab,21,6,0,0,,713.0,0,0,,128.8888741,35.23682163
마라26ab94ba,16,1,0,0,,480.0,0,0,32.61560694,128.8889125,35.23907523
마라26ab94bb,1,1,0,0,,65.0,0,0,,128.8889509,35.24132884
마라26ab95aa,0,0,0,0,,0.0,0,0,,128.8889893,35.24358245
마라26ab95ab,4,0,0,0,,0.0,0,0,,128.8890278,35.24583605
마라26ab95ba,2,0,0,0,,0.0,0,0,,128.8890662,35.24808965
마라26ab95bb,0,0,0,0,,,0,0,,128.8891047,35.25034326
마라26ab96aa,0,0,0,0,,,0,0,14.61849711,128.8891431,35.25259686
마라26ab96ab,0,0,0,0,,,0,0,,128.8891816,35.25485046
마라26ab96ba,0,0,0,0,,,0,0,,128.88922,35.25710406
마라26ab96bb,0,0,0,0,,,0,0,,128.8892585,35.25935766
마라26ab97aa,0,0,0,0,,,0,0,,128.889297,35.26161126
마라26ab97ab,0,0,0,0,,,0,0,,128.8893354,35.26386486
마라26ab97ba,0,0,0,0,,,0,0,,128.8893739,35.26611845
마라26ab97bb,0,0,0,0,,,0,0,,128.8894124,35.26837205
마라26ab98aa,0,0,0,0,,,0,0,,128.8894509,35.27062565
마라26ab98ab,0,0,0,0,,,0,0,,128.8894894,35.27287924
마라26ab98ba,18,0,0,0,,19.0,0,0,,128.8895279,35.27513283
마라26ab98bb,14,0,0,0,,0.0,0,0,,128.8895664,35.27738643
마라26ab99aa,2,1,0,0,,0.0,0,0,,128.8896049,35.27964002
마라26ab99ab,4,0,0,0,,0.0,0,0,,128.8896434,35.28189361
마라26ab99ba,0,0,0,0,,17.0,0,0,,128.8896819,35.2841472
마라26ab99bb,0,0,0,0,,0.0,0,0,,128.8897204,35.28640079
마라26ba91bb,3,0,0,0,,,0,0,,128.8912361,35.21425397
마라26ba92aa,0,0,0,0,,,0,0,,128.8912745,35.21650759
마라26ba92ab,0,0,0,0,,,0,0,,128.891313,35.2187612
마라26ba92ba,0,0,0,0,,,0,0,,128.8913515,35.22101481
마라26ba92bb,0,0,0,0,,,0,0,,128.8913899,35.22326842
마라26ba93aa,11,0,0,0,,0.0,0,0,22.87427746,128.8914284,35.22552203
마라26ba93ab,50,1,1,1,,299.0,0,2,26.67485549,128.8914669,35.22777564
마라26ba93ba,6,4,0,0,,249.0,0,0,,128.8915054,35.23002925
마라26ba93bb,9,1,0,0,,427.0,0,0,,128.8915439,35.23228286
마라26ba94aa,34,1,2,0,,653.0,0,0,,128.8915824,35.23453646
마라26ba94ab,2,0,0,0,,61.0,0,0,,128.8916209,35.23679007
마라26ba94ba,0,0,0,0,,,0,0,,128.8916594,35.23904367
마라26ba94bb,0,0,0,0,,,0,0,,128.8916979,35.24129728
마라26ba95aa,0,0,0,0,,,0,0,,128.8917364,35.24355088
마라26ba95ab,0,0,0,0,,0.0,0,0,,128.8917749,35.24580448
마라26ba95ba,0,0,0,0,,,0,0,,128.8918134,35.24805809
마라26ba95bb,0,0,0,0,,,0,0,,128.8918519,35.25031169
마라26ba96aa,1,0,0,0,,,0,0,,128.8918905,35.25256529
마라26ba96ab,0,0,0,0,,,0,0,,128.891929,35.25481888
마라26ba96ba,0,0,0,0,,,0,0,,128.8919675,35.25707248
마라26ba96bb,0,0,0,0,,,0,0,,128.8920061,35.25932608
마라26ba97aa,0,0,0,0,,,0,0,,128.8920446,35.26157967
마라26ba97ab,0,0,0,0,,,0,0,,128.8920832,35.26383327
마라26ba97ba,0,0,0,0,,,0,0,,128.8921217,35.26608686
마라26ba97bb,0,0,0,0,,,0,0,,128.8921603,35.26834046
마라26ba98aa,0,0,0,0,,,0,0,,128.8921988,35.27059405
마라26ba98ab,0,0,0,0,,,0,0,,128.8922374,35.27284764
마라26ba98ba,0,0,0,0,,,0,0,,128.892276,35.27510123
마라26ba98bb,0,0,0,0,,,0,0,,128.8923145,35.27735482
마라26ba99aa,0,0,0,0,,,0,0,,128.8923531,35.27960841
마라26ba99ab,0,0,0,0,,,0,0,,128.8923917,35.281862
마라26ba99ba,23,0,0,0,,22.0,0,0,,128.8924303,35.28411559
마라26ba99bb,2,0,0,0,,18.0,0,0,,128.8924689,35.28636917
마라26bb91bb,0,0,0,0,,,0,0,,128.8939821,35.21422238
마라26bb92aa,0,0,0,0,,,0,0,,128.8940206,35.21647599
마라26bb92ab,0,0,0,0,,,0,0,,128.8940592,35.2187296
마라26bb92ba,0,0,0,0,,,0,0,,128.8940977,35.22098321
마라26bb92bb,0,0,0,0,,,0,0,,128.8941363,35.22323682
마라26bb93aa,5,0,0,0,,0.0,0,0,,128.8941748,35.22549043
마라26bb93ab,58,1,2,0,,277.0,0,0,49.50086705,128.8942134,35.22774403
마라26bb93ba,65,13,5,0,,1012.0,0,0,,128.8942519,35.22999764
마라26bb93bb,41,4,0,0,,800.0,0,0,,128.8942905,35.23225124
마라26bb94aa,38,10,0,0,,687.0,0,0,51.49710983,128.8943291,35.23450485
마라26bb94ab,4,0,0,0,,138.0,0,0,,128.8943677,35.23675845
마라26bb94ba,0,0,0,0,,,0,0,,128.8944062,35.23901205
마라26bb94bb,0,0,0,0,,,0,0,,128.8944448,35.24126566
마라26bb95aa,0,0,0,0,,,0,0,,128.8944834,35.24351926
마라26bb95ab,0,0,0,0,,,0,0,,128.894522,35.24577286
마라26bb95ba,0,0,0,0,,,0,0,,128.8945606,35.24802645
마라26bb95bb,0,0,0,0,,,0,0,,128.8945992,35.25028005
마라26bb96aa,1,0,0,0,298.0,0.0,0,1,,128.8946378,35.25253365
마라26bb96ab,7,0,0,0,,0.0,0,0,,128.8946764,35.25478725
마라26bb96ba,1,0,0,0,,9.0,0,0,,128.894715,35.25704084
마라26bb96bb,0,0,0,0,,,0,0,,128.8947536,35.25929443
마라26bb97aa,0,0,0,0,,,0,0,,128.8947922,35.26154803
마라26bb97ab,3,0,0,0,,0.0,0,0,,128.8948309,35.26380162
마라26bb97ba,13,0,0,0,,9.999999999999998,0,0,,128.8948695,35.26605521
마라26bb97bb,2,0,0,0,,,0,0,,128.8949081,35.2683088
마라26bb98aa,0,0,0,0,,,0,0,,128.8949468,35.27056239
마라26bb98ab,0,0,0,0,,,0,0,,128.8949854,35.27281598
마라26bb98ba,0,0,0,0,,,0,0,,128.8950241,35.27506957
마라26bb98bb,0,0,0,0,,,0,0,,128.8950627,35.27732316
마라26bb99aa,0,0,0,0,,,0,0,,128.8951014,35.27957674
마라26bb99ab,0,0,0,0,,,0,0,,128.89514,35.28183033
마라26bb99ba,14,0,0,0,,0.0,0,0,,128.8951787,35.28408391
마라26bb99bb,6,0,0,0,,,0,0,,128.8952174,35.2863375
마라27aa91bb,0,0,0,0,,,0,0,,128.8967282,35.21419073
마라27aa92aa,3,0,0,0,,,0,0,,128.8967668,35.21644434
마라27aa92ab,0,0,0,0,,,0,0,,128.8968054,35.21869794
마라27aa92ba,0,0,0,0,,,0,0,,128.896844,35.22095155
마라27aa92bb,0,0,0,0,,,0,0,16.0,128.8968826,35.22320516
마라27aa93aa,0,0,0,0,,,0,0,,128.8969212,35.22545876
마라27aa93ab,27,7,0,0,,227.0,0,0,41.0,128.8969599,35.22771236
마라27aa93ba,35,1,0,0,,707.0,0,0,39.56213873,128.8969985,35.22996597
마라27aa93bb,72,1,4,1,,475.0,0,0,,128.8970372,35.23221957
마라27aa94aa,43,7,0,0,,1123.0,0,0,,128.8970758,35.23447317
마라27aa94ab,15,1,0,0,,1147.0,0,0,,128.8971145,35.23672677
마라27aa94ba,2,0,0,0,,39.0,0,0,26.4349711,128.8971531,35.23898037
마라27aa94bb,0,0,0,0,,0.0,0,0,,128.8971918,35.24123397
마라27aa95aa,0,0,0,1,,,0,0,,128.8972304,35.24348757
마라27aa95ab,0,0,0,0,,,0,0,,128.8972691,35.24574116
마라27aa95ba,0,0,0,0,,,0,0,,128.8973078,35.24799476
마라27aa95bb,0,0,0,0,,,0,0,,128.8973464,35.25024836
마라27aa96aa,0,0,0,0,,,0,0,,128.8973851,35.25250195
마라27aa96ab,0,0,0,0,,,0,0,,128.8974238,35.25475554
마라27aa96ba,0,0,0,0,,,0,0,,128.8974625,35.25700914
마라27aa96bb,0,0,0,0,,,0,0,,128.8975012,35.25926273
마라27aa97aa,1,0,0,0,,0.0,0,0,,128.8975399,35.26151632
마라27aa97ab,14,0,0,0,,12.0,0,0,,128.8975786,35.26376991
마라27aa97ba,11,0,0,0,,12.0,0,0,,128.8976173,35.2660235
마라27aa97bb,0,0,0,0,,,0,0,,128.897656,35.26827709
마라27aa98aa,0,0,0,0,,,0,0,,128.8976947,35.27053067
마라27aa98ab,0,0,0,0,,,0,0,,128.8977334,35.27278426
마라27aa98ba,0,0,0,0,,,0,0,,128.8977721,35.27503785
마라27aa98bb,0,0,0,0,,,0,0,,128.8978109,35.27729143
마라27aa99aa,0,0,0,0,,,0,0,,128.8978496,35.27954501
마라27aa99ab,0,0,0,0,,11.0,0,0,,128.8978883,35.2817986
마라27aa99ba,4,0,0,0,,24.0,0,0,,128.8979271,35.28405218
마라27aa99bb,0,0,0,0,,,0,0,,128.8979658,35.28630576
마라27ab91bb,0,0,0,0,,,0,0,,128.8994742,35.21415901
마라27ab92aa,0,0,0,0,,0.0,0,0,,128.8995129,35.21641262
마라27ab92ab,5,0,0,0,,26.0,0,0,,128.8995516,35.21866622
마라27ab92ba,0,0,0,0,,,0,0,,128.8995903,35.22091983
마라27ab92bb,1,0,0,0,,,0,0,22.0,128.899629,35.22317343
마라27ab93aa,2,0,1,0,,0.0,0,0,16.71893064,128.8996677,35.22542703
마라27ab93ab,34,0,0,0,,148.0,0,0,10.0,128.8997064,35.22768063
마라27ab93ba,40,3,1,1,,949.0,0,0,29.66184971,128.8997451,35.22993423
마라27ab93bb,44,1,3,2,,969.0,0,0,,128.8997838,35.23218783
마라27ab94aa,45,6,0,0,,646.0,0,0,,128.8998225,35.23444143
마라27ab94ab,29,4,0,0,,1119.0,0,0,,128.8998612,35.23669503
마라27ab94ba,27,3,0,1,,1075.0,0,0,31.9132948,128.8999,35.23894863
마라27ab94bb,45,10,0,0,,2158.0,107,0,,128.8999387,35.24120222
마라27ab95aa,16,6,0,1,,2999.0,0,0,,128.8999774,35.24345582
마라27ab95ab,0,2,0,0,,172.0,0,0,,128.9000162,35.24570941
마라27ab95ba,0,1,0,0,,,0,0,,128.9000549,35.24796301
마라27ab95bb,0,4,0,0,,,0,0,,128.9000937,35.2502166
마라27ab96aa,0,4,0,8,,39.99999999999999,0,0,,128.9001324,35.25247019
마라27ab96ab,0,0,0,0,,,0,0,,128.9001712,35.25472378
마라27ab96ba,0,0,0,0,,,0,0,,128.90021,35.25697737
마라27ab96bb,0,0,0,0,,,0,0,,128.9002487,35.25923096
마라27ab97aa,0,12,0,0,,,0,0,,128.9002875,35.26148455
마라27ab97ab,15,0,0,0,,9.999999999999998,0,0,,128.9003263,35.26373813
마라27ab97ba,3,0,0,0,,18.0,0,0,,128.9003651,35.26599172
마라27ab97bb,0,0,0,0,,,0,0,,128.9004038,35.26824531
마라27ab98aa,0,0,0,0,,,0,0,,128.9004426,35.27049889
마라27ab98ab,0,0,0,0,,,0,0,,128.9004814,35.27275248
마라27ab98ba,0,0,0,0,,,0,0,,128.9005202,35.27500606
마라27ab98bb,0,0,0,0,,,0,0,,128.900559,35.27725964
마라27ab99aa,0,0,0,0,,,0,0,,128.9005978,35.27951322
마라27ab99ab,1,0,0,0,,7.000000000000001,0,0,,128.9006366,35.2817668
마라27ab99ba,4,1,0,0,,22.0,0,0,,128.9006755,35.28402038
마라27ab99bb,0,0,0,0,,,0,0,,128.9007143,35.28627396
마라27ba91bb,0,0,0,0,,,0,0,,128.9022202,35.21412723
마라27ba92aa,0,0,0,0,,,0,0,,128.902259,35.21638084
마라27ba92ab,15,0,0,0,,16.0,74,0,,128.9022977,35.21863444
마라27ba92ba,0,0,0,0,,,0,0,,128.9023365,35.22088804
마라27ba92bb,0,0,0,0,,,0,0,,128.9023753,35.22314164
마라27ba93aa,7,0,0,0,,,0,0,24.99132948,128.9024141,35.22539524
마라27ba93ab,17,1,1,2,,88.0,0,0,,128.9024529,35.22764884
마라27ba93ba,38,4,0,0,,1102.0,0,0,15.0,128.9024916,35.22990244
마라27ba93bb,32,2,1,0,,924.0,0,0,10.0,128.9025304,35.23215603
마라27ba94aa,45,1,1,1,,448.00000000000006,0,0,40.55274566,128.9025692,35.23440963
마라27ba94ab,65,2,0,0,,221.0,0,0,19.0,128.902608,35.23666322
마라27ba94ba,36,4,0,0,,886.0,0,0,13.72543353,128.9026468,35.23891682
마라27ba94bb,39,4,0,0,,871.0,0,0,,128.9026856,35.24117041
마라27ba95aa,25,9,0,0,,854.0,0,0,,128.9027245,35.243424
마라27ba95ab,47,9,0,0,,1910.0,0,0,10.0,128.9027633,35.2456776
마라27ba95ba,3,8,0,0,,6.0,0,0,,128.9028021,35.24793119
마라27ba95bb,6,7,0,0,,233.0,0,0,,128.9028409,35.25018478
마라27ba96aa,8,0,0,0,,681.0,0,0,29.0,128.9028798,35.25243837
마라27ba96ab,9,1,0,1,,0.0,0,0,8.0,128.9029186,35.25469195
마라27ba96ba,21,1,0,0,,30.0,0,0,,128.9029574,35.25694554
마라27ba96bb,0,5,0,0,,0.0,0,0,,128.9029963,35.25919913
마라27ba97aa,0,5,0,0,,,0,0,,128.9030351,35.26145271
마라27ba97ab,0,0,0,0,,,84,0,,128.903074,35.2637063
마라27ba97ba,0,0,0,0,,0.0,0,0,,128.9031128,35.26595988
마라27ba97bb,0,0,0,0,,,0,0,,128.9031517,35.26821346
마라27ba98aa,0,0,0,0,,,0,0,,128.9031906,35.27046705
마라27ba98ab,0,0,0,0,,,0,0,,128.9032294,35.27272063
마라27ba98ba,0,0,0,0,,,0,0,,128.9032683,35.27497421
마라27ba98bb,0,0,0,0,,,0,0,,128.9033072,35.27722779
마라27ba99aa,0,0,0,0,,,0,0,,128.9033461,35.27948137
마라27ba99ab,0,0,0,0,,,0,0,,128.903385,35.28173494
마라27ba99ba,0,0,0,0,,,0,0,,128.9034238,35.28398852
마라27ba99bb,0,0,0,0,,,0,0,,128.9034627,35.2862421
마라27bb91bb,0,0,0,0,,,0,0,,128.9049662,35.21409539
마라27bb92aa,0,0,0,0,,,0,0,,128.9050051,35.21634899
마라27bb92ab,0,0,0,0,,20.0,0,0,,128.9050439,35.21860259
마라27bb92ba,1,0,0,0,,,0,0,,128.9050828,35.22085619
마라27bb92bb,1,0,0,0,,,0,0,,128.9051216,35.22310979
마라27bb93aa,1,0,0,0,,24.0,0,0,,128.9051605,35.22536339
마라27bb93ab,11,1,0,0,,0.0,0,0,34.56213873,128.9051993,35.22761698
마라27bb93ba,52,4,1,0,,274.0,0,0,28.0,128.9052382,35.22987058
마라27bb93bb,67,3,4,0,,202.0,0,0,36.00289017,128.9052771,35.23212417
마라27bb94aa,66,10,0,1,,92.0,0,0,,128.9053159,35.23437776
마라27bb94ab,57,2,0,0,,33.0,0,0,,128.9053548,35.23663136
마라27bb94ba,79,0,0,0,,18.0,0,0,23.96531792,128.9053937,35.23888495
마라27bb94bb,63,6,0,0,,86.0,0,0,,128.9054326,35.24113854
마라27bb95aa,32,4,0,0,,266.0,0,0,,128.9054715,35.24339213
마라27bb95ab,79,3,0,0,,589.0,0,0,,128.9055104,35.24564572
마라27bb95ba,67,1,2,0,,977.0,0,0,,128.9055493,35.24789931
마라27bb95bb,8,0,0,0,,1119.0,0,0,,128.9055882,35.25015289
마라27bb96aa,40,0,0,0,,1175.0,0,0,23.90751445,128.9056271,35.25240648
마라27bb96ab,4,0,0,1,,89.0,0,0,15.09248555,128.905666,35.25466007
마라27bb96ba,0,0,0,0,,0.0,0,1,,128.9057049,35.25691365
마라27bb96bb,4,0,0,0,,0.0,0,0,,128.9057438,35.25916723
마라27bb97aa,0,0,0,0,,,0,0,,128.9057827,35.26142082
마라27bb97ab,0,0,0,0,,,0,0,,128.9058217,35.2636744
마라27bb97ba,0,0,0,0,,,0,0,,128.9058606,35.26592798
마라27bb97bb,0,0,0,0,,,0,0,,128.9058995,35.26818156
마라27bb98aa,0,0,0,0,,,0,0,,128.9059385,35.27043514
마라27bb98ab,0,0,0,0,,,0,0,,128.9059774,35.27268872
마라27bb98ba,0,0,0,0,,,0,0,,128.9060164,35.2749423
마라27bb98bb,0,0,0,0,,,0,0,,128.9060553,35.27719587
마라27bb99aa,0,0,0,0,,,0,0,,128.9060943,35.27944945
마라27bb99ab,0,0,0,0,,,0,0,,128.9061333,35.28170302
마라27bb99ba,0,0,0,0,,,0,0,,128.9061722,35.2839566
마라27bb99bb,0,0,0,0,,,0,0,,128.9062112,35.28621017
마라28aa91bb,0,0,0,0,,,0,0,,128.9077123,35.21406349
마라28aa92aa,0,0,0,0,,,0,0,,128.9077512,35.21631709
마라28aa92ab,0,0,0,0,,,0,0,,128.9077901,35.21857068
마라28aa92ba,3,0,0,0,,0.0,0,0,,128.907829,35.22082428
마라28aa92bb,0,0,0,0,,,0,0,,128.9078679,35.22307787
마라28aa93aa,12,0,0,0,,,0,0,,128.9079069,35.22533147
마라28aa93ab,7,0,0,0,,0.0,0,0,,128.9079458,35.22758506
마라28aa93ba,45,0,0,0,,0.0,0,0,,128.9079847,35.22983865
마라28aa93bb,73,0,0,0,,0.0,0,0,,128.9080237,35.23209225
마라28aa94aa,53,0,0,0,,,0,0,,128.9080626,35.23434584
마라28aa94ab,49,3,0,0,,0.0,0,0,,128.9081016,35.23659943
마라28aa94ba,82,0,0,0,,,0,0,,128.9081405,35.23885302
마라28aa94bb,24,0,0,0,,,0,0,,128.9081795,35.2411066
마라28aa95aa,27,2,1,1,,430.0,0,0,,128.9082185,35.24336019
마라28aa95ab,82,2,0,0,,632.0,0,0,,128.9082574,35.24561378
마라28aa95ba,66,0,0,2,,568.0,0,0,,128.9082964,35.24786736
마라28aa95bb,54,1,0,0,101.0,552.0,0,0,,128.9083354,35.25012095
마라28aa96aa,49,0,0,0,,673.0,0,0,,128.9083744,35.25237453
마라28aa96ab,7,0,0,2,,56.00000000000001,0,0,,128.9084134,35.25462812
마라28aa96ba,2,0,0,0,,14.0,0,1,,128.9084524,35.2568817
마라28aa96bb,0,0,0,0,,,0,0,,128.9084914,35.25913528
마라28aa97aa,0,0,0,0,,,0,0,,128.9085304,35.26138886
마라28aa97ab,0,0,0,0,,,0,0,,128.9085694,35.26364244
마라28aa97ba,0,0,0,0,,,0,0,,128.9086084,35.26589602
마라28aa97bb,0,0,0,0,,,0,0,,128.9086474,35.26814959
마라28aa98aa,0,0,0,0,,,0,0,,128.9086864,35.27040317
마라28aa98ab,0,0,0,0,,,0,0,,128.9087254,35.27265675
마라28aa98ba,0,0,0,0,,,0,0,,128.9087645,35.27491032
마라28aa98bb,0,0,0,0,,,0,0,,128.9088035,35.2771639
마라28aa99aa,0,0,0,0,,,0,0,,128.9088425,35.27941747
마라28aa99ab,0,0,0,0,,,0,0,,128.9088816,35.28167104
마라28aa99ba,0,0,0,0,,,0,0,,128.9089206,35.28392461
마라28aa99bb,0,0,0,0,,,0,0,,128.9089597,35.28617818
마라28ab92aa,0,0,0,0,,,0,0,,128.9104973,35.21628512
마라28ab92ba,0,0,0,0,,0.0,0,0,,128.9105753,35.22079231
마라28ab92bb,19,0,0,0,,35.0,0,0,,128.9106143,35.2230459
마라28ab93aa,34,0,0,0,,0.0,0,0,,128.9106533,35.22529949
마라28ab93ab,60,0,3,0,,19.0,0,0,,128.9106923,35.22755308
마라28ab93ba,65,0,0,0,,,0,0,,128.9107313,35.22980667
마라28ab93bb,72,0,1,0,,0.0,0,0,27.0,128.9107703,35.23206026
마라28ab94aa,29,0,0,0,,,0,0,,128.9108093,35.23431385
마라28ab94ab,12,3,0,0,,942.0,0,0,,128.9108484,35.23656744
마라28ab94ba,13,4,0,0,,895.0,0,0,,128.9108874,35.23882102
마라28ab94bb,25,3,0,0,,39.99999999999999,0,0,,128.9109264,35.24107461
마라28ab95aa,16,3,0,1,,462.0,0,0,13.8150289,128.9109655,35.24332819
마라28ab95ab,21,11,0,2,,803.0,0,0,28.0,128.9110045,35.24558178
마라28ab95ba,48,10,0,0,,1484.0,0,0,37.0,128.9110436,35.24783536
마라28ab95bb,53,11,0,0,,2330.0,0,0,18.5,128.9110826,35.25008894
마라28ab96aa,6,9,0,0,,1634.0,0,0,,128.9111217,35.25234252
마라28ab96ab,0,0,0,0,,,0,0,,128.9111608,35.2545961
마라28ab96ba,0,0,0,0,,,0,0,,128.9111998,35.25684968
마라28ab96bb,0,0,0,0,,,0,0,,128.9112389,35.25910326
마라28ab97aa,0,0,0,0,,,0,0,,128.911278,35.26135684
마라28ab97ab,1,0,0,0,,,0,0,,128.911317,35.26361041
마라28ab97ba,0,0,0,0,,0.0,0,0,,128.9113561,35.26586399
마라28ab97bb,0,0,0,0,,,0,0,,128.9113952,35.26811756
마라28ab98aa,0,0,0,0,,,0,0,,128.9114343,35.27037114
마라28ab98ab,0,0,0,0,,,0,0,,128.9114734,35.27262471
마라28ab98ba,0,0,0,0,,,0,0,,128.9115125,35.27487828
마라28ab98bb,0,0,0,0,,,0,0,,128.9115516,35.27713186
마라28ab99aa,0,0,0,0,,,0,0,,128.9115907,35.27938543
마라28ab99ab,0,0,0,0,,,0,0,,128.9116299,35.281639
마라28ab99ba,0,0,0,0,,,0,0,,128.911669,35.28389257
마라28ab99bb,0,0,0,0,,,0,0,,128.9117081,35.28614613
마라28ba92ab,0,0,0,0,,,0,0,,128.9132824,35.21850668
마라28ba92ba,0,0,0,0,,,0,0,,128.9133215,35.22076027
마라28ba92bb,1,0,0,0,,,0,0,,128.9133606,35.22301386
마라28ba93aa,7,0,0,0,,,0,0,113.0,128.9133997,35.22526745
마라28ba93ab,94,0,10,0,,0.0,0,0,,128.9134387,35.22752104
마라28ba93ba,69,0,0,0,,0.0,0,0,,128.9134778,35.22977462
마라28ba93bb,9,0,0,0,,,0,0,,128.9135169,35.23202821
마라28ba94aa,39,0,0,0,,,0,0,,128.913556,35.2342818
마라28ba94ab,28,3,1,0,,1254.0,0,0,,128.9135951,35.23653538
마라28ba94ba,28,11,0,0,,2159.0,0,0,40.54263006,128.9136342,35.23878897
마라28ba94bb,35,6,0,0,,772.0,0,0,,128.9136734,35.24104255
마라28ba95aa,55,3,0,0,,730.0,0,0,,128.9137125,35.24329613
마라28ba95ab,23,0,0,0,,574.0,0,0,,128.9137516,35.24554971
마라28ba95ba,3,2,0,0,,393.0,0,0,,128.9137907,35.24780329
마라28ba95bb,0,0,0,0,,,0,0,,128.9138299,35.25005687
마라28ba96aa,3,0,0,0,,,0,0,,128.913869,35.25231045
마라28ba96ab,1,0,0,1,,6.0,0,0,,128.9139081,35.25456403
마라28ba96ba,0,0,0,0,,,0,0,,128.9139473,35.2568176
마라28ba96bb,0,0,0,0,,,0,0,,128.9139864,35.25907118
마라28ba97aa,0,0,0,0,,,0,0,,128.9140256,35.26132475
마라28ba97ab,0,0,0,0,,0.0,0,0,,128.9140647,35.26357833
마라28ba97ba,0,0,0,0,,,0,0,,128.9141039,35.2658319
마라28ba97bb,0,0,0,0,,,0,0,,128.9141431,35.26808547
마라28ba98aa,0,0,0,0,,,0,0,,128.9141822,35.27033905
마라28ba98ab,0,0,0,0,,,0,0,,128.9142214,35.27259262
마라28ba98ba,0,0,0,0,,,0,0,,128.9142606,35.27484619
마라28ba98bb,0,0,0,0,,,0,0,,128.9142998,35.27709975
마라28ba99aa,0,0,0,0,,,0,0,,128.914339,35.27935332
마라28ba99ab,0,0,0,0,,,8,0,,128.9143781,35.28160689
마라28ba99ba,0,0,0,0,,0.0,0,0,,128.9144173,35.28386046
마라28ba99bb,0,0,0,0,,0.0,0,0,,128.9144565,35.28611402
마라28bb92aa,0,0,0,0,,,0,0,,128.9159894,35.216221
마라28bb92ab,13,3,0,0,,9.0,0,0,,128.9160286,35.21847458
마라28bb92ba,0,0,0,0,,0.0,0,0,,128.9160677,35.22072817
마라28bb92bb,0,0,0,0,,,0,0,,128.9161069,35.22298176
마라28bb93aa,23,0,0,0,,0.0,0,0,16.0,128.916146,35.22523535
마라28bb93ab,104,1,2,0,,0.0,0,0,,128.9161852,35.22748893
마라28bb93ba,63,5,2,0,,0.0,0,0,70.17919075,128.9162244,35.22974252
마라28bb93bb,53,0,0,0,,0.0,76,0,,128.9162635,35.2319961
마라28bb94aa,71,0,0,0,,0.0,0,0,,128.9163027,35.23424968
마라28bb94ab,57,2,2,1,,140.0,0,0,,128.9163419,35.23650327
마라28bb94ba,13,15,0,1,,2364.0,0,0,9.690751445,128.9163811,35.23875685
마라28bb94bb,23,0,0,0,,879.0,0,0,,128.9164203,35.24101043
마라28bb95aa,0,0,0,0,,326.0,0,0,,128.9164595,35.24326401
마라28bb95ab,0,0,0,0,,,0,0,,128.9164987,35.24551758
마라28bb95ba,0,0,0,0,,,0,0,,128.9165379,35.24777116
마라28bb95bb,0,0,0,0,,,0,0,,128.9165771,35.25002474
마라28bb96aa,0,0,0,0,,,0,0,,128.9166163,35.25227831
마라28bb96ab,0,0,0,0,,,0,0,,128.9166555,35.25453189
마라28bb96ba,0,0,0,0,,,0,0,,128.9166947,35.25678546
마라28bb96bb,0,0,0,0,,,0,0,,128.9167339,35.25903904
마라28bb97aa,0,0,0,0,,,0,0,,128.9167732,35.26129261
마라28bb97ab,0,0,0,0,,,0,0,,128.9168124,35.26354618
마라28bb97ba,0,0,0,0,,,0,0,,128.9168516,35.26579975
마라28bb97bb,0,0,0,0,,0.0,0,0,,128.9168909,35.26805332
마라28bb98aa,0,0,0,0,,,0,0,,128.9169301,35.27030689
마라28bb98ab,0,0,0,0,,,0,0,,128.9169694,35.27256046
마라28bb98ba,0,0,0,0,,,0,0,,128.9170086,35.27481402
마라28bb98bb,0,0,0,0,,,0,0,,128.9170479,35.27706759
마라28bb99aa,0,0,0,0,,,0,0,,128.9170872,35.27932115
마라28bb99ab,0,0,0,0,,,0,0,,128.9171264,35.28157472
마라28bb99ba,0,0,0,0,,,0,0,,128.9171657,35.28382828
마라28bb99bb,12,0,0,0,,9.0,0,0,,128.917205,35.28608185
마라29aa92aa,0,0,0,0,,,0,0,,128.9187355,35.21618884
마라29aa92ab,7,0,0,0,,20.0,0,0,,128.9187747,35.21844243
마라29aa92ba,1,0,0,0,,0.0,0,0,,128.918814,35.22069601
마라29aa92bb,0,0,0,0,,,0,0,,128.9188532,35.2229496
마라29aa93aa,38,0,0,0,,,0,0,18.0,128.9188924,35.22520318
마라29aa93ab,62,0,0,0,,0.0,0,0,,128.9189317,35.22745676
마라29aa93ba,78,2,0,0,,32.0,0,0,,128.9189709,35.22971035
마라29aa93bb,51,0,0,1,,169.0,0,0,45.46026012,128.9190102,35.23196393
마라29aa94aa,97,0,0,0,,195.0,0,0,46.69942197,128.9190494,35.23421751
마라29aa94ab,26,3,0,0,,20.0,0,0,,128.9190887,35.23647109
마라29aa94ba,4,0,0,0,,59.0,0,0,,128.9191279,35.23872466
마라29aa94bb,4,0,0,0,,11.0,0,0,,128.9191672,35.24097824
마라29aa95aa,0,0,0,0,,,0,0,,128.9192065,35.24323182
마라29aa95ab,0,0,0,0,,,0,0,,128.9192457,35.24548539
마라29aa95ba,0,0,0,0,,,0,0,,128.919285,35.24773897
마라29aa95bb,0,0,0,0,,,0,0,,128.9193243,35.24999254
마라29aa96aa,0,0,0,0,,,0,0,,128.9193636,35.25224612
마라29aa96ab,0,0,0,0,,,0,0,,128.9194029,35.25449969
마라29aa96ba,0,0,0,0,,,0,0,,128.9194422,35.25675326
마라29aa96bb,0,0,0,0,,,0,0,,128.9194815,35.25900683
마라29aa97aa,0,0,0,0,,,0,0,,128.9195208,35.2612604
마라29aa97ab,0,0,0,0,,,0,0,,128.9195601,35.26351397
마라29aa97ba,0,0,0,0,,,0,0,,128.9195994,35.26576754
마라29aa97bb,0,0,0,0,,,0,0,,128.9196387,35.2680211
마라29aa98aa,0,0,0,0,,,0,0,,128.919678,35.27027467
마라29aa98ab,0,0,0,0,,,0,0,,128.9197174,35.27252824
마라29aa98ba,0,0,0,0,,,0,0,,128.9197567,35.2747818
마라29aa98bb,0,0,0,0,,,0,0,,128.919796,35.27703536
마라29aa99aa,0,0,0,0,,,0,0,,128.9198354,35.27928893
마라29aa99ab,0,0,0,0,,0.0,0,0,,128.9198747,35.28154249
마라29aa99ba,2,0,0,0,,,0,0,,128.9199141,35.28379605
마라29aa99bb,4,0,0,0,,19.0,0,0,,128.9199534,35.28604961
마라29ab92aa,0,0,0,0,,,0,0,,128.9214816,35.21615662
마라29ab92ab,15,0,0,0,,55.0,0,0,,128.9215209,35.21841021
마라29ab92ba,2,0,0,0,,0.0,0,0,,128.9215602,35.22066379
마라29ab92bb,0,0,0,0,,,0,0,,128.9215995,35.22291737
마라29ab93aa,51,1,0,0,,0.0,0,0,39.0,128.9216388,35.22517095
마라29ab93ab,94,0,0,0,,0.0,0,2,20.0,128.9216781,35.22742453
마라29ab93ba,63,0,3,0,,21.0,0,0,15.0,128.9217174,35.22967811
마라29ab93bb,61,4,1,0,,746.0,0,0,48.45303468,128.9217568,35.23193169
마라29ab94aa,42,8,0,1,,526.0,0,0,,128.9217961,35.23418527
마라29ab94ab,6,1,0,0,,222.0,0,0,,128.9218354,35.23643885
마라29ab94ba,0,0,0,0,,,0,0,,128.9218748,35.23869242
마라29ab94bb,2,0,0,0,,6.0,0,1,,128.9219141,35.240946
마라29ab95aa,0,0,0,0,,,0,0,,128.9219534,35.24319957
마라29ab95ab,0,0,0,0,,,0,0,,128.9219928,35.24545314
마라29ab95ba,0,0,0,0,,,0,0,,128.9220321,35.24770672
마라29ab95bb,0,0,0,0,,,0,0,,128.9220715,35.24996029
마라29ab96aa,0,0,0,0,,,0,0,,128.9221109,35.25221386
마라29ab96ab,0,0,0,0,,,0,0,,128.9221502,35.25446743
마라29ab96ba,0,0,0,0,,,0,0,,128.9221896,35.256721
마라29ab96bb,0,0,0,0,,,0,0,,128.922229,35.25897456
마라29ab97aa,0,0,0,0,,,0,0,,128.9222684,35.26122813
마라29ab97ab,0,0,0,0,,,0,0,,128.9223078,35.2634817
마라29ab97ba,0,0,0,0,,,0,0,,128.9223471,35.26573526
마라29ab97bb,0,0,0,0,,,0,0,,128.9223865,35.26798883
마라29ab98aa,0,0,0,0,,,0,0,,128.9224259,35.27024239
마라29ab98ab,0,0,0,0,,,0,0,,128.9224653,35.27249595
마라29ab98ba,0,0,0,0,,,0,0,,128.9225047,35.27474951
마라29ab98bb,0,0,0,0,,,0,0,,128.9225442,35.27700307
마라29ab99aa,0,0,0,0,,0.0,0,0,,128.9225836,35.27925663
마라29ab99ab,11,0,0,0,,0.0,0,0,,128.922623,35.28151019
마라29ab99ba,0,0,0,0,,,0,0,,128.9226624,35.28376375
마라29ab99bb,1,0,0,0,,,0,0,,128.9227018,35.28601731
마라29ba92ab,9,0,0,0,,50.0,0,0,,128.924267,35.21837793
마라29ba92ba,28,0,0,0,,26.0,0,0,,128.9243064,35.22063151
마라29ba92bb,7,0,0,0,,7.000000000000001,0,0,,128.9243458,35.22288509
마라29ba93aa,12,0,0,0,,,0,0,17.87427746,128.9243852,35.22513866
마라29ba93ab,17,4,0,0,,81.0,0,0,33.96242775,128.9244246,35.22739224
마라29ba93ba,24,11,0,0,,1424.0,0,0,,128.924464,35.22964582
마라29ba93bb,7,5,0,0,,690.0,65,0,36.68208092,128.9245034,35.23189939
마라29ba94aa,0,0,0,0,,50.0,0,0,,128.9245428,35.23415297
마라29ba94ab,0,0,0,0,,,0,0,,128.9245822,35.23640654
마라29ba94ba,0,0,0,0,,,0,0,,128.9246216,35.23866011
마라29ba94bb,0,0,0,0,,,0,0,,128.924661,35.24091369
마라29ba95aa,0,0,0,0,,0.0,0,0,,128.9247004,35.24316726
마라29ba95ab,0,0,0,0,,,0,0,,128.9247398,35.24542083
마라29ba95ba,0,0,0,0,,,0,0,,128.9247793,35.2476744
마라29ba95bb,0,0,0,0,,,0,0,,128.9248187,35.24992797
마라29ba96aa,0,0,0,0,,,0,0,,128.9248582,35.25218153
마라29ba96ab,0,0,0,0,,,0,0,,128.9248976,35.2544351
마라29ba96ba,0,0,0,0,,,0,0,,128.924937,35.25668867
마라29ba96bb,0,0,0,0,,,0,0,,128.9249765,35.25894223
마라29ba97aa,0,0,0,0,,,0,0,,128.925016,35.2611958
마라29ba97ab,0,0,0,0,,,0,0,,128.9250554,35.26344936
마라29ba97ba,0,0,0,0,,,0,0,,128.9250949,35.26570292
마라29ba97bb,0,0,0,0,,,0,0,,128.9251343,35.26795648
마라29ba98aa,0,0,0,0,,,0,0,,128.9251738,35.27021005
마라29ba98ab,0,0,0,0,,,0,0,,128.9252133,35.2724636
마라29ba98ba,0,0,0,0,,,0,0,,128.9252528,35.27471716
마라29ba98bb,1,0,0,0,,0.0,0,0,,128.9252923,35.27697072
마라29ba99aa,0,0,0,0,,,0,0,,128.9253318,35.27922428
마라29ba99ab,0,0,0,0,,,0,0,,128.9253713,35.28147784
마라29ba99ba,0,0,0,0,,,0,0,,128.9254108,35.28373139
마라29ba99bb,0,0,0,0,,,0,0,,128.9254503,35.28598495
마라29bb92ab,0,0,0,0,,,0,0,,128.9270132,35.21834558
마라29bb92ba,21,0,0,0,,34.0,0,0,,128.9270526,35.22059916
마라29bb92bb,52,2,0,1,,41.0,4,1,,128.9270921,35.22285274
마라29bb93aa,15,3,0,0,,114.0,0,0,22.71820809,128.9271315,35.22510631
마라29bb93ab,1,0,0,0,,12.0,0,0,12.54624277,128.927171,35.22735989
마라29bb93ba,0,0,0,0,,,0,0,,128.9272105,35.22961346
마라29bb93bb,0,0,0,0,,,0,0,,128.92725,35.23186703
마라29bb94aa,0,0,0,0,,,0,0,,128.9272894,35.23412061
마라29bb94ab,0,0,0,0,,,0,0,,128.9273289,35.23637418
마라29bb94ba,0,0,0,0,,,0,0,,128.9273684,35.23862775
마라29bb94bb,0,0,0,0,,,0,0,,128.9274079,35.24088132
마라29bb95aa,0,0,0,0,,,0,0,,128.9274474,35.24313488
마라29bb95ab,0,0,0,0,,,0,0,,128.9274869,35.24538845
마라29bb95ba,0,0,0,0,,,0,0,,128.9275264,35.24764202
마라29bb95bb,0,0,0,0,,,0,0,,128.9275659,35.24989559
마라29bb96aa,0,0,0,0,,,0,0,,128.9276054,35.25214915
마라29bb96ab,0,0,0,0,,,0,0,,128.927645,35.25440271
마라29bb96ba,0,0,0,0,,,0,0,,128.9276845,35.25665628
마라29bb96bb,0,0,0,0,,,0,0,,128.927724,35.25890984
마라29bb97aa,0,0,0,0,,,0,0,,128.9277635,35.2611634
마라29bb97ab,0,0,0,0,,,0,0,,128.9278031,35.26341696
마라29bb97ba,0,0,0,0,,,0,0,,128.9278426,35.26567052
마라29bb97bb,0,0,0,0,,,0,0,,128.9278822,35.26792408
마라29bb98aa,0,0,0,0,,,0,0,,128.9279217,35.27017764
마라29bb98ab,1,0,0,0,,,0,0,,128.9279613,35.2724312
마라29bb98ba,0,0,0,0,,,0,0,,128.9280008,35.27468475
마라29bb98bb,0,0,0,0,,,0,0,,128.9280404,35.27693831
마라29bb99aa,1,0,0,0,,0.0,0,0,,128.92808,35.27919186
마라29bb99ab,0,0,0,0,,,0,0,,128.9281195,35.28144542
마라29bb99ba,0,0,0,0,,,0,0,,128.9281591,35.28369897
마라29bb99bb,0,0,0,0,,,0,0,,128.9281987,35.28595252
마라30aa92ba,0,0,0,0,,,0,0,19.32947977,128.9297988,35.22056675
마라30aa92bb,49,0,0,0,,48.0,0,0,32.1199422,128.9298384,35.22282032
마라30aa93aa,0,0,0,0,,,0,0,,128.9298779,35.2250739
마라30aa93ab,0,0,0,0,,,0,0,,128.9299174,35.22732747
마라30aa93ba,0,0,0,0,,,0,0,,128.929957,35.22958104
마라30aa93bb,0,0,0,0,,,0,0,,128.9299965,35.23183461
마라30aa94aa,0,0,0,0,,,0,0,,128.9300361,35.23408818
마라30aa94ab,0,0,0,0,,,0,0,,128.9300757,35.23634175
마라30aa94ba,0,0,0,0,,,0,0,,128.9301152,35.23859532
마라30aa94bb,0,0,0,0,,,0,0,,128.9301548,35.24084888
마라30aa95aa,0,0,0,0,,,0,0,,128.9301944,35.24310245
마라30aa95ab,0,0,0,0,,,0,0,,128.9302339,35.24535601
마라30aa95ba,0,0,0,0,,,0,0,,128.9302735,35.24760958
마라30aa95bb,0,0,0,0,,,0,0,,128.9303131,35.24986314
마라30aa96aa,0,0,0,0,,,0,0,,128.9303527,35.2521167
마라30aa96ab,0,0,0,0,,,0,0,,128.9303923,35.25437026
마라30aa96ba,0,0,0,0,,,0,0,,128.9304319,35.25662383
마라30aa96bb,0,0,0,0,,,0,0,,128.9304715,35.25887739
마라30aa97aa,0,0,0,0,,,0,0,,128.9305111,35.26113094
마라30aa97ab,0,0,0,0,,,0,0,,128.9305507,35.2633845
마라30aa97ba,0,0,0,0,,,0,0,,128.9305903,35.26563806
마라30aa97bb,0,0,0,0,,,0,0,,128.93063,35.26789162
마라30aa98aa,0,0,0,0,,,0,0,,128.9306696,35.27014517
마라30aa98ab,5,0,0,0,,0.0,0,0,,128.9307092,35.27239873
마라30aa98ba,0,0,0,0,,,0,0,,128.9307489,35.27465228
마라30aa98bb,0,0,0,0,,,0,0,,128.9307885,35.27690583
마라30aa99aa,0,0,0,0,,,0,0,,128.9308281,35.27915938
마라30aa99ab,0,0,0,0,,,0,0,,128.9308678,35.28141293
마라30aa99ba,0,0,0,0,,,0,0,,128.9309074,35.28366648
마라30aa99bb,0,0,0,0,,,0,0,,128.9309471,35.28592003
마라30ab92ba,0,0,0,0,,,0,0,,128.932545,35.22053428
마라30ab92bb,4,0,0,0,,9.999999999999998,0,0,,128.9325847,35.22278785
마라30ab93aa,8,0,0,0,,19.0,0,0,,128.9326243,35.22504142
마라30ab93ab,0,0,0,0,,,0,0,,128.9326639,35.22729499
마라30ab93ba,0,0,0,0,,0.0,0,0,,128.9327035,35.22954856
마라30ab93bb,0,0,0,0,,9.999999999999998,0,0,,128.9327431,35.23180213
마라30ab94aa,0,0,0,0,,,0,0,,128.9327828,35.23405569
마라30ab94ab,0,0,0,0,,,0,0,,128.9328224,35.23630926
마라30ab94ba,0,0,0,0,,,0,0,,128.932862,35.23856282
마라30ab94bb,0,0,0,0,,,0,0,,128.9329017,35.24081639
마라30ab95aa,0,0,0,0,,,0,0,,128.9329413,35.24306995
마라30ab95ab,0,0,0,0,,,0,0,,128.932981,35.24532351
마라30ab95ba,0,0,0,0,,,0,0,,128.9330207,35.24757707
마라30ab95bb,1,0,0,0,,,0,0,,128.9330603,35.24983063
마라30ab96aa,0,0,0,0,,,0,0,,128.9331,35.25208419
마라30ab96ab,0,0,0,0,,,0,0,,128.9331397,35.25433775
마라30ab96ba,0,0,0,0,,,0,0,,128.9331793,35.25659131
마라30ab96bb,0,0,0,0,,,0,0,,128.933219,35.25884487
마라30ab97aa,0,0,0,0,,,0,0,,128.9332587,35.26109842
마라30ab97ab,0,0,0,0,,,0,0,,128.9332984,35.26335198
마라30ab97ba,0,0,0,0,,,0,0,,128.9333381,35.26560553
마라30ab97bb,0,0,0,0,,,0,0,,128.9333778,35.26785909
마라30ab98aa,0,0,0,0,,,0,0,,128.9334175,35.27011264
마라30ab98ab,0,0,0,0,,,0,0,,128.9334572,35.27236619
마라30ab98ba,0,0,0,0,,,0,0,,128.9334969,35.27461974
마라30ab98bb,0,0,0,0,,,0,0,,128.9335366,35.27687329
마라30ab99aa,0,0,0,0,,,0,0,,128.9335763,35.27912684
마라30ab99ab,0,0,0,0,,,0,0,,128.9336161,35.28138039
마라30ab99ba,0,0,0,0,,,0,0,,128.9336558,35.28363394
마라30ab99bb,0,0,0,0,,,0,0,,128.9336955,35.28588748
마라30ba92bb,0,0,0,0,,,0,0,,128.9353309,35.22275531
마라30ba93aa,0,0,0,0,,,0,0,,128.9353706,35.22500888
마라30ba93ab,2,2,0,0,,,0,0,27.0,128.9354103,35.22726245
마라30ba93ba,7,1,0,0,,16.0,0,0,,128.93545,35.22951601
마라30ba93bb,2,0,0,0,,20.0,5,0,20.0,128.9354897,35.23176958
마라30ba94aa,1,0,0,0,,0.0,0,0,,128.9355294,35.23402314
마라30ba94ab,0,0,0,0,,,0,0,,128.9355691,35.23627671
마라30ba94ba,0,0,0,0,,,0,0,,128.9356089,35.23853027
마라30ba94bb,0,0,0,0,,,0,0,,128.9356486,35.24078383
마라30ba95aa,0,0,0,0,,,0,0,,128.9356883,35.24303739
마라30ba95ab,0,0,0,0,,,0,0,,128.935728,35.24529095
마라30ba95ba,0,0,0,0,,,0,0,,128.9357678,35.24754451
마라30ba95bb,0,0,0,0,,,0,0,,128.9358075,35.24979807
마라30ba96aa,0,0,0,0,,,0,0,,128.9358472,35.25205162
마라30ba96ab,0,0,0,0,,,0,0,,128.935887,35.25430518
마라30ba96ba,0,0,0,0,,,0,0,,128.9359267,35.25655873
마라30ba96bb,0,0,0,0,,,0,0,,128.9359665,35.25881229
마라30ba97aa,0,0,0,0,,,0,0,,128.9360063,35.26106584
마라30ba97ab,0,0,0,0,,,0,0,,128.936046,35.26331939
마라30ba97ba,0,0,0,0,,,0,0,,128.9360858,35.26557295
마라30ba97bb,0,0,0,0,,,0,0,,128.9361256,35.2678265
마라30ba98aa,0,0,0,0,,,0,0,,128.9361653,35.27008005
마라30ba98ab,0,0,0,0,,,0,0,,128.9362051,35.2723336
마라30ba98ba,0,0,0,0,,,0,0,,128.9362449,35.27458714
마라30ba98bb,0,0,0,0,,,0,0,,128.9362847,35.27684069
마라30ba99aa,0,0,0,0,,,0,0,,128.9363245,35.27909424
마라30ba99ab,0,0,0,0,,,0,0,,128.9363643,35.28134778
마라30ba99ba,0,0,0,0,,,0,0,,128.9364041,35.28360133
마라30ba99bb,0,0,0,0,,,0,0,,128.9364439,35.28585487
마라30bb93aa,0,0,0,0,,,0,0,,128.938117,35.22497628
마라30bb93ab,1,0,0,0,,,0,0,,128.9381567,35.22722984
마라30bb93ba,10,0,0,0,,12.0,0,0,,128.9381965,35.22948341
마라30bb93bb,0,0,0,0,,0.0,0,0,,128.9382363,35.23173697
마라30bb94aa,0,0,0,0,,,0,0,,128.9382761,35.23399053
마라30bb94ab,0,0,0,0,,,0,0,,128.9383159,35.23624409
마라30bb94ba,0,0,0,0,,,0,0,,128.9383557,35.23849765
마라30bb94bb,0,0,0,0,,,0,0,,128.9383955,35.24075121
마라30bb95aa,3,0,0,0,,0.0,0,0,,128.9384353,35.24300477
마라30bb95ab,0,0,0,0,,,0,0,,128.9384751,35.24525832
마라30bb95ba,0,0,0,0,,0.0,0,0,,128.9385149,35.24751188
마라30bb95bb,0,0,0,0,,,0,0,,128.9385547,35.24976543
마라30bb96aa,0,0,0,0,,,0,0,,128.9385945,35.25201899
마라30bb96ab,0,0,0,0,,,0,0,,128.9386343,35.25427254
마라30bb96ba,0,0,0,0,,,0,0,,128.9386742,35.25652609
마라30bb96bb,0,0,0,0,,,0,0,,128.938714,35.25877965
마라30bb97aa,0,0,0,0,,,0,0,,128.9387538,35.2610332
마라30bb97ab,0,0,0,0,,,0,0,,128.9387937,35.26328675
마라30bb97ba,0,0,0,0,,,0,0,,128.9388335,35.2655403
마라30bb97bb,0,0,0,0,,,0,0,,128.9388734,35.26779384
마라30bb98aa,0,0,0,0,,,0,0,,128.9389132,35.27004739
마라30bb98ab,0,0,0,0,,,0,0,,128.9389531,35.27230094
마라30bb98ba,0,0,0,0,,,0,0,,128.9389929,35.27455448
마라30bb98bb,0,0,0,0,,,0,0,,128.9390328,35.27680803
마라30bb99aa,0,0,0,0,,,0,0,,128.9390727,35.27906157
마라30bb99ab,0,0,0,0,,,0,0,,128.9391126,35.28131511
마라30bb99ba,0,0,0,0,,,0,0,,128.9391524,35.28356866
마라30bb99bb,0,0,0,0,,,0,0,,128.9391923,35.2858222
마라31aa93ab,0,0,0,0,,,0,0,,128.9409032,35.22719718
마라31aa93ba,1,0,0,0,,,0,0,,128.940943,35.22945074
마라31aa93bb,0,0,0,0,,,0,0,,128.9409829,35.2317043
마라31aa94aa,0,0,0,0,,,4,0,,128.9410227,35.23395786
마라31aa94ab,0,0,0,0,,0.0,0,0,,128.9410626,35.23621141
마라31aa94ba,0,0,0,0,,,0,0,,128.9411025,35.23846497
마라31aa94bb,1,0,0,0,,,0,0,15.71387283,128.9411423,35.24071853
마라31aa95aa,1,0,0,0,,0.0,0,0,,128.9411822,35.24297208
마라31aa95ab,3,0,0,0,,24.0,0,0,,128.9412221,35.24522564
마라31aa95ba,2,0,0,0,,0.0,0,0,,128.941262,35.24747919
마라31aa95bb,0,0,0,0,,,0,0,,128.9413019,35.24973274
마라31aa96aa,0,0,0,0,,,0,0,,128.9413418,35.25198629
마라31aa96ab,0,0,0,0,,,0,0,,128.9413817,35.25423984
마라31aa96ba,0,0,0,0,,,0,0,,128.9414216,35.25649339
마라31aa96bb,0,0,0,0,,,0,0,,128.9414615,35.25874694
마라31aa97aa,0,0,0,0,,,0,0,,128.9415014,35.26100049
마라31aa97ab,0,0,0,0,,,0,0,,128.9415413,35.26325404
마라31aa97ba,0,0,0,0,,,0,0,,128.9415812,35.26550758
마라31aa97bb,0,0,0,0,,,0,0,,128.9416212,35.26776113
마라31aa98aa,0,0,0,0,,,0,0,,128.9416611,35.27001467
마라31aa98ab,0,0,0,0,,,0,0,,128.941701,35.27226822
마라31aa98ba,0,0,0,0,,,0,0,,128.941741,35.27452176
마라31aa98bb,0,0,0,0,,,0,0,,128.9417809,35.2767753
마라31aa99aa,0,0,0,0,,,0,0,,128.9418209,35.27902884
마라31aa99ab,0,0,0,0,,,0,0,,128.9418608,35.28128238
마라31aa99ba,0,0,0,0,,,0,0,,128.9419008,35.28353592
마라31aa99bb,0,0,0,0,,,0,0,,128.9419407,35.28578946
마라31ab93ab,0,0,0,0,,,0,0,,128.9436496,35.22716445
마라31ab93ba,1,0,0,0,,0.0,0,0,,128.9436895,35.22941801
마라31ab93bb,0,0,0,0,,,0,0,,128.9437294,35.23167156
마라31ab94aa,1,0,0,0,,,0,0,,128.9437694,35.23392512
마라31ab94ab,2,0,0,0,,24.0,0,0,,128.9438093,35.23617867
마라31ab94ba,5,0,0,0,,64.0,0,0,,128.9438493,35.23843223
마라31ab94bb,0,0,0,0,,29.0,0,0,,128.9438892,35.24068578
마라31ab95aa,0,0,0,0,,0.0,0,0,,128.9439292,35.24293933
마라31ab95ab,0,0,0,0,,0.0,0,0,,128.9439691,35.24519289
마라31ab95ba,1,0,0,0,,0.0,0,0,,128.9440091,35.24744644
마라31ab95bb,0,0,0,0,,,0,0,,128.944049,35.24969999
마라31ab96aa,0,0,0,0,,,1,0,,128.944089,35.25195353
마라31ab96ab,2,0,0,0,,0.0,0,0,,128.944129,35.25420708
마라31ab96ba,0,0,0,0,,,0,0,,128.944169,35.25646063
마라31ab96bb,0,0,0,0,,,0,0,,128.944209,35.25871418
마라31ab97aa,0,0,0,0,,,0,0,,128.9442489,35.26096772
마라31ab97ab,0,0,0,0,,,0,0,,128.9442889,35.26322127
마라31ab97ba,0,0,0,0,,,0,0,,128.9443289,35.26547481
마라31ab97bb,0,0,0,0,,,0,0,,128.9443689,35.26772835
마라31ab98aa,0,0,0,0,,,0,0,,128.9444089,35.26998189
마라31ab98ab,0,0,0,0,,,0,0,,128.944449,35.27223543
마라31ab98ba,0,0,0,0,,,0,0,,128.944489,35.27448897
마라31ab98bb,0,0,0,0,,,0,0,,128.944529,35.27674251
마라31ab99aa,0,0,0,0,,,0,0,,128.944569,35.27899605
마라31ab99ab,0,0,0,0,,,0,0,,128.944609,35.28124959
마라31ab99ba,0,0,0,0,,,0,0,,128.9446491,35.28350313
마라31ab99bb,0,0,0,0,,,0,0,,128.9446891,35.28575666
마라31ba93aa,0,0,0,0,,,0,0,,128.946356,35.2248781
마라31ba93ab,0,0,0,0,,,0,0,,128.946396,35.22713166
마라31ba93ba,0,0,0,0,,,0,0,,128.946436,35.22938521
마라31ba93bb,4,0,0,0,,0.0,0,0,,128.946476,35.23163877
마라31ba94aa,7,1,0,0,,0.0,0,0,,128.946516,35.23389232
마라31ba94ab,12,0,0,0,,16.0,0,0,52.06430636,128.946556,35.23614587
마라31ba94ba,1,0,0,0,,52.0,0,0,,128.9465961,35.23839942
마라31ba94bb,2,0,0,0,,7.000000000000001,0,0,18.0,128.9466361,35.24065297
마라31ba95aa,0,0,0,0,,0.0,0,0,26.00144509,128.9466761,35.24290652
마라31ba95ab,0,0,0,0,,0.0,0,0,51.5650289,128.9467161,35.24516007
마라31ba95ba,0,0,0,0,,,0,0,,128.9467562,35.24741362
마라31ba95bb,0,0,0,0,,,0,0,,128.9467962,35.24966717
마라31ba96aa,0,0,0,0,,,0,0,,128.9468363,35.25192071
마라31ba96ab,0,0,0,0,,,0,0,,128.9468763,35.25417426
마라31ba96ba,0,0,0,0,,,0,0,,128.9469164,35.2564278
마라31ba96bb,0,0,0,0,,,0,0,,128.9469564,35.25868135
마라31ba97aa,0,0,0,0,,,0,0,,128.9469965,35.26093489
마라31ba97ab,0,0,0,0,,,0,0,,128.9470366,35.26318843
마라31ba97ba,0,0,0,0,,,0,0,,128.9470766,35.26544197
마라31ba97bb,0,0,0,0,,,0,0,,128.9471167,35.26769551
마라31ba98aa,0,0,0,0,,,0,0,,128.9471568,35.26994905
마라31ba98ab,0,0,0,0,,,0,0,,128.9471969,35.27220259
마라31ba98ba,0,0,0,0,,,0,0,,128.947237,35.27445613
마라31ba98bb,0,0,0,0,,,0,0,,128.9472771,35.27670966
마라31ba99aa,0,0,0,0,,,0,0,,128.9473172,35.2789632
마라31ba99ab,0,0,0,0,,,0,0,,128.9473573,35.28121673
마라31ba99ba,0,0,0,0,,,0,0,,128.9473974,35.28347027
마라31ba99bb,0,0,0,0,,,0,0,,128.9474375,35.2857238
마라31bb93aa,0,0,0,0,,,0,0,,128.9491023,35.22484525
마라31bb93ab,0,0,0,0,,,0,0,,128.9491424,35.2270988
마라31bb93ba,5,0,0,0,,0.0,0,0,,128.9491825,35.22935236
마라31bb93bb,1,0,0,0,,0.0,0,0,,128.9492226,35.23160591
마라31bb94aa,6,1,0,0,,9.0,0,0,,128.9492627,35.23385946
마라31bb94ab,22,0,0,1,,9.999999999999998,0,0,,128.9493027,35.23611301
마라31bb94ba,4,0,0,0,,21.0,0,0,,128.9493428,35.23836656
마라31bb94bb,0,0,0,0,,,0,0,,128.9493829,35.2406201
마라31bb95aa,0,0,0,0,,,0,0,,128.949423,35.24287365
마라31bb95ab,0,0,0,0,,,0,0,,128.9494632,35.2451272
마라31bb95ba,0,0,0,0,,,0,0,,128.9495033,35.24738074
마라31bb95bb,0,0,0,0,,,0,0,,128.9495434,35.24963429
마라31bb96aa,0,0,0,0,,,0,0,,128.9495835,35.25188783
마라31bb96ab,0,0,0,0,,,0,0,,128.9496236,35.25414137
마라31bb96ba,0,0,0,0,,,0,0,,128.9496638,35.25639491
마라31bb96bb,0,0,0,0,,,0,0,,128.9497039,35.25864846
마라31bb97aa,0,0,0,0,,,0,0,,128.949744,35.260902
마라31bb97ab,0,0,0,0,,,0,0,,128.9497842,35.26315553
마라31bb97ba,0,0,0,0,,,0,0,,128.9498243,35.26540907
마라31bb97bb,0,0,0,0,,,0,0,,128.9498645,35.26766261
마라31bb98aa,0,0,0,0,,,0,0,,128.9499047,35.26991615
마라31bb98ab,0,0,0,0,,,0,0,,128.9499448,35.27216968
마라31bb98ba,0,0,0,0,,,0,0,,128.949985,35.27442322
마라31bb98bb,0,0,0,0,,,0,0,,128.9500252,35.27667675
마라31bb99aa,0,0,0,0,,,0,0,,128.9500653,35.27893028
마라31bb99ab,0,0,0,0,,,0,0,,128.9501055,35.28118381
마라31bb99ba,0,0,0,0,,,0,0,,128.9501457,35.28343735
마라31bb99bb,0,0,0,0,,,0,0,,128.9501859,35.28569088
마라32aa93aa,0,0,0,0,,,0,0,,128.9518487,35.22481234
마라32aa93ab,0,0,0,0,,0.0,0,0,,128.9518888,35.22706589
마라32aa93ba,4,0,0,0,,12.0,0,0,,128.951929,35.22931944
마라32aa93bb,3,0,0,0,,21.0,0,0,,128.9519691,35.23157299
마라32aa94aa,2,0,0,0,,0.0,0,0,,128.9520093,35.23382653
마라32aa94ab,7,2,0,0,,0.0,0,0,,128.9520495,35.23608008
마라32aa94ba,3,0,0,0,,21.0,0,0,,128.9520896,35.23833363
마라32aa94bb,0,0,0,0,,,0,0,,128.9521298,35.24058717
마라32aa95aa,0,0,0,0,,,0,0,,128.95217,35.24284072
마라32aa95ab,0,0,0,0,,,0,0,,128.9522102,35.24509426
마라32aa95ba,0,0,0,0,,,0,0,,128.9522504,35.2473478
마라32aa95bb,0,0,0,0,,,0,0,,128.9522906,35.24960134
마라32aa96aa,0,0,0,0,,,0,0,,128.9523308,35.25185488
마라32aa96ab,0,0,0,0,,,0,0,,128.952371,35.25410842
마라32aa96ba,0,0,0,0,,,0,0,,128.9524112,35.25636196
마라32aa96bb,0,0,0,0,,,0,0,,128.9524514,35.2586155
마라32aa97aa,0,0,0,0,,,0,0,,128.9524916,35.26086904
마라32aa97ab,0,0,0,0,,,0,0,,128.9525318,35.26312257
마라32aa97ba,0,0,0,0,,,0,0,,128.952572,35.26537611
마라32aa97bb,0,0,0,0,,,0,0,,128.9526123,35.26762964
마라32aa98aa,0,0,0,0,,,0,0,,128.9526525,35.26988318
마라32aa98ab,0,0,0,0,,,0,0,,128.9526927,35.27213671
마라32aa98ba,0,0,0,0,,,0,0,,128.952733,35.27439024
마라32aa98bb,0,0,0,0,,,0,0,,128.9527732,35.27664377
마라32aa99aa,0,0,0,0,,,0,0,,128.9528135,35.2788973
마라32aa99ab,0,0,0,0,,,0,0,,128.9528537,35.28115083
마라32aa99ba,0,0,0,0,,,0,0,,128.952894,35.28340436
마라32aa99bb,0,0,0,0,,,0,0,,128.9529343,35.28565789
마라32ab93aa,0,0,0,0,,,0,0,,128.954595,35.22477936
마라32ab93ab,0,0,0,0,,,0,0,,128.9546352,35.22703291
마라32ab93ba,0,0,0,0,,0.0,0,0,,128.9546754,35.22928646
마라32ab93bb,1,0,0,0,,8.0,0,0,,128.9547157,35.23154
마라32ab94aa,0,0,0,0,,0.0,0,0,,128.9547559,35.23379355
마라32ab94ab,1,0,0,0,,0.0,0,0,,128.9547962,35.23604709
마라32ab94ba,2,0,0,0,,,0,0,,128.9548364,35.23830064
마라32ab94bb,0,0,0,0,,,0,0,,128.9548767,35.24055418
마라32ab95aa,0,0,0,0,,,0,0,,128.9549169,35.24280772
마라32ab95ab,0,0,0,0,,,0,0,,128.9549572,35.24506126
마라32ab95ba,0,0,0,0,,,0,0,,128.9549974,35.2473148
마라32ab95bb,0,0,0,0,,,0,0,,128.9550377,35.24956834
마라32ab96aa,1,0,0,0,,,0,0,30.43208092,128.955078,35.25182188
마라32ab96ab,0,0,0,0,,,0,0,,128.9551183,35.25407541
마라32ab96ba,0,0,0,0,,,0,0,,128.9551586,35.25632895
마라32ab96bb,0,0,0,0,,,0,0,,128.9551988,35.25858249
마라32ab97aa,0,0,0,0,,,0,0,,128.9552391,35.26083602
마라32ab97ab,0,0,0,0,,,0,0,,128.9552794,35.26308955
마라32ab97ba,0,0,0,0,,,0,0,,128.9553197,35.26534309
마라32ab97bb,0,0,0,0,,,0,0,,128.95536,35.26759662
마라32ab98aa,0,0,0,0,,,0,0,,128.9554003,35.26985015
마라32ab98ab,0,0,0,0,,,0,0,,128.9554407,35.27210368
마라32ab98ba,0,0,0,0,,,0,0,,128.955481,35.27435721
마라32ab98bb,0,0,0,0,,,0,0,,128.9555213,35.27661074
마라32ab99aa,0,0,0,0,,,0,0,,128.9555616,35.27886426
마라32ab99ab,0,0,0,0,,,0,0,,128.955602,35.28111779
마라32ab99ba,0,0,0,0,,,0,0,,128.9556423,35.28337132
마라32ab99bb,0,0,0,0,,,0,0,,128.9556826,35.28562484
마라32ba93aa,0,0,0,0,,,0,0,,128.9573413,35.22474633
마라32ba93ab,0,0,0,0,,0.0,0,0,,128.9573816,35.22699987
마라32ba93ba,0,0,0,0,,0.0,0,0,,128.9574219,35.22925342
마라32ba93bb,7,0,0,0,,13.0,0,0,,128.9574622,35.23150696
마라32ba94aa,0,0,0,0,,,0,0,,128.9575025,35.2337605
마라32ba94ab,0,0,0,0,,,0,0,,128.9575429,35.23601404
마라32ba94ba,0,0,0,0,,,0,0,,128.9575832,35.23826758
마라32ba94bb,0,0,0,0,,,0,0,,128.9576235,35.24052112
마라32ba95aa,0,0,0,0,,,0,0,,128.9576638,35.24277466
마라32ba95ab,0,0,0,0,,,0,0,,128.9577042,35.2450282
마라32ba95ba,1,0,0,0,,6.0,0,0,,128.9577445,35.24728174
마라32ba95bb,2,0,0,0,,19.0,0,0,,128.9577849,35.24953527
마라32ba96aa,0,0,0,0,,0.0,12,0,,128.9578252,35.25178881
마라32ba96ab,0,0,0,0,,,0,0,34.56054913,128.9578656,35.25404234
마라32ba96ba,4,0,0,0,,,0,0,,128.9579059,35.25629587
마라32ba96bb,1,0,0,0,,,0,0,,128.9579463,35.25854941
마라32ba97aa,3,0,0,0,,0.0,0,0,,128.9579867,35.26080294
마라32ba97ab,0,0,0,0,,0.0,0,0,,128.958027,35.26305647
마라32ba97ba,0,0,0,0,,,0,0,,128.9580674,35.26531
마라32ba97bb,0,0,0,0,,,0,0,,128.9581078,35.26756353
마라32ba98aa,0,0,0,0,,,0,0,,128.9581482,35.26981706
마라32ba98ab,0,0,0,0,,,0,0,,128.9581886,35.27207058
마라32ba98ba,0,0,0,0,,,0,0,,128.958229,35.27432411
마라32ba98bb,0,0,0,0,,,0,0,,128.9582694,35.27657764
마라32ba99aa,0,0,0,0,,,0,0,,128.9583098,35.27883116
마라32ba99ab,0,0,0,0,,,0,0,,128.9583502,35.28108468
마라32ba99ba,0,0,0,0,,,0,0,,128.9583906,35.28333821
마라32ba99bb,0,0,0,0,,,0,0,,128.958431,35.28559173
마라32bb93aa,0,0,0,0,,,0,0,,128.9600876,35.22471323
마라32bb93ab,0,0,0,0,,,0,0,,128.960128,35.22696677
마라32bb93ba,0,0,0,0,,0.0,0,0,,128.9601684,35.22922031
마라32bb93bb,3,0,0,0,,0.0,0,0,,128.9602088,35.23147385
마라32bb94aa,0,0,0,0,,0.0,0,0,,128.9602492,35.23372739
마라32bb94ab,0,0,0,0,,,0,0,,128.9602896,35.23598093
마라32bb94ba,1,0,0,0,,,0,0,,128.96033,35.23823447
마라32bb94bb,1,0,0,0,,,0,0,,128.9603704,35.240488
마라32bb95aa,11,0,0,0,,13.0,0,0,,128.9604108,35.24274154
마라32bb95ab,7,0,0,0,,25.0,0,0,,128.9604512,35.24499507
마라32bb95ba,14,0,0,0,,0.0,0,0,,128.9604916,35.24724861
마라32bb95bb,5,0,0,0,,18.0,0,0,,128.960532,35.24950214
마라32bb96aa,3,0,0,0,,14.0,0,0,,128.9605724,35.25175567
마라32bb96ab,0,0,0,0,,,0,0,,128.9606129,35.25400921
마라32bb96ba,0,0,0,0,,,0,0,,128.9606533,35.25626274
마라32bb96bb,0,0,0,0,,,0,0,,128.9606938,35.25851627
마라32bb97aa,1,0,0,0,,0.0,0,0,,128.9607342,35.2607698
마라32bb97ab,0,0,0,0,,0.0,0,0,31.34393064,128.9607746,35.26302332
마라32bb97ba,0,0,0,0,,,0,0,,128.9608151,35.26527685
마라32bb97bb,0,0,0,0,,,0,0,,128.9608556,35.26753038
마라32bb98aa,0,0,0,0,,,0,0,,128.960896,35.2697839
마라32bb98ab,0,0,0,0,,,0,0,,128.9609365,35.27203743
마라32bb98ba,0,0,0,0,,,0,0,,128.960977,35.27429095
마라32bb98bb,0,0,0,0,,,0,0,,128.9610174,35.27654447
마라32bb99aa,0,0,0,0,,,0,0,,128.9610579,35.27879799
마라32bb99ab,0,0,0,0,,,0,0,,128.9610984,35.28105152
마라32bb99ba,0,0,0,0,,,0,0,,128.9611389,35.28330504
마라32bb99bb,0,0,0,0,,,0,0,,128.9611794,35.28555855
마라33aa93ab,0,0,0,0,,,0,0,,128.9628744,35.2269336
마라33aa93ba,0,0,0,0,,6.0,0,0,,128.9629148,35.22918714
마라33aa93bb,2,0,0,0,,12.0,0,0,,128.9629553,35.23144068
마라33aa94aa,0,0,0,0,,0.0,0,0,,128.9629958,35.23369422
마라33aa94ab,0,0,0,0,,0.0,0,0,,128.9630362,35.23594775
마라33aa94ba,2,0,0,0,,6.0,0,0,14.20086705,128.9630767,35.23820129
마라33aa94bb,0,0,0,0,,0.0,0,0,,128.9631172,35.24045482
마라33aa95aa,1,0,0,0,,,0,0,,128.9631577,35.24270836
마라33aa95ab,2,0,0,0,,0.0,0,0,,128.9631982,35.24496189
마라33aa95ba,2,0,0,0,,,0,0,,128.9632387,35.24721542
마라33aa95bb,0,0,0,0,,0.0,0,0,,128.9632792,35.24946895
마라33aa96aa,0,0,0,0,,,0,0,,128.9633197,35.25172248
마라33aa96ab,0,0,0,0,,0.0,0,0,,128.9633602,35.25397601
마라33aa96ba,0,0,0,0,,,0,0,,128.9634007,35.25622954
마라33aa96bb,0,0,0,0,,,0,0,,128.9634412,35.25848306
마라33aa97aa,0,0,0,0,,,0,0,,128.9634817,35.26073659
마라33aa97ab,1,0,0,0,,,0,0,,128.9635223,35.26299011
마라33aa97ba,0,0,0,0,,,0,0,,128.9635628,35.26524364
마라33aa97bb,0,0,0,0,,,0,0,,128.9636033,35.26749716
마라33aa98aa,0,0,0,0,,,0,0,,128.9636439,35.26975068
마라33aa98ab,0,0,0,0,,,0,0,,128.9636844,35.27200421
마라33aa98ba,0,0,0,0,,,0,0,,128.9637249,35.27425773
마라33aa98bb,0,0,0,0,,,0,0,,128.9637655,35.27651125
마라33aa99aa,0,0,0,0,,,0,0,,128.9638061,35.27876477
마라33aa99ab,0,0,0,0,,,0,0,,128.9638466,35.28101828
마라33aa99ba,0,0,0,0,,,0,0,,128.9638872,35.2832718
마라33aa99bb,0,0,0,0,,,0,0,,128.9639278,35.28552532
마라33ab93ab,0,0,0,0,,,0,0,,128.9656208,35.22690038
마라33ab93ba,2,0,0,0,,14.0,0,0,,128.9656613,35.22915391
마라33ab93bb,0,0,0,0,,0.0,0,0,16.87427746,128.9657018,35.23140745
마라33ab94aa,0,0,0,0,,0.0,0,0,,128.9657424,35.23366098
마라33ab94ab,4,0,0,0,,0.0,0,0,,128.9657829,35.23591452
마라33ab94ba,5,0,0,0,,0.0,0,0,40.91907514,128.9658235,35.23816805
마라33ab94bb,0,0,0,0,,0.0,0,0,,128.965864,35.24042158
마라33ab95aa,0,0,0,0,,,0,0,,128.9659046,35.24267511
마라33ab95ab,0,0,0,0,,,0,0,,128.9659452,35.24492864
마라33ab95ba,0,0,0,0,,,0,0,,128.9659857,35.24718217
마라33ab95bb,0,0,0,0,,,0,0,,128.9660263,35.2494357
마라33ab96aa,0,0,0,0,,,0,0,,128.9660669,35.25168922
마라33ab96ab,0,0,0,0,,,0,0,,128.9661075,35.25394275
마라33ab96ba,0,0,0,0,,,0,0,,128.9661481,35.25619627
마라33ab96bb,0,0,0,0,,,0,0,,128.9661887,35.2584498
마라33ab97aa,0,0,0,0,,,0,0,,128.9662292,35.26070332
마라33ab97ab,0,0,0,0,,,0,0,,128.9662698,35.26295684
마라33ab97ba,0,0,0,0,,,0,0,,128.9663105,35.26521037
마라33ab97bb,0,0,0,0,,,0,0,,128.9663511,35.26746389
마라33ab98aa,0,0,0,0,,,0,0,,128.9663917,35.26971741
마라33ab98ab,0,0,0,0,,,0,0,,128.9664323,35.27197092
마라33ab98ba,0,0,0,0,,,0,0,,128.9664729,35.27422444
마라33ab98bb,0,0,0,0,,,0,0,,128.9665136,35.27647796
마라33ab99aa,0,0,0,0,,,0,0,,128.9665542,35.27873148
마라33ab99ab,0,0,0,0,,,0,0,,128.9665948,35.28098499
마라33ab99ba,0,0,0,0,,,0,0,,128.9666355,35.28323851
마라33ab99bb,0,0,0,0,,,0,0,,128.9666761,35.28549202
마라33ba93ab,0,0,0,0,,,0,0,,128.9683671,35.22686709
마라33ba93ba,3,0,0,0,,18.0,0,0,,128.9684078,35.22912062
마라33ba93bb,9,0,0,0,,28.000000000000004,0,0,43.0,128.9684484,35.23137415
마라33ba94aa,1,0,0,0,,8.0,0,0,,128.968489,35.23362768
마라33ba94ab,0,0,0,0,,,0,0,,128.9685296,35.23588121
마라33ba94ba,0,0,0,0,,,0,0,,128.9685702,35.23813474
마라33ba94bb,2,0,0,0,,0.0,0,0,,128.9686109,35.24038827
마라33ba95aa,0,0,0,0,,,0,0,,128.9686515,35.2426418
마라33ba95ab,1,0,0,0,,0.0,0,0,,128.9686921,35.24489533
마라33ba95ba,0,0,0,0,,,0,0,,128.9687328,35.24714885
마라33ba95bb,0,0,0,0,,,0,0,,128.9687734,35.24940238
마라33ba96aa,0,0,0,0,,,0,0,,128.9688141,35.2516559
마라33ba96ab,0,0,0,0,,,0,0,,128.9688548,35.25390943
마라33ba96ba,0,0,0,0,,,0,0,,128.9688954,35.25616295
마라33ba96bb,0,0,0,0,,,0,0,,128.9689361,35.25841647
마라33ba97aa,0,0,0,0,,,0,0,,128.9689768,35.26066999
마라33ba97ab,0,0,0,0,,,0,0,,128.9690174,35.26292351
마라33ba97ba,0,0,0,0,,,0,0,,128.9690581,35.26517703
마라33ba97bb,0,0,0,0,,,0,0,,128.9690988,35.26743055
마라33ba98aa,0,0,0,0,,,0,0,,128.9691395,35.26968406
마라33ba98ab,1,0,0,0,,,0,0,,128.9691802,35.27193758
마라33ba98ba,0,0,0,0,,,0,0,,128.9692209,35.2741911
마라33ba98bb,0,0,0,0,,,0,0,,128.9692616,35.27644461
마라33ba99aa,0,0,0,0,,,0,0,,128.9693023,35.27869812
마라33ba99ab,0,0,0,0,,,0,0,,128.969343,35.28095164
마라33ba99ba,0,0,0,0,,,0,0,,128.9693837,35.28320515
마라33ba99bb,0,0,0,0,,,0,0,,128.9694245,35.28545866
마라33bb93ab,0,0,0,0,,,0,0,,128.9711135,35.22683374
마라33bb93ba,0,0,0,0,,18.0,0,0,,128.9711542,35.22908727
마라33bb93bb,0,0,0,0,,6.0,0,0,,128.9711949,35.2313408
마라33bb94aa,0,0,0,0,,12.0,0,0,,128.9712356,35.23359432
마라33bb94ab,4,0,0,0,,11.0,0,0,,128.9712763,35.23584785
마라33bb94ba,1,0,0,0,,,0,0,,128.971317,35.23810138
마라33bb94bb,3,0,0,0,,0.0,0,0,22.0,128.9713577,35.2403549
마라33bb95aa,21,0,0,0,,22.0,0,0,,128.9713984,35.24260843
마라33bb95ab,15,0,0,0,,92.0,0,0,24.0,128.9714391,35.24486195
마라33bb95ba,0,0,0,0,,,0,0,,128.9714799,35.24711548
마라33bb95bb,0,0,0,0,,,0,0,,128.9715206,35.249369
마라33bb96aa,0,0,0,0,,,0,0,,128.9715613,35.25162252
마라33bb96ab,0,0,0,0,,,0,0,,128.971602,35.25387604
마라33bb96ba,0,0,0,0,,,0,0,,128.9716428,35.25612956
마라33bb96bb,0,0,0,0,,,0,0,,128.9716835,35.25838308
마라33bb97aa,0,0,0,0,,,0,0,,128.9717243,35.2606366
마라33bb97ab,0,0,0,0,,,0,0,,128.971765,35.26289011
마라33bb97ba,0,0,0,0,,,0,0,,128.9718058,35.26514363
마라33bb97bb,0,0,0,0,,,0,0,,128.9718466,35.26739715
마라33bb98aa,0,0,0,0,,,0,0,,128.9718873,35.26965066
마라33bb98ab,1,0,0,0,,0.0,0,0,27.60693642,128.9719281,35.27190417
마라33bb98ba,0,0,0,0,,0.0,0,0,,128.9719689,35.27415769
마라33bb98bb,0,0,0,0,,0.0,0,0,,128.9720096,35.2764112
마라33bb99aa,0,0,0,0,,,0,0,,128.9720504,35.27866471
마라33bb99ab,0,0,0,0,,,0,0,,128.9720912,35.28091822
마라33bb99ba,0,0,0,0,,,0,0,,128.972132,35.28317173
마라33bb99bb,0,0,0,0,,,0,0,,128.9721728,35.28542524
마라34aa93ab,0,0,0,0,,,0,0,,128.9738599,35.22680032
마라34aa93ba,1,0,0,0,,0.0,0,0,33.21893064,128.9739007,35.22905385
마라34aa93bb,2,0,0,0,,9.0,0,0,,128.9739414,35.23130738
마라34aa94aa,0,0,0,0,,0.0,0,0,,128.9739822,35.2335609
마라34aa94ab,7,0,0,0,,28.000000000000004,0,0,,128.974023,35.23581443
마라34aa94ba,9,0,0,0,,18.0,0,0,,128.9740637,35.23806795
마라34aa94bb,0,0,0,0,,,0,0,,128.9741045,35.24032147
마라34aa95aa,8,0,0,0,,9.999999999999998,0,0,,128.9741453,35.242575
마라34aa95ab,1,0,0,0,,0.0,0,0,,128.9741861,35.24482852
마라34aa95ba,0,0,0,0,,,0,0,,128.9742269,35.24708204
마라34aa95bb,4,0,0,0,,0.0,0,0,,128.9742677,35.24933556
마라34aa96aa,0,0,0,0,,,0,0,,128.9743085,35.25158908
마라34aa96ab,0,0,0,0,,,0,0,,128.9743493,35.25384259
마라34aa96ba,0,0,0,0,,,0,0,,128.9743901,35.25609611
마라34aa96bb,0,0,0,0,,,0,0,,128.974431,35.25834963
마라34aa97aa,0,0,0,0,,,0,0,,128.9744718,35.26060314
마라34aa97ab,0,0,0,0,,,0,0,,128.9745126,35.26285666
마라34aa97ba,0,0,0,0,,,0,0,,128.9745534,35.26511017
마라34aa97bb,0,0,0,0,,,0,0,,128.9745943,35.26736368
마라34aa98aa,0,0,0,0,,,0,0,,128.9746351,35.26961719
마라34aa98ab,1,0,0,0,,22.0,0,0,,128.974676,35.2718707
마라34aa98ba,0,0,0,0,,0.0,0,0,,128.9747168,35.27412421
마라34aa98bb,0,0,0,0,,,0,0,,128.9747577,35.27637772
마라34aa99aa,2,0,0,0,,0.0,0,0,,128.9747985,35.27863123
마라34aa99ab,1,0,0,0,,,0,0,,128.9748394,35.28088474
마라34aa99ba,0,0,0,0,,,0,0,,128.9748803,35.28313824
마라34aa99bb,0,0,0,0,,,0,0,,128.9749212,35.28539175
마라34ab93ab,0,0,0,0,,,0,0,,128.9766063,35.22676685
마라34ab93ba,1,0,0,0,,0.0,0,0,,128.9766471,35.22902037
마라34ab93bb,4,0,0,0,,18.0,0,0,,128.9766879,35.2312739
마라34ab94aa,2,0,0,0,,0.0,0,0,,128.9767288,35.23352742
마라34ab94ab,1,0,0,0,,0.0,0,0,,128.9767696,35.23578094
마라34ab94ba,0,0,0,0,,,0,0,,128.9768105,35.23803446
마라34ab94bb,0,0,0,0,,0.0,0,0,,128.9768513,35.24028798
마라34ab95aa,0,0,0,0,,0.0,0,0,,128.9768922,35.2425415
마라34ab95ab,6,0,0,0,,,0,0,,128.9769331,35.24479502
마라34ab95ba,0,0,0,0,,,0,0,,128.976974,35.24704854
마라34ab95bb,0,0,0,0,,,0,0,,128.9770148,35.24930205
마라34ab96aa,0,0,0,0,,,0,0,,128.9770557,35.25155557
마라34ab96ab,0,0,0,0,,,0,0,,128.9770966,35.25380908
마라34ab96ba,0,0,0,0,,,0,0,,128.9771375,35.2560626
마라34ab96bb,0,0,0,0,,,0,0,,128.9771784,35.25831611
마라34ab97aa,0,0,0,0,,,0,0,,128.9772193,35.26056962
마라34ab97ab,0,0,0,0,,27.0,0,0,,128.9772602,35.26282314
마라34ab97ba,1,0,0,0,,0.0,0,0,,128.9773011,35.26507665
마라34ab97bb,2,0,0,0,,,10,0,,128.977342,35.26733016
마라34ab98aa,0,0,0,0,,,0,0,,128.9773829,35.26958366
마라34ab98ab,2,0,0,0,,8.0,0,0,,128.9774239,35.27183717
마라34ab98ba,0,0,0,0,,17.0,0,0,,128.9774648,35.27409068
마라34ab98bb,0,0,0,0,,12.0,0,0,,128.9775057,35.27634419
마라34ab99aa,3,0,0,0,,0.0,0,0,,128.9775467,35.27859769
마라34ab99ab,2,0,0,0,,7.000000000000001,0,0,,128.9775876,35.2808512
마라34ab99ba,0,0,0,0,,,0,0,,128.9776285,35.2831047
마라34ab99bb,0,0,0,0,,,0,0,,128.9776695,35.2853582
마라34ba93ba,4,0,0,0,,7.000000000000001,0,0,,128.9793935,35.22898683
마라34ba93bb,7,0,0,0,,16.0,0,0,,128.9794344,35.23124035
마라34ba94aa,0,0,0,0,,0.0,0,0,19.5,128.9794754,35.23349387
마라34ba94ab,0,0,0,0,,0.0,0,0,,128.9795163,35.23574739
마라34ba94ba,0,0,0,0,,0.0,0,0,,128.9795572,35.23800091
마라34ba94bb,0,0,0,0,,0.0,0,0,,128.9795982,35.24025443
마라34ba95aa,15,0,0,3,,37.0,15,0,,128.9796391,35.24250794
마라34ba95ab,0,0,0,0,,,0,0,,128.97968,35.24476146
마라34ba95ba,0,0,0,0,,,0,0,,128.979721,35.24701497
마라34ba95bb,0,0,0,0,,,0,0,,128.9797619,35.24926849
마라34ba96aa,11,0,0,0,,39.0,0,0,,128.9798029,35.251522
마라34ba96ab,0,0,0,0,,0.0,0,0,,128.9798439,35.25377551
마라34ba96ba,0,0,0,0,,,8,0,,128.9798848,35.25602902
마라34ba96bb,2,0,0,0,,,0,0,,128.9799258,35.25828253
마라34ba97aa,1,0,0,0,,0.0,0,0,,128.9799668,35.26053604
마라34ba97ab,30,0,0,0,,20.0,0,0,,128.9800078,35.26278955
마라34ba97ba,6,0,0,0,,0.0,0,0,,128.9800488,35.26504306
마라34ba97bb,14,2,0,0,,0.0,0,0,,128.9800897,35.26729657
마라34ba98aa,2,0,0,0,,0.0,0,0,,128.9801307,35.26955007
마라34ba98ab,6,0,0,0,,9.999999999999998,0,0,,128.9801717,35.27180358
마라34ba98ba,0,0,0,1,,0.0,0,0,,128.9802127,35.27405708
마라34ba98bb,0,0,0,0,,0.0,0,0,,128.9802538,35.27631059
마라34ba99aa,5,0,0,0,,9.0,0,0,,128.9802948,35.27856409
마라34ba99ab,16,0,0,0,,50.0,0,0,,128.9803358,35.28081759
마라34ba99ba,8,0,0,0,,9.999999999999998,0,0,,128.9803768,35.28307109
마라34ba99bb,0,0,0,0,,,0,0,,128.9804178,35.28532459
마라34bb93ba,0,0,0,0,,6.0,0,0,,128.98214,35.22895323
마라34bb93bb,11,0,0,0,,9.999999999999998,0,0,,128.982181,35.23120675
마라34bb94aa,4,0,0,0,,0.0,0,0,,128.9822219,35.23346026
마라34bb94ab,1,0,0,0,,0.0,0,0,25.0,128.982263,35.23571378
마라34bb94ba,3,0,0,0,,8.0,0,0,26.0,128.982304,35.23796729
마라34bb94bb,0,0,0,0,,0.0,0,0,,128.982345,35.24022081
마라34bb95aa,19,2,0,1,,17.0,13,0,17.34393064,128.982386,35.24247432
마라34bb95ab,12,0,0,0,,12.0,0,0,,128.982427,35.24472784
마라34bb95ba,4,0,0,0,,0.0,0,0,,128.982468,35.24698135
마라34bb95bb,7,2,0,0,,0.0,0,0,,128.9825091,35.24923486
마라34bb96aa,9,0,0,0,,9.0,0,0,,128.9825501,35.25148837
마라34bb96ab,1,0,0,0,,,0,0,,128.9825911,35.25374188
마라34bb96ba,1,0,0,0,,,0,0,,128.9826322,35.25599539
마라34bb96bb,2,0,0,0,,0.0,0,0,,128.9826732,35.2582489
마라34bb97aa,10,0,0,0,,9.999999999999998,0,0,,128.9827143,35.2605024
마라34bb97ab,8,0,0,0,,,0,0,,128.9827553,35.26275591
마라34bb97ba,0,0,0,0,,,0,0,,128.9827964,35.26500941
마라34bb97bb,0,0,0,0,,,0,0,,128.9828375,35.26726292
마라34bb98aa,0,0,0,0,,,0,0,,128.9828785,35.26951642
마라34bb98ab,5,0,0,0,,0.0,0,0,,128.9829196,35.27176992
마라34bb98ba,5,3,0,0,,14.0,0,0,,128.9829607,35.27402342
마라34bb98bb,0,0,0,0,,,0,0,,128.9830018,35.27627692
마라34bb99aa,2,0,0,0,,,0,0,31.15823699,128.9830429,35.27853042
마라34bb99ab,1,0,0,0,,,0,0,,128.983084,35.28078392
마라34bb99ba,0,0,0,0,,0.0,0,0,31.57369942,128.9831251,35.28303742
마라34bb99bb,1,0,0,0,,,0,0,,128.9831662,35.28529092
마라35aa93ba,0,0,0,0,,,0,0,,128.9848864,35.22891956
마라35aa93bb,2,0,0,0,,12.0,0,0,7.0,128.9849275,35.23117308
마라35aa94aa,2,0,0,0,,9.0,0,0,,128.9849685,35.23342659
마라35aa94ab,17,0,1,0,,0.0,0,0,,128.9850096,35.23568011
마라35aa94ba,16,0,0,0,,18.0,0,0,,128.9850507,35.23793362
마라35aa94bb,2,0,0,0,,0.0,0,0,,128.9850918,35.24018713
마라35aa95aa,3,0,0,0,,0.0,0,0,,128.9851329,35.24244064
마라35aa95ab,5,0,0,0,,0.0,0,0,,128.985174,35.24469415
마라35aa95ba,0,0,0,0,,,0,0,,128.9852151,35.24694766
마라35aa95bb,0,0,0,0,,,0,0,,128.9852562,35.24920117
마라35aa96aa,0,0,0,0,,,0,0,,128.9852973,35.25145468
마라35aa96ab,1,0,0,0,,,0,0,,128.9853384,35.25370818
마라35aa96ba,3,0,0,0,,0.0,0,0,,128.9853795,35.25596169
마라35aa96bb,0,0,0,0,,,0,0,,128.9854206,35.25821519
마라35aa97aa,2,0,0,0,,0.0,0,0,,128.9854618,35.2604687
마라35aa97ab,1,0,0,0,,,0,0,,128.9855029,35.2627222
마라35aa97ba,0,0,0,0,,,0,0,,128.985544,35.2649757
마라35aa97bb,0,0,0,0,,0.0,0,0,,128.9855852,35.2672292
마라35aa98aa,0,0,0,0,,0.0,0,0,,128.9856263,35.2694827
마라35aa98ab,0,0,0,0,,,0,0,,128.9856675,35.2717362
마라35aa98ba,10,0,0,0,,,0,0,,128.9857086,35.2739897
마라35aa98bb,2,0,0,0,,,0,0,,128.9857498,35.2762432
마라35aa99aa,2,0,0,0,,,0,0,,128.985791,35.2784967
마라35aa99ab,3,0,0,0,,,0,0,19.0,128.9858321,35.28075019
마라35aa99ba,0,0,0,0,,,0,0,,128.9858733,35.28300369
마라35aa99bb,0,0,0,0,,,0,0,25.23699422,128.9859145,35.28525718
마라35ab93bb,5,0,0,0,,11.0,0,0,33.59913295,128.987674,35.23113935
마라35ab94aa,7,0,0,0,,13.0,0,0,,128.9877151,35.23339286
마라35ab94ab,7,0,0,0,,15.0,0,0,,128.9877563,35.23564637
마라35ab94ba,8,0,0,0,,28.000000000000004,0,0,,128.9877974,35.23789988
마라35ab94bb,0,0,0,0,,11.0,0,0,,128.9878386,35.24015339
마라35ab95aa,1,0,0,0,,,0,0,,128.9878797,35.2424069
마라35ab95ab,0,0,0,0,,0.0,0,0,,128.9879209,35.2446604
마라35ab95ba,0,0,0,0,,0.0,0,0,,128.9879621,35.24691391
마라35ab95bb,0,0,0,0,,0.0,0,0,,128.9880033,35.24916742
마라35ab96aa,1,0,0,0,,0.0,0,0,,128.9880445,35.25142092
마라35ab96ab,0,0,0,0,,,0,0,,128.9880857,35.25367442
마라35ab96ba,0,0,0,0,,0.0,0,0,,128.9881269,35.25592793
마라35ab96bb,0,0,0,0,,,0,0,,128.9881681,35.25818143
마라35ab97aa,0,0,0,0,,,0,0,,128.9882093,35.26043493
마라35ab97ab,0,0,0,0,,,0,0,,128.9882505,35.26268843
마라35ab97ba,1,0,0,0,,,0,0,,128.9882917,35.26494193
마라35ab97bb,10,0,0,0,,44.0,0,0,,128.9883329,35.26719543
마라35ab98aa,3,0,0,0,,20.0,0,0,,128.9883741,35.26944893
마라35ab98ab,0,0,0,0,,,0,0,,128.9884153,35.27170242
마라35ab98ba,5,0,0,0,,,0,0,,128.9884566,35.27395592
마라35ab98bb,7,0,0,0,,,0,0,,128.9884978,35.27620941
마라35ab99aa,5,0,0,0,,,0,0,,128.9885391,35.27846291
마라35ab99ab,14,0,0,0,,,0,0,,128.9885803,35.2807164
마라35ab99ba,2,0,0,0,,,0,0,,128.9886216,35.28296989
마라35ab99bb,0,0,0,0,,,0,0,,128.9886628,35.28522338
마라35ba93bb,1,0,0,0,,,0,0,,128.9904204,35.23110555
마라35ba94aa,4,0,0,0,,12.0,0,0,,128.9904617,35.23335906
마라35ba94ab,6,0,0,0,,6.0,0,0,,128.9905029,35.23561257
마라35ba94ba,24,0,0,0,,39.99999999999999,0,0,,128.9905441,35.23786608
마라35ba94bb,0,0,0,0,,6.0,0,0,,128.9905854,35.24011958
마라35ba95aa,0,0,0,0,,0.0,0,0,,128.9906266,35.24237309
마라35ba95ab,0,0,0,0,,,0,0,,128.9906679,35.24462659
마라35ba95ba,0,0,0,0,,,0,0,,128.9907091,35.2468801
마라35ba95bb,0,0,0,0,,,0,0,,128.9907504,35.2491336
마라35ba96aa,0,0,0,0,,,0,0,,128.9907916,35.2513871
마라35ba96ab,0,0,0,0,,,0,0,,128.9908329,35.2536406
마라35ba96ba,0,0,0,0,,,0,0,,128.9908742,35.2558941
마라35ba96bb,2,0,0,0,,,0,0,,128.9909155,35.2581476
마라35ba97aa,3,0,0,0,,0.0,0,0,,128.9909567,35.2604011
마라35ba97ab,0,0,0,0,,0.0,0,0,,128.990998,35.2626546
마라35ba97ba,0,0,0,0,,,0,0,,128.9910393,35.26490809
마라35ba97bb,4,0,0,0,,23.0,0,0,,128.9910806,35.26716159
마라35ba98aa,0,0,0,0,,0.0,0,0,,128.9911219,35.26941509
마라35ba98ab,11,0,0,0,,,0,0,,128.9911632,35.27166858
마라35ba98ba,1,0,0,0,,,0,0,,128.9912045,35.27392207
마라35ba98bb,1,0,0,0,,,0,0,,128.9912458,35.27617556
마라35ba99aa,4,0,0,0,,,0,0,,128.9912871,35.27842906
마라35ba99ab,9,0,0,0,,,0,0,,128.9913285,35.28068255
마라35ba99ba,0,0,0,0,,,0,0,,128.9913698,35.28293604
마라35ba99bb,0,0,0,0,,,0,0,,128.9914111,35.28518952
마라35bb94aa,4,0,0,0,,,0,0,,128.9932082,35.2333252
마라35bb94ab,22,0,0,1,,58.0,0,0,16.53034682,128.9932495,35.23557871
마라35bb94ba,88,0,0,1,,64.0,0,0,,128.9932909,35.23783221
마라35bb94bb,20,0,0,0,,34.0,0,0,,128.9933322,35.24008572
마라35bb95aa,3,0,0,0,,0.0,0,0,,128.9933735,35.24233922
마라35bb95ab,3,0,0,0,,,0,0,,128.9934148,35.24459272
마라35bb95ba,0,0,0,0,,,0,0,,128.9934561,35.24684622
마라35bb95bb,0,0,0,0,,,0,0,,128.9934975,35.24909972
마라35bb96aa,0,0,0,0,,,0,0,,128.9935388,35.25135322
마라35bb96ab,1,0,0,0,,0.0,0,0,,128.9935802,35.25360672
마라35bb96ba,0,0,0,0,,,0,0,,128.9936215,35.25586022
마라35bb96bb,0,0,0,0,,0.0,0,0,,128.9936629,35.25811371
마라35bb97aa,0,0,0,0,,,0,0,,128.9937042,35.26036721
마라35bb97ab,0,0,0,0,,,0,0,,128.9937456,35.2626207
마라35bb97ba,0,0,0,0,,,0,0,,128.9937869,35.2648742
마라35bb97bb,1,0,0,0,,0.0,0,0,19.92427746,128.9938283,35.26712769
마라35bb98aa,1,0,0,0,,8.0,0,0,,128.9938697,35.26938118
마라35bb98ab,14,0,0,0,,,0,0,,128.9939111,35.27163467
마라35bb98ba,13,0,0,0,,,0,0,,128.9939525,35.27388816
마라35bb98bb,0,0,0,0,,,0,0,23.0,128.9939938,35.27614165
마라35bb99aa,13,0,0,0,,,0,0,,128.9940352,35.27839514
마라35bb99ab,13,0,0,0,,0.0,0,0,,128.9940766,35.28064863
마라35bb99ba,3,0,0,0,,39.99999999999999,0,0,,128.994118,35.28290212
마라35bb99bb,2,0,0,0,,0.0,0,0,,128.9941594,35.2851556
마라36aa94aa,0,0,0,0,,,0,0,,128.9959548,35.23329128
마라36aa94ab,0,0,0,0,,,0,0,,128.9959962,35.23554479
마라36aa94ba,1,0,0,0,,9.0,0,0,31.0,128.9960376,35.23779829
마라36aa94bb,5,0,0,0,,26.0,0,0,,128.996079,35.24005179
마라36aa95aa,9,0,0,0,,0.0,0,0,,128.9961204,35.24230529
마라36aa95ab,11,0,0,0,,25.0,0,0,,128.9961618,35.24455879
마라36aa95ba,10,0,0,0,,0.0,0,0,,128.9962032,35.24681229
마라36aa95bb,2,0,0,0,,0.0,0,0,,128.9962446,35.24906578
마라36aa96aa,12,0,0,0,,26.0,0,0,,128.996286,35.25131928
마라36aa96ab,0,0,0,0,,0.0,0,0,,128.9963274,35.25357277
마라36aa96ba,0,0,0,0,,,0,0,,128.9963688,35.25582627
마라36aa96bb,0,0,0,0,,,0,0,,128.9964103,35.25807976
마라36aa97aa,0,0,0,0,,,0,0,,128.9964517,35.26033325
마라36aa97ab,0,0,0,0,,,0,0,,128.9964931,35.26258675
마라36aa97ba,0,0,0,0,,,0,0,,128.9965346,35.26484024
마라36aa97bb,1,0,0,0,,,0,0,,128.996576,35.26709373
마라36aa98aa,0,0,0,0,,,0,0,,128.9966175,35.26934722
마라36aa98ab,15,0,0,0,,,0,0,,128.9966589,35.2716007
마라36aa98ba,17,0,0,0,,,0,0,,128.9967004,35.27385419
마라36aa98bb,2,7,0,0,,,0,0,,128.9967418,35.27610768
마라36aa99aa,4,0,0,0,,,0,0,,128.9967833,35.27836116
마라36aa99ab,7,0,0,0,,,0,0,,128.9968248,35.28061465
마라36aa99ba,18,0,0,0,,49.0,0,0,,128.9968663,35.28286813
마라36aa99bb,2,0,0,0,,0.0,0,0,,128.9969078,35.28512162
마라36ab94ba,0,0,0,0,,,0,0,,128.9987843,35.2377643
마라36ab94bb,0,0,0,0,,,0,0,,128.9988257,35.2400178
마라36ab95aa,0,0,0,0,,,0,0,,128.9988672,35.24227129
마라36ab95ab,0,0,0,0,,,0,0,,128.9989087,35.24452479
마라36ab95ba,0,0,0,0,,,0,0,,128.9989502,35.24677829
마라36ab95bb,1,0,0,0,,6.0,0,0,,128.9989917,35.24903178
마라36ab96aa,12,0,0,0,,11.0,0,0,,128.9990331,35.25128527
마라36ab96ab,11,0,0,0,,,0,0,,128.9990746,35.25353877
마라36ab96ba,3,0,0,0,,38.0,0,0,,128.9991161,35.25579226
마라36ab96bb,6,0,0,0,,16.0,0,0,,128.9991576,35.25804575
마라36ab97aa,2,0,0,0,,35.0,0,0,,128.9991992,35.26029924
마라36ab97ab,2,0,0,0,,27.0,0,0,,128.9992407,35.26255273
마라36ab97ba,0,0,0,0,,,0,0,,128.9992822,35.26480622
마라36ab97bb,0,0,0,0,,,0,0,,128.9993237,35.2670597
마라36ab98aa,0,0,0,0,,,0,0,,128.9993652,35.26931319
마라36ab98ab,14,0,0,0,,,0,0,,128.9994068,35.27156667
마라36ab98ba,20,0,0,0,,,0,0,,128.9994483,35.27382016
마라36ab98bb,6,0,0,0,,0.0,0,0,,128.9994898,35.27607364
마라36ab99aa,11,0,0,0,,,0,0,,128.9995314,35.27832713
마라36ab99ab,5,0,0,0,,,4,0,,128.9995729,35.28058061
마라36ab99ba,0,0,0,0,,0.0,0,0,,128.9996145,35.28283409
마라36ab99bb,0,0,0,0,,,0,0,,128.9996561,35.28508757
마라36ba94bb,0,0,0,0,,,0,0,,129.0015725,35.23998374
마라36ba95aa,0,0,0,0,,,0,0,,129.0016141,35.24223724
마라36ba95ab,0,0,0,0,,,0,0,,129.0016556,35.24449073
마라36ba95ba,0,0,0,0,,,0,0,,129.0016972,35.24674422
마라36ba95bb,0,0,0,0,,,0,0,,129.0017387,35.24899772
마라36ba96aa,0,0,0,0,,,0,0,,129.0017803,35.25125121
마라36ba96ab,0,0,0,0,,,0,0,,129.0018219,35.2535047
마라36ba96ba,0,0,0,0,,,10,0,,129.0018635,35.25575818
마라36ba96bb,1,0,0,0,,0.0,0,0,,129.001905,35.25801167
마라36ba97aa,3,0,0,0,,0.0,0,0,,129.0019466,35.26026516
마라36ba97ab,0,0,0,0,,0.0,0,0,,129.0019882,35.26251865
마라36ba97ba,0,0,0,0,,,0,0,,129.0020298,35.26477213
마라36ba97bb,1,0,0,0,,,0,0,19.0,129.0020714,35.26702562
마라36ba98aa,0,1,0,0,,,0,6,,129.002113,35.2692791
마라36ba98ab,1,0,0,0,,,0,0,,129.0021546,35.27153258
마라36ba98ba,9,0,0,0,,,0,0,,129.0021962,35.27378606
마라36ba98bb,13,0,0,0,,,0,0,,129.0022378,35.27603954
마라36ba99aa,7,0,0,0,,,0,0,,129.0022795,35.27829302
마라36ba99ab,6,0,0,0,,,0,0,,129.0023211,35.2805465
마라36ba99ba,0,0,0,0,,,0,0,,129.0023627,35.28279998
마라36ba99bb,0,0,0,0,,,0,0,,129.0024044,35.28505346
마라36bb95ba,0,0,0,0,,,0,0,,129.0044442,35.2467101
마라36bb95bb,0,0,0,0,,,0,0,,129.0044858,35.24896359
마라36bb96aa,0,0,0,0,,,0,0,,129.0045275,35.25121708
마라36bb96ab,0,0,0,0,,,0,0,,129.0045691,35.25347056
마라36bb96ba,0,0,0,0,,,0,0,,129.0046108,35.25572405
마라36bb96bb,0,0,0,0,,,0,0,,129.0046524,35.25797753
마라36bb97aa,0,0,0,0,,,0,0,,129.0046941,35.26023102
마라36bb97ab,0,0,0,0,,,0,0,,129.0047357,35.2624845
마라36bb97ba,0,0,0,0,,,0,0,,129.0047774,35.26473798
마라36bb97bb,0,0,0,0,,,0,0,,129.0048191,35.26699147
마라36bb98aa,1,0,0,0,,,0,0,,129.0048608,35.26924495
마라36bb98ab,0,1,0,0,,,0,0,28.12572254,129.0049024,35.27149843
마라36bb98ba,2,0,0,0,,,0,0,,129.0049441,35.2737519
마라36bb98bb,1,0,0,0,,,0,0,,129.0049858,35.27600538
마라36bb99aa,0,0,0,0,,,0,0,,129.0050275,35.27825886
마라36bb99ab,0,0,0,0,,,0,0,,129.0050692,35.28051234
마라36bb99ba,0,0,0,0,,,0,0,,129.0051109,35.28276581
마라36bb99bb,0,0,0,0,,,0,0,,129.0051526,35.28501929
마라37aa96aa,0,0,0,0,,,0,0,,129.0072746,35.25118288
마라37aa96ab,0,0,0,0,,,0,0,,129.0073163,35.25343637
마라37aa96ba,0,0,0,0,,,0,0,,129.0073581,35.25568985
마라37aa96bb,0,0,0,0,,,0,0,,129.0073998,35.25794333
마라37aa97aa,0,0,0,0,,,0,0,,129.0074415,35.26019681
마라37aa97ab,0,0,0,0,,,0,0,,129.0074833,35.26245029
마라37aa97ba,0,0,0,0,,,0,0,,129.007525,35.26470377
마라37aa97bb,0,0,0,0,,,0,0,,129.0075668,35.26695725
마라37aa98aa,0,0,0,0,,,0,0,,129.0076085,35.26921073
마라37aa98ab,0,0,0,0,,,0,0,,129.0076503,35.27146421
마라37aa98ba,0,0,0,0,,,0,0,,129.007692,35.27371768
마라37aa98bb,0,0,0,0,,,0,0,,129.0077338,35.27597116
마라37aa99aa,0,0,0,0,,,0,0,,129.0077756,35.27822463
마라37aa99ab,0,0,0,0,,,0,0,,129.0078174,35.28047811
마라37aa99ba,0,0,0,0,,,0,0,,129.0078591,35.28273158
마라37ab96bb,0,0,0,0,,,0,0,,129.0101472,35.25790907
마라37ab97aa,0,0,0,0,,,0,0,,129.010189,35.26016255
마라37ab97ab,0,0,0,0,,,0,0,,129.0102308,35.26241603
마라37ab97ba,0,0,0,0,,,0,0,,129.0102726,35.2646695
마라37ab97bb,0,0,0,0,,,0,0,,129.0103144,35.26692298
마라37ab98aa,0,0,0,0,,,0,0,,129.0103563,35.26917645
마라37ab98ab,0,0,0,0,,,0,0,,129.0103981,35.27142993
마라37ab98ba,0,0,0,0,,,0,0,,129.0104399,35.2736834
마라37ab98bb,0,0,0,0,,,0,0,,129.0104818,35.27593687
마라37ab99aa,0,0,0,0,,,0,0,,129.0105236,35.27819035
마라37ab99ab,0,0,0,0,,,0,0,,129.0105655,35.28044382
마라37ba97ab,0,0,0,0,,,0,0,,129.0129783,35.2623817
마라37ba97ba,0,0,0,0,,,0,0,,129.0130202,35.26463517
마라37ba97bb,0,0,0,0,,,0,0,,129.0130621,35.26688864
마라37ba98aa,0,0,0,0,,,0,0,,129.013104,35.26914211
마라37ba98ab,0,0,0,0,,,0,0,,129.0131459,35.27139559
마라37ba98ba,0,0,0,0,,,0,0,,129.0131878,35.27364906
마라37ba98bb,0,0,0,0,,,0,0,,129.0132298,35.27590253
마라37ba99aa,0,0,0,0,,,0,0,,129.0132717,35.27815599
마라37bb98aa,0,0,0,0,,,0,0,,129.0158518,35.26910771
마라37bb98ab,0,0,0,0,,,0,0,,129.0158938,35.27136118
마마08ab01ba,0,0,0,0,,,0,0,,128.6920507,35.3042892
마마08ab01bb,0,0,0,0,,,0,0,,128.6920838,35.30654296
마마08ab02aa,0,0,0,0,,,0,0,,128.6921168,35.30879671
마마08ba01ab,0,0,0,0,,,0,0,,128.6947669,35.30200831
마마08ba01ba,0,0,0,0,,,0,0,,128.6948,35.30426207
마마08ba01bb,0,0,0,0,,,0,0,,128.6948331,35.30651582
마마08ba02aa,0,0,0,0,,,0,0,,128.6948663,35.30876957
마마08bb01aa,0,0,0,0,,,0,0,,128.6974829,35.29972736
마마08bb01ab,0,0,0,0,,,0,0,,128.6975161,35.30198112
마마08bb01ba,0,0,0,0,,,0,0,,128.6975493,35.30423487
마마08bb01bb,0,0,0,0,,,0,0,,128.6975825,35.30648862
마마08bb02aa,0,0,0,0,,,0,0,,128.6976157,35.30874237
마마08bb02ab,0,0,0,0,,,0,0,,128.6976489,35.31099613
마마09aa00bb,0,0,0,0,,,0,0,,128.7001987,35.29744635
마마09aa01aa,0,0,0,0,,,0,0,,128.700232,35.29970011
마마09aa01ab,0,0,0,0,,,0,0,,128.7002653,35.30195386
마마09aa01ba,0,0,0,0,,0.0,0,0,,128.7002986,35.30420761
마마09aa01bb,0,0,0,0,,,0,0,,128.7003319,35.30646136
마마09aa02aa,0,0,0,0,,,0,0,,128.7003652,35.30871511
마마09ab00aa,0,0,0,0,,,0,0,,128.7028477,35.29065778
마마09ab00ab,0,0,0,0,,,0,0,,128.7028811,35.29291154
마마09ab00ba,0,0,0,0,,,0,0,,128.7029144,35.29516529
마마09ab00bb,0,0,0,0,,,0,0,28.0,128.7029478,35.29741904
마마09ab01aa,0,0,0,0,,,0,0,,128.7029811,35.29967279
마마09ab01ab,0,0,0,0,,,0,0,,128.7030145,35.30192654
마마09ab01ba,0,0,0,0,,,0,0,,128.7030479,35.30418029
마마09ab01bb,0,0,0,0,,,0,0,,128.7030812,35.30643404
마마09ab02aa,7,0,0,0,,,0,0,,128.7031146,35.30868779
마마09ba00aa,1,0,0,0,,0.0,0,0,,128.7055966,35.29063041
마마09ba00ab,0,0,0,0,,,0,0,,128.70563,35.29288416
마마09ba00ba,4,0,0,0,,8.0,0,0,,128.7056634,35.29513791
마마09ba00bb,17,0,0,0,,0.0,0,0,,128.7056968,35.29739166
마마09ba01aa,1,0,0,0,,,21,0,,128.7057303,35.29964541
마마09ba01ab,0,0,0,0,,,0,0,,128.7057637,35.30189916
마마09ba01ba,0,0,0,0,,0.0,0,0,,128.7057971,35.30415291
마마09ba01bb,0,0,0,0,,0.0,0,0,,128.7058306,35.30640665
마마09ba02aa,0,0,0,0,,,0,0,,128.705864,35.3086604
마마09bb00aa,23,0,0,0,,0.0,0,0,,128.7083454,35.29060298
마마09bb00ab,19,4,0,1,,402.0,0,0,,128.7083789,35.29285673
마마09bb00ba,35,4,0,0,,38.0,0,0,,128.7084124,35.29511048
마마09bb00bb,75,3,0,0,,0.0,0,0,,128.7084459,35.29736422
마마09bb01aa,12,7,0,0,,0.0,0,0,,128.7084794,35.29961797
마마09bb01ab,4,0,0,0,,14.0,0,0,,128.7085129,35.30187172
마마09bb01ba,0,2,0,0,,134.0,0,0,,128.7085464,35.30412546
마마09bb01bb,4,0,0,0,,9.0,0,0,,128.7085799,35.3063792
마마09bb02aa,1,0,0,0,,,0,0,,128.7086135,35.30863295
마마10aa00aa,11,0,0,0,,0.0,0,0,,128.7110942,35.29057548
마마10aa00ab,0,2,0,0,,246.0,0,0,,128.7111278,35.29282923
마마10aa00ba,34,0,0,0,,6.0,0,0,,128.7111613,35.29508298
마마10aa00bb,16,0,0,0,,,0,0,,128.7111949,35.29733672
마마10aa01aa,8,1,0,0,,12.0,0,0,,128.7112285,35.29959047
마마10aa01ab,14,0,0,0,,16.0,0,0,,128.7112621,35.30184421
마마10aa01ba,19,6,0,0,,290.0,0,0,,128.7112957,35.30409795
마마10aa01bb,0,0,0,0,,0.0,0,0,,128.7113293,35.30635169
마마10aa02aa,2,0,0,0,,,0,0,,128.7113629,35.30860543
마마10aa02ab,0,0,0,0,,,0,0,,128.7113965,35.31085917
마마10aa02ba,0,0,0,0,,,0,0,,128.7114301,35.31311291
마마10aa02bb,0,0,0,0,,,0,0,,128.7114637,35.31536665
마마10aa03aa,0,0,0,0,,,0,0,,128.7114973,35.31762039
마마10ab00aa,0,0,0,0,,,0,0,,128.713843,35.29054793
마마10ab00ab,0,0,0,0,,,0,0,,128.7138767,35.29280167
마마10ab00ba,1,0,0,0,,,0,0,,128.7139103,35.29505542
마마10ab00bb,0,0,0,0,,,0,0,,128.713944,35.29730916
마마10ab01aa,0,0,0,0,,,0,0,,128.7139776,35.2995629
마마10ab01ab,0,0,0,0,,,0,0,,128.7140113,35.30181664
마마10ab01ba,6,3,0,0,,528.0,0,0,,128.714045,35.30407038
마마10ab01bb,1,0,0,0,,,0,0,,128.7140786,35.30632412
마마10ab02aa,0,0,0,0,,,0,0,,128.7141123,35.30857786
마마10ab02ab,0,0,0,0,,0.0,0,0,,128.714146,35.31083159
마마10ab02ba,0,0,0,0,,0.0,0,0,,128.7141797,35.31308533
마마10ab02bb,0,0,0,0,,,0,0,,128.7142134,35.31533907
마마10ab03aa,0,0,0,0,,0.0,0,0,,128.7142471,35.3175928
마마10ab03ab,3,0,0,0,,0.0,0,0,,128.7142808,35.31984654
마마10ab03ba,8,0,0,0,,0.0,0,0,,128.7143145,35.32210027
마마10ab03bb,6,0,0,0,,0.0,0,0,,128.7143482,35.324354
마마10ba00aa,0,0,0,0,,,0,0,,128.7165918,35.29052031
마마10ba00ab,0,0,0,0,,,0,0,,128.7166255,35.29277405
마마10ba00ba,0,0,0,0,,,0,0,,128.7166593,35.29502779
마마10ba00bb,0,0,0,0,,,0,0,,128.716693,35.29728153
마마10ba01aa,0,0,0,0,,,0,0,,128.7167267,35.29953527
마마10ba01ab,1,0,0,0,,23.0,0,0,,128.7167605,35.30178901
마마10ba01ba,15,0,0,0,,89.0,0,0,,128.7167942,35.30404275
마마10ba01bb,26,6,0,0,,694.0,0,0,,128.716828,35.30629648
마마10ba02aa,1,0,0,0,,,0,2,,128.7168617,35.30855022
마마10ba02ab,1,0,0,0,,0.0,0,0,,128.7168955,35.31080395
마마10ba02ba,4,0,0,0,30.0,14.0,0,0,,128.7169292,35.31305769
마마10ba02bb,0,0,0,0,,,0,0,,128.716963,35.31531142
마마10ba03aa,0,0,0,0,,0.0,0,0,,128.7169968,35.31756515
마마10ba03ab,0,0,0,0,,,0,0,,128.7170306,35.31981889
마마10ba03ba,17,0,0,0,,,0,0,,128.7170643,35.32207262
마마10ba03bb,23,1,0,0,,9.999999999999998,0,0,,128.7170981,35.32432635
마마10ba04aa,0,0,0,0,,,0,0,,128.7171319,35.32658008
마마10bb00aa,0,0,0,0,,,0,0,,128.7193406,35.29049263
마마10bb00ab,0,0,0,0,,,0,0,,128.7193744,35.29274637
마마10bb00ba,1,0,0,0,,,0,0,,128.7194082,35.2950001
마마10bb00bb,0,0,0,0,,,0,0,,128.719442,35.29725384
마마10bb01aa,11,0,0,0,,47.0,0,0,,128.7194759,35.29950758
마마10bb01ab,15,4,0,0,,353.0,0,0,,128.7195097,35.30176132
마마10bb01ba,11,15,0,0,,1151.0,0,0,29.3265896,128.7195435,35.30401505
마마10bb01bb,2,14,0,0,,1225.0,0,0,,128.7195773,35.30626879
마마10bb02aa,3,5,0,0,,689.0,0,0,,128.7196111,35.30852252
마마10bb02ab,4,2,0,0,,197.0,0,0,,128.719645,35.31077625
마마10bb02ba,0,0,0,0,,,0,0,,128.7196788,35.31302998
마마10bb02bb,0,0,0,0,,,0,0,,128.7197127,35.31528371
마마10bb03aa,2,0,0,0,,,0,0,,128.7197465,35.31753744
마마10bb03ab,15,0,0,0,,,0,0,,128.7197804,35.31979117
마마10bb03ba,29,0,0,0,,0.0,0,0,,128.7198142,35.3220449
마마10bb03bb,13,0,0,0,,,0,0,,128.7198481,35.32429863
마마10bb04aa,0,0,0,0,,,0,0,,128.7198819,35.32655236
마마11aa00aa,0,0,0,0,,,0,0,,128.7220894,35.29046488
마마11aa00ab,0,0,0,0,,,0,0,,128.7221233,35.29271862
마마11aa00ba,0,0,0,0,,,0,0,,128.7221572,35.29497235
마마11aa00bb,0,0,0,0,,,0,0,,128.7221911,35.29722609
마마11aa01aa,0,0,0,0,,,0,0,,128.722225,35.29947982
마마11aa01ab,0,0,0,0,,,0,0,,128.7222589,35.30173356
마마11aa01ba,16,7,0,0,,783.0,0,0,,128.7222928,35.30398729
마마11aa01bb,7,4,0,0,,565.0,0,0,,128.7223267,35.30624102
마마11aa02aa,0,8,0,0,,1848.0,228,0,,128.7223606,35.30849476
마마11aa02ab,1,7,0,0,,755.0,0,0,,128.7223945,35.31074849
마마11aa02ba,1,0,0,0,,0.0,0,0,,128.7224284,35.31300222
마마11aa02bb,0,0,0,0,,,0,0,,128.7224623,35.31525594
마마11aa03aa,10,0,0,0,,0.0,0,0,,128.7224962,35.31750967
마마11aa03ab,32,2,0,0,,30.0,0,0,,128.7225301,35.3197634
마마11aa03ba,5,0,0,0,,,0,0,,128.7225641,35.32201713
마마11ab00aa,0,0,0,0,,,0,0,,128.7248382,35.29043707
마마11ab00ab,0,0,0,0,,,0,0,,128.7248722,35.29269081
마마11ab00ba,0,0,0,0,,,0,0,,128.7249061,35.29494454
마마11ab00bb,0,0,0,0,,,0,0,,128.7249401,35.29719828
마마11ab01aa,0,0,0,0,,0.0,0,0,,128.7249741,35.29945201
마마11ab01ab,4,0,0,0,,135.0,0,0,,128.725008,35.30170574
마마11ab01ba,30,0,0,1,,98.0,0,0,,128.725042,35.30395947
마마11ab01bb,33,2,0,0,,373.0,0,0,46.39595376,128.725076,35.3062132
마마11ab02aa,5,0,0,0,,435.0,0,0,22.03323699,128.72511,35.30846693
마마11ab02ab,7,11,0,0,,1565.0,0,0,25.78034682,128.725144,35.31072066
마마11ab02ba,2,1,0,0,,0.0,0,0,,128.7251779,35.31297439
마마11ab02bb,10,0,0,0,,,0,0,,128.7252119,35.31522811
마마11ab03aa,36,0,0,0,,0.0,0,0,,128.7252459,35.31748184
마마11ab03ab,18,0,0,0,,0.0,0,0,,128.7252799,35.31973556
마마11ba00aa,0,0,0,0,,,0,0,,128.727587,35.2904092
마마11ba00ab,0,0,0,0,,,0,0,,128.727621,35.29266294
마마11ba00ba,0,0,0,0,,,0,0,,128.7276551,35.29491667
마마11ba00bb,0,0,0,0,,,0,0,,128.7276891,35.2971704
마마11ba01aa,0,0,0,0,,,0,0,,128.7277232,35.29942413
마마11ba01ab,16,0,0,0,,217.0,0,0,,128.7277572,35.30167786
마마11ba01ba,50,0,0,0,,111.0,0,0,,128.7277913,35.30393159
마마11ba01bb,29,6,0,0,,98.0,0,0,,128.7278253,35.30618532
마마11ba02aa,26,6,0,1,,733.0,0,0,31.47427746,128.7278594,35.30843904
마마11ba02ab,6,11,0,0,,1263.0,0,0,31.91098266,128.7278934,35.31069277
마마11ba02ba,2,0,0,0,,51.0,0,0,30.15317919,128.7279275,35.31294649
마마11ba02bb,16,4,0,0,,7.000000000000001,0,0,19.97398844,128.7279616,35.31520022
마마11ba03aa,17,0,0,0,,0.0,0,0,,128.7279956,35.31745394
마마11ba03ab,0,0,0,0,,,0,0,,128.7280297,35.31970766
마마11bb00aa,2,0,0,0,,,0,0,,128.7303358,35.29038127
마마11bb00ab,0,0,0,0,,,0,0,,128.7303699,35.292635
마마11bb00ba,0,0,0,0,,,0,0,,128.730404,35.29488873
마마11bb00bb,0,0,0,0,,,0,0,,128.7304381,35.29714246
마마11bb01aa,1,0,0,0,,0.0,0,0,,128.7304723,35.29939619
마마11bb01ab,39,0,0,0,,175.0,0,0,,128.7305064,35.30164992
마마11bb01ba,64,0,0,2,,163.0,0,0,,128.7305405,35.30390364
마마11bb01bb,17,3,0,0,,123.0,0,0,,128.7305746,35.30615737
마마11bb02aa,19,8,0,0,,1192.0,0,0,40.83771676,128.7306088,35.30841109
마마11bb02ab,13,9,0,0,,1412.0,0,0,40.0,128.7306429,35.31066481
마마11bb02ba,3,6,0,2,,756.0,0,0,,128.7306771,35.31291854
마마11bb02bb,2,3,0,0,,393.0,0,0,,128.7307112,35.31517226
마마11bb03aa,1,0,0,0,,0.0,0,0,,128.7307453,35.31742598
마마12aa00aa,11,0,0,0,,0.0,0,0,,128.7330846,35.29035328
마마12aa00ab,0,0,0,0,,,0,0,,128.7331188,35.29260701
마마12aa00ba,0,0,0,0,,,0,0,,128.733153,35.29486073
마마12aa00bb,0,0,0,0,,0.0,0,0,,128.7331872,35.29711446
마마12aa01aa,0,0,0,0,,0.0,0,0,,128.7332213,35.29936818
마마12aa01ab,50,1,0,0,,321.0,0,0,,128.7332555,35.30162191
마마12aa01ba,82,2,3,2,,262.0,0,0,12.0,128.7332898,35.30387563
마마12aa01bb,25,0,1,0,,111.0,0,0,,128.733324,35.30612936
마마12aa02aa,31,5,0,1,,739.0,0,0,,128.7333582,35.30838308
마마12aa02ab,46,14,0,0,,1915.0,0,0,,128.7333924,35.3106368
마마12aa02ba,13,10,1,0,,1597.0,0,0,,128.7334266,35.31289052
마마12aa02bb,0,3,0,0,,478.0,0,0,,128.7334608,35.31514424
마마12aa03aa,0,0,0,0,,,0,0,,128.733495,35.31739796
마마12ab00aa,8,0,0,0,,19.0,0,0,,128.7358334,35.29032522
마마12ab00ab,4,0,7,0,,9.999999999999998,0,0,33.21372832,128.7358676,35.29257895
마마12ab00ba,6,0,0,0,,7.000000000000001,0,0,,128.7359019,35.29483267
마마12ab00bb,3,3,0,0,,173.0,0,0,,128.7359362,35.2970864
마마12ab01aa,2,3,0,0,,246.0,0,0,,128.7359704,35.29934012
마마12ab01ab,72,3,4,0,,449.0,0,0,,128.7360047,35.30159384
마마12ab01ba,47,8,1,1,,202.0,85,0,,128.736039,35.30384756
마마12ab01bb,31,0,2,1,,230.0,0,0,44.28699422,128.7360733,35.30610128
마마12ab02aa,24,0,0,0,,126.0,0,0,31.89306358,128.7361076,35.308355
마마12ab02ab,17,3,0,1,,566.0,0,0,24.68786127,128.7361419,35.31060872
마마12ab02ba,20,2,0,0,,326.0,0,0,28.0,128.7361761,35.31286244
마마12ab02bb,0,10,0,0,,781.0,0,0,,128.7362104,35.31511616
마마12ab03aa,0,0,0,0,,,0,0,,128.7362447,35.31736987
마마12ba00aa,0,0,0,0,,,0,0,,128.7385822,35.2902971
마마12ba00ab,2,0,0,0,,9.999999999999998,0,0,,128.7386165,35.29255082
마마12ba00ba,2,0,0,0,90.0,0.0,0,0,,128.7386508,35.29480455
마마12ba00bb,2,0,0,0,,,0,0,,128.7386852,35.29705827
마마12ba01aa,11,1,1,0,,181.0,0,0,,128.7387195,35.29931199
마마12ba01ab,47,1,0,1,,114.0,0,0,19.42196532,128.7387539,35.30156571
마마12ba01ba,1,8,0,0,,764.0,0,0,,128.7387882,35.30381943
마마12ba01bb,6,9,0,0,,1222.9999999999995,0,0,,128.7388226,35.30607315
마마12ba02aa,12,2,0,0,,215.0,0,0,,128.7388569,35.30832686
마마12ba02ab,53,0,0,0,,0.0,0,0,,128.7388913,35.31058058
마마12ba02ba,5,1,0,0,,77.0,0,0,,128.7389257,35.3128343
마마12ba02bb,17,1,0,0,,175.0,0,0,,128.7389601,35.31508801
마마12ba03aa,0,0,0,0,,28.000000000000004,0,0,,128.7389944,35.31734173
마마12bb00aa,0,0,0,0,,,0,0,,128.7413309,35.29026892
마마12bb00ab,0,0,0,0,,,0,0,75.0,128.7413653,35.29252264
마마12bb00ba,0,0,0,0,,,0,0,,128.7413998,35.29477636
마마12bb00bb,0,0,0,0,,,0,0,,128.7414342,35.29703008
마마12bb01aa,1,0,0,0,,0.0,0,0,,128.7414686,35.2992838
마마12bb01ab,55,10,0,0,,1479.0,0,0,,128.741503,35.30153752
마마12bb01ba,9,1,0,2,,,0,0,,128.7415375,35.30379123
마마12bb01bb,0,3,0,0,,305.0,0,0,,128.7415719,35.30604495
마마12bb02aa,0,5,0,0,,701.0,0,0,,128.7416063,35.30829866
마마12bb02ab,31,2,0,0,,0.0,0,0,,128.7416408,35.31055238
마마12bb02ba,36,0,0,0,,0.0,0,0,,128.7416752,35.31280609
마마12bb02bb,36,5,0,0,,50.0,0,0,,128.7417097,35.3150598
마마12bb03aa,23,0,0,0,,9.999999999999998,0,0,,128.7417441,35.31731352
마마12bb03ab,5,0,0,0,,0.0,0,0,,128.7417786,35.31956723
마마12bb03ba,0,0,0,0,,,0,0,,128.741813,35.32182094
마마12bb03bb,0,0,0,0,,,0,0,,128.7418475,35.32407464
마마12bb04aa,0,0,0,0,,,0,0,,128.741882,35.32632835
마마12bb04ab,0,0,0,0,,,0,0,,128.7419165,35.32858206
마마12bb04ba,0,0,0,0,,,0,0,,128.7419509,35.33083577
마마13aa00aa,0,0,0,0,,,0,0,,128.7440797,35.29024067
마마13aa00ab,0,0,0,0,,,0,0,,128.7441142,35.29249439
마마13aa00ba,0,0,0,0,,,0,0,,128.7441487,35.29474811
마마13aa00bb,0,0,0,0,,,0,0,,128.7441832,35.29700183
마마13aa01aa,0,0,0,0,,0.0,0,0,,128.7442177,35.29925554
마마13aa01ab,10,10,0,0,,1000.0,0,0,,128.7442522,35.30150926
마마13aa01ba,6,0,0,1,,135.0,0,0,,128.7442867,35.30376297
마마13aa01bb,1,1,0,0,,327.0,0,0,,128.7443212,35.30601669
마마13aa02aa,0,3,0,0,,350.0,0,0,,128.7443557,35.3082704
마마13aa02ab,36,0,0,0,,0.0,0,0,,128.7443902,35.31052411
마마13aa02ba,93,0,0,0,,,0,0,,128.7444248,35.31277782
마마13aa02bb,48,0,0,0,,0.0,0,0,32.0,128.7444593,35.31503153
마마13aa03aa,11,0,0,0,,0.0,0,0,,128.7444938,35.31728524
마마13aa03ab,16,0,0,0,,0.0,0,0,,128.7445283,35.31953895
마마13aa03ba,0,0,0,0,,,0,0,,128.7445629,35.32179266
마마13aa03bb,14,0,0,0,,,0,0,,128.7445974,35.32404637
마마13aa04aa,5,0,0,0,,0.0,0,0,,128.744632,35.32630007
마마13aa04ab,0,0,0,0,,,0,0,,128.7446665,35.32855378
마마13aa04ba,0,0,0,0,,,0,0,,128.7447011,35.33080748
마마13aa04bb,0,0,0,0,,,0,0,,128.7447356,35.33306118
마마13ab00aa,0,0,0,0,,0.0,0,0,,128.7468285,35.29021237
마마13ab00ab,0,0,0,0,,,0,0,,128.746863,35.29246608
마마13ab00ba,0,0,0,0,,,0,0,,128.7468976,35.2947198
마마13ab00bb,0,0,0,0,,6.0,0,0,,128.7469322,35.29697351
마마13ab01aa,4,0,0,0,,25.0,0,0,,128.7469668,35.29922723
마마13ab01ab,18,2,0,0,,299.0,0,0,,128.7470013,35.30148094
마마13ab01ba,4,1,0,0,,31.0,0,0,,128.7470359,35.30373465
마마13ab01bb,0,0,0,0,,,69,0,,128.7470705,35.30598836
마마13ab02aa,0,0,0,0,,,0,0,,128.7471051,35.30824208
마마13ab02ab,37,0,0,0,,0.0,0,0,21.28179191,128.7471397,35.31049578
마마13ab02ba,47,0,0,0,,,0,0,16.0,128.7471743,35.31274949
마마13ab02bb,46,0,0,0,,8.0,0,0,28.0,128.7472089,35.3150032
마마13ab03aa,13,0,0,0,,70.0,0,0,,128.7472435,35.31725691
마마13ab03ab,10,0,0,0,,0.0,0,0,,128.7472781,35.31951061
마마13ab03ba,35,0,0,0,,0.0,0,0,,128.7473127,35.32176432
마마13ab03bb,25,0,0,0,,0.0,0,0,,128.7473473,35.32401802
마마13ab04aa,1,0,0,0,,0.0,0,0,,128.747382,35.32627173
마마13ab04ab,0,0,0,0,,,0,0,,128.7474166,35.32852543
마마13ab04ba,0,0,0,0,,,0,0,,128.7474512,35.33077913
마마13ab04bb,0,0,0,0,,,0,0,,128.7474859,35.33303283
마마13ba00aa,2,0,0,0,,,0,0,,128.7495772,35.290184
마마13ba00ab,0,0,0,0,,,0,0,,128.7496119,35.29243771
마마13ba00ba,0,0,0,0,,,0,0,,128.7496465,35.29469143
마마13ba00bb,0,0,0,0,,0.0,0,0,,128.7496812,35.29694514
마마13ba01aa,8,0,0,0,,0.0,0,0,,128.7497158,35.29919885
마마13ba01ab,20,0,0,0,,79.99999999999999,0,0,,128.7497505,35.30145256
마마13ba01ba,5,0,0,0,,101.0,0,0,,128.7497851,35.30370627
마마13ba01bb,4,0,0,0,,0.0,0,0,,128.7498198,35.30595998
마마13ba02aa,0,0,0,0,,,0,0,,128.7498545,35.30821369
마마13ba02ab,12,0,0,0,,,0,0,17.96676301,128.7498891,35.31046739
마마13ba02ba,36,0,0,0,,0.0,0,0,120.0,128.7499238,35.3127211
마마13ba02bb,40,0,0,0,,6.0,0,0,,128.7499585,35.31497481
마마13ba03aa,16,3,0,0,,0.0,0,0,,128.7499932,35.31722851
마마13ba03ab,11,0,0,0,,45.0,0,0,,128.7500279,35.31948221
마마13ba03ba,17,0,0,0,,0.0,8,0,,128.7500626,35.32173592
마마13ba03bb,11,0,0,0,,,0,0,,128.7500972,35.32398962
마마13ba04aa,2,0,0,0,,0.0,0,0,,128.7501319,35.32624332
마마13ba04ab,1,0,0,0,,0.0,0,0,,128.7501666,35.32849702
마마13ba04ba,6,0,0,0,,7.000000000000001,0,0,,128.7502014,35.33075072
마마13ba04bb,0,0,0,0,,,0,0,,128.7502361,35.33300442
마마13ba05aa,0,0,0,0,,,0,0,,128.7502708,35.33525812
마마13ba05ab,0,0,0,0,,,0,0,,128.7503055,35.33751181
마마13ba05ba,0,0,0,0,,,0,0,,128.7503402,35.33976551
마마13bb00aa,2,0,0,0,,8.0,0,0,,128.752326,35.29015557
마마13bb00ab,2,3,0,0,,0.0,0,0,,128.7523607,35.29240928
마마13bb00ba,0,0,0,0,,,0,0,23.43786127,128.7523954,35.29466299
마마13bb00bb,0,0,0,0,,,0,0,,128.7524302,35.2969167
마마13bb01aa,9,2,0,0,,21.0,0,0,,128.7524649,35.29917041
마마13bb01ab,12,0,0,0,,0.0,0,0,,128.7524996,35.30142412
마마13bb01ba,8,6,0,0,,20.0,0,0,,128.7525344,35.30367782
마마13bb01bb,5,3,0,0,,7.000000000000001,0,0,,128.7525691,35.30593153
마마13bb02aa,0,0,0,0,,0.0,0,0,,128.7526038,35.30818524
마마13bb02ab,0,0,0,0,,,0,0,,128.7526386,35.31043894
마마13bb02ba,54,0,0,0,,,0,0,,128.7526733,35.31269265
마마13bb02bb,58,0,0,0,,0.0,0,0,,128.7527081,35.31494635
마마13bb03aa,35,0,0,0,,0.0,0,0,,128.7527429,35.31720005
마마13bb03ab,8,0,0,0,,11.0,0,0,,128.7527776,35.31945375
마마13bb03ba,3,0,0,0,,,0,0,,128.7528124,35.32170745
마마13bb03bb,0,0,0,0,,,0,0,,128.7528472,35.32396115
마마13bb04aa,5,0,0,0,,,0,0,,128.7528819,35.32621485
마마13bb04ab,14,0,0,0,,0.0,0,0,21.56213873,128.7529167,35.32846855
마마13bb04ba,0,0,0,0,,,0,0,,128.7529515,35.33072225
마마13bb04bb,2,0,0,0,,0.0,0,0,,128.7529863,35.33297594
마마13bb05aa,0,0,0,0,,,0,0,,128.7530211,35.33522964
마마13bb05ab,0,0,0,0,,,0,0,,128.7530559,35.33748333
마마13bb05ba,0,0,0,0,,,0,0,,128.7530907,35.33973702
마마14aa00aa,46,0,0,0,,30.0,0,0,,128.7550748,35.29012707
마마14aa00ab,25,0,0,0,,0.0,0,0,22.43641618,128.7551095,35.29238078
마마14aa00ba,10,0,0,0,,,0,0,,128.7551443,35.29463449
마마14aa00bb,0,0,0,0,,,0,0,,128.7551791,35.2968882
마마14aa01aa,23,5,0,0,,34.0,0,0,,128.7552139,35.29914191
마마14aa01ab,2,0,0,0,,0.0,0,0,26.0,128.7552488,35.30139561
마마14aa01ba,0,0,0,0,,0.0,0,0,,128.7552836,35.30364932
마마14aa01bb,0,0,0,0,,,0,0,,128.7553184,35.30590302
마마14aa02aa,0,0,0,0,,,0,0,,128.7553532,35.30815672
마마14aa02ab,1,0,0,0,,,0,0,,128.755388,35.31041043
마마14aa02ba,33,0,0,0,,0.0,0,0,22.87427746,128.7554229,35.31266413
마마14aa02bb,57,0,0,0,,0.0,0,0,34.65751445,128.7554577,35.31491783
마마14aa03aa,45,0,0,0,,0.0,0,0,,128.7554925,35.31717153
마마14aa03ab,29,0,0,0,,0.0,0,0,15.56213873,128.7555274,35.31942523
마마14aa03ba,20,0,0,0,,,0,0,41.0,128.7555622,35.32167893
마마14aa03bb,6,0,0,0,,,0,0,,128.7555971,35.32393262
마마14aa04aa,17,0,0,0,,0.0,0,0,,128.7556319,35.32618632
마마14aa04ab,12,0,0,0,,35.0,0,0,,128.7556668,35.32844001
마마14aa04ba,2,0,0,0,,9.0,0,0,6.0,128.7557016,35.33069371
마마14aa04bb,11,0,0,0,,,0,0,,128.7557365,35.3329474
마마14aa05aa,2,0,0,0,,,0,0,,128.7557713,35.3352011
마마14aa05ab,0,0,0,0,,,0,0,,128.7558062,35.33745479
마마14ab00aa,29,0,0,0,,6.0,0,0,,128.7578235,35.29009852
마마14ab00ab,1,0,0,0,,9.0,0,0,,128.7578584,35.29235222
마마14ab00ba,11,0,0,0,,20.0,0,0,,128.7578932,35.29460593
마마14ab00bb,12,0,0,0,,50.0,0,0,30.43786127,128.7579281,35.29685963
마마14ab01aa,36,0,0,0,,59.0,0,0,,128.757963,35.29911334
마마14ab01ab,0,0,0,0,,,0,0,33.09248555,128.7579979,35.30136704
마마14ab01ba,1,0,0,0,,,0,0,,128.7580328,35.30362075
마마14ab01bb,0,0,0,0,,0.0,0,0,,128.7580677,35.30587445
마마14ab02aa,0,0,0,0,,,0,0,,128.7581026,35.30812815
마마14ab02ab,11,0,0,0,,15.0,0,0,,128.7581375,35.31038185
마마14ab02ba,35,0,0,0,,0.0,0,0,78.0,128.7581724,35.31263555
마마14ab02bb,21,0,0,0,,,0,0,45.0,128.7582073,35.31488925
마마14ab03aa,4,0,0,0,,,0,0,,128.7582422,35.31714294
마마14ab03ab,12,0,0,0,,,0,0,,128.7582771,35.31939664
마마14ab03ba,36,0,0,0,,,0,0,,128.758312,35.32165034
마마14ab03bb,34,0,0,0,,0.0,0,0,,128.7583469,35.32390403
마마14ab04aa,2,0,0,0,,,0,0,,128.7583819,35.32615772
마마14ab04ab,1,0,0,0,,13.0,4,0,,128.7584168,35.32841142
마마14ab04ba,8,0,0,0,,22.0,0,0,,128.7584517,35.33066511
마마14ab04bb,18,0,0,0,,6.0,0,0,20.56358382,128.7584867,35.3329188
마마14ab05aa,2,0,0,0,,,0,0,,128.7585216,35.33517249
마마14ab05ab,1,0,0,0,,,0,0,,128.7585566,35.33742618
마마14ab05ba,0,0,0,0,,,0,0,,128.7585915,35.33967987
마마14ab05bb,0,0,0,0,,,0,0,,128.7586265,35.34193356
마마14ba00aa,22,0,0,0,,0.0,0,0,,128.7605723,35.2900699
마마14ba00ab,20,0,0,0,,9.0,0,0,,128.7606072,35.2923236
마마14ba00ba,9,0,0,0,,26.0,0,0,33.0,128.7606421,35.29457731
마마14ba00bb,17,3,0,0,,16.0,0,0,,128.7606771,35.29683101
마마14ba01aa,9,2,0,0,,0.0,0,0,,128.7607121,35.29908471
마마14ba01ab,1,0,0,0,,,0,0,32.48439306,128.760747,35.30133841
마마14ba01ba,0,0,0,0,,12.0,2,0,,128.760782,35.30359211
마마14ba01bb,3,0,0,0,,27.0,0,0,,128.760817,35.30584581
마마14ba02aa,0,0,0,0,,,0,0,,128.7608519,35.30809951
마마14ba02ab,6,0,0,0,,8.0,0,0,,128.7608869,35.31035321
마마14ba02ba,6,0,0,0,,,0,0,,128.7609219,35.3126069
마마14ba02bb,4,0,0,0,,,0,2,19.0,128.7609569,35.3148606
마마14ba03aa,14,0,0,0,,0.0,0,0,,128.7609919,35.3171143
마마14ba03ab,40,0,0,0,,0.0,0,0,,128.7610268,35.31936799
마마14ba03ba,15,0,0,0,,0.0,0,0,,128.7610618,35.32162168
마마14ba03bb,4,0,0,0,,,0,0,,128.7610968,35.32387538
마마14ba04aa,0,0,0,0,,,0,0,,128.7611318,35.32612907
마마14ba04ab,2,0,0,0,,7.000000000000001,0,0,,128.7611669,35.32838276
마마14ba04ba,8,0,0,0,,0.0,0,0,,128.7612019,35.33063645
마마14ba04bb,5,0,0,0,,9.999999999999998,0,0,,128.7612369,35.33289014
마마14ba05aa,8,0,0,0,,28.000000000000004,0,0,,128.7612719,35.33514383
마마14ba05ab,0,0,0,0,,0.0,0,0,,128.7613069,35.33739751
마마14ba05ba,0,0,0,0,,,0,0,,128.7613419,35.3396512
마마14ba05bb,0,0,0,0,,,0,0,,128.761377,35.34190488
마마14ba06aa,0,0,0,0,,,0,0,,128.761412,35.34415857
마마14bb00aa,18,3,0,0,,7.000000000000001,0,0,,128.763321,35.29004122
마마14bb00ab,17,1,0,0,,11.0,0,0,,128.763356,35.29229492
마마14bb00ba,27,2,0,0,,0.0,0,0,,128.763391,35.29454862
마마14bb00bb,20,0,0,0,,8.0,7,0,,128.7634261,35.29680232
마마14bb01aa,1,0,0,0,,,0,0,12.0,128.7634611,35.29905602
마마14bb01ab,2,0,0,0,,,0,0,,128.7634961,35.30130972
마마14bb01ba,0,0,0,0,,0.0,0,0,,128.7635312,35.30356342
마마14bb01bb,3,0,0,0,,11.0,0,0,,128.7635662,35.30581711
마마14bb02aa,0,0,0,0,,0.0,0,0,,128.7636013,35.30807081
마마14bb02ab,3,0,0,0,,0.0,0,0,,128.7636363,35.31032451
마마14bb02ba,0,0,0,0,,,0,0,,128.7636714,35.3125782
마마14bb02bb,0,0,0,0,,,0,0,,128.7637064,35.31483189
마마14bb03aa,0,0,0,0,,,0,0,,128.7637415,35.31708559
마마14bb03ab,31,0,0,0,,,0,0,23.0,128.7637766,35.31933928
마마14bb03ba,35,0,0,0,,0.0,0,0,,128.7638117,35.32159297
마마14bb03bb,9,0,0,0,,0.0,0,0,,128.7638467,35.32384666
마마14bb04aa,16,0,0,0,,0.0,0,0,,128.7638818,35.32610035
마마14bb04ab,12,0,0,0,,0.0,0,0,,128.7639169,35.32835404
마마14bb04ba,12,0,0,0,,14.0,0,0,,128.763952,35.33060772
마마14bb04bb,6,0,0,0,,0.0,0,0,,128.7639871,35.33286141
마마14bb05aa,17,0,0,0,,9.999999999999998,0,0,,128.7640222,35.3351151
마마14bb05ab,16,0,0,0,,20.0,0,0,,128.7640573,35.33736878
마마14bb05ba,0,0,0,0,,,0,0,,128.7640924,35.33962246
마마14bb05bb,0,0,0,0,,,0,0,,128.7641275,35.34187615
마마14bb06aa,0,0,0,0,,,0,0,,128.7641626,35.34412983
마마14bb06ab,0,0,0,0,,,0,0,,128.7641977,35.34638351
마마15aa00aa,2,0,0,0,,,0,0,,128.7660697,35.29001247
마마15aa00ab,0,0,0,0,,,0,0,,128.7661048,35.29226617
마마15aa00ba,4,0,0,0,,23.0,0,0,,128.7661399,35.29451987
마마15aa00bb,23,0,0,0,,32.0,0,0,,128.766175,35.29677357
마마15aa01aa,0,0,0,0,,,0,0,,128.7662102,35.29902727
마마15aa01ab,0,0,0,0,,,0,0,21.43641618,128.7662453,35.30128096
마마15aa01ba,0,0,0,0,,,0,0,,128.7662804,35.30353466
마마15aa01bb,1,0,0,0,,0.0,0,0,,128.7663155,35.30578835
마마15aa02aa,0,0,0,0,,,0,0,,128.7663506,35.30804205
마마15aa02ab,3,0,0,0,,0.0,0,0,,128.7663858,35.31029574
마마15aa02ba,0,0,0,0,,,0,0,,128.7664209,35.31254943
마마15aa02bb,1,0,0,0,,,0,0,,128.766456,35.31480312
마마15aa03aa,0,0,0,0,,,0,0,,128.7664912,35.31705681
마마15aa03ab,10,0,0,0,,,0,0,,128.7665263,35.3193105
마마15aa03ba,17,2,0,0,,14.0,0,0,,128.7665615,35.32156419
마마15aa03bb,9,0,0,0,,0.0,0,0,,128.7665966,35.32381788
마마15aa04aa,26,0,0,0,,0.0,0,0,,128.7666318,35.32607157
마마15aa04ab,8,0,0,0,,,0,0,,128.7666669,35.32832525
마마15aa04ba,0,0,0,0,,,0,0,,128.7667021,35.33057894
마마15aa04bb,5,0,0,0,,0.0,0,0,,128.7667373,35.33283262
마마15aa05aa,9,0,0,0,,0.0,0,0,,128.7667724,35.3350863
마마15aa05ab,14,0,0,0,,,0,0,,128.7668076,35.33733999
마마15aa05ba,0,0,0,0,,,0,0,,128.7668428,35.33959367
마마15aa05bb,0,0,0,0,,,0,0,,128.766878,35.34184735
마마15aa06aa,0,0,0,0,,,0,0,,128.7669132,35.34410103
마마15aa06ab,0,0,0,0,,,0,0,,128.7669483,35.34635471
마마15ab00aa,10,0,0,0,,,0,0,,128.7688185,35.28998367
마마15ab00ab,0,0,0,0,,,0,0,,128.7688536,35.29223736
마마15ab00ba,1,0,0,0,,,0,0,,128.7688888,35.29449106
마마15ab00bb,18,0,0,0,,12.0,0,0,,128.768924,35.29674476
마마15ab01aa,0,0,0,0,,,0,0,,128.7689592,35.29899845
마마15ab01ab,4,0,0,0,,8.0,0,0,,128.7689944,35.30125214
마마15ab01ba,1,0,0,0,,0.0,0,0,,128.7690296,35.30350584
마마15ab01bb,3,0,0,0,,0.0,0,0,,128.7690648,35.30575953
마마15ab02aa,1,0,0,0,,,0,0,,128.7691,35.30801322
마마15ab02ab,0,0,0,0,,,0,0,,128.7691352,35.31026691
마마15ab02ba,1,0,0,0,,,0,0,,128.7691704,35.3125206
마마15ab02bb,8,0,0,0,55.0,23.0,0,1,,128.7692056,35.31477429
마마15ab03aa,0,0,0,0,,,0,0,,128.7692408,35.31702798
마마15ab03ab,0,0,0,0,,,0,0,,128.769276,35.31928167
마마15ab03ba,8,0,0,0,,,0,0,,128.7693113,35.32153535
마마15ab03bb,9,0,0,0,,,0,0,,128.7693465,35.32378904
마마15ab04aa,26,0,0,0,,,0,0,,128.7693817,35.32604272
마마15ab04ab,4,0,0,0,,0.0,0,0,,128.769417,35.32829641
마마15ab04ba,1,0,0,0,,,0,0,,128.7694522,35.33055009
마마15ab04bb,2,0,0,0,,0.0,0,0,,128.7694874,35.33280377
마마15ab05aa,2,0,0,0,,,0,0,,128.7695227,35.33505745
마마15ab05ab,0,0,0,0,,,0,0,,128.7695579,35.33731113
마마15ab05ba,0,0,0,0,,,0,0,,128.7695932,35.33956481
마마15ab05bb,0,0,0,0,,,0,0,,128.7696285,35.34181849
마마15ab06aa,0,0,0,0,,,0,0,,128.7696637,35.34407217
마마15ab06ab,0,0,0,0,,,0,0,,128.769699,35.34632584
마마15ba00aa,31,0,0,0,,,0,0,,128.7715672,35.2899548
마마15ba00ab,0,0,0,0,,,0,0,,128.7716025,35.29220849
마마15ba00ba,2,0,0,0,,,0,0,,128.7716377,35.29446219
마마15ba00bb,10,2,0,0,,,0,0,,128.771673,35.29671588
마마15ba01aa,0,0,0,0,,,0,0,,128.7717082,35.29896957
마마15ba01ab,0,0,0,0,,16.0,0,0,22.53034682,128.7717435,35.30122326
마마15ba01ba,1,0,0,0,,,0,0,,128.7717788,35.30347695
마마15ba01bb,0,0,0,0,,,0,0,,128.771814,35.30573064
마마15ba02aa,0,0,0,0,,,0,0,,128.7718493,35.30798433
마마15ba02ab,0,0,0,0,,0.0,0,0,,128.7718846,35.31023802
마마15ba02ba,1,0,0,0,,0.0,0,0,,128.7719199,35.31249171
마마15ba02bb,2,0,0,0,,,0,0,,128.7719552,35.3147454
마마15ba03aa,0,0,0,0,,,0,0,,128.7719905,35.31699908
마마15ba03ab,0,0,0,0,,,0,0,,128.7720258,35.31925277
마마15ba03ba,1,0,0,0,,,0,0,,128.7720611,35.32150645
마마15ba03bb,8,0,0,0,,0.0,0,0,,128.7720964,35.32376013
마마15ba04aa,12,0,0,0,,,0,0,,128.7721317,35.32601381
마마15ba04ab,1,0,0,0,,,0,0,,128.772167,35.3282675
마마15ba04ba,0,0,0,0,,,0,0,,128.7722023,35.33052118
마마15ba04bb,0,0,0,0,,,0,0,,128.7722376,35.33277486
마마15ba05aa,0,0,0,0,,,0,0,,128.772273,35.33502853
마마15ba05ab,0,0,0,0,,,0,0,,128.7723083,35.33728221
마마15ba05ba,0,0,0,0,,,0,0,,128.7723436,35.33953589
마마15ba05bb,0,0,0,0,,,0,0,,128.7723789,35.34178956
마마15ba06aa,0,0,0,0,,,0,0,,128.7724143,35.34404324
마마15ba06ab,0,0,0,0,,,0,0,,128.7724496,35.34629691
마마15bb00aa,44,0,0,0,,0.0,0,0,,128.7743159,35.28992587
마마15bb00ab,3,0,0,0,,,0,0,,128.7743513,35.29217956
마마15bb00ba,4,0,0,0,,,0,0,,128.7743866,35.29443325
마마15bb00bb,0,0,0,0,,,0,0,,128.7744219,35.29668694
마마15bb01aa,1,0,0,0,,,0,0,,128.7744573,35.29894063
마마15bb01ab,8,0,0,0,,0.0,0,0,,128.7744926,35.30119432
마마15bb01ba,0,0,0,0,,,0,0,,128.774528,35.30344801
마마15bb01bb,1,0,0,0,,,0,0,,128.7745633,35.3057017
마마15bb02aa,0,0,0,0,,,0,0,,128.7745987,35.30795538
마마15bb02ab,1,0,0,0,,,0,0,,128.774634,35.31020907
마마15bb02ba,2,0,0,0,,0.0,0,0,,128.7746694,35.31246275
마마15bb02bb,0,0,0,0,,,0,0,,128.7747047,35.31471644
마마15bb03aa,0,0,0,0,,0.0,0,0,,128.7747401,35.31697012
마마15bb03ab,0,0,0,0,,,0,0,,128.7747755,35.3192238
마마15bb03ba,2,0,0,0,,0.0,0,0,,128.7748109,35.32147748
마마15bb03bb,3,0,0,0,,,0,0,,128.7748462,35.32373117
마마15bb04aa,18,0,0,0,,0.0,0,0,,128.7748816,35.32598484
마마15bb04ab,0,0,0,0,,,0,0,,128.774917,35.32823852
마마15bb04ba,0,0,0,0,,,0,0,,128.7749524,35.3304922
마마15bb04bb,0,0,0,0,,,0,0,,128.7749878,35.33274588
마마15bb05aa,0,0,0,0,,,0,0,,128.7750232,35.33499955
마마15bb05ab,0,0,0,0,,,0,0,,128.7750586,35.33725323
마마15bb05ba,1,0,0,0,,,0,0,,128.775094,35.3395069
마마15bb05bb,0,0,0,0,,,0,0,,128.7751294,35.34176058
마마15bb06aa,0,0,0,0,,,0,0,,128.7751648,35.34401425
마마15bb06ab,0,0,0,0,,,0,0,,128.7752003,35.34626792
마마16aa00aa,25,0,0,0,,,0,0,,128.7770647,35.28989687
마마16aa00ab,2,0,0,0,,,0,0,,128.7771001,35.29215056
마마16aa00ba,2,0,0,0,,,0,0,,128.7771355,35.29440425
마마16aa00bb,2,0,0,0,,,0,0,,128.7771709,35.29665794
마마16aa01aa,6,0,0,0,,,0,0,28.0,128.7772063,35.29891163
마마16aa01ab,4,0,0,0,,,0,0,,128.7772417,35.30116532
마마16aa01ba,0,0,0,0,,,0,0,,128.7772771,35.303419
마마16aa01bb,0,0,0,0,,,0,0,,128.7773126,35.30567269
마마16aa02aa,2,0,0,0,,,0,0,,128.777348,35.30792637
마마16aa02ab,0,0,0,0,,,0,0,,128.7773834,35.31018005
마마16aa02ba,0,0,0,0,,0.0,0,0,,128.7774189,35.31243374
마마16aa02bb,0,0,0,0,,0.0,0,0,,128.7774543,35.31468742
마마16aa03aa,0,0,0,0,,,0,0,,128.7774897,35.3169411
마마16aa03ab,0,0,0,0,,,0,0,,128.7775252,35.31919478
마마16aa03ba,0,0,0,0,,0.0,0,0,,128.7775607,35.32144846
마마16aa03bb,1,0,0,0,,23.0,0,0,,128.7775961,35.32370214
마마16aa04aa,20,0,0,0,,8.0,0,0,,128.7776316,35.32595581
마마16aa04ab,28,0,0,0,,9.999999999999998,0,0,,128.777667,35.32820949
마마16aa04ba,1,0,1,0,,0.0,0,0,,128.7777025,35.33046316
마마16aa04bb,0,0,0,0,,,0,0,,128.777738,35.33271684
마마16aa05aa,0,0,0,0,,0.0,0,0,,128.7777735,35.33497051
마마16aa05ab,2,0,0,0,,0.0,0,0,,128.7778089,35.33722419
마마16aa05ba,0,0,0,0,,,0,0,,128.7778444,35.33947786
마마16aa05bb,0,0,0,0,,,0,0,,128.7778799,35.34173153
마마16aa06aa,0,0,0,0,,,0,0,,128.7779154,35.3439852
마마16aa06ab,0,0,0,0,,,0,0,,128.7779509,35.34623887
마마16aa06ba,0,0,0,0,,,0,0,,128.7779864,35.34849254
마마16ab00aa,46,0,0,0,,,0,0,,128.7798134,35.28986782
마마16ab00ab,32,0,0,0,,,0,0,,128.7798489,35.2921215
마마16ab00ba,3,0,0,0,,,0,0,,128.7798843,35.29437519
마마16ab00bb,19,0,0,0,,0.0,0,0,,128.7799198,35.29662888
마마16ab01aa,5,0,0,0,,,0,0,,128.7799553,35.29888256
마마16ab01ab,0,0,0,0,,,0,0,,128.7799908,35.30113625
마마16ab01ba,0,0,0,0,,,0,0,,128.7800263,35.30338993
마마16ab01bb,0,0,0,0,,,0,0,,128.7800618,35.30564361
마마16ab02aa,0,0,0,0,,,0,0,,128.7800973,35.3078973
마마16ab02ab,0,0,0,0,,,0,0,,128.7801328,35.31015098
마마16ab02ba,0,0,0,0,,,0,0,,128.7801683,35.31240466
마마16ab02bb,0,0,0,0,,,0,0,,128.7802039,35.31465834
마마16ab03aa,0,0,0,0,,,0,0,,128.7802394,35.31691201
마마16ab03ab,0,0,0,0,,,0,0,,128.7802749,35.31916569
마마16ab03ba,3,0,0,0,,,0,0,,128.7803104,35.32141937
마마16ab03bb,9,0,0,0,,12.0,0,0,,128.780346,35.32367304
마마16ab04aa,12,0,0,0,,9.0,0,0,,128.7803815,35.32592672
마마16ab04ab,8,0,0,0,,0.0,0,0,,128.7804171,35.32818039
마마16ab04ba,42,0,0,0,,11.0,0,0,,128.7804526,35.33043407
마마16ab04bb,8,0,0,0,,7.000000000000001,0,0,,128.7804881,35.33268774
마마16ab05aa,3,0,0,0,,0.0,0,0,,128.7805237,35.33494141
마마16ab05ab,8,0,0,0,,0.0,0,0,,128.7805593,35.33719508
마마16ab05ba,3,3,0,0,,25.0,0,0,,128.7805948,35.33944875
마마16ab05bb,0,0,0,0,,,0,0,,128.7806304,35.34170242
마마16ab06aa,0,0,0,0,,,0,0,,128.780666,35.34395609
마마16ab06ab,0,0,0,0,,,0,0,,128.7807015,35.34620975
마마16ab06ba,0,0,0,0,,,0,0,,128.7807371,35.34846342
마마16ba00aa,24,0,0,0,,6.0,0,0,,128.7825621,35.2898387
마마16ba00ab,73,0,0,0,,7.000000000000001,0,0,,128.7825977,35.29209238
마마16ba00ba,14,0,0,0,,9.999999999999998,0,0,44.76011561,128.7826332,35.29434607
마마16ba00bb,39,0,0,0,,0.0,0,0,,128.7826688,35.29659975
마마16ba01aa,19,0,0,0,,0.0,0,0,,128.7827043,35.29885343
마마16ba01ab,1,0,0,0,,0.0,0,0,,128.7827399,35.30110712
마마16ba01ba,12,0,0,0,,0.0,0,0,,128.7827755,35.3033608
마마16ba01bb,0,0,0,0,,,0,0,,128.7828111,35.30561448
마마16ba02aa,0,0,0,0,,,0,0,,128.7828466,35.30786816
마마16ba02ab,0,0,0,0,,,0,0,,128.7828822,35.31012184
마마16ba02ba,1,0,0,0,,,0,0,,128.7829178,35.31237551
마마16ba02bb,0,0,0,0,,,0,0,,128.7829534,35.31462919
마마16ba03aa,0,0,0,0,,,0,0,,128.782989,35.31688287
마마16ba03ab,0,0,0,0,,,0,0,,128.7830246,35.31913654
마마16ba03ba,2,0,0,0,,0.0,0,0,,128.7830602,35.32139022
마마16ba03bb,10,0,0,0,,0.0,0,0,,128.7830958,35.32364389
마마16ba04aa,2,0,0,0,,0.0,0,0,39.0,128.7831314,35.32589756
마마16ba04ab,3,0,0,0,,8.0,0,0,,128.7831671,35.32815123
마마16ba04ba,12,0,0,0,,0.0,0,0,,128.7832027,35.3304049
마마16ba04bb,12,0,0,0,,49.0,0,0,,128.7832383,35.33265857
마마16ba05aa,3,0,0,0,,0.0,0,0,,128.7832739,35.33491224
마마16ba05ab,9,0,0,0,,0.0,0,0,,128.7833096,35.33716591
마마16ba05ba,6,0,0,0,,51.0,0,0,,128.7833452,35.33941958
마마16ba05bb,3,0,0,0,,7.000000000000001,0,0,,128.7833809,35.34167324
마마16ba06aa,0,0,0,0,,,0,0,,128.7834165,35.34392691
마마16ba06ab,0,0,0,0,,,0,0,,128.7834521,35.34618057
마마16ba06ba,0,0,0,0,,,0,0,,128.7834878,35.34843424
마마16ba06bb,0,0,0,0,,,0,0,,128.7835235,35.3506879
마마16bb00aa,33,0,0,0,,9.999999999999998,0,0,,128.7853108,35.28980952
마마16bb00ab,37,2,0,0,,0.0,0,0,38.99205202,128.7853464,35.2920632
마마16bb00ba,11,0,0,0,,6.0,0,0,,128.7853821,35.29431688
마마16bb00bb,10,0,0,0,,,0,0,,128.7854177,35.29657056
마마16bb01aa,14,0,0,0,,0.0,0,0,18.73482659,128.7854534,35.29882424
마마16bb01ab,2,0,0,0,,0.0,0,0,,128.785489,35.30107792
마마16bb01ba,10,0,0,0,,,0,0,,128.7855247,35.3033316
마마16bb01bb,0,0,0,0,,,0,0,,128.7855603,35.30558528
마마16bb02aa,0,0,0,0,,,0,0,,128.785596,35.30783896
마마16bb02ab,0,0,0,0,,,0,0,,128.7856316,35.31009263
마마16bb02ba,0,0,0,0,,,0,0,,128.7856673,35.31234631
마마16bb02bb,0,0,0,0,,,0,0,,128.785703,35.31459998
마마16bb03aa,0,0,0,0,,,0,0,,128.7857386,35.31685366
마마16bb03ab,0,0,0,0,,,0,0,,128.7857743,35.31910733
마마16bb03ba,3,0,0,0,,,0,0,,128.78581,35.321361
마마16bb03bb,23,0,0,0,,0.0,0,0,,128.7858457,35.32361467
마마16bb04aa,1,0,0,0,,,0,0,,128.7858814,35.32586834
마마16bb04ab,2,0,0,0,,,0,0,,128.7859171,35.32812201
마마16bb04ba,0,0,0,0,,,0,0,,128.7859528,35.33037568
마마16bb04bb,5,0,0,0,,17.0,0,0,,128.7859885,35.33262935
마마16bb05aa,9,0,0,0,,,0,0,,128.7860242,35.33488301
마마16bb05ab,0,0,0,0,,12.0,0,0,,128.7860599,35.33713668
마마16bb05ba,8,0,0,0,,44.0,0,0,,128.7860956,35.33939034
마마16bb05bb,11,0,0,0,,17.0,0,0,,128.7861313,35.34164401
마마16bb06aa,0,0,0,0,,,0,0,,128.786167,35.34389767
마마16bb06ab,0,0,0,0,,,0,0,,128.7862028,35.34615133
마마16bb06ba,0,0,0,0,,,0,0,,128.7862385,35.34840499
마마16bb06bb,0,0,0,0,,,0,0,,128.7862742,35.35065865
마마16bb07aa,0,0,0,0,,,0,0,,128.78631,35.35291231
마마17aa00aa,4,0,0,0,,0.0,0,0,,128.7880595,35.28978027
마마17aa00ab,12,0,0,0,,0.0,0,0,,128.7880952,35.29203395
마마17aa00ba,1,0,0,0,,,0,0,,128.7881309,35.29428763
마마17aa00bb,0,0,0,0,,,0,0,,128.7881667,35.29654131
마마17aa01aa,0,0,0,0,,0.0,0,0,,128.7882024,35.29879499
마마17aa01ab,11,0,0,0,,,0,0,,128.7882381,35.30104867
마마17aa01ba,15,0,0,0,,9.0,0,0,,128.7882738,35.30330234
마마17aa01bb,5,0,0,0,,,0,0,,128.7883096,35.30555602
마마17aa02aa,4,0,0,0,,0.0,0,0,,128.7883453,35.30780969
마마17aa02ab,4,0,0,0,,0.0,0,1,,128.788381,35.31006337
마마17aa02ba,1,0,0,0,,,0,0,,128.7884168,35.31231704
마마17aa02bb,0,0,0,0,,0.0,0,0,,128.7884525,35.31457071
마마17aa03aa,0,0,0,0,,,0,0,,128.7884883,35.31682438
마마17aa03ab,0,0,0,0,,,0,0,,128.788524,35.31907805
마마17aa03ba,5,0,0,0,,,0,0,,128.7885598,35.32133172
마마17aa03bb,3,0,0,0,,,0,0,,128.7885955,35.32358539
마마17aa04aa,2,0,0,0,,7.000000000000001,0,0,,128.7886313,35.32583906
마마17aa04ab,0,0,0,0,,,0,0,,128.7886671,35.32809273
마마17aa04ba,0,0,0,0,,,0,0,,128.7887029,35.33034639
마마17aa04bb,4,0,0,0,,,0,0,,128.7887386,35.33260006
마마17aa05aa,4,0,0,0,,,0,0,,128.7887744,35.33485372
마마17aa05ab,5,0,0,0,,0.0,0,0,,128.7888102,35.33710738
마마17aa05ba,3,0,0,0,,0.0,0,0,,128.788846,35.33936105
마마17aa05bb,3,0,0,0,,0.0,0,0,,128.7888818,35.34161471
마마17aa06aa,0,0,0,0,,,0,0,,128.7889176,35.34386837
마마17aa06ab,0,0,0,0,,,0,0,,128.7889534,35.34612203
마마17aa06ba,0,0,0,0,,,0,0,,128.7889892,35.34837569
마마17aa06bb,0,0,0,0,,,0,0,,128.789025,35.35062934
마마17aa07aa,0,0,0,0,,,0,0,,128.7890608,35.352883
마마17aa07ab,0,0,0,0,,,0,0,,128.7890966,35.35513666
마마17ab00aa,15,0,0,0,,,0,0,,128.7908082,35.28975097
마마17ab00ab,19,0,0,0,,25.0,0,0,,128.790844,35.29200465
마마17ab00ba,7,0,0,0,,7.000000000000001,0,0,,128.7908798,35.29425832
마마17ab00bb,0,0,0,0,,0.0,0,0,,128.7909156,35.296512
마마17ab01aa,0,0,0,0,,,0,0,,128.7909514,35.29876568
마마17ab01ab,6,0,0,0,,0.0,0,0,,128.7909872,35.30101935
마마17ab01ba,16,0,0,0,,0.0,0,0,,128.791023,35.30327302
마마17ab01bb,3,0,0,0,,0.0,0,0,,128.7910588,35.3055267
마마17ab02aa,13,0,0,0,,0.0,0,0,,128.7910946,35.30778037
마마17ab02ab,0,0,0,0,,,0,0,,128.7911304,35.31003404
마마17ab02ba,1,0,0,0,,0.0,0,0,,128.7911662,35.31228771
마마17ab02bb,0,0,0,0,,,0,0,,128.7912021,35.31454138
마마17ab03aa,0,0,0,0,,,0,0,,128.7912379,35.31679505
마마17ab03ab,0,0,0,0,,0.0,0,0,,128.7912737,35.31904872
마마17ab03ba,0,0,0,0,,,0,0,,128.7913096,35.32130238
마마17ab03bb,7,0,0,0,,11.0,0,0,,128.7913454,35.32355605
마마17ab04aa,9,0,0,0,,0.0,25,0,,128.7913812,35.32580971
마마17ab04ab,1,0,0,0,,0.0,0,0,,128.7914171,35.32806338
마마17ab04ba,0,0,0,0,,,0,0,,128.7914529,35.33031704
마마17ab04bb,2,0,0,0,,,0,0,,128.7914888,35.3325707
마마17ab05aa,1,0,0,0,,,0,0,,128.7915246,35.33482437
마마17ab05ab,1,0,0,0,,0.0,0,0,,128.7915605,35.33707803
마마17ab05ba,6,0,0,0,,0.0,0,0,,128.7915964,35.33933169
마마17ab05bb,0,0,0,0,,,0,0,,128.7916322,35.34158535
마마17ab06aa,0,0,0,0,,,0,0,,128.7916681,35.343839
마마17ab06ab,0,0,0,0,,,0,0,,128.791704,35.34609266
마마17ab06ba,0,0,0,0,,,0,0,,128.7917399,35.34834632
마마17ab06bb,0,0,0,0,,,0,0,,128.7917758,35.35059997
마마17ab07aa,0,0,0,0,,,0,0,,128.7918117,35.35285363
마마17ab07ab,0,0,0,0,,,0,0,,128.7918476,35.35510728
마마17ab07ba,0,0,0,0,,,0,0,,128.7918834,35.35736093
마마17ab07bb,0,0,0,0,,,0,0,,128.7919194,35.35961459
마마17ba00aa,6,0,0,0,,0.0,0,0,,128.7935569,35.2897216
마마17ba00ab,27,0,0,0,,0.0,0,0,,128.7935928,35.29197528
마마17ba00ba,14,0,0,0,,19.0,0,0,,128.7936287,35.29422895
마마17ba00bb,0,0,0,0,,0.0,0,0,,128.7936645,35.29648262
마마17ba01aa,1,0,0,0,,,0,0,,128.7937004,35.2987363
마마17ba01ab,41,0,0,0,,7.000000000000001,6,0,,128.7937363,35.30098997
마마17ba01ba,20,0,0,0,,7.000000000000001,0,0,,128.7937721,35.30324364
마마17ba01bb,33,0,0,0,,6.0,0,0,,128.793808,35.30549731
마마17ba02aa,1,0,0,0,,,0,0,,128.7938439,35.30775098
마마17ba02ab,0,0,0,0,,,0,0,,128.7938798,35.31000465
마마17ba02ba,1,0,0,0,,,0,0,,128.7939157,35.31225832
마마17ba02bb,0,0,0,0,,0.0,0,0,23.0,128.7939516,35.31451198
마마17ba03aa,2,0,0,0,,,0,0,,128.7939875,35.31676565
마마17ba03ab,4,0,0,0,,0.0,0,0,,128.7940234,35.31901932
마마17ba03ba,1,0,0,0,,0.0,0,0,,128.7940593,35.32127298
마마17ba03bb,3,0,0,0,,0.0,0,0,,128.7940952,35.32352664
마마17ba04aa,2,0,0,0,,0.0,0,0,,128.7941312,35.32578031
마마17ba04ab,1,0,0,0,,8.0,0,0,,128.7941671,35.32803397
마마17ba04ba,2,0,0,0,,0.0,0,0,,128.794203,35.33028763
마마17ba04bb,1,0,0,0,,,0,0,,128.7942389,35.33254129
마마17ba05aa,0,0,0,0,,,0,0,,128.7942749,35.33479495
마마17ba05ab,2,0,0,0,,,0,0,,128.7943108,35.33704861
마마17ba05ba,0,0,0,0,,,0,0,,128.7943468,35.33930226
마마17ba05bb,0,0,0,0,,,0,0,,128.7943827,35.34155592
마마17ba06aa,1,0,0,0,,,2,0,,128.7944187,35.34380958
마마17ba06ab,5,0,0,0,,0.0,0,0,,128.7944546,35.34606323
마마17ba06ba,0,0,0,0,,,0,0,,128.7944906,35.34831689
마마17ba06bb,0,0,0,0,,,0,0,,128.7945265,35.35057054
마마17ba07aa,0,0,0,0,,,0,0,,128.7945625,35.35282419
마마17ba07ab,0,0,0,0,,,0,0,,128.7945985,35.35507784
마마17ba07ba,0,0,0,0,,,0,0,,128.7946344,35.35733149
마마17ba07bb,0,0,0,0,,,0,0,,128.7946704,35.35958514
마마17ba08aa,0,0,0,0,,,0,0,,128.7947064,35.36183879
마마17bb00aa,3,0,0,0,,8.0,0,0,,128.7963056,35.28969217
마마17bb00ab,15,0,0,0,,7.000000000000001,0,0,,128.7963416,35.29194584
마마17bb00ba,24,4,0,0,,17.0,0,0,,128.7963775,35.29419951
마마17bb00bb,18,0,0,0,,8.0,0,0,,128.7964134,35.29645319
마마17bb01aa,16,0,0,0,,0.0,0,0,,128.7964494,35.29870686
마마17bb01ab,26,0,0,0,,24.0,0,0,14.43786127,128.7964853,35.30096053
마마17bb01ba,21,0,0,0,,9.0,0,0,,128.7965213,35.3032142
마마17bb01bb,23,0,0,0,,0.0,0,0,,128.7965573,35.30546786
마마17bb02aa,4,0,0,0,,,0,0,,128.7965932,35.30772153
마마17bb02ab,0,0,0,0,,,0,0,,128.7966292,35.3099752
마마17bb02ba,2,0,0,0,,,0,0,,128.7966652,35.31222886
마마17bb02bb,1,0,0,0,,,0,0,,128.7967011,35.31448253
마마17bb03aa,26,0,0,0,,0.0,0,0,,128.7967371,35.31673619
마마17bb03ab,22,0,0,0,,0.0,0,0,,128.7967731,35.31898985
마마17bb03ba,1,0,0,0,,0.0,0,0,,128.7968091,35.32124352
마마17bb03bb,1,0,0,0,,0.0,0,0,,128.7968451,35.32349718
마마17bb04aa,11,0,0,0,,18.0,0,0,22.56358382,128.7968811,35.32575084
마마17bb04ab,8,0,0,0,,57.0,0,0,22.43786127,128.7969171,35.3280045
마마17bb04ba,8,0,0,0,,7.000000000000001,0,0,,128.7969531,35.33025816
마마17bb04bb,0,0,0,0,,,0,0,,128.7969891,35.33251181
마마17bb05aa,4,0,0,0,,,0,0,,128.7970251,35.33476547
마마17bb05ab,0,0,0,0,,,0,0,,128.7970611,35.33701913
마마17bb05ba,0,0,0,0,,,0,0,,128.7970971,35.33927278
마마17bb05bb,0,0,0,0,,,0,0,,128.7971332,35.34152643
마마17bb06aa,0,0,0,0,,,0,0,,128.7971692,35.34378009
마마17bb06ab,3,0,0,0,,,0,0,,128.7972052,35.34603374
마마17bb06ba,0,0,0,0,,,0,0,,128.7972412,35.34828739
마마17bb06bb,0,0,0,0,,,0,0,,128.7972773,35.35054104
마마17bb07aa,0,0,0,0,,,0,0,,128.7973133,35.35279469
마마17bb07ab,0,0,0,0,,,0,0,,128.7973494,35.35504834
마마17bb07ba,0,0,0,0,,,0,0,,128.7973854,35.35730199
마마17bb07bb,0,0,0,0,,,0,0,,128.7974215,35.35955564
마마17bb08aa,0,0,0,0,,,0,0,,128.7974575,35.36180928
마마17bb08ab,0,0,0,0,,,0,0,,128.7974936,35.36406293
마마17bb08ba,0,0,0,0,,,0,0,,128.7975297,35.36631657
마마17bb08bb,0,0,0,0,,,0,0,,128.7975657,35.36857022
마마18aa00aa,19,0,0,0,,0.0,0,0,16.0,128.7990543,35.28966268
마마18aa00ab,25,0,0,0,,,0,0,,128.7990903,35.29191635
마마18aa00ba,25,0,0,0,,,0,0,,128.7991264,35.29417002
마마18aa00bb,18,0,0,0,,0.0,0,0,,128.7991624,35.29642369
마마18aa01aa,37,0,0,0,,0.0,0,0,42.03323699,128.7991984,35.29867735
마마18aa01ab,24,0,0,0,,0.0,0,0,25.0,128.7992344,35.30093102
마마18aa01ba,53,0,0,0,,0.0,0,0,,128.7992705,35.30318469
마마18aa01bb,21,0,0,0,,0.0,0,0,,128.7993065,35.30543835
마마18aa02aa,0,0,0,0,,,0,0,,128.7993425,35.30769202
마마18aa02ab,0,0,0,0,,,0,0,,128.7993786,35.30994568
마마18aa02ba,0,0,0,0,,,0,0,,128.7994146,35.31219935
마마18aa02bb,4,0,0,0,,,0,0,,128.7994507,35.31445301
마마18aa03aa,32,0,0,0,,0.0,0,0,,128.7994867,35.31670667
마마18aa03ab,31,0,0,0,,0.0,0,0,,128.7995228,35.31896033
마마18aa03ba,8,0,0,1,,21.0,0,0,31.0,128.7995588,35.32121399
마마18aa03bb,19,3,0,2,,102.0,0,0,,128.7995949,35.32346765
마마18aa04aa,19,0,0,1,,66.0,0,0,,128.799631,35.32572131
마마18aa04ab,2,0,0,0,,,0,0,,128.7996671,35.32797496
마마18aa04ba,2,0,0,0,,,0,0,,128.7997031,35.33022862
마마18aa04bb,1,0,0,0,,,0,0,,128.7997392,35.33248227
마마18aa05aa,0,0,0,0,,,0,0,,128.7997753,35.33473593
마마18aa05ab,0,0,0,0,,,0,0,,128.7998114,35.33698958
마마18aa05ba,0,0,0,0,,,0,0,,128.7998475,35.33924323
마마18aa05bb,0,0,0,0,,,0,0,,128.7998836,35.34149689
마마18aa06aa,0,0,0,0,,,0,0,,128.7999197,35.34375054
마마18aa06ab,0,0,0,0,,,0,0,,128.7999558,35.34600419
마마18aa06ba,0,0,0,0,,0.0,0,0,22.0,128.7999919,35.34825783
마마18aa06bb,0,0,0,0,,,0,0,,128.800028,35.35051148
마마18aa07aa,0,0,0,0,,,0,0,,128.8000642,35.35276513
마마18aa07ab,0,0,0,0,,,0,0,,128.8001003,35.35501878
마마18aa07ba,0,0,0,0,,,0,0,,128.8001364,35.35727242
마마18aa07bb,0,0,0,0,,,0,0,,128.8001725,35.35952607
마마18aa08aa,0,0,0,0,,,0,0,,128.8002087,35.36177971
마마18aa08ab,0,0,0,0,,,0,0,,128.8002448,35.36403335
마마18aa08ba,0,0,0,0,,,0,0,,128.800281,35.366287
마마18aa08bb,0,0,0,0,,,0,0,,128.8003171,35.36854064
마마18aa09aa,0,0,0,0,,,0,0,,128.8003533,35.37079428
마마18aa09ab,0,0,0,0,,,0,0,,128.8003894,35.37304792
마마18ab00aa,18,0,0,0,,0.0,0,0,89.0,128.801803,35.28963312
마마18ab00ab,27,0,0,0,,0.0,0,0,,128.8018391,35.29188679
마마18ab00ba,10,0,0,0,,0.0,0,0,,128.8018752,35.29414046
마마18ab00bb,8,0,0,0,,0.0,0,0,,128.8019113,35.29639412
마마18ab01aa,18,0,0,0,,7.000000000000001,0,0,,128.8019474,35.29864779
마마18ab01ab,40,0,0,0,,7.000000000000001,0,0,,128.8019835,35.30090145
마마18ab01ba,9,0,0,0,,0.0,0,0,,128.8020196,35.30315512
마마18ab01bb,9,0,0,0,,,0,0,,128.8020557,35.30540878
마마18ab02aa,4,0,0,0,,,0,0,,128.8020918,35.30766244
마마18ab02ab,0,0,0,0,,,0,0,,128.8021279,35.3099161
마마18ab02ba,0,0,0,0,,,0,0,,128.8021641,35.31216977
마마18ab02bb,0,0,0,0,,,0,0,,128.8022002,35.31442342
마마18ab03aa,1,0,0,0,,,0,0,37.12572254,128.8022363,35.31667708
마마18ab03ab,18,0,0,0,,37.0,0,0,16.0,128.8022725,35.31893074
마마18ab03ba,54,0,0,2,10.0,117.0,0,0,28.0,128.8023086,35.3211844
마마18ab03bb,32,1,4,0,,66.0,0,0,56.90751445,128.8023447,35.32343805
마마18ab04aa,19,0,0,0,,44.0,0,0,,128.8023809,35.32569171
마마18ab04ab,3,0,0,0,,,0,0,17.0,128.802417,35.32794536
마마18ab04ba,0,0,0,0,,,0,0,,128.8024532,35.33019902
마마18ab04bb,0,0,0,0,,0.0,0,0,,128.8024894,35.33245267
마마18ab05aa,7,0,0,0,,0.0,0,0,,128.8025255,35.33470632
마마18ab05ab,0,0,0,0,,,0,0,,128.8025617,35.33695997
마마18ab05ba,0,0,0,0,,,0,0,,128.8025979,35.33921362
마마18ab05bb,0,0,0,0,,,0,0,,128.802634,35.34146727
마마18ab06aa,0,0,0,0,,,0,0,,128.8026702,35.34372092
마마18ab06ab,0,0,0,0,,,0,0,,128.8027064,35.34597457
마마18ab06ba,1,0,0,0,,19.0,0,0,,128.8027426,35.34822822
마마18ab06bb,3,0,0,0,,0.0,0,0,15.04624277,128.8027788,35.35048186
마마18ab07aa,0,0,0,0,,,0,0,,128.802815,35.35273551
마마18ab07ab,0,0,0,0,,,0,0,,128.8028512,35.35498915
마마18ab07ba,0,0,0,0,,,0,0,,128.8028874,35.35724279
마마18ab07bb,0,0,0,0,,,0,0,,128.8029236,35.35949644
마마18ab08aa,0,0,0,0,,,0,0,,128.8029598,35.36175008
마마18ab08ab,0,0,0,0,,,0,0,,128.802996,35.36400372
마마18ab08ba,0,0,0,0,,,0,0,,128.8030322,35.36625736
마마18ab08bb,0,0,0,0,,,0,0,,128.8030685,35.368511
마마18ab09aa,0,0,0,0,,,0,0,,128.8031047,35.37076463
마마18ab09ab,0,0,0,0,,,0,0,,128.8031409,35.37301827
마마18ab09ba,0,0,0,0,,,0,0,,128.8031772,35.37527191
마마18ba00aa,6,0,0,0,,0.0,0,0,,128.8045517,35.2896035
마마18ba00ab,6,0,0,0,,,0,0,,128.8045879,35.29185717
마마18ba00ba,27,0,0,0,,0.0,0,0,,128.804624,35.29411083
마마18ba00bb,16,0,0,0,,0.0,0,0,,128.8046602,35.2963645
마마18ba01aa,6,0,0,0,,8.0,0,0,,128.8046964,35.29861816
마마18ba01ab,15,0,0,0,,0.0,0,0,,128.8047326,35.30087182
마마18ba01ba,0,0,0,0,,,0,0,,128.8047687,35.30312548
마마18ba01bb,0,0,0,0,,,0,0,,128.8048049,35.30537915
마마18ba02aa,7,0,0,0,,,0,0,,128.8048411,35.30763281
마마18ba02ab,18,0,0,0,,,0,0,,128.8048773,35.30988646
마마18ba02ba,0,0,0,0,,,0,0,,128.8049135,35.31214012
마마18ba02bb,0,0,0,0,,,0,0,,128.8049497,35.31439378
마마18ba03aa,0,0,0,0,,,0,0,,128.8049859,35.31664744
마마18ba03ab,11,0,0,0,,8.0,0,0,29.24205202,128.8050221,35.31890109
마마18ba03ba,1,1,0,0,,179.0,0,0,,128.8050584,35.32115475
마마18ba03bb,2,0,0,0,,,0,0,,128.8050946,35.3234084
마마18ba04aa,4,0,0,0,,,0,0,21.5,128.8051308,35.32566205
마마18ba04ab,1,0,0,0,,,0,0,18.0,128.805167,35.3279157
마마18ba04ba,2,0,0,0,,,0,0,,128.8052033,35.33016936
마마18ba04bb,1,0,0,0,,,0,0,,128.8052395,35.33242301
마마18ba05aa,6,0,0,0,,9.0,0,0,,128.8052757,35.33467666
마마18ba05ab,3,0,0,0,,7.000000000000001,0,0,,128.805312,35.3369303
마마18ba05ba,0,0,0,0,,,0,0,,128.8053482,35.33918395
마마18ba05bb,0,0,0,0,,9.999999999999998,0,0,,128.8053845,35.3414376
마마18ba06aa,0,0,0,0,,0.0,0,0,,128.8054207,35.34369124
마마18ba06ab,0,0,0,0,,,0,0,17.0,128.805457,35.34594489
마마18ba06ba,0,0,0,0,,,0,0,,128.8054933,35.34819853
마마18ba06bb,0,0,0,0,,,0,0,12.0,128.8055295,35.35045218
마마18ba07aa,0,0,0,0,,,0,0,13.0,128.8055658,35.35270582
마마18ba07ab,0,0,0,0,,,0,0,,128.8056021,35.35495946
마마18ba07ba,0,0,0,0,,,0,0,,128.8056384,35.3572131
마마18ba07bb,0,0,0,0,,0.0,0,0,,128.8056746,35.35946674
마마18ba08aa,0,0,0,0,,,0,0,,128.8057109,35.36172038
마마18ba08ab,1,0,0,0,,,0,0,,128.8057472,35.36397402
마마18ba08ba,0,0,0,0,,,0,0,,128.8057835,35.36622766
마마18ba08bb,0,0,0,0,,,0,0,,128.8058198,35.36848129
마마18ba09aa,0,0,0,0,,,0,0,,128.8058561,35.37073493
마마18ba09ab,0,0,0,0,,,0,0,,128.8058924,35.37298856
마마18ba09ba,0,0,0,0,,,0,0,,128.8059287,35.3752422
마마18ba09bb,0,0,0,0,,,0,0,,128.8059651,35.37749583
마마18bb00aa,1,0,0,0,,0.0,0,0,,128.8073004,35.28957382
마마18bb00ab,17,0,0,0,,0.0,0,0,,128.8073366,35.29182749
마마18bb00ba,39,1,0,0,,0.0,0,0,,128.8073729,35.29408115
마마18bb00bb,12,0,0,0,,0.0,0,0,,128.8074091,35.29633481
마마18bb01aa,9,0,0,0,,,0,0,,128.8074454,35.29858847
마마18bb01ab,17,0,0,0,,0.0,0,0,,128.8074816,35.30084213
마마18bb01ba,16,0,0,0,,6.0,0,0,,128.8075179,35.30309579
마마18bb01bb,6,2,0,0,,55.0,0,0,,128.8075541,35.30534945
마마18bb02aa,0,0,0,0,,48.0,0,0,,128.8075904,35.30760311
마마18bb02ab,13,0,0,0,,0.0,0,0,,128.8076267,35.30985676
마마18bb02ba,9,2,0,0,,0.0,0,0,60.0,128.807663,35.31211042
마마18bb02bb,0,0,0,0,,,0,0,20.5,128.8076992,35.31436407
마마18bb03aa,0,0,0,0,,,0,0,,128.8077355,35.31661773
마마18bb03ab,0,0,0,0,,,0,0,,128.8077718,35.31887138
마마18bb03ba,0,0,0,0,,,0,0,,128.8078081,35.32112503
마마18bb03bb,0,0,0,0,,,0,0,,128.8078444,35.32337868
마마18bb04aa,0,0,0,0,,,0,0,,128.8078807,35.32563233
마마18bb04ab,0,0,0,0,,,0,0,,128.807917,35.32788598
마마18bb04ba,0,0,0,0,,,0,0,,128.8079533,35.33013963
마마18bb04bb,0,0,0,0,,,0,0,,128.8079896,35.33239328
마마18bb05aa,0,0,0,0,,,0,0,15.0,128.8080259,35.33464693
마마18bb05ab,0,0,1,0,,,0,0,,128.8080623,35.33690057
마마18bb05ba,1,0,0,0,,9.0,0,0,,128.8080986,35.33915422
마마18bb05bb,2,0,0,0,,18.0,0,0,,128.8081349,35.34140786
마마18bb06aa,0,0,0,0,,0.0,0,0,37.0,128.8081712,35.3436615
마마18bb06ab,0,0,0,0,,,0,0,,128.8082076,35.34591515
마마18bb06ba,0,0,0,0,,0.0,0,0,,128.8082439,35.34816879
마마18bb06bb,7,0,0,0,,27.0,0,0,17.0,128.8082803,35.35042243
마마18bb07aa,1,0,0,0,,17.0,0,0,29.0,128.8083166,35.35267607
마마18bb07ab,0,0,0,0,,,0,0,,128.808353,35.35492971
마마18bb07ba,1,0,0,0,,0.0,0,0,,128.8083893,35.35718335
마마18bb07bb,1,0,0,0,,0.0,0,0,,128.8084257,35.35943698
마마18bb08aa,0,0,0,0,,,0,0,,128.8084621,35.36169062
마마18bb08ab,0,0,0,0,,0.0,0,0,,128.8084984,35.36394426
마마18bb08ba,0,0,0,0,,,0,0,,128.8085348,35.36619789
마마18bb08bb,0,0,0,0,,,0,0,,128.8085712,35.36845152
마마18bb09aa,0,0,0,0,,,0,0,,128.8086076,35.37070516
마마18bb09ab,0,0,0,0,,,0,0,,128.8086439,35.37295879
마마18bb09ba,0,0,0,0,,,0,0,,128.8086803,35.37521242
마마18bb09bb,0,0,0,0,,,0,0,,128.8087167,35.37746605
마마19aa00aa,10,0,0,0,,0.0,0,0,,128.8100491,35.28954408
마마19aa00ab,30,0,0,0,,0.0,0,0,,128.8100854,35.29179774
마마19aa00ba,11,1,0,0,,9.0,0,0,39.57803468,128.8101217,35.2940514
마마19aa00bb,12,0,0,0,,0.0,0,0,,128.810158,35.29630506
마마19aa01aa,47,0,0,0,,62.0,0,0,11.0,128.8101943,35.29855872
마마19aa01ab,36,0,0,0,,0.0,0,0,29.31069364,128.8102307,35.30081238
마마19aa01ba,10,0,0,1,,19.0,0,0,,128.810267,35.30306603
마마19aa01bb,0,0,0,0,,8.0,0,0,,128.8103034,35.30531969
마마19aa02aa,0,0,0,0,,,0,0,,128.8103397,35.30757334
마마19aa02ab,2,0,0,0,,,0,0,,128.810376,35.309827
마마19aa02ba,2,0,0,0,,0.0,0,0,,128.8104124,35.31208065
마마19aa02bb,7,1,0,0,,11.0,0,0,22.12572254,128.8104488,35.3143343
마마19aa03aa,0,0,0,0,,,0,0,,128.8104851,35.31658795
마마19aa03ab,0,0,0,0,,0.0,0,0,,128.8105215,35.3188416
마마19aa03ba,0,0,0,0,,,0,0,,128.8105578,35.32109525
마마19aa03bb,2,0,0,0,,0.0,0,0,,128.8105942,35.3233489
마마19aa04aa,4,0,0,0,,0.0,0,0,,128.8106306,35.32560255
마마19aa04ab,1,0,0,0,,,0,0,,128.810667,35.3278562
마마19aa04ba,0,0,0,0,,,0,0,,128.8107034,35.33010984
마마19aa04bb,1,0,0,0,,,0,0,,128.8107398,35.33236349
마마19aa05aa,0,0,0,0,,,0,0,,128.8107761,35.33461713
마마19aa05ab,2,0,2,0,,,0,0,,128.8108125,35.33687078
마마19aa05ba,0,0,0,0,,,0,0,,128.8108489,35.33912442
마마19aa05bb,0,0,0,0,,,0,0,,128.8108853,35.34137806
마마19aa06aa,1,0,0,0,,0.0,0,0,,128.8109218,35.3436317
마마19aa06ab,0,0,0,0,,0.0,0,0,,128.8109582,35.34588534
마마19aa06ba,0,0,0,0,,0.0,0,0,,128.8109946,35.34813898
마마19aa06bb,1,0,0,0,,0.0,0,0,,128.811031,35.35039262
마마19aa07aa,3,0,0,0,,6.0,0,0,17.43641618,128.8110674,35.35264626
마마19aa07ab,0,0,0,0,,,0,0,,128.8111039,35.35489989
마마19aa07ba,0,0,0,0,,0.0,0,0,,128.8111403,35.35715353
마마19aa07bb,0,0,0,0,,0.0,0,0,,128.8111767,35.35940716
마마19aa08aa,0,0,0,0,,,0,0,,128.8112132,35.3616608
마마19aa08ab,1,0,0,0,,9.999999999999998,0,0,,128.8112496,35.36391443
마마19aa08ba,0,0,0,0,,,0,0,,128.8112861,35.36616806
마마19aa08bb,0,0,0,0,,,0,0,37.0,128.8113225,35.3684217
마마19aa09aa,0,0,0,0,,,0,0,,128.811359,35.37067533
마마19aa09ab,0,0,0,0,,,0,0,,128.8113954,35.37292896
마마19aa09ba,0,0,0,0,,,0,0,,128.8114319,35.37518258
마마19aa09bb,0,0,0,0,,,0,0,,128.8114684,35.37743621
마마19aa10aa,0,0,0,0,,,0,0,,128.8115048,35.37968984
마마19ab00aa,27,0,0,0,,,0,0,,128.8127977,35.28951427
마마19ab00ab,0,0,0,0,,,0,0,,128.8128341,35.29176793
마마19ab00ba,0,0,0,0,,0.0,0,0,,128.8128705,35.29402159
마마19ab00bb,38,0,0,0,,9.0,0,0,,128.8129069,35.29627525
마마19ab01aa,45,0,0,0,,31.0,0,0,,128.8129433,35.2985289
마마19ab01ab,22,0,0,0,,0.0,0,0,,128.8129797,35.30078256
마마19ab01ba,14,0,0,0,,0.0,0,0,,128.8130161,35.30303621
마마19ab01bb,0,0,0,0,,,0,0,,128.8130526,35.30528987
마마19ab02aa,0,0,0,0,,,0,0,,128.813089,35.30754352
마마19ab02ab,0,0,0,0,,,0,0,,128.8131254,35.30979717
마마19ab02ba,0,0,0,0,,,0,0,,128.8131618,35.31205082
마마19ab02bb,7,0,0,0,,9.999999999999998,0,0,,128.8131983,35.31430447
마마19ab03aa,0,0,0,0,,0.0,0,0,,128.8132347,35.31655812
마마19ab03ab,0,0,0,0,,,0,0,,128.8132711,35.31881177
마마19ab03ba,0,0,0,0,,,0,0,,128.8133076,35.32106541
마마19ab03bb,4,0,0,0,,7.000000000000001,0,0,,128.813344,35.32331906
마마19ab04aa,1,0,0,0,,,0,0,,128.8133805,35.32557271
마마19ab04ab,2,0,0,0,,,0,0,,128.8134169,35.32782635
마마19ab04ba,0,0,0,0,,,0,0,,128.8134534,35.33007999
마마19ab04bb,13,0,0,0,,0.0,0,0,,128.8134899,35.33233364
마마19ab05aa,0,0,0,0,,,0,0,,128.8135263,35.33458728
마마19ab05ab,0,0,0,0,,,0,0,19.03468208,128.8135628,35.33684092
마마19ab05ba,0,0,0,0,,,0,0,,128.8135993,35.33909456
마마19ab05bb,0,0,0,0,,,0,0,,128.8136358,35.3413482
마마19ab06aa,1,0,0,0,,7.000000000000001,0,0,,128.8136723,35.34360184
마마19ab06ab,0,0,0,0,,,0,0,,128.8137087,35.34585548
마마19ab06ba,0,0,0,0,,,0,0,,128.8137452,35.34810911
마마19ab06bb,0,0,0,0,,,0,0,,128.8137817,35.35036275
마마19ab07aa,0,0,0,0,,,0,0,,128.8138182,35.35261638
마마19ab07ab,0,0,0,0,,0.0,0,0,,128.8138547,35.35487002
마마19ab07ba,0,0,0,0,,,0,0,,128.8138913,35.35712365
마마19ab07bb,4,0,0,0,,0.0,0,0,,128.8139278,35.35937728
마마19ab08aa,1,0,0,0,,9.999999999999998,0,0,,128.8139643,35.36163091
마마19ab08ab,0,0,0,0,,0.0,0,0,,128.8140008,35.36388455
마마19ab08ba,0,0,0,0,,,0,0,,128.8140373,35.36613817
마마19ab08bb,0,0,0,0,,,0,0,26.45375723,128.8140739,35.3683918
마마19ab09aa,0,0,0,0,,,0,0,,128.8141104,35.37064543
마마19ab09ab,0,0,0,0,,,0,0,,128.8141469,35.37289906
마마19ab09ba,0,0,0,0,,,0,0,,128.8141835,35.37515268
마마19ab09bb,0,0,0,0,,,0,0,,128.81422,35.37740631
마마19ab10aa,0,0,0,0,,,0,0,,128.8142566,35.37965993
마마19ba00aa,4,0,0,0,,0.0,0,0,,128.8155464,35.28948441
마마19ba00ab,4,0,0,0,,9.0,0,0,,128.8155829,35.29173806
마마19ba00ba,1,0,0,0,,,0,0,40.34393064,128.8156193,35.29399172
마마19ba00bb,38,0,0,0,,7.000000000000001,0,0,17.0,128.8156558,35.29624537
마마19ba01aa,38,0,0,0,,9.0,0,0,,128.8156923,35.29849902
마마19ba01ab,43,0,0,0,,0.0,0,0,,128.8157288,35.30075268
마마19ba01ba,17,0,0,0,,0.0,0,0,,128.8157653,35.30300633
마마19ba01bb,7,0,0,0,,17.0,0,0,,128.8158018,35.30525998
마마19ba02aa,0,0,0,0,,,0,0,,128.8158383,35.30751363
마마19ba02ab,0,0,0,0,,,0,0,,128.8158748,35.30976728
마마19ba02ba,1,0,0,0,,,0,0,,128.8159113,35.31202093
마마19ba02bb,3,0,0,0,,0.0,0,0,,128.8159478,35.31427457
마마19ba03aa,0,0,0,0,,0.0,0,0,,128.8159843,35.31652822
마마19ba03ab,0,0,0,0,,,0,0,,128.8160208,35.31878187
마마19ba03ba,4,0,0,0,,,0,0,,128.8160573,35.32103551
마마19ba03bb,7,0,0,0,,20.0,0,0,,128.8160939,35.32328916
마마19ba04aa,0,0,0,0,,0.0,0,0,,128.8161304,35.3255428
마마19ba04ab,0,0,0,0,,,0,0,,128.8161669,35.32779644
마마19ba04ba,0,0,0,0,,,0,0,,128.8162034,35.33005008
마마19ba04bb,0,0,0,0,,,0,0,,128.81624,35.33230372
마마19ba05aa,0,0,0,0,,,0,0,,128.8162765,35.33455736
마마19ba05ab,1,0,0,0,,9.999999999999998,0,0,18.43786127,128.8163131,35.336811
마마19ba05ba,2,0,0,0,,0.0,0,0,,128.8163496,35.33906464
마마19ba05bb,0,0,0,0,,0.0,0,0,,128.8163862,35.34131827
마마19ba06aa,0,0,0,0,,,0,0,,128.8164228,35.34357191
마마19ba06ab,0,0,0,0,,,0,0,,128.8164593,35.34582555
마마19ba06ba,0,0,0,0,,,0,0,,128.8164959,35.34807918
마마19ba06bb,0,0,0,0,,,0,0,,128.8165325,35.35033281
마마19ba07aa,0,0,0,0,,,0,0,,128.816569,35.35258645
마마19ba07ab,0,0,0,0,,,0,0,,128.8166056,35.35484008
마마19ba07ba,0,0,0,0,,,0,0,,128.8166422,35.35709371
마마19ba07bb,3,0,0,0,,0.0,0,0,,128.8166788,35.35934734
마마19ba08aa,0,0,0,0,,0.0,0,0,,128.8167154,35.36160097
마마19ba08ab,0,0,0,0,,,0,0,,128.816752,35.3638546
마마19ba08ba,0,0,0,0,,,0,0,,128.8167886,35.36610822
마마19ba08bb,0,0,0,0,,,0,0,,128.8168252,35.36836185
마마19ba09aa,0,0,0,0,,,0,0,,128.8168618,35.37061547
마마19ba09ab,0,0,0,0,,,0,0,,128.8168984,35.3728691
마마19ba09ba,0,0,0,0,,,0,0,,128.816935,35.37512272
마마19ba09bb,0,0,0,0,,,0,0,,128.8169717,35.37737635
마마19ba10aa,0,0,0,0,,,0,0,,128.8170083,35.37962997
마마19ba10ab,0,0,0,0,,,0,0,,128.8170449,35.38188359
마마19bb00aa,4,0,0,0,,0.0,0,0,,128.8182951,35.28945448
마마19bb00ab,2,0,0,0,,7.000000000000001,0,0,,128.8183316,35.29170813
마마19bb00ba,0,0,0,0,,,0,0,,128.8183682,35.29396178
마마19bb00bb,5,0,0,0,,,0,0,,128.8184047,35.29621543
마마19bb01aa,4,0,0,0,,,0,0,,128.8184413,35.29846908
마마19bb01ab,7,0,0,0,,,0,0,,128.8184778,35.30072273
마마19bb01ba,31,0,0,0,,12.0,0,0,,128.8185144,35.30297638
마마19bb01bb,1,0,0,0,,19.0,0,0,,128.818551,35.30523003
마마19bb02aa,0,0,0,0,,,0,0,,128.8185875,35.30748368
마마19bb02ab,2,0,0,0,,0.0,0,0,,128.8186241,35.30973733
마마19bb02ba,4,0,0,0,,,0,0,8.0,128.8186607,35.31199097
마마19bb02bb,0,0,0,0,,,0,0,,128.8186973,35.31424462
마마19bb03aa,0,0,0,0,,0.0,0,0,,128.8187339,35.31649826
마마19bb03ab,0,0,0,0,,,0,0,,128.8187705,35.3187519
마마19bb03ba,15,0,0,0,,,0,0,,128.8188071,35.32100555
마마19bb03bb,7,0,0,0,,23.0,0,0,,128.8188437,35.32325919
마마19bb04aa,0,0,0,0,,,0,0,,128.8188803,35.32551283
마마19bb04ab,0,0,0,0,,,0,0,,128.8189169,35.32776647
마마19bb04ba,0,0,0,0,,0.0,0,0,,128.8189535,35.33002011
마마19bb04bb,1,0,0,0,,13.0,0,0,,128.8189901,35.33227374
마마19bb05aa,0,0,0,0,,,0,0,,128.8190267,35.33452738
마마19bb05ab,0,0,0,0,,11.0,0,0,,128.8190634,35.33678102
마마19bb05ba,0,0,0,0,,,0,0,,128.8191,35.33903465
마마19bb05bb,0,0,0,0,,0.0,0,0,,128.8191366,35.34128829
마마19bb06aa,0,0,0,0,,0.0,0,0,36.0,128.8191733,35.34354192
마마19bb06ab,0,0,0,0,,,0,0,,128.8192099,35.34579555
마마19bb06ba,0,0,0,0,,,0,0,,128.8192465,35.34804919
마마19bb06bb,0,0,0,0,,,0,0,,128.8192832,35.35030282
마마19bb07aa,0,0,0,0,,,0,0,,128.8193198,35.35255645
마마19bb07ab,0,0,0,0,,,0,0,,128.8193565,35.35481008
마마19bb07ba,0,0,0,0,,,0,0,,128.8193932,35.3570637
마마19bb07bb,0,0,0,0,,8.0,0,0,,128.8194298,35.35931733
마마19bb08aa,0,0,0,0,,0.0,0,0,,128.8194665,35.36157096
마마19bb08ab,0,0,0,0,,,0,0,,128.8195032,35.36382458
마마19bb08ba,0,0,0,0,,,0,0,,128.8195399,35.36607821
마마19bb08bb,0,0,0,0,,,4,0,,128.8195765,35.36833183
마마19bb09aa,0,0,0,0,,0.0,0,0,,128.8196132,35.37058545
마마19bb09ab,4,0,0,0,,9.0,0,0,,128.8196499,35.37283908
마마19bb09ba,0,0,0,0,,,0,0,,128.8196866,35.3750927
마마19bb09bb,0,0,0,0,,0.0,0,0,,128.8197233,35.37734632
마마19bb10aa,0,0,0,0,,,0,0,,128.81976,35.37959994
마마19bb10ab,0,0,0,0,,,0,0,,128.8197967,35.38185356
마마20aa00aa,0,0,0,0,,,0,0,,128.8210437,35.28942448
마마20aa00ab,0,0,0,0,,,0,0,,128.8210803,35.29167813
마마20aa00ba,2,0,0,0,,,0,0,,128.821117,35.29393178
마마20aa00bb,22,0,0,0,,0.0,0,0,,128.8211536,35.29618543
마마20aa01aa,2,0,0,0,,12.0,0,0,,128.8211902,35.29843908
마마20aa01ab,0,0,0,0,,0.0,0,0,,128.8212269,35.30069273
마마20aa01ba,19,0,0,0,,11.0,0,0,,128.8212635,35.30294638
마마20aa01bb,5,0,0,0,,,0,0,,128.8213002,35.30520002
마마20aa02aa,19,0,0,0,,0.0,0,0,,128.8213368,35.30745367
마마20aa02ab,2,0,0,0,,0.0,10,0,,128.8213735,35.30970731
마마20aa02ba,0,0,0,0,,,0,0,,128.8214101,35.31196095
마마20aa02bb,1,0,0,0,,0.0,0,0,,128.8214468,35.3142146
마마20aa03aa,5,0,0,0,,0.0,0,0,,128.8214834,35.31646824
마마20aa03ab,1,0,0,0,,,0,0,,128.8215201,35.31872188
마마20aa03ba,8,0,0,0,,,0,0,,128.8215568,35.32097552
마마20aa03bb,11,0,0,0,,0.0,0,0,,128.8215935,35.32322916
마마20aa04aa,0,0,0,0,,,0,0,,128.8216301,35.3254828
마마20aa04ab,0,0,0,0,,,0,0,,128.8216668,35.32773643
마마20aa04ba,0,0,0,0,,,0,0,,128.8217035,35.32999007
마마20aa04bb,1,0,0,0,,0.0,0,0,,128.8217402,35.3322437
마마20aa05aa,0,0,0,0,,9.0,0,0,,128.8217769,35.33449734
마마20aa05ab,0,0,0,0,,6.0,0,0,,128.8218136,35.33675097
마마20aa05ba,0,0,0,0,,0.0,6,0,,128.8218503,35.33900461
마마20aa05bb,0,0,0,0,,,0,0,,128.821887,35.34125824
마마20aa06aa,0,0,0,0,,6.0,0,0,,128.8219237,35.34351187
마마20aa06ab,1,0,0,0,,21.0,0,0,,128.8219605,35.3457655
마마20aa06ba,1,0,0,0,,,0,0,,128.8219972,35.34801913
마마20aa06bb,0,0,0,0,,,0,0,,128.8220339,35.35027276
마마20aa07aa,0,0,0,0,,,0,0,,128.8220706,35.35252638
마마20aa07ab,0,0,0,0,,,0,0,,128.8221074,35.35478001
마마20aa07ba,0,0,0,0,,,0,0,,128.8221441,35.35703364
마마20aa07bb,1,0,0,0,,,0,0,,128.8221809,35.35928726
마마20aa08aa,0,0,0,0,,,0,0,,128.8222176,35.36154089
마마20aa08ab,0,0,0,0,,0.0,0,0,,128.8222544,35.36379451
마마20aa08ba,0,0,0,0,,,0,0,,128.8222911,35.36604813
마마20aa08bb,0,0,0,0,,7.000000000000001,0,0,,128.8223279,35.36830175
마마20aa09aa,0,0,0,0,,6.0,0,0,,128.8223646,35.37055537
마마20aa09ab,1,0,0,0,,12.0,0,0,,128.8224014,35.37280899
마마20aa09ba,0,0,0,0,,,0,0,,128.8224382,35.37506261
마마20aa09bb,0,0,0,0,,,0,0,,128.8224749,35.37731623
마마20aa10aa,0,0,0,0,,,0,0,,128.8225117,35.37956985
마마20aa10ab,0,0,0,0,,,0,0,,128.8225485,35.38182346
마마20ab00aa,1,0,0,0,,,0,0,,128.8237924,35.28939443
마마20ab00ab,5,0,0,0,,0.0,0,0,,128.8238291,35.29164808
마마20ab00ba,1,0,0,0,,,0,0,31.0,128.8238658,35.29390172
마마20ab00bb,20,0,0,0,,0.0,0,0,,128.8239025,35.29615537
마마20ab01aa,4,0,0,0,,12.0,0,0,,128.8239392,35.29840902
마마20ab01ab,6,0,0,0,,,0,0,,128.8239759,35.30066266
마마20ab01ba,7,0,0,0,,7.000000000000001,0,0,,128.8240126,35.30291631
마마20ab01bb,10,1,0,0,,7.000000000000001,0,0,48.89450867,128.8240493,35.30516995
마마20ab02aa,10,1,0,0,,6.0,0,0,,128.8240861,35.30742359
마마20ab02ab,14,0,0,0,,0.0,0,0,,128.8241228,35.30967723
마마20ab02ba,1,0,0,0,,,0,0,8.0,128.8241595,35.31193087
마마20ab02bb,8,0,0,0,,,0,0,,128.8241963,35.31418451
마마20ab03aa,9,0,0,0,,7.000000000000001,0,0,,128.824233,35.31643815
마마20ab03ab,18,0,0,0,,,0,0,,128.8242698,35.31869179
마마20ab03ba,0,0,0,0,,,0,0,,128.8243065,35.32094543
마마20ab03bb,8,0,0,0,,0.0,0,0,,128.8243433,35.32319907
마마20ab04aa,6,0,0,0,,0.0,0,0,,128.82438,35.3254527
마마20ab04ab,0,0,0,0,,,0,0,,128.8244168,35.32770634
마마20ab04ba,0,0,0,0,,,0,0,,128.8244535,35.32995997
마마20ab04bb,0,0,0,0,,,0,0,,128.8244903,35.3322136
마마20ab05aa,0,0,0,0,,,0,0,,128.8245271,35.33446723
마마20ab05ab,0,0,0,0,,,0,0,,128.8245639,35.33672087
마마20ab05ba,0,0,0,0,,,0,0,,128.8246007,35.3389745
마마20ab05bb,0,0,0,0,,,0,0,,128.8246374,35.34122813
마마20ab06aa,1,0,0,0,,0.0,0,0,,128.8246742,35.34348175
마마20ab06ab,0,0,0,0,,0.0,0,0,,128.824711,35.34573538
마마20ab06ba,0,0,0,0,,,0,0,,128.8247478,35.34798901
마마20ab06bb,0,0,0,0,,,0,0,,128.8247846,35.35024263
마마20ab07aa,0,0,0,0,,,0,0,,128.8248214,35.35249626
마마20ab07ab,0,0,0,0,,,0,0,,128.8248582,35.35474988
마마20ab07ba,0,0,0,0,,,0,0,,128.8248951,35.35700351
마마20ab07bb,0,0,0,0,,,0,0,,128.8249319,35.35925713
마마20ab08aa,0,0,0,0,,,0,0,,128.8249687,35.36151075
마마20ab08ab,0,0,0,0,,,0,0,,128.8250055,35.36376437
마마20ab08ba,0,0,0,0,,,0,0,,128.8250424,35.36601799
마마20ab08bb,0,0,0,0,,0.0,0,0,,128.8250792,35.36827161
마마20ab09aa,0,0,0,0,,0.0,0,0,26.03323699,128.825116,35.37052523
마마20ab09ab,24,0,0,0,,23.0,0,0,,128.8251529,35.37277884
마마20ab09ba,3,0,0,0,,37.0,0,0,,128.8251897,35.37503246
마마20ab09bb,0,0,0,0,,,0,0,,128.8252266,35.37728608
마마20ab10aa,0,0,0,0,,,0,0,,128.8252634,35.37953969
마마20ab10ab,0,0,0,0,,,0,0,,128.8253003,35.3817933
마마20ba00aa,6,0,0,0,,0.0,0,0,,128.826541,35.28936431
마마20ba00ab,8,0,0,0,,17.0,0,0,,128.8265778,35.29161796
마마20ba00ba,17,0,0,0,,9.0,0,0,,128.8266146,35.2938716
마마20ba00bb,26,0,0,0,,0.0,18,0,,128.8266514,35.29612525
마마20ba01aa,11,0,0,0,,6.0,0,0,,128.8266882,35.29837889
마마20ba01ab,2,0,0,0,,0.0,0,0,,128.8267249,35.30063253
마마20ba01ba,0,0,0,0,,0.0,0,0,,128.8267617,35.30288617
마마20ba01bb,7,0,0,1,,0.0,0,0,,128.8267985,35.30513981
마마20ba02aa,1,0,0,0,,,0,0,,128.8268353,35.30739345
마마20ba02ab,35,0,0,0,,7.000000000000001,0,0,,128.8268721,35.30964709
마마20ba02ba,2,0,0,0,,,0,0,,128.826909,35.31190073
마마20ba02bb,0,0,0,0,,,0,0,,128.8269458,35.31415437
마마20ba03aa,0,0,0,0,,,0,0,,128.8269826,35.31640801
마마20ba03ab,17,0,0,0,,0.0,0,0,,128.8270194,35.31866164
마마20ba03ba,1,0,0,0,,,0,0,,128.8270562,35.32091528
마마20ba03bb,5,0,0,0,,,0,0,,128.8270931,35.32316891
마마20ba04aa,17,0,0,0,,0.0,0,0,,128.8271299,35.32542254
마마20ba04ab,0,0,0,0,,,0,0,,128.8271667,35.32767618
마마20ba04ba,0,0,0,0,,,0,0,,128.8272036,35.32992981
마마20ba04bb,0,0,0,0,,,0,0,,128.8272404,35.33218344
마마20ba05aa,0,0,0,0,,,0,0,,128.8272773,35.33443707
마마20ba05ab,1,0,0,0,,,0,0,,128.8273141,35.3366907
마마20ba05ba,1,0,0,0,,0.0,0,0,,128.827351,35.33894432
마마20ba05bb,0,0,0,0,,,0,0,,128.8273878,35.34119795
마마20ba06aa,1,0,0,0,,,0,0,,128.8274247,35.34345158
마마20ba06ab,0,0,0,0,,,0,0,,128.8274616,35.3457052
마마20ba06ba,0,0,0,0,,,0,0,,128.8274985,35.34795883
마마20ba06bb,0,0,0,0,,,0,0,,128.8275353,35.35021245
마마20ba07aa,0,0,0,0,,,0,0,,128.8275722,35.35246607
마마20ba07ab,0,0,0,0,,,0,0,,128.8276091,35.35471969
마마20ba07ba,0,0,0,0,,,0,0,,128.827646,35.35697331
마마20ba07bb,0,0,0,0,,,0,0,,128.8276829,35.35922693
마마20ba08aa,0,0,0,0,,,0,0,,128.8277198,35.36148055
마마20ba08ab,1,0,0,0,,7.000000000000001,0,0,,128.8277567,35.36373417
마마20ba08ba,2,1,0,0,,23.0,0,0,,128.8277936,35.36598779
마마20ba08bb,2,0,0,0,,20.0,0,0,18.65606936,128.8278305,35.3682414
마마20ba09aa,3,0,0,0,,0.0,0,0,,128.8278674,35.37049502
마마20ba09ab,2,0,0,0,,,0,0,,128.8279044,35.37274863
마마20ba09ba,0,0,0,0,,,0,0,,128.8279413,35.37500225
마마20ba09bb,1,0,0,0,,13.0,0,0,,128.8279782,35.37725586
마마20ba10aa,0,0,0,0,,,0,0,,128.8280151,35.37950947
마마20ba10ab,0,0,0,0,,,0,0,,128.8280521,35.38176308
마마20bb00aa,30,0,0,0,,0.0,0,0,,128.8292897,35.28933413
마마20bb00ab,3,0,0,0,,0.0,0,0,,128.8293265,35.29158777
마마20bb00ba,30,0,0,0,,9.999999999999998,0,0,,128.8293634,35.29384142
마마20bb00bb,14,0,0,0,,9.0,0,0,,128.8294002,35.29609506
마마20bb01aa,33,2,0,0,,7.000000000000001,0,0,,128.8294371,35.2983487
마마20bb01ab,15,0,0,0,,0.0,0,0,,128.829474,35.30060234
마마20bb01ba,18,0,0,0,,7.000000000000001,0,0,,128.8295108,35.30285598
마마20bb01bb,9,0,0,0,,25.0,0,0,,128.8295477,35.30510962
마마20bb02aa,19,0,0,0,,0.0,0,0,,128.8295846,35.30736325
마마20bb02ab,22,0,0,0,,0.0,0,0,,128.8296215,35.30961689
마마20bb02ba,4,0,0,0,,,0,0,,128.8296584,35.31187053
마마20bb02bb,0,0,0,0,,,0,0,,128.8296953,35.31412416
마마20bb03aa,0,0,0,0,,,0,0,,128.8297321,35.3163778
마마20bb03ab,2,0,0,0,,,0,0,,128.829769,35.31863143
마마20bb03ba,0,0,0,0,,,0,0,,128.8298059,35.32088506
마마20bb03bb,3,0,0,0,,0.0,0,0,,128.8298429,35.32313869
마마20bb04aa,2,0,0,0,,,0,0,,128.8298798,35.32539232
마마20bb04ab,0,0,0,0,,,0,0,,128.8299167,35.32764595
마마20bb04ba,0,0,0,0,,,0,0,,128.8299536,35.32989958
마마20bb04bb,0,0,0,0,,,0,0,,128.8299905,35.33215321
마마20bb05aa,0,0,0,0,,,0,0,,128.8300274,35.33440684
마마20bb05ab,0,0,0,0,,,0,0,,128.8300644,35.33666046
마마20bb05ba,0,0,0,0,,,0,0,,128.8301013,35.33891409
마마20bb05bb,0,0,0,0,,,0,0,,128.8301383,35.34116771
마마20bb06aa,0,0,0,0,,,0,0,,128.8301752,35.34342134
마마20bb06ab,0,0,0,0,,,0,0,,128.8302121,35.34567496
마마20bb06ba,0,0,0,0,,,0,0,,128.8302491,35.34792858
마마20bb06bb,0,0,0,0,,,0,0,,128.830286,35.3501822
마마20bb07aa,0,0,0,0,,,0,0,,128.830323,35.35243582
마마20bb07ab,0,0,0,0,,,0,0,,128.83036,35.35468944
마마20bb07ba,0,0,0,0,,,0,0,,128.8303969,35.35694306
마마20bb07bb,0,0,0,0,,,0,0,,128.8304339,35.35919668
마마20bb08aa,0,0,0,0,,,0,0,,128.8304709,35.36145029
마마20bb08ab,0,0,0,0,,,0,0,,128.8305079,35.36370391
마마20bb08ba,0,0,0,0,,0.0,0,0,,128.8305449,35.36595752
마마20bb08bb,0,0,0,0,,0.0,0,0,,128.8305818,35.36821114
마마20bb09aa,1,0,0,0,,12.0,0,0,,128.8306188,35.37046475
마마20bb09ab,0,0,0,0,,,0,0,,128.8306558,35.37271836
마마20bb09ba,0,0,0,0,,,0,0,,128.8306928,35.37497197
마마20bb09bb,2,0,0,0,,0.0,0,0,,128.8307298,35.37722558
마마20bb10aa,0,0,0,0,,,0,0,,128.8307668,35.37947919
마마20bb10ab,0,0,0,0,,,0,0,,128.8308039,35.3817328
마마20bb10ba,0,0,0,0,,,0,0,,128.8308409,35.38398641
마마21aa00aa,51,0,0,0,,17.0,0,0,,128.8320383,35.28930389
마마21aa00ab,20,0,0,0,,0.0,0,0,,128.8320753,35.29155753
마마21aa00ba,12,0,0,0,,0.0,0,0,25.5,128.8321122,35.29381117
마마21aa00bb,1,0,0,0,,0.0,0,0,,128.8321491,35.29606481
마마21aa01aa,15,0,0,0,,9.0,0,0,,128.8321861,35.29831845
마마21aa01ab,32,0,0,0,,0.0,0,0,,128.832223,35.30057208
마마21aa01ba,27,0,0,0,,0.0,0,0,,128.8322599,35.30282572
마마21aa01bb,7,0,0,0,,29.0,0,0,,128.8322969,35.30507936
마마21aa02aa,2,0,0,0,,0.0,0,0,,128.8323338,35.30733299
마마21aa02ab,0,0,0,0,,,0,0,,128.8323708,35.30958663
마마21aa02ba,0,0,0,0,,,0,0,,128.8324078,35.31184026
마마21aa02bb,0,0,0,0,,,0,0,,128.8324447,35.31409389
마마21aa03aa,0,0,0,0,,,0,0,,128.8324817,35.31634752
마마21aa03ab,6,0,0,0,,,0,0,,128.8325187,35.31860115
마마21aa03ba,0,0,0,0,,,0,0,,128.8325557,35.32085478
마마21aa03bb,1,0,0,0,,0.0,0,0,,128.8325926,35.32310841
마마21aa04aa,7,0,0,0,,13.0,0,0,,128.8326296,35.32536204
마마21aa04ab,2,0,0,0,,0.0,0,0,,128.8326666,35.32761567
마마21aa04ba,0,0,0,0,,,0,0,,128.8327036,35.32986929
마마21aa04bb,0,0,0,0,,,0,0,,128.8327406,35.33212292
마마21aa05aa,0,0,0,0,,,0,0,,128.8327776,35.33437654
마마21aa05ab,0,0,0,0,,,0,0,,128.8328146,35.33663017
마마21aa05ba,0,0,0,0,,,0,0,,128.8328516,35.33888379
마마21aa05bb,0,0,0,0,,,0,0,,128.8328886,35.34113741
마마21aa06aa,0,0,0,0,,,0,0,,128.8329257,35.34339103
마마21aa06ab,0,0,0,0,,,0,0,,128.8329627,35.34564465
마마21aa06ba,0,0,0,0,,,0,0,,128.8329997,35.34789827
마마21aa06bb,0,0,0,0,,,0,0,,128.8330368,35.35015189
마마21aa07aa,0,0,0,0,,,0,0,,128.8330738,35.35240551
마마21aa07ab,0,0,0,0,,0.0,0,0,,128.8331108,35.35465913
마마21aa07ba,0,0,0,0,,,0,0,,128.8331479,35.35691274
마마21aa07bb,0,0,0,0,,,0,0,,128.8331849,35.35916636
마마21aa08aa,0,0,0,0,,,0,0,,128.833222,35.36141997
마마21aa08ab,0,0,0,0,,,0,0,,128.833259,35.36367358
마마21aa08ba,0,0,0,0,,,0,0,,128.8332961,35.3659272
마마21aa08bb,0,0,0,0,,0.0,0,0,,128.8333332,35.36818081
마마21aa09aa,1,0,0,0,,,0,0,,128.8333702,35.37043442
마마21aa09ab,0,0,0,0,,0.0,0,0,,128.8334073,35.37268803
마마21aa09ba,1,0,0,0,,,0,0,,128.8334444,35.37494164
마마21aa09bb,1,0,0,0,,0.0,0,0,,128.8334815,35.37719524
마마21aa10aa,3,0,0,0,,0.0,0,0,23.31069364,128.8335185,35.37944885
마마21aa10ab,0,0,0,0,,,0,0,,128.8335556,35.38170246
마마21aa10ba,0,0,0,0,,,0,0,,128.8335927,35.38395606
마마21ab00aa,27,0,0,0,,15.0,0,0,,128.834787,35.28927358
마마21ab00ab,0,0,0,0,,,0,0,,128.834824,35.29152722
마마21ab00ba,0,0,0,0,,,0,0,,128.834861,35.29378086
마마21ab00bb,0,0,0,0,,,0,0,,128.834898,35.2960345
마마21ab01aa,0,0,0,0,,,0,0,,128.834935,35.29828813
마마21ab01ab,14,0,0,0,,0.0,0,0,,128.834972,35.30054177
마마21ab01ba,26,0,0,0,,0.0,0,0,,128.835009,35.3027954
마마21ab01bb,22,0,0,0,,0.0,0,0,,128.8350461,35.30504903
마마21ab02aa,0,0,0,0,,0.0,0,0,,128.8350831,35.30730267
마마21ab02ab,1,0,0,0,,,0,0,,128.8351201,35.3095563
마마21ab02ba,0,0,0,0,,0.0,0,0,,128.8351572,35.31180993
마마21ab02bb,0,0,0,0,,,0,0,,128.8351942,35.31406356
마마21ab03aa,0,0,0,0,,,0,0,,128.8352313,35.31631719
마마21ab03ab,11,0,0,0,,,0,0,,128.8352683,35.31857082
마마21ab03ba,0,0,0,0,,,0,0,,128.8353054,35.32082444
마마21ab03bb,0,0,0,0,,,0,0,,128.8353424,35.32307807
마마21ab04aa,8,0,0,0,,0.0,0,0,,128.8353795,35.3253317
마마21ab04ab,0,0,0,0,,,0,0,,128.8354166,35.32758532
마마21ab04ba,0,0,0,0,,,0,0,,128.8354536,35.32983894
마마21ab04bb,0,0,0,0,,,0,0,,128.8354907,35.33209257
마마21ab05aa,0,0,0,0,,,0,0,,128.8355278,35.33434619
마마21ab05ab,0,0,0,0,,,0,0,,128.8355649,35.33659981
마마21ab05ba,0,0,0,0,,,0,0,,128.835602,35.33885343
마마21ab05bb,0,0,0,0,,,0,0,,128.835639,35.34110705
마마21ab06aa,0,0,0,0,,,0,0,,128.8356761,35.34336067
마마21ab06ab,0,0,0,0,,,0,0,,128.8357132,35.34561429
마마21ab06ba,0,0,0,0,,,0,0,,128.8357503,35.3478679
마마21ab06bb,0,0,0,0,,,0,0,,128.8357875,35.35012152
마마21ab07aa,0,0,0,0,,,0,0,,128.8358246,35.35237513
마마21ab07ab,0,0,0,0,,0.0,0,0,,128.8358617,35.35462875
마마21ab07ba,1,0,0,0,,7.000000000000001,0,0,,128.8358988,35.35688236
마마21ab07bb,1,0,0,0,,14.0,0,0,,128.8359359,35.35913597
마마21ab08aa,0,0,0,1,,,0,0,,128.8359731,35.36138958
마마21ab08ab,0,0,0,0,,,0,0,,128.8360102,35.3636432
마마21ab08ba,0,0,0,0,,,0,0,,128.8360473,35.36589681
마마21ab08bb,1,0,0,0,,,0,0,,128.8360845,35.36815041
마마21ab09aa,0,0,0,0,,,0,0,,128.8361216,35.37040402
마마21ab09ab,0,0,0,0,,,0,0,,128.8361588,35.37265763
마마21ab09ba,1,0,0,0,,,0,0,,128.8361959,35.37491124
마마21ab09bb,0,0,0,0,,0.0,0,0,,128.8362331,35.37716484
마마21ab10aa,2,0,0,0,,0.0,0,0,,128.8362702,35.37941845
마마21ab10ab,0,0,0,0,,0.0,0,0,,128.8363074,35.38167205
마마21ab10ba,0,0,0,0,,,0,0,,128.8363446,35.38392565
마마21ab10bb,0,0,0,0,,,0,0,,128.8363817,35.38617925
마마21ba00aa,0,0,0,0,,0.0,0,0,,128.8375356,35.28924322
마마21ba00ab,0,0,0,0,,,0,0,,128.8375727,35.29149685
마마21ba00ba,0,0,0,0,,,0,0,,128.8376098,35.29375049
마마21ba00bb,0,0,0,0,,,0,0,,128.8376469,35.29600412
마마21ba01aa,0,0,0,0,,,0,0,,128.8376839,35.29825775
마마21ba01ab,6,0,0,0,,,0,0,,128.837721,35.30051139
마마21ba01ba,38,0,0,0,,0.0,0,0,,128.8377581,35.30276502
마마21ba01bb,3,0,0,0,,0.0,0,0,,128.8377952,35.30501865
마마21ba02aa,0,0,0,0,,,0,0,,128.8378323,35.30727228
마마21ba02ab,0,0,0,0,,,0,0,,128.8378695,35.30952591
마마21ba02ba,0,0,0,0,,,0,0,,128.8379066,35.31177954
마마21ba02bb,0,0,0,0,,,0,0,,128.8379437,35.31403316
마마21ba03aa,2,0,0,0,,0.0,0,0,,128.8379808,35.31628679
마마21ba03ab,0,0,0,0,,,0,0,,128.8380179,35.31854042
마마21ba03ba,0,0,0,0,,0.0,0,0,,128.8380551,35.32079404
마마21ba03bb,0,0,0,0,,,3,0,,128.8380922,35.32304767
마마21ba04aa,0,0,0,0,,0.0,0,0,,128.8381293,35.32530129
마마21ba04ab,0,0,0,0,,,0,0,,128.8381665,35.32755491
마마21ba04ba,0,0,0,0,,,0,0,,128.8382036,35.32980853
마마21ba04bb,4,0,0,0,,0.0,0,0,,128.8382408,35.33206215
마마21ba05aa,0,0,0,0,,,0,0,,128.8382779,35.33431577
마마21ba05ab,0,0,0,0,,,0,0,,128.8383151,35.33656939
마마21ba05ba,0,0,0,0,,,0,0,,128.8383523,35.33882301
마마21ba05bb,0,0,0,0,,,0,0,,128.8383894,35.34107662
마마21ba06aa,0,0,0,0,,,0,0,,128.8384266,35.34333024
마마21ba06ab,0,0,0,0,,,0,0,,128.8384638,35.34558386
마마21ba06ba,0,0,0,0,,,0,0,,128.838501,35.34783747
마마21ba06bb,0,0,0,0,,,0,0,,128.8385381,35.35009108
마마21ba07aa,0,0,0,0,,,0,0,,128.8385753,35.3523447
마마21ba07ab,0,0,0,0,,0.0,0,0,,128.8386125,35.35459831
마마21ba07ba,1,0,0,0,,21.0,0,0,12.0,128.8386497,35.35685192
마마21ba07bb,1,0,0,0,,39.0,0,0,,128.8386869,35.35910553
마마21ba08aa,4,0,0,0,,9.0,0,0,,128.8387241,35.36135914
마마21ba08ab,7,2,0,0,,0.0,0,0,,128.8387613,35.36361275
마마21ba08ba,0,0,0,0,,,0,0,,128.8387986,35.36586635
마마21ba08bb,0,0,0,0,,,0,0,,128.8388358,35.36811996
마마21ba09aa,0,0,0,0,,,0,0,,128.838873,35.37037356
마마21ba09ab,0,0,0,0,,,0,0,,128.8389102,35.37262717
마마21ba09ba,1,0,0,0,,,0,0,20.96228324,128.8389474,35.37488077
마마21ba09bb,0,0,0,0,,0.0,0,0,,128.8389847,35.37713438
마마21ba10aa,2,0,0,0,,0.0,0,0,,128.8390219,35.37938798
마마21ba10ab,0,0,0,0,,,0,0,,128.8390592,35.38164158
마마21ba10ba,0,0,0,0,,,0,0,,128.8390964,35.38389518
마마21ba10bb,0,0,0,0,,,0,0,22.0,128.8391337,35.38614878
마마21bb00aa,0,0,0,0,,,0,0,,128.8402842,35.28921279
마마21bb00ab,0,0,0,0,,,0,0,,128.8403214,35.29146642
마마21bb00ba,0,0,0,0,,,0,0,,128.8403586,35.29372005
마마21bb00bb,0,0,0,0,,,0,0,,128.8403957,35.29597368
마마21bb01aa,2,0,0,0,,,0,0,,128.8404329,35.29822732
마마21bb01ab,24,0,0,0,,0.0,0,0,,128.8404701,35.30048095
마마21bb01ba,37,0,0,0,,9.0,0,0,,128.8405072,35.30273457
마마21bb01bb,11,0,0,0,,0.0,0,0,,128.8405444,35.3049882
마마21bb02aa,0,0,0,0,,,0,0,,128.8405816,35.30724183
마마21bb02ab,0,0,0,0,,,0,0,,128.8406188,35.30949546
마마21bb02ba,0,0,0,0,,,0,0,,128.840656,35.31174908
마마21bb02bb,0,0,0,0,,,0,0,,128.8406932,35.31400271
마마21bb03aa,0,0,0,0,,0.0,0,0,,128.8407304,35.31625633
마마21bb03ab,0,0,0,0,,,0,0,,128.8407676,35.31850995
마마21bb03ba,0,0,0,0,,0.0,0,0,,128.8408048,35.32076358
마마21bb03bb,11,0,0,0,,0.0,0,0,36.12572254,128.840842,35.3230172
마마21bb04aa,9,0,0,0,,12.0,0,0,,128.8408792,35.32527082
마마21bb04ab,1,0,0,0,,8.0,0,0,,128.8409164,35.32752444
마마21bb04ba,2,0,0,0,,7.000000000000001,0,0,,128.8409536,35.32977806
마마21bb04bb,5,0,0,0,,0.0,0,0,,128.8409909,35.33203167
마마21bb05aa,1,0,0,0,,,0,0,,128.8410281,35.33428529
마마21bb05ab,0,0,0,0,,,0,0,,128.8410653,35.33653891
마마21bb05ba,0,0,0,0,,,0,0,,128.8411026,35.33879252
마마21bb05bb,2,0,0,0,,,0,0,,128.8411398,35.34104614
마마21bb06aa,0,0,0,0,,,0,0,,128.8411771,35.34329975
마마21bb06ab,0,0,0,0,,,0,0,,128.8412143,35.34555336
마마21bb06ba,0,0,0,0,,,0,0,,128.8412516,35.34780697
마마21bb06bb,0,0,0,0,,,0,0,,128.8412888,35.35006059
마마21bb07aa,0,0,0,0,,,0,0,,128.8413261,35.3523142
마마21bb07ab,0,0,0,0,,,0,0,,128.8413634,35.3545678
마마21bb07ba,3,0,0,0,,0.0,0,0,,128.8414006,35.35682141
마마21bb07bb,0,0,0,0,,0.0,0,0,,128.8414379,35.35907502
마마21bb08aa,1,0,0,0,,0.0,0,0,27.03323699,128.8414752,35.36132863
마마21bb08ab,0,0,0,0,,,0,0,,128.8415125,35.36358223
마마21bb08ba,0,0,0,0,,,0,0,,128.8415498,35.36583584
마마21bb08bb,0,0,0,0,,,0,0,,128.8415871,35.36808944
마마21bb09aa,0,0,0,0,,,0,0,,128.8416244,35.37034304
마마21bb09ab,0,0,0,0,,0.0,0,0,,128.8416617,35.37259665
마마21bb09ba,3,0,0,0,,0.0,0,0,,128.841699,35.37485025
마마21bb09bb,3,0,0,0,,0.0,0,0,36.93872832,128.8417363,35.37710385
마마21bb10aa,16,0,0,0,,15.0,0,0,,128.8417736,35.37935745
마마21bb10ab,8,0,0,0,,0.0,0,0,,128.8418109,35.38161104
마마21bb10ba,0,0,0,0,,,0,0,,128.8418482,35.38386464
마마21bb10bb,0,0,0,0,,,0,0,,128.8418856,35.38611824
마마21bb11aa,0,0,0,0,,,0,0,,128.8419229,35.38837184
마마22aa00aa,21,0,0,0,,0.0,0,0,,128.8430329,35.28918229
마마22aa00ab,3,0,0,0,,0.0,0,0,,128.8430701,35.29143592
마마22aa00ba,0,0,0,0,,0.0,0,0,34.0,128.8431073,35.29368956
마마22aa00bb,5,0,0,0,,0.0,0,0,,128.8431446,35.29594318
마마22aa01aa,41,0,0,0,,0.0,0,0,,128.8431818,35.29819681
마마22aa01ab,34,0,0,0,,8.0,0,0,,128.8432191,35.30045044
마마22aa01ba,8,0,0,0,,6.0,0,0,,128.8432563,35.30270407
마마22aa01bb,0,0,0,0,,,0,0,,128.8432936,35.30495769
마마22aa02aa,0,0,0,0,,,0,0,,128.8433308,35.30721132
마마22aa02ab,0,0,0,0,,,0,0,,128.8433681,35.30946494
마마22aa02ba,0,0,0,0,,,0,0,,128.8434054,35.31171856
마마22aa02bb,0,0,0,0,,,0,0,,128.8434426,35.31397219
마마22aa03aa,0,0,0,0,,,0,0,,128.8434799,35.31622581
마마22aa03ab,0,0,0,0,,,0,0,,128.8435172,35.31847943
마마22aa03ba,18,0,0,0,,,0,0,,128.8435545,35.32073305
마마22aa03bb,6,0,0,0,,8.0,0,0,,128.8435918,35.32298667
마마22aa04aa,0,0,0,0,,0.0,0,0,,128.843629,35.32524029
마마22aa04ab,0,0,0,0,,,0,0,,128.8436663,35.3274939
마마22aa04ba,0,0,0,0,,,0,0,,128.8437036,35.32974752
마마22aa04bb,0,0,0,0,,,0,0,,128.8437409,35.33200113
마마22aa05aa,12,0,0,0,,0.0,0,0,,128.8437783,35.33425475
마마22aa05ab,0,0,0,0,,,0,0,,128.8438156,35.33650836
마마22aa05ba,8,0,0,0,,,0,0,,128.8438529,35.33876197
마마22aa05bb,2,0,0,0,,0.0,0,0,,128.8438902,35.34101559
마마22aa06aa,0,0,0,0,,,0,0,,128.8439275,35.3432692
마마22aa06ab,0,0,0,0,,,0,0,,128.8439649,35.34552281
마마22aa06ba,0,0,0,0,,,0,0,,128.8440022,35.34777642
마마22aa06bb,0,0,0,0,,,0,0,,128.8440395,35.35003003
마마22aa07aa,0,0,0,0,,,0,0,,128.8440769,35.35228363
마마22aa07ab,1,0,0,0,,,0,0,,128.8441142,35.35453724
마마22aa07ba,0,0,0,0,,,0,0,28.0,128.8441516,35.35679084
마마22aa07bb,8,0,0,0,,0.0,0,0,,128.8441889,35.35904445
마마22aa08aa,0,0,0,0,,,0,0,,128.8442263,35.36129805
마마22aa08ab,0,0,0,0,,,0,0,,128.8442636,35.36355166
마마22aa08ba,0,0,0,0,,,0,0,,128.844301,35.36580526
마마22aa08bb,2,0,0,0,,0.0,0,0,,128.8443384,35.36805886
마마22aa09aa,0,0,0,0,,,0,0,,128.8443757,35.37031246
마마22aa09ab,3,0,0,0,,0.0,0,0,,128.8444131,35.37256606
마마22aa09ba,20,0,0,0,,0.0,0,0,,128.8444505,35.37481966
마마22aa09bb,10,0,0,0,,,0,0,,128.8444879,35.37707326
마마22aa10aa,0,0,0,0,,9.0,0,0,,128.8445253,35.37932685
마마22aa10ab,0,0,0,0,,,0,0,,128.8445627,35.38158045
마마22aa10ba,0,0,0,0,,,0,0,,128.8446001,35.38383404
마마22aa10bb,0,0,0,0,,0.0,0,0,,128.8446375,35.38608764
마마22aa11aa,0,0,0,0,,,0,0,,128.8446749,35.38834123
마마22ab00aa,16,0,0,0,,0.0,0,0,,128.8457815,35.28915174
마마22ab00ab,24,0,0,0,,28.000000000000004,0,0,,128.8458188,35.29140537
마마22ab00ba,1,0,0,0,,0.0,0,0,,128.8458561,35.293659
마마22ab00bb,4,0,0,0,,7.000000000000001,0,0,,128.8458934,35.29591262
마마22ab01aa,5,0,0,0,,0.0,0,0,,128.8459307,35.29816625
마마22ab01ab,6,0,0,0,,6.0,0,0,,128.8459681,35.30041987
마마22ab01ba,0,0,0,0,,,0,0,,128.8460054,35.3026735
마마22ab01bb,0,0,0,0,,,0,0,,128.8460427,35.30492712
마마22ab02aa,0,0,0,0,,,0,0,,128.8460801,35.30718074
마마22ab02ab,0,0,0,0,,,0,0,,128.8461174,35.30943436
마마22ab02ba,0,0,0,0,,,0,0,,128.8461547,35.31168799
마마22ab02bb,0,0,0,0,,,0,0,,128.8461921,35.3139416
마마22ab03aa,0,0,0,0,,,0,0,,128.8462294,35.31619522
마마22ab03ab,1,0,0,0,,,0,0,,128.8462668,35.31844884
마마22ab03ba,37,0,0,0,,0.0,0,0,,128.8463042,35.32070246
마마22ab03bb,32,0,0,0,,0.0,0,0,,128.8463415,35.32295608
마마22ab04aa,20,0,0,0,,79.0,0,0,,128.8463789,35.32520969
마마22ab04ab,0,0,0,0,,7.000000000000001,0,0,,128.8464163,35.32746331
마마22ab04ba,16,0,0,0,,8.0,0,0,,128.8464536,35.32971692
마마22ab04bb,13,0,0,1,,20.0,0,0,22.26228324,128.846491,35.33197053
마마22ab05aa,34,2,0,1,,13.0,0,0,,128.8465284,35.33422414
마마22ab05ab,12,0,0,0,,0.0,0,0,,128.8465658,35.33647775
마마22ab05ba,14,0,0,0,,0.0,0,0,,128.8466032,35.33873136
마마22ab05bb,16,0,0,0,,8.0,0,0,,128.8466406,35.34098497
마마22ab06aa,5,0,0,0,,6.0,0,0,,128.846678,35.34323858
마마22ab06ab,5,0,0,0,,,0,0,,128.8467154,35.34549219
마마22ab06ba,0,0,0,0,,,0,0,,128.8467528,35.3477458
마마22ab06bb,0,0,0,0,,,0,0,,128.8467902,35.3499994
마마22ab07aa,2,0,0,0,,0.0,0,0,,128.8468276,35.35225301
마마22ab07ab,1,0,0,0,,0.0,0,0,35.26011561,128.846865,35.35450661
마마22ab07ba,3,0,0,0,,0.0,0,0,27.36054913,128.8469025,35.35676021
마마22ab07bb,2,0,0,0,,0.0,0,0,,128.8469399,35.35901382
마마22ab08aa,0,0,0,0,,0.0,0,0,,128.8469773,35.36126742
마마22ab08ab,0,0,0,0,,,0,0,,128.8470148,35.36352102
마마22ab08ba,6,0,0,0,,,0,0,,128.8470522,35.36577462
마마22ab08bb,4,0,0,0,,0.0,0,0,,128.8470897,35.36802822
마마22ab09aa,5,0,0,0,,8.0,0,0,,128.8471271,35.37028181
마마22ab09ab,3,0,0,0,,12.0,0,0,,128.8471646,35.37253541
마마22ab09ba,37,0,0,0,,6.0,0,0,25.0,128.847202,35.37478901
마마22ab09bb,2,0,0,0,,,0,0,,128.8472395,35.3770426
마마22ab10aa,1,0,0,0,,,0,0,,128.847277,35.3792962
마마22ab10ab,0,0,0,0,,,0,0,,128.8473144,35.38154979
마마22ab10ba,0,0,0,0,,0.0,0,0,,128.8473519,35.38380338
마마22ab10bb,0,0,0,0,,0.0,0,0,,128.8473894,35.38605697
마마22ab11aa,0,0,0,0,,,0,0,,128.8474269,35.38831057
마마22ab11ab,0,0,0,0,,,0,0,,128.8474644,35.39056416
마마22ba00aa,22,0,0,0,,7.000000000000001,0,0,,128.8485301,35.28912112
마마22ba00ab,13,0,0,0,,6.0,0,0,,128.8485675,35.29137475
마마22ba00ba,0,0,0,0,,,0,0,32.3,128.8486049,35.29362837
마마22ba00bb,0,0,0,0,,,0,0,,128.8486423,35.295882
마마22ba01aa,0,0,0,0,,,3,0,,128.8486797,35.29813562
마마22ba01ab,0,0,0,0,,,0,0,,128.8487171,35.30038924
마마22ba01ba,2,0,0,0,,,0,0,,128.8487545,35.30264287
마마22ba01bb,0,0,0,0,,,0,0,,128.8487919,35.30489649
마마22ba02aa,0,0,0,0,,,0,0,,128.8488293,35.30715011
마마22ba02ab,0,0,0,0,,,0,0,,128.8488667,35.30940372
마마22ba02ba,0,0,0,0,,,0,0,,128.8489041,35.31165734
마마22ba02bb,0,0,0,0,,,0,0,,128.8489415,35.31391096
마마22ba03aa,8,0,0,0,,,0,0,,128.848979,35.31616458
마마22ba03ab,0,0,0,0,,,0,0,,128.8490164,35.31841819
마마22ba03ba,0,0,0,0,,,0,0,,128.8490538,35.32067181
마마22ba03bb,13,0,0,0,,32.0,0,0,,128.8490913,35.32292542
마마22ba04aa,28,0,0,0,,37.0,0,0,,128.8491287,35.32517903
마마22ba04ab,20,2,0,2,,69.0,27,0,,128.8491662,35.32743264
마마22ba04ba,1,0,0,0,,,0,0,,128.8492036,35.32968626
마마22ba04bb,1,0,0,0,,16.0,0,0,,128.8492411,35.33193987
마마22ba05aa,6,1,0,0,,9.0,0,0,,128.8492785,35.33419348
마마22ba05ab,2,1,0,0,,,0,0,,128.849316,35.33644708
마마22ba05ba,14,0,0,0,,,0,0,,128.8493535,35.33870069
마마22ba05bb,30,0,0,0,,0.0,0,0,,128.849391,35.3409543
마마22ba06aa,23,0,0,0,,8.0,0,0,,128.8494284,35.3432079
마마22ba06ab,0,0,0,0,,,0,0,,128.8494659,35.34546151
마마22ba06ba,2,0,0,0,,,0,0,,128.8495034,35.34771511
마마22ba06bb,1,2,0,0,,,0,0,,128.8495409,35.34996872
마마22ba07aa,15,0,0,1,,27.0,0,0,,128.8495784,35.35222232
마마22ba07ab,9,0,0,1,,22.0,0,0,,128.8496159,35.35447592
마마22ba07ba,14,0,0,0,,9.999999999999998,10,0,,128.8496534,35.35672952
마마22ba07bb,3,0,0,0,,6.0,0,0,,128.8496909,35.35898312
마마22ba08aa,12,0,0,0,,0.0,0,0,,128.8497284,35.36123672
마마22ba08ab,14,0,0,0,,9.0,0,0,,128.8497659,35.36349032
마마22ba08ba,10,0,0,0,,0.0,0,0,,128.8498034,35.36574391
마마22ba08bb,4,0,0,0,,17.0,0,0,,128.849841,35.36799751
마마22ba09aa,1,0,0,0,,13.0,0,0,,128.8498785,35.37025111
마마22ba09ab,1,0,0,0,,12.0,0,0,,128.849916,35.3725047
마마22ba09ba,0,0,0,0,,,0,0,,128.8499536,35.37475829
마마22ba09bb,10,0,0,0,,,0,0,,128.8499911,35.37701189
마마22ba10aa,4,0,0,0,,0.0,0,0,,128.8500286,35.37926548
마마22ba10ab,0,0,0,0,,,0,0,,128.8500662,35.38151907
마마22ba10ba,0,0,0,0,,,0,0,,128.8501037,35.38377266
마마22ba10bb,1,0,0,0,,0.0,0,0,,128.8501413,35.38602625
마마22ba11aa,0,0,0,0,,,0,0,,128.8501789,35.38827984
마마22ba11ab,0,0,0,0,,,0,0,,128.8502164,35.39053342
마마22ba11ba,0,0,0,0,,,0,0,,128.850254,35.39278701
마마22bb00aa,0,0,0,0,,,0,0,,128.8512787,35.28909044
마마22bb00ab,0,0,0,0,,,0,0,,128.8513162,35.29134407
마마22bb00ba,0,0,0,0,,,0,0,,128.8513537,35.29359769
마마22bb00bb,0,0,0,0,,,0,0,,128.8513911,35.29585131
마마22bb01aa,0,0,0,0,,,0,0,,128.8514286,35.29810493
마마22bb01ab,0,0,0,0,,,0,0,,128.8514661,35.30035855
마마22bb01ba,0,0,0,0,,,0,0,,128.8515035,35.30261217
마마22bb01bb,0,0,0,0,,,0,0,,128.851541,35.30486579
마마22bb02aa,0,0,0,0,,,0,0,,128.8515785,35.30711941
마마22bb02ab,0,0,0,0,,,0,0,,128.851616,35.30937302
마마22bb02ba,0,0,0,0,,,0,0,,128.8516535,35.31162664
마마22bb02bb,7,0,0,0,,,0,0,,128.851691,35.31388025
마마22bb03aa,10,0,0,0,,,0,0,,128.8517285,35.31613387
마마22bb03ab,12,0,0,0,,0.0,0,0,,128.851766,35.31838748
마마22bb03ba,8,0,0,0,,0.0,0,0,,128.8518035,35.32064109
마마22bb03bb,7,0,0,0,,8.0,0,0,,128.851841,35.3228947
마마22bb04aa,2,4,0,0,,0.0,0,0,,128.8518786,35.32514831
마마22bb04ab,1,0,0,0,,0.0,0,0,,128.8519161,35.32740192
마마22bb04ba,0,0,0,0,,,0,0,,128.8519536,35.32965553
마마22bb04bb,0,0,0,0,,,0,0,,128.8519911,35.33190914
마마22bb05aa,0,0,0,0,,0.0,0,0,,128.8520287,35.33416275
마마22bb05ab,0,0,0,0,,,0,0,,128.8520662,35.33641635
마마22bb05ba,0,0,0,0,,,0,0,,128.8521038,35.33866996
마마22bb05bb,9,0,0,0,,,0,0,,128.8521413,35.34092356
마마22bb06aa,29,0,0,0,,0.0,0,0,,128.8521789,35.34317716
마마22bb06ab,26,0,0,0,,0.0,0,0,,128.8522164,35.34543077
마마22bb06ba,23,2,0,0,,0.0,0,0,,128.852254,35.34768437
마마22bb06bb,18,0,0,0,,18.0,0,0,,128.8522916,35.34993797
마마22bb07aa,12,0,0,0,,35.0,0,0,,128.8523291,35.35219157
마마22bb07ab,1,0,0,0,,14.0,0,0,,128.8523667,35.35444517
마마22bb07ba,7,0,0,0,,8.0,0,0,14.0,128.8524043,35.35669876
마마22bb07bb,3,0,0,0,,12.0,0,0,,128.8524419,35.35895236
마마22bb08aa,1,0,0,0,,,0,0,,128.8524795,35.36120596
마마22bb08ab,14,0,0,0,,13.0,0,0,,128.852517,35.36345955
마마22bb08ba,2,0,0,0,,0.0,0,0,,128.8525546,35.36571315
마마22bb08bb,0,0,0,0,,0.0,3,0,,128.8525922,35.36796674
마마22bb09aa,0,0,0,0,,0.0,0,0,,128.8526298,35.37022033
마마22bb09ab,0,0,0,0,,,0,0,,128.8526675,35.37247393
마마22bb09ba,0,0,0,0,,,0,0,,128.8527051,35.37472752
마마22bb09bb,1,0,0,0,,,0,0,,128.8527427,35.37698111
마마22bb10aa,0,0,0,0,,,0,0,,128.8527803,35.3792347
마마22bb10ab,0,0,0,0,,,0,0,,128.8528179,35.38148829
마마22bb10ba,1,0,0,0,,,0,0,,128.8528556,35.38374187
마마22bb10bb,11,0,0,0,,0.0,0,0,,128.8528932,35.38599546
마마22bb11aa,0,0,0,0,,,0,0,,128.8529308,35.38824905
마마22bb11ab,0,0,0,0,,,0,0,,128.8529685,35.39050263
마마22bb11ba,0,0,0,0,,,0,0,,128.8530061,35.39275621
마마23aa00aa,0,0,0,0,,,0,0,,128.8540273,35.2890597
마마23aa00ab,0,0,0,0,,,0,0,,128.8540649,35.29131332
마마23aa00ba,0,0,0,0,,,0,0,,128.8541024,35.29356694
마마23aa00bb,0,0,0,0,,,0,0,,128.85414,35.29582056
마마23aa01aa,0,0,0,0,,,0,0,,128.8541775,35.29807418
마마23aa01ab,0,0,0,0,,,0,0,,128.8542151,35.3003278
마마23aa01ba,0,0,0,0,,,0,0,,128.8542526,35.30258141
마마23aa01bb,0,0,0,0,,,0,0,,128.8542902,35.30483503
마마23aa02aa,0,0,0,0,,,0,0,,128.8543277,35.30708864
마마23aa02ab,0,0,0,0,,,0,0,,128.8543653,35.30934226
마마23aa02ba,2,0,0,0,,,0,0,,128.8544029,35.31159587
마마23aa02bb,2,0,0,0,,,0,0,,128.8544405,35.31384948
마마23aa03aa,0,0,0,0,,,0,0,,128.854478,35.31610309
마마23aa03ab,1,0,0,0,,,0,0,,128.8545156,35.3183567
마마23aa03ba,25,0,0,0,,0.0,0,0,,128.8545532,35.32061031
마마23aa03bb,26,0,0,0,,0.0,0,0,,128.8545908,35.32286392
마마23aa04aa,0,0,0,0,,,12,0,,128.8546284,35.32511753
마마23aa04ab,0,0,0,0,,,0,0,,128.854666,35.32737114
마마23aa04ba,0,0,0,0,,,0,0,,128.8547036,35.32962474
마마23aa04bb,0,0,0,0,,,0,0,,128.8547412,35.33187835
마마23aa05aa,10,0,0,0,,0.0,0,0,,128.8547788,35.33413195
마마23aa05ab,0,0,0,0,,,0,0,,128.8548164,35.33638556
마마23aa05ba,0,0,0,0,,,0,0,,128.8548541,35.33863916
마마23aa05bb,14,0,0,0,,,0,0,,128.8548917,35.34089276
마마23aa06aa,16,0,0,0,,0.0,0,0,,128.8549293,35.34314636
마마23aa06ab,15,0,0,0,,,0,0,,128.854967,35.34539996
마마23aa06ba,7,0,0,0,,0.0,0,2,,128.8550046,35.34765356
마마23aa06bb,0,0,0,0,,0.0,0,0,,128.8550422,35.34990716
마마23aa07aa,2,0,0,0,,12.0,0,0,,128.8550799,35.35216075
마마23aa07ab,0,0,0,0,,0.0,0,0,,128.8551175,35.35441435
마마23aa07ba,2,0,0,0,,,0,0,,128.8551552,35.35666795
마마23aa07bb,0,0,0,0,,,0,0,,128.8551928,35.35892154
마마23aa08aa,0,0,0,0,,,0,0,,128.8552305,35.36117513
마마23aa08ab,1,0,0,0,,19.0,0,0,,128.8552682,35.36342873
마마23aa08ba,2,0,0,0,,,0,0,,128.8553058,35.36568232
마마23aa08bb,0,0,0,0,,,0,0,,128.8553435,35.36793591
마마23aa09aa,0,0,0,0,,,0,0,,128.8553812,35.3701895
마마23aa09ab,0,0,0,0,,,0,0,,128.8554189,35.37244309
마마23aa09ba,0,0,0,0,,,0,0,,128.8554566,35.37469668
마마23aa09bb,0,0,0,0,,,0,0,,128.8554943,35.37695027
마마23aa10aa,0,0,0,0,,,0,0,,128.855532,35.37920385
마마23aa10ab,0,0,0,0,,,0,0,,128.8555697,35.38145744
마마23aa10ba,0,0,0,0,,0.0,0,0,,128.8556074,35.38371102
마마23aa10bb,0,0,0,0,,,0,0,,128.8556451,35.38596461
마마23aa11aa,0,0,0,0,,,0,0,,128.8556828,35.38821819
마마23aa11ab,0,0,0,0,,,0,0,,128.8557205,35.39047177
마마23aa11ba,0,0,0,0,,,0,0,,128.8557582,35.39272535
마마23aa11bb,0,0,0,0,,,0,0,,128.855796,35.39497894
마마23ab00aa,0,0,0,0,,,0,0,,128.856776,35.2890289
마마23ab00ab,0,0,0,0,,,0,0,,128.8568136,35.29128251
마마23ab00ba,0,0,0,0,,,0,0,,128.8568512,35.29353613
마마23ab00bb,0,0,0,0,,,0,0,,128.8568888,35.29578975
마마23ab01aa,0,0,0,0,,,0,0,,128.8569264,35.29804336
마마23ab01ab,0,0,0,0,,,0,0,,128.856964,35.30029698
마마23ab01ba,0,0,0,0,,,0,0,,128.8570017,35.30255059
마마23ab01bb,0,0,0,0,,,0,0,,128.8570393,35.30480421
마마23ab02aa,0,0,0,0,,,0,0,,128.857077,35.30705782
마마23ab02ab,0,0,0,0,,,0,0,,128.8571146,35.30931143
마마23ab02ba,0,0,0,0,,,0,0,,128.8571522,35.31156504
마마23ab02bb,0,0,0,0,,,0,0,,128.8571899,35.31381865
마마23ab03aa,0,0,0,0,,,0,0,,128.8572276,35.31607226
마마23ab03ab,7,0,0,0,,,0,0,,128.8572652,35.31832587
마마23ab03ba,33,0,0,0,,6.0,0,0,,128.8573029,35.32057947
마마23ab03bb,9,0,0,0,,0.0,0,0,,128.8573405,35.32283308
마마23ab04aa,0,0,0,0,,,0,0,,128.8573782,35.32508668
마마23ab04ab,0,0,0,0,,,0,0,,128.8574159,35.32734029
마마23ab04ba,0,0,0,0,,,0,0,,128.8574536,35.32959389
마마23ab04bb,0,0,0,0,,,0,0,,128.8574913,35.3318475
마마23ab05aa,12,0,0,0,,0.0,0,0,,128.857529,35.3341011
마마23ab05ab,0,0,0,0,,,0,0,,128.8575666,35.3363547
마마23ab05ba,0,0,0,0,,,0,0,,128.8576043,35.3386083
마마23ab05bb,0,0,0,0,,,0,0,,128.857642,35.3408619
마마23ab06aa,0,0,0,0,,,0,0,,128.8576798,35.34311549
마마23ab06ab,0,0,0,0,,,0,0,,128.8577175,35.34536909
마마23ab06ba,0,0,0,0,,,0,0,,128.8577552,35.34762269
마마23ab06bb,0,0,0,0,,,0,0,,128.8577929,35.34987628
마마23ab07aa,0,0,0,0,,0.0,0,0,,128.8578306,35.35212988
마마23ab07ab,0,0,0,0,,0.0,0,0,,128.8578684,35.35438347
마마23ab07ba,0,0,0,0,,,0,0,,128.8579061,35.35663707
마마23ab07bb,0,0,0,0,,,0,0,,128.8579438,35.35889066
마마23ab08aa,0,0,0,0,,,0,0,,128.8579816,35.36114425
마마23ab08ab,1,0,0,0,,0.0,0,0,50.0,128.8580193,35.36339784
마마23ab08ba,0,0,0,0,,,0,0,,128.8580571,35.36565143
마마23ab08bb,0,0,0,0,,,0,0,,128.8580948,35.36790502
마마23ab09aa,0,0,0,0,,,0,0,,128.8581326,35.3701586
마마23ab09ab,0,0,0,0,,,0,0,,128.8581703,35.37241219
마마23ab09ba,0,0,0,0,,,0,0,,128.8582081,35.37466578
마마23ab09bb,0,0,0,0,,,0,0,,128.8582459,35.37691936
마마23ab10aa,0,0,0,0,,,0,0,,128.8582836,35.37917295
마마23ab10ab,0,0,0,0,,,0,0,,128.8583214,35.38142653
마마23ab10ba,0,0,0,0,,,0,0,,128.8583592,35.38368011
마마23ab10bb,0,0,0,0,,,0,0,,128.858397,35.38593369
마마23ab11aa,0,0,0,0,,0.0,0,0,,128.8584348,35.38818727
마마23ab11ab,0,0,0,0,,8.0,0,0,,128.8584726,35.39044085
마마23ab11ba,0,0,0,0,,,0,0,,128.8585104,35.39269443
마마23ab11bb,0,0,0,0,,,0,0,,128.8585482,35.39494801
마마23ba00aa,0,0,0,0,,,0,0,,128.8595246,35.28899803
마마23ba00ab,0,0,0,0,,,0,0,,128.8595622,35.29125165
마마23ba00ba,0,0,0,0,,,0,0,,128.8595999,35.29350526
마마23ba00bb,0,0,0,0,,,0,0,,128.8596376,35.29575887
마마23ba01aa,0,0,0,0,,,0,0,,128.8596753,35.29801249
마마23ba01ab,0,0,0,0,,,0,0,,128.859713,35.3002661
마마23ba01ba,0,0,0,0,,,0,0,,128.8597507,35.30251971
마마23ba01bb,0,0,0,0,,,0,0,,128.8597885,35.30477332
마마23ba02aa,0,0,0,0,,,0,0,,128.8598262,35.30702693
마마23ba02ab,0,0,0,0,,,0,0,,128.8598639,35.30928054
마마23ba02ba,0,0,0,0,,,0,0,,128.8599016,35.31153415
마마23ba02bb,0,0,0,0,,,0,0,,128.8599393,35.31378776
마마23ba03aa,0,0,0,0,,,0,0,,128.8599771,35.31604136
마마23ba03ab,1,0,0,0,,,0,0,,128.8600148,35.31829497
마마23ba03ba,19,0,0,0,,0.0,0,0,,128.8600525,35.32054857
마마23ba03bb,5,0,0,0,,0.0,0,0,,128.8600903,35.32280217
마마23ba04aa,0,0,0,0,,,0,0,,128.860128,35.32505578
마마23ba04ab,0,0,0,0,,,0,0,,128.8601658,35.32730938
마마23ba04ba,0,0,0,0,,,0,0,,128.8602036,35.32956298
마마23ba04bb,0,0,0,0,,,0,0,,128.8602413,35.33181658
마마23ba05aa,0,0,0,0,,,0,0,,128.8602791,35.33407018
마마23ba05ab,0,0,0,0,,,0,0,,128.8603169,35.33632378
마마23ba05ba,0,0,0,0,,,0,0,,128.8603546,35.33857737
마마23ba05bb,0,0,0,0,,,0,0,,128.8603924,35.34083097
마마23ba06aa,0,0,0,0,,,0,0,,128.8604302,35.34308457
마마23ba06ab,0,0,0,0,,,0,0,,128.860468,35.34533816
마마23ba06ba,0,0,0,0,,,0,0,,128.8605058,35.34759176
마마23ba06bb,0,0,0,0,,0.0,0,0,,128.8605436,35.34984535
마마23ba07aa,0,0,0,0,,0.0,0,0,,128.8605814,35.35209894
마마23ba07ab,0,0,0,0,,,0,0,,128.8606192,35.35435253
마마23ba07ba,0,0,0,0,,,0,0,,128.860657,35.35660612
마마23ba07bb,0,0,0,0,,,0,0,,128.8606948,35.35885971
마마23ba08aa,0,0,0,0,,0.0,0,0,,128.8607326,35.3611133
마마23ba08ab,0,0,0,0,,,0,0,,128.8607704,35.36336689
마마23ba08ba,0,0,0,0,,,0,0,,128.8608082,35.36562047
마마23ba08bb,0,0,0,0,,,0,0,,128.8608461,35.36787406
마마23ba09aa,0,0,0,0,,,0,0,,128.8608839,35.37012765
마마23ba09ab,0,0,0,0,,,0,0,,128.8609217,35.37238123
마마23ba09ba,0,0,0,0,,,0,0,,128.8609596,35.37463481
마마23ba09bb,0,0,0,0,,,0,0,,128.8609974,35.3768884
마마23ba10aa,0,0,0,0,,,0,0,,128.8610353,35.37914198
마마23ba10ab,0,0,0,0,,,0,0,,128.8610731,35.38139556
마마23ba10ba,0,0,0,0,,,0,0,,128.861111,35.38364914
마마23ba10bb,0,0,0,0,,0.0,0,0,,128.8611489,35.38590272
마마23ba11aa,7,0,0,0,,0.0,0,0,,128.8611867,35.38815629
마마23ba11ab,0,0,0,0,,,0,0,,128.8612246,35.39040987
마마23ba11ba,0,0,0,0,,,0,0,,128.8612625,35.39266345
마마23ba11bb,0,0,0,0,,,0,0,,128.8613004,35.39491702
마마23bb00aa,0,0,0,0,,,0,0,,128.8622732,35.2889671
마마23bb00ab,0,0,0,0,,,0,0,,128.8623109,35.29122071
마마23bb00ba,0,0,0,0,,0.0,0,0,,128.8623487,35.29347433
마마23bb00bb,0,0,0,0,,,0,0,,128.8623865,35.29572794
마마23bb01aa,0,0,0,0,,,0,0,,128.8624242,35.29798155
마마23bb01ab,0,0,0,0,,,0,0,,128.862462,35.30023516
마마23bb01ba,0,0,0,0,,,0,0,,128.8624998,35.30248877
마마23bb01bb,0,0,0,0,,,0,0,,128.8625376,35.30474237
마마23bb02aa,0,0,0,0,,,0,0,,128.8625754,35.30699598
마마23bb02ab,0,0,0,0,,,0,0,,128.8626132,35.30924959
마마23bb02ba,0,0,0,0,,,0,0,,128.862651,35.31150319
마마23bb02bb,0,0,0,0,,,0,0,,128.8626888,35.3137568
마마23bb03aa,0,0,0,0,,,0,0,,128.8627266,35.3160104
마마23bb03ab,1,0,0,0,,0.0,0,0,,128.8627644,35.318264
마마23bb03ba,17,0,0,0,,0.0,0,0,,128.8628022,35.32051761
마마23bb03bb,1,0,0,0,,,0,0,,128.86284,35.32277121
마마23bb04aa,0,0,0,0,,,0,0,,128.8628779,35.32502481
마마23bb04ab,0,0,0,0,,,0,0,,128.8629157,35.32727841
마마23bb04ba,0,0,0,0,,,0,0,,128.8629535,35.329532
마마23bb04bb,0,0,0,0,,,0,0,,128.8629914,35.3317856
마마23bb05aa,0,0,0,0,,,0,0,,128.8630292,35.3340392
마마23bb05ab,0,0,0,0,,,0,0,,128.8630671,35.33629279
마마23bb05ba,0,0,0,0,,,0,0,,128.8631049,35.33854639
마마23bb05bb,0,0,0,0,,,0,0,,128.8631428,35.34079998
마마23bb06aa,0,0,0,0,,,0,0,,128.8631806,35.34305358
마마23bb06ab,0,0,0,0,,,0,0,,128.8632185,35.34530717
마마23bb06ba,0,0,0,0,,,0,0,,128.8632563,35.34756076
마마23bb06bb,0,0,0,0,,,0,0,,128.8632942,35.34981435
마마23bb07aa,0,0,0,0,,,0,0,,128.8633321,35.35206794
마마23bb07ab,0,0,0,0,,,0,0,,128.86337,35.35432153
마마23bb07ba,0,0,0,0,,,0,0,,128.8634079,35.35657512
마마23bb07bb,0,0,0,0,,,0,0,,128.8634458,35.3588287
마마23bb08aa,0,0,0,0,,,0,0,,128.8634836,35.36108229
마마23bb08ab,0,0,0,0,,,0,0,,128.8635215,35.36333587
마마23bb08ba,0,0,0,0,,,0,0,,128.8635594,35.36558946
마마23bb08bb,0,0,0,0,,,0,0,,128.8635973,35.36784304
마마23bb09aa,0,0,0,0,,,0,0,,128.8636353,35.37009662
마마23bb09ab,0,0,0,0,,,0,0,,128.8636732,35.37235021
마마23bb09ba,0,0,0,0,,,0,0,,128.8637111,35.37460379
마마23bb09bb,0,0,0,0,,,0,0,,128.863749,35.37685737
마마23bb10aa,0,0,0,0,,,1,0,,128.8637869,35.37911095
마마23bb10ab,0,0,0,0,,0.0,0,0,,128.8638249,35.38136452
마마23bb10ba,2,0,0,0,,0.0,0,0,,128.8638628,35.3836181
마마23bb10bb,2,0,0,0,,8.0,0,0,20.03323699,128.8639007,35.38587168
마마23bb11aa,0,0,0,0,,,0,0,,128.8639387,35.38812525
마마23bb11ab,0,0,0,0,,,0,0,,128.8639766,35.39037883
마마23bb11ba,0,0,0,0,,,0,0,,128.8640146,35.3926324
마마23bb11bb,0,0,0,0,,,0,0,,128.8640525,35.39488597
마마24aa00aa,0,0,0,0,,,0,0,,128.8650218,35.28893611
마마24aa00ab,0,0,0,0,,,0,0,,128.8650596,35.29118972
마마24aa00ba,0,0,0,0,,,0,0,,128.8650974,35.29344333
마마24aa00bb,1,0,0,0,,,0,0,,128.8651353,35.29569694
마마24aa01aa,0,0,0,0,,,0,0,,128.8651731,35.29795055
마마24aa01ab,0,0,0,0,,,0,0,,128.865211,35.30020415
마마24aa01ba,0,0,0,0,,,0,0,,128.8652488,35.30245776
마마24aa01bb,0,0,0,0,,,0,0,,128.8652867,35.30471137
마마24aa02aa,0,0,0,0,,,0,0,,128.8653246,35.30696497
마마24aa02ab,0,0,0,0,,,0,0,,128.8653625,35.30921857
마마24aa02ba,1,0,0,0,,,0,0,,128.8654003,35.31147218
마마24aa02bb,0,0,0,0,,,0,0,,128.8654382,35.31372578
마마24aa03aa,0,0,0,0,,,0,0,,128.8654761,35.31597938
마마24aa03ab,12,0,0,0,,9.0,0,0,,128.865514,35.31823298
마마24aa03ba,1,0,0,0,,52.0,0,0,,128.8655519,35.32048658
마마24aa03bb,2,0,0,0,,6.0,0,0,,128.8655898,35.32274018
마마24aa04aa,0,0,0,0,,,0,0,,128.8656277,35.32499377
마마24aa04ab,0,0,0,0,,,0,0,,128.8656656,35.32724737
마마24aa04ba,0,0,0,0,,,0,0,,128.8657035,35.32950097
마마24aa04bb,0,0,0,0,,,0,0,,128.8657414,35.33175456
마마24aa05aa,0,0,0,0,,,0,0,,128.8657793,35.33400816
마마24aa05ab,0,0,0,0,,,0,0,,128.8658172,35.33626175
마마24aa05ba,0,0,0,0,,,0,0,,128.8658552,35.33851534
마마24aa05bb,0,0,0,0,,,0,0,,128.8658931,35.34076893
마마24aa06aa,0,0,0,0,,,0,0,,128.865931,35.34302252
마마24aa06ab,0,0,0,0,,,0,0,,128.865969,35.34527611
마마24aa06ba,0,0,0,0,,,0,0,,128.8660069,35.3475297
마마24aa06bb,0,0,0,0,,,0,0,,128.8660449,35.34978329
마마24aa07aa,0,0,0,0,,,0,0,,128.8660828,35.35203688
마마24aa07ab,0,0,0,0,,,0,0,,128.8661208,35.35429046
마마24aa07ba,0,0,0,0,,,0,0,,128.8661587,35.35654405
마마24aa07bb,0,0,0,0,,,0,0,,128.8661967,35.35879763
마마24aa08aa,0,0,0,0,,,0,0,,128.8662347,35.36105121
마마24aa08ab,0,0,0,0,,,0,0,,128.8662727,35.3633048
마마24aa08ba,0,0,0,0,,,0,0,,128.8663106,35.36555838
마마24aa08bb,0,0,0,0,,,0,0,,128.8663486,35.36781196
마마24aa09aa,0,0,0,0,,,0,0,,128.8663866,35.37006554
마마24aa09ab,0,0,0,0,,,0,0,,128.8664246,35.37231912
마마24aa09ba,0,0,0,0,,,0,0,,128.8664626,35.3745727
마마24aa09bb,0,0,0,0,,,0,0,,128.8665006,35.37682627
마마24aa10aa,0,0,0,0,,0.0,0,0,,128.8665386,35.37907985
마마24aa10ab,0,0,0,0,,,0,0,,128.8665766,35.38133343
마마24aa10ba,1,0,0,0,,0.0,0,0,,128.8666146,35.383587
마마24aa10bb,2,0,0,0,,0.0,0,0,,128.8666526,35.38584057
마마24aa11aa,0,0,0,0,,,0,0,,128.8666906,35.38809415
마마24aa11ab,0,0,0,0,,,0,0,,128.8667287,35.39034772
마마24aa11ba,0,0,0,0,,,0,0,,128.8667667,35.39260129
마마24aa11bb,0,0,0,0,,,0,0,,128.8668047,35.39485486
마마24ab00aa,2,0,0,0,,0.0,0,0,,128.8677703,35.28890506
마마24ab00ab,0,0,0,0,,,0,0,23.56358382,128.8678083,35.29115866
마마24ab00ba,6,0,0,0,,,0,0,,128.8678462,35.29341227
마마24ab00bb,4,0,0,0,,,0,0,28.5,128.8678841,35.29566588
마마24ab01aa,11,0,0,0,,0.0,0,0,,128.867922,35.29791948
마마24ab01ab,2,0,0,0,,11.0,0,0,,128.86796,35.30017309
마마24ab01ba,0,0,0,0,,,0,0,,128.8679979,35.30242669
마마24ab01bb,0,0,0,0,,,0,0,,128.8680358,35.30468029
마마24ab02aa,0,0,0,0,,,0,0,,128.8680738,35.3069339
마마24ab02ab,2,0,0,0,,,0,0,,128.8681117,35.3091875
마마24ab02ba,17,0,0,0,,,0,0,,128.8681497,35.3114411
마마24ab02bb,12,0,0,0,,0.0,0,0,,128.8681876,35.3136947
마마24ab03aa,13,2,0,0,,0.0,0,0,,128.8682256,35.31594829
마마24ab03ab,10,0,0,0,,0.0,0,0,,128.8682636,35.31820189
마마24ab03ba,3,0,0,0,,30.0,0,0,,128.8683015,35.32045549
마마24ab03bb,2,0,0,0,,18.0,0,0,,128.8683395,35.32270908
마마24ab04aa,0,0,0,0,,,0,0,,128.8683775,35.32496268
마마24ab04ab,0,0,0,0,,,0,0,,128.8684155,35.32721627
마마24ab04ba,0,0,0,0,,,0,0,,128.8684535,35.32946987
마마24ab04bb,0,0,0,0,,,0,0,,128.8684914,35.33172346
마마24ab05aa,0,0,0,0,,,0,0,,128.8685294,35.33397705
마마24ab05ab,0,0,0,0,,,0,0,,128.8685674,35.33623064
마마24ab05ba,0,0,0,0,,,0,0,,128.8686054,35.33848423
마마24ab05bb,0,0,0,0,,,0,0,,128.8686435,35.34073782
마마24ab06aa,0,0,0,0,,,0,0,,128.8686815,35.34299141
마마24ab06ab,0,0,0,0,,,0,0,,128.8687195,35.34524499
마마24ab06ba,0,0,0,0,,,0,0,,128.8687575,35.34749858
마마24ab06bb,0,0,0,0,,,0,0,,128.8687955,35.34975217
마마24ab07aa,0,0,0,0,,,0,0,,128.8688336,35.35200575
마마24ab07ab,0,0,0,0,,,0,0,,128.8688716,35.35425933
마마24ab07ba,0,0,0,0,,,0,0,,128.8689096,35.35651292
마마24ab07bb,0,0,0,0,,,0,0,,128.8689477,35.3587665
마마24ab08aa,0,0,0,0,,,0,0,,128.8689857,35.36102008
마마24ab08ab,0,0,0,0,,,0,0,,128.8690238,35.36327366
마마24ab08ba,0,0,0,0,,,0,0,,128.8690618,35.36552724
마마24ab08bb,0,0,0,0,,,0,0,,128.8690999,35.36778082
마마24ab09aa,0,0,0,0,,,0,0,,128.8691379,35.37003439
마마24ab09ab,0,0,0,0,,,0,0,,128.869176,35.37228797
마마24ab09ba,0,0,0,0,,,0,0,,128.8692141,35.37454155
마마24ab09bb,0,0,0,0,,,0,0,,128.8692521,35.37679512
마마24ab10aa,0,0,0,0,,,0,0,,128.8692902,35.37904869
마마24ab10ab,0,0,0,0,,,0,0,,128.8693283,35.38130227
마마24ab10ba,0,0,0,0,,,0,0,,128.8693664,35.38355584
마마24ab10bb,0,0,0,0,,,0,0,,128.8694045,35.38580941
마마24ab11aa,0,0,0,0,,,0,0,,128.8694426,35.38806298
마마24ab11ab,0,0,0,0,,,0,0,,128.8694807,35.39031655
마마24ab11ba,0,0,0,0,,,0,0,,128.8695188,35.39257012
마마24ba00aa,0,0,0,0,,,0,0,,128.8705189,35.28887394
마마24ba00ab,1,0,0,0,,9.999999999999998,0,0,,128.8705569,35.29112754
마마24ba00ba,26,3,0,0,,0.0,0,0,38.2765896,128.8705949,35.29338115
마마24ba00bb,15,2,0,0,,,0,0,,128.8706329,35.29563475
마마24ba01aa,19,0,0,0,,0.0,0,0,,128.8706709,35.29788836
마마24ba01ab,5,0,0,0,,19.0,0,0,,128.8707089,35.30014196
마마24ba01ba,0,0,0,0,,,0,0,,128.8707469,35.30239556
마마24ba01bb,0,0,0,0,,7.000000000000001,0,0,,128.870785,35.30464916
마마24ba02aa,0,0,0,0,,0.0,0,0,,128.870823,35.30690276
마마24ba02ab,0,0,0,0,,,0,0,,128.870861,35.30915636
마마24ba02ba,2,3,0,0,,,0,0,,128.870899,35.31140995
마마24ba02bb,13,0,0,0,,0.0,0,0,,128.8709371,35.31366355
마마24ba03aa,41,1,0,0,,7.000000000000001,0,0,,128.8709751,35.31591715
마마24ba03ab,15,0,0,0,,9.999999999999998,0,0,,128.8710131,35.31817074
마마24ba03ba,3,0,0,0,,0.0,0,0,,128.8710512,35.32042434
마마24ba03bb,0,0,0,0,,6.0,9,0,,128.8710892,35.32267793
마마24ba04aa,0,0,0,0,,,0,0,,128.8711273,35.32493152
마마24ba04ab,0,0,0,0,,,0,0,,128.8711654,35.32718511
마마24ba04ba,0,0,0,0,,,0,0,,128.8712034,35.3294387
마마24ba04bb,0,0,0,0,,,0,0,,128.8712415,35.33169229
마마24ba05aa,0,0,0,0,,,0,0,,128.8712796,35.33394588
마마24ba05ab,0,0,0,0,,,0,0,,128.8713176,35.33619947
마마24ba05ba,0,0,0,0,,,0,0,,128.8713557,35.33845306
마마24ba05bb,0,0,0,0,,,0,0,,128.8713938,35.34070664
마마24ba06aa,0,0,0,0,,,0,0,,128.8714319,35.34296023
마마24ba06ab,0,0,0,0,,,0,0,,128.87147,35.34521381
마마24ba06ba,0,0,0,0,,,0,0,,128.8715081,35.3474674
마마24ba06bb,0,0,0,0,,,0,0,,128.8715462,35.34972098
마마24ba07aa,0,0,0,0,,,0,0,,128.8715843,35.35197456
마마24ba07ab,0,0,0,0,,,0,0,,128.8716224,35.35422814
마마24ba07ba,0,0,0,0,,,0,0,16.0,128.8716605,35.35648172
마마24ba07bb,0,0,0,0,,,0,0,,128.8716986,35.3587353
마마24ba08aa,0,0,0,0,,,0,0,,128.8717367,35.36098888
마마24ba08ab,0,0,0,0,,,0,0,,128.8717749,35.36324246
마마24ba08ba,0,0,0,0,,,0,0,,128.871813,35.36549603
마마24ba08bb,0,0,0,0,,,0,0,,128.8718511,35.36774961
마마24ba09aa,0,0,0,0,,,0,0,,128.8718893,35.37000318
마마24ba09ab,0,0,0,0,,,0,0,,128.8719274,35.37225676
마마24ba09ba,0,0,0,0,,,0,0,,128.8719656,35.37451033
마마24ba09bb,0,0,0,0,,,0,0,,128.8720037,35.3767639
마마24ba10aa,0,0,0,0,,,0,0,,128.8720419,35.37901747
마마24ba10ab,0,0,0,0,,,0,0,,128.87208,35.38127104
마마24ba10ba,0,0,0,0,,,0,0,,128.8721182,35.38352461
마마24ba10bb,0,0,0,0,,,0,0,,128.8721564,35.38577818
마마24ba11aa,0,0,0,0,,,0,0,,128.8721945,35.38803175
마마24bb00aa,0,0,0,0,,,0,0,,128.8732675,35.28884276
마마24bb00ab,0,0,0,0,,,0,0,,128.8733056,35.29109636
마마24bb00ba,11,0,0,0,,,0,0,,128.8733437,35.29334996
마마24bb00bb,20,0,0,0,,0.0,0,0,,128.8733817,35.29560357
마마24bb01aa,19,0,0,0,,0.0,0,0,,128.8734198,35.29785717
마마24bb01ab,24,0,0,0,,,0,0,23.26734104,128.8734579,35.30011077
마마24bb01ba,11,0,0,0,,,0,0,,128.873496,35.30236436
마마24bb01bb,39,0,0,0,,0.0,0,0,,128.8735341,35.30461796
마마24bb02aa,23,0,0,0,,6.0,0,0,46.9400289,128.8735722,35.30687156
마마24bb02ab,7,0,0,0,,0.0,0,0,,128.8736103,35.30912515
마마24bb02ba,17,2,0,0,,0.0,0,0,,128.8736484,35.31137875
마마24bb02bb,24,0,0,0,,0.0,0,0,,128.8736865,35.31363234
마마24bb03aa,18,0,0,0,,,0,0,,128.8737246,35.31588594
마마24bb03ab,20,0,0,0,,7.000000000000001,0,0,,128.8737627,35.31813953
마마24bb03ba,2,0,0,0,,,0,0,,128.8738008,35.32039312
마마24bb03bb,0,0,0,0,,,0,0,,128.873839,35.32264671
마마24bb04aa,0,0,0,0,,,0,0,,128.8738771,35.3249003
마마24bb04ab,0,0,0,0,,,0,0,,128.8739152,35.32715389
마마24bb04ba,0,0,0,0,,,0,0,,128.8739534,35.32940748
마마24bb04bb,0,0,0,0,,,0,0,,128.8739915,35.33166106
마마24bb05aa,0,0,0,0,,,0,0,,128.8740297,35.33391465
마마24bb05ab,0,0,0,0,,,0,0,,128.8740678,35.33616824
마마24bb05ba,0,0,0,0,,,0,0,,128.874106,35.33842182
마마24bb05bb,0,0,0,0,,,0,0,,128.8741441,35.3406754
마마24bb06aa,0,0,0,0,,,0,0,,128.8741823,35.34292899
마마24bb06ab,0,0,0,0,,,0,0,,128.8742205,35.34518257
마마24bb06ba,0,0,0,0,,,0,0,,128.8742586,35.34743615
마마24bb06bb,0,0,0,0,,,0,0,,128.8742968,35.34968973
마마24bb07aa,0,0,0,0,,,0,0,,128.874335,35.35194331
마마24bb07ab,0,0,0,0,,,0,0,,128.8743732,35.35419689
마마24bb07ba,0,0,0,0,,,0,0,,128.8744114,35.35645047
마마24bb07bb,0,0,0,0,,,0,0,,128.8744496,35.35870404
마마24bb08aa,0,0,0,0,,,0,0,,128.8744878,35.36095762
마마24bb08ab,0,0,0,0,,,0,0,,128.874526,35.36321119
마마24bb08ba,0,0,0,0,,,0,0,,128.8745642,35.36546477
마마24bb08bb,0,0,0,0,,,0,0,,128.8746024,35.36771834
마마24bb09aa,0,0,0,0,,,0,0,,128.8746406,35.36997191
마마24bb09ab,0,0,0,0,,,0,0,,128.8746788,35.37222548
마마24bb09ba,0,0,0,0,,,0,0,,128.874717,35.37447905
마마24bb09bb,0,0,0,0,,,0,0,,128.8747553,35.37673262
마마24bb10aa,0,0,0,0,,,0,0,,128.8747935,35.37898619
마마24bb10ab,0,0,0,0,,,0,0,,128.8748317,35.38123976
마마25aa00aa,1,0,0,0,,,0,0,,128.8760161,35.28881152
마마25aa00ab,0,0,0,0,,,0,0,,128.8760542,35.29106512
마마25aa00ba,0,0,0,0,,,0,0,,128.8760924,35.29331872
마마25aa00bb,0,0,0,0,,,0,0,,128.8761305,35.29557232
마마25aa01aa,17,0,0,0,,0.0,0,0,,128.8761687,35.29782591
마마25aa01ab,39,0,0,0,,12.0,0,0,21.0,128.8762069,35.30007951
마마25aa01ba,34,0,0,0,,0.0,0,0,,128.876245,35.30233311
마마25aa01bb,35,0,0,0,,0.0,0,0,,128.8762832,35.3045867
마마25aa02aa,44,0,0,0,,0.0,0,0,51.9617052,128.8763214,35.3068403
마마25aa02ab,20,0,0,0,,0.0,0,0,,128.8763595,35.30909389
마마25aa02ba,18,1,0,0,,0.0,0,0,,128.8763977,35.31134748
마마25aa02bb,5,0,0,0,,6.0,0,0,,128.8764359,35.31360107
마마25aa03aa,0,0,0,0,,,0,0,,128.8764741,35.31585466
마마25aa03ab,0,0,0,0,,,0,0,,128.8765123,35.31810825
마마25aa03ba,0,0,0,0,,,0,0,,128.8765505,35.32036184
마마25aa03bb,0,0,0,0,,,0,0,,128.8765887,35.32261543
마마25aa04aa,0,0,0,0,,,0,0,,128.8766269,35.32486902
마마25aa04ab,0,0,0,0,,,0,0,,128.8766651,35.3271226
마마25aa04ba,0,0,0,0,,,0,0,,128.8767033,35.32937619
마마25aa04bb,0,0,0,0,,,0,0,,128.8767415,35.33162977
마마25aa05aa,0,0,0,0,,,0,0,,128.8767798,35.33388336
마마25aa05ab,0,0,0,0,,,0,0,,128.876818,35.33613694
마마25aa05ba,0,0,0,0,,,0,0,,128.8768562,35.33839052
마마25aa05bb,0,0,0,0,,,0,0,,128.8768945,35.3406441
마마25aa06aa,0,0,0,0,,,0,0,,128.8769327,35.34289768
마마25aa06ab,0,0,0,0,,,0,0,,128.8769709,35.34515126
마마25aa06ba,0,0,0,0,,,0,0,,128.8770092,35.34740484
마마25aa06bb,0,0,0,0,,,0,0,,128.8770474,35.34965842
마마25aa07aa,0,0,0,0,,,0,0,,128.8770857,35.351912
마마25aa07ab,0,0,0,0,,,0,0,,128.877124,35.35416557
마마25aa07ba,0,0,0,0,,,0,0,,128.8771622,35.35641915
마마25aa07bb,0,0,0,0,,,0,0,,128.8772005,35.35867272
마마25aa08aa,0,0,0,0,,,0,0,,128.8772388,35.36092629
마마25aa08ab,0,0,0,0,,,0,0,,128.8772771,35.36317987
마마25aa08ba,0,0,0,0,,,0,0,,128.8773153,35.36543344
마마25aa08bb,0,0,0,0,,,0,0,,128.8773536,35.36768701
마마25aa09aa,0,0,0,0,,,0,0,,128.8773919,35.36994058
마마25aa09ab,0,0,0,0,,,0,0,,128.8774302,35.37219415
마마25ab00aa,1,0,0,0,,,0,0,,128.8787647,35.28878021
마마25ab00ab,0,0,0,0,,,0,0,,128.8788029,35.29103381
마마25ab00ba,0,0,0,0,,,0,0,15.53034682,128.8788411,35.29328741
마마25ab00bb,21,0,0,0,,0.0,6,0,,128.8788793,35.29554101
마마25ab01aa,9,0,0,0,,,0,0,23.59320809,128.8789176,35.2977946
마마25ab01ab,1,0,0,0,,0.0,0,0,,128.8789558,35.30004819
마마25ab01ba,7,0,0,0,,,0,0,,128.878994,35.30230179
마마25ab01bb,4,0,0,0,,,0,0,,128.8790323,35.30455538
마마25ab02aa,13,0,0,0,,,0,0,,128.8790705,35.30680897
마마25ab02ab,20,0,0,0,,,0,0,,128.8791088,35.30906256
마마25ab02ba,4,0,0,0,,,0,0,,128.8791471,35.31131615
마마25ab02bb,6,0,0,0,,,0,0,,128.8791853,35.31356974
마마25ab03aa,0,0,0,0,,,0,0,,128.8792236,35.31582333
마마25ab03ab,0,0,0,0,,,0,0,,128.8792619,35.31807692
마마25ab03ba,0,0,0,0,,,0,0,,128.8793001,35.3203305
마마25ab03bb,0,0,0,0,,,0,0,,128.8793384,35.32258409
마마25ab04aa,0,0,0,0,,,0,0,,128.8793767,35.32483767
마마25ab04ab,0,0,0,0,,,0,0,,128.879415,35.32709126
마마25ab04ba,0,0,0,0,,,0,0,,128.8794533,35.32934484
마마25ab04bb,0,0,0,0,,,0,0,,128.8794916,35.33159842
마마25ab05aa,0,0,0,0,,,0,0,,128.8795299,35.333852
마마25ab05ab,0,0,0,0,,,0,0,,128.8795682,35.33610558
마마25ab05ba,0,0,0,0,,,0,0,,128.8796065,35.33835916
마마25ab05bb,0,0,0,0,,,0,0,,128.8796448,35.34061274
마마25ab06aa,0,0,0,0,,,0,0,,128.8796831,35.34286632
마마25ab06ab,0,0,0,0,,,0,0,,128.8797214,35.34511989
마마25ab06ba,0,0,0,0,,,0,0,,128.8797598,35.34737347
마마25ab06bb,0,0,0,0,,,0,0,,128.8797981,35.34962705
마마25ab07aa,0,0,0,0,,,0,0,,128.8798364,35.35188062
마마25ab07ab,0,0,0,0,,,0,0,,128.8798748,35.35413419
마마25ab07ba,0,0,0,0,,,0,0,,128.8799131,35.35638776
마마25ab07bb,0,0,0,0,,,0,0,,128.8799514,35.35864134
마마25ab08aa,0,0,0,0,,,0,0,,128.8799898,35.36089491
마마25ab08ab,0,0,0,0,,,0,0,,128.8800282,35.36314848
마마25ab08ba,0,0,0,0,,,0,0,,128.8800665,35.36540204
마마25ab08bb,0,0,0,0,,,0,0,,128.8801049,35.36765561
마마25ab09aa,0,0,0,0,,,0,0,,128.8801432,35.36990918
마마25ba00aa,3,0,0,0,,0.0,0,0,,128.8815132,35.28874885
마마25ba00ab,15,0,0,0,,,0,0,,128.8815515,35.29100244
마마25ba00ba,13,0,0,0,,0.0,0,0,,128.8815898,35.29325604
마마25ba00bb,10,0,0,0,,0.0,0,0,16.0166185,128.8816281,35.29550963
마마25ba01aa,0,0,0,0,,,0,0,,128.8816664,35.29776322
마마25ba01ab,0,0,0,0,,,0,0,,128.8817048,35.30001682
마마25ba01ba,0,0,0,0,,,0,0,,128.8817431,35.30227041
마마25ba01bb,0,0,0,0,,,0,0,,128.8817814,35.304524
마마25ba02aa,0,0,0,0,,,0,0,,128.8818197,35.30677758
마마25ba02ab,0,0,0,0,,,0,0,,128.8818581,35.30903117
마마25ba02ba,0,0,0,0,,,0,0,,128.8818964,35.31128476
마마25ba02bb,0,0,0,0,,,0,0,,128.8819347,35.31353835
마마25ba03aa,0,0,0,0,,,0,0,,128.8819731,35.31579193
마마25ba03ab,0,0,0,0,,,0,0,,128.8820114,35.31804552
마마25ba03ba,0,0,0,0,,,0,0,,128.8820498,35.3202991
마마25ba03bb,1,0,0,0,,,0,0,,128.8820881,35.32255268
마마25ba04aa,6,0,0,0,,0.0,0,0,,128.8821265,35.32480627
마마25ba04ab,1,0,0,0,,,0,0,,128.8821648,35.32705985
마마25ba04ba,0,0,0,0,,,0,0,,128.8822032,35.32931343
마마25ba04bb,0,0,0,0,,,0,0,,128.8822416,35.33156701
마마25ba05aa,0,0,0,0,,,0,0,,128.88228,35.33382058
마마25ba05ab,0,0,0,0,,,0,0,,128.8823183,35.33607416
마마25ba05ba,0,0,0,0,,,0,0,,128.8823567,35.33832774
마마25ba05bb,0,0,0,0,,,0,0,,128.8823951,35.34058131
마마25ba06aa,0,0,0,0,,,0,0,,128.8824335,35.34283489
마마25ba06ab,0,0,0,0,,,0,0,,128.8824719,35.34508846
마마25ba06ba,0,0,0,0,,,0,0,,128.8825103,35.34734204
마마25ba06bb,0,0,0,0,,,0,0,,128.8825487,35.34959561
마마25ba07aa,0,0,0,0,,,0,0,,128.8825871,35.35184918
마마25ba07ab,0,0,0,0,,,0,0,,128.8826255,35.35410275
마마25ba07ba,1,0,0,0,,,0,0,,128.882664,35.35635632
마마25ba07bb,0,0,0,0,,,0,0,,128.8827024,35.35860989
마마25ba08aa,0,0,0,0,,,0,0,,128.8827408,35.36086346
마마25ba08ab,0,0,0,0,,,0,0,,128.8827792,35.36311702
마마25ba08ba,0,0,0,0,,,0,0,,128.8828177,35.36537059
마마25ba08bb,0,0,0,0,,,0,0,,128.8828561,35.36762416
마마25bb00aa,24,3,0,0,,7.000000000000001,0,0,,128.8842618,35.28871742
마마25bb00ab,28,1,0,0,,8.0,0,0,,128.8843002,35.29097101
마마25bb00ba,16,1,0,0,,58.0,0,0,,128.8843386,35.2932246
마마25bb00bb,21,0,0,0,,0.0,0,0,,128.8843769,35.29547819
마마25bb01aa,11,0,0,0,,,0,0,,128.8844153,35.29773178
마마25bb01ab,0,0,0,0,,,0,0,,128.8844537,35.29998537
마마25bb01ba,1,0,0,0,,0.0,0,0,,128.8844921,35.30223896
마마25bb01bb,0,0,0,0,,,0,0,,128.8845305,35.30449255
마마25bb02aa,0,0,0,0,,0.0,0,0,,128.8845689,35.30674614
마마25bb02ab,0,0,0,0,,0.0,0,0,,128.8846073,35.30899972
마마25bb02ba,0,0,0,0,,,0,0,,128.8846457,35.31125331
마마25bb02bb,0,0,0,0,,,0,0,,128.8846841,35.31350689
마마25bb03aa,0,0,0,0,,,0,0,,128.8847225,35.31576047
마마25bb03ab,0,0,0,0,,,0,0,,128.884761,35.31801405
마마25bb03ba,0,0,0,0,,,0,0,,128.8847994,35.32026764
마마25bb03bb,0,0,0,0,,,0,0,,128.8848378,35.32252122
마마25bb04aa,3,0,0,0,,,0,0,,128.8848763,35.32477479
마마25bb04ab,2,0,0,0,,0.0,0,0,,128.8849147,35.32702837
마마25bb04ba,8,0,0,0,,0.0,0,0,,128.8849531,35.32928195
마마25bb04bb,0,0,0,0,,0.0,0,0,,128.8849916,35.33153553
마마25bb05aa,0,0,0,0,,,0,0,,128.88503,35.3337891
마마25bb05ab,0,0,0,0,,,0,0,,128.8850685,35.33604268
마마25bb05ba,0,0,0,0,,,0,0,,128.885107,35.33829625
마마25bb05bb,0,0,0,0,,,0,0,,128.8851454,35.34054983
마마25bb06aa,0,0,0,0,,,0,0,,128.8851839,35.3428034
마마25bb06ab,0,0,0,0,,,0,0,,128.8852224,35.34505697
마마25bb06ba,0,0,0,0,,,0,0,,128.8852609,35.34731054
마마25bb06bb,0,0,0,0,,,0,0,,128.8852993,35.34956411
마마25bb07aa,0,0,0,0,,,0,0,,128.8853378,35.35181768
마마25bb07ab,0,0,0,0,,,0,0,,128.8853763,35.35407125
마마25bb07ba,0,0,0,0,,,0,0,,128.8854148,35.35632481
마마25bb07bb,0,0,0,0,,,0,0,,128.8854533,35.35857838
마마25bb08aa,0,0,0,0,,,0,0,,128.8854918,35.36083194
마마25bb08ab,0,0,0,0,,,0,0,,128.8855303,35.36308551
마마25bb08ba,0,0,0,0,,,0,0,,128.8855688,35.36533907
마마25bb08bb,0,0,0,0,,,0,0,,128.8856073,35.36759264
마마26aa00aa,10,0,0,0,,9.0,0,0,,128.8870104,35.28868593
마마26aa00ab,1,0,0,0,,0.0,0,0,,128.8870488,35.29093952
마마26aa00ba,10,0,0,0,,0.0,0,0,,128.8870873,35.29319311
마마26aa00bb,28,0,0,0,,0.0,0,0,,128.8871257,35.2954467
마마26aa01aa,30,2,0,0,,0.0,0,0,,128.8871642,35.29770028
마마26aa01ab,25,0,0,0,,0.0,0,0,,128.8872026,35.29995387
마마26aa01ba,0,0,0,0,,,0,0,22.14234104,128.8872411,35.30220746
마마26aa01bb,0,0,0,0,,,0,0,,128.8872796,35.30446104
마마26aa02aa,2,0,0,0,,0.0,0,0,,128.8873181,35.30671462
마마26aa02ab,0,0,0,0,,0.0,0,0,,128.8873565,35.30896821
마마26aa02ba,0,0,0,0,,,0,0,,128.887395,35.31122179
마마26aa02bb,0,0,0,0,,,0,0,,128.8874335,35.31347537
마마26aa03aa,0,0,0,0,,,0,0,,128.887472,35.31572895
마마26aa03ab,0,0,0,0,,,0,0,,128.8875105,35.31798253
마마26aa03ba,0,0,0,0,,,0,0,,128.887549,35.32023611
마마26aa03bb,0,0,0,0,,,0,0,,128.8875875,35.32248969
마마26aa04aa,0,0,0,0,,,0,0,,128.887626,35.32474326
마마26aa04ab,0,0,0,0,,,0,0,,128.8876646,35.32699684
마마26aa04ba,0,0,0,0,,,0,0,,128.8877031,35.32925041
마마26aa04bb,0,0,0,0,,0.0,0,0,,128.8877416,35.33150399
마마26aa05aa,1,0,0,0,,0.0,0,0,,128.8877801,35.33375756
마마26aa05ab,0,0,0,0,,,0,0,,128.8878187,35.33601113
마마26aa05ba,0,0,0,0,,,0,0,,128.8878572,35.3382647
마마26aa05bb,0,0,0,0,,,0,0,,128.8878957,35.34051827
마마26aa06aa,0,0,0,0,,,0,0,,128.8879343,35.34277184
마마26aa06ab,0,0,0,0,,,0,0,,128.8879728,35.34502541
마마26aa06ba,0,0,0,0,,,0,0,,128.8880114,35.34727898
마마26aa06bb,0,0,0,0,,,0,0,,128.88805,35.34953255
마마26aa07aa,0,0,0,0,,,0,0,,128.8880885,35.35178611
마마26aa07ab,0,0,0,0,,,0,0,,128.8881271,35.35403968
마마26aa07ba,0,0,0,0,,,0,0,,128.8881657,35.35629324
마마26aa07bb,0,0,0,0,,,0,0,,128.8882042,35.35854681
마마26aa08aa,0,0,0,0,,,0,0,,128.8882428,35.36080037
마마26aa08ab,0,0,0,0,,,0,0,,128.8882814,35.36305393
마마26aa08ba,0,0,0,0,,,0,0,,128.88832,35.36530749
마마26ab00aa,0,0,0,0,,0.0,0,0,,128.8897589,35.28865438
마마26ab00ab,0,0,0,0,,,0,0,,128.8897974,35.29090796
마마26ab00ba,7,0,0,0,,,0,0,,128.889836,35.29316155
마마26ab00bb,23,0,0,0,,0.0,0,0,,128.8898745,35.29541513
마마26ab01aa,11,0,0,0,,,0,0,,128.889913,35.29766872
마마26ab01ab,34,0,0,0,,7.000000000000001,0,0,,128.8899516,35.2999223
마마26ab01ba,14,0,0,0,,,0,0,,128.8899901,35.30217589
마마26ab01bb,7,0,0,0,,11.0,0,0,,128.8900287,35.30442947
마마26ab02aa,1,0,0,0,,25.0,0,0,,128.8900672,35.30668305
마마26ab02ab,0,0,0,0,,,0,0,,128.8901058,35.30893663
마마26ab02ba,0,0,0,0,,,0,0,,128.8901444,35.31119021
마마26ab02bb,0,0,0,0,,,0,0,,128.8901829,35.31344379
마마26ab03aa,0,0,0,0,,,0,0,,128.8902215,35.31569736
마마26ab03ab,0,0,0,0,,,0,0,,128.8902601,35.31795094
마마26ab03ba,0,0,0,0,,,0,0,,128.8902986,35.32020452
마마26ab03bb,0,0,0,0,,,0,0,,128.8903372,35.32245809
마마26ab04aa,0,0,0,0,,,0,0,,128.8903758,35.32471167
마마26ab04ab,0,0,0,0,,,0,0,,128.8904144,35.32696524
마마26ab04ba,0,0,0,0,,,0,0,,128.890453,35.32921881
마마26ab04bb,0,0,0,0,,,0,0,,128.8904916,35.33147238
마마26ab05aa,2,0,0,0,,0.0,0,0,,128.8905302,35.33372595
마마26ab05ab,0,0,0,0,,,0,0,,128.8905688,35.33597952
마마26ab05ba,1,0,0,0,,9.0,0,0,,128.8906074,35.33823309
마마26ab05bb,1,0,0,0,,0.0,0,0,,128.8906461,35.34048666
마마26ab06aa,2,0,0,0,,14.0,0,0,,128.8906847,35.34274023
마마26ab06ab,5,0,0,0,,7.000000000000001,0,0,,128.8907233,35.34499379
마마26ab06ba,1,0,0,0,,7.000000000000001,0,0,,128.8907619,35.34724736
마마26ab06bb,0,0,0,0,,,0,0,,128.8908006,35.34950092
마마26ab07aa,0,0,0,0,,,0,0,,128.8908392,35.35175449
마마26ab07ab,0,0,0,0,,,0,0,,128.8908779,35.35400805
마마26ab07ba,0,0,0,0,,,0,0,,128.8909165,35.35626161
마마26ab07bb,8,0,0,0,,,0,0,,128.8909552,35.35851517
마마26ab08aa,0,0,0,0,,,0,0,,128.8909938,35.36076873
마마26ab08ab,0,0,0,0,,,0,0,,128.8910325,35.36302229
마마26ab08ba,0,0,0,0,,,0,0,,128.8910711,35.36527585
마마26ba00aa,3,0,0,0,,12.0,0,0,,128.8925075,35.28862276
마마26ba00ab,0,0,0,0,,,0,0,,128.8925461,35.29087634
마마26ba00ba,0,0,0,0,,,0,0,,128.8925847,35.29312993
마마26ba00bb,1,0,0,0,,,0,0,,128.8926233,35.29538351
마마26ba01aa,1,0,0,0,,,0,0,,128.8926619,35.29763709
마마26ba01ab,0,0,0,0,,0.0,0,0,,128.8927005,35.29989067
마마26ba01ba,14,1,0,0,,9.0,0,0,24.53034682,128.8927391,35.30214425
마마26ba01bb,14,0,0,0,,0.0,0,0,,128.8927778,35.30439783
마마26ba02aa,0,0,0,0,,,0,0,,128.8928164,35.30665141
마마26ba02ab,0,0,0,0,,0.0,0,0,,128.892855,35.30890499
마마26ba02ba,0,0,0,0,,,0,0,,128.8928937,35.31115857
마마26ba02bb,0,0,0,0,,,0,0,,128.8929323,35.31341214
마마26ba03aa,0,0,0,0,,,0,0,,128.892971,35.31566572
마마26ba03ab,0,0,0,0,,,0,0,,128.8930096,35.31791929
마마26ba03ba,0,0,0,0,,,0,0,,128.8930483,35.32017286
마마26ba03bb,0,0,0,0,,,0,0,,128.8930869,35.32242644
마마26ba04aa,0,0,0,0,,,0,0,,128.8931256,35.32468001
마마26ba04ab,0,0,0,0,,,0,0,,128.8931643,35.32693358
마마26ba04ba,0,0,0,0,,,0,0,,128.8932029,35.32918715
마마26ba04bb,0,0,0,0,,,0,0,,128.8932416,35.33144072
마마26ba05aa,1,0,0,0,,,0,0,,128.8932803,35.33369429
마마26ba05ab,4,0,0,0,,9.999999999999998,0,0,,128.893319,35.33594785
마마26ba05ba,4,0,0,0,,25.0,0,0,,128.8933577,35.33820142
마마26ba05bb,3,0,0,0,,0.0,0,0,,128.8933964,35.34045498
마마26ba06aa,3,0,0,0,,30.0,6,0,,128.8934351,35.34270855
마마26ba06ab,1,0,0,0,,32.0,0,0,,128.8934738,35.34496211
마마26ba06ba,1,0,0,0,,12.0,0,0,21.0,128.8935125,35.34721568
마마26ba06bb,0,0,0,0,,0.0,0,0,,128.8935512,35.34946924
마마26ba07aa,0,0,0,0,,,0,0,,128.8935899,35.3517228
마마26ba07ab,0,0,0,0,,,0,0,,128.8936286,35.35397636
마마26ba07ba,0,0,0,0,,,0,0,,128.8936673,35.35622992
마마26ba07bb,5,0,0,0,,0.0,0,0,15.87427746,128.8937061,35.35848348
마마26ba08aa,0,0,0,0,,,0,0,,128.8937448,35.36073703
마마26ba08ab,0,0,0,0,,,0,0,,128.8937835,35.36299059
마마26ba08ba,0,0,0,0,,,0,0,,128.8938223,35.36524415
마마26bb00aa,2,0,0,0,,,0,0,,128.895256,35.28859108
마마26bb00ab,0,0,0,0,,,0,0,,128.8952947,35.29084466
마마26bb00ba,0,0,0,0,,,0,0,,128.8953334,35.29309824
마마26bb00bb,0,0,0,0,,,0,0,,128.8953721,35.29535182
마마26bb01aa,0,0,0,0,,,0,0,,128.8954108,35.2976054
마마26bb01ab,15,0,0,0,,,0,0,,128.8954494,35.29985898
마마26bb01ba,35,0,0,0,,6.0,0,0,,128.8954881,35.30211256
마마26bb01bb,14,0,0,0,,0.0,0,0,,128.8955268,35.30436614
마마26bb02aa,0,0,0,0,,,0,0,,128.8955656,35.30661971
마마26bb02ab,0,0,0,0,,,0,0,,128.8956043,35.30887329
마마26bb02ba,0,0,0,0,,,0,0,,128.895643,35.31112686
마마26bb02bb,0,0,0,0,,,0,0,,128.8956817,35.31338044
마마26bb03aa,0,0,0,0,,,0,0,,128.8957204,35.31563401
마마26bb03ab,0,0,0,0,,,0,0,,128.8957591,35.31788758
마마26bb03ba,0,0,0,0,,,0,0,,128.8957979,35.32014115
마마26bb03bb,0,0,0,0,,,0,0,,128.8958366,35.32239472
마마26bb04aa,0,0,0,0,,,0,0,,128.8958754,35.32464829
마마26bb04ab,0,0,0,0,,,0,0,,128.8959141,35.32690186
마마26bb04ba,0,0,0,0,,,0,0,,128.8959529,35.32915542
마마26bb04bb,0,0,0,0,,0.0,0,0,,128.8959916,35.33140899
마마26bb05aa,1,0,0,0,,9.999999999999998,0,0,,128.8960304,35.33366255
마마26bb05ab,0,0,0,0,,,0,0,,128.8960691,35.33591612
마마26bb05ba,0,0,0,0,,6.0,0,0,,128.8961079,35.33816968
마마26bb05bb,0,0,0,0,,,0,0,,128.8961467,35.34042325
마마26bb06aa,4,0,0,0,,8.0,0,0,,128.8961854,35.34267681
마마26bb06ab,7,0,0,0,,0.0,0,0,,128.8962242,35.34493037
마마26bb06ba,2,0,0,0,,12.0,0,0,,128.896263,35.34718393
마마26bb06bb,1,0,0,0,,0.0,0,0,,128.8963018,35.34943749
마마26bb07aa,0,0,0,0,,,0,0,,128.8963406,35.35169105
마마26bb07ab,0,0,0,0,,,0,0,,128.8963794,35.3539446
마마26bb07ba,1,0,0,0,,,0,0,,128.8964182,35.35619816
마마26bb07bb,0,0,0,0,,,0,0,13.0,128.896457,35.35845172
마마26bb08aa,0,0,0,0,,,0,0,,128.8964958,35.36070527
마마26bb08ab,0,0,0,0,,,0,0,,128.8965346,35.36295882
마마26bb08ba,0,0,0,0,,,0,0,,128.8965734,35.36521238
마마27aa00aa,4,0,0,0,,,0,0,,128.8980046,35.28855934
마마27aa00ab,6,0,0,0,,,0,0,,128.8980433,35.29081292
마마27aa00ba,1,0,0,0,,,0,0,,128.8980821,35.2930665
마마27aa00bb,0,0,0,0,,,0,0,,128.8981208,35.29532008
마마27aa01aa,0,0,0,0,,,0,0,,128.8981596,35.29757365
마마27aa01ab,5,0,0,0,,,0,0,,128.8981984,35.29982723
마마27aa01ba,21,0,0,0,,,0,0,,128.8982371,35.3020808
마마27aa01bb,11,0,0,0,,0.0,0,0,,128.8982759,35.30433438
마마27aa02aa,0,0,0,0,,,0,0,,128.8983147,35.30658795
마마27aa02ab,0,0,0,0,,,0,0,,128.8983535,35.30884152
마마27aa02ba,0,0,0,0,,,0,0,,128.8983923,35.31109509
마마27aa02bb,0,0,0,0,,,0,0,,128.8984311,35.31334867
마마27aa03aa,0,0,0,0,,,0,0,,128.8984699,35.31560224
마마27aa03ab,0,0,0,0,,,0,0,,128.8985087,35.3178558
마마27aa03ba,0,0,0,0,,,0,0,,128.8985475,35.32010937
마마27aa03bb,0,0,0,0,,,0,0,,128.8985863,35.32236294
마마27aa04aa,0,0,0,0,,,0,0,,128.8986251,35.32461651
마마27aa04ab,0,0,0,0,,,0,0,,128.8986639,35.32687007
마마27aa04ba,7,0,0,0,,,0,0,,128.8987028,35.32912364
마마27aa04bb,1,0,0,0,,0.0,0,0,,128.8987416,35.3313772
마마27aa05aa,0,0,0,0,,,0,0,,128.8987804,35.33363076
마마27aa05ab,0,0,0,0,,,0,0,,128.8988193,35.33588432
마마27aa05ba,0,0,0,0,,,0,0,,128.8988581,35.33813788
마마27aa05bb,0,0,0,0,,,0,0,,128.898897,35.34039144
마마27aa06aa,0,0,0,0,,,0,0,,128.8989358,35.342645
마마27aa06ab,0,0,0,0,,,0,0,,128.8989747,35.34489856
마마27aa06ba,0,0,0,0,,,0,0,45.72543353,128.8990135,35.34715212
마마27aa06bb,0,0,0,0,,,0,0,,128.8990524,35.34940568
마마27aa07aa,1,0,0,0,,,0,0,,128.8990913,35.35165923
마마27aa07ab,0,0,0,0,,,0,0,,128.8991301,35.35391279
마마27aa07ba,0,0,0,0,,,0,0,,128.899169,35.35616634
마마27aa07bb,0,0,0,0,,,0,0,16.0,128.8992079,35.35841989
마마27aa08aa,1,0,0,0,,0.0,0,0,26.0,128.8992468,35.36067345
마마27aa08ab,0,0,0,0,,,0,0,,128.8992857,35.362927
마마27aa08ba,0,0,0,0,,,0,0,,128.8993246,35.36518055
마마27ab00aa,0,0,0,0,,,0,0,,128.9007531,35.28852754
마마27ab00ab,8,0,0,0,,6.0,0,0,,128.9007919,35.29078111
마마27ab00ba,17,0,0,0,,0.0,0,0,,128.9008308,35.29303469
마마27ab00bb,20,0,0,0,,0.0,0,0,,128.9008696,35.29528826
마마27ab01aa,48,0,0,0,,0.0,0,0,,128.9009084,35.29754184
마마27ab01ab,30,0,0,0,,9.0,0,0,,128.9009473,35.29979541
마마27ab01ba,14,0,0,0,,0.0,0,0,,128.9009861,35.30204898
마마27ab01bb,31,0,0,0,,0.0,0,0,,128.901025,35.30430256
마마27ab02aa,0,0,0,0,,,0,0,,128.9010639,35.30655613
마마27ab02ab,0,0,0,0,,,8,0,,128.9011027,35.3088097
마마27ab02ba,0,0,0,0,,,0,0,,128.9011416,35.31106327
마마27ab02bb,0,0,0,0,,,0,0,,128.9011805,35.31331683
마마27ab03aa,8,0,0,0,,0.0,0,0,,128.9012193,35.3155704
마마27ab03ab,15,0,0,0,,0.0,0,0,,128.9012582,35.31782397
마마27ab03ba,0,0,0,0,,,0,0,,128.9012971,35.32007753
마마27ab03bb,0,0,0,0,,,0,0,,128.901336,35.3223311
마마27ab04aa,0,0,0,0,,,0,0,,128.9013749,35.32458466
마마27ab04ab,0,0,0,0,,,0,0,,128.9014138,35.32683822
마마27ab04ba,0,0,0,0,,,0,0,,128.9014527,35.32909178
마마27ab04bb,0,0,0,0,,,0,0,,128.9014916,35.33134535
마마27ab05aa,0,0,0,0,,,0,0,,128.9015305,35.33359891
마마27ab05ab,0,0,0,0,,,0,0,,128.9015694,35.33585246
마마27ab05ba,0,0,0,0,,,0,0,,128.9016083,35.33810602
마마27ab05bb,0,0,0,0,,,0,0,,128.9016473,35.34035958
마마27ab06aa,0,0,0,0,,,0,0,,128.9016862,35.34261314
마마27ab06ab,0,0,0,0,,,0,0,,128.9017251,35.34486669
마마27ab06ba,0,0,0,0,,,0,0,,128.9017641,35.34712025
마마27ab06bb,0,0,0,0,,,0,0,,128.901803,35.3493738
마마27ab07aa,0,0,0,0,,,0,0,,128.9018419,35.35162735
마마27ab07ab,4,0,0,1,,0.0,0,0,37.29248555,128.9018809,35.35388091
마마27ab07ba,3,0,0,0,,58.0,0,0,,128.9019198,35.35613446
마마27ab07bb,0,0,0,0,,0.0,0,0,,128.9019588,35.35838801
마마27ab08aa,0,0,0,0,,0.0,0,0,,128.9019978,35.36064156
마마27ab08ab,2,0,0,0,,,0,0,21.0,128.9020367,35.36289511
마마27ab08ba,0,0,0,0,,,0,0,,128.9020757,35.36514865
마마27ba00aa,0,0,0,0,,,0,0,,128.9035016,35.28849567
마마27ba00ab,0,0,0,0,,,0,0,,128.9035405,35.29074925
마마27ba00ba,0,0,0,0,,,0,0,,128.9035795,35.29300282
마마27ba00bb,6,0,0,0,,0.0,0,0,,128.9036184,35.29525639
마마27ba01aa,22,0,0,0,,0.0,0,0,,128.9036573,35.29750996
마마27ba01ab,3,0,0,0,,,0,0,,128.9036962,35.29976353
마마27ba01ba,8,0,0,0,,,0,0,,128.9037351,35.3020171
마마27ba01bb,29,3,0,0,,0.0,0,0,,128.9037741,35.30427067
마마27ba02aa,0,0,0,0,,,0,0,,128.903813,35.30652424
마마27ba02ab,0,0,0,0,,,0,0,,128.9038519,35.30877781
마마27ba02ba,7,0,0,0,,0.0,0,0,,128.9038909,35.31103137
마마27ba02bb,7,0,0,0,,,0,0,,128.9039298,35.31328494
마마27ba03aa,18,0,0,0,,0.0,0,0,,128.9039688,35.3155385
마마27ba03ab,15,0,0,0,,,0,0,,128.9040077,35.31779207
마마27ba03ba,0,0,0,0,,,0,0,,128.9040467,35.32004563
마마27ba03bb,0,0,0,0,,,0,0,,128.9040857,35.32229919
마마27ba04aa,0,0,0,0,,,0,0,,128.9041246,35.32455275
마마27ba04ab,0,0,0,0,,,0,0,,128.9041636,35.32680631
마마27ba04ba,0,0,0,0,,,0,0,,128.9042026,35.32905987
마마27ba04bb,0,0,0,0,,,0,0,,128.9042416,35.33131343
마마27ba05aa,0,0,0,0,,,0,0,,128.9042806,35.33356699
마마27ba05ab,0,0,0,0,,,0,0,,128.9043195,35.33582054
마마27ba05ba,0,0,0,0,,,0,0,,128.9043585,35.3380741
마마27ba05bb,0,0,0,0,,,0,0,,128.9043975,35.34032765
마마27ba06aa,0,0,0,0,,,0,0,,128.9044365,35.34258121
마마27ba06ab,0,0,0,0,,,0,0,,128.9044756,35.34483476
마마27ba06ba,0,0,0,0,,,0,0,,128.9045146,35.34708831
마마27ba06bb,0,0,0,0,,,0,0,,128.9045536,35.34934186
마마27ba07aa,0,0,0,0,,,0,0,,128.9045926,35.35159541
마마27ba07ab,0,0,0,0,,,0,0,,128.9046316,35.35384896
마마27ba07ba,0,0,0,0,,,0,0,,128.9046707,35.35610251
마마27ba07bb,0,0,0,0,,,0,0,,128.9047097,35.35835606
마마27ba08aa,0,0,0,0,,,0,0,,128.9047487,35.36060961
마마27ba08ab,1,0,0,0,,0.0,0,0,,128.9047878,35.36286315
마마27ba08ba,0,0,0,0,,,0,0,,128.9048268,35.3651167
마마27bb00aa,0,0,0,0,,,0,0,,128.9062502,35.28846374
마마27bb00ab,0,0,0,0,,,0,0,,128.9062892,35.29071731
마마27bb00ba,0,0,0,0,,,0,0,,128.9063281,35.29297089
마마27bb00bb,0,0,0,0,,,0,0,,128.9063671,35.29522446
마마27bb01aa,0,0,0,0,,,0,0,,128.9064061,35.29747802
마마27bb01ab,2,0,0,0,,,0,0,,128.9064451,35.29973159
마마27bb01ba,10,0,0,0,,,0,0,,128.9064841,35.30198516
마마27bb01bb,7,0,0,0,,0.0,0,0,,128.9065231,35.30423873
마마27bb02aa,0,0,0,0,,,0,0,,128.9065621,35.30649229
마마27bb02ab,0,0,0,0,,,0,0,,128.9066012,35.30874586
마마27bb02ba,1,0,0,0,,0.0,0,0,,128.9066402,35.31099942
마마27bb02bb,23,0,0,0,4.0,23.0,0,0,33.0,128.9066792,35.31325298
마마27bb03aa,13,0,0,0,,0.0,0,0,,128.9067182,35.31550654
마마27bb03ab,0,0,0,0,,,0,0,,128.9067573,35.3177601
마마27bb03ba,0,0,0,0,,,0,0,,128.9067963,35.32001366
마마27bb03bb,0,0,0,0,,,0,0,,128.9068353,35.32226722
마마27bb04aa,0,0,0,0,,,0,0,,128.9068744,35.32452078
마마27bb04ab,0,0,0,0,,,0,0,,128.9069134,35.32677434
마마27bb04ba,0,0,0,0,,,0,0,,128.9069525,35.3290279
마마27bb04bb,0,0,0,0,,,0,0,,128.9069915,35.33128145
마마27bb05aa,0,0,0,0,,,0,0,,128.9070306,35.33353501
마마27bb05ab,0,0,0,0,,,0,0,,128.9070697,35.33578856
마마27bb05ba,0,0,0,0,,,0,0,,128.9071088,35.33804211
마마27bb05bb,0,0,0,0,,,0,0,,128.9071478,35.34029567
마마27bb06aa,0,0,0,0,,,0,0,,128.9071869,35.34254922
마마27bb06ab,0,0,0,0,,,0,0,,128.907226,35.34480277
마마27bb06ba,0,0,0,0,,,0,0,,128.9072651,35.34705632
마마27bb06bb,0,0,0,0,,,0,0,,128.9073042,35.34930986
마마27bb07aa,0,0,0,0,,,0,0,,128.9073433,35.35156341
마마27bb07ab,0,0,0,0,,,0,0,,128.9073824,35.35381696
마마27bb07ba,0,0,0,0,,,0,0,,128.9074215,35.35607051
마마27bb07bb,0,0,0,0,,,0,0,,128.9074606,35.35832405
마마27bb08aa,2,0,0,0,,,0,0,,128.9074997,35.36057759
마마27bb08ab,0,0,0,0,,,0,0,,128.9075388,35.36283114
마마27bb08ba,0,0,0,0,,,0,0,,128.907578,35.36508468
마마28aa00aa,5,0,0,0,,0.0,0,0,,128.9089987,35.28843175
마마28aa00ab,1,0,0,0,,,0,0,,128.9090378,35.29068532
마마28aa00ba,5,0,0,0,,0.0,0,0,,128.9090768,35.29293889
마마28aa00bb,5,0,0,0,,,0,0,,128.9091159,35.29519246
마마28aa01aa,13,0,0,0,,0.0,0,0,,128.909155,35.29744602
마마28aa01ab,4,0,0,0,,0.0,0,0,,128.909194,35.29969959
마마28aa01ba,11,0,0,0,,0.0,0,0,15.56358382,128.9092331,35.30195315
마마28aa01bb,56,2,0,0,,7.000000000000001,0,0,,128.9092722,35.30420672
마마28aa02aa,6,0,0,0,,0.0,0,0,,128.9093113,35.30646028
마마28aa02ab,0,0,0,0,,,0,0,,128.9093504,35.30871384
마마28aa02ba,55,0,0,0,,6.0,0,0,,128.9093895,35.3109674
마마28aa02bb,25,0,0,0,,0.0,0,0,,128.9094286,35.31322096
마마28aa03aa,0,0,0,0,,,0,0,,128.9094677,35.31547452
마마28aa03ab,0,0,0,0,,,0,0,,128.9095068,35.31772808
마마28aa03ba,0,0,0,0,,,0,0,,128.9095459,35.31998164
마마28aa03bb,0,0,0,0,,,0,0,,128.909585,35.32223519
마마28aa04aa,0,0,0,0,,,0,0,,128.9096241,35.32448875
마마28aa04ab,0,0,0,0,,,0,0,,128.9096633,35.3267423
마마28aa04ba,0,0,0,0,,,0,0,,128.9097024,35.32899586
마마28aa04bb,0,0,0,0,,,0,0,,128.9097415,35.33124941
마마28aa05aa,0,0,0,0,,,0,0,,128.9097807,35.33350296
마마28aa05ab,0,0,0,0,,,0,0,,128.9098198,35.33575651
마마28aa05ba,0,0,0,0,,,0,0,,128.909859,35.33801006
마마28aa05bb,0,0,0,0,,,0,0,,128.9098981,35.34026361
마마28aa06aa,0,0,0,0,,,0,0,,128.9099373,35.34251716
마마28aa06ab,0,0,0,0,,,0,0,,128.9099764,35.34477071
마마28aa06ba,0,0,0,0,,,0,0,,128.9100156,35.34702426
마마28aa06bb,0,0,0,0,,,0,0,,128.9100548,35.3492778
마마28aa07aa,0,0,0,0,,,0,0,,128.9100939,35.35153135
마마28aa07ab,0,0,0,0,,,0,0,,128.9101331,35.35378489
마마28aa07ba,0,0,0,0,,,0,0,,128.9101723,35.35603844
마마28aa07bb,0,0,0,0,,,0,0,,128.9102115,35.35829198
마마28aa08aa,3,0,0,0,,,0,0,,128.9102507,35.36054552
마마28aa08ab,0,0,0,0,,,0,0,,128.9102899,35.36279906
마마28aa08ba,0,0,0,0,,,0,0,,128.9103291,35.3650526
마마28ab00aa,2,0,0,0,,0.0,0,0,,128.9117472,35.2883997
마마28ab00ab,31,0,0,0,,0.0,0,0,,128.9117864,35.29065327
마마28ab00ba,6,0,0,0,,0.0,0,0,,128.9118255,35.29290683
마마28ab00bb,24,0,0,0,,,0,0,,128.9118646,35.2951604
마마28ab01aa,31,0,0,0,,,0,0,24.43786127,128.9119038,35.29741396
마마28ab01ab,17,0,0,0,,0.0,0,0,,128.9119429,35.29966752
마마28ab01ba,45,0,0,0,,27.0,0,0,,128.9119821,35.30192108
마마28ab01bb,41,0,0,0,,0.0,0,0,,128.9120212,35.30417464
마마28ab02aa,63,0,0,0,,9.999999999999998,0,0,41.29768786,128.9120604,35.3064282
마마28ab02ab,26,0,0,0,,0.0,0,0,,128.9120996,35.30868176
마마28ab02ba,31,0,0,0,,,0,0,,128.9121388,35.31093532
마마28ab02bb,0,0,0,0,,,0,0,,128.9121779,35.31318888
마마28ab03aa,0,0,0,0,,,0,0,,128.9122171,35.31544244
마마28ab03ab,0,0,0,0,,,0,0,,128.9122563,35.31769599
마마28ab03ba,0,0,0,0,,,0,0,,128.9122955,35.31994955
마마28ab03bb,0,0,0,0,,,0,0,,128.9123347,35.3222031
마마28ab04aa,0,0,0,0,,,0,0,,128.9123739,35.32445665
마마28ab04ab,0,0,0,0,,,0,0,,128.9124131,35.32671021
마마28ab04ba,0,0,0,0,,,0,0,,128.9124523,35.32896376
마마28ab04bb,0,0,0,0,,,0,0,,128.9124915,35.33121731
마마28ab05aa,0,0,0,0,,,0,0,,128.9125307,35.33347086
마마28ab05ab,0,0,0,0,,,0,0,,128.9125699,35.33572441
마마28ab05ba,0,0,0,0,,,0,0,,128.9126092,35.33797795
마마28ab05bb,0,0,0,0,,,0,0,,128.9126484,35.3402315
마마28ab06aa,0,0,0,0,,,0,0,,128.9126876,35.34248505
마마28ab06ab,0,0,0,0,,0.0,0,0,,128.9127269,35.34473859
마마28ab06ba,0,0,0,0,,,0,0,,128.9127661,35.34699213
마마28ab06bb,0,0,0,0,,,0,0,,128.9128053,35.34924568
마마28ab07aa,0,0,0,0,,,0,0,,128.9128446,35.35149922
마마28ab07ab,0,0,0,0,,,0,0,,128.9128838,35.35375276
마마28ab07ba,0,0,0,0,,0.0,0,0,,128.9129231,35.3560063
마마28ab07bb,0,0,0,0,,,0,0,,128.9129624,35.35825984
마마28ab08aa,0,0,0,0,,,0,0,,128.9130016,35.36051338
마마28ab08ab,0,0,0,0,,,0,0,,128.9130409,35.36276692
마마28ab08ba,0,0,0,0,,,0,0,,128.9130802,35.36502046
마마28ba00aa,3,0,0,0,,6.0,0,0,,128.9144957,35.28836758
마마28ba00ab,6,0,0,0,,0.0,0,0,,128.914535,35.29062115
마마28ba00ba,2,0,0,0,,0.0,0,0,,128.9145742,35.29287471
마마28ba00bb,26,0,0,0,,0.0,0,0,,128.9146134,35.29512827
마마28ba01aa,16,0,0,0,,,0,0,,128.9146526,35.29738183
마마28ba01ab,1,0,0,0,,,0,0,,128.9146918,35.29963539
마마28ba01ba,0,0,0,0,,,0,0,,128.9147311,35.30188895
마마28ba01bb,0,0,0,0,,,0,0,,128.9147703,35.30414251
마마28ba02aa,17,0,0,0,,0.0,0,0,,128.9148095,35.30639607
마마28ba02ab,5,0,0,0,,,0,0,,128.9148488,35.30864962
마마28ba02ba,7,0,0,0,,,0,0,,128.914888,35.31090318
마마28ba02bb,0,0,0,0,,,0,0,,128.9149273,35.31315673
마마28ba03aa,0,0,0,0,,,0,0,,128.9149665,35.31541029
마마28ba03ab,0,0,0,0,,,0,0,,128.9150058,35.31766384
마마28ba03ba,0,0,0,0,,,0,0,,128.9150451,35.31991739
마마28ba03bb,0,0,0,0,,,0,0,,128.9150843,35.32217095
마마28ba04aa,0,0,0,0,,,0,0,,128.9151236,35.3244245
마마28ba04ab,0,0,0,0,,,0,0,,128.9151629,35.32667804
마마28ba04ba,0,0,0,0,,,0,0,,128.9152022,35.32893159
마마28ba04bb,0,0,0,0,,,0,0,,128.9152415,35.33118514
마마28ba05aa,0,0,0,0,,,0,0,,128.9152808,35.33343869
마마28ba05ab,0,0,0,0,,,0,0,,128.91532,35.33569223
마마28ba05ba,0,0,0,0,,,0,0,,128.9153594,35.33794578
마마28ba05bb,0,0,0,0,,,0,0,,128.9153987,35.34019932
마마28ba06aa,0,0,0,0,,,0,0,,128.915438,35.34245287
마마28ba06ab,4,0,0,0,,,0,0,,128.9154773,35.34470641
마마28ba06ba,1,0,0,0,,0.0,0,0,,128.9155166,35.34695995
마마28ba06bb,0,0,0,0,,,0,0,,128.9155559,35.34921349
마마28ba07aa,0,0,0,0,,,0,0,,128.9155952,35.35146703
마마28ba07ab,0,0,0,0,,,0,0,,128.9156346,35.35372057
마마28ba07ba,0,0,0,0,,,0,0,,128.9156739,35.35597411
마마28ba07bb,0,0,0,0,,,0,0,,128.9157133,35.35822764
마마28ba08aa,0,0,0,0,,,0,0,,128.9157526,35.36048118
마마28ba08ab,0,0,0,0,,,0,0,,128.9157919,35.36273472
마마28bb00aa,7,0,0,0,,15.0,0,0,,128.9172443,35.28833541
마마28bb00ab,0,0,0,0,,,0,0,,128.9172835,35.29058897
마마28bb00ba,1,0,0,0,,0.0,0,0,,128.9173228,35.29284253
마마28bb00bb,0,0,0,0,,,0,0,,128.9173621,35.29509609
마마28bb01aa,0,0,0,0,,,0,0,,128.9174014,35.29734965
마마28bb01ab,0,0,0,0,,,0,0,,128.9174407,35.2996032
마마28bb01ba,0,0,0,0,,,0,0,,128.91748,35.30185676
마마28bb01bb,4,0,0,0,,,0,0,,128.9175193,35.30411031
마마28bb02aa,10,0,0,0,,,0,0,,128.9175587,35.30636387
마마28bb02ab,0,0,0,0,,,0,0,,128.917598,35.30861742
마마28bb02ba,0,0,0,0,,,0,0,,128.9176373,35.31087098
마마28bb02bb,0,0,0,0,,,0,0,,128.9176766,35.31312453
마마28bb03aa,0,0,0,0,,,0,0,,128.917716,35.31537808
마마28bb03ab,0,0,0,0,,,0,0,,128.9177553,35.31763163
마마28bb03ba,0,0,0,0,,,0,0,,128.9177946,35.31988518
마마28bb03bb,0,0,0,0,,,0,0,,128.917834,35.32213873
마마28bb04aa,0,0,0,0,,,0,0,,128.9178733,35.32439227
마마28bb04ab,0,0,0,0,,,0,0,,128.9179127,35.32664582
마마28bb04ba,0,0,0,0,,,0,0,,128.9179521,35.32889937
마마28bb04bb,0,0,0,0,,,0,0,,128.9179914,35.33115291
마마28bb05aa,0,0,0,0,,,0,0,,128.9180308,35.33340646
마마28bb05ab,0,0,0,0,,,0,0,,128.9180702,35.33566
마마28bb05ba,0,0,0,0,,,0,0,,128.9181095,35.33791354
마마28bb05bb,0,0,0,0,,,0,0,,128.9181489,35.34016708
마마28bb06aa,0,0,0,0,,0.0,0,0,,128.9181883,35.34242062
마마28bb06ab,13,0,0,0,,,0,0,,128.9182277,35.34467416
마마28bb06ba,27,0,0,0,,0.0,0,0,,128.9182671,35.3469277
마마28bb06bb,34,1,0,0,,0.0,0,0,,128.9183065,35.34918124
마마28bb07aa,2,0,0,0,,14.0,0,0,,128.9183459,35.35143478
마마28bb07ab,0,0,0,0,,,0,0,,128.9183853,35.35368831
마마28bb07ba,0,0,0,0,,,0,0,,128.9184247,35.35594185
마마28bb07bb,0,0,0,0,,,0,0,,128.9184641,35.35819538
마마28bb08aa,0,0,0,0,,,0,0,,128.9185036,35.36044892
마마29aa00aa,1,0,0,0,,0.0,0,0,,128.9199928,35.28830317
마마29aa00ab,0,0,0,0,,,0,0,,128.9200321,35.29055672
마마29aa00ba,0,0,0,0,,,0,0,,128.9200715,35.29281028
마마29aa00bb,0,0,0,0,,,0,0,,128.9201109,35.29506384
마마29aa01aa,0,0,0,0,,,0,0,,128.9201502,35.29731739
마마29aa01ab,0,0,0,0,,,0,0,,128.9201896,35.29957095
마마29aa01ba,0,0,0,0,,,0,0,,128.920229,35.3018245
마마29aa01bb,10,0,0,0,,0.0,0,0,,128.9202684,35.30407806
마마29aa02aa,5,2,0,0,,0.0,0,0,,128.9203078,35.30633161
마마29aa02ab,0,0,0,0,,,0,0,,128.9203472,35.30858516
마마29aa02ba,0,0,0,0,,,0,0,,128.9203866,35.31083871
마마29aa02bb,1,0,0,0,,0.0,0,0,,128.920426,35.31309226
마마29aa03aa,3,0,0,0,,,0,0,,128.9204654,35.31534581
마마29aa03ab,0,0,0,0,,,0,0,,128.9205048,35.31759935
마마29aa03ba,0,0,0,0,,,0,0,,128.9205442,35.3198529
마마29aa03bb,0,0,0,0,,,0,0,,128.9205836,35.32210645
마마29aa04aa,0,0,0,0,,,0,0,,128.9206231,35.32435999
마마29aa04ab,0,0,0,0,,,0,0,,128.9206625,35.32661354
마마29aa04ba,0,0,0,0,,,0,0,,128.9207019,35.32886708
마마29aa04bb,0,0,0,0,,,0,0,,128.9207414,35.33112062
마마29aa05aa,0,0,0,0,,,0,0,,128.9207808,35.33337416
마마29aa05ab,0,0,0,0,,,0,0,,128.9208203,35.3356277
마마29aa05ba,0,0,0,0,,,0,0,,128.9208597,35.33788124
마마29aa05bb,0,0,0,0,,,0,0,,128.9208992,35.34013478
마마29aa06aa,0,0,0,0,,0.0,0,0,,128.9209386,35.34238832
마마29aa06ab,4,0,0,0,,,0,0,,128.9209781,35.34464186
마마29aa06ba,3,0,0,0,,,0,0,,128.9210176,35.34689539
마마29aa06bb,2,0,0,0,,,0,0,,128.9210571,35.34914893
마마29aa07aa,2,0,0,0,,,0,0,,128.9210965,35.35140246
마마29aa07ab,0,0,0,0,,,0,0,,128.921136,35.353656
마마29aa07ba,0,0,0,0,,,0,0,,128.9211755,35.35590953
마마29aa07bb,0,0,0,0,,,0,0,,128.921215,35.35816306
마마29aa08aa,0,0,0,0,,,0,0,,128.9212545,35.36041659
마마29ab00aa,3,0,0,0,,7.000000000000001,0,0,,128.9227413,35.28827086
마마29ab00ab,0,0,0,0,,,0,0,,128.9227807,35.29052442
마마29ab00ba,0,0,0,0,,,0,0,,128.9228202,35.29277797
마마29ab00bb,0,0,0,0,,,0,0,,128.9228596,35.29503153
마마29ab01aa,0,0,0,0,,,0,0,,128.922899,35.29728508
마마29ab01ab,0,0,0,0,,,0,0,,128.9229385,35.29953863
마마29ab01ba,0,0,0,0,,,0,0,,128.922978,35.30179218
마마29ab01bb,0,0,0,0,,,0,0,,128.9230174,35.30404573
마마29ab02aa,14,0,0,0,,,0,0,,128.9230569,35.30629928
마마29ab02ab,0,0,0,0,,,0,0,,128.9230964,35.30855283
마마29ab02ba,2,0,0,0,,,0,0,,128.9231358,35.31080638
마마29ab02bb,1,0,0,0,,,0,0,,128.9231753,35.31305993
마마29ab03aa,0,0,0,0,,,0,0,,128.9232148,35.31531347
마마29ab03ab,0,0,0,0,,,0,0,,128.9232543,35.31756702
마마29ab03ba,0,0,0,0,,,0,0,,128.9232938,35.31982056
마마29ab03bb,0,0,0,0,,,0,0,,128.9233333,35.3220741
마마29ab04aa,0,0,0,0,,,0,0,,128.9233728,35.32432765
마마29ab04ab,0,0,0,0,,,0,0,,128.9234123,35.32658119
마마29ab04ba,0,0,0,0,,,0,0,,128.9234518,35.32883473
마마29ab04bb,0,0,0,0,,,0,0,,128.9234913,35.33108827
마마29ab05aa,0,0,0,0,,,0,0,,128.9235309,35.33334181
마마29ab05ab,0,0,0,0,,,0,0,,128.9235704,35.33559534
마마29ab05ba,0,0,0,0,,,0,0,,128.9236099,35.33784888
마마29ab05bb,0,0,0,0,,,0,0,,128.9236494,35.34010242
마마29ab06aa,17,0,0,0,,9.999999999999998,0,0,,128.923689,35.34235595
마마29ab06ab,19,0,0,0,,21.0,0,0,,128.9237285,35.34460949
마마29ab06ba,0,0,0,0,,,0,0,,128.9237681,35.34686302
마마29ab06bb,0,0,0,0,,0.0,0,0,,128.9238076,35.34911655
마마29ab07aa,0,0,0,0,,,0,0,,128.9238472,35.35137009
마마29ab07ab,0,0,0,0,,,0,0,,128.9238867,35.35362362
마마29ab07ba,0,0,0,0,,,0,0,,128.9239263,35.35587715
마마29ab07bb,0,0,0,0,,,0,0,,128.9239659,35.35813068
마마29ba00aa,5,0,0,0,,0.0,0,0,,128.9254898,35.2882385
마마29ba00ab,10,0,0,0,,0.0,0,0,,128.9255293,35.29049205
마마29ba00ba,1,0,0,0,,,0,0,,128.9255688,35.2927456
마마29ba00bb,1,0,0,0,,53.0,0,0,,128.9256083,35.29499915
마마29ba01aa,0,0,0,0,,,0,0,,128.9256479,35.29725271
마마29ba01ab,0,0,0,0,,,0,0,,128.9256874,35.29950625
마마29ba01ba,0,0,0,0,,,0,0,,128.9257269,35.3017598
마마29ba01bb,0,0,0,0,,,0,0,,128.9257665,35.30401335
마마29ba02aa,6,2,0,0,,0.0,0,0,,128.925806,35.3062669
마마29ba02ab,10,0,0,0,,0.0,0,0,,128.9258456,35.30852044
마마29ba02ba,32,0,0,0,,24.0,0,0,,128.9258851,35.31077399
마마29ba02bb,6,0,0,0,,0.0,0,0,,128.9259247,35.31302753
마마29ba03aa,2,0,0,0,,,0,0,,128.9259642,35.31528107
마마29ba03ab,2,0,0,0,,,0,0,,128.9260038,35.31753462
마마29ba03ba,0,0,0,0,,,0,0,,128.9260434,35.31978816
마마29ba03bb,0,0,0,0,,,0,0,,128.9260829,35.3220417
마마29ba04aa,0,0,0,0,,,0,0,,128.9261225,35.32429524
마마29ba04ab,0,0,0,0,,,0,0,,128.9261621,35.32654878
마마29ba04ba,0,0,0,0,,,0,0,,128.9262017,35.32880232
마마29ba04bb,0,0,0,0,,,0,0,,128.9262413,35.33105585
마마29ba05aa,0,0,0,0,,,0,0,,128.9262809,35.33330939
마마29ba05ab,0,0,0,0,,,0,0,,128.9263205,35.33556292
마마29ba05ba,0,0,0,0,,,0,0,,128.9263601,35.33781646
마마29ba05bb,0,0,0,0,,,0,0,,128.9263997,35.34006999
마마29ba06aa,14,0,0,0,,0.0,0,0,,128.9264393,35.34232352
마마29ba06ab,43,0,0,0,,6.0,0,0,,128.9264789,35.34457706
마마29ba06ba,4,0,0,0,,0.0,0,0,,128.9265186,35.34683059
마마29ba06bb,0,0,0,0,,,0,0,,128.9265582,35.34908412
마마29ba07aa,0,0,0,0,,,0,0,,128.9265978,35.35133765
마마29ba07ab,0,0,0,0,,,0,0,,128.9266375,35.35359117
마마29ba07ba,0,0,0,0,,,0,0,,128.9266771,35.3558447
마마29bb00aa,0,0,0,0,,,0,0,,128.9282383,35.28820607
마마29bb00ab,0,0,0,0,,,0,0,,128.9282779,35.29045962
마마29bb00ba,5,0,0,0,,,0,0,,128.9283175,35.29271317
마마29bb00bb,10,0,0,0,,0.0,0,0,,128.9283571,35.29496672
마마29bb01aa,2,0,0,0,,0.0,0,0,,128.9283967,35.29722027
마마29bb01ab,1,0,0,0,,0.0,0,0,,128.9284363,35.29947381
마마29bb01ba,8,0,0,0,,8.0,0,0,,128.9284759,35.30172736
마마29bb01bb,5,0,0,0,,0.0,0,0,,128.9285155,35.3039809
마마29bb02aa,14,0,0,0,,9.999999999999998,0,0,,128.9285551,35.30623445
마마29bb02ab,16,0,0,1,,17.0,0,0,18.5,128.9285947,35.30848799
마마29bb02ba,13,0,0,0,,26.0,0,0,,128.9286344,35.31074153
마마29bb02bb,2,0,0,0,,0.0,0,0,,128.928674,35.31299507
마마29bb03aa,0,0,0,0,,,0,0,,128.9287136,35.31524862
마마29bb03ab,0,0,0,0,,,0,0,,128.9287533,35.31750215
마마29bb03ba,0,0,0,0,,,0,0,,128.9287929,35.31975569
마마29bb03bb,0,0,0,0,,,0,0,,128.9288326,35.32200923
마마29bb04aa,0,0,0,0,,,0,0,,128.9288722,35.32426277
마마29bb04ab,0,0,0,0,,,0,0,,128.9289119,35.3265163
마마29bb04ba,0,0,0,0,,,0,0,,128.9289516,35.32876984
마마29bb04bb,0,0,0,0,,,0,0,,128.9289912,35.33102337
마마29bb05aa,0,0,0,0,,,2,0,,128.9290309,35.33327691
마마29bb05ab,0,0,0,0,,,0,0,,128.9290706,35.33553044
마마29bb05ba,0,0,0,0,,,0,0,,128.9291103,35.33778397
마마29bb05bb,0,0,0,0,,,0,0,,128.9291499,35.3400375
마마29bb06aa,0,0,0,0,,,0,0,,128.9291896,35.34229103
마마29bb06ab,6,0,0,0,,0.0,0,0,,128.9292293,35.34454456
마마29bb06ba,0,0,0,0,,,0,0,,128.929269,35.34679809
마마29bb06bb,0,0,0,0,,,0,0,,128.9293087,35.34905162
마마29bb07aa,0,0,0,0,,,0,0,,128.9293484,35.35130514
마마29bb07ab,0,0,0,0,,,0,0,,128.9293882,35.35355867
마마30aa00aa,0,0,0,0,,,0,0,,128.9309868,35.28817358
마마30aa00ab,0,0,0,0,,,0,0,,128.9310264,35.29042713
마마30aa00ba,0,0,0,0,,,0,0,,128.9310661,35.29268068
마마30aa00bb,0,0,0,0,,0.0,0,0,,128.9311058,35.29493422
마마30aa01aa,0,0,0,0,,,0,0,,128.9311455,35.29718777
마마30aa01ab,4,0,0,0,,,0,0,,128.9311851,35.29944131
마마30aa01ba,14,0,0,0,,6.0,0,0,,128.9312248,35.30169485
마마30aa01bb,18,0,0,0,,15.0,0,0,,128.9312645,35.3039484
마마30aa02aa,37,0,0,0,,61.0,0,0,,128.9313042,35.30620194
마마30aa02ab,33,1,4,3,,92.0,47,0,34.13439306,128.9313439,35.30845548
마마30aa02ba,1,0,0,0,,,0,0,,128.9313836,35.31070902
마마30aa02bb,0,0,0,0,,,0,0,,128.9314233,35.31296256
마마30aa03aa,0,0,0,0,,,0,0,,128.931463,35.31521609
마마30aa03ab,0,0,0,0,,,0,0,,128.9315028,35.31746963
마마30aa03ba,0,0,0,0,,,0,0,,128.9315425,35.31972317
마마30aa03bb,0,0,0,0,,,0,0,,128.9315822,35.3219767
마마30aa04aa,0,0,0,0,,,0,0,,128.9316219,35.32423023
마마30aa04ab,0,0,0,0,,,0,0,,128.9316617,35.32648377
마마30aa04ba,0,0,0,0,,,0,0,,128.9317014,35.3287373
마마30aa04bb,0,0,0,0,,,0,0,,128.9317412,35.33099083
마마30aa05aa,0,0,0,0,,,0,0,,128.9317809,35.33324436
마마30aa05ab,0,0,0,0,,,0,0,,128.9318207,35.33549789
마마30aa05ba,0,0,0,0,,,0,0,,128.9318604,35.33775142
마마30aa05bb,2,0,0,0,,,0,0,,128.9319002,35.34000495
마마30aa06aa,0,0,0,0,,,0,0,,128.93194,35.34225848
마마30aa06ab,0,0,0,0,,,0,0,,128.9319797,35.344512
마마30aa06ba,0,0,0,0,,,0,0,,128.9320195,35.34676553
마마30aa06bb,0,0,0,0,,,0,0,,128.9320593,35.34901905
마마30aa07aa,0,0,0,0,,,0,0,,128.9320991,35.35127258
마마30ab00aa,0,0,0,0,,,0,0,,128.9337353,35.28814103
마마30ab00ab,0,0,0,0,,,0,0,,128.933775,35.29039457
마마30ab00ba,0,0,0,0,,,0,0,,128.9338147,35.29264812
마마30ab00bb,0,0,0,0,,,0,0,,128.9338545,35.29490166
마마30ab01aa,0,0,0,0,,,12,0,,128.9338942,35.2971552
마마30ab01ab,0,0,0,0,,,0,0,,128.933934,35.29940874
마마30ab01ba,0,0,0,0,,,0,0,,128.9339738,35.30166228
마마30ab01bb,0,0,0,0,,,0,0,,128.9340135,35.30391582
마마30ab02aa,2,0,0,0,,13.0,0,0,,128.9340533,35.30616936
마마30ab02ab,18,2,0,0,,21.0,0,0,,128.9340931,35.3084229
마마30ab02ba,9,0,0,0,,,0,0,,128.9341329,35.31067644
마마30ab02bb,0,0,0,0,,,0,0,,128.9341727,35.31292997
마마30ab03aa,0,0,0,0,,0.0,0,0,,128.9342124,35.31518351
마마30ab03ab,0,0,0,0,,,0,0,,128.9342522,35.31743704
마마30ab03ba,0,0,0,0,,,0,0,,128.934292,35.31969058
마마30ab03bb,0,0,0,0,,,0,0,,128.9343318,35.32194411
마마30ab04aa,0,0,0,0,,,0,0,,128.9343717,35.32419764
마마30ab04ab,17,0,0,0,,0.0,0,0,,128.9344115,35.32645117
마마30ab04ba,2,0,0,0,,,0,0,,128.9344513,35.3287047
마마30ab04bb,0,0,0,0,,,0,0,,128.9344911,35.33095823
마마30ab05aa,0,0,0,0,,,0,0,,128.9345309,35.33321176
마마30ab05ab,0,0,0,0,,0.0,0,0,,128.9345708,35.33546528
마마30ab05ba,12,0,0,0,,15.0,0,0,,128.9346106,35.33771881
마마30ab05bb,0,0,0,0,,,0,0,,128.9346504,35.33997234
마마30ab06aa,0,0,0,0,,,0,0,,128.9346903,35.34222586
마마30ab06ab,0,0,0,0,,,0,0,,128.9347301,35.34447938
마마30ab06ba,0,0,0,0,,,0,0,,128.93477,35.34673291
마마30ab06bb,0,0,0,0,,,0,0,,128.9348098,35.34898643
마마30ba00aa,0,0,0,0,,,0,0,,128.9364837,35.28810841
마마30ba00ab,0,0,0,0,,,0,0,,128.9365236,35.29036196
마마30ba00ba,0,0,0,0,,,0,0,,128.9365634,35.2926155
마마30ba00bb,0,0,0,0,,,0,0,,128.9366032,35.29486904
마마30ba01aa,0,0,0,0,,,0,0,,128.936643,35.29712258
마마30ba01ab,0,0,0,0,,,0,0,,128.9366829,35.29937612
마마30ba01ba,0,0,0,0,,,0,0,,128.9367227,35.30162965
마마30ba01bb,0,0,0,0,,,0,0,,128.9367626,35.30388319
마마30ba02aa,0,0,0,0,,,0,0,,128.9368024,35.30613673
마마30ba02ab,0,0,0,0,,,0,0,,128.9368423,35.30839026
마마30ba02ba,0,0,0,0,,,0,0,,128.9368821,35.3106438
마마30ba02bb,2,0,0,1,,0.0,0,0,,128.936922,35.31289733
마마30ba03aa,0,0,0,0,,,0,0,,128.9369618,35.31515086
마마30ba03ab,11,0,0,0,,7.000000000000001,0,0,,128.9370017,35.31740439
마마30ba03ba,0,0,0,0,,,0,0,,128.9370416,35.31965792
마마30ba03bb,0,0,0,0,,,0,0,,128.9370815,35.32191145
마마30ba04aa,3,0,0,0,,,0,0,,128.9371214,35.32416498
마마30ba04ab,23,0,0,0,,0.0,0,0,,128.9371612,35.32641851
마마30ba04ba,1,0,0,0,,,0,0,,128.9372011,35.32867204
마마30ba04bb,0,0,0,0,,,0,0,,128.937241,35.33092556
마마30ba05aa,0,0,0,0,,,0,0,,128.9372809,35.33317909
마마30ba05ab,7,0,0,0,,,0,0,,128.9373208,35.33543261
마마30ba05ba,12,0,0,0,,0.0,0,0,,128.9373608,35.33768614
마마30ba05bb,0,0,0,0,,,0,0,,128.9374007,35.33993966
마마30ba06aa,0,0,0,0,,,0,0,,128.9374406,35.34219318
마마30ba06ab,0,0,0,0,,,0,0,,128.9374805,35.3444467
마마30ba06ba,0,0,0,0,,,0,0,,128.9375204,35.34670022
마마30bb00aa,0,0,0,0,,,0,0,,128.9392322,35.28807574
마마30bb00ab,0,0,0,0,,,0,0,,128.9392721,35.29032928
마마30bb00ba,0,0,0,0,,,0,0,,128.939312,35.29258282
마마30bb00bb,0,0,0,0,,,0,0,,128.9393519,35.29483635
마마30bb01aa,0,0,0,0,,,0,0,,128.9393918,35.29708989
마마30bb01ab,0,0,0,0,,,0,0,,128.9394317,35.29934343
마마30bb01ba,0,0,0,0,,,0,0,,128.9394716,35.30159696
마마30bb01bb,0,0,0,0,,,0,0,,128.9395116,35.30385049
마마30bb02aa,0,0,0,0,,,0,0,,128.9395515,35.30610403
마마30bb02ab,0,0,0,0,,,0,0,,128.9395914,35.30835756
마마30bb02ba,1,0,0,0,,,0,0,,128.9396314,35.31061109
마마30bb02bb,15,0,0,0,,,0,0,,128.9396713,35.31286462
마마30bb03aa,5,0,0,0,,0.0,0,0,16.0,128.9397112,35.31511815
마마30bb03ab,4,0,0,0,,,0,0,,128.9397512,35.31737168
마마30bb03ba,5,0,0,0,,,0,0,,128.9397911,35.31962521
마마30bb03bb,18,0,0,0,,0.0,0,0,,128.9398311,35.32187873
마마30bb04aa,68,0,0,0,,9.999999999999998,0,0,,128.9398711,35.32413226
마마30bb04ab,53,0,0,0,,9.999999999999998,0,0,,128.939911,35.32638579
마마30bb04ba,0,0,0,0,,,0,0,,128.939951,35.32863931
마마30bb04bb,0,0,0,0,,,0,0,,128.939991,35.33089283
마마30bb05aa,3,0,0,0,,,0,0,,128.9400309,35.33314636
마마30bb05ab,4,0,0,0,,0.0,0,0,,128.9400709,35.33539988
마마30bb05ba,0,0,0,0,,,0,0,,128.9401109,35.3376534
마마30bb05bb,0,0,0,0,,,0,0,,128.9401509,35.33990692
마마30bb06aa,0,0,0,0,,,0,0,,128.9401909,35.34216044
마마31aa00aa,1,0,0,0,,,0,0,,128.9419807,35.288043
마마31aa00ab,32,0,0,0,,0.0,0,0,,128.9420207,35.29029653
마마31aa00ba,18,0,0,0,,0.0,0,0,,128.9420606,35.29255007
마마31aa00bb,38,0,0,0,,0.0,0,0,,128.9421006,35.29480361
마마31aa01aa,7,0,0,0,,,0,0,,128.9421406,35.29705714
마마31aa01ab,0,0,0,0,,,0,0,,128.9421806,35.29931067
마마31aa01ba,0,0,0,0,,,0,0,,128.9422206,35.3015642
마마31aa01bb,0,0,0,0,,,0,0,,128.9422606,35.30381774
마마31aa02aa,0,0,0,0,,,0,0,,128.9423006,35.30607127
마마31aa02ab,0,0,0,0,,,0,0,,128.9423406,35.3083248
마마31aa02ba,4,0,0,0,,0.0,0,0,,128.9423806,35.31057832
마마31aa02bb,4,0,0,0,,,0,0,,128.9424206,35.31283185
마마31aa03aa,14,1,0,0,,0.0,0,0,,128.9424606,35.31508538
마마31aa03ab,2,0,0,0,,0.0,0,0,,128.9425006,35.31733891
마마31aa03ba,1,0,0,0,,,0,0,,128.9425407,35.31959243
마마31aa03bb,18,0,0,0,,26.0,0,0,,128.9425807,35.32184595
마마31aa04aa,2,0,0,0,,21.0,0,0,,128.9426207,35.32409948
마마31aa04ab,0,0,0,0,,,0,0,,128.9426608,35.326353
마마31aa04ba,0,0,0,0,,,0,0,,128.9427008,35.32860652
마마31aa04bb,0,0,0,0,,,0,0,,128.9427409,35.33086004
마마31aa05aa,0,0,0,0,,,0,0,,128.9427809,35.33311356
마마31aa05ab,5,0,0,0,,0.0,0,0,,128.942821,35.33536708
마마31aa05ba,0,0,0,0,,,0,0,,128.9428611,35.3376206
마마31aa05bb,0,0,0,0,,,0,0,,128.9429011,35.33987412
마마31ab00aa,29,0,0,0,,0.0,0,0,,128.9447292,35.2880102
마마31ab00ab,66,0,0,0,,9.0,0,0,,128.9447692,35.29026373
마마31ab00ba,35,0,0,0,,14.0,0,0,,128.9448093,35.29251726
마마31ab00bb,57,0,0,0,,8.0,0,0,,128.9448493,35.2947708
마마31ab01aa,68,0,0,0,,6.0,0,0,,128.9448894,35.29702433
마마31ab01ab,76,0,0,0,,9.0,0,0,,128.9449294,35.29927786
마마31ab01ba,53,0,0,0,,7.000000000000001,0,0,,128.9449695,35.30153139
마마31ab01bb,14,0,0,0,,8.0,0,0,,128.9450096,35.30378491
마마31ab02aa,0,0,0,0,,,0,0,,128.9450497,35.30603844
마마31ab02ab,0,0,0,0,,,0,0,,128.9450897,35.30829197
마마31ab02ba,3,0,0,0,,,0,0,,128.9451298,35.3105455
마마31ab02bb,0,0,0,0,,,0,0,,128.9451699,35.31279902
마마31ab03aa,15,1,0,0,,6.0,0,0,,128.94521,35.31505254
마마31ab03ab,0,0,0,0,,,0,0,,128.9452501,35.31730607
마마31ab03ba,5,0,0,0,,,0,0,,128.9452902,35.31955959
마마31ab03bb,0,0,0,0,,0.0,0,0,,128.9453303,35.32181311
마마31ab04aa,0,0,0,0,,,0,0,,128.9453704,35.32406663
마마31ab04ab,0,0,0,0,,,0,0,,128.9454106,35.32632015
마마31ab04ba,0,0,0,0,,,0,0,,128.9454507,35.32857367
마마31ab04bb,0,0,0,0,,,0,0,,128.9454908,35.33082719
마마31ab05aa,0,0,0,0,,,0,0,,128.9455309,35.33308071
마마31ab05ab,2,0,0,0,,0.0,0,0,,128.9455711,35.33533422
마마31ab05ba,0,0,0,0,,,0,0,,128.9456112,35.33758774
마마31ba00aa,9,0,0,0,,0.0,0,0,,128.9474776,35.28797733
마마31ba00ab,0,0,0,0,,,0,0,,128.9475177,35.29023086
마마31ba00ba,0,0,0,0,,,0,0,,128.9475579,35.29248439
마마31ba00bb,0,0,0,0,,,0,0,,128.947598,35.29473792
마마31ba01aa,0,0,0,0,,,0,0,,128.9476381,35.29699145
마마31ba01ab,18,0,0,0,,0.0,0,0,,128.9476783,35.29924498
마마31ba01ba,52,0,0,0,,7.000000000000001,0,0,15.0,128.9477184,35.30149851
마마31ba01bb,34,0,0,0,,,0,0,,128.9477586,35.30375203
마마31ba02aa,13,0,0,0,,0.0,0,0,,128.9477987,35.30600556
마마31ba02ab,0,0,0,0,,,0,0,,128.9478389,35.30825908
마마31ba02ba,0,0,0,0,,,0,0,,128.9478791,35.3105126
마마31ba02bb,0,0,0,0,,,0,0,,128.9479192,35.31276613
마마31ba03aa,37,0,0,0,,0.0,0,0,,128.9479594,35.31501965
마마31ba03ab,0,0,0,0,,,0,0,,128.9479996,35.31727317
마마31ba03ba,0,0,0,0,,,0,0,,128.9480397,35.31952669
마마31ba03bb,0,0,0,0,,,0,0,,128.9480799,35.32178021
마마31ba04aa,0,0,0,0,,,0,0,,128.9481201,35.32403372
마마31ba04ab,0,0,0,0,,,0,0,,128.9481603,35.32628724
마마31ba04ba,0,0,0,0,,,0,0,,128.9482005,35.32854076
마마31ba04bb,0,0,0,0,,,0,0,,128.9482407,35.33079427
마마31ba05aa,0,0,0,0,,,0,0,,128.9482809,35.33304779
마마31ba05ab,0,0,0,0,,,0,0,,128.9483211,35.3353013
마마31ba05ba,0,0,0,0,,,0,0,,128.9483614,35.33755481
마마31bb00aa,0,0,0,0,,,0,0,,128.9502261,35.2879444
마마31bb00ab,0,0,0,0,,,0,0,,128.9502663,35.29019793
마마31bb00ba,0,0,0,0,,,0,0,,128.9503065,35.29245146
마마31bb00bb,0,0,0,0,,,0,0,,128.9503467,35.29470499
마마31bb01aa,0,0,0,0,,,0,0,,128.9503869,35.29695851
마마31bb01ab,0,0,0,0,,,0,0,,128.9504271,35.29921204
마마31bb01ba,1,0,0,0,,,0,0,,128.9504673,35.30146556
마마31bb01bb,42,0,0,0,,,0,0,,128.9505076,35.30371909
마마31bb02aa,33,0,0,0,,0.0,0,0,,128.9505478,35.30597261
마마31bb02ab,0,0,0,0,,,0,0,,128.950588,35.30822613
마마31bb02ba,0,0,0,0,,,0,0,,128.9506283,35.31047965
마마31bb02bb,3,0,0,0,,,0,0,,128.9506685,35.31273317
마마31bb03aa,34,0,0,0,,0.0,0,0,,128.9507088,35.31498669
마마31bb03ab,0,0,0,0,,,0,0,,128.950749,35.31724021
마마31bb03ba,3,0,0,0,,0.0,0,0,,128.9507893,35.31949372
마마31bb03bb,1,0,0,0,,0.0,0,0,,128.9508295,35.32174724
마마31bb04aa,0,0,0,0,,,0,0,,128.9508698,35.32400075
마마31bb04ab,0,0,0,0,,,0,0,,128.9509101,35.32625427
마마31bb04ba,0,0,0,0,,,0,0,,128.9509503,35.32850778
마마31bb04bb,0,0,0,0,,,0,0,,128.9509906,35.33076129
마마31bb05aa,0,0,0,0,,,0,0,,128.9510309,35.33301481
마마31bb05ab,0,0,0,0,,,0,0,,128.9510712,35.33526832
마마31bb05ba,0,0,0,0,,,0,0,,128.9511115,35.33752183
마마32aa00aa,0,0,0,0,,,0,0,,128.9529745,35.28791142
마마32aa00ab,0,0,0,0,,,0,0,,128.9530148,35.29016494
마마32aa00ba,0,0,0,0,,,0,0,,128.9530551,35.29241847
마마32aa00bb,0,0,0,0,,,0,0,,128.9530954,35.29467199
마마32aa01aa,0,0,0,0,,,0,0,,128.9531357,35.29692551
마마32aa01ab,0,0,0,0,,,0,0,,128.953176,35.29917904
마마32aa01ba,0,0,0,0,,,0,0,,128.9532163,35.30143256
마마32aa01bb,2,0,0,0,,,0,0,,128.9532566,35.30368608
마마32aa02aa,31,0,0,0,,0.0,0,0,,128.9532969,35.3059396
마마32aa02ab,1,0,0,0,,,0,0,,128.9533372,35.30819311
마마32aa02ba,0,0,0,0,,,0,0,,128.9533775,35.31044663
마마32aa02bb,4,0,0,0,,0.0,0,0,,128.9534178,35.31270015
마마32aa03aa,18,1,0,0,,0.0,0,0,,128.9534581,35.31495367
마마32aa03ab,0,0,0,0,,0.0,0,0,,128.9534985,35.31720718
마마32aa03ba,0,0,0,0,,7.000000000000001,0,0,,128.9535388,35.31946069
마마32aa03bb,12,0,0,0,,0.0,0,0,,128.9535791,35.32171421
마마32aa04aa,0,0,0,0,,,0,0,,128.9536195,35.32396772
마마32aa04ab,0,0,0,0,,,0,0,,128.9536598,35.32622123
마마32aa04ba,0,0,0,0,,,0,0,,128.9537002,35.32847474
마마32aa04bb,0,0,0,0,,,0,0,,128.9537405,35.33072825
마마32aa05aa,0,0,0,0,,,0,0,,128.9537809,35.33298176
마마32aa05ab,0,0,0,0,,,0,0,,128.9538213,35.33523527
마마32aa05ba,0,0,0,0,,,0,0,,128.9538616,35.33748878
마마32ab00aa,0,0,0,0,,,0,0,,128.955723,35.28787836
마마32ab00ab,0,0,0,0,,,0,0,,128.9557633,35.29013189
마마32ab00ba,0,0,0,0,,,0,0,,128.9558037,35.29238541
마마32ab00bb,0,0,0,0,,,0,0,,128.9558441,35.29463893
마마32ab01aa,0,0,0,0,,,0,0,,128.9558844,35.29689245
마마32ab01ab,0,0,0,0,,,0,0,,128.9559248,35.29914597
마마32ab01ba,0,0,0,0,,0.0,0,0,,128.9559652,35.30139949
마마32ab01bb,2,0,0,0,,0.0,0,0,,128.9560055,35.30365301
마마32ab02aa,17,0,0,0,,24.0,7,0,,128.9560459,35.30590652
마마32ab02ab,6,0,0,0,,0.0,0,0,36.0,128.9560863,35.30816004
마마32ab02ba,0,0,0,0,,,0,0,,128.9561267,35.31041355
마마32ab02bb,0,0,0,0,,,0,0,,128.9561671,35.31266707
마마32ab03aa,21,0,0,0,,0.0,0,0,,128.9562075,35.31492058
마마32ab03ab,0,0,0,0,,,0,0,,128.9562479,35.31717409
마마32ab03ba,0,0,0,0,,,0,0,,128.9562883,35.3194276
마마32ab03bb,0,0,0,0,,,0,0,,128.9563287,35.32168112
마마32ab04aa,0,0,0,0,,,0,0,,128.9563691,35.32393463
마마32ab04ab,0,0,0,0,,,0,0,,128.9564096,35.32618813
마마32ab04ba,0,0,0,0,,,0,0,,128.95645,35.32844164
마마32ab04bb,2,0,0,0,,,0,0,,128.9564904,35.33069515
마마32ab05aa,0,0,0,0,,,0,0,,128.9565309,35.33294866
마마32ab05ab,0,0,0,0,,,0,0,,128.9565713,35.33520216
마마32ba00aa,0,0,0,0,,,0,0,,128.9584714,35.28784525
마마32ba00ab,0,0,0,0,,,0,0,,128.9585119,35.29009877
마마32ba00ba,0,0,0,0,,,0,0,,128.9585523,35.29235229
마마32ba00bb,0,0,0,0,,,0,0,,128.9585927,35.29460581
마마32ba01aa,3,0,0,0,,,0,0,,128.9586332,35.29685933
마마32ba01ab,10,0,0,0,,,0,0,,128.9586736,35.29911284
마마32ba01ba,11,0,0,0,,0.0,0,0,,128.9587141,35.30136636
마마32ba01bb,21,0,0,0,,,0,0,,128.9587545,35.30361987
마마32ba02aa,4,0,0,0,,0.0,0,0,,128.958795,35.30587339
마마32ba02ab,39,0,0,0,,0.0,0,0,55.0,128.9588354,35.3081269
마마32ba02ba,1,0,0,0,,,0,0,,128.9588759,35.31038041
마마32ba02bb,0,0,0,0,,,0,0,,128.9589164,35.31263392
마마32ba03aa,17,0,0,0,,0.0,0,0,,128.9589569,35.31488743
마마32ba03ab,6,0,0,0,,,0,0,,128.9589973,35.31714094
마마32ba03ba,0,0,0,0,,,0,0,,128.9590378,35.31939445
마마32ba03bb,11,0,0,0,,0.0,0,0,,128.9590783,35.32164796
마마32ba04aa,0,0,0,0,,,0,0,,128.9591188,35.32390147
마마32ba04ab,0,0,0,0,,,0,0,,128.9591593,35.32615497
마마32ba04ba,0,0,0,0,,0.0,0,0,,128.9591998,35.32840848
마마32ba04bb,0,0,0,0,,0.0,0,0,,128.9592403,35.33066198
마마32ba05aa,0,0,0,0,,,0,0,,128.9592808,35.33291549
마마32ba05ab,0,0,0,0,,,0,0,,128.9593214,35.33516899
마마32bb00aa,0,0,0,0,,,0,0,,128.9612199,35.28781207
마마32bb00ab,0,0,0,0,,,0,0,,128.9612604,35.29006559
마마32bb00ba,0,0,0,0,,,0,0,,128.9613009,35.29231911
마마32bb00bb,0,0,0,0,,,0,0,,128.9613414,35.29457262
마마32bb01aa,0,0,0,0,,,0,0,,128.9613819,35.29682614
마마32bb01ab,0,0,0,0,,,0,0,,128.9614224,35.29907965
마마32bb01ba,18,0,0,0,,0.0,0,0,,128.961463,35.30133316
마마32bb01bb,19,0,0,0,,0.0,0,0,,128.9615035,35.30358668
마마32bb02aa,16,0,0,0,,,0,0,,128.961544,35.30584019
마마32bb02ab,27,2,0,0,,0.0,0,0,,128.9615846,35.3080937
마마32bb02ba,42,0,0,0,,0.0,0,0,,128.9616251,35.31034721
마마32bb02bb,1,0,0,0,,,0,0,,128.9616657,35.31260072
마마32bb03aa,1,0,0,0,,,0,0,,128.9617062,35.31485422
마마32bb03ab,13,0,0,0,,,0,0,,128.9617468,35.31710773
마마32bb03ba,6,0,0,0,,0.0,0,0,,128.9617873,35.31936124
마마32bb03bb,17,0,0,0,,6.0,0,0,,128.9618279,35.32161474
마마32bb04aa,0,0,0,0,,0.0,0,0,,128.9618685,35.32386825
마마32bb04ab,0,0,0,0,,11.0,0,0,,128.9619091,35.32612175
마마32bb04ba,1,0,0,0,,26.0,0,0,,128.9619496,35.32837525
마마32bb04bb,6,0,0,0,,,0,0,,128.9619902,35.33062875
마마32bb05aa,0,0,0,0,,,0,0,,128.9620308,35.33288225
마마33aa00aa,0,0,0,0,,,0,0,,128.9639683,35.28777883
마마33aa00ab,0,0,0,0,,,0,0,,128.9640089,35.29003235
마마33aa00ba,0,0,0,0,,,0,0,,128.9640495,35.29228586
마마33aa00bb,0,0,0,0,,,0,0,,128.9640901,35.29453938
마마33aa01aa,0,0,0,0,,,0,0,,128.9641307,35.29679289
마마33aa01ab,0,0,0,0,,,0,0,,128.9641713,35.2990464
마마33aa01ba,0,0,0,0,,,0,0,,128.9642119,35.30129991
마마33aa01bb,0,0,0,0,,,0,0,,128.9642525,35.30355342
마마33aa02aa,0,0,0,0,,,0,0,,128.9642931,35.30580693
마마33aa02ab,33,0,0,0,,0.0,0,0,,128.9643337,35.30806043
마마33aa02ba,35,0,0,0,,0.0,0,0,,128.9643743,35.31031394
마마33aa02bb,12,0,0,0,,,0,0,,128.9644149,35.31256745
마마33aa03aa,1,0,0,0,,,0,0,,128.9644556,35.31482095
마마33aa03ab,26,0,0,0,,,0,0,,128.9644962,35.31707446
마마33aa03ba,13,0,0,0,,,0,0,,128.9645368,35.31932796
마마33aa03bb,0,0,0,0,,,0,0,,128.9645775,35.32158146
마마33aa04aa,1,0,0,0,,14.0,0,0,,128.9646181,35.32383496
마마33aa04ab,5,0,0,0,,11.0,0,0,,128.9646588,35.32608846
마마33aa04ba,0,0,0,0,,,0,0,,128.9646994,35.32834196
마마33aa04bb,0,0,0,0,,,0,0,,128.9647401,35.33059546
마마33aa05aa,0,0,0,0,,,0,0,,128.9647808,35.33284896
마마33ab00aa,0,0,0,0,,,0,0,,128.9667168,35.28774553
마마33ab00ab,0,0,0,0,,,0,0,,128.9667574,35.28999904
마마33ab00ba,0,0,0,0,,,0,0,,128.9667981,35.29225256
마마33ab00bb,0,0,0,0,,,0,0,,128.9668387,35.29450607
마마33ab01aa,0,0,0,0,,,0,0,,128.9668794,35.29675958
마마33ab01ab,0,0,0,0,,,0,0,,128.9669201,35.29901308
마마33ab01ba,0,0,0,0,,,0,0,,128.9669608,35.30126659
마마33ab01bb,0,0,0,0,,,0,0,,128.9670014,35.3035201
마마33ab02aa,0,0,0,0,,,0,0,,128.9670421,35.3057736
마마33ab02ab,0,0,0,0,,,0,0,,128.9670828,35.30802711
마마33ab02ba,25,0,0,0,,0.0,0,0,,128.9671235,35.31028061
마마33ab02bb,30,0,0,0,,0.0,0,0,,128.9671642,35.31253412
마마33ab03aa,31,0,0,0,,18.0,0,0,,128.9672049,35.31478762
마마33ab03ab,29,1,0,0,,0.0,0,0,,128.9672456,35.31704112
마마33ab03ba,6,0,0,0,,15.0,0,0,22.6083815,128.9672863,35.31929462
마마33ab03bb,0,0,0,0,,0.0,0,0,,128.9673271,35.32154812
마마33ab04aa,0,0,0,0,,,0,0,,128.9673678,35.32380162
마마33ab04ab,0,0,0,0,,,0,0,,128.9674085,35.32605512
마마33ab04ba,0,0,0,0,,,0,0,,128.9674492,35.32830861
마마33ab04bb,0,0,0,0,,,0,0,,128.96749,35.33056211
마마33ba00aa,0,0,0,0,,,0,0,,128.9694652,35.28771217
마마33ba00ab,0,0,0,0,,,0,0,,128.9695059,35.28996568
마마33ba00ba,0,0,0,0,,,0,0,,128.9695467,35.29221919
마마33ba00bb,0,0,0,0,,,0,0,,128.9695874,35.29447269
마마33ba01aa,0,0,0,0,,,0,0,,128.9696281,35.2967262
마마33ba01ab,0,0,0,0,,,0,0,,128.9696689,35.29897971
마마33ba01ba,0,0,0,0,,,0,0,,128.9697096,35.30123321
마마33ba01bb,0,0,0,0,,,0,0,,128.9697504,35.30348671
마마33ba02aa,0,0,0,0,,,0,0,,128.9697912,35.30574022
마마33ba02ab,6,0,0,0,,8.0,0,0,,128.9698319,35.30799372
마마33ba02ba,3,0,0,0,,7.000000000000001,0,0,,128.9698727,35.31024722
마마33ba02bb,4,0,0,0,,0.0,0,0,17.0,128.9699135,35.31250072
마마33ba03aa,0,0,0,0,,,0,0,,128.9699543,35.31475422
마마33ba03ab,0,0,0,0,,,0,0,,128.9699951,35.31700772
마마33ba03ba,0,0,0,0,,,0,0,,128.9700358,35.31926122
마마33ba03bb,0,0,0,0,,,0,0,,128.9700766,35.32151471
마마33ba04aa,0,0,0,0,,,0,0,,128.9701174,35.32376821
마마33ba04ab,0,0,0,0,,,0,0,,128.9701582,35.3260217
마마33ba04ba,0,0,0,0,,,0,0,,128.970199,35.3282752
마마33bb00aa,0,0,0,0,,,0,0,,128.9722136,35.28767874
마마33bb00ab,0,0,0,0,,,0,0,,128.9722544,35.28993225
마마33bb00ba,0,0,0,0,,,0,0,,128.9722952,35.29218575
마마33bb00bb,0,0,0,0,,,0,0,,128.9723361,35.29443926
마마33bb01aa,0,0,0,0,,,0,0,,128.9723769,35.29669276
마마33bb01ab,0,0,0,0,,,0,0,,128.9724177,35.29894627
마마33bb01ba,0,0,0,0,,,0,0,,128.9724585,35.30119977
마마33bb01bb,0,0,0,0,,,0,0,,128.9724994,35.30345327
마마33bb02aa,2,0,0,0,,0.0,0,0,,128.9725402,35.30570677
마마33bb02ab,8,0,0,0,,0.0,0,0,,128.972581,35.30796027
마마33bb02ba,0,0,0,0,,,0,0,,128.9726219,35.31021377
마마33bb02bb,0,0,0,0,,,0,0,,128.9726627,35.31246726
마마33bb03aa,0,0,0,0,,,0,0,,128.9727036,35.31472076
마마33bb03ab,0,0,0,0,,,0,0,,128.9727445,35.31697426
마마33bb03ba,0,0,0,0,,,0,0,,128.9727853,35.31922775
마마33bb03bb,0,0,0,0,,,0,0,,128.9728262,35.32148125
마마33bb04aa,0,0,0,0,,,0,0,,128.9728671,35.32373474
마마34aa00aa,0,0,0,0,,,0,0,,128.974962,35.28764525
마마34aa00ab,0,0,0,0,,,0,0,,128.9750029,35.28989876
마마34aa00ba,0,0,0,0,,,8,0,,128.9750438,35.29215226
마마34aa00bb,24,0,0,0,,,0,0,,128.9750847,35.29440576
마마34aa01aa,1,0,0,0,,,0,0,,128.9751256,35.29665926
마마34aa01ab,0,0,0,0,,,0,0,,128.9751665,35.29891276
마마34aa01ba,3,0,0,0,,,0,0,,128.9752074,35.30116626
마마34aa01bb,3,0,0,0,,0.0,0,0,,128.9752483,35.30341976
마마34aa02aa,0,0,0,0,,,0,0,,128.9752892,35.30567326
마마34aa02ab,0,0,0,0,,,0,0,,128.9753302,35.30792676
마마34aa02ba,0,0,0,0,,,0,0,,128.9753711,35.31018025
마마34ab00aa,0,0,0,0,,,0,0,,128.9777105,35.2876117
마마34ab00ab,0,0,0,0,,,0,0,,128.9777514,35.2898652
마마34ab00ba,9,0,0,0,,,0,0,,128.9777924,35.2921187
마마34ab00bb,59,0,0,0,,24.0,0,0,,128.9778333,35.2943722
마마34ab01aa,27,0,0,0,,14.0,0,0,,128.9778743,35.2966257
마마34ab01ab,9,0,0,0,,,0,0,,128.9779153,35.2988792
마마34ab01ba,1,0,0,0,,,0,0,,128.9779563,35.30113269
마마34ab01bb,0,0,0,0,,,0,0,,128.9779973,35.30338619
마마34ab02aa,0,0,0,0,,,0,0,,128.9780383,35.30563969
마마34ab02ab,0,0,0,0,,,0,0,,128.9780793,35.30789318
마마34ba00aa,0,0,0,0,,,0,0,,128.9804589,35.28757809
마마34ba00ab,11,0,0,0,,,0,0,,128.9804999,35.28983159
마마34ba00ba,32,0,0,0,,16.0,0,0,,128.9805409,35.29208508
마마34ba00bb,8,0,0,0,,0.0,0,0,,128.980582,35.29433858
마마34ba01aa,0,0,0,0,,,0,0,,128.980623,35.29659208
마마34ba01ab,0,0,0,0,,,0,0,,128.9806641,35.29884557
마마34ba01ba,0,0,0,0,,,0,0,,128.9807051,35.30109906
마마34ba01bb,0,0,0,0,,,0,0,,128.9807462,35.30335256
마마34bb00aa,2,0,0,0,,,0,0,,128.9832073,35.28754441
마마34bb00ab,8,0,0,0,,,0,0,,128.9832484,35.28979791
마마34bb00ba,0,0,0,0,,0.0,0,0,,128.9832895,35.2920514
마마34bb00bb,0,0,0,0,,,0,0,,128.9833306,35.2943049
마마34bb01aa,0,0,0,0,,,0,0,,128.9833717,35.29655839
마마34bb01ab,0,0,0,0,,,0,0,,128.9834129,35.29881188
마마35aa00aa,0,0,0,0,,,0,0,,128.9859557,35.28751068
마마35aa00ab,0,0,0,0,,,0,0,,128.9859969,35.28976417
마마35aa00ba,0,0,0,0,,,0,0,,128.9860381,35.29201766
마마35aa00bb,0,0,0,0,,,0,0,,128.9860793,35.29427115
마마35ab00aa,0,0,0,0,,,0,0,,128.9887041,35.28747687
마마35ab00ab,1,0,0,0,,,0,0,,128.9887453,35.28973036
마마35ab00ba,0,0,0,0,,,0,0,,128.9887866,35.29198385
마마35ab00bb,0,0,0,0,,,0,0,,128.9888279,35.29423734
마마35ba00aa,0,0,0,0,,,0,0,,128.9914525,35.28744301
마마35ba00ab,1,0,0,0,,0.0,0,0,,128.9914938,35.2896965
마마35ba00ba,0,0,0,0,,,0,0,,128.9915352,35.29194998
마마35bb00aa,8,0,0,0,,15.0,0,0,,128.9942009,35.28740909
마마35bb00ab,0,0,0,0,,0.0,0,0,,128.9942423,35.28966257
마마35bb00ba,0,0,0,0,,,0,0,,128.9942837,35.29191605
마마36aa00aa,0,0,0,0,,,0,0,,128.9969492,35.2873751
마마36aa00ab,0,0,0,0,,,0,0,,128.9969907,35.28962858
마마36ab00aa,0,0,0,0,,,0,0,,128.9996976,35.28734105
마마36ab00ab,0,0,0,0,,,0,0,,128.9997392,35.28959453
마마36ba00aa,0,0,0,0,,,0,0,,129.002446,35.28730693
