gid,건물1,건물2,건물3,관공서,주차장,경제인구,전기차,차량속도,입지총점,예측_일평균이용수,총점순위
마라09ab99bb,0.0,0.0,0.0,0.0,0.0,0.0,0.0,0.0,0.0,3.1130760722045023,62.0
마라09ba98ba,0.0,0.0,0.0,0.0,0.0,0.0,0.0,0.0,0.0,3.1130760722045023,62.0
마라09ba98bb,0.0,0.0,0.0,0.0,0.0,0.0,0.0,0.0,0.0,3.1130760722045023,62.0
마라09ba99aa,0.0,0.0,0.0,0.0,0.0,0.0,0.0,0.0,0.0,3.1130760722045023,62.0
마라09ba99ab,0.0,0.0,0.0,0.0,0.0,0.0,0.0,0.0,0.0,3.1130760722045023,62.0
마라09ba99ba,0.0,0.0,0.0,0.0,0.0,0.0,0.0,0.0,0.0,3.1130760722045023,62.0
마라09ba99bb,0.0,0.0,0.0,0.0,0.0,0.0,0.0,0.15468448941666668,-0.013617799444546745,3.056487806668868,510.0
마라09bb98aa,0.0,0.0,0.0,0.0,0.0,0.0,0.0,0.0,0.0,3.1130760722045023,62.0
마라09bb98ab,0.0,0.0,0.0,0.0,0.0,0.0,0.0,0.0,0.0,3.1130760722045023,62.0
마라09bb98ba,0.0,0.0,0.0,0.0,0.0,0.0,0.0,0.0,0.0,3.1130760722045023,62.0
마라09bb98bb,0.0,0.0,0.0,0.0,0.0,0.0,0.0,0.5916666666666667,-0.0520879503502568,3.276006722177174,1204.0
마라09bb99aa,0.006622516556291391,0.0,0.0,0.0,0.0,0.006762988011066708,0.0,0.0,-0.001496314097748746,2.4783764173328175,103.0
마라09bb99ab,0.006622516556291391,0.0,0.0,0.0,0.0,0.0,0.0,0.0,-0.0006068141261048015,2.2628047968481355,74.0
마라09bb99ba,0.006622516556291391,0.0,0.0,0.0,0.0,0.0,0.0,0.0,-0.0006068141261048015,2.2628047968481355,74.0
마라09bb99bb,0.006622516556291391,0.0,0.0,0.0,0.0,0.0,0.0,0.0,-0.0006068141261048015,2.2628047968481355,74.0
마라10aa96bb,0.0,0.0,0.0,0.0,0.0,0.0,0.0,0.0,0.0,3.1130760722045023,62.0
마라10aa97aa,0.0,0.0,0.0,0.0,0.0,0.0,0.0,0.0,0.0,3.1130760722045023,62.0
마라10aa97ab,0.0,0.0,0.0,0.0,0.0,0.0,0.0,0.0,0.0,3.1130760722045023,62.0
마라10aa97ba,0.0,0.0,0.0,0.0,0.0,0.0,0.0,0.0,0.0,3.1130760722045023,62.0
마라10aa97bb,0.019867549668874173,0.0,0.0,0.0,0.0,0.0,0.0,0.0,-0.0018204423783144046,2.235757445615273,118.0
마라10aa98aa,0.0,0.0,0.0,0.0,0.0,0.0,0.0,0.0,0.0,3.1130760722045023,62.0
마라10aa98ab,0.0,0.0,0.0,0.0,0.0,0.0,0.0,0.0,0.0,3.1130760722045023,62.0
마라10aa98ba,0.0,0.0,0.0,0.0,0.0,0.0,0.0,0.0,0.0,3.1130760722045023,62.0
마라10aa98bb,0.0,0.0,0.0,0.0,0.0,0.0,0.0,0.0,0.0,3.1130760722045023,62.0
마라10aa99aa,0.013245033112582781,0.0,0.0,0.0,0.0,0.0,0.0,0.0,-0.001213628252209603,2.2845975411154673,93.0
마라10aa99ab,0.0,0.0,0.0,0.0,0.0,0.0,0.0,0.0,0.0,3.1130760722045023,62.0
마라10aa99bb,0.09933774834437085,0.0,0.0,0.0,0.0,0.0,0.0,0.0,-0.009102211891572022,8.159066350363856,359.0
마라10ab96aa,0.0,0.0,0.0,0.0,0.0,0.0,0.0,0.0,0.0,3.1130760722045023,62.0
마라10ab96ab,0.0,0.0,0.0,0.0,0.0,0.0,0.0,0.0,0.0,3.1130760722045023,62.0
마라10ab96ba,0.0,0.0,0.0,0.0,0.0,0.0,0.0,0.0,0.0,3.1130760722045023,62.0
마라10ab96bb,0.0,0.0,0.0,0.0,0.0,0.0,0.0,0.0,0.0,3.1130760722045023,62.0
마라10ab97aa,0.0,0.0,0.0,0.0,0.0,0.0,0.0,0.0,0.0,3.1130760722045023,62.0
마라10ab97ab,0.0,0.0,0.0,0.0,0.0,0.0,0.0,0.0,0.0,3.1130760722045023,62.0
마라10ab97ba,0.006622516556291391,0.0,0.0,0.0,0.0,0.0,0.0,0.0,-0.0006068141261048015,2.2628047968481355,74.0
마라10ab97bb,0.039735099337748346,0.0,0.0,0.0,0.0,0.0,0.0,0.0,-0.003640884756628809,2.55175305519838,192.0
마라10ab98aa,0.006622516556291391,0.0,0.0,0.0,0.0,0.0,0.0,0.0,-0.0006068141261048015,2.2628047968481355,74.0
마라10ab98ab,0.0,0.0,0.0,0.0,0.0,0.0,0.0,0.0,0.0,3.1130760722045023,62.0
마라10ab98ba,0.0,0.0,0.0,0.0,0.0,0.0,0.0,0.0,0.0,3.1130760722045023,62.0
마라10ab98bb,0.0,0.24,0.0,0.0,0.0,0.0,0.0,0.0,-0.021888842574342243,5.347140624434582,778.0
마라10ab99aa,0.019867549668874173,0.0,0.0,0.0,0.0,0.0,0.0,0.0,-0.0018204423783144046,2.235757445615273,118.0
마라10ab99ab,0.033112582781456956,0.0,0.0,0.0,0.0,0.0,0.0,0.0,-0.003034070630524008,2.4791925079025385,171.0
마라10ab99ba,0.2251655629139073,0.0,0.0,0.0,0.0,0.015063018751921302,0.0,0.0,-0.022612839315315672,1.0044298056440912,801.0
마라10ab99bb,0.013245033112582781,0.0,0.0,0.0,0.0,0.0,0.0,0.0,-0.001213628252209603,2.2845975411154673,93.0
마라10ba95bb,0.0,0.0,0.0,0.0,0.0,0.0,0.0,0.0,0.0,3.1130760722045023,62.0
마라10ba96aa,0.0,0.0,0.0,0.0,0.0,0.0,0.0,0.0,0.0,3.1130760722045023,62.0
마라10ba96ab,0.0,0.0,0.0,0.0,0.0,0.0,0.0,0.0,0.0,3.1130760722045023,62.0
마라10ba96ba,0.0,0.0,0.0,0.0,0.0,0.0,0.0,0.0,0.0,3.1130760722045023,62.0
마라10ba96bb,0.0,0.0,0.0,0.0,0.0,0.0,0.0,0.0,0.0,3.1130760722045023,62.0
마라10ba97aa,0.0,0.0,0.0,0.0,0.0,0.0,0.0,0.0,0.0,3.1130760722045023,62.0
마라10ba97ab,0.0,0.0,0.0,0.0,0.0,0.0,0.0,0.0,0.0,3.1130760722045023,62.0
마라10ba97ba,0.0,0.0,0.0,0.0,0.0,0.0,0.0,0.0,0.0,3.1130760722045023,62.0
마라10ba97bb,0.0,0.0,0.0,0.0,0.0,0.0,0.0,0.0,0.0,3.1130760722045023,62.0
마라10ba98aa,0.006622516556291391,0.0,0.0,0.0,0.0,0.0,0.0,0.0,-0.0006068141261048015,2.2628047968481355,74.0
마라10ba98ab,0.006622516556291391,0.0,0.0,0.0,0.0,0.0,0.0,0.0,-0.0006068141261048015,2.2628047968481355,74.0
마라10ba98ba,0.006622516556291391,0.0,0.0,0.0,0.0,0.0,0.0,0.0,-0.0006068141261048015,2.2628047968481355,74.0
마라10ba99aa,0.013245033112582781,0.0,0.0,0.0,0.0,0.0,0.0,0.125,-0.012218124805080758,2.1900415819744588,458.0
마라10ba99ab,0.026490066225165563,0.0,0.0,0.0,0.0,0.0,0.0,0.0,-0.002427256504419206,2.235757445615273,144.0
마라10ba99ba,0.046357615894039736,0.0,0.0,0.0,0.0,0.0,0.0,0.0,-0.0042476988827336104,2.011401784288219,208.0
마라10ba99bb,0.0,0.0,0.0,0.0,0.0,0.0,0.0025906735751295338,0.0,0.00025892999231482707,3.1130760722045023,60.0
마라10bb94bb,0.0,0.0,0.0,0.0,0.0,0.0,0.0,0.0,0.0,3.1130760722045023,62.0
마라10bb95aa,0.0,0.0,0.0,0.0,0.0,0.0,0.0,0.0,0.0,3.1130760722045023,62.0
마라10bb95ab,0.0,0.0,0.0,0.0,0.0,0.0,0.0,0.0,0.0,3.1130760722045023,62.0
마라10bb95ba,0.0,0.0,0.0,0.0,0.0,0.0,0.0,0.0,0.0,3.1130760722045023,62.0
마라10bb95bb,0.0,0.0,0.0,0.0,0.0,0.0,0.0,0.0,0.0,3.1130760722045023,62.0
마라10bb96aa,0.0,0.0,0.0,0.0,0.0,0.0,0.0,0.0,0.0,3.1130760722045023,62.0
마라10bb96ab,0.0,0.0,0.0,0.0,0.0,0.0,0.0,0.0,0.0,3.1130760722045023,62.0
마라10bb96ba,0.0,0.0,0.0,0.0,0.0,0.0,0.0,0.0,0.0,3.1130760722045023,62.0
마라10bb96bb,0.0,0.0,0.0,0.0,0.0,0.0,0.0,0.0,0.0,3.1130760722045023,62.0
마라10bb97aa,0.0,0.0,0.0,0.0,0.0,0.0,0.0,0.0,0.0,3.1130760722045023,62.0
마라10bb97ab,0.0,0.0,0.0,0.0,0.0,0.0,0.0,0.0,0.0,3.1130760722045023,62.0
마라10bb97ba,0.0,0.0,0.0,0.0,0.0,0.0,0.0,0.0,0.0,3.1130760722045023,62.0
마라10bb97bb,0.0,0.0,0.0,0.0,0.0,0.0,0.0,0.0,0.0,3.1130760722045023,62.0
마라10bb98aa,0.0,0.0,0.0,0.0,0.0,0.0,0.0,0.0,0.0,3.1130760722045023,62.0
마라10bb98ab,0.0,0.0,0.0,0.0,0.0,0.0,0.0,0.0,0.0,3.1130760722045023,62.0
마라10bb98ba,0.019867549668874173,0.0,0.0,0.0,0.0,0.0027666769136181985,0.0,0.3416666666666667,-0.03226328597486505,2.714792579362811,1008.0
마라10bb98bb,0.0,0.0,0.0,0.0,0.0,0.0,0.0,0.0,0.0,3.1130760722045023,62.0
마라10bb99aa,0.039735099337748346,0.0,0.0,0.0,0.0,0.0,0.0,0.18333333333333332,-0.019780813034173166,2.439764798885944,725.0
마라10bb99ab,0.2119205298013245,0.0,0.0,0.0,0.0,0.0,0.0,0.0,-0.01941805203535365,1.202700344628916,714.0
마라10bb99ba,0.2913907284768212,0.0,0.0,0.0,0.0,0.005840762373193974,0.0,0.0,-0.02746802606957649,1.2146434808577664,918.0
마라10bb99bb,0.026490066225165563,0.0,0.0,0.0,0.0,0.003688902551490931,0.0,0.0,-0.002912438307134085,2.573964478428775,167.0
마라11aa91bb,0.0,0.0,0.0,0.0,0.0,0.0,0.0,0.0,0.0,3.1130760722045023,62.0
마라11aa92aa,0.0,0.0,0.0,0.0,0.0,0.0,0.0,0.0,0.0,3.1130760722045023,62.0
마라11aa92ab,0.0,0.0,0.0,0.0,0.0,0.0,0.0,0.0,0.0,3.1130760722045023,62.0
마라11aa92ba,0.0,0.0,0.0,0.0,0.0,0.0,0.0,0.0,0.0,3.1130760722045023,62.0
마라11aa92bb,0.0,0.0,0.0,0.0,0.0,0.0,0.0,0.0,0.0,3.1130760722045023,62.0
마라11aa93aa,0.0,0.0,0.0,0.0,0.0,0.0,0.0,0.0,0.0,3.1130760722045023,62.0
마라11aa94bb,0.0,0.0,0.0,0.0,0.0,0.0,0.0,0.0,0.0,3.1130760722045023,62.0
마라11aa95aa,0.0,0.0,0.0,0.0,0.0,0.0,0.0,0.0,0.0,3.1130760722045023,62.0
마라11aa95ab,0.0,0.0,0.0,0.0,0.0,0.0,0.0,0.0,0.0,3.1130760722045023,62.0
마라11aa95ba,0.0,0.0,0.0,0.0,0.0,0.0,0.0,0.0,0.0,3.1130760722045023,62.0
마라11aa95bb,0.0,0.0,0.0,0.0,0.0,0.0,0.0,0.0,0.0,3.1130760722045023,62.0
마라11aa96aa,0.0,0.0,0.0,0.0,0.0,0.0,0.0,0.0,0.0,3.1130760722045023,62.0
마라11aa96ab,0.0,0.0,0.0,0.0,0.0,0.0,0.0,0.0,0.0,3.1130760722045023,62.0
마라11aa96ba,0.0,0.0,0.0,0.0,0.0,0.0,0.0,0.0,0.0,3.1130760722045023,62.0
마라11aa96bb,0.0,0.0,0.0,0.0,0.0,0.0,0.0,0.0,0.0,3.1130760722045023,62.0
마라11aa97aa,0.0,0.0,0.0,0.0,0.0,0.0,0.0,0.0,0.0,3.1130760722045023,62.0
마라11aa97ab,0.0,0.0,0.0,0.0,0.0,0.0,0.0,0.0,0.0,3.1130760722045023,62.0
마라11aa97ba,0.0,0.0,0.0,0.0,0.0,0.0,0.0,0.0,0.0,3.1130760722045023,62.0
마라11aa97bb,0.0,0.0,0.0,0.0,0.0,0.0,0.0,0.0,0.0,3.1130760722045023,62.0
마라11aa98aa,0.0,0.0,0.0,0.0,0.0,0.0,0.0,0.0,0.0,3.1130760722045023,62.0
마라11aa98ab,0.0,0.0,0.0,0.0,0.0,0.0046111281893636644,0.0,0.0,-0.0006064772533935987,3.254480507572564,73.0
마라11aa98ba,0.0,0.0,0.0,0.0,0.0,0.0,0.0,0.13410404625,-0.01180598011747359,3.056487806668868,445.0
마라11aa98bb,0.0,0.0,0.0,0.0,0.0,0.0,0.0,0.0,0.0,3.1130760722045023,62.0
마라11aa99aa,0.16556291390728478,0.0,0.0,0.0,0.0,0.0,0.0,0.0,-0.01517035315262004,1.202700344628916,565.0
마라11aa99ab,0.019867549668874173,0.0,0.0,0.0,0.0,0.0,0.0,0.0,-0.0018204423783144046,2.235757445615273,118.0
마라11aa99ba,0.2980132450331126,0.0,0.0,0.0,0.0,0.0,0.0,0.0,-0.02730663567471607,1.2648083160226018,913.0
마라11aa99bb,0.046357615894039736,0.0,0.0,0.0,0.0,0.0,0.0,0.0,-0.0042476988827336104,2.011401784288219,208.0
마라11ab91ab,0.0,0.0,0.0,0.0,0.0,0.0,0.0,0.0,0.0,3.1130760722045023,62.0
마라11ab91ba,0.0,0.0,0.0,0.0,0.0,0.0,0.0,0.0,0.0,3.1130760722045023,62.0
마라11ab91bb,0.0,0.0,0.0,0.0,0.0,0.0,0.0,0.0,0.0,3.1130760722045023,62.0
마라11ab92aa,0.0,0.0,0.0,0.0,0.0,0.0,0.0,0.0,0.0,3.1130760722045023,62.0
마라11ab92ab,0.0,0.0,0.0,0.0,0.0,0.0,0.0,0.0,0.0,3.1130760722045023,62.0
마라11ab92ba,0.0,0.0,0.0,0.0,0.0,0.0,0.0,0.0,0.0,3.1130760722045023,62.0
마라11ab92bb,0.0,0.0,0.0,0.0,0.0,0.0,0.0,0.0,0.0,3.1130760722045023,62.0
마라11ab93aa,0.0,0.0,0.0,0.0,0.0,0.0,0.0,0.0,0.0,3.1130760722045023,62.0
마라11ab93ab,0.0,0.0,0.0,0.0,0.0,0.0,0.0,0.0,0.0,3.1130760722045023,62.0
마라11ab93ba,0.0,0.0,0.0,0.0,0.0,0.0,0.0,0.0,0.0,3.1130760722045023,62.0
마라11ab93bb,0.0,0.0,0.0,0.0,0.0,0.0,0.0,0.0,0.0,3.1130760722045023,62.0
마라11ab94aa,0.0,0.0,0.0,0.0,0.0,0.0,0.0,0.0,0.0,3.1130760722045023,62.0
마라11ab94ab,0.0,0.0,0.0,0.0,0.0,0.0,0.0,0.0,0.0,3.1130760722045023,62.0
마라11ab94ba,0.0,0.0,0.0,0.0,0.0,0.0,0.0,0.0,0.0,3.1130760722045023,62.0
마라11ab94bb,0.0,0.0,0.0,0.0,0.0,0.0,0.0,0.0,0.0,3.1130760722045023,62.0
마라11ab95aa,0.0,0.0,0.0,0.0,0.0,0.0,0.0,0.0,0.0,3.1130760722045023,62.0
마라11ab95ab,0.0,0.0,0.0,0.0,0.0,0.0,0.0,0.0,0.0,3.1130760722045023,62.0
마라11ab95ba,0.0,0.0,0.0,0.0,0.0,0.0,0.0,0.0,0.0,3.1130760722045023,62.0
마라11ab95bb,0.0,0.0,0.0,0.0,0.0,0.0,0.0,0.0,0.0,3.1130760722045023,62.0
마라11ab96aa,0.0,0.0,0.0,0.0,0.0,0.0,0.0,0.0,0.0,3.1130760722045023,62.0
마라11ab96ab,0.0,0.0,0.0,0.0,0.0,0.0,0.0,0.0,0.0,3.1130760722045023,62.0
마라11ab96ba,0.0,0.0,0.0,0.0,0.0,0.0,0.0,0.0,0.0,3.1130760722045023,62.0
마라11ab96bb,0.0,0.0,0.0,0.0,0.0,0.0,0.0,0.0,0.0,3.1130760722045023,62.0
마라11ab97aa,0.0,0.0,0.0,0.0,0.0,0.0,0.0,0.0,0.0,3.1130760722045023,62.0
마라11ab97ab,0.0,0.0,0.0,0.0,0.0,0.0,0.0,0.0,0.0,3.1130760722045023,62.0
마라11ab97ba,0.0,0.0,0.0,0.0,0.0,0.0,0.0,0.0,0.0,3.1130760722045023,62.0
마라11ab97bb,0.006622516556291391,0.0,0.0,0.0,0.0,0.0,0.0,0.0,-0.0006068141261048015,2.2628047968481355,74.0
마라11ab98aa,0.0,0.0,0.0,0.0,0.0,0.0,0.0,0.0,0.0,3.1130760722045023,62.0
마라11ab98ab,0.0,0.0,0.0,0.0,0.0,0.0,0.0,0.0,0.0,3.1130760722045023,62.0
마라11ab98ba,0.0,0.0,0.0,0.0,0.0,0.0,0.0,0.0,0.0,3.1130760722045023,62.0
마라11ab98bb,0.09271523178807947,0.0,0.0,0.0,0.0,0.0,0.0,0.14922928708333333,-0.021632943167834914,3.139567418768655,772.0
마라11ab99aa,0.17880794701986755,0.0,0.0,0.0,0.0,0.0,0.0,0.0,-0.01638398140482964,1.202700344628916,607.0
마라11ab99ab,0.07947019867549669,0.0,0.0,0.0,0.0,0.0,0.0,0.0,-0.007281769513257618,7.535394101977326,301.0
마라11ab99ba,0.17880794701986755,0.0,0.0,0.0,0.0,0.0,0.0,0.0,-0.01638398140482964,1.202700344628916,607.0
마라11ab99bb,0.0,0.0,0.0,0.0,0.0,0.0,0.0,0.0,0.0,3.1130760722045023,62.0
마라11ba90bb,0.0,0.0,0.0,0.0,0.0,0.0,0.0,0.0,0.0,3.1130760722045023,62.0
마라11ba91aa,0.0,0.0,0.0,0.0,0.0,0.0,0.0,0.0,0.0,3.1130760722045023,62.0
마라11ba91ab,0.0,0.0,0.0,0.0,0.0,0.0,0.0,0.0,0.0,3.1130760722045023,62.0
마라11ba91ba,0.0,0.0,0.0,0.0,0.0,0.0,0.0,0.0,0.0,3.1130760722045023,62.0
마라11ba91bb,0.0,0.0,0.0,0.0,0.0,0.0,0.0,0.0,0.0,3.1130760722045023,62.0
마라11ba92aa,0.0,0.0,0.0,0.0,0.0,0.0,0.0,0.0,0.0,3.1130760722045023,62.0
마라11ba92ab,0.0,0.0,0.0,0.0,0.0,0.0,0.0,0.0,0.0,3.1130760722045023,62.0
마라11ba92ba,0.0,0.0,0.0,0.0,0.0,0.0,0.0,0.0,0.0,3.1130760722045023,62.0
마라11ba92bb,0.0,0.0,0.0,0.0,0.0,0.0,0.0,0.0,0.0,3.1130760722045023,62.0
마라11ba93aa,0.0,0.0,0.0,0.0,0.0,0.0,0.0,0.0,0.0,3.1130760722045023,62.0
마라11ba93ab,0.0,0.0,0.0,0.0,0.0,0.0,0.0,0.0,0.0,3.1130760722045023,62.0
마라11ba93ba,0.0,0.0,0.0,0.0,0.0,0.0,0.0,0.0,0.0,3.1130760722045023,62.0
마라11ba93bb,0.0,0.0,0.0,0.0,0.0,0.0,0.0,0.0,0.0,3.1130760722045023,62.0
마라11ba94aa,0.0,0.0,0.0,0.0,0.0,0.0,0.0,0.0,0.0,3.1130760722045023,62.0
마라11ba94ab,0.0,0.0,0.0,0.0,0.0,0.0,0.0,0.0,0.0,3.1130760722045023,62.0
마라11ba94ba,0.0,0.0,0.0,0.0,0.0,0.0,0.0,0.0,0.0,3.1130760722045023,62.0
마라11ba94bb,0.0,0.0,0.0,0.0,0.0,0.0,0.0,0.0,0.0,3.1130760722045023,62.0
마라11ba95aa,0.0,0.0,0.0,0.0,0.0,0.0,0.0,0.0,0.0,3.1130760722045023,62.0
마라11ba95ab,0.0,0.0,0.0,0.0,0.0,0.0,0.0,0.0,0.0,3.1130760722045023,62.0
마라11ba95ba,0.0,0.0,0.0,0.0,0.0,0.0,0.0,0.0,0.0,3.1130760722045023,62.0
마라11ba95bb,0.0,0.0,0.0,0.0,0.0,0.0,0.0,0.0,0.0,3.1130760722045023,62.0
마라11ba96aa,0.0,0.0,0.0,0.0,0.0,0.0,0.0,0.0,0.0,3.1130760722045023,62.0
마라11ba96ab,0.0,0.0,0.0,0.0,0.0,0.0,0.0,0.0,0.0,3.1130760722045023,62.0
마라11ba96ba,0.0,0.0,0.0,0.0,0.0,0.0,0.0,0.0,0.0,3.1130760722045023,62.0
마라11ba96bb,0.0,0.0,0.0,0.0,0.0,0.0,0.0,0.0,0.0,3.1130760722045023,62.0
마라11ba97aa,0.0,0.0,0.0,0.0,0.0,0.0,0.0,0.0,0.0,3.1130760722045023,62.0
마라11ba97ab,0.0,0.0,0.0,0.0,0.0,0.0,0.0,0.0,0.0,3.1130760722045023,62.0
마라11ba97ba,0.0,0.0,0.0,0.0,0.0,0.0,0.0,0.0,0.0,3.1130760722045023,62.0
마라11ba97bb,0.0,0.0,0.0,0.0,0.0,0.0,0.0,0.0,0.0,3.1130760722045023,62.0
마라11ba98aa,0.0,0.0,0.0,0.0,0.0,0.0,0.0,0.0,0.0,3.1130760722045023,62.0
마라11ba98ab,0.0,0.0,0.0,0.0,0.0,0.0,0.0,0.0,0.0,3.1130760722045023,62.0
마라11ba98ba,0.026490066225165563,0.0,0.0,0.0,0.0,0.0,0.0,0.0,-0.002427256504419206,2.235757445615273,144.0
마라11ba98bb,0.033112582781456956,0.0,0.0,0.0,0.0,0.003381494005533354,0.0,0.089077553,-0.01132084961575956,2.4982503005218843,432.0
마라11ba99aa,0.16556291390728478,0.0,0.0,0.0,0.0,0.0,0.0,0.0,-0.01517035315262004,1.202700344628916,565.0
마라11ba99ab,0.06622516556291391,0.0,0.0,0.0,0.0,0.0,0.0,0.0,-0.006068141261048016,2.23893334135549,266.0
마라11ba99ba,0.32450331125827814,0.0,0.0,0.0,0.0,0.0,0.0,0.0,-0.029733892179135274,1.2648083160226018,960.0
마라11ba99bb,0.11258278145695365,0.0,0.0,0.0,0.0,0.0021518598217030436,0.0,0.2833333333333333,-0.03554238838187325,1.8233788433788438,1049.0
마라11bb90bb,0.0,0.0,0.0,0.0,0.0,0.0,0.0,0.0,0.0,3.1130760722045023,62.0
마라11bb91aa,0.0,0.0,0.0,0.0,0.0,0.0,0.0,0.0,0.0,3.1130760722045023,62.0
마라11bb91ab,0.0,0.0,0.0,0.0,0.0,0.0,0.0,0.0,0.0,3.1130760722045023,62.0
마라11bb91ba,0.0,0.0,0.0,0.0,0.0,0.0,0.0,0.0,0.0,3.1130760722045023,62.0
마라11bb91bb,0.0,0.0,0.0,0.0,0.0,0.0,0.0,0.0,0.0,3.1130760722045023,62.0
마라11bb92aa,0.0,0.0,0.0,0.0,0.0,0.0,0.0,0.0,0.0,3.1130760722045023,62.0
마라11bb92ab,0.006622516556291391,0.0,0.0,0.0,0.0,0.0,0.0,0.0,-0.0006068141261048015,2.2628047968481355,74.0
마라11bb92ba,0.026490066225165563,0.0,0.0,0.0,0.0,0.002459268367660621,0.0,0.0,-0.0027507110395624586,2.362780732793172,157.0
마라11bb92bb,0.0,0.0,0.0,0.0,0.0,0.0,0.0,0.0,0.0,3.1130760722045023,62.0
마라11bb93aa,0.0,0.0,0.0,0.0,0.0,0.0,0.0,0.0,0.0,3.1130760722045023,62.0
마라11bb93ab,0.0,0.0,0.0,0.0,0.0,0.0,0.0,0.0,0.0,3.1130760722045023,62.0
마라11bb93ba,0.0,0.0,0.0,0.0,0.0,0.0,0.0,0.0,0.0,3.1130760722045023,62.0
마라11bb93bb,0.0,0.0,0.0,0.0,0.0,0.0,0.0,0.0,0.0,3.1130760722045023,62.0
마라11bb94aa,0.0,0.0,0.0,0.0,0.0,0.0,0.0,0.0,0.0,3.1130760722045023,62.0
마라11bb94ab,0.0,0.0,0.0,0.0,0.0,0.0,0.0,0.0,0.0,3.1130760722045023,62.0
마라11bb94ba,0.0,0.0,0.0,0.0,0.0,0.0,0.0,0.0,0.0,3.1130760722045023,62.0
마라11bb94bb,0.0,0.0,0.0,0.0,0.0,0.0,0.0,0.0,0.0,3.1130760722045023,62.0
마라11bb95aa,0.0,0.0,0.0,0.0,0.0,0.0,0.0,0.0,0.0,3.1130760722045023,62.0
마라11bb95ab,0.0,0.0,0.0,0.0,0.0,0.0,0.0,0.0,0.0,3.1130760722045023,62.0
마라11bb95ba,0.0,0.0,0.0,0.0,0.0,0.0,0.0,0.0,0.0,3.1130760722045023,62.0
마라11bb95bb,0.0,0.0,0.0,0.0,0.0,0.0,0.0,0.0,0.0,3.1130760722045023,62.0
마라11bb96aa,0.013245033112582781,0.0,0.0,0.0,0.0,0.0,0.0,0.0,-0.001213628252209603,2.2845975411154673,93.0
마라11bb96ab,0.0,0.0,0.0,0.0,0.0,0.0,0.0,0.0,0.0,3.1130760722045023,62.0
마라11bb96ba,0.0,0.0,0.0,0.0,0.0,0.0,0.0,0.0,0.0,3.1130760722045023,62.0
마라11bb96bb,0.0,0.0,0.0,0.0,0.0,0.0,0.0,0.0,0.0,3.1130760722045023,62.0
마라11bb97aa,0.0,0.0,0.0,0.0,0.0,0.0,0.0,0.0,0.0,3.1130760722045023,62.0
마라11bb97ab,0.0,0.0,0.0,0.0,0.0,0.0,0.0,0.0,0.0,3.1130760722045023,62.0
마라11bb97ba,0.0,0.0,0.0,0.0,0.0,0.0,0.0,0.0,0.0,3.1130760722045023,62.0
마라11bb97bb,0.0,0.0,0.0,0.0,0.0,0.0,0.0,0.0,0.0,3.1130760722045023,62.0
마라11bb98aa,0.0,0.0,0.0,0.0,0.0,0.0,0.0,0.0,0.0,3.1130760722045023,62.0
마라11bb98ab,0.0,0.0,0.0,0.0,0.0,0.0,0.0,0.0,0.0,3.1130760722045023,62.0
마라11bb98ba,0.0,0.0,0.0,0.0,0.0,0.003381494005533354,0.0,0.0,-0.0004447499858219723,3.1871151246852025,71.0
마라11bb98bb,0.07947019867549669,0.0,0.0,0.0,0.0,0.0,0.0,0.0,-0.007281769513257618,7.535394101977326,301.0
마라11bb99aa,0.046357615894039736,0.0,0.0,0.0,0.0,0.0,0.0,0.0,-0.0042476988827336104,2.011401784288219,208.0
마라11bb99ab,0.0,0.0,0.0,0.0,0.0,0.0,0.0,0.0,0.0,3.1130760722045023,62.0
마라11bb99ba,0.11920529801324503,0.0,0.0,0.0,0.0,0.0,0.0,0.0,-0.010922654269886426,1.1786747273890128,417.0
마라11bb99bb,0.19205298013245034,0.0,0.0,0.0,0.0,0.0030740854595757753,0.0,0.0,-0.01800192782596831,1.1522790992076704,667.0
마라12aa90ba,0.0,0.0,0.0,0.0,0.0,0.0,0.0,0.0,0.0,3.1130760722045023,62.0
마라12aa90bb,0.0,0.0,0.0,0.0,0.0,0.0,0.0,0.0,0.0,3.1130760722045023,62.0
마라12aa91aa,0.0,0.0,0.0,0.0,0.0,0.0,0.0,0.0,0.0,3.1130760722045023,62.0
마라12aa91ab,0.0,0.0,0.0,0.0,0.0,0.0,0.0,0.0,0.0,3.1130760722045023,62.0
마라12aa91ba,0.0,0.0,0.0,0.0,0.0,0.0,0.0,0.0,0.0,3.1130760722045023,62.0
마라12aa91bb,0.0,0.0,0.0,0.0,0.0,0.0,0.0,0.0,0.0,3.1130760722045023,62.0
마라12aa92aa,0.0,0.0,0.0,0.0,0.0,0.0,0.0,0.0,0.0,3.1130760722045023,62.0
마라12aa92ab,0.059602649006622516,0.0,0.0,0.0,0.0,0.003381494005533354,0.0,0.0,-0.005906077120765185,2.3583534818042207,262.0
마라12aa92ba,0.1390728476821192,0.0,0.0,0.0,0.0,0.002459268367660621,0.0,0.22605973024999998,-0.032967939361576944,1.6574790526933392,1020.0
마라12aa92bb,0.0,0.0,0.0,0.0,0.0,0.0,0.0,0.0,0.0,3.1130760722045023,62.0
마라12aa93aa,0.0,0.0,0.0,0.0,0.0,0.0,0.0,0.0,0.0,3.1130760722045023,62.0
마라12aa93ab,0.0,0.0,0.0,0.0,0.0,0.0,0.0,0.0,0.0,3.1130760722045023,62.0
마라12aa93ba,0.0,0.0,0.0,0.0,0.0,0.0,0.0,0.0,0.0,3.1130760722045023,62.0
마라12aa93bb,0.0,0.0,0.0,0.0,0.0,0.0,0.0,0.0,0.0,3.1130760722045023,62.0
마라12aa94aa,0.0,0.0,0.0,0.0,0.0,0.0,0.0,0.0,0.0,3.1130760722045023,62.0
마라12aa94ab,0.0,0.0,0.0,0.0,0.0,0.0,0.0,0.0,0.0,3.1130760722045023,62.0
마라12aa94ba,0.006622516556291391,0.0,0.0,0.0,0.0,0.0,0.0,0.0,-0.0006068141261048015,2.2628047968481355,74.0
마라12aa94bb,0.0,0.0,0.0,0.0,0.0,0.0,0.0,0.0,0.0,3.1130760722045023,62.0
마라12aa95aa,0.0,0.0,0.0,0.0,0.0,0.0,0.0,0.0,0.0,3.1130760722045023,62.0
마라12aa95ab,0.0,0.0,0.0,0.0,0.0,0.0,0.0,0.0,0.0,3.1130760722045023,62.0
마라12aa95ba,0.0,0.0,0.0,0.0,0.0,0.0,0.0,0.0,0.0,3.1130760722045023,62.0
마라12aa95bb,0.0,0.0,0.0,0.0,0.0,0.0,0.0,0.0,0.0,3.1130760722045023,62.0
마라12aa96aa,0.0,0.0,0.0,0.0,0.0,0.0,0.0,0.0,0.0,3.1130760722045023,62.0
마라12aa96ab,0.0,0.0,0.0,0.0,0.0,0.0,0.0,0.0,0.0,3.1130760722045023,62.0
마라12aa96ba,0.0,0.0,0.0,0.0,0.0,0.0,0.0,0.0,0.0,3.1130760722045023,62.0
마라12aa96bb,0.0,0.0,0.0,0.0,0.0,0.0,0.0,0.0,0.0,3.1130760722045023,62.0
마라12aa97aa,0.0,0.0,0.0,0.0,0.0,0.0,0.0,0.0,0.0,3.1130760722045023,62.0
마라12aa97ab,0.0,0.0,0.0,0.0,0.0,0.0,0.0,0.0,0.0,3.1130760722045023,62.0
마라12aa97ba,0.0,0.0,0.0,0.0,0.0,0.0,0.0,0.0,0.0,3.1130760722045023,62.0
마라12aa97bb,0.0,0.0,0.0,0.0,0.0,0.0,0.0,0.0,0.0,3.1130760722045023,62.0
마라12aa98aa,0.0,0.0,0.0,0.0,0.0,0.0,0.0,0.0,0.0,3.1130760722045023,62.0
마라12aa98ab,0.0,0.0,0.0,0.0,0.0,0.0,0.0,0.0,0.0,3.1130760722045023,62.0
마라12aa98ba,0.0,0.0,0.0,0.0,0.0,0.0,0.0,0.0,0.0,3.1130760722045023,62.0
마라12aa98bb,0.019867549668874173,0.0,0.0,0.0,0.0,0.0,0.0,0.0,-0.0018204423783144046,2.235757445615273,118.0
마라12aa99aa,0.0,0.0,0.0,0.0,0.0,0.0,0.0,0.0,0.0,3.1130760722045023,62.0
마라12aa99ab,0.0,0.0,0.0,0.0,0.0,0.0,0.0,0.0,0.0,3.1130760722045023,62.0
마라12aa99ba,0.026490066225165563,0.0,0.0,0.0,0.0,0.0,0.0,0.0,-0.002427256504419206,2.235757445615273,144.0
마라12aa99bb,0.16556291390728478,0.0,0.0,0.0,0.0,0.006148170919151552,0.0,0.0,-0.01597898949047817,1.0913528825671681,590.0
마라12ab90ba,0.0,0.0,0.0,0.0,0.0,0.0,0.0,0.0,0.0,3.1130760722045023,62.0
마라12ab90bb,0.0,0.0,0.0,0.0,0.0,0.0,0.0,0.0,0.0,3.1130760722045023,62.0
마라12ab91aa,0.0,0.0,0.0,0.0,0.0,0.0,0.0,0.0,0.0,3.1130760722045023,62.0
마라12ab91ab,0.0,0.0,0.0,0.0,0.0,0.0,0.0,0.0,0.0,3.1130760722045023,62.0
마라12ab91ba,0.0,0.0,0.0,0.0,0.0,0.0,0.0,0.0,0.0,3.1130760722045023,62.0
마라12ab91bb,0.0,0.0,0.0,0.0,0.0,0.0,0.0,0.0,0.0,3.1130760722045023,62.0
마라12ab92aa,0.0,0.0,0.0,0.0,0.0,0.0,0.0,0.0,0.0,3.1130760722045023,62.0
마라12ab92ab,0.0,0.0,0.0,0.0,0.0,0.0,0.0,0.0,0.0,3.1130760722045023,62.0
마라12ab92ba,0.006622516556291391,0.0,0.0,0.0,0.0,0.0,0.0,0.0,-0.0006068141261048015,2.2628047968481355,74.0
마라12ab92bb,0.0,0.0,0.0,0.0,0.0,0.0,0.0,0.0,0.0,3.1130760722045023,62.0
마라12ab93aa,0.0,0.0,0.0,0.0,0.0,0.0,0.0,0.0,0.0,3.1130760722045023,62.0
마라12ab93ab,0.0,0.0,0.0,0.0,0.0,0.0,0.0,0.0,0.0,3.1130760722045023,62.0
마라12ab93ba,0.006622516556291391,0.0,0.0,0.0,0.0,0.0,0.0,0.0,-0.0006068141261048015,2.2628047968481355,74.0
마라12ab93bb,0.0,0.0,0.0,0.0,0.0,0.0,0.0,0.0,0.0,3.1130760722045023,62.0
마라12ab94aa,0.0,0.0,0.0,0.0,0.0,0.0,0.0,0.0,0.0,3.1130760722045023,62.0
마라12ab94ab,0.0,0.0,0.0,0.0,0.0,0.0,0.0,0.0,0.0,3.1130760722045023,62.0
마라12ab94ba,0.0,0.0,0.0,0.0,0.0,0.0,0.0,0.0,0.0,3.1130760722045023,62.0
마라12ab94bb,0.0,0.0,0.0,0.0,0.0,0.0,0.0,0.0,0.0,3.1130760722045023,62.0
마라12ab95aa,0.0,0.0,0.0,0.0,0.0,0.0,0.0,0.0,0.0,3.1130760722045023,62.0
마라12ab95ab,0.0,0.0,0.0,0.0,0.0,0.0,0.0,0.0,0.0,3.1130760722045023,62.0
마라12ab95ba,0.0,0.0,0.0,0.0,0.0,0.0,0.0,0.0,0.0,3.1130760722045023,62.0
마라12ab95bb,0.013245033112582781,0.0,0.0,0.0,0.0,0.0,0.0,0.0,-0.001213628252209603,2.2845975411154673,93.0
마라12ab96aa,0.0,0.0,0.0,0.0,0.0,0.0,0.0,0.0,0.0,3.1130760722045023,62.0
마라12ab96ab,0.026490066225165563,0.0,0.0,0.0,0.0,0.002459268367660621,0.0,0.0,-0.0027507110395624586,2.362780732793172,157.0
마라12ab96ba,0.0,0.0,0.0,0.0,0.0,0.0,0.0,0.0,0.0,3.1130760722045023,62.0
마라12ab96bb,0.0,0.0,0.0,0.0,0.0,0.0,0.0,0.0,0.0,3.1130760722045023,62.0
마라12ab97aa,0.0,0.0,0.0,0.0,0.0,0.0,0.0,0.0,0.0,3.1130760722045023,62.0
마라12ab97ab,0.0,0.0,0.0,0.0,0.0,0.0,0.0,0.0,0.0,3.1130760722045023,62.0
마라12ab97ba,0.0,0.0,0.0,0.0,0.0,0.0,0.0,0.0,0.0,3.1130760722045023,62.0
마라12ab97bb,0.0,0.0,0.0,0.0,0.0,0.0,0.0,0.0,0.0,3.1130760722045023,62.0
마라12ab98aa,0.0,0.0,0.0,0.0,0.0,0.0,0.0,0.0,0.0,3.1130760722045023,62.0
마라12ab98ab,0.013245033112582781,0.0,0.0,0.0,0.0,0.0,0.0,0.0,-0.001213628252209603,2.2845975411154673,93.0
마라12ab98ba,0.006622516556291391,0.0,0.0,0.0,0.0,0.0,0.0,0.0,-0.0006068141261048015,2.2628047968481355,74.0
마라12ab98bb,0.013245033112582781,0.0,0.0,0.0,0.0,0.0,0.0,0.0,-0.001213628252209603,2.2845975411154673,93.0
마라12ab99aa,0.0,0.0,0.0,0.0,0.0,0.0,0.0051813471502590676,0.0,0.0005178599846296541,3.1130760722045023,58.0
마라12ab99ab,0.0,0.0,0.0,0.0,0.0,0.0,0.0,0.0,0.0,3.1130760722045023,62.0
마라12ab99ba,0.006622516556291391,0.0,0.0,0.0,0.0,0.0,0.0,0.0,-0.0006068141261048015,2.2628047968481355,74.0
마라12ab99bb,0.0,0.0,0.0,0.0,0.0,0.0,0.0,0.0,0.0,3.1130760722045023,62.0
마라12ba90ba,0.0,0.0,0.0,0.0,0.0,0.0,0.0,0.0,0.0,3.1130760722045023,62.0
마라12ba90bb,0.0,0.0,0.0,0.0,0.0,0.0,0.0,0.0,0.0,3.1130760722045023,62.0
마라12ba91aa,0.0,0.0,0.0,0.0,0.0,0.0,0.0,0.0,0.0,3.1130760722045023,62.0
마라12ba91ab,0.0,0.0,0.0,0.0,0.0,0.0,0.0,0.0,0.0,3.1130760722045023,62.0
마라12ba91ba,0.0,0.0,0.0,0.0,0.0,0.0,0.0,0.0,0.0,3.1130760722045023,62.0
마라12ba91bb,0.0,0.0,0.0,0.0,0.0,0.0,0.0,0.0,0.0,3.1130760722045023,62.0
마라12ba92aa,0.0,0.0,0.0,0.0,0.0,0.0,0.0,0.0,0.0,3.1130760722045023,62.0
마라12ba92ab,0.0,0.0,0.0,0.0,0.0,0.0,0.0,0.0,0.0,3.1130760722045023,62.0
마라12ba92ba,0.0,0.0,0.0,0.0,0.0,0.0,0.0,0.0,0.0,3.1130760722045023,62.0
마라12ba92bb,0.0,0.0,0.0,0.0,0.0,0.0,0.0,0.0,0.0,3.1130760722045023,62.0
마라12ba93aa,0.0,0.0,0.0,0.0,0.0,0.0,0.0,0.0,0.0,3.1130760722045023,62.0
마라12ba93ab,0.0,0.0,0.0,0.0,0.0,0.0,0.0,0.0,0.0,3.1130760722045023,62.0
마라12ba93ba,0.0,0.0,0.0,0.0,0.0,0.0,0.0,0.0,0.0,3.1130760722045023,62.0
마라12ba93bb,0.0,0.0,0.0,0.0,0.0,0.0,0.0,0.0,0.0,3.1130760722045023,62.0
마라12ba94aa,0.0,0.0,0.0,0.0,0.0,0.0,0.0,0.0,0.0,3.1130760722045023,62.0
마라12ba94ab,0.0,0.0,0.0,0.0,0.0,0.0,0.0,0.0,0.0,3.1130760722045023,62.0
마라12ba94ba,0.0,0.0,0.0,0.0,0.0,0.0,0.0,0.0,0.0,3.1130760722045023,62.0
마라12ba94bb,0.0,0.0,0.0,0.0,0.0,0.0,0.0,0.0,0.0,3.1130760722045023,62.0
마라12ba95aa,0.0,0.0,0.0,0.0,0.0,0.0,0.0,0.0,0.0,3.1130760722045023,62.0
마라12ba95ab,0.006622516556291391,0.0,0.0,0.0,0.0,0.003381494005533354,0.0,0.0,-0.001051564111926774,2.4464576833867553,86.0
마라12ba95ba,0.0,0.0,0.0,0.0,0.0,0.0,0.0,0.0,0.0,3.1130760722045023,62.0
마라12ba95bb,0.0,0.0,0.0,0.0,0.0,0.0,0.0,0.0,0.0,3.1130760722045023,62.0
마라12ba96aa,0.0,0.0,0.0,0.0,0.0,0.0,0.0,0.0,0.0,3.1130760722045023,62.0
마라12ba96ab,0.059602649006622516,0.0,0.0,0.0,0.0,0.011066707654472794,0.0051813471502590676,0.0,-0.006399012558458195,2.630750068218289,275.0
마라12ba96ba,0.033112582781456956,0.0,0.0,0.0,0.0,0.006762988011066708,0.0,0.0,-0.003923570602167952,2.6530529242474454,199.0
마라12ba96bb,0.013245033112582781,0.0,0.0,0.0,0.0,0.0,0.0,0.0,-0.001213628252209603,2.2845975411154673,93.0
마라12ba97aa,0.0,0.0,0.0,0.0,0.0,0.0,0.0,0.0,0.0,3.1130760722045023,62.0
마라12ba97ab,0.0,0.0,0.0,0.0,0.0,0.0,0.0,0.0,0.0,3.1130760722045023,62.0
마라12ba97ba,0.0,0.0,0.0,0.0,0.0,0.0,0.0,0.0,0.0,3.1130760722045023,62.0
마라12ba97bb,0.0,0.0,0.0,0.0,0.0,0.0,0.0,0.0,0.0,3.1130760722045023,62.0
마라12ba98aa,0.0,0.0,0.0,0.0,0.0,0.0,0.0,0.0,0.0,3.1130760722045023,62.0
마라12ba98ab,0.006622516556291391,0.0,0.0,0.0,0.0,0.0,0.0,0.13122591525,-0.012159415182232697,2.2060461515044403,457.0
마라12ba98ba,0.06622516556291391,0.0,0.0,0.0,0.0,0.0,0.0,0.0,-0.006068141261048016,2.23893334135549,266.0
마라12ba98bb,0.0,0.0,0.0,0.0,0.0,0.0,0.0,0.0,0.0,3.1130760722045023,62.0
마라12ba99aa,0.0,0.0,0.0,0.0,0.0,0.0,0.0,0.0,0.0,3.1130760722045023,62.0
마라12ba99ab,0.0,0.0,0.0,0.0,0.0,0.0,0.0,0.0,0.0,3.1130760722045023,62.0
마라12ba99ba,0.0,0.0,0.0,0.0,0.0,0.0,0.0,0.0,0.0,3.1130760722045023,62.0
마라12ba99bb,0.0,0.0,0.0,0.0,0.0,0.0,0.0,0.0,0.0,3.1130760722045023,62.0
마라12bb86ba,0.0,0.0,0.0,0.0,0.0,0.0,0.0,0.0,0.0,3.1130760722045023,62.0
마라12bb86bb,0.0,0.0,0.0,0.0,0.0,0.0,0.0,0.0,0.0,3.1130760722045023,62.0
마라12bb90ba,0.0,0.0,0.0,0.0,0.0,0.0,0.0,0.0,0.0,3.1130760722045023,62.0
마라12bb90bb,0.0,0.0,0.0,0.0,0.0,0.0,0.0,0.0,0.0,3.1130760722045023,62.0
마라12bb91aa,0.0,0.0,0.0,0.0,0.0,0.0,0.0,0.0,0.0,3.1130760722045023,62.0
마라12bb91ab,0.0,0.0,0.0,0.0,0.0,0.0,0.0,0.0,0.0,3.1130760722045023,62.0
마라12bb91ba,0.0,0.0,0.0,0.0,0.0,0.0,0.0,0.0,0.0,3.1130760722045023,62.0
마라12bb91bb,0.0,0.0,0.0,0.0,0.0,0.0,0.0,0.0,0.0,3.1130760722045023,62.0
마라12bb92aa,0.0,0.0,0.0,0.0,0.0,0.0,0.0,0.0,0.0,3.1130760722045023,62.0
마라12bb92ab,0.0,0.0,0.0,0.0,0.0,0.0,0.0,0.0,0.0,3.1130760722045023,62.0
마라12bb92ba,0.0,0.0,0.0,0.0,0.0,0.0,0.0025906735751295338,0.0,0.00025892999231482707,3.1130760722045023,60.0
마라12bb92bb,0.013245033112582781,0.0,0.0,0.0,0.0,0.0,0.0,0.0,-0.001213628252209603,2.2845975411154673,93.0
마라12bb93aa,0.006622516556291391,0.0,0.0,0.0,0.0,0.0,0.0,0.0,-0.0006068141261048015,2.2628047968481355,74.0
마라12bb93ab,0.0,0.0,0.0,0.0,0.0,0.0018444512757454655,0.0,0.0,-0.00024259090135743942,3.0906401747686045,66.0
마라12bb93ba,0.0,0.0,0.0,0.0,0.0,0.0,0.0,0.0,0.0,3.1130760722045023,62.0
마라12bb93bb,0.0,0.0,0.0,0.0,0.0,0.0,0.0,0.0,0.0,3.1130760722045023,62.0
마라12bb94aa,0.0,0.0,0.0,0.0,0.0,0.0,0.0,0.0,0.0,3.1130760722045023,62.0
마라12bb94ab,0.026490066225165563,0.0,0.0,0.0,0.0,0.0,0.0,0.0,-0.002427256504419206,2.235757445615273,144.0
마라12bb94ba,0.0,0.0,0.0,0.0,0.0,0.0,0.0,0.0,0.0,3.1130760722045023,62.0
마라12bb94bb,0.0,0.0,0.0,0.0,0.0,0.0,0.023316062176165803,0.0,0.0023303699308334434,3.3884844660798334,47.0
마라12bb95aa,0.013245033112582781,0.0,0.0,0.0,0.0,0.0,0.0,0.0,-0.001213628252209603,2.2845975411154673,93.0
마라12bb95ab,0.013245033112582781,0.0,0.0,0.0,0.0,0.0,0.0,0.0,-0.001213628252209603,2.2845975411154673,93.0
마라12bb95ba,0.013245033112582781,0.0,0.0,0.0,0.0,0.0,0.0,0.0,-0.001213628252209603,2.2845975411154673,93.0
마라12bb95bb,0.006622516556291391,0.0,0.0,0.0,0.0,0.0,0.0,0.0,-0.0006068141261048015,2.2628047968481355,74.0
마라12bb96aa,0.026490066225165563,0.0,0.0,0.0,0.0,0.0,0.0,0.0,-0.002427256504419206,2.235757445615273,144.0
마라12bb96ab,0.08609271523178808,0.0,0.0,0.0,0.0,0.012603750384260681,0.0,0.0,-0.009546288131971588,7.114265336664496,374.0
마라12bb96ba,0.019867549668874173,0.0,0.0,0.0,0.0,0.0,0.0,0.0,-0.0018204423783144046,2.235757445615273,118.0
마라12bb96bb,0.13245033112582782,0.0,0.0,0.0,0.0,0.0018444512757454655,0.0,0.0,-0.01237887342345347,1.1335831522974378,462.0
마라12bb97aa,0.11920529801324503,0.0,0.0,0.0,0.0,0.0,0.0,0.0,-0.010922654269886426,1.1786747273890128,417.0
마라12bb97ab,0.006622516556291391,0.0,0.0,0.0,0.0,0.0,0.0,0.0,-0.0006068141261048015,2.2628047968481355,74.0
마라12bb97ba,0.0,0.0,0.0,0.0,0.0,0.0,0.0,0.0,0.0,3.1130760722045023,62.0
마라12bb97bb,0.0,0.0,0.0,0.0,0.0,0.0,0.0,0.0,0.0,3.1130760722045023,62.0
마라12bb98aa,0.0,0.0,0.0,0.0,0.0,0.0,0.0,0.0,0.0,3.1130760722045023,62.0
마라12bb98ab,0.0,0.0,0.0,0.0,0.0,0.0,0.0,0.0,0.0,3.1130760722045023,62.0
마라12bb98ba,0.039735099337748346,0.0,0.0,0.0,0.0,0.0,0.0,0.0,-0.003640884756628809,2.55175305519838,192.0
마라12bb98bb,0.0,0.0,0.0,0.0,0.0,0.0,0.0,0.0,0.0,3.1130760722045023,62.0
마라12bb99aa,0.0,0.0,0.0,0.0,0.0,0.0,0.0,0.0,0.0,3.1130760722045023,62.0
마라12bb99ab,0.0,0.0,0.0,0.0,0.0,0.0,0.0,0.0,0.0,3.1130760722045023,62.0
마라12bb99ba,0.0,0.0,0.0,0.0,0.0,0.004918536735321242,0.0,0.0,-0.0006469090702865052,3.254480507572564,75.0
마라12bb99bb,0.0,0.0,0.0,0.0,0.0,0.0,0.0,0.0,0.0,3.1130760722045023,62.0
마라13aa86ab,0.0,0.0,0.0,0.0,0.0,0.0,0.0,0.0,0.0,3.1130760722045023,62.0
마라13aa86ba,0.0,0.0,0.0,0.0,0.0,0.0,0.0,0.0,0.0,3.1130760722045023,62.0
마라13aa86bb,0.0,0.0,0.0,0.0,0.0,0.0,0.0,0.0,0.0,3.1130760722045023,62.0
마라13aa87aa,0.0,0.0,0.0,0.0,0.0,0.0,0.0,0.0,0.0,3.1130760722045023,62.0
마라13aa87ab,0.0,0.0,0.0,0.0,0.0,0.0,0.0,0.0,0.0,3.1130760722045023,62.0
마라13aa87ba,0.0,0.0,0.0,0.0,0.0,0.0,0.0,0.0,0.0,3.1130760722045023,62.0
마라13aa87bb,0.0,0.0,0.0,0.0,0.0,0.0,0.0,0.0,0.0,3.1130760722045023,62.0
마라13aa88aa,0.0,0.0,0.0,0.0,0.0,0.0,0.0,0.0,0.0,3.1130760722045023,62.0
마라13aa88ab,0.0,0.0,0.0,0.0,0.0,0.0,0.0,0.0,0.0,3.1130760722045023,62.0
마라13aa90ba,0.0,0.0,0.0,0.0,0.0,0.0,0.0,0.0,0.0,3.1130760722045023,62.0
마라13aa90bb,0.0,0.0,0.0,0.0,0.0,0.0,0.0,0.0,0.0,3.1130760722045023,62.0
마라13aa91aa,0.0,0.0,0.0,0.0,0.0,0.0,0.0,0.0,0.0,3.1130760722045023,62.0
마라13aa91ab,0.0,0.0,0.0,0.0,0.0,0.0,0.0,0.0,0.0,3.1130760722045023,62.0
마라13aa91ba,0.0,0.0,0.0,0.0,0.0,0.0,0.0,0.0,0.0,3.1130760722045023,62.0
마라13aa91bb,0.0,0.0,0.0,0.0,0.0,0.0,0.0,0.0,0.0,3.1130760722045023,62.0
마라13aa92aa,0.0,0.0,0.0,0.0,0.0,0.0,0.0,0.0,0.0,3.1130760722045023,62.0
마라13aa92ab,0.0,0.0,0.0,0.0,0.0,0.0,0.0,0.0,0.0,3.1130760722045023,62.0
마라13aa92ba,0.0,0.0,0.0,0.0,0.0,0.0,0.0,0.0,0.0,3.1130760722045023,62.0
마라13aa92bb,0.0,0.0,0.0,0.0,0.0,0.0,0.0,0.0,0.0,3.1130760722045023,62.0
마라13aa93aa,0.0,0.0,0.0,0.0,0.0,0.0,0.0,0.0,0.0,3.1130760722045023,62.0
마라13aa93ab,0.013245033112582781,0.0,0.0,0.0,0.0,0.0,0.0,0.0,-0.001213628252209603,2.2845975411154673,93.0
마라13aa93ba,0.006622516556291391,0.0,0.0,0.0,0.0,0.0,0.0,0.0,-0.0006068141261048015,2.2628047968481355,74.0
마라13aa93bb,0.0,0.0,0.0,0.0,0.0,0.0,0.0,0.0,0.0,3.1130760722045023,62.0
마라13aa94aa,0.006622516556291391,0.0,0.0,0.0,0.0,0.0,0.0,0.0,-0.0006068141261048015,2.2628047968481355,74.0
마라13aa94ab,0.152317880794702,0.0,0.0,0.0,0.0,0.005225945281278819,0.0,0.0,-0.014644065787589845,1.0698785235928092,545.0
마라13aa94ba,0.0,0.0,0.0,0.0,0.0,0.0,0.0,0.0,0.0,3.1130760722045023,62.0
마라13aa94bb,0.0,0.0,0.0,0.0,0.0,0.0,0.0,0.0,0.0,3.1130760722045023,62.0
마라13aa95aa,0.07947019867549669,0.0,0.0,0.0,0.0,0.006148170919151552,0.0,0.0,-0.00809040585111575,7.114265336664496,325.0
마라13aa95ab,0.046357615894039736,0.0,0.0,0.0,0.0,0.004303719643406086,0.0,0.0,-0.004813744319234302,2.381185430964048,220.0
마라13aa95ba,0.08609271523178808,0.0,0.0,0.0,0.0,0.0,0.0,0.0,-0.007888583639362418,7.535394101977326,320.0
마라13aa95bb,0.019867549668874173,0.0,0.0,0.0,0.0,0.0,0.0,0.13256262041666667,-0.013490721573632609,2.126716526989305,505.0
마라13aa96aa,0.06622516556291391,0.0,0.0,0.0,0.0,0.0,0.0,0.0,-0.006068141261048016,2.23893334135549,266.0
마라13aa96ab,0.013245033112582781,0.0,0.0,0.0,0.0,0.0021518598217030436,0.0,0.0,-0.0014966509704599491,2.3438540190055486,104.0
마라13aa96ba,0.09933774834437085,0.0,0.0,0.0,0.0,0.0,0.0,0.0,-0.009102211891572022,8.159066350363856,359.0
마라13aa96bb,0.0728476821192053,0.0,0.0,0.0,0.0,0.005225945281278819,0.0,0.0,-0.007362296274332228,2.5220658173460824,303.0
마라13aa97aa,0.0,0.0,0.0,0.0,0.0,0.0,0.0,0.0,0.0,3.1130760722045023,62.0
마라13aa97ab,0.0,0.0,0.0,0.0,0.0,0.0,0.015544041450777202,0.0,0.0015535799538889624,3.3884844660798334,50.0
마라13aa97ba,0.07947019867549669,0.0,0.0,0.0,0.0,0.0,0.0,0.0,-0.007281769513257618,7.535394101977326,301.0
마라13aa97bb,0.013245033112582781,0.0,0.0,0.0,0.0,0.0,0.0,0.0,-0.001213628252209603,2.2845975411154673,93.0
마라13aa98aa,0.0,0.0,0.0,0.0,0.0,0.0,0.0,0.23333333333333334,-0.02054172689869282,3.276006722177174,745.0
마라13aa98ab,0.0,0.0,0.0,0.0,0.0,0.0,0.0,0.0,0.0,3.1130760722045023,62.0
마라13aa98ba,0.0,0.0,0.0,0.0,0.0,0.0,0.0,0.0,0.0,3.1130760722045023,62.0
마라13aa98bb,0.0,0.0,0.0,0.0,0.0,0.0,0.0,0.0,0.0,3.1130760722045023,62.0
마라13aa99aa,0.0,0.0,0.0,0.0,0.0,0.0,0.0,0.0,0.0,3.1130760722045023,62.0
마라13aa99ab,0.0,0.0,0.0,0.0,0.0,0.0,0.0,0.0,0.0,3.1130760722045023,62.0
마라13aa99ba,0.0,0.0,0.0,0.0,0.0,0.0,0.0,0.0,0.0,3.1130760722045023,62.0
마라13aa99bb,0.0,0.0,0.0,0.0,0.0,0.0,0.0,0.0,0.0,3.1130760722045023,62.0
마라13ab86ab,0.0,0.0,0.0,0.0,0.0,0.0,0.0,0.0,0.0,3.1130760722045023,62.0
마라13ab86ba,0.0,0.0,0.0,0.0,0.0,0.0,0.0,0.0,0.0,3.1130760722045023,62.0
마라13ab86bb,0.0,0.0,0.0,0.0,0.0,0.0,0.0,0.0,0.0,3.1130760722045023,62.0
마라13ab87aa,0.0,0.0,0.0,0.0,0.0,0.0,0.0,0.0,0.0,3.1130760722045023,62.0
마라13ab87ab,0.0,0.0,0.0,0.0,0.0,0.0,0.0,0.0,0.0,3.1130760722045023,62.0
마라13ab87ba,0.0,0.0,0.0,0.0,0.0,0.0,0.0,0.0,0.0,3.1130760722045023,62.0
마라13ab87bb,0.0,0.0,0.0,0.0,0.0,0.0,0.0,0.0,0.0,3.1130760722045023,62.0
마라13ab88aa,0.0,0.0,0.0,0.0,0.0,0.0,0.0,0.0,0.0,3.1130760722045023,62.0
마라13ab88ab,0.0,0.0,0.0,0.0,0.0,0.0,0.0,0.0,0.0,3.1130760722045023,62.0
마라13ab88ba,0.0,0.0,0.0,0.0,0.0,0.0,0.0,0.0,0.0,3.1130760722045023,62.0
마라13ab88bb,0.0,0.0,0.0,0.0,0.0,0.0,0.0,0.0,0.0,3.1130760722045023,62.0
마라13ab89aa,0.0,0.0,0.0,0.0,0.0,0.0,0.0,0.0,0.0,3.1130760722045023,62.0
마라13ab90ab,0.0,0.0,0.0,0.0,0.0,0.0,0.0,0.0,0.0,3.1130760722045023,62.0
마라13ab90ba,0.0,0.0,0.0,0.0,0.0,0.0,0.0,0.0,0.0,3.1130760722045023,62.0
마라13ab90bb,0.0,0.0,0.0,0.0,0.0,0.0,0.0,0.0,0.0,3.1130760722045023,62.0
마라13ab91aa,0.0,0.0,0.0,0.0,0.0,0.0,0.0,0.0,0.0,3.1130760722045023,62.0
마라13ab91ab,0.0,0.0,0.0,0.0,0.0,0.0,0.0,0.0,0.0,3.1130760722045023,62.0
마라13ab91ba,0.0,0.0,0.0,0.0,0.0,0.0,0.0,0.0,0.0,3.1130760722045023,62.0
마라13ab91bb,0.0,0.0,0.0,0.0,0.0,0.0,0.0,0.0,0.0,3.1130760722045023,62.0
마라13ab92aa,0.0,0.0,0.0,0.0,0.0,0.0,0.0,0.0,0.0,3.1130760722045023,62.0
마라13ab92ab,0.0,0.0,0.0,0.0,0.0,0.0,0.0,0.0,0.0,3.1130760722045023,62.0
마라13ab92ba,0.0,0.0,0.0,0.0,0.0,0.0,0.0,0.0,0.0,3.1130760722045023,62.0
마라13ab92bb,0.013245033112582781,0.0,0.0,0.0,0.0,0.0,0.0,0.0,-0.001213628252209603,2.2845975411154673,93.0
마라13ab93aa,0.019867549668874173,0.0,0.0,0.0,0.0,0.0,0.0,0.0,-0.0018204423783144046,2.235757445615273,118.0
마라13ab93ab,0.0,0.0,0.0,0.0,0.0,0.0,0.0,0.0,0.0,3.1130760722045023,62.0
마라13ab93ba,0.0,0.0,0.0,0.0,0.0,0.0,0.0,0.0,0.0,3.1130760722045023,62.0
마라13ab93bb,0.0,0.0,0.0,0.0,0.0,0.0,0.0,0.0,0.0,3.1130760722045023,62.0
마라13ab94aa,0.1456953642384106,0.0,0.0,0.0,0.0,0.0,0.0,0.0,-0.013349910774305633,1.1812259856545568,502.0
마라13ab94ab,0.16556291390728478,0.0,0.0,0.0,0.0,0.005533353827236397,0.0,0.0,-0.01589812585669236,1.0913528825671681,589.0
마라13ab94ba,0.0,0.0,0.0,0.0,0.0,0.0,0.0,0.0,0.0,3.1130760722045023,62.0
마라13ab94bb,0.0,0.0,0.0,0.0,0.0,0.0,0.0,0.0,0.0,3.1130760722045023,62.0
마라13ab95aa,0.006622516556291391,0.0,0.0,0.0,0.0,0.002459268367660621,0.0,0.0,-0.0009302686612480541,2.399348841046791,82.0
마라13ab95ab,0.046357615894039736,0.0,0.0,0.0,0.0,0.005225945281278819,0.0,0.0,-0.004935039769913022,2.2697458423475365,225.0
마라13ab95ba,0.17880794701986755,0.0,0.0,0.0,0.0,0.024900092222563786,0.0,0.0,-0.019658958573155073,0.9258180840323698,719.0
마라13ab95bb,0.1390728476821192,0.0,0.0,0.0,0.0,0.0027666769136181985,0.0,0.0,-0.01310698300023699,1.1308047402333115,495.0
마라13ab96aa,0.17880794701986755,0.0,0.0,0.0,0.0,0.005840762373193974,0.0,0.0,-0.017152185925794865,1.0913528825671681,632.0
마라13ab96ab,0.1456953642384106,0.0,0.0,0.0,0.0,0.003381494005533354,0.0,0.0,-0.013794660760127605,1.1308047402333115,516.0
마라13ab96ba,0.09271523178807947,0.0,0.0,0.0,0.0,0.0046111281893636644,0.0,0.0,-0.00910187501886082,7.597450311640676,358.0
마라13ab96bb,0.11258278145695365,0.12,0.0,0.0,0.0,0.06547802028896403,0.0,0.0,-0.02987223842914185,3.7369034774749066,965.0
마라13ab97aa,0.0,0.0,0.0,0.0,0.0,0.0,0.0,0.0,0.0,3.1130760722045023,62.0
마라13ab97ab,0.15894039735099338,0.0,0.0,0.0,0.0,0.0,0.0,0.0,-0.014563539026515237,1.202700344628916,541.0
마라13ab97ba,0.17880794701986755,0.0,0.0,0.0,0.0,0.002459268367660621,0.0,0.0,-0.016707435939972894,1.1522790992076704,617.0
마라13ab97bb,0.08609271523178808,0.0,0.0,0.0,0.0,0.0,0.0,0.0,-0.007888583639362418,7.535394101977326,320.0
마라13ab98aa,0.059602649006622516,0.0,0.0,0.0,0.0,0.0,0.0,0.0,-0.005461327134943213,2.228727806149955,242.0
마라13ab98ab,0.0,0.0,0.0,0.0,0.0,0.0,0.0,0.0,0.0,3.1130760722045023,62.0
마라13ab98ba,0.0,0.0,0.0,0.0,0.0,0.0,0.0,0.0,0.0,3.1130760722045023,62.0
마라13ab98bb,0.0,0.0,0.0,0.0,0.0,0.0,0.0,0.0,0.0,3.1130760722045023,62.0
마라13ab99aa,0.0,0.0,0.0,0.0,0.0,0.0,0.0,0.0,0.0,3.1130760722045023,62.0
마라13ab99ab,0.0,0.0,0.0,0.0,0.0,0.0,0.0,0.0,0.0,3.1130760722045023,62.0
마라13ab99ba,0.0,0.0,0.0,0.0,0.0,0.0,0.0,0.0,0.0,3.1130760722045023,62.0
마라13ab99bb,0.026490066225165563,0.0,0.0,0.0,0.0,0.004303719643406086,0.0,0.0,-0.002993301940919898,2.5547642067834477,169.0
마라13ba86ab,0.0,0.0,0.0,0.0,0.0,0.0,0.0,0.0,0.0,3.1130760722045023,62.0
마라13ba86ba,0.0,0.0,0.0,0.0,0.0,0.0,0.0,0.0,0.0,3.1130760722045023,62.0
마라13ba86bb,0.0,0.0,0.0,0.0,0.0,0.0,0.0,0.0,0.0,3.1130760722045023,62.0
마라13ba87aa,0.0,0.0,0.0,0.0,0.0,0.0,0.0,0.0,0.0,3.1130760722045023,62.0
마라13ba87ab,0.0,0.0,0.0,0.0,0.0,0.0,0.0,0.0,0.0,3.1130760722045023,62.0
마라13ba87ba,0.0,0.0,0.0,0.0,0.0,0.0,0.0,0.0,0.0,3.1130760722045023,62.0
마라13ba87bb,0.0,0.0,0.0,0.0,0.0,0.0,0.0,0.0,0.0,3.1130760722045023,62.0
마라13ba88aa,0.0,0.0,0.0,0.0,0.0,0.0,0.0,0.0,0.0,3.1130760722045023,62.0
마라13ba88ab,0.0,0.0,0.0,0.0,0.0,0.0,0.0,0.0,0.0,3.1130760722045023,62.0
마라13ba88ba,0.0,0.0,0.0,0.0,0.0,0.0,0.0,0.0,0.0,3.1130760722045023,62.0
마라13ba88bb,0.0,0.0,0.0,0.0,0.0,0.0,0.0,0.0,0.0,3.1130760722045023,62.0
마라13ba89aa,0.0,0.0,0.0,0.0,0.0,0.0,0.0,0.0,0.0,3.1130760722045023,62.0
마라13ba89ab,0.0,0.0,0.0,0.0,0.0,0.0,0.0,0.0,0.0,3.1130760722045023,62.0
마라13ba90ab,0.0,0.0,0.0,0.0,0.0,0.0,0.0,0.0,0.0,3.1130760722045023,62.0
마라13ba90ba,0.0,0.0,0.0,0.0,0.0,0.0,0.0,0.0,0.0,3.1130760722045023,62.0
마라13ba90bb,0.0,0.0,0.0,0.0,0.0,0.0,0.0,0.0,0.0,3.1130760722045023,62.0
마라13ba91aa,0.0,0.0,0.0,0.0,0.0,0.0,0.0,0.0,0.0,3.1130760722045023,62.0
마라13ba91ab,0.0,0.0,0.0,0.0,0.0,0.0,0.0,0.0,0.0,3.1130760722045023,62.0
마라13ba91ba,0.0,0.0,0.0,0.0,0.0,0.0,0.0,0.0,0.0,3.1130760722045023,62.0
마라13ba91bb,0.0,0.0,0.0,0.0,0.0,0.0,0.0,0.0,0.0,3.1130760722045023,62.0
마라13ba92aa,0.0,0.0,0.0,0.0,0.0,0.0,0.0,0.0,0.0,3.1130760722045023,62.0
마라13ba92ab,0.0,0.0,0.0,0.0,0.0,0.0,0.0,0.0,0.0,3.1130760722045023,62.0
마라13ba92ba,0.0,0.0,0.0,0.0,0.0,0.0,0.0,0.0,0.0,3.1130760722045023,62.0
마라13ba92bb,0.0,0.0,0.0,0.0,0.0,0.0,0.0,0.0,0.0,3.1130760722045023,62.0
마라13ba93aa,0.019867549668874173,0.0,0.0,0.0,0.0,0.0,0.0,0.0,-0.0018204423783144046,2.235757445615273,118.0
마라13ba93ab,0.0,0.0,0.0,0.0,0.0,0.0,0.0,0.0,0.0,3.1130760722045023,62.0
마라13ba93ba,0.0,0.0,0.0,0.0,0.0,0.0,0.0,0.0,0.0,3.1130760722045023,62.0
마라13ba93bb,0.0,0.0,0.0,0.0,0.0,0.0,0.0,0.0,0.0,3.1130760722045023,62.0
마라13ba94aa,0.1390728476821192,0.0,0.0,0.0,0.0,0.0018444512757454655,0.0,0.0,-0.01298568754955827,1.1308047402333115,489.0
마라13ba94ab,0.15894039735099338,0.0,0.0,0.0,0.0,0.0,0.0,0.3141859345,-0.04222320329184205,1.6732757559900426,1127.0
마라13ba94ba,0.046357615894039736,0.04,0.0,0.0,0.0,0.0,0.0,0.17231454716666667,-0.02306571803423175,4.321798403613658,811.0
마라13ba94bb,0.0,0.0,0.0,0.0,0.0,0.0,0.0,0.0,0.0,3.1130760722045023,62.0
마라13ba95aa,0.0,0.0,0.0,0.0,0.0,0.0,0.0,0.0,0.0,3.1130760722045023,62.0
마라13ba95ab,0.1986754966887417,0.04,0.0,0.125,0.0,0.03197048877958807,0.0,0.0,-0.014540453460076857,4.242784260712836,538.0
마라13ba95ba,0.5496688741721855,0.16,0.0,0.25,0.04835164835164835,0.08545957577620657,0.19689119170984457,0.2695989884166667,-0.0629715015239135,4.765736263736269,1271.0
마라13ba95bb,0.033112582781456956,0.0,0.0,0.0,0.0,0.0,0.0,0.0,-0.003034070630524008,2.4791925079025385,171.0
마라13ba96aa,0.013245033112582781,0.0,0.0,0.0,0.0,0.0,0.0,0.0,-0.001213628252209603,2.2845975411154673,93.0
마라13ba96ab,0.006622516556291391,0.08,0.0,0.0,0.0,0.0,0.0,0.0,-0.007903094984218883,4.440579434950337,322.0
마라13ba96ba,0.033112582781456956,0.0,0.0,0.0,0.0,0.0,0.0,0.0,-0.003034070630524008,2.4791925079025385,171.0
마라13ba96bb,0.2251655629139073,0.0,0.0,0.0,0.0,0.018444512757454658,0.0,0.0,-0.023057589301137646,1.0166092928235781,809.0
마라13ba97aa,0.09933774834437085,0.0,0.0,0.0,0.0,0.0,0.0,0.0,-0.009102211891572022,8.159066350363856,359.0
마라13ba97ab,0.17218543046357615,0.0,0.0,0.0,0.0,0.0,0.0,0.19271435450000002,-0.032742962876997156,0.8728116010973159,1014.0
마라13ba97ba,0.17880794701986755,0.0,0.0,0.0,0.0,0.0021518598217030436,0.0,0.15,-0.02987239998652537,0.6222983445126307,966.0
마라13ba97bb,0.47019867549668876,0.0,0.0,0.0,0.0,0.004918536735321242,0.0,0.0,-0.043730712023727414,1.1435938558795704,1140.0
마라13ba98aa,0.1390728476821192,0.0,0.0,0.0,0.0,0.007992622194897018,0.0,0.0,-0.013794323887416401,1.0698785235928092,515.0
마라13ba98ab,0.006622516556291391,0.0,0.0,0.0,0.0,0.0,0.0,0.0,-0.0006068141261048015,2.2628047968481355,74.0
마라13ba98ba,0.0,0.0,0.0,0.0,0.0,0.0,0.0,0.0,0.0,3.1130760722045023,62.0
마라13ba98bb,0.0,0.0,0.0,0.0,0.0,0.0,0.0,0.0,0.0,3.1130760722045023,62.0
마라13ba99aa,0.0,0.0,0.0,0.0,0.0,0.0,0.0,0.0,0.0,3.1130760722045023,62.0
마라13ba99ab,0.0,0.0,0.0,0.0,0.0,0.0,0.0,0.0,0.0,3.1130760722045023,62.0
마라13ba99ba,0.0,0.0,0.0,0.0,0.0,0.0,0.0,0.0,0.0,3.1130760722045023,62.0
마라13ba99bb,0.0,0.0,0.0,0.0,0.0,0.0064555794651091295,0.0,0.0,-0.0008490681547510381,3.207509079001135,79.0
마라13bb86ab,0.0,0.0,0.0,0.0,0.0,0.0,0.0,0.0,0.0,3.1130760722045023,62.0
마라13bb86ba,0.0,0.0,0.0,0.0,0.0,0.0,0.0,0.0,0.0,3.1130760722045023,62.0
마라13bb86bb,0.0,0.0,0.0,0.0,0.0,0.0,0.0,0.0,0.0,3.1130760722045023,62.0
마라13bb87aa,0.0,0.0,0.0,0.0,0.0,0.0,0.0,0.0,0.0,3.1130760722045023,62.0
마라13bb87ab,0.0,0.0,0.0,0.0,0.0,0.0,0.0,0.0,0.0,3.1130760722045023,62.0
마라13bb87ba,0.0,0.0,0.0,0.0,0.0,0.0,0.0,0.0,0.0,3.1130760722045023,62.0
마라13bb87bb,0.0,0.0,0.0,0.0,0.0,0.0,0.0,0.0,0.0,3.1130760722045023,62.0
마라13bb88aa,0.0,0.0,0.0,0.0,0.0,0.0,0.0,0.0,0.0,3.1130760722045023,62.0
마라13bb88ab,0.0,0.0,0.0,0.0,0.0,0.0,0.0,0.0,0.0,3.1130760722045023,62.0
마라13bb88ba,0.0,0.0,0.0,0.0,0.0,0.0,0.0,0.0,0.0,3.1130760722045023,62.0
마라13bb88bb,0.0,0.0,0.0,0.0,0.0,0.0,0.0,0.0,0.0,3.1130760722045023,62.0
마라13bb89aa,0.0,0.0,0.0,0.0,0.0,0.0,0.0,0.0,0.0,3.1130760722045023,62.0
마라13bb89ab,0.0,0.0,0.0,0.0,0.0,0.0,0.0,0.0,0.0,3.1130760722045023,62.0
마라13bb89ba,0.0,0.0,0.0,0.0,0.0,0.0,0.0,0.0,0.0,3.1130760722045023,62.0
마라13bb89bb,0.0,0.0,0.0,0.0,0.0,0.0,0.0,0.0,0.0,3.1130760722045023,62.0
마라13bb90aa,0.0,0.0,0.0,0.0,0.0,0.0,0.0,0.0,0.0,3.1130760722045023,62.0
마라13bb90ab,0.0,0.0,0.0,0.0,0.0,0.0,0.0,0.0,0.0,3.1130760722045023,62.0
마라13bb90ba,0.0,0.0,0.0,0.0,0.0,0.0,0.0,0.0,0.0,3.1130760722045023,62.0
마라13bb90bb,0.0,0.0,0.0,0.0,0.0,0.0,0.0,0.0,0.0,3.1130760722045023,62.0
마라13bb91aa,0.0,0.0,0.0,0.0,0.0,0.0,0.0,0.0,0.0,3.1130760722045023,62.0
마라13bb91ab,0.0,0.0,0.0,0.0,0.0,0.0,0.0,0.0,0.0,3.1130760722045023,62.0
마라13bb91ba,0.0,0.0,0.0,0.0,0.0,0.0,0.0,0.0,0.0,3.1130760722045023,62.0
마라13bb91bb,0.0,0.0,0.0,0.0,0.0,0.0,0.0,0.0,0.0,3.1130760722045023,62.0
마라13bb92aa,0.0,0.0,0.0,0.0,0.0,0.0,0.0,0.0,0.0,3.1130760722045023,62.0
마라13bb92ab,0.0,0.0,0.0,0.0,0.0,0.0,0.0,0.0,0.0,3.1130760722045023,62.0
마라13bb92ba,0.0,0.0,0.0,0.0,0.0,0.0,0.0,0.0,0.0,3.1130760722045023,62.0
마라13bb92bb,0.0,0.0,0.0,0.0,0.0,0.0,0.0,0.0,0.0,3.1130760722045023,62.0
마라13bb93aa,0.006622516556291391,0.0,0.0,0.0,0.0,0.0,0.0,0.0,-0.0006068141261048015,2.2628047968481355,74.0
마라13bb93ab,0.019867549668874173,0.0,0.0,0.0,0.0,0.002459268367660621,0.0,0.0,-0.0021438969134576573,2.362780732793172,132.0
마라13bb93ba,0.026490066225165563,0.0,0.0,0.0,0.0,0.005225945281278819,0.0,0.0,-0.003114597391598618,2.4433246181669364,172.0
마라13bb93bb,0.013245033112582781,0.0,0.0,0.0,0.0,0.0,0.0,0.0,-0.001213628252209603,2.2845975411154673,93.0
마라13bb94aa,0.033112582781456956,0.0,0.0,0.0,0.0,0.0030740854595757753,0.0,0.0,-0.0034383887994530733,2.5828610942257364,187.0
마라13bb94ab,0.26490066225165565,0.0,0.0,0.0,0.0,0.00768521364893944,0.0,0.0,-0.025283360466514727,1.2146434808577664,878.0
마라13bb94ba,0.06622516556291391,0.0,0.0,0.0,0.0,0.007070396557024285,0.0,0.0,-0.006998073049584867,2.4087650440453094,294.0
마라13bb94bb,0.0,0.0,0.0,0.0,0.0,0.0,0.0,0.11284922925,-0.009934791634206333,3.025132495313557,383.0
마라13bb95aa,0.006622516556291391,0.08,0.0,0.0,0.0,0.0,0.0,0.30741811175,-0.03496694739256316,4.495572603977911,1045.0
마라13bb95ab,0.026490066225165563,0.0,0.0,0.0,0.0,0.0,0.0,0.225,-0.022235350299587286,2.5877692921849125,792.0
마라13bb95ba,0.06622516556291391,0.0,0.0,0.0,0.0,0.016292652935751613,0.0,0.12604768783333334,-0.019307758326446434,2.5817832421603657,711.0
마라13bb95bb,0.09271523178807947,0.0,0.0,0.0,0.0,0.010759299108515216,0.0,0.0927143545,-0.018072709712694347,3.0880941935811435,672.0
마라13bb96aa,0.013245033112582781,0.0,0.0,0.0,0.0,0.0,0.0,0.0,-0.001213628252209603,2.2845975411154673,93.0
마라13bb96ab,0.0,0.0,0.0,0.0,0.0,0.0,0.0,0.0,0.0,3.1130760722045023,62.0
마라13bb96ba,0.0,0.0,0.0,0.0,0.0,0.0,0.0,0.0,0.0,3.1130760722045023,62.0
마라13bb96bb,0.0,0.0,0.0,0.0,0.0,0.0,0.0,0.0,0.0,3.1130760722045023,62.0
마라13bb97aa,0.039735099337748346,0.0,0.0,0.0,0.0,0.0,0.0,0.3012524085,-0.030161933483687873,2.8349762942402803,969.0
마라13bb97ab,0.09271523178807947,0.04,0.0,0.0,0.0,0.0,0.0,0.0,-0.012143538194524262,7.626606578682812,455.0
마라13bb97ba,0.3509933774834437,0.0,0.0,0.0,0.0,0.0,0.0,0.0,-0.03216114868355448,1.330843550629265,1005.0
마라13bb97bb,0.5496688741721855,0.0,0.0,0.0,0.0,0.0,0.0,0.0,-0.050365572466698524,1.0761649514506664,1193.0
마라13bb98aa,0.40397350993377484,0.0,0.0,0.0,0.0,0.0046111281893636644,0.0,0.0,-0.03762213894578649,1.1435938558795704,1078.0
마라13bb98ab,0.1986754966887417,0.0,0.0,0.0,0.0,0.0,0.0,0.0,-0.018204423783144043,1.202700344628916,678.0
마라13bb98ba,0.0,0.0,0.0,0.0,0.0,0.0,0.0,0.0,0.0,3.1130760722045023,62.0
마라13bb98bb,0.0,0.0,0.0,0.0,0.0,0.0,0.0,0.0,0.0,3.1130760722045023,62.0
마라13bb99aa,0.0,0.0,0.0,0.0,0.0,0.0,0.0,0.0,0.0,3.1130760722045023,62.0
마라13bb99ab,0.0,0.0,0.0,0.0,0.0,0.0,0.0,0.0,0.0,3.1130760722045023,62.0
마라13bb99ba,0.0,0.0,0.0,0.0,0.0,0.0,0.0,0.0,0.0,3.1130760722045023,62.0
마라13bb99bb,0.006622516556291391,0.0,0.0,0.0,0.0,0.00891484783276975,0.0,0.0,-0.0017793368159990921,2.7484548335634758,116.0
마라14aa86ab,0.0,0.0,0.0,0.0,0.0,0.0,0.0,0.0,0.0,3.1130760722045023,62.0
마라14aa86ba,0.0,0.0,0.0,0.0,0.0,0.0,0.0,0.0,0.0,3.1130760722045023,62.0
마라14aa86bb,0.0,0.0,0.0,0.0,0.0,0.0,0.0,0.0,0.0,3.1130760722045023,62.0
마라14aa87aa,0.0,0.0,0.0,0.0,0.0,0.0,0.0,0.0,0.0,3.1130760722045023,62.0
마라14aa87ab,0.0,0.0,0.0,0.0,0.0,0.0,0.0,0.0,0.0,3.1130760722045023,62.0
마라14aa87ba,0.0,0.0,0.0,0.0,0.0,0.0,0.0,0.0,0.0,3.1130760722045023,62.0
마라14aa87bb,0.0,0.0,0.0,0.0,0.0,0.0,0.0,0.0,0.0,3.1130760722045023,62.0
마라14aa88aa,0.0,0.0,0.0,0.0,0.0,0.0,0.0,0.0,0.0,3.1130760722045023,62.0
마라14aa88ab,0.0,0.0,0.0,0.0,0.0,0.0,0.0,0.0,0.0,3.1130760722045023,62.0
마라14aa88ba,0.0,0.0,0.0,0.0,0.0,0.0,0.0,0.0,0.0,3.1130760722045023,62.0
마라14aa88bb,0.0,0.0,0.0,0.0,0.0,0.0,0.0,0.0,0.0,3.1130760722045023,62.0
마라14aa89aa,0.0,0.0,0.0,0.0,0.0,0.0,0.0,0.0,0.0,3.1130760722045023,62.0
마라14aa89ab,0.0,0.0,0.0,0.0,0.0,0.0,0.0,0.0,0.0,3.1130760722045023,62.0
마라14aa89ba,0.0,0.0,0.0,0.0,0.0,0.0,0.0,0.0,0.0,3.1130760722045023,62.0
마라14aa89bb,0.0,0.0,0.0,0.0,0.0,0.0,0.0,0.0,0.0,3.1130760722045023,62.0
마라14aa90aa,0.0,0.0,0.0,0.0,0.0,0.0,0.0,0.0,0.0,3.1130760722045023,62.0
마라14aa90ab,0.0,0.0,0.0,0.0,0.0,0.0,0.0,0.0,0.0,3.1130760722045023,62.0
마라14aa90ba,0.0,0.0,0.0,0.0,0.0,0.0,0.0,0.0,0.0,3.1130760722045023,62.0
마라14aa90bb,0.0,0.0,0.0,0.0,0.0,0.0,0.0,0.0,0.0,3.1130760722045023,62.0
마라14aa91aa,0.0,0.0,0.0,0.0,0.0,0.0,0.0,0.0,0.0,3.1130760722045023,62.0
마라14aa91ab,0.0,0.0,0.0,0.0,0.0,0.0,0.0,0.0,0.0,3.1130760722045023,62.0
마라14aa91ba,0.0,0.0,0.0,0.0,0.0,0.0,0.0,0.0,0.0,3.1130760722045023,62.0
마라14aa91bb,0.0,0.0,0.0,0.0,0.0,0.0,0.0,0.0,0.0,3.1130760722045023,62.0
마라14aa92aa,0.0,0.0,0.0,0.0,0.0,0.0,0.0,0.0,0.0,3.1130760722045023,62.0
마라14aa92ab,0.0,0.0,0.0,0.0,0.0,0.0,0.0,0.0,0.0,3.1130760722045023,62.0
마라14aa92ba,0.0,0.0,0.0,0.0,0.0,0.0,0.0,0.0,0.0,3.1130760722045023,62.0
마라14aa92bb,0.0,0.0,0.0,0.0,0.0,0.0,0.0,0.0,0.0,3.1130760722045023,62.0
마라14aa93aa,0.0,0.0,0.0,0.0,0.0,0.0,0.0,0.0,0.0,3.1130760722045023,62.0
마라14aa93ab,0.0,0.0,0.0,0.0,0.0,0.0018444512757454655,0.0,0.0,-0.00024259090135743942,3.0906401747686045,66.0
마라14aa93ba,0.026490066225165563,0.0,0.0,0.0,0.0,0.0,0.0,0.0,-0.002427256504419206,2.235757445615273,144.0
마라14aa93bb,0.013245033112582781,0.0,0.0,0.0,0.0,0.0,0.0,0.0,-0.001213628252209603,2.2845975411154673,93.0
마라14aa94aa,0.2185430463576159,0.0,0.0,0.0,0.0,0.006762988011066708,0.0,0.0,-0.020914366133102394,1.0913528825671681,755.0
마라14aa94ab,0.046357615894039736,0.0,0.0,0.25,0.0,0.011988933292345526,0.0,0.0,0.017209499676416058,2.794219456050672,17.0
마라14aa94ba,0.033112582781456956,0.0,0.0,0.0,0.0,0.0021518598217030436,0.0,0.0,-0.0033170933487743537,2.5192182165618506,178.0
마라14aa94bb,0.039735099337748346,0.0,0.0,0.0,0.0,0.0,0.0,0.0,-0.003640884756628809,2.55175305519838,192.0
마라14aa95aa,0.10596026490066225,0.08,0.0,0.0,0.0,0.03320012296341838,0.0,0.0,-0.021371943100224815,6.849784190753284,768.0
마라14aa95ab,0.1456953642384106,0.32,0.0,0.0,0.0,0.07838917921918229,0.0,0.0,-0.052845147514453135,1.1860201174486877,1212.0
마라14aa95ba,0.08609271523178808,0.0,0.0,0.0,0.0,0.08422994159237626,0.0,0.14558044316666668,-0.031783217347963126,3.293306828931142,1001.0
마라14aa95bb,0.052980132450331126,0.0,0.0,0.0,0.0,0.019981555487242543,0.0,0.0,-0.007482581106877339,2.547794940013161,305.0
마라14aa96aa,0.006622516556291391,0.0,0.0,0.0,0.0,0.0,0.0,0.0,-0.0006068141261048015,2.2628047968481355,74.0
마라14aa96ab,0.0,0.0,0.0,0.0,0.0,0.0,0.0,0.0,0.0,3.1130760722045023,62.0
마라14aa96ba,0.0,0.0,0.0,0.0,0.0,0.0,0.0,0.0,0.0,3.1130760722045023,62.0
마라14aa96bb,0.0,0.0,0.0,0.0,0.0,0.0,0.0,0.0,0.0,3.1130760722045023,62.0
마라14aa97aa,0.0,0.0,0.0,0.0,0.0,0.0,0.0,0.0,0.0,3.1130760722045023,62.0
마라14aa97ab,0.33112582781456956,0.12,0.0,0.0,0.0,0.0,0.0,0.0,-0.0412851275924112,3.5263388569102876,1113.0
마라14aa97ba,0.25165562913907286,0.08,0.0,0.0,0.0,0.0027666769136181985,0.0,0.0,-0.030719104002132697,3.5006028548171413,982.0
마라14aa97bb,0.3576158940397351,0.0,0.0,0.0,0.0,0.003688902551490931,0.0,0.0,-0.033253144612374164,1.2806787154644295,1023.0
마라14aa98aa,0.3443708609271523,0.0,0.0,0.0,0.0,0.0027666769136181985,0.0,0.0,-0.03191822090948583,1.2806787154644295,1003.0
마라14aa98ab,0.033112582781456956,0.0,0.0,0.0,0.0,0.0,0.0025906735751295338,0.0,-0.0027751406382091805,2.4791925079025385,158.0
마라14aa98ba,0.0,0.0,0.0,0.0,0.0,0.0,0.0,0.0,0.0,3.1130760722045023,62.0
마라14aa98bb,0.0,0.0,0.0,0.0,0.0,0.0,0.0,0.0,0.0,3.1130760722045023,62.0
마라14aa99aa,0.0,0.0,0.0,0.0,0.0,0.0,0.0,0.0,0.0,3.1130760722045023,62.0
마라14aa99ab,0.0,0.0,0.0,0.0,0.0,0.0,0.0,0.0,0.0,3.1130760722045023,62.0
마라14aa99ba,0.0,0.0,0.0,0.0,0.0,0.0,0.0,0.0,0.0,3.1130760722045023,62.0
마라14aa99bb,0.033112582781456956,0.0,0.0,0.0,0.0,0.0,0.01295336787564767,0.0,-0.0017394206689498725,3.0669763467355193,115.0
마라14ab86aa,0.0,0.0,0.0,0.0,0.0,0.0,0.0,0.0,0.0,3.1130760722045023,62.0
마라14ab86ab,0.0,0.0,0.0,0.0,0.0,0.0,0.0,0.0,0.0,3.1130760722045023,62.0
마라14ab86ba,0.0,0.0,0.0,0.0,0.0,0.0,0.0,0.0,0.0,3.1130760722045023,62.0
마라14ab86bb,0.0,0.0,0.0,0.0,0.0,0.0,0.0,0.0,0.0,3.1130760722045023,62.0
마라14ab87aa,0.0,0.0,0.0,0.0,0.0,0.0,0.0,0.0,0.0,3.1130760722045023,62.0
마라14ab87ab,0.0,0.0,0.0,0.0,0.0,0.0,0.0,0.0,0.0,3.1130760722045023,62.0
마라14ab87ba,0.0,0.0,0.0,0.0,0.0,0.0,0.0,0.0,0.0,3.1130760722045023,62.0
마라14ab87bb,0.013245033112582781,0.0,0.0,0.0,0.0,0.0,0.0,0.0,-0.001213628252209603,2.2845975411154673,93.0
마라14ab88aa,0.0,0.0,0.0,0.0,0.0,0.0,0.0,0.2172808285,-0.01912852902586591,3.276006722177174,707.0
마라14ab88ab,0.013245033112582781,0.0,0.0,0.0,0.0,0.0,0.0,0.0,-0.001213628252209603,2.2845975411154673,93.0
마라14ab88ba,0.0,0.0,0.0,0.0,0.0,0.0,0.0,0.0,0.0,3.1130760722045023,62.0
마라14ab88bb,0.0,0.0,0.0,0.0,0.0,0.0,0.0,0.0,0.0,3.1130760722045023,62.0
마라14ab89aa,0.0,0.0,0.0,0.0,0.0,0.0,0.0,0.0,0.0,3.1130760722045023,62.0
마라14ab89ab,0.0,0.0,0.0,0.0,0.0,0.0,0.0,0.0,0.0,3.1130760722045023,62.0
마라14ab89ba,0.0,0.0,0.0,0.0,0.0,0.0,0.0,0.0,0.0,3.1130760722045023,62.0
마라14ab89bb,0.0,0.0,0.0,0.0,0.0,0.0,0.0,0.0,0.0,3.1130760722045023,62.0
마라14ab90aa,0.0,0.0,0.0,0.0,0.0,0.0,0.0,0.0,0.0,3.1130760722045023,62.0
마라14ab90ab,0.0,0.0,0.0,0.0,0.0,0.0,0.0,0.0,0.0,3.1130760722045023,62.0
마라14ab90ba,0.0,0.0,0.0,0.0,0.0,0.0,0.0,0.0,0.0,3.1130760722045023,62.0
마라14ab90bb,0.0,0.0,0.0,0.0,0.0,0.0,0.0,0.0,0.0,3.1130760722045023,62.0
마라14ab91aa,0.0,0.0,0.0,0.0,0.0,0.0,0.0,0.0,0.0,3.1130760722045023,62.0
마라14ab91ab,0.0,0.0,0.0,0.0,0.0,0.0,0.0,0.0,0.0,3.1130760722045023,62.0
마라14ab91ba,0.0,0.0,0.0,0.0,0.0,0.0,0.0,0.0,0.0,3.1130760722045023,62.0
마라14ab91bb,0.0,0.0,0.0,0.0,0.0,0.0,0.0,0.0,0.0,3.1130760722045023,62.0
마라14ab92aa,0.0,0.0,0.0,0.0,0.0,0.0,0.0,0.0,0.0,3.1130760722045023,62.0
마라14ab92ab,0.0,0.0,0.0,0.0,0.0,0.0,0.0,0.0,0.0,3.1130760722045023,62.0
마라14ab92ba,0.0,0.0,0.0,0.0,0.0,0.0,0.0,0.0,0.0,3.1130760722045023,62.0
마라14ab92bb,0.0,0.0,0.0,0.0,0.0,0.0,0.0,0.0,0.0,3.1130760722045023,62.0
마라14ab93aa,0.0,0.0,0.0,0.0,0.0,0.0,0.0,0.0,0.0,3.1130760722045023,62.0
마라14ab93ab,0.0,0.0,0.0,0.0,0.0,0.0,0.0,0.0,0.0,3.1130760722045023,62.0
마라14ab93ba,0.0,0.0,0.0,0.0,0.0,0.0,0.0,0.0,0.0,3.1130760722045023,62.0
마라14ab93bb,0.059602649006622516,0.0,0.0,0.0,0.0,0.0,0.0,0.0,-0.005461327134943213,2.228727806149955,242.0
마라14ab94aa,0.026490066225165563,0.0,0.0,0.0,0.0,0.0018444512757454655,0.0,0.0,-0.0026698474057766453,2.3289486988065264,152.0
마라14ab94ab,0.0,0.0,0.0,0.0,0.0,0.0,0.0,0.0,0.0,3.1130760722045023,62.0
마라14ab94ba,0.0,0.0,0.0,0.0,0.0,0.0,0.0,0.0,0.0,3.1130760722045023,62.0
마라14ab94bb,0.0,0.0,0.0,0.0,0.0,0.0,0.0,0.0,0.0,3.1130760722045023,62.0
마라14ab95aa,0.006622516556291391,0.0,0.0,0.0,0.0,0.0,0.0,0.0,-0.0006068141261048015,2.2628047968481355,74.0
마라14ab95ba,0.013245033112582781,0.0,0.0,0.125,0.0,0.0,0.0,0.0,0.010303391456776908,2.7322668912219656,26.0
마라14ab95bb,0.006622516556291391,0.0,0.0,0.0,0.0,0.0,0.0,0.0,-0.0006068141261048015,2.2628047968481355,74.0
마라14ab96aa,0.0,0.0,0.0,0.0,0.0,0.0,0.0,0.0,0.0,3.1130760722045023,62.0
마라14ab96ab,0.0,0.0,0.0,0.0,0.0,0.0,0.0,0.0,0.0,3.1130760722045023,62.0
마라14ab96ba,0.0,0.0,0.0,0.0,0.0,0.0,0.0,0.0,0.0,3.1130760722045023,62.0
마라14ab96bb,0.0,0.0,0.0,0.0,0.0,0.0,0.0,0.0,0.0,3.1130760722045023,62.0
마라14ab97aa,0.0,0.0,0.0,0.0,0.0,0.0,0.0,0.308694605,-0.02717622973289938,3.276006722177174,910.0
마라14ab97ab,0.0,0.0,0.0,0.0,0.0,0.0,0.0,0.0,0.0,3.1130760722045023,62.0
마라14ab97ba,0.026490066225165563,0.0,0.0,0.0,0.0,0.0,0.0,0.0,-0.002427256504419206,2.235757445615273,144.0
마라14ab97bb,0.09933774834437085,0.0,0.0,0.0,0.0,0.0018444512757454655,0.0,0.0,-0.009344802792929461,7.740977260881912,365.0
마라14ab98aa,0.2052980132450331,0.0,0.0,0.0,0.0,0.0,0.0,0.0,-0.018811237909248844,1.202700344628916,695.0
마라14ab98ab,0.11258278145695365,0.0,0.0,0.0,0.0,0.0,0.0,0.0,-0.010315840143781625,2.5908635180669357,396.0
마라14ab98ba,0.0,0.0,0.0,0.0,0.0,0.0,0.0,0.0,0.0,3.1130760722045023,62.0
마라14ab98bb,0.0,0.0,0.0,0.0,0.0,0.0,0.0,0.0,0.0,3.1130760722045023,62.0
마라14ab99aa,0.0,0.0,0.0,0.0,0.0,0.0,0.0,0.0,0.0,3.1130760722045023,62.0
마라14ab99ab,0.0,0.0,0.0,0.0,0.0,0.0,0.0,0.0,0.0,3.1130760722045023,62.0
마라14ab99ba,0.0,0.0,0.0,0.0,0.0,0.0,0.0,0.0,0.0,3.1130760722045023,62.0
마라14ab99bb,0.0,0.0,0.0,0.0,0.0,0.0,0.0,0.0,0.0,3.1130760722045023,62.0
마라14ba86ba,0.0,0.0,0.0,0.0,0.0,0.0,0.0,0.0,0.0,3.1130760722045023,62.0
마라14ba86bb,0.0,0.0,0.0,0.0,0.0,0.0,0.0,0.0,0.0,3.1130760722045023,62.0
마라14ba87aa,0.0,0.0,0.0,0.0,0.0,0.0,0.0,0.0,0.0,3.1130760722045023,62.0
마라14ba87ab,0.0,0.0,0.0,0.0,0.0,0.0,0.0,0.0,0.0,3.1130760722045023,62.0
마라14ba87ba,0.0,0.0,0.0,0.0,0.0,0.0,0.0,0.0,0.0,3.1130760722045023,62.0
마라14ba87bb,0.013245033112582781,0.0,0.0,0.0,0.0,0.0,0.0,0.0,-0.001213628252209603,2.2845975411154673,93.0
마라14ba88aa,0.013245033112582781,0.0,0.0,0.0,0.0,0.0,0.0,0.0,-0.001213628252209603,2.2845975411154673,93.0
마라14ba88ab,0.13245033112582782,0.04,0.0,0.0,0.0,0.0030740854595757753,0.0,0.0,-0.016188741120082138,3.4025720192505897,597.0
마라14ba88ba,0.0,0.0,0.0,0.0,0.0,0.0,0.0,0.0,0.0,3.1130760722045023,62.0
마라14ba88bb,0.0,0.0,0.0,0.0,0.0,0.0,0.0,0.0,0.0,3.1130760722045023,62.0
마라14ba89aa,0.0,0.0,0.0,0.0,0.0,0.0,0.0,0.0,0.0,3.1130760722045023,62.0
마라14ba89ab,0.0,0.0,0.0,0.0,0.0,0.0,0.0,0.0,0.0,3.1130760722045023,62.0
마라14ba89ba,0.0,0.0,0.0,0.0,0.0,0.0,0.0,0.0,0.0,3.1130760722045023,62.0
마라14ba89bb,0.0,0.0,0.0,0.0,0.0,0.0,0.0,0.0,0.0,3.1130760722045023,62.0
마라14ba90aa,0.0,0.0,0.0,0.0,0.0,0.0,0.0,0.0,0.0,3.1130760722045023,62.0
마라14ba90ab,0.0,0.0,0.0,0.0,0.0,0.0,0.0,0.0,0.0,3.1130760722045023,62.0
마라14ba90ba,0.0,0.0,0.0,0.0,0.0,0.0,0.0,0.0,0.0,3.1130760722045023,62.0
마라14ba90bb,0.0,0.0,0.0,0.0,0.0,0.0,0.0,0.0,0.0,3.1130760722045023,62.0
마라14ba91aa,0.0,0.0,0.0,0.0,0.0,0.0,0.0,0.0,0.0,3.1130760722045023,62.0
마라14ba91ab,0.0,0.0,0.0,0.0,0.0,0.0,0.0,0.0,0.0,3.1130760722045023,62.0
마라14ba91ba,0.0,0.0,0.0,0.0,0.0,0.0,0.0,0.0,0.0,3.1130760722045023,62.0
마라14ba91bb,0.0,0.0,0.0,0.0,0.0,0.0,0.0,0.0,0.0,3.1130760722045023,62.0
마라14ba92aa,0.0,0.0,0.0,0.0,0.0,0.0,0.0,0.0,0.0,3.1130760722045023,62.0
마라14ba92ab,0.0,0.0,0.0,0.0,0.0,0.0,0.0,0.0,0.0,3.1130760722045023,62.0
마라14ba92ba,0.019867549668874173,0.0,0.0,0.0,0.0,0.0018444512757454655,0.0,0.0,-0.002063033279671844,2.3289486988065264,129.0
마라14ba92bb,0.019867549668874173,0.0,0.0,0.0,0.0,0.003381494005533354,0.0,0.0,-0.002265192364136377,2.4098895751331355,138.0
마라14ba93aa,0.0,0.0,0.0,0.0,0.0,0.0,0.0,0.0,0.0,3.1130760722045023,62.0
마라14ba93ab,0.006622516556291391,0.0,0.0,0.0,0.0,0.0,0.0,0.0,-0.0006068141261048015,2.2628047968481355,74.0
마라14ba93ba,0.019867549668874173,0.0,0.0,0.0,0.0,0.0,0.0,0.7925891136666666,-0.0715967957318187,2.5877692921849125,1310.0
마라14ba93bb,0.0,0.0,0.0,0.0,0.0,0.0,0.0,0.0,0.0,3.1130760722045023,62.0
마라14ba94aa,0.0,0.0,0.0,0.0,0.0,0.0,0.0,0.0,0.0,3.1130760722045023,62.0
마라14ba94ab,0.0,0.0,0.0,0.0,0.0,0.0,0.0,0.0,0.0,3.1130760722045023,62.0
마라14ba94ba,0.0,0.0,0.0,0.0,0.0,0.0,0.0,0.0,0.0,3.1130760722045023,62.0
마라14ba94bb,0.0,0.0,0.0,0.0,0.0,0.0,0.0,0.0,0.0,3.1130760722045023,62.0
마라14ba95aa,0.006622516556291391,0.0,0.0,0.0,0.0,0.0,0.0,0.0,-0.0006068141261048015,2.2628047968481355,74.0
마라14ba95ab,0.013245033112582781,0.0,0.0,0.0,0.0,0.0,0.02072538860103627,0.0,0.0008578116863090135,2.8612285442783714,56.0
마라14ba95ba,0.0,0.0,0.0,0.0,0.0,0.0,0.0,0.0,0.0,3.1130760722045023,62.0
마라14ba95bb,0.0,0.0,0.0,0.0,0.0,0.0,0.0,0.0,0.0,3.1130760722045023,62.0
마라14ba96aa,0.0,0.0,0.0,0.0,0.0,0.0,0.0,0.0,0.0,3.1130760722045023,62.0
마라14ba96ab,0.0,0.0,0.0,0.0,0.0,0.0,0.0,0.0,0.0,3.1130760722045023,62.0
마라14ba96ba,0.0,0.0,0.0,0.0,0.0,0.0,0.0,0.0,0.0,3.1130760722045023,62.0
마라14ba96bb,0.019867549668874173,0.0,0.0,0.0,0.0,0.0,0.0,0.0,-0.0018204423783144046,2.235757445615273,118.0
마라14ba97aa,0.0,0.0,0.0,0.0,0.0,0.0,0.0,0.0,0.0,3.1130760722045023,62.0
마라14ba97ab,0.0,0.0,0.0,0.0,0.0,0.0,0.0,0.0,0.0,3.1130760722045023,62.0
마라14ba97ba,0.033112582781456956,0.0,0.0,0.0,0.0,0.0,0.0,0.0,-0.003034070630524008,2.4791925079025385,171.0
마라14ba97bb,0.0,0.0,0.0,0.0,0.0,0.0,0.0,0.0,0.0,3.1130760722045023,62.0
마라14ba98aa,0.15894039735099338,0.08,0.0,0.0,0.0,0.002459268367660621,0.0,0.0,-0.02218327441977257,3.183871751264608,789.0
마라14ba98ab,0.059602649006622516,0.0,0.0,0.0,0.0,0.0030740854595757753,0.0,0.0,-0.005865645303872279,2.3112446394642565,259.0
마라14ba98ba,0.0,0.0,0.0,0.0,0.0,0.0,0.0,0.0,0.0,3.1130760722045023,62.0
마라14ba98bb,0.0,0.0,0.0,0.0,0.0,0.0,0.0,0.0,0.0,3.1130760722045023,62.0
마라14ba99aa,0.0,0.0,0.0,0.0,0.0,0.0,0.0,0.0,0.0,3.1130760722045023,62.0
마라14ba99ab,0.0,0.0,0.0,0.0,0.0,0.0,0.0,0.0,0.0,3.1130760722045023,62.0
마라14ba99ba,0.0,0.0,0.0,0.0,0.0,0.0,0.0,0.0,0.0,3.1130760722045023,62.0
마라14ba99bb,0.0,0.0,0.0,0.0,0.0,0.0,0.0,0.0,0.0,3.1130760722045023,62.0
마라14bb86ba,0.0,0.0,0.0,0.0,0.0,0.0,0.0,0.0,0.0,3.1130760722045023,62.0
마라14bb86bb,0.0,0.0,0.0,0.0,0.0,0.0,0.0,0.0,0.0,3.1130760722045023,62.0
마라14bb87aa,0.0,0.0,0.0,0.0,0.0,0.0,0.0,0.0,0.0,3.1130760722045023,62.0
마라14bb87ab,0.0,0.0,0.0,0.0,0.0,0.0,0.0,0.0,0.0,3.1130760722045023,62.0
마라14bb87ba,0.0,0.0,0.0,0.0,0.0,0.0,0.0,0.0,0.0,3.1130760722045023,62.0
마라14bb87bb,0.0,0.0,0.0,0.0,0.0,0.0,0.0,0.0,0.0,3.1130760722045023,62.0
마라14bb88aa,0.019867549668874173,0.0,0.0,0.0,0.0,0.0,0.0,0.0,-0.0018204423783144046,2.235757445615273,118.0
마라14bb88ab,0.026490066225165563,0.0,0.0,0.0,0.0,0.002459268367660621,0.0,0.0,-0.0027507110395624586,2.362780732793172,157.0
마라14bb88ba,0.0,0.0,0.0,0.0,0.0,0.0,0.0,0.0,0.0,3.1130760722045023,62.0
마라14bb88bb,0.0,0.0,0.0,0.0,0.0,0.0,0.0,0.0,0.0,3.1130760722045023,62.0
마라14bb89aa,0.0,0.0,0.0,0.0,0.0,0.0,0.0,0.0,0.0,3.1130760722045023,62.0
마라14bb89ab,0.0,0.0,0.0,0.0,0.0,0.0,0.0,0.0,0.0,3.1130760722045023,62.0
마라14bb89ba,0.0,0.0,0.0,0.0,0.0,0.0,0.0,0.0,0.0,3.1130760722045023,62.0
마라14bb89bb,0.0,0.0,0.0,0.0,0.0,0.0,0.0,0.0,0.0,3.1130760722045023,62.0
마라14bb90aa,0.0,0.0,0.0,0.0,0.0,0.0,0.0,0.0,0.0,3.1130760722045023,62.0
마라14bb90ab,0.0,0.0,0.0,0.0,0.0,0.0,0.0,0.0,0.0,3.1130760722045023,62.0
마라14bb90ba,0.0,0.0,0.0,0.0,0.0,0.0,0.0,0.0,0.0,3.1130760722045023,62.0
마라14bb90bb,0.0,0.0,0.0,0.0,0.0,0.0,0.0,0.0,0.0,3.1130760722045023,62.0
마라14bb91aa,0.0,0.0,0.0,0.0,0.0,0.0,0.0,0.0,0.0,3.1130760722045023,62.0
마라14bb91ab,0.0,0.0,0.0,0.0,0.0,0.0,0.0,0.0,0.0,3.1130760722045023,62.0
마라14bb91ba,0.0,0.0,0.0,0.0,0.0,0.0,0.0,0.0,0.0,3.1130760722045023,62.0
마라14bb91bb,0.0,0.0,0.0,0.0,0.0,0.0,0.0,0.0,0.0,3.1130760722045023,62.0
마라14bb92aa,0.0,0.0,0.0,0.0,0.0,0.0,0.0,0.0,0.0,3.1130760722045023,62.0
마라14bb92ab,0.0,0.0,0.0,0.0,0.0,0.0,0.0,0.0,0.0,3.1130760722045023,62.0
마라14bb92ba,0.0,0.0,0.0,0.0,0.0,0.0,0.0,0.0,0.0,3.1130760722045023,62.0
마라14bb92bb,0.006622516556291391,0.0,0.0,0.0,0.0,0.005225945281278819,0.0,0.0,-0.001294155013284213,2.5133804873368875,96.0
마라14bb93aa,0.06622516556291391,0.0,0.0,0.0,0.0,0.0,0.0,0.0,-0.006068141261048016,2.23893334135549,266.0
마라14bb93ab,0.2251655629139073,0.04,0.0,0.0,0.0,0.003688902551490931,0.0,0.0,-0.02476500251933517,3.5469599976742825,865.0
마라14bb93ba,0.033112582781456956,0.0,0.0,0.0,0.0,0.0,0.0,0.0,-0.003034070630524008,2.4791925079025385,171.0
마라14bb93bb,0.0,0.0,0.0,0.0,0.0,0.0,0.0,0.0,0.0,3.1130760722045023,62.0
마라14bb94aa,0.0,0.0,0.0,0.0,0.0,0.0,0.0,0.0,0.0,3.1130760722045023,62.0
마라14bb94ab,0.019867549668874173,0.0,0.0,0.0,0.0,0.0,0.0,0.0,-0.0018204423783144046,2.235757445615273,118.0
마라14bb94ba,0.0,0.0,0.0,0.0,0.0,0.0,0.0,0.0,0.0,3.1130760722045023,62.0
마라14bb94bb,0.006622516556291391,0.0,0.0,0.0,0.0,0.0,0.0,0.0,-0.0006068141261048015,2.2628047968481355,74.0
마라14bb95aa,0.06622516556291391,0.0,0.0,0.0,0.0,0.0,0.0,0.0,-0.006068141261048016,2.23893334135549,266.0
마라14bb95ab,0.026490066225165563,0.0,0.0,0.0,0.0,0.005533353827236397,0.0,0.0,-0.0031550292084915246,2.4433246181669364,173.0
마라14bb95ba,0.0,0.0,0.0,0.0,0.0,0.0,0.0,0.0,0.0,3.1130760722045023,62.0
마라14bb95bb,0.0,0.0,0.0,0.0,0.0,0.0,0.0,0.0,0.0,3.1130760722045023,62.0
마라14bb96aa,0.0,0.0,0.0,0.0,0.0,0.0,0.0,0.22422928708333334,-0.019740243334090385,3.276006722177174,723.0
마라14bb96ab,0.013245033112582781,0.0,0.0,0.0,0.0,0.0,0.0,0.0,-0.001213628252209603,2.2845975411154673,93.0
마라14bb96ba,0.16556291390728478,0.0,0.0,0.125,0.0,0.007377805102981862,0.0,0.0,-0.004623697049063285,2.0007655809798663,214.0
마라14bb96bb,0.10596026490066225,0.0,0.0,0.0,0.0,0.00891484783276975,0.0,0.0,-0.010881548707571114,7.597450311640676,415.0
마라14bb97aa,0.0,0.0,0.0,0.0,0.0,0.0,0.0,0.0,0.0,3.1130760722045023,62.0
마라14bb97ab,0.026490066225165563,0.0,0.0,0.0,0.0,0.0,0.0,0.0,-0.002427256504419206,2.235757445615273,144.0
마라14bb97ba,0.013245033112582781,0.0,0.0,0.0,0.0,0.0,0.0,0.0,-0.001213628252209603,2.2845975411154673,93.0
마라14bb97bb,0.0,0.0,0.0,0.0,0.0,0.0,0.0,0.0,0.0,3.1130760722045023,62.0
마라14bb98aa,0.09933774834437085,0.0,0.0,0.0,0.0,0.0,0.0,0.10987475916666667,-0.018775143159549076,3.139567418768655,694.0
마라14bb98ab,0.37748344370860926,0.04,0.0,0.0,0.0,0.00768521364893944,0.0,0.0,-0.03924734103935339,3.947592650735511,1092.0
마라14bb98ba,0.06622516556291391,0.0,0.0,0.0,0.0,0.0046111281893636644,0.0,0.0,-0.0066746185144416145,2.5552087026658907,285.0
마라14bb98bb,0.0,0.0,0.0,0.0,0.0,0.0,0.0,0.0,0.0,3.1130760722045023,62.0
마라14bb99aa,0.006622516556291391,0.0,0.0,0.0,0.0,0.0,0.0,0.0,-0.0006068141261048015,2.2628047968481355,74.0
마라14bb99ab,0.0,0.0,0.0,0.0,0.0,0.0,0.0,0.0,0.0,3.1130760722045023,62.0
마라14bb99ba,0.0,0.0,0.0,0.0,0.0,0.0,0.0,0.0,0.0,3.1130760722045023,62.0
마라14bb99bb,0.013245033112582781,0.0,0.0,0.0,0.0,0.0,0.0,0.0,-0.001213628252209603,2.2845975411154673,93.0
마라15aa86ab,0.0,0.0,0.0,0.0,0.0,0.0,0.0,0.0,0.0,3.1130760722045023,62.0
마라15aa86ba,0.006622516556291391,0.0,0.0,0.0,0.0,0.0,0.0,0.0,-0.0006068141261048015,2.2628047968481355,74.0
마라15aa86bb,0.0,0.0,0.0,0.0,0.0,0.0,0.0,0.0,0.0,3.1130760722045023,62.0
마라15aa87aa,0.0,0.0,0.0,0.0,0.0,0.0,0.0,0.0,0.0,3.1130760722045023,62.0
마라15aa87ab,0.0,0.0,0.0,0.0,0.0,0.0,0.0,0.0,0.0,3.1130760722045023,62.0
마라15aa87ba,0.0,0.0,0.0,0.0,0.0,0.0,0.0,0.0,0.0,3.1130760722045023,62.0
마라15aa87bb,0.0,0.0,0.0,0.0,0.0,0.0,0.0,0.0,0.0,3.1130760722045023,62.0
마라15aa88aa,0.0,0.0,0.0,0.0,0.0,0.0,0.0,0.0,0.0,3.1130760722045023,62.0
마라15aa88ab,0.006622516556291391,0.0,0.0,0.0,0.0,0.0,0.0,0.0,-0.0006068141261048015,2.2628047968481355,74.0
마라15aa88ba,0.0,0.0,0.0,0.0,0.0,0.0,0.0,0.0,0.0,3.1130760722045023,62.0
마라15aa88bb,0.0,0.0,0.0,0.0,0.0,0.0,0.0,0.0,0.0,3.1130760722045023,62.0
마라15aa89aa,0.0,0.0,0.0,0.0,0.0,0.0,0.0,0.0,0.0,3.1130760722045023,62.0
마라15aa89ab,0.0,0.0,0.0,0.0,0.0,0.0,0.0,0.0,0.0,3.1130760722045023,62.0
마라15aa89ba,0.0,0.0,0.0,0.0,0.0,0.0,0.0,0.0,0.0,3.1130760722045023,62.0
마라15aa89bb,0.0,0.0,0.0,0.0,0.0,0.0,0.0,0.0,0.0,3.1130760722045023,62.0
마라15aa90aa,0.0,0.0,0.0,0.0,0.0,0.0,0.0,0.0,0.0,3.1130760722045023,62.0
마라15aa90ab,0.0,0.0,0.0,0.0,0.0,0.0,0.0,0.0,0.0,3.1130760722045023,62.0
마라15aa90ba,0.0,0.0,0.0,0.0,0.0,0.0,0.0,0.0,0.0,3.1130760722045023,62.0
마라15aa90bb,0.0,0.0,0.0,0.0,0.0,0.0,0.0,0.0,0.0,3.1130760722045023,62.0
마라15aa91aa,0.0,0.0,0.0,0.0,0.0,0.0,0.0,0.0,0.0,3.1130760722045023,62.0
마라15aa91ab,0.0,0.0,0.0,0.0,0.0,0.0,0.0,0.0,0.0,3.1130760722045023,62.0
마라15aa91ba,0.0,0.0,0.0,0.0,0.0,0.0,0.0,0.0,0.0,3.1130760722045023,62.0
마라15aa91bb,0.0,0.0,0.0,0.0,0.0,0.0,0.0,0.0,0.0,3.1130760722045023,62.0
마라15aa92aa,0.0,0.0,0.0,0.0,0.0,0.0,0.0,0.0,0.0,3.1130760722045023,62.0
마라15aa92ab,0.0,0.0,0.0,0.0,0.0,0.0,0.0,0.0,0.0,3.1130760722045023,62.0
마라15aa92ba,0.006622516556291391,0.0,0.0,0.0,0.0,0.0,0.0,0.0,-0.0006068141261048015,2.2628047968481355,74.0
마라15aa92bb,0.006622516556291391,0.0,0.0,0.0,0.0,0.004303719643406086,0.0,0.0,-0.0011728595626054935,2.6248200759533997,92.0
마라15aa93aa,0.013245033112582781,0.0,0.0,0.0,0.0,0.009837073470642483,0.0,0.0,-0.0025074463927826137,2.8018516681848977,146.0
마라15aa93ab,0.16556291390728478,0.0,0.0,0.0,0.0,0.008607439286812174,0.0,0.0,-0.016302444025621424,1.0913528825671681,603.0
마라15aa93ba,0.039735099337748346,0.0,0.0,0.0,0.0,0.002459268367660621,0.0,0.0,-0.003964339291772062,2.655421641521578,201.0
마라15aa93bb,0.006622516556291391,0.0,0.0,0.0,0.0,0.0,0.0,0.0,-0.0006068141261048015,2.2628047968481355,74.0
마라15aa94aa,0.006622516556291391,0.0,0.0,0.0,0.0,0.0,0.0,0.0,-0.0006068141261048015,2.2628047968481355,74.0
마라15aa94ab,0.006622516556291391,0.0,0.0,0.0,0.0,0.0,0.0,0.0,-0.0006068141261048015,2.2628047968481355,74.0
마라15aa94ba,0.013245033112582781,0.0,0.0,0.0,0.0,0.0,0.0,0.0,-0.001213628252209603,2.2845975411154673,93.0
마라15aa94bb,0.0,0.0,0.0,0.0,0.0,0.0,0.0,0.0,0.0,3.1130760722045023,62.0
마라15aa95aa,0.06622516556291391,0.0,0.0,0.0,0.0,0.0,0.0,0.0,-0.006068141261048016,2.23893334135549,266.0
마라15aa95ab,0.006622516556291391,0.0,0.0,0.0,0.0,0.0,0.0,0.0,-0.0006068141261048015,2.2628047968481355,74.0
마라15aa95ba,0.1456953642384106,0.08,0.0,0.0,0.0,0.0030740854595757753,0.0,0.0,-0.02105050980134878,3.182223399616256,761.0
마라15aa95bb,0.1986754966887417,0.0,0.0,0.0,0.0,0.0021518598217030436,0.0,0.0,-0.01848744650139439,1.1522790992076704,685.0
마라15aa96aa,0.39072847682119205,0.04,0.0,0.0,0.0,0.0,0.0,0.14895231216666666,-0.0525633355154825,3.6965538984824735,1206.0
마라15aa96ab,0.25165562913907286,0.0,0.0,0.0,0.0,0.0030740854595757753,0.0,0.09141979766666666,-0.03151148574720762,0.6030981003123862,996.0
마라15aa96ba,0.026490066225165563,0.0,0.0,0.0,0.0,0.002459268367660621,0.0,0.0,-0.0027507110395624586,2.362780732793172,157.0
마라15aa96bb,0.10596026490066225,0.0,0.0,0.0,0.0,0.0,0.0,0.0,-0.009709026017676824,8.159066350363856,376.0
마라15aa97aa,0.0728476821192053,0.0,0.0,0.0,0.0,0.0,0.0,0.0,-0.0066749553871528165,2.317230044652193,286.0
마라15aa97ab,0.09933774834437085,0.0,0.0,0.0,0.0,0.0,0.0,0.0,-0.009102211891572022,8.159066350363856,359.0
마라15aa97ba,0.06622516556291391,0.0,0.0,0.0,0.0,0.0021518598217030436,0.0,0.0,-0.006351163979298362,2.2702437177280412,274.0
마라15aa97bb,0.052980132450331126,0.0,0.0,0.0,0.0,0.0,0.0,0.0,-0.004854513008838412,2.092264392579398,222.0
마라15aa98aa,0.06622516556291391,0.0,0.0,0.0,0.0,0.0,0.0,0.0,-0.006068141261048016,2.23893334135549,266.0
마라15aa98ab,0.09271523178807947,0.0,0.0,0.0,0.0,0.0,0.0,0.0,-0.008495397765467221,8.159066350363856,340.0
마라15aa98ba,0.152317880794702,0.0,0.0,0.0,0.0,0.0,0.0,0.2815631020833333,-0.03874440639074443,1.6628819830962698,1089.0
마라15aa98bb,0.26490066225165565,0.0,0.0,0.0,0.0,0.0027666769136181985,0.0,0.0,-0.02463645139622822,1.2146434808577664,861.0
마라15aa99aa,0.2052980132450331,0.0,0.0,0.0,0.0,0.004303719643406086,0.0,0.0,-0.019377283345749535,1.0913528825671681,712.0
마라15aa99ab,0.013245033112582781,0.0,0.0,0.0,0.0,0.0,0.010362694300518135,0.0,-0.00017790828295029476,2.8612285442783714,65.0
마라15aa99ba,0.08609271523178808,0.08,0.0,0.0,0.0,0.0,0.0,0.0,-0.0151848644974765,7.120565413498792,566.0
마라15aa99bb,0.1986754966887417,0.0,0.0,0.0,0.0,0.0,0.0,0.0,-0.018204423783144043,1.202700344628916,678.0
마라15ab86aa,0.0,0.0,0.0,0.0,0.0,0.0,0.0,0.0,0.0,3.1130760722045023,62.0
마라15ab86ab,0.0,0.0,0.0,0.0,0.0,0.0,0.0,0.0,0.0,3.1130760722045023,62.0
마라15ab86ba,0.0,0.0,0.0,0.0,0.0,0.0,0.0,0.0,0.0,3.1130760722045023,62.0
마라15ab86bb,0.0,0.0,0.0,0.0,0.0,0.0,0.0,0.0,0.0,3.1130760722045023,62.0
마라15ab87aa,0.0,0.0,0.0,0.0,0.0,0.0,0.0,0.0,0.0,3.1130760722045023,62.0
마라15ab87ab,0.0,0.0,0.0,0.0,0.0,0.0,0.0,0.0,0.0,3.1130760722045023,62.0
마라15ab87ba,0.0,0.0,0.0,0.0,0.0,0.0,0.0,0.0,0.0,3.1130760722045023,62.0
마라15ab87bb,0.0,0.0,0.0,0.0,0.0,0.0,0.0,0.0,0.0,3.1130760722045023,62.0
마라15ab88aa,0.0,0.0,0.0,0.0,0.0,0.0,0.0,0.0,0.0,3.1130760722045023,62.0
마라15ab88ab,0.013245033112582781,0.0,0.0,0.0,0.0,0.0018444512757454655,0.0,0.0,-0.0014562191535670425,2.3736648626827885,101.0
마라15ab88ba,0.0,0.0,0.0,0.0,0.0,0.0,0.0,0.0,0.0,3.1130760722045023,62.0
마라15ab88bb,0.0,0.0,0.0,0.0,0.0,0.0,0.0,0.0,0.0,3.1130760722045023,62.0
마라15ab89aa,0.0,0.0,0.0,0.0,0.0,0.0,0.0,0.0,0.0,3.1130760722045023,62.0
마라15ab89ab,0.0,0.0,0.0,0.0,0.0,0.0,0.0,0.0,0.0,3.1130760722045023,62.0
마라15ab89ba,0.0,0.0,0.0,0.0,0.0,0.0,0.0,0.0,0.0,3.1130760722045023,62.0
마라15ab89bb,0.0,0.0,0.0,0.0,0.0,0.0,0.0,0.0,0.0,3.1130760722045023,62.0
마라15ab90aa,0.0,0.0,0.0,0.0,0.0,0.0,0.0,0.0,0.0,3.1130760722045023,62.0
마라15ab90ab,0.0,0.0,0.0,0.0,0.0,0.0,0.0,0.0,0.0,3.1130760722045023,62.0
마라15ab90ba,0.0,0.0,0.0,0.0,0.0,0.0,0.0,0.0,0.0,3.1130760722045023,62.0
마라15ab90bb,0.0,0.0,0.0,0.0,0.0,0.0,0.0,0.0,0.0,3.1130760722045023,62.0
마라15ab91aa,0.0,0.0,0.0,0.0,0.0,0.0,0.0,0.0,0.0,3.1130760722045023,62.0
마라15ab91ab,0.0,0.0,0.0,0.0,0.0,0.0,0.0,0.0,0.0,3.1130760722045023,62.0
마라15ab91ba,0.0,0.0,0.0,0.0,0.0,0.0,0.0,0.0,0.0,3.1130760722045023,62.0
마라15ab91bb,0.0,0.0,0.0,0.0,0.0,0.0,0.0,0.0,0.0,3.1130760722045023,62.0
마라15ab92aa,0.0,0.0,0.0,0.0,0.0,0.0,0.0,0.0,0.0,3.1130760722045023,62.0
마라15ab92ab,0.0,0.0,0.0,0.0,0.0,0.0,0.0025906735751295338,0.0,0.00025892999231482707,3.1130760722045023,60.0
마라15ab92ba,0.0,0.0,0.0,0.0,0.0,0.0,0.0,0.0,0.0,3.1130760722045023,62.0
마라15ab92bb,0.019867549668874173,0.0,0.0,0.0,0.0,0.0046111281893636644,0.0,0.0,-0.0024269196317080032,2.5547642067834477,143.0
마라15ab93aa,0.046357615894039736,0.04,0.0,0.0,0.0,0.0,0.0,0.0,-0.00789583931179065,4.425901268121285,321.0
마라15ab93ab,0.23841059602649006,0.12,0.0,0.0,0.0,0.005533353827236397,0.0,0.0,-0.03351750253101629,3.266135647421361,1027.0
마라15ab93ba,0.09933774834437085,0.0,0.0,0.0,0.0,0.0030740854595757753,0.0,0.0,-0.009506530060501088,7.658376528281179,371.0
마라15ab93bb,0.152317880794702,0.0,0.0,0.0,0.0,0.006762988011066708,0.0,0.0,-0.014846224872054378,1.0698785235928092,554.0
마라15ab94aa,0.2980132450331126,0.12,0.0,0.0,0.0,0.0,0.0,0.0,-0.03825105696188719,3.5263388569102876,1086.0
마라15ab94ab,0.046357615894039736,0.08,0.0,0.0,0.0,0.0,0.0,0.0,-0.011543979740847692,4.066213233933252,440.0
마라15ab94ba,0.006622516556291391,0.0,0.0,0.0,0.0,0.0,0.0,0.0,-0.0006068141261048015,2.2628047968481355,74.0
마라15ab94bb,0.013245033112582781,0.0,0.0,0.0,0.0,0.0,0.0,0.21666666666666667,-0.020288088943852936,2.492928149438651,736.0
마라15ab95aa,0.1390728476821192,0.0,0.0,0.0,0.0,0.002459268367660621,0.0,0.0,-0.013066551183344084,1.1308047402333115,494.0
마라15ab95ab,0.32450331125827814,0.0,0.1,0.0,0.0,0.005533353827236397,0.0,0.0,-0.030461664883207593,1.2146434808577664,978.0
마라15ab95ba,0.1456953642384106,0.04,0.0,0.0,0.0,0.005840762373193974,0.0,0.0,-0.017766255724327898,3.3300578667364373,657.0
마라15ab95bb,0.026490066225165563,0.0,0.0,0.0,0.0,0.0,0.0,0.0,-0.002427256504419206,2.235757445615273,144.0
마라15ab96aa,0.013245033112582781,0.0,0.0,0.0,0.0,0.0,0.0,0.0,-0.001213628252209603,2.2845975411154673,93.0
마라15ab96ab,0.12582781456953643,0.0,0.0,0.0,0.0,0.0027666769136181985,0.0,0.425,-0.04930864302778931,1.6169204446347316,1184.0
마라15ab96ba,0.17218543046357615,0.08,0.0,0.0,0.0,0.010451890562557638,0.0,0.0,-0.02444812991119774,3.2493664166521308,856.0
마라15ab96bb,0.16556291390728478,0.0,0.0,0.0,0.0,0.0027666769136181985,0.0,0.0,-0.015534239504656199,1.1522790992076704,575.0
마라15ab97aa,0.10596026490066225,0.0,0.0,0.0,0.0,0.0,0.0,0.0,-0.009709026017676824,8.159066350363856,376.0
마라15ab97ab,0.052980132450331126,0.0,0.0,0.0,0.0,0.0,0.0,0.0,-0.004854513008838412,2.092264392579398,222.0
마라15ab97ba,0.06622516556291391,0.0,0.0,0.0,0.0,0.0,0.0,0.0,-0.006068141261048016,2.23893334135549,266.0
마라15ab97bb,0.059602649006622516,0.0,0.0,0.0,0.0,0.0,0.0,0.0,-0.005461327134943213,2.228727806149955,242.0
마라15ab98aa,0.152317880794702,0.0,0.0,0.0,0.0,0.0,0.0,0.0,-0.013956724900410434,1.1812259856545568,520.0
마라15ab98ab,0.10596026490066225,0.0,0.0,0.0,0.0,0.0,0.0,0.0,-0.009709026017676824,8.159066350363856,376.0
마라15ab98ba,0.06622516556291391,0.0,0.0,0.0,0.0,0.0,0.0,0.0,-0.006068141261048016,2.23893334135549,266.0
마라15ab98bb,0.33112582781456956,0.28,0.0,0.0,0.0,0.0,0.0,0.13333333333333333,-0.06761581896503527,1.5174707831850696,1296.0
마라15ab99aa,0.3443708609271523,0.12,0.0,0.0,0.0,0.0780817706732247,0.0,0.0,-0.05276843733541907,3.684414995057856,1210.0
마라15ab99ab,0.11258278145695365,0.12,0.0,0.0,0.0,0.0205963725791577,0.0,0.0,-0.02396919316277749,3.6205084835799126,841.0
마라15ab99ba,0.2980132450331126,0.0,0.0,0.0,0.0,0.0,0.0,0.0,-0.02730663567471607,1.2648083160226018,913.0
마라15ab99bb,0.3841059602649007,0.0,0.0,0.0,0.0,0.0,0.0,0.0,-0.035195219314078485,1.2107733430590575,1048.0
마라15ba86aa,0.0,0.0,0.0,0.0,0.0,0.0,0.0,0.0,0.0,3.1130760722045023,62.0
마라15ba86ab,0.0,0.0,0.0,0.0,0.0,0.0,0.0,0.0,0.0,3.1130760722045023,62.0
마라15ba86ba,0.0,0.0,0.0,0.0,0.0,0.0,0.0,0.0,0.0,3.1130760722045023,62.0
마라15ba86bb,0.0,0.0,0.0,0.0,0.0,0.0,0.0,0.0,0.0,3.1130760722045023,62.0
마라15ba87aa,0.0,0.0,0.0,0.0,0.0,0.0,0.0,0.0,0.0,3.1130760722045023,62.0
마라15ba87ab,0.0,0.0,0.0,0.0,0.0,0.0,0.0,0.0,0.0,3.1130760722045023,62.0
마라15ba87ba,0.0,0.0,0.0,0.0,0.0,0.0,0.0,0.0,0.0,3.1130760722045023,62.0
마라15ba87bb,0.0,0.0,0.0,0.0,0.0,0.0,0.0,0.0,0.0,3.1130760722045023,62.0
마라15ba88aa,0.006622516556291391,0.0,0.0,0.0,0.0,0.0,0.0,0.0,-0.0006068141261048015,2.2628047968481355,74.0
마라15ba88ab,0.07947019867549669,0.0,0.0,0.0,0.0,0.003996311097448509,0.0,0.0,-0.007807383132865404,7.114265336664496,315.0
마라15ba88ba,0.0,0.0,0.0,0.0,0.0,0.0,0.0,0.0,0.0,3.1130760722045023,62.0
마라15ba88bb,0.0,0.0,0.0,0.0,0.0,0.0,0.0,0.0,0.0,3.1130760722045023,62.0
마라15ba89aa,0.0,0.0,0.0,0.0,0.0,0.0,0.0,0.0,0.0,3.1130760722045023,62.0
마라15ba89ab,0.0,0.0,0.0,0.0,0.0,0.0,0.0,0.0,0.0,3.1130760722045023,62.0
마라15ba89ba,0.0,0.0,0.0,0.0,0.0,0.0,0.0,0.0,0.0,3.1130760722045023,62.0
마라15ba89bb,0.0,0.0,0.0,0.0,0.0,0.0,0.0,0.0,0.0,3.1130760722045023,62.0
마라15ba90aa,0.0,0.0,0.0,0.0,0.0,0.0,0.0,0.0,0.0,3.1130760722045023,62.0
마라15ba90ab,0.0,0.0,0.0,0.0,0.0,0.0,0.0,0.0,0.0,3.1130760722045023,62.0
마라15ba90ba,0.0,0.0,0.0,0.0,0.0,0.0,0.0,0.0,0.0,3.1130760722045023,62.0
마라15ba90bb,0.0,0.0,0.0,0.0,0.0,0.0,0.0,0.0,0.0,3.1130760722045023,62.0
마라15ba91aa,0.0,0.0,0.0,0.0,0.0,0.0,0.0,0.0,0.0,3.1130760722045023,62.0
마라15ba91ab,0.0,0.0,0.0,0.0,0.0,0.0,0.0,0.0,0.0,3.1130760722045023,62.0
마라15ba91ba,0.0,0.0,0.0,0.0,0.0,0.0,0.0,0.0,0.0,3.1130760722045023,62.0
마라15ba91bb,0.0,0.0,0.0,0.0,0.0,0.0,0.0,0.0,0.0,3.1130760722045023,62.0
마라15ba92aa,0.0,0.0,0.0,0.0,0.0,0.0,0.0,0.0,0.0,3.1130760722045023,62.0
마라15ba92ab,0.0,0.0,0.0,0.0,0.0,0.0,0.0,0.0,0.0,3.1130760722045023,62.0
마라15ba92ba,0.0,0.0,0.0,0.0,0.0,0.0,0.0,0.0,0.0,3.1130760722045023,62.0
마라15ba92bb,0.0,0.0,0.0,0.0,0.0,0.0,0.0,0.0,0.0,3.1130760722045023,62.0
마라15ba93aa,0.033112582781456956,0.0,0.0,0.0,0.0,0.0,0.0,0.0,-0.003034070630524008,2.4791925079025385,171.0
마라15ba93ab,0.1390728476821192,0.0,0.0,0.0,0.0,0.0,0.0,0.0,-0.01274309664820083,1.1812259856545568,478.0
마라15ba93ba,0.033112582781456956,0.0,0.0,0.0,0.0,0.0,0.0,0.18333333333333332,-0.019173998908068365,2.347472871858723,708.0
마라15ba93bb,0.1986754966887417,0.0,0.0,0.0,0.0,0.0,0.0,0.0,-0.018204423783144043,1.202700344628916,678.0
마라15ba94aa,0.08609271523178808,0.0,0.0,0.0,0.0,0.0,0.0,0.0,-0.007888583639362418,7.535394101977326,320.0
마라15ba94ab,0.2185430463576159,0.0,0.0,0.0,0.0,0.003381494005533354,0.0,0.0,-0.020469616147280423,1.1522790992076704,744.0
마라15ba94ba,0.09271523178807947,0.0,0.0,0.0,0.0,0.007377805102981862,0.0,0.0,-0.00946576137089698,7.597450311640676,368.0
마라15ba94bb,0.006622516556291391,0.0,0.0,0.0,0.0,0.0018444512757454655,0.0,0.0,-0.0008494050274622409,2.3518721184154567,80.0
마라15ba95aa,0.0,0.0,0.0,0.0,0.0,0.0,0.0,0.0,0.0,3.1130760722045023,62.0
마라15ba95ab,0.052980132450331126,0.0,0.0,0.0,0.0,0.0046111281893636644,0.0,0.0,-0.005460990262232011,2.4620480392552273,241.0
마라15ba95ba,0.006622516556291391,0.0,0.0,0.0,0.0,0.0,0.0,0.0,-0.0006068141261048015,2.2628047968481355,74.0
마라15ba95bb,0.006622516556291391,0.0,0.0,0.0,0.0,0.0,0.0,0.0,-0.0006068141261048015,2.2628047968481355,74.0
마라15ba96aa,0.0728476821192053,0.0,0.0,0.0,0.0,0.0,0.0,0.0,-0.0066749553871528165,2.317230044652193,286.0
마라15ba96ab,0.0,0.0,0.0,0.0,0.0,0.0,0.0,0.0,0.0,3.1130760722045023,62.0
마라15ba96ba,0.24503311258278146,0.0,0.0,0.0,0.0,0.0,0.0,0.0,-0.022452122665877657,1.2391808086093798,798.0
마라15ba96bb,0.26490066225165565,0.0,0.0,0.0,0.0,0.0,0.0,0.0,-0.024272565044192063,1.2648083160226018,848.0
마라15ba97aa,0.2185430463576159,0.0,0.0,0.0,0.0,0.0,0.0,0.0,-0.02002486616145845,1.202700344628916,729.0
마라15ba97ab,0.08609271523178808,0.0,0.0,0.0,0.0,0.0,0.0,0.0,-0.007888583639362418,7.535394101977326,320.0
마라15ba97ba,0.11258278145695365,0.0,0.0,0.0,0.0,0.0,0.0,0.0,-0.010315840143781625,2.5908635180669357,396.0
마라15ba97bb,0.17880794701986755,0.0,0.0,0.0,0.0,0.0,0.0,0.0,-0.01638398140482964,1.202700344628916,607.0
마라15ba98aa,0.16556291390728478,0.04,0.0,0.0,0.0,0.0,0.0,0.0,-0.01881849358167708,3.4430536804465364,696.0
마라15ba98ab,0.06622516556291391,0.0,0.0,0.0,0.0,0.0,0.0,0.0,-0.006068141261048016,2.23893334135549,266.0
마라15ba98ba,0.19205298013245034,0.0,0.0,0.0,0.0,0.0027666769136181985,0.0,0.0,-0.0179614960090754,1.1522790992076704,666.0
마라15ba98bb,0.11920529801324503,0.0,0.0,0.0,0.0,0.0,0.0,0.0,-0.010922654269886426,1.1786747273890128,417.0
마라15ba99aa,0.18543046357615894,0.0,0.0,0.0,0.0,0.0,0.0,0.0,-0.016990795530934442,1.202700344628916,629.0
마라15ba99ab,0.152317880794702,0.0,0.0,0.0,0.0,0.0,0.0,0.0,-0.013956724900410434,1.1812259856545568,520.0
마라15ba99ba,0.46357615894039733,0.0,0.0,0.0,0.0,0.0,0.0,0.0,-0.0424769888273361,1.1885022807879952,1129.0
마라15ba99bb,0.4105960264900662,0.0,0.0,0.0,0.0,0.0,0.0,0.0,-0.03762247581849769,1.1885022807879952,1079.0
마라15bb85bb,0.0,0.0,0.0,0.0,0.0,0.0,0.0,0.0,0.0,3.1130760722045023,62.0
마라15bb86aa,0.0,0.0,0.0,0.0,0.0,0.0,0.0,0.0,0.0,3.1130760722045023,62.0
마라15bb86ab,0.0,0.0,0.0,0.0,0.0,0.0,0.0,0.0,0.0,3.1130760722045023,62.0
마라15bb86ba,0.0,0.0,0.0,0.0,0.0,0.0,0.0,0.0,0.0,3.1130760722045023,62.0
마라15bb86bb,0.0,0.0,0.0,0.0,0.0,0.0,0.0,0.0,0.0,3.1130760722045023,62.0
마라15bb87aa,0.0,0.0,0.0,0.0,0.0,0.0,0.0,0.0,0.0,3.1130760722045023,62.0
마라15bb87ab,0.0,0.0,0.0,0.0,0.0,0.0,0.0,0.0,0.0,3.1130760722045023,62.0
마라15bb87ba,0.0,0.0,0.0,0.0,0.0,0.0,0.0,0.0,0.0,3.1130760722045023,62.0
마라15bb87bb,0.0,0.0,0.0,0.0,0.0,0.0,0.0,0.0,0.0,3.1130760722045023,62.0
마라15bb88aa,0.006622516556291391,0.0,0.0,0.0,0.0,0.0,0.0,0.13802986516666668,-0.01275840752946363,2.2060461515044403,482.0
마라15bb88ba,0.0,0.0,0.0,0.0,0.0,0.0,0.0,0.0,0.0,3.1130760722045023,62.0
마라15bb89aa,0.0,0.0,0.0,0.0,0.0,0.0,0.0,0.0,0.0,3.1130760722045023,62.0
마라15bb89ab,0.0,0.0,0.0,0.0,0.0,0.0,0.0,0.0,0.0,3.1130760722045023,62.0
마라15bb89ba,0.0,0.0,0.0,0.0,0.0,0.0,0.0,0.0,0.0,3.1130760722045023,62.0
마라15bb89bb,0.0,0.0,0.0,0.0,0.0,0.0,0.0,0.0,0.0,3.1130760722045023,62.0
마라15bb90aa,0.0,0.0,0.0,0.0,0.0,0.0,0.0,0.0,0.0,3.1130760722045023,62.0
마라15bb90ab,0.0,0.0,0.0,0.0,0.0,0.0,0.0,0.0,0.0,3.1130760722045023,62.0
마라15bb90ba,0.0,0.0,0.0,0.0,0.0,0.0,0.0,0.0,0.0,3.1130760722045023,62.0
마라15bb90bb,0.0,0.0,0.0,0.0,0.0,0.0,0.0,0.0,0.0,3.1130760722045023,62.0
마라15bb91aa,0.0,0.0,0.0,0.0,0.0,0.0,0.0,0.0,0.0,3.1130760722045023,62.0
마라15bb91ab,0.0,0.0,0.0,0.0,0.0,0.0,0.0,0.0,0.0,3.1130760722045023,62.0
마라15bb91ba,0.0,0.0,0.0,0.0,0.0,0.0,0.0,0.0,0.0,3.1130760722045023,62.0
마라15bb91bb,0.0,0.0,0.0,0.0,0.0,0.0,0.0,0.0,0.0,3.1130760722045023,62.0
마라15bb92aa,0.0,0.0,0.0,0.0,0.0,0.0,0.0,0.0,0.0,3.1130760722045023,62.0
마라15bb92ab,0.006622516556291391,0.0,0.0,0.0,0.0,0.0018444512757454655,0.0,0.0,-0.0008494050274622409,2.3518721184154567,80.0
마라15bb92ba,0.013245033112582781,0.0,0.0,0.0,0.0,0.0018444512757454655,0.0,0.0,-0.0014562191535670425,2.3736648626827885,101.0
마라15bb92bb,0.033112582781456956,0.0,0.0,0.0,0.0,0.0021518598217030436,0.0,0.2,-0.0209242878333682,2.6245438781409574,757.0
마라15bb93aa,0.0,0.0,0.0,0.0,0.0,0.0,0.0,0.058333333333333334,-0.005135431724673205,3.054308319489381,230.0
마라15bb93ab,0.0,0.0,0.0,0.0,0.0,0.0,0.0,0.0,0.0,3.1130760722045023,62.0
마라15bb93ba,0.1456953642384106,0.0,0.0,0.0,0.0,0.0,0.0,0.2375,-0.03425845422476083,1.6628819830962698,1038.0
마라15bb93bb,0.09933774834437085,0.0,0.0,0.0,0.0,0.0,0.0,0.11275289016666666,-0.019028522220894767,3.139567418768655,702.0
마라15bb94aa,0.059602649006622516,0.0,0.0,0.0,0.0,0.0,0.0,0.0,-0.005461327134943213,2.228727806149955,242.0
마라15bb94ab,0.11920529801324503,0.0,0.0,0.0,0.0,0.0,0.0,0.09827793833333334,-0.01957464813878603,0.4545589410589411,716.0
마라15bb94ba,0.10596026490066225,0.0,0.0,0.0,0.0,0.0027666769136181985,0.0,0.0,-0.010072912369712984,7.658376528281179,389.0
마라15bb94bb,0.13245033112582782,0.0,0.0,0.0,0.0,0.0027666769136181985,0.0,0.0,-0.012500168874132191,1.1335831522974378,471.0
마라15bb95aa,0.09271523178807947,0.0,0.0,0.0,0.0,0.0030740854595757753,0.0,0.0,-0.008899715934396287,7.658376528281179,352.0
마라15bb95ab,0.1390728476821192,0.0,0.0,0.0,0.0,0.002459268367660621,0.0,0.0,-0.013066551183344084,1.1308047402333115,494.0
마라15bb95ba,0.08609271523178808,0.0,0.0,0.0,0.0,0.0,0.0,0.0,-0.007888583639362418,7.535394101977326,320.0
마라15bb95bb,0.0728476821192053,0.0,0.0,0.0,0.0,0.0,0.0,0.24458574183333334,-0.028207299010243624,2.5861931316018083,936.0
마라15bb96aa,0.013245033112582781,0.0,0.0,0.0,0.0,0.0,0.0,0.0,-0.001213628252209603,2.2845975411154673,93.0
마라15bb96ab,0.033112582781456956,0.0,0.0,0.0,0.0,0.0,0.0,0.0,-0.003034070630524008,2.4791925079025385,171.0
마라15bb96ba,0.33112582781456956,0.0,0.0,0.0,0.0,0.0,0.0,0.0,-0.03034070630524008,1.2648083160226018,975.0
마라15bb96bb,0.2781456953642384,0.0,0.0,0.0,0.0,0.0,0.0,0.0,-0.02548619329640166,1.2648083160226018,881.0
마라15bb97aa,0.1986754966887417,0.0,0.0,0.0,0.0,0.0,0.0,0.0,-0.018204423783144043,1.202700344628916,678.0
마라15bb97ab,0.1390728476821192,0.0,0.0,0.0,0.0,0.0,0.0,0.0,-0.01274309664820083,1.1812259856545568,478.0
마라15bb97ba,0.152317880794702,0.0,0.0,0.0,0.0,0.0,0.0,0.0,-0.013956724900410434,1.1812259856545568,520.0
마라15bb97bb,0.09933774834437085,0.0,0.0,0.0,0.0,0.0,0.0,0.0,-0.009102211891572022,8.159066350363856,359.0
마라15bb98aa,0.10596026490066225,0.0,0.0,0.0,0.0,0.0,0.0,0.0,-0.009709026017676824,8.159066350363856,376.0
마라15bb98ab,0.12582781456953643,0.0,0.0,0.0,0.0,0.0,0.0,0.0,-0.011529468395991229,1.1786747273890128,438.0
마라15bb98ba,0.2980132450331126,0.0,0.0,0.0,0.0,0.0,0.0,0.11198217725000001,-0.03716509554296112,0.7211798201798206,1069.0
마라15bb98bb,0.11920529801324503,0.0,0.0,0.0,0.0,0.0,0.0,0.0,-0.010922654269886426,1.1786747273890128,417.0
마라15bb99aa,0.23178807947019867,0.0,0.0,0.0,0.0,0.0,0.0,0.0,-0.02123849441366805,1.202700344628916,765.0
마라15bb99ab,0.1456953642384106,0.0,0.0,0.0,0.0,0.0,0.0,0.0,-0.013349910774305633,1.1812259856545568,502.0
마라15bb99ba,0.17880794701986755,0.0,0.0,0.0,0.0,0.0,0.0,0.0,-0.01638398140482964,1.202700344628916,607.0
마라15bb99bb,0.304635761589404,0.0,0.0,0.0,0.0,0.0,0.0,0.0,-0.027913449800820868,1.2648083160226018,929.0
마라16aa85ba,0.0,0.0,0.0,0.0,0.0,0.0,0.0,0.0,0.0,3.1130760722045023,62.0
마라16aa85bb,0.0,0.0,0.0,0.0,0.0,0.0,0.0,0.0,0.0,3.1130760722045023,62.0
마라16aa86aa,0.0,0.0,0.0,0.0,0.0,0.0,0.0,0.0,0.0,3.1130760722045023,62.0
마라16aa86ab,0.0,0.0,0.0,0.0,0.0,0.0,0.0,0.0,0.0,3.1130760722045023,62.0
마라16aa86ba,0.0,0.0,0.0,0.0,0.0,0.0,0.0,0.0,0.0,3.1130760722045023,62.0
마라16aa86bb,0.0,0.0,0.0,0.0,0.0,0.0,0.0,0.0,0.0,3.1130760722045023,62.0
마라16aa87aa,0.0,0.0,0.0,0.0,0.0,0.0,0.0,0.0,0.0,3.1130760722045023,62.0
마라16aa87ab,0.0,0.0,0.0,0.0,0.0,0.0,0.0,0.0,0.0,3.1130760722045023,62.0
마라16aa87ba,0.0,0.0,0.0,0.0,0.0,0.0,0.0,0.0,0.0,3.1130760722045023,62.0
마라16aa87bb,0.0,0.0,0.0,0.0,0.0,0.0,0.0,0.0,0.0,3.1130760722045023,62.0
마라16aa88aa,0.013245033112582781,0.0,0.0,0.0,0.0,0.0,0.0,0.198175578,-0.01866020797192359,2.492928149438651,690.0
마라16aa88ab,0.11258278145695365,0.0,0.0,0.0,0.0,0.002459268367660621,0.0,0.0,-0.010639294678924879,2.450852529055947,405.0
마라16aa88ba,0.08609271523178808,0.0,0.0,0.0,0.0,0.0,0.2383419689119171,0.0,0.01593297565360167,7.516462876380579,19.0
마라16aa88bb,0.0,0.0,0.0,0.0,0.0,0.0,0.0,0.0,0.0,3.1130760722045023,62.0
마라16aa89aa,0.0,0.0,0.0,0.0,0.0,0.0,0.0,0.0,0.0,3.1130760722045023,62.0
마라16aa89ab,0.0,0.0,0.0,0.0,0.0,0.0,0.0,0.0,0.0,3.1130760722045023,62.0
마라16aa89ba,0.0,0.0,0.0,0.0,0.0,0.0,0.0,0.0,0.0,3.1130760722045023,62.0
마라16aa89bb,0.0,0.0,0.0,0.0,0.0,0.0,0.0,0.0,0.0,3.1130760722045023,62.0
마라16aa90aa,0.0,0.0,0.0,0.0,0.0,0.0,0.0,0.0,0.0,3.1130760722045023,62.0
마라16aa90ab,0.0,0.0,0.0,0.0,0.0,0.0,0.0,0.0,0.0,3.1130760722045023,62.0
마라16aa90ba,0.0,0.0,0.0,0.0,0.0,0.0,0.0,0.0,0.0,3.1130760722045023,62.0
마라16aa90bb,0.0,0.0,0.0,0.0,0.0,0.0,0.0,0.0,0.0,3.1130760722045023,62.0
마라16aa91aa,0.0,0.0,0.0,0.0,0.0,0.0,0.0,0.0,0.0,3.1130760722045023,62.0
마라16aa91ab,0.0,0.0,0.0,0.0,0.0,0.0,0.0,0.0,0.0,3.1130760722045023,62.0
마라16aa91ba,0.0,0.0,0.0,0.0,0.0,0.0,0.0,0.0,0.0,3.1130760722045023,62.0
마라16aa91bb,0.006622516556291391,0.0,0.0,0.0,0.0,0.0,0.0,0.0,-0.0006068141261048015,2.2628047968481355,74.0
마라16aa92aa,0.0,0.0,0.0,0.0,0.0,0.0,0.0,0.0,0.0,3.1130760722045023,62.0
마라16aa92ab,0.006622516556291391,0.0,0.0,0.0,0.0,0.0,0.0,0.08151493256666667,-0.007783060481604065,2.1831743566326454,314.0
마라16aa92ba,0.006622516556291391,0.0,0.0,0.0,0.0,0.0,0.0,0.14138969175000002,-0.013054193129899923,2.2060461515044403,493.0
마라16aa92bb,0.006622516556291391,0.0,0.0,0.0,0.0,0.0,0.0,0.14314908475000002,-0.013209083003529088,2.2060461515044403,500.0
마라16aa93aa,0.0,0.0,0.0,0.0,0.0,0.0,0.0,0.0,0.0,3.1130760722045023,62.0
마라16aa93ab,0.0,0.0,0.0,0.0,0.0,0.0,0.0,0.0,0.0,3.1130760722045023,62.0
마라16aa93ba,0.019867549668874173,0.0,0.0,0.0,0.0,0.0,0.0,0.0,-0.0018204423783144046,2.235757445615273,118.0
마라16aa93bb,0.006622516556291391,0.0,0.0,0.0,0.0,0.0,0.0,0.0,-0.0006068141261048015,2.2628047968481355,74.0
마라16aa94aa,0.07947019867549669,0.0,0.0,0.0,0.0,0.0,0.0,0.0,-0.007281769513257618,7.535394101977326,301.0
마라16aa94ab,0.09933774834437085,0.0,0.0,0.0,0.0,0.0,0.0,0.42013487475,-0.04608919413899066,3.4311158495808223,1161.0
마라16aa94ba,0.31788079470198677,0.0,0.0,0.0,0.0,0.0,0.0,0.0,-0.029127078053030473,1.2648083160226018,953.0
마라16aa94bb,0.1456953642384106,0.0,0.0,0.0,0.0,0.004303719643406086,0.0,0.0,-0.013915956210806326,1.0698785235928092,519.0
마라16aa95aa,0.2980132450331126,0.0,0.0,0.0,0.0,0.0,0.0,0.0,-0.02730663567471607,1.2648083160226018,913.0
마라16aa95ab,0.08609271523178808,0.0,0.0,0.0,0.0,0.0,0.0,0.0,-0.007888583639362418,7.535394101977326,320.0
마라16aa95ba,0.17218543046357615,0.0,0.0,0.0,0.0,0.0046111281893636644,0.0,0.0,-0.016383644532118435,1.0913528825671681,606.0
마라16aa95bb,0.17880794701986755,0.0,0.0,0.0,0.0,0.0018444512757454655,0.0,0.23534441233333334,-0.03734534650026432,1.7554405911548776,1072.0
마라16aa96aa,0.0,0.0,0.0,0.0,0.0,0.0,0.0,0.0,0.0,3.1130760722045023,62.0
마라16aa96ab,0.0728476821192053,0.0,0.0,0.0,0.0,0.0021518598217030436,0.0,0.0,-0.006957978105403163,2.3485404210247443,292.0
마라16aa96ba,0.25165562913907286,0.0,0.0,0.0,0.0,0.0,0.010362694300518135,0.0,-0.022023216822723148,2.4003767793053505,782.0
마라16aa96bb,0.052980132450331126,0.0,0.0,0.0,0.0,0.0,0.0,0.0,-0.004854513008838412,2.092264392579398,222.0
마라16aa97aa,0.19205298013245034,0.0,0.0,0.0,0.0,0.006762988011066708,0.0,0.0,-0.018487109628683187,1.0913528825671681,684.0
마라16aa97ab,0.19205298013245034,0.0,0.0,0.0,0.0,0.0,0.0,0.0,-0.017597609657039243,1.202700344628916,644.0
마라16aa97ba,0.2913907284768212,0.0,0.0,0.0,0.0,0.0,0.0,0.0,-0.026699821548611266,1.2648083160226018,905.0
마라16aa97bb,0.5231788079470199,0.0,0.0,0.0,0.0,0.0,0.0,0.0,-0.04793831596227932,1.0761649514506664,1175.0
마라16aa98aa,0.26490066225165565,0.12,0.0,0.0,0.0,0.0030740854595757753,0.0,0.0,-0.03562130450029225,3.4949286005000317,1050.0
마라16aa98ab,0.31125827814569534,0.0,0.0,0.0,0.0,0.00891484783276975,0.0,0.0,-0.02969278661681996,1.2146434808577664,959.0
마라16aa98ba,0.40397350993377484,0.04,0.0,0.0,0.0,0.0,0.0,0.14490004816666666,-0.05342021876593751,3.6965538984824735,1219.0
마라16aa98bb,0.17880794701986755,0.0,0.0,0.0,0.0,0.0,0.0,0.0,-0.01638398140482964,1.202700344628916,607.0
마라16aa99aa,0.2052980132450331,0.0,0.0,0.0,0.0,0.0,0.0,0.0,-0.018811237909248844,1.202700344628916,695.0
마라16aa99ab,0.07947019867549669,0.0,0.0,0.0,0.0,0.0,0.0,0.0,-0.007281769513257618,7.535394101977326,301.0
마라16aa99ba,0.052980132450331126,0.0,0.0,0.0,0.0,0.0,0.0,0.0,-0.004854513008838412,2.092264392579398,222.0
마라16aa99bb,0.33112582781456956,0.0,0.0,0.0,0.0,0.0,0.0,0.0,-0.03034070630524008,1.2648083160226018,975.0
마라16ab85ba,0.0,0.0,0.0,0.0,0.0,0.0,0.0,0.0,0.0,3.1130760722045023,62.0
마라16ab85bb,0.0,0.0,0.0,0.0,0.0,0.0,0.0,0.0,0.0,3.1130760722045023,62.0
마라16ab86aa,0.0,0.0,0.0,0.0,0.0,0.0,0.0,0.0,0.0,3.1130760722045023,62.0
마라16ab86ab,0.0,0.0,0.0,0.0,0.0,0.0,0.0,0.0,0.0,3.1130760722045023,62.0
마라16ab86ba,0.0,0.0,0.0,0.0,0.0,0.0,0.0,0.0,0.0,3.1130760722045023,62.0
마라16ab86bb,0.0,0.0,0.0,0.0,0.0,0.0,0.0,0.0,0.0,3.1130760722045023,62.0
마라16ab87aa,0.0,0.0,0.0,0.0,0.0,0.0,0.0,0.0,0.0,3.1130760722045023,62.0
마라16ab87ab,0.0,0.0,0.0,0.0,0.0,0.0,0.0,0.0,0.0,3.1130760722045023,62.0
마라16ab87ba,0.0,0.0,0.0,0.0,0.0,0.0,0.0,0.0,0.0,3.1130760722045023,62.0
마라16ab87bb,0.006622516556291391,0.0,0.0,0.0,0.0,0.0,0.0,0.0,-0.0006068141261048015,2.2628047968481355,74.0
마라16ab88aa,0.039735099337748346,0.08,0.0,0.0,0.0,0.0018444512757454655,0.0,0.0,-0.01117975651610033,4.492261131223623,425.0
마라16ab88ab,0.033112582781456956,0.0,0.0,0.0,0.0,0.004303719643406086,0.0,0.0,-0.0036001160670246996,2.7994965828680267,191.0
마라16ab88ba,0.006622516556291391,0.0,0.0,0.0,0.0,0.0,0.0,0.0,-0.0006068141261048015,2.2628047968481355,74.0
마라16ab88bb,0.0,0.0,0.0,0.0,0.0,0.0,0.0,0.0,0.0,3.1130760722045023,62.0
마라16ab89aa,0.0,0.0,0.0,0.0,0.0,0.0,0.0,0.0,0.0,3.1130760722045023,62.0
마라16ab89ab,0.0,0.0,0.0,0.0,0.0,0.0,0.0,0.0,0.0,3.1130760722045023,62.0
마라16ab89ba,0.0,0.0,0.0,0.0,0.0,0.0,0.0,0.0,0.0,3.1130760722045023,62.0
마라16ab89bb,0.0,0.0,0.0,0.0,0.0,0.0,0.0,0.0,0.0,3.1130760722045023,62.0
마라16ab90aa,0.0,0.0,0.0,0.0,0.0,0.0,0.0,0.0,0.0,3.1130760722045023,62.0
마라16ab90ab,0.0,0.0,0.0,0.0,0.0,0.0,0.0,0.0,0.0,3.1130760722045023,62.0
마라16ab90ba,0.0,0.0,0.0,0.0,0.0,0.0,0.0,0.0,0.0,3.1130760722045023,62.0
마라16ab90bb,0.0,0.0,0.0,0.0,0.0,0.0,0.0,0.0,0.0,3.1130760722045023,62.0
마라16ab91aa,0.0,0.0,0.0,0.0,0.0,0.0,0.0,0.0,0.0,3.1130760722045023,62.0
마라16ab91ab,0.0,0.0,0.0,0.0,0.0,0.0,0.0,0.0,0.0,3.1130760722045023,62.0
마라16ab91ba,0.0,0.0,0.0,0.0,0.0,0.0,0.0,0.0,0.0,3.1130760722045023,62.0
마라16ab91bb,0.0,0.0,0.0,0.0,0.0,0.0,0.0,0.0,0.0,3.1130760722045023,62.0
마라16ab92aa,0.0,0.0,0.0,0.0,0.0,0.0,0.0,0.0,0.0,3.1130760722045023,62.0
마라16ab92ab,0.0,0.0,0.0,0.0,0.0,0.0,0.0,0.0,0.0,3.1130760722045023,62.0
마라16ab92ba,0.013245033112582781,0.0,0.0,0.0,0.0,0.0018444512757454655,0.0,0.0,-0.0014562191535670425,2.3736648626827885,101.0
마라16ab92bb,0.0,0.0,0.0,0.0,0.0,0.0,0.0,0.0,0.0,3.1130760722045023,62.0
마라16ab93aa,0.0,0.0,0.0,0.0,0.0,0.0,0.0,0.0,0.0,3.1130760722045023,62.0
마라16ab93ab,0.0,0.0,0.0,0.0,0.0,0.0,0.0,0.18697013483333333,-0.016460097634106174,3.056487806668868,611.0
마라16ab93ba,0.0,0.0,0.0,0.0,0.0,0.0,0.0,0.0,0.0,3.1130760722045023,62.0
마라16ab93bb,0.0,0.0,0.0,0.0,0.0,0.0,0.0,0.0,0.0,3.1130760722045023,62.0
마라16ab94aa,0.039735099337748346,0.0,0.0,0.0,0.0,0.0,0.0,0.0,-0.003640884756628809,2.55175305519838,192.0
마라16ab94ab,0.046357615894039736,0.0,0.0,0.0,0.0,0.0,0.0,0.0,-0.0042476988827336104,2.011401784288219,208.0
마라16ab94ba,0.2781456953642384,0.0,0.0,0.0,0.0,0.0027666769136181985,0.0,0.0,-0.02585007964843782,1.2146434808577664,889.0
마라16ab94bb,0.15894039735099338,0.0,0.0,0.0,0.0,0.0,0.018134715025906738,0.0,-0.012751029080311447,2.2930733605019324,479.0
마라16ab95aa,0.09933774834437085,0.0,0.0,0.0,0.0,0.0,0.0,0.0,-0.009102211891572022,8.159066350363856,359.0
마라16ab95ab,0.08609271523178808,0.0,0.0,0.0,0.0,0.0,0.0,0.0,-0.007888583639362418,7.535394101977326,320.0
마라16ab95ba,0.2185430463576159,0.0,0.0,0.0,0.0,0.003996311097448509,0.0,0.0,-0.020550479781066236,1.0913528825671681,747.0
마라16ab95bb,0.17880794701986755,0.0,0.0,0.0,0.0,0.0,0.0,0.0,-0.01638398140482964,1.202700344628916,607.0
마라16ab96aa,0.019867549668874173,0.0,0.0,0.0,0.0,0.0,0.0,0.0,-0.0018204423783144046,2.235757445615273,118.0
마라16ab96ab,0.07947019867549669,0.0,0.0,0.0,0.0,0.0,0.0,0.0,-0.007281769513257618,7.535394101977326,301.0
마라16ab96ba,0.11258278145695365,0.0,0.0,0.0,0.0,0.0,0.0,0.0,-0.010315840143781625,2.5908635180669357,396.0
마라16ab96bb,0.039735099337748346,0.0,0.0,0.0,0.0,0.003381494005533354,0.0,0.0,-0.004085634742450782,2.702530483861541,205.0
마라16ab97aa,0.09271523178807947,0.0,0.0,0.0,0.0,0.015063018751921302,0.0,0.0,-0.010476556793219642,7.523182912373277,399.0
마라16ab97ab,0.2251655629139073,0.0,0.0,0.0,0.0,0.0,0.0,0.0,-0.02063168028756325,1.202700344628916,748.0
마라16ab97ba,0.3973509933774834,0.0,0.0,0.0,0.0,0.003996311097448509,0.0,0.14166666666666666,-0.04940622394581651,0.6686588887303178,1186.0
마라16ab97bb,0.271523178807947,0.0,0.0,0.0,0.0,0.005225945281278819,0.0,0.0,-0.02556672005747627,1.2146434808577664,883.0
마라16ab98aa,0.033112582781456956,0.0,0.0,0.0,0.0,0.0,0.0,0.0,-0.003034070630524008,2.4791925079025385,171.0
마라16ab98ab,0.07947019867549669,0.0,0.0,0.0,0.0,0.0064555794651091295,0.0,0.0,-0.008130837668008657,7.114265336664496,326.0
마라16ab98ba,0.1986754966887417,0.0,0.0,0.0,0.0,0.0,0.0,0.0,-0.018204423783144043,1.202700344628916,678.0
마라16ab98bb,0.052980132450331126,0.0,0.0,0.0,0.0,0.0,0.0,0.0,-0.004854513008838412,2.092264392579398,222.0
마라16ab99aa,0.013245033112582781,0.0,0.0,0.0,0.0,0.0,0.0,0.0,-0.001213628252209603,2.2845975411154673,93.0
마라16ab99ab,0.0,0.0,0.0,0.0,0.0,0.0,0.0,0.0,0.0,3.1130760722045023,62.0
마라16ab99ba,0.0,0.0,0.0,0.0,0.0,0.0,0.0,0.0,0.0,3.1130760722045023,62.0
마라16ab99bb,0.0,0.0,0.0,0.0,0.0,0.0,0.0,0.0,0.0,3.1130760722045023,62.0
마라16ba85ba,0.0,0.0,0.0,0.0,0.0,0.0,0.0,0.0,0.0,3.1130760722045023,62.0
마라16ba85bb,0.0,0.0,0.0,0.0,0.0,0.0,0.0,0.0,0.0,3.1130760722045023,62.0
마라16ba86aa,0.0,0.0,0.0,0.0,0.0,0.0,0.0,0.0,0.0,3.1130760722045023,62.0
마라16ba86ab,0.0,0.0,0.0,0.0,0.0,0.0,0.0,0.0,0.0,3.1130760722045023,62.0
마라16ba86ba,0.0,0.0,0.0,0.0,0.0,0.0,0.0,0.0,0.0,3.1130760722045023,62.0
마라16ba86bb,0.0,0.0,0.0,0.0,0.0,0.0,0.0,0.0,0.0,3.1130760722045023,62.0
마라16ba87aa,0.0,0.0,0.0,0.0,0.0,0.0,0.0,0.0,0.0,3.1130760722045023,62.0
마라16ba87ab,0.0,0.0,0.0,0.0,0.0,0.0,0.0,0.0,0.0,3.1130760722045023,62.0
마라16ba87ba,0.0,0.0,0.0,0.0,0.0,0.0,0.0,0.0,0.0,3.1130760722045023,62.0
마라16ba87bb,0.013245033112582781,0.0,0.0,0.0,0.0,0.0,0.0,0.0,-0.001213628252209603,2.2845975411154673,93.0
마라16ba88aa,0.0,0.0,0.0,0.0,0.0,0.0,0.0,0.0,0.0,3.1130760722045023,62.0
마라16ba88ab,0.046357615894039736,0.0,0.0,0.0,0.0,0.002459268367660621,0.0,0.0,-0.004571153417876863,2.1150703706114165,213.0
마라16ba88ba,0.0,0.0,0.0,0.0,0.0,0.0,0.0,0.0,0.0,3.1130760722045023,62.0
마라16ba88bb,0.0,0.0,0.0,0.0,0.0,0.0,0.0,0.0,0.0,3.1130760722045023,62.0
마라16ba89aa,0.0,0.0,0.0,0.0,0.0,0.0,0.0,0.0,0.0,3.1130760722045023,62.0
마라16ba89ab,0.0,0.0,0.0,0.0,0.0,0.0,0.0,0.0,0.0,3.1130760722045023,62.0
마라16ba89ba,0.0,0.0,0.0,0.0,0.0,0.0,0.0,0.0,0.0,3.1130760722045023,62.0
마라16ba89bb,0.0,0.0,0.0,0.0,0.0,0.0,0.0,0.0,0.0,3.1130760722045023,62.0
마라16ba90aa,0.0,0.0,0.0,0.0,0.0,0.0,0.0,0.0,0.0,3.1130760722045023,62.0
마라16ba90ab,0.0,0.0,0.0,0.0,0.0,0.0,0.0,0.0,0.0,3.1130760722045023,62.0
마라16ba90ba,0.0,0.0,0.0,0.0,0.0,0.0,0.0,0.0,0.0,3.1130760722045023,62.0
마라16ba90bb,0.0,0.0,0.0,0.0,0.0,0.0,0.0,0.0,0.0,3.1130760722045023,62.0
마라16ba91aa,0.0,0.0,0.0,0.0,0.0,0.0,0.0,0.0,0.0,3.1130760722045023,62.0
마라16ba91ab,0.0,0.0,0.0,0.0,0.0,0.0,0.0,0.0,0.0,3.1130760722045023,62.0
마라16ba91ba,0.0,0.0,0.0,0.0,0.0,0.0,0.0,0.0,0.0,3.1130760722045023,62.0
마라16ba91bb,0.0,0.0,0.0,0.0,0.0,0.0,0.0,0.0,0.0,3.1130760722045023,62.0
마라16ba92aa,0.0,0.0,0.0,0.0,0.0,0.0,0.0,0.0,0.0,3.1130760722045023,62.0
마라16ba92ab,0.006622516556291391,0.0,0.0,0.0,0.0,0.0,0.0,0.0,-0.0006068141261048015,2.2628047968481355,74.0
마라16ba92ba,0.0,0.0,0.0,0.0,0.0,0.002459268367660621,0.0,0.0,-0.0003234545351432526,3.1400062823452384,68.0
마라16ba92bb,0.0,0.0,0.0,0.0,0.0,0.0,0.0,0.0,0.0,3.1130760722045023,62.0
마라16ba93aa,0.0,0.0,0.0,0.0,0.0,0.0,0.0,0.0,0.0,3.1130760722045023,62.0
마라16ba93ab,0.0,0.0,0.0,0.0,0.0,0.0,0.0,0.0,0.0,3.1130760722045023,62.0
마라16ba93ba,0.0,0.0,0.0,0.0,0.0,0.0,0.0,0.0,0.0,3.1130760722045023,62.0
마라16ba93bb,0.0,0.0,0.0,0.0,0.0,0.0,0.0,0.0,0.0,3.1130760722045023,62.0
마라16ba94aa,0.0,0.0,0.0,0.0,0.0,0.0,0.0,0.0,0.0,3.1130760722045023,62.0
마라16ba94ab,0.0,0.0,0.0,0.0,0.0,0.0,0.0,0.0,0.0,3.1130760722045023,62.0
마라16ba94ba,0.013245033112582781,0.0,0.0,0.0,0.0,0.0,0.0,0.0,-0.001213628252209603,2.2845975411154673,93.0
마라16ba94bb,0.06622516556291391,0.0,0.0,0.0,0.0,0.0,0.0,0.0,-0.006068141261048016,2.23893334135549,266.0
마라16ba95aa,0.019867549668874173,0.0,0.0,0.0,0.0,0.0,0.0,0.0,-0.0018204423783144046,2.235757445615273,118.0
마라16ba95ab,0.16556291390728478,0.0,0.0,0.0,0.0,0.0018444512757454655,0.0,0.0,-0.015412944053977478,1.1522790992076704,573.0
마라16ba95ba,0.1986754966887417,0.0,0.0,0.0,0.0,0.002459268367660621,0.0,0.0,-0.018527878318287297,1.1522790992076704,687.0
마라16ba95bb,0.059602649006622516,0.0,0.0,0.0,0.0,0.0,0.0,0.0,-0.005461327134943213,2.228727806149955,242.0
마라16ba96aa,0.013245033112582781,0.0,0.0,0.0,0.0,0.0,0.0,0.0,-0.001213628252209603,2.2845975411154673,93.0
마라16ba96ab,0.0,0.0,0.0,0.0,0.0,0.0,0.0,0.0,0.0,3.1130760722045023,62.0
마라16ba96ba,0.006622516556291391,0.0,0.0,0.0,0.0,0.0,0.0,0.0,-0.0006068141261048015,2.2628047968481355,74.0
마라16ba96bb,0.006622516556291391,0.0,0.0,0.0,0.0,0.0,0.0,0.0,-0.0006068141261048015,2.2628047968481355,74.0
마라16ba97aa,0.019867549668874173,0.0,0.0,0.0,0.0,0.0,0.0,0.0,-0.0018204423783144046,2.235757445615273,118.0
마라16ba97ab,0.2847682119205298,0.0,0.0,0.0,0.0,0.0,0.0,0.0,-0.026093007422506465,1.2648083160226018,893.0
마라16ba97ba,0.36423841059602646,0.0,0.0,0.0,0.0,0.003381494005533354,0.0,0.0,-0.03381952692158605,1.1837678485535625,1033.0
마라16ba97bb,0.1390728476821192,0.0,0.0,0.0,0.0,0.0018444512757454655,0.0,0.0,-0.01298568754955827,1.1308047402333115,489.0
마라16ba98aa,0.0,0.0,0.0,0.0,0.0,0.0,0.010362694300518135,0.0,0.0010357199692593083,3.3884844660798334,54.0
마라16ba98ab,0.0,0.0,0.0,0.0,0.0,0.0,0.0,0.0,0.0,3.1130760722045023,62.0
마라16ba98ba,0.0,0.0,0.0,0.0,0.0,0.0,0.0,0.0,0.0,3.1130760722045023,62.0
마라16ba98bb,0.0,0.0,0.0,0.0,0.0,0.0,0.0,0.0,0.0,3.1130760722045023,62.0
마라16ba99aa,0.0,0.0,0.0,0.0,0.0,0.0,0.0,0.0,0.0,3.1130760722045023,62.0
마라16ba99ab,0.0,0.0,0.0,0.0,0.0,0.0,0.0,0.0,0.0,3.1130760722045023,62.0
마라16ba99ba,0.0,0.0,0.0,0.0,0.0,0.0,0.0,0.0,0.0,3.1130760722045023,62.0
마라16ba99bb,0.006622516556291391,0.0,0.0,0.0,0.0,0.0,0.0,0.0,-0.0006068141261048015,2.2628047968481355,74.0
마라16bb85ba,0.0,0.0,0.0,0.0,0.0,0.0,0.0,0.0,0.0,3.1130760722045023,62.0
마라16bb85bb,0.0,0.0,0.0,0.0,0.0,0.0,0.0,0.0,0.0,3.1130760722045023,62.0
마라16bb86aa,0.0,0.0,0.0,0.0,0.0,0.0,0.0,0.0,0.0,3.1130760722045023,62.0
마라16bb86ab,0.0,0.0,0.0,0.0,0.0,0.0,0.0,0.0,0.0,3.1130760722045023,62.0
마라16bb86ba,0.0,0.0,0.0,0.0,0.0,0.0,0.0,0.0,0.0,3.1130760722045023,62.0
마라16bb86bb,0.0,0.0,0.0,0.0,0.0,0.0,0.0,0.0,0.0,3.1130760722045023,62.0
마라16bb87aa,0.0,0.0,0.0,0.0,0.0,0.0,0.0,0.0,0.0,3.1130760722045023,62.0
마라16bb87ab,0.006622516556291391,0.0,0.0,0.0,0.0,0.0,0.0,0.18361030825,-0.01677112615977468,2.2060461515044403,621.0
마라16bb87ba,0.006622516556291391,0.0,0.0,0.0,0.0,0.0,0.0,0.0,-0.0006068141261048015,2.2628047968481355,74.0
마라16bb87bb,0.006622516556291391,0.0,0.0,0.0,0.0,0.0,0.0,0.49166666666666664,-0.04389116723406467,2.667098916700048,1142.0
마라16bb88aa,0.0,0.0,0.0,0.0,0.0,0.0,0.0,0.0,0.0,3.1130760722045023,62.0
마라16bb88ab,0.0,0.0,0.0,0.0,0.0,0.0,0.0,0.0,0.0,3.1130760722045023,62.0
마라16bb88ba,0.0,0.0,0.0,0.0,0.0,0.0,0.0,0.0,0.0,3.1130760722045023,62.0
마라16bb88bb,0.0,0.0,0.0,0.0,0.0,0.0,0.0,0.0,0.0,3.1130760722045023,62.0
마라16bb89aa,0.0,0.0,0.0,0.0,0.0,0.0,0.0,0.0,0.0,3.1130760722045023,62.0
마라16bb89ab,0.0,0.0,0.0,0.0,0.0,0.0,0.0,0.0,0.0,3.1130760722045023,62.0
마라16bb89ba,0.0,0.0,0.0,0.0,0.0,0.0,0.0,0.0,0.0,3.1130760722045023,62.0
마라16bb89bb,0.0,0.0,0.0,0.0,0.0,0.0,0.0,0.0,0.0,3.1130760722045023,62.0
마라16bb90aa,0.0,0.0,0.0,0.0,0.0,0.0,0.0,0.0,0.0,3.1130760722045023,62.0
마라16bb90ab,0.0,0.0,0.0,0.0,0.0,0.0,0.0,0.0,0.0,3.1130760722045023,62.0
마라16bb90ba,0.006622516556291391,0.0,0.0,0.0,0.0,0.0,0.0,0.11771435449999999,-0.010969911792654425,2.2060461515044403,419.0
마라16bb90bb,0.0,0.0,0.0,0.0,0.0,0.0,0.0,0.0,0.0,3.1130760722045023,62.0
마라16bb91aa,0.0,0.0,0.0,0.0,0.0,0.0,0.0,0.0,0.0,3.1130760722045023,62.0
마라16bb91ab,0.0,0.0,0.0,0.0,0.0,0.0,0.0,0.0,0.0,3.1130760722045023,62.0
마라16bb91ba,0.0,0.0,0.0,0.0,0.0,0.0,0.0,0.0,0.0,3.1130760722045023,62.0
마라16bb91bb,0.0,0.0,0.0,0.0,0.0,0.0,0.0,0.0,0.0,3.1130760722045023,62.0
마라16bb92aa,0.0,0.0,0.0,0.0,0.0,0.0,0.0,0.0,0.0,3.1130760722045023,62.0
마라16bb92ab,0.0,0.0,0.0,0.0,0.0,0.0,0.0,0.0,0.0,3.1130760722045023,62.0
마라16bb92ba,0.006622516556291391,0.0,0.0,0.0,0.0,0.0027666769136181985,0.0,0.0,-0.0009707004781409608,2.399348841046791,83.0
마라16bb92bb,0.006622516556291391,0.0,0.0,0.0,0.0,0.0,0.0,0.0,-0.0006068141261048015,2.2628047968481355,74.0
마라16bb93aa,0.026490066225165563,0.0,0.0,0.0,0.0,0.0,0.0,0.0,-0.002427256504419206,2.235757445615273,144.0
마라16bb93ab,0.0,0.0,0.0,0.0,0.0,0.0,0.0,0.0,0.0,3.1130760722045023,62.0
마라16bb93ba,0.0,0.0,0.0,0.0,0.0,0.0,0.0,0.0,0.0,3.1130760722045023,62.0
마라16bb93bb,0.0,0.0,0.0,0.0,0.0,0.0,0.0,0.0,0.0,3.1130760722045023,62.0
마라16bb94aa,0.0,0.0,0.0,0.0,0.0,0.0,0.0,0.0,0.0,3.1130760722045023,62.0
마라16bb94ab,0.0,0.0,0.0,0.0,0.0,0.0,0.0,0.0,0.0,3.1130760722045023,62.0
마라16bb94ba,0.0,0.0,0.0,0.0,0.0,0.0,0.0,0.0,0.0,3.1130760722045023,62.0
마라16bb94bb,0.0,0.0,0.0,0.0,0.0,0.0,0.0,0.0,0.0,3.1130760722045023,62.0
마라16bb95aa,0.059602649006622516,0.0,0.0,0.0,0.0,0.0,0.0,0.0,-0.005461327134943213,2.228727806149955,242.0
마라16bb95ab,0.1456953642384106,0.0,0.0,0.0,0.0,0.0,0.0,0.0,-0.013349910774305633,1.1812259856545568,502.0
마라16bb95ba,0.07947019867549669,0.0,0.0,0.0,0.0,0.0,0.0,0.0,-0.007281769513257618,7.535394101977326,301.0
마라16bb95bb,0.013245033112582781,0.0,0.0,0.0,0.0,0.0,0.0,0.0,-0.001213628252209603,2.2845975411154673,93.0
마라16bb96aa,0.0,0.0,0.0,0.0,0.0,0.0,0.0,0.0,0.0,3.1130760722045023,62.0
마라16bb96ab,0.0,0.0,0.0,0.0,0.0,0.0,0.0,0.0,0.0,3.1130760722045023,62.0
마라16bb96ba,0.0,0.0,0.0,0.0,0.0,0.0,0.0,0.0,0.0,3.1130760722045023,62.0
마라16bb96bb,0.0,0.0,0.0,0.0,0.0,0.0,0.0,0.0,0.0,3.1130760722045023,62.0
마라16bb97aa,0.0,0.0,0.0,0.0,0.0,0.0,0.0,0.0,0.0,3.1130760722045023,62.0
마라16bb97ab,0.033112582781456956,0.0,0.0,0.0,0.0,0.0,0.0,0.0,-0.003034070630524008,2.4791925079025385,171.0
마라16bb97ba,0.11258278145695365,0.0,0.0,0.0,0.0,0.0,0.0,0.0,-0.010315840143781625,2.5908635180669357,396.0
마라16bb97bb,0.0,0.0,0.0,0.0,0.0,0.0,0.0,0.0,0.0,3.1130760722045023,62.0
마라16bb98aa,0.0,0.0,0.0,0.0,0.0,0.0,0.0,0.0,0.0,3.1130760722045023,62.0
마라16bb98ab,0.006622516556291391,0.0,0.0,0.0,0.0,0.0,0.0,0.0,-0.0006068141261048015,2.2628047968481355,74.0
마라16bb98ba,0.0,0.0,0.0,0.0,0.0,0.0,0.0,0.0,0.0,3.1130760722045023,62.0
마라16bb98bb,0.0,0.0,0.0,0.0,0.0,0.0,0.0,0.0,0.0,3.1130760722045023,62.0
마라16bb99aa,0.0,0.0,0.0,0.0,0.0,0.0,0.0,0.0,0.0,3.1130760722045023,62.0
마라16bb99ab,0.0,0.0,0.0,0.0,0.0,0.0,0.0,0.0,0.0,3.1130760722045023,62.0
마라16bb99ba,0.006622516556291391,0.0,0.0,0.0,0.0,0.0,0.0,0.0,-0.0006068141261048015,2.2628047968481355,74.0
마라16bb99bb,0.2119205298013245,0.0,0.0,0.0,0.0,0.0,0.0,0.0,-0.01941805203535365,1.202700344628916,714.0
마라17aa85ab,0.0,0.0,0.0,0.0,0.0,0.0,0.0,0.0,0.0,3.1130760722045023,62.0
마라17aa85ba,0.0,0.0,0.0,0.0,0.0,0.0,0.0,0.0,0.0,3.1130760722045023,62.0
마라17aa85bb,0.0,0.0,0.0,0.0,0.0,0.0,0.0,0.0,0.0,3.1130760722045023,62.0
마라17aa86aa,0.0,0.0,0.0,0.0,0.0,0.0,0.0,0.0,0.0,3.1130760722045023,62.0
마라17aa86ab,0.0,0.0,0.0,0.0,0.0,0.0,0.0,0.0,0.0,3.1130760722045023,62.0
마라17aa86ba,0.0,0.0,0.0,0.0,0.0,0.0,0.0,0.0,0.0,3.1130760722045023,62.0
마라17aa86bb,0.0,0.0,0.0,0.0,0.0,0.0,0.0,0.0,0.0,3.1130760722045023,62.0
마라17aa87aa,0.0,0.0,0.0,0.0,0.0,0.0,0.5233160621761658,0.0,0.05230385844759507,4.125779158150874,5.0
마라17aa87ab,0.052980132450331126,0.0,0.0,0.0,0.0,0.006148170919151552,0.0,0.0,-0.005663149346696544,2.3506084506387155,249.0
마라17aa87ba,0.046357615894039736,0.0,0.0,0.0,0.0,0.007377805102981862,0.0,0.125,-0.01622255904103452,2.2318018030266855,598.0
마라17aa87bb,0.0,0.0,0.0,0.0,0.0,0.013833384568090992,0.0,0.24166666666666667,-0.023094791762398363,3.433149544378204,812.0
마라17aa88aa,0.006622516556291391,0.0,0.0,0.0,0.0,0.0,0.0,0.0,-0.0006068141261048015,2.2628047968481355,74.0
마라17aa88ab,0.006622516556291391,0.0,0.0,0.0,0.0,0.0,0.0,0.0,-0.0006068141261048015,2.2628047968481355,74.0
마라17aa88ba,0.026490066225165563,0.0,0.0,0.0,0.0,0.0,0.0,0.0,-0.002427256504419206,2.235757445615273,144.0
마라17aa88bb,0.0,0.0,0.0,0.0,0.0,0.0,0.0,0.0,0.0,3.1130760722045023,62.0
마라17aa89aa,0.0,0.0,0.0,0.0,0.0,0.0,0.0,0.0,0.0,3.1130760722045023,62.0
마라17aa89ab,0.0,0.0,0.0,0.0,0.0,0.0,0.0,0.0,0.0,3.1130760722045023,62.0
마라17aa89ba,0.0,0.0,0.0,0.0,0.0,0.0,0.0,0.0,0.0,3.1130760722045023,62.0
마라17aa89bb,0.0,0.0,0.0,0.0,0.0,0.0,0.0,0.0,0.0,3.1130760722045023,62.0
마라17aa90aa,0.0,0.0,0.0,0.0,0.0,0.0,0.0,0.058333333333333334,-0.005135431724673205,3.054308319489381,230.0
마라17aa90ab,0.0,0.0,0.0,0.0,0.0,0.0,0.0,0.0,0.0,3.1130760722045023,62.0
마라17aa90ba,0.0,0.0,0.0,0.0,0.0,0.0,0.0,0.0,0.0,3.1130760722045023,62.0
마라17aa90bb,0.0,0.0,0.0,0.0,0.0,0.0,0.0,0.0,0.0,3.1130760722045023,62.0
마라17aa91aa,0.0,0.0,0.0,0.0,0.0,0.0,0.0,0.0,0.0,3.1130760722045023,62.0
마라17aa91ab,0.0,0.0,0.0,0.0,0.0,0.0,0.0,0.0,0.0,3.1130760722045023,62.0
마라17aa91ba,0.0,0.0,0.0,0.0,0.0,0.0,0.0,0.0,0.0,3.1130760722045023,62.0
마라17aa91bb,0.0,0.0,0.0,0.0,0.0,0.0,0.0,0.0,0.0,3.1130760722045023,62.0
마라17aa92aa,0.0,0.0,0.0,0.0,0.0,0.0,0.0,0.0,0.0,3.1130760722045023,62.0
마라17aa92ab,0.006622516556291391,0.0,0.0,0.0,0.0,0.0,0.0,0.0,-0.0006068141261048015,2.2628047968481355,74.0
마라17aa92ba,0.06622516556291391,0.0,0.0,0.0,0.0,0.0030740854595757753,0.0,0.0,-0.006472459429977082,2.321450174669792,278.0
마라17aa92bb,0.013245033112582781,0.0,0.0,0.0,0.0,0.0018444512757454655,0.0,0.0,-0.0014562191535670425,2.3736648626827885,101.0
마라17aa93aa,0.019867549668874173,0.0,0.0,0.0,0.0,0.0,0.0,0.0,-0.0018204423783144046,2.235757445615273,118.0
마라17aa93ab,0.0,0.0,0.0,0.0,0.0,0.0,0.0,0.0,0.0,3.1130760722045023,62.0
마라17aa93ba,0.0,0.0,0.0,0.0,0.0,0.0,0.0,0.0,0.0,3.1130760722045023,62.0
마라17aa93bb,0.0,0.0,0.0,0.0,0.0,0.0,0.0,0.0,0.0,3.1130760722045023,62.0
마라17aa94aa,0.0,0.0,0.0,0.0,0.0,0.0,0.0,0.0,0.0,3.1130760722045023,62.0
마라17aa94ab,0.0,0.0,0.0,0.0,0.0,0.0,0.0,0.0,0.0,3.1130760722045023,62.0
마라17aa94ba,0.0,0.0,0.0,0.0,0.0,0.0,0.0,0.0,0.0,3.1130760722045023,62.0
마라17aa94bb,0.0,0.0,0.0,0.0,0.0,0.0,0.0,0.0,0.0,3.1130760722045023,62.0
마라17aa95aa,0.08609271523178808,0.0,0.0,0.0,0.0,0.0,0.0,0.0,-0.007888583639362418,7.535394101977326,320.0
마라17aa95ab,0.09271523178807947,0.0,0.0,0.0,0.0,0.0,0.0,0.0,-0.008495397765467221,8.159066350363856,340.0
마라17aa95ba,0.0,0.0,0.0,0.0,0.0,0.0,0.0,0.0,0.0,3.1130760722045023,62.0
마라17aa95bb,0.0,0.0,0.0,0.0,0.0,0.0,0.0,0.0,0.0,3.1130760722045023,62.0
마라17aa96aa,0.0,0.0,0.0,0.0,0.0,0.0,0.0,0.0,0.0,3.1130760722045023,62.0
마라17aa96ab,0.0,0.0,0.0,0.0,0.0,0.0,0.0,0.0,0.0,3.1130760722045023,62.0
마라17aa96ba,0.0,0.0,0.0,0.0,0.0,0.0,0.0,0.0,0.0,3.1130760722045023,62.0
마라17aa96bb,0.0,0.0,0.0,0.0,0.0,0.0,0.0,0.0,0.0,3.1130760722045023,62.0
마라17aa97aa,0.006622516556291391,0.0,0.0,0.0,0.0,0.0,0.0,0.0,-0.0006068141261048015,2.2628047968481355,74.0
마라17aa97ab,0.0,0.0,0.0,0.0,0.0,0.0018444512757454655,0.0,0.0,-0.00024259090135743942,3.0906401747686045,66.0
마라17aa97ba,0.0,0.0,0.0,0.0,0.0,0.0,0.0,0.0,0.0,3.1130760722045023,62.0
마라17aa97bb,0.0,0.0,0.0,0.0,0.0,0.0,0.0,0.0,0.0,3.1130760722045023,62.0
마라17aa98aa,0.0,0.0,0.0,0.0,0.0,0.0,0.0,0.0,0.0,3.1130760722045023,62.0
마라17aa98ab,0.0,0.0,0.0,0.0,0.0,0.0,0.0,0.0,0.0,3.1130760722045023,62.0
마라17aa98ba,0.0,0.0,0.0,0.0,0.0,0.0,0.0,0.0,0.0,3.1130760722045023,62.0
마라17aa98bb,0.0,0.0,0.0,0.0,0.0,0.0,0.0,0.0,0.0,3.1130760722045023,62.0
마라17aa99aa,0.019867549668874173,0.0,0.0,0.0,0.0,0.0,0.0,0.0,-0.0018204423783144046,2.235757445615273,118.0
마라17aa99ab,0.152317880794702,0.0,0.0,0.0,0.0,0.0,0.0,0.0,-0.013956724900410434,1.1812259856545568,520.0
마라17aa99ba,0.15894039735099338,0.0,0.0,0.0,0.0,0.003381494005533354,0.0,0.0,-0.015008289012337209,1.1522790992076704,559.0
마라17aa99bb,0.2052980132450331,0.0,0.0,0.0,0.0,0.0,0.0,0.0,-0.018811237909248844,1.202700344628916,695.0
마라17ab85ab,0.0,0.0,0.0,0.0,0.0,0.0,0.0,0.0,0.0,3.1130760722045023,62.0
마라17ab85ba,0.0,0.0,0.0,0.0,0.0,0.0,0.0,0.0,0.0,3.1130760722045023,62.0
마라17ab85bb,0.0,0.0,0.0,0.0,0.0,0.0,0.0,0.0,0.0,3.1130760722045023,62.0
마라17ab86aa,0.0,0.0,0.0,0.0,0.0,0.0,0.0,0.0,0.0,3.1130760722045023,62.0
마라17ab86ab,0.0,0.0,0.0,0.0,0.0,0.0,0.0,0.0,0.0,3.1130760722045023,62.0
마라17ab86ba,0.0,0.0,0.0,0.0,0.0,0.0,0.0,0.0,0.0,3.1130760722045023,62.0
마라17ab86bb,0.0,0.0,0.0,0.0,0.0,0.0,0.0,0.0,0.0,3.1130760722045023,62.0
마라17ab87aa,0.019867549668874173,0.0,0.0,0.0,0.0,0.0,0.0,0.0,-0.0018204423783144046,2.235757445615273,118.0
마라17ab87ab,0.006622516556291391,0.0,0.0,0.0,0.0,0.0,0.0,0.0,-0.0006068141261048015,2.2628047968481355,74.0
마라17ab87ba,0.033112582781456956,0.04,0.0,0.0,0.0,0.043959422071933596,0.0,0.0,-0.012463960875266689,4.90622959441169,467.0
마라17ab87bb,0.0,0.0,0.0,0.125,0.0,0.028896403320012296,0.0,0.0,0.0077164289210532935,3.4201685931623134,33.0
마라17ab88aa,0.0,0.0,0.0,0.0,0.0,0.0,0.0,0.0,0.0,3.1130760722045023,62.0
마라17ab88ab,0.059602649006622516,0.0,0.0,0.0,0.0,0.0,0.0,0.0,-0.005461327134943213,2.228727806149955,242.0
마라17ab88ba,0.10596026490066225,0.08,0.0,0.0,0.0,0.004918536735321242,0.0,0.0,-0.017652215946077413,6.900591970275348,652.0
마라17ab88bb,0.0,0.0,0.0,0.0,0.0,0.0,0.0,0.0,0.0,3.1130760722045023,62.0
마라17ab89aa,0.0,0.0,0.0,0.0,0.0,0.0,0.0,0.0,0.0,3.1130760722045023,62.0
마라17ab89ab,0.0,0.0,0.0,0.0,0.0,0.0,0.0,0.0,0.0,3.1130760722045023,62.0
마라17ab89ba,0.0,0.0,0.0,0.0,0.0,0.0,0.0,0.0,0.0,3.1130760722045023,62.0
마라17ab89bb,0.0,0.04,0.0,0.0,0.0,0.0,0.0,0.0,-0.003648140429057041,7.341604299648257,193.0
마라17ab90aa,0.0,0.24,0.0,0.0,0.0,0.28588994774054716,0.0,0.0,-0.05949043228474535,4.568027245749774,1252.0
마라17ab90ab,0.0,0.0,0.0,0.0,0.0,0.0,0.0,0.0,0.0,3.1130760722045023,62.0
마라17ab90ba,0.0,0.0,0.0,0.0,0.0,0.0,0.0,0.0,0.0,3.1130760722045023,62.0
마라17ab90bb,0.0,0.0,0.0,0.0,0.0,0.0,0.0,0.0,0.0,3.1130760722045023,62.0
마라17ab91aa,0.0,0.0,0.0,0.0,0.0,0.0,0.0,0.0,0.0,3.1130760722045023,62.0
마라17ab91ab,0.0,0.0,0.0,0.0,0.0,0.0,0.0,0.0,0.0,3.1130760722045023,62.0
마라17ab91ba,0.0,0.0,0.0,0.0,0.0,0.0,0.0,0.0,0.0,3.1130760722045023,62.0
마라17ab91bb,0.0,0.0,0.0,0.0,0.0,0.0,0.0,0.0,0.0,3.1130760722045023,62.0
마라17ab92aa,0.0,0.0,0.0,0.0,0.0,0.0,0.0,0.0,0.0,3.1130760722045023,62.0
마라17ab92ab,0.006622516556291391,0.0,0.0,0.0,0.0,0.0,0.0,0.0,-0.0006068141261048015,2.2628047968481355,74.0
마라17ab92ba,0.013245033112582781,0.0,0.0,0.0,0.0,0.002459268367660621,0.0,0.0,-0.0015370827873528556,2.4074968966694343,106.0
마라17ab92bb,0.006622516556291391,0.0,0.0,0.0,0.0,0.0,0.0,0.0,-0.0006068141261048015,2.2628047968481355,74.0
마라17ab93aa,0.0,0.0,0.0,0.0,0.0,0.0,0.0,0.0,0.0,3.1130760722045023,62.0
마라17ab93ab,0.0,0.0,0.0,0.0,0.0,0.0,0.0,0.0,0.0,3.1130760722045023,62.0
마라17ab93ba,0.0,0.0,0.0,0.0,0.0,0.0,0.0,0.0,0.0,3.1130760722045023,62.0
마라17ab93bb,0.0,0.0,0.0,0.0,0.0,0.0,0.0,0.0,0.0,3.1130760722045023,62.0
마라17ab94aa,0.0,0.0,0.0,0.0,0.0,0.0,0.0,0.0,0.0,3.1130760722045023,62.0
마라17ab94ab,0.0,0.0,0.0,0.0,0.0,0.0,0.0,0.0,0.0,3.1130760722045023,62.0
마라17ab94ba,0.0,0.0,0.0,0.0,0.0,0.0,0.0,0.0,0.0,3.1130760722045023,62.0
마라17ab94bb,0.0,0.0,0.0,0.0,0.0,0.0,0.0,0.0,0.0,3.1130760722045023,62.0
마라17ab95aa,0.0,0.0,0.0,0.0,0.0,0.0,0.0,0.0,0.0,3.1130760722045023,62.0
마라17ab95ab,0.0,0.0,0.0,0.0,0.0,0.0,0.0,0.0,0.0,3.1130760722045023,62.0
마라17ab95ba,0.0,0.0,0.0,0.0,0.0,0.0,0.0,0.0,0.0,3.1130760722045023,62.0
마라17ab95bb,0.0,0.0,0.0,0.0,0.0,0.0,0.0,0.0,0.0,3.1130760722045023,62.0
마라17ab96aa,0.0,0.0,0.0,0.0,0.0,0.0,0.0,0.0,0.0,3.1130760722045023,62.0
마라17ab96ab,0.0,0.0,0.0,0.0,0.0,0.0,0.0,0.0,0.0,3.1130760722045023,62.0
마라17ab96ba,0.0,0.0,0.0,0.0,0.0,0.0,0.0,0.0,0.0,3.1130760722045023,62.0
마라17ab96bb,0.0,0.0,0.0,0.0,0.0,0.0,0.0,0.0,0.0,3.1130760722045023,62.0
마라17ab97aa,0.0,0.0,0.0,0.0,0.0,0.0,0.0,0.0,0.0,3.1130760722045023,62.0
마라17ab97ab,0.0,0.0,0.0,0.0,0.0,0.0,0.0,0.0,0.0,3.1130760722045023,62.0
마라17ab97ba,0.0,0.0,0.0,0.0,0.0,0.0,0.0,0.0,0.0,3.1130760722045023,62.0
마라17ab97bb,0.0,0.0,0.0,0.0,0.0,0.0,0.0,0.0,0.0,3.1130760722045023,62.0
마라17ab98aa,0.0,0.0,0.0,0.0,0.0,0.0,0.0,0.0,0.0,3.1130760722045023,62.0
마라17ab98ab,0.0,0.0,0.0,0.0,0.0,0.0,0.0,0.0,0.0,3.1130760722045023,62.0
마라17ab98ba,0.0,0.0,0.0,0.0,0.0,0.0,0.0,0.0,0.0,3.1130760722045023,62.0
마라17ab98bb,0.0,0.0,0.0,0.0,0.0,0.0,0.0,0.0,0.0,3.1130760722045023,62.0
마라17ab99aa,0.033112582781456956,0.0,0.0,0.0,0.0,0.0,0.0,0.0,-0.003034070630524008,2.4791925079025385,171.0
마라17ab99ab,0.18543046357615894,0.0,0.0,0.0,0.0,0.004918536735321242,0.0,0.0,-0.01763770460122095,1.0913528825671681,650.0
마라17ab99ba,0.304635761589404,0.0,0.0,0.0,0.0,0.003381494005533354,0.0,0.0,-0.028358199786642842,1.2146434808577664,939.0
마라17ab99bb,0.06622516556291391,0.0,0.0,0.0,0.0,0.0,0.0,0.18802986516666667,-0.022621533285555304,2.255768991688279,802.0
마라17ba85ab,0.0,0.0,0.0,0.0,0.0,0.0,0.0,0.0,0.0,3.1130760722045023,62.0
마라17ba85ba,0.0,0.0,0.0,0.0,0.0,0.0,0.0,0.0,0.0,3.1130760722045023,62.0
마라17ba85bb,0.0,0.0,0.0,0.0,0.0,0.0,0.0,0.0,0.0,3.1130760722045023,62.0
마라17ba86aa,0.0,0.0,0.0,0.0,0.0,0.0,0.0,0.0,0.0,3.1130760722045023,62.0
마라17ba86ab,0.0,0.0,0.0,0.0,0.0,0.0,0.0,0.0,0.0,3.1130760722045023,62.0
마라17ba86ba,0.0,0.0,0.0,0.0,0.0,0.0,0.0,0.0,0.0,3.1130760722045023,62.0
마라17ba86bb,0.0,0.0,0.0,0.0,0.0,0.0,0.0,0.0,0.0,3.1130760722045023,62.0
마라17ba87aa,0.0,0.0,0.0,0.0,0.0,0.0,0.0,0.0,0.0,3.1130760722045023,62.0
마라17ba87ab,0.0,0.0,0.0,0.0,0.0,0.0030740854595757753,0.0,0.0,-0.00040431816892906564,3.1400062823452384,70.0
마라17ba87ba,0.046357615894039736,0.4,0.0,0.0,0.0,0.40977559176145095,0.0,0.0,-0.09462471509154849,2.1172250196374343,1419.0
마라17ba87bb,0.019867549668874173,0.36,0.0,0.125,0.0,0.32616046726098985,0.0,0.0,-0.06603484425421513,2.436780372818471,1286.0
마라17ba88aa,0.0,0.0,0.0,0.0,0.0,0.0,0.0,0.0,0.0,3.1130760722045023,62.0
마라17ba88ab,0.013245033112582781,0.0,0.0,0.0,0.0,0.012603750384260681,0.0,0.0,-0.0028713327448187725,2.8018516681848977,163.0
마라17ba88ba,0.08609271523178808,0.04,0.0,0.0,0.0,0.005225945281278819,0.0,0.0,-0.01222406495559887,6.981863475327075,459.0
마라17ba88bb,0.10596026490066225,0.0,0.0,0.0,0.0,0.051952044266830616,0.0,0.0,-0.016542003072578033,7.473363707768358,614.0
마라17ba89aa,0.006622516556291391,0.0,0.0,0.0,0.0,0.006148170919151552,0.0,0.0,-0.0014154504639629331,2.5133804873368875,99.0
마라17ba89ab,0.006622516556291391,0.04,0.0,0.0,0.0,0.07931140485705503,0.0,0.0,-0.01468636331353174,4.97022074054654,548.0
마라17ba89ba,0.006622516556291391,0.44,0.0,0.0,0.0,0.5093759606517061,0.0,0.0,-0.10773187943727844,2.47371784688614,1449.0
마라17ba89bb,0.019867549668874173,0.24,0.0,0.0,0.0,0.25115278204734093,0.37046632124352336,0.0,-0.019715090453141047,3.086010181068267,722.0
마라17ba90aa,0.0,0.36,0.0,0.0,0.0,0.3897940362742084,0.0,0.6222218208333333,-0.13887871074157193,4.551084720021534,1510.0
마라17ba90ab,0.0,0.0,0.0,0.0,0.0,0.0,0.0,0.0,0.0,3.1130760722045023,62.0
마라17ba90ba,0.0,0.0,0.0,0.0,0.0,0.0,0.0,0.0,0.0,3.1130760722045023,62.0
마라17ba90bb,0.0,0.0,0.0,0.0,0.0,0.0,0.0,0.0,0.0,3.1130760722045023,62.0
마라17ba91aa,0.0,0.0,0.0,0.0,0.0,0.0,0.0,0.0,0.0,3.1130760722045023,62.0
마라17ba91ab,0.026490066225165563,0.0,0.0,0.0,0.0,0.0,0.0,0.0,-0.002427256504419206,2.235757445615273,144.0
마라17ba91ba,0.026490066225165563,0.0,0.0,0.0,0.0,0.0,0.0,0.0,-0.002427256504419206,2.235757445615273,144.0
마라17ba91bb,0.0,0.0,0.0,0.0,0.0,0.0,0.0,0.0,0.0,3.1130760722045023,62.0
마라17ba92aa,0.0,0.0,0.0,0.0,0.0,0.0,0.0,0.0,0.0,3.1130760722045023,62.0
마라17ba92ab,0.006622516556291391,0.0,0.0,0.0,0.0,0.0,0.0,0.0,-0.0006068141261048015,2.2628047968481355,74.0
마라17ba92ba,0.0,0.0,0.0,0.0,0.0,0.0,0.0,0.0,0.0,3.1130760722045023,62.0
마라17ba92bb,0.0,0.0,0.0,0.0,0.0,0.0,0.0,0.0,0.0,3.1130760722045023,62.0
마라17ba93aa,0.0,0.0,0.0,0.0,0.0,0.0,0.0,0.0,0.0,3.1130760722045023,62.0
마라17ba93ab,0.0,0.0,0.0,0.0,0.0,0.0,0.0,0.0,0.0,3.1130760722045023,62.0
마라17ba93ba,0.0,0.0,0.0,0.0,0.0,0.0,0.0,0.0,0.0,3.1130760722045023,62.0
마라17ba93bb,0.006622516556291391,0.0,0.0,0.0,0.0,0.0027666769136181985,0.0,0.0,-0.0009707004781409608,2.399348841046791,83.0
마라17ba94aa,0.013245033112582781,0.0,0.0,0.0,0.0,0.0,0.0,0.0,-0.001213628252209603,2.2845975411154673,93.0
마라17ba94ab,0.0,0.0,0.0,0.0,0.0,0.0,0.0,0.0,0.0,3.1130760722045023,62.0
마라17ba94ba,0.0,0.0,0.0,0.0,0.0,0.0,0.0,0.0,0.0,3.1130760722045023,62.0
마라17ba94bb,0.0,0.0,0.0,0.0,0.0,0.0,0.0,0.0,0.0,3.1130760722045023,62.0
마라17ba95aa,0.0,0.0,0.0,0.0,0.0,0.0,0.0,0.0,0.0,3.1130760722045023,62.0
마라17ba95ab,0.0,0.0,0.0,0.0,0.0,0.0,0.0,0.0,0.0,3.1130760722045023,62.0
마라17ba95ba,0.0,0.0,0.0,0.0,0.0,0.0,0.0,0.0,0.0,3.1130760722045023,62.0
마라17ba95bb,0.0,0.0,0.0,0.0,0.0,0.0,0.0,0.0,0.0,3.1130760722045023,62.0
마라17ba96aa,0.0,0.0,0.0,0.0,0.0,0.0,0.0,0.0,0.0,3.1130760722045023,62.0
마라17ba96ab,0.0,0.0,0.0,0.0,0.0,0.0,0.0,0.0,0.0,3.1130760722045023,62.0
마라17ba96ba,0.0,0.0,0.0,0.0,0.0,0.0,0.0,0.0,0.0,3.1130760722045023,62.0
마라17ba96bb,0.0,0.0,0.0,0.0,0.0,0.0,0.0,0.0,0.0,3.1130760722045023,62.0
마라17ba97aa,0.0,0.0,0.0,0.0,0.0,0.0,0.0,0.0,0.0,3.1130760722045023,62.0
마라17ba97ab,0.0,0.0,0.0,0.0,0.0,0.0,0.0,0.0,0.0,3.1130760722045023,62.0
마라17ba97ba,0.0,0.0,0.0,0.0,0.0,0.0,0.0,0.0,0.0,3.1130760722045023,62.0
마라17ba97bb,0.0,0.0,0.0,0.0,0.0,0.0030740854595757753,0.0,0.0,-0.00040431816892906564,3.1400062823452384,70.0
마라17ba98aa,0.0,0.0,0.0,0.0,0.0,0.0,0.0,0.0,0.0,3.1130760722045023,62.0
마라17ba98ab,0.0,0.0,0.0,0.0,0.0,0.0,0.0,0.0,0.0,3.1130760722045023,62.0
마라17ba98ba,0.0,0.0,0.0,0.0,0.0,0.0,0.0,0.0,0.0,3.1130760722045023,62.0
마라17ba98bb,0.0,0.0,0.0,0.0,0.0,0.0,0.0,0.0,0.0,3.1130760722045023,62.0
마라17ba99aa,0.0,0.0,0.0,0.0,0.0,0.0,0.0,0.20623795758333333,-0.018156359146375832,3.1879114840819356,675.0
마라17ba99ab,0.1456953642384106,0.0,0.0,0.0,0.0,0.002459268367660621,0.0,0.45,-0.05328955289978504,1.6574790526933392,1217.0
마라17ba99ba,0.1390728476821192,0.0,0.0,0.0,0.0,0.0,0.0,0.0,-0.01274309664820083,1.1812259856545568,478.0
마라17ba99bb,0.006622516556291391,0.0,0.0,0.0,0.0,0.0,0.0,0.0,-0.0006068141261048015,2.2628047968481355,74.0
마라17bb85ab,0.0,0.0,0.0,0.0,0.0,0.0,0.0,0.0,0.0,3.1130760722045023,62.0
마라17bb85ba,0.0,0.0,0.0,0.0,0.0,0.0,0.0,0.0,0.0,3.1130760722045023,62.0
마라17bb85bb,0.0,0.0,0.0,0.0,0.0,0.0,0.0,0.0,0.0,3.1130760722045023,62.0
마라17bb86aa,0.0,0.0,0.0,0.0,0.0,0.0,0.0,0.0,0.0,3.1130760722045023,62.0
마라17bb86ab,0.0,0.0,0.0,0.0,0.0,0.0,0.0,0.0,0.0,3.1130760722045023,62.0
마라17bb86ba,0.0,0.0,0.0,0.0,0.0,0.0,0.0,0.0,0.0,3.1130760722045023,62.0
마라17bb86bb,0.0,0.0,0.0,0.0,0.0,0.0,0.0,0.0,0.0,3.1130760722045023,62.0
마라17bb87aa,0.0,0.0,0.0,0.0,0.0,0.0,0.0,0.0,0.0,3.1130760722045023,62.0
마라17bb87ab,0.0,0.0,0.0,0.0,0.0,0.0,0.0,0.0,0.0,3.1130760722045023,62.0
마라17bb87ba,0.059602649006622516,0.28,0.0,0.0,0.0,0.3882569935444205,0.0,0.113800578,-0.09208223942060945,2.1363984744894604,1411.0
마라17bb87bb,0.09271523178807947,0.4,0.0,0.125,0.0,0.3904088533661236,0.0,0.0,-0.08480818980104246,2.6116642514994175,1386.0
마라17bb88aa,0.033112582781456956,0.0,0.0,0.0,0.0,0.0,0.0,0.0,-0.003034070630524008,2.4791925079025385,171.0
마라17bb88ab,0.026490066225165563,0.16,0.0,0.125,0.0,0.18075622502305563,0.0,0.0,-0.029276706844689925,2.386472036466179,955.0
마라17bb88ba,0.019867549668874173,0.24,0.0,0.0,0.0,0.2305564094681832,0.0,0.0,-0.054033147622336575,2.045349353832135,1222.0
마라17bb88bb,0.16556291390728478,0.12,0.0,0.0,0.0,0.2542268675069167,0.0,0.0,-0.0595518870102249,1.9214055759055766,1253.0
마라17bb89aa,0.059602649006622516,0.0,0.0,0.0,0.0,0.1331079003996311,0.0,0.6025433525833334,-0.07601379382124152,2.977857417295683,1334.0
마라17bb89ab,0.006622516556291391,0.04,0.0,0.0,0.0,0.05318167845066093,0.0,0.0,-0.01124965887763468,5.101273243599042,430.0
마라17bb89ba,0.059602649006622516,0.32,0.0,0.0,0.0,0.45896095911466334,0.0,0.0,-0.09501115318850906,2.157695003357418,1421.0
마라17bb89bb,0.12582781456953643,0.0,0.0,0.25,0.0,0.08730402705195205,0.0,0.391980973,-0.03448649110496032,2.5376371723514586,1042.0
마라17bb90aa,0.0,0.16,0.0,0.0,0.0,0.07931140485705503,0.0,0.0,-0.025023970474598062,5.337522332673432,873.0
마라17bb90ab,0.0,0.0,0.0,0.0,0.0,0.0,0.0,0.0,0.0,3.1130760722045023,62.0
마라17bb90ba,0.0,0.0,0.0,0.0,0.0,0.0,0.0,0.2916666666666667,-0.025677158623366027,3.276006722177174,885.0
마라17bb90bb,0.006622516556291391,0.0,0.0,0.0,0.0,0.0,0.0,0.0,-0.0006068141261048015,2.2628047968481355,74.0
마라17bb91aa,0.0,0.0,0.0,0.0,0.0,0.0,0.0,0.0,0.0,3.1130760722045023,62.0
마라17bb91ab,0.026490066225165563,0.04,0.0,0.0,0.0,0.004303719643406086,0.0,0.0,-0.006641442369976939,4.685406669817321,284.0
마라17bb91bb,0.006622516556291391,0.0,0.0,0.0,0.0,0.0,0.0,0.0,-0.0006068141261048015,2.2628047968481355,74.0
마라17bb92aa,0.0,0.0,0.0,0.0,0.0,0.0,0.0,0.0,0.0,3.1130760722045023,62.0
마라17bb92ab,0.0,0.0,0.0,0.0,0.0,0.0,0.0,0.0,0.0,3.1130760722045023,62.0
마라17bb92ba,0.0,0.0,0.0,0.0,0.0,0.0,0.0,0.0,0.0,3.1130760722045023,62.0
마라17bb92bb,0.0,0.0,0.0,0.0,0.0,0.0,0.0,0.0,0.0,3.1130760722045023,62.0
마라17bb93aa,0.0,0.0,0.0,0.0,0.0,0.0,0.0,0.0,0.0,3.1130760722045023,62.0
마라17bb93ab,0.0,0.0,0.0,0.0,0.0,0.0,0.0,0.0,0.0,3.1130760722045023,62.0
마라17bb93ba,0.0,0.0,0.0,0.0,0.0,0.0,0.0,0.0,0.0,3.1130760722045023,62.0
마라17bb93bb,0.0,0.0,0.0,0.0,0.0,0.0,0.0,0.0,0.0,3.1130760722045023,62.0
마라17bb94aa,0.0,0.0,0.0,0.0,0.0,0.0,0.0,0.0,0.0,3.1130760722045023,62.0
마라17bb94ab,0.0,0.0,0.0,0.0,0.0,0.0,0.0,0.0,0.0,3.1130760722045023,62.0
마라17bb94ba,0.0,0.0,0.0,0.0,0.0,0.0,0.0,0.0,0.0,3.1130760722045023,62.0
마라17bb94bb,0.0,0.0,0.0,0.0,0.0,0.0,0.0,0.0,0.0,3.1130760722045023,62.0
마라17bb95aa,0.0,0.0,0.0,0.0,0.0,0.0,0.0,0.0,0.0,3.1130760722045023,62.0
마라17bb95ab,0.0,0.0,0.0,0.0,0.0,0.0,0.0,0.0,0.0,3.1130760722045023,62.0
마라17bb95ba,0.0,0.0,0.0,0.0,0.0,0.0,0.0,0.0,0.0,3.1130760722045023,62.0
마라17bb95bb,0.0,0.0,0.0,0.0,0.0,0.0,0.0,0.0,0.0,3.1130760722045023,62.0
마라17bb96aa,0.0,0.0,0.0,0.0,0.0,0.0,0.0,0.0,0.0,3.1130760722045023,62.0
마라17bb96ab,0.0,0.0,0.0,0.0,0.0,0.0,0.0,0.0,0.0,3.1130760722045023,62.0
마라17bb96ba,0.0,0.0,0.0,0.0,0.0,0.0,0.0,0.0,0.0,3.1130760722045023,62.0
마라17bb96bb,0.0,0.0,0.0,0.0,0.0,0.0,0.0,0.0,0.0,3.1130760722045023,62.0
마라17bb97aa,0.0,0.0,0.0,0.0,0.0,0.0,0.0,0.0,0.0,3.1130760722045023,62.0
마라17bb97ab,0.0,0.0,0.0,0.0,0.0,0.0,0.0,0.0,0.0,3.1130760722045023,62.0
마라17bb97ba,0.013245033112582781,0.0,0.0,0.0,0.0,0.0,0.0,0.0,-0.001213628252209603,2.2845975411154673,93.0
마라17bb97bb,0.0,0.0,0.0,0.0,0.0,0.0,0.0,0.0,0.0,3.1130760722045023,62.0
마라17bb98aa,0.0,0.0,0.0,0.0,0.0,0.0,0.0,0.0,0.0,3.1130760722045023,62.0
마라17bb98ab,0.0,0.0,0.0,0.0,0.0,0.0,0.0,0.0,0.0,3.1130760722045023,62.0
마라17bb98ba,0.006622516556291391,0.0,0.0,0.0,0.0,0.0,0.0,0.175,-0.016013109300124416,2.2060461515044403,592.0
마라17bb98bb,0.0,0.0,0.0,0.0,0.0,0.0,0.02072538860103627,0.0,0.0020714399385186166,3.3884844660798334,49.0
마라17bb99aa,0.026490066225165563,0.0,0.0,0.0,0.0,0.0,0.0,0.0,-0.002427256504419206,2.235757445615273,144.0
마라17bb99ab,0.1390728476821192,0.0,0.0,0.0,0.0,0.0,0.0,0.136199422,-0.024733545207417176,0.6173075020217882,862.0
마라17bb99ba,0.039735099337748346,0.0,0.0,0.0,0.0,0.002459268367660621,0.0,0.0,-0.003964339291772062,2.655421641521578,201.0
마라17bb99bb,0.059602649006622516,0.0,0.0,0.0,0.0,0.0,0.0,0.0,-0.005461327134943213,2.228727806149955,242.0
마라18aa85ba,0.0,0.0,0.0,0.0,0.0,0.0,0.0,0.0,0.0,3.1130760722045023,62.0
마라18aa85bb,0.0,0.0,0.0,0.0,0.0,0.0,0.0,0.0,0.0,3.1130760722045023,62.0
마라18aa86aa,0.0,0.0,0.0,0.0,0.0,0.0,0.0,0.0,0.0,3.1130760722045023,62.0
마라18aa86ab,0.0,0.0,0.0,0.0,0.0,0.0,0.0,0.0,0.0,3.1130760722045023,62.0
마라18aa86ba,0.0,0.0,0.0,0.0,0.0,0.0,0.0,0.0,0.0,3.1130760722045023,62.0
마라18aa86bb,0.0,0.0,0.0,0.0,0.0,0.0,0.0,0.0,0.0,3.1130760722045023,62.0
마라18aa87aa,0.0,0.0,0.0,0.0,0.0,0.0,0.0,0.0,0.0,3.1130760722045023,62.0
마라18aa87ab,0.0,0.0,0.0,0.0,0.0,0.0021518598217030436,0.0,0.0,-0.00028302271825034604,3.1019183702573265,67.0
마라18aa87ba,0.013245033112582781,0.4,0.0,0.0,0.0,0.37719028588994774,0.0,0.3170761079166667,-0.11521897536291048,2.3875816549494173,1467.0
마라18aa87bb,0.033112582781456956,0.36,0.0,0.0,0.0,0.3605902244082385,0.0,0.0,-0.08329385570741678,2.2004134228522485,1378.0
마라18aa88aa,0.006622516556291391,0.32,0.0,0.0,0.0,0.3605902244082385,0.0,0.0,-0.07721845877394054,2.3257813389496316,1342.0
마라18aa88ab,0.033112582781456956,0.48,0.0,0.0,0.0,0.6400245926836766,0.0,0.0,-0.13099079855023998,2.348349930788757,1498.0
마라18aa88ba,0.09271523178807947,0.28,0.0,0.125,0.0,0.32339379034737165,0.0,0.0,-0.06504963243121771,2.463727743562909,1283.0
마라18aa88bb,0.09271523178807947,0.16,0.0,0.0,0.0,0.1441746080541039,0.0,0.0,-0.042050481604468566,2.3692407421384076,1124.0
마라18aa89ab,0.10596026490066225,0.0,0.0,0.0,0.0,0.0064555794651091295,0.0,0.0,-0.010558094172427862,7.597450311640676,402.0
마라18aa89ba,0.026490066225165563,0.4,0.0,0.0,0.0,0.475253612050415,0.0,0.0,-0.10141624971142318,2.294332836771663,1437.0
마라18aa89bb,0.19205298013245034,0.12,0.1,0.25,0.0,0.2920381186596987,0.0,0.0,-0.04391821757449858,2.7848609221466383,1143.0
마라18aa90aa,0.046357615894039736,0.0,0.0,0.125,0.0,0.016292652935751613,0.0,0.0,0.005126434530928853,2.794219456050672,39.0
마라18aa90ab,0.006622516556291391,0.0,0.0,0.0,0.0,0.0,0.0,0.0,-0.0006068141261048015,2.2628047968481355,74.0
마라18aa90ba,0.013245033112582781,0.08,0.0,0.0,0.0,0.10298186289578849,0.0,0.0,-0.022054567769447385,4.603942405099936,784.0
마라18aa90bb,0.0728476821192053,0.4,0.0,0.0,0.0,0.34644943129419,0.0,0.0,-0.08872301731602894,1.9500739207363345,1402.0
마라18aa91aa,0.026490066225165563,0.12,0.0,0.0,0.0,0.03934829388256993,0.0,0.3471700385,-0.049110402289349535,4.474821951381264,1181.0
마라18aa91ab,0.1390728476821192,0.0,0.0,0.0,0.0,0.003381494005533354,0.0,0.0,-0.013187846634022803,1.1308047402333115,499.0
마라18aa91ba,0.052980132450331126,0.04,0.1,0.0,0.0,0.0,0.0,0.0,-0.008502653437895453,4.4674572306772475,341.0
마라18aa91bb,0.059602649006622516,0.12,0.0,0.0,0.0,0.0,0.0,0.0,-0.016405748422114334,4.158384767426212,609.0
마라18aa92aa,0.2781456953642384,0.0,0.0,0.0,0.0,0.0,0.0,0.0,-0.02548619329640166,1.2648083160226018,881.0
마라18aa92ab,0.152317880794702,0.0,0.0,0.0,0.0,0.0,0.0,0.0,-0.013956724900410434,1.1812259856545568,520.0
마라18aa92ba,0.0,0.0,0.0,0.0,0.0,0.0,0.0,0.0,0.0,3.1130760722045023,62.0
마라18aa92bb,0.0,0.0,0.0,0.0,0.0,0.0,0.0,0.0,0.0,3.1130760722045023,62.0
마라18aa93aa,0.0,0.0,0.0,0.0,0.0,0.0,0.0,0.0,0.0,3.1130760722045023,62.0
마라18aa93ab,0.019867549668874173,0.0,0.0,0.0,0.0,0.0,0.0,0.0,-0.0018204423783144046,2.235757445615273,118.0
마라18aa93ba,0.019867549668874173,0.0,0.0,0.0,0.0,0.0,0.007772020725388601,0.0,-0.0010436524013699234,2.823541284448254,85.0
마라18aa93bb,0.0,0.0,0.0,0.0,0.0,0.0,0.0,0.0,0.0,3.1130760722045023,62.0
마라18aa94aa,0.0,0.0,0.0,0.0,0.0,0.0,0.0,0.0,0.0,3.1130760722045023,62.0
마라18aa94ab,0.0,0.0,0.0,0.0,0.0,0.0,0.0,0.0,0.0,3.1130760722045023,62.0
마라18aa94ba,0.0,0.0,0.0,0.0,0.0,0.0,0.0,0.0,0.0,3.1130760722045023,62.0
마라18aa94bb,0.0,0.0,0.0,0.0,0.0,0.0,0.0,0.0,0.0,3.1130760722045023,62.0
마라18aa95aa,0.0,0.0,0.0,0.0,0.0,0.0,0.0,0.0,0.0,3.1130760722045023,62.0
마라18aa95ab,0.0,0.0,0.0,0.0,0.0,0.0,0.0,0.0,0.0,3.1130760722045023,62.0
마라18aa95ba,0.0,0.0,0.0,0.0,0.0,0.0,0.0,0.0,0.0,3.1130760722045023,62.0
마라18aa95bb,0.0,0.0,0.0,0.0,0.0,0.0,0.0,0.0,0.0,3.1130760722045023,62.0
마라18aa96aa,0.0,0.0,0.0,0.0,0.0,0.0,0.0,0.0,0.0,3.1130760722045023,62.0
마라18aa96ab,0.0,0.0,0.0,0.0,0.0,0.0,0.0,0.0,0.0,3.1130760722045023,62.0
마라18aa96ba,0.0,0.0,0.0,0.0,0.0,0.0,0.0,0.0,0.0,3.1130760722045023,62.0
마라18aa96bb,0.0,0.0,0.0,0.0,0.0,0.0,0.0,0.0,0.0,3.1130760722045023,62.0
마라18aa97aa,0.0,0.0,0.0,0.0,0.0,0.0,0.0,0.0,0.0,3.1130760722045023,62.0
마라18aa97ab,0.0,0.0,0.0,0.0,0.0,0.0,0.0,0.0,0.0,3.1130760722045023,62.0
마라18aa97ba,0.0,0.0,0.0,0.0,0.0,0.0,0.0,0.0,0.0,3.1130760722045023,62.0
마라18aa97bb,0.013245033112582781,0.0,0.0,0.0,0.0,0.0,0.0,0.0,-0.001213628252209603,2.2845975411154673,93.0
마라18aa98aa,0.006622516556291391,0.0,0.0,0.0,0.0,0.0,0.0,0.0,-0.0006068141261048015,2.2628047968481355,74.0
마라18aa98ab,0.0,0.0,0.0,0.0,0.0,0.0,0.0,0.0,0.0,3.1130760722045023,62.0
마라18aa98ba,0.0,0.0,0.0,0.0,0.0,0.0,0.0,0.0,0.0,3.1130760722045023,62.0
마라18aa98bb,0.0,0.0,0.0,0.0,0.0,0.0,0.0,0.0,0.0,3.1130760722045023,62.0
마라18aa99aa,0.006622516556291391,0.0,0.0,0.0,0.0,0.0,0.0,0.0,-0.0006068141261048015,2.2628047968481355,74.0
마라18aa99ab,0.039735099337748346,0.0,0.0,0.0,0.0,0.0,0.0,0.0,-0.003640884756628809,2.55175305519838,192.0
마라18aa99ba,0.026490066225165563,0.0,0.0,0.0,0.0,0.0,0.0,0.0,-0.002427256504419206,2.235757445615273,144.0
마라18aa99bb,0.052980132450331126,0.0,0.0,0.0,0.0,0.0,0.0,0.175,-0.020260808182858026,2.031109212547407,734.0
마라18ab85ba,0.0,0.0,0.0,0.0,0.0,0.0,0.0,0.0,0.0,3.1130760722045023,62.0
마라18ab85bb,0.0,0.0,0.0,0.0,0.0,0.0,0.0,0.0,0.0,3.1130760722045023,62.0
마라18ab86aa,0.0,0.0,0.0,0.0,0.0,0.0,0.0,0.0,0.0,3.1130760722045023,62.0
마라18ab86ab,0.0,0.0,0.0,0.0,0.0,0.0,0.0,0.0,0.0,3.1130760722045023,62.0
마라18ab86ba,0.0,0.0,0.0,0.0,0.0,0.0,0.0,0.0,0.0,3.1130760722045023,62.0
마라18ab86bb,0.0,0.0,0.0,0.0,0.0,0.0,0.0,0.0,0.0,3.1130760722045023,62.0
마라18ab87aa,0.0,0.0,0.0,0.0,0.0,0.0,0.0,0.0,0.0,3.1130760722045023,62.0
마라18ab87ab,0.0,0.0,0.0,0.0,0.0,0.0,0.0,0.2713511560833333,-0.023888662893893152,3.276006722177174,837.0
마라18ab87ba,0.059602649006622516,0.08,0.0,0.0,0.0,0.1647709806332616,0.0,0.0,-0.03442906184765522,3.1282861724061424,1040.0
마라18ab87bb,0.09271523178807947,0.0,0.0,0.125,0.0,0.04887795880725484,0.0,0.0,-0.003407036942452854,7.488280472551196,184.0
마라18ab88aa,0.039735099337748346,0.08,0.0,0.0,0.0,0.071318782662158,0.0,0.0,-0.020317347133897216,4.53831334073073,737.0
마라18ab88ab,0.026490066225165563,0.04,0.0,0.0,0.0,0.043959422071933596,0.0,0.0,-0.011857146749161888,4.81213487573121,448.0
마라18ab88ba,0.09271523178807947,0.0,0.0,0.0,0.0,0.059022440823854896,0.0,0.0,-0.01625830660890528,7.473363707768358,601.0
마라18ab88bb,0.06622516556291391,0.08,0.1,0.125,0.0,0.12142637565324316,0.0,0.0,-0.017817970082873683,3.4283475332728197,659.0
마라18ab89aa,0.12582781456953643,0.04,0.0,0.0,0.0,0.050722410083000304,0.0,0.625,-0.07687134137673363,4.336038476074193,1341.0
마라18ab89ba,0.12582781456953643,0.24,0.0,0.0,0.0,0.29849369812480786,0.0,0.0,-0.07267760517334576,0.6106812314669452,1316.0
마라18ab89bb,0.06622516556291391,0.44,0.0,0.0,0.0,0.41500153704272974,0.0,0.0,-0.10078063878609933,2.167900538562953,1435.0
마라18ab90aa,0.0,0.0,0.0,0.0,0.0,0.0027666769136181985,0.0,0.0,-0.0003638863520361592,3.1400062823452384,69.0
마라18ab90ab,0.0,0.0,0.0,0.0,0.0,0.0,0.0,0.2732538535833333,-0.024056168718532403,3.276006722177174,842.0
마라18ab90ba,0.09933774834437085,0.44,0.0,0.0,0.0,0.5284352905010758,0.0,0.0,-0.11873404985010585,2.358877697775364,1473.0
마라18ab90bb,0.09271523178807947,0.32,0.0,0.125,0.0,0.4008607439286812,0.0,0.16925578033333333,-0.09378718792714068,1.8761925961706183,1415.0
마라18ab91aa,0.1456953642384106,0.36,0.0,0.0,0.0,0.43436827543805717,0.0,0.21666666666666667,-0.12238779259713933,1.4589909297052157,1477.0
마라18ab91ab,0.304635761589404,0.2,0.2,0.0,0.0,0.11466338764217644,0.0,0.220761079,-0.08067013591006915,2.4562748124890974,1364.0
마라18ab91ba,0.3509933774834437,0.0,0.2,0.0,0.0,0.0027666769136181985,0.0,0.0,-0.032525035035590635,1.2806787154644295,1011.0
마라18ab91bb,0.1456953642384106,0.0,0.0,0.0,0.0,0.0,0.0,0.0,-0.013349910774305633,1.1812259856545568,502.0
마라18ab92aa,0.2847682119205298,0.0,0.0,0.0,0.0,0.0,0.0,0.0,-0.026093007422506465,1.2648083160226018,893.0
마라18ab92ab,0.09271523178807947,0.0,0.0,0.0,0.0,0.0,0.0,0.0,-0.008495397765467221,8.159066350363856,340.0
마라18ab92ba,0.039735099337748346,0.0,0.0,0.0,0.0,0.0018444512757454655,0.0,0.0,-0.0038834756579862488,2.621589607534932,198.0
마라18ab92bb,0.15894039735099338,0.0,0.0,0.0,0.0,0.0,0.0,0.0,-0.014563539026515237,1.202700344628916,541.0
마라18ab93aa,0.2052980132450331,0.0,0.0,0.0,0.0,0.0,0.0,0.0,-0.018811237909248844,1.202700344628916,695.0
마라18ab93ab,0.1390728476821192,0.0,0.0,0.0,0.0,0.0,0.0,0.0,-0.01274309664820083,1.1812259856545568,478.0
마라18ab93ba,0.006622516556291391,0.0,0.0,0.0,0.0,0.0,0.0,0.0,-0.0006068141261048015,2.2628047968481355,74.0
마라18ab93bb,0.0,0.0,0.0,0.0,0.0,0.0,0.0,0.0,0.0,3.1130760722045023,62.0
마라18ab94aa,0.0,0.0,0.0,0.0,0.0,0.0,0.0,0.0,0.0,3.1130760722045023,62.0
마라18ab94ab,0.0,0.0,0.0,0.0,0.0,0.0,0.0,0.0,0.0,3.1130760722045023,62.0
마라18ab94ba,0.0,0.0,0.0,0.0,0.0,0.0,0.0,0.0,0.0,3.1130760722045023,62.0
마라18ab94bb,0.0,0.0,0.0,0.0,0.0,0.0,0.0,0.0,0.0,3.1130760722045023,62.0
마라18ab95aa,0.0,0.0,0.0,0.0,0.0,0.0,0.0,0.0,0.0,3.1130760722045023,62.0
마라18ab95ab,0.0,0.0,0.0,0.0,0.0,0.0,0.0,0.0,0.0,3.1130760722045023,62.0
마라18ab95ba,0.0,0.0,0.0,0.0,0.0,0.0,0.0,0.0,0.0,3.1130760722045023,62.0
마라18ab95bb,0.0,0.0,0.0,0.0,0.0,0.0,0.0,0.0,0.0,3.1130760722045023,62.0
마라18ab96aa,0.0,0.0,0.0,0.0,0.0,0.0,0.0,0.0,0.0,3.1130760722045023,62.0
마라18ab96ab,0.0,0.0,0.0,0.0,0.0,0.0,0.0,0.0,0.0,3.1130760722045023,62.0
마라18ab96ba,0.0,0.0,0.0,0.0,0.0,0.0,0.0,0.0,0.0,3.1130760722045023,62.0
마라18ab96bb,0.0,0.0,0.0,0.0,0.0,0.0,0.0,0.0,0.0,3.1130760722045023,62.0
마라18ab97aa,0.0,0.0,0.0,0.0,0.0,0.0,0.0,0.0,0.0,3.1130760722045023,62.0
마라18ab97ab,0.0,0.0,0.0,0.0,0.0,0.0,0.0,0.0,0.0,3.1130760722045023,62.0
마라18ab97ba,0.0,0.0,0.0,0.0,0.0,0.0,0.0,0.0,0.0,3.1130760722045023,62.0
마라18ab97bb,0.0,0.0,0.0,0.0,0.0,0.0,0.0,0.0,0.0,3.1130760722045023,62.0
마라18ab98aa,0.0,0.0,0.0,0.0,0.0,0.0,0.0,0.0,0.0,3.1130760722045023,62.0
마라18ab98ab,0.0,0.0,0.0,0.0,0.0,0.0,0.0,0.0,0.0,3.1130760722045023,62.0
마라18ab98ba,0.0,0.0,0.0,0.0,0.0,0.0,0.0,0.0,0.0,3.1130760722045023,62.0
마라18ab98bb,0.006622516556291391,0.0,0.0,0.0,0.0,0.0,0.0,0.0,-0.0006068141261048015,2.2628047968481355,74.0
마라18ab99aa,0.0,0.0,0.0,0.0,0.0,0.0,0.0,0.0,0.0,3.1130760722045023,62.0
마라18ab99ab,0.019867549668874173,0.0,0.0,0.0,0.0,0.0018444512757454655,0.0,0.0,-0.002063033279671844,2.3289486988065264,129.0
마라18ab99ba,0.0728476821192053,0.0,0.0,0.0,0.0,0.0021518598217030436,0.0,0.0,-0.006957978105403163,2.3485404210247443,292.0
마라18ab99bb,0.013245033112582781,0.0,0.0,0.0,0.0,0.0,0.0,0.0,-0.001213628252209603,2.2845975411154673,93.0
마라18ba85ba,0.0,0.0,0.0,0.0,0.0,0.0,0.0,0.0,0.0,3.1130760722045023,62.0
마라18ba85bb,0.0,0.0,0.0,0.0,0.0,0.0,0.0,0.0,0.0,3.1130760722045023,62.0
마라18ba86aa,0.0,0.0,0.0,0.0,0.0,0.0,0.0,0.0,0.0,3.1130760722045023,62.0
마라18ba86ab,0.0,0.0,0.0,0.0,0.0,0.0,0.0,0.0,0.0,3.1130760722045023,62.0
마라18ba86ba,0.0,0.0,0.0,0.0,0.0,0.0,0.0,0.0,0.0,3.1130760722045023,62.0
마라18ba86bb,0.0,0.0,0.0,0.0,0.0,0.0,0.0,0.0,0.0,3.1130760722045023,62.0
마라18ba87aa,0.0,0.0,0.0,0.0,0.0,0.0,0.0,0.0,0.0,3.1130760722045023,62.0
마라18ba87ab,0.046357615894039736,0.0,0.0,0.0,0.0,0.04180756225023055,0.0,0.0,-0.009746425980168904,2.541025516315166,379.0
마라18ba87ba,0.09933774834437085,0.2,0.0,0.0,0.0,0.17553027974177682,0.0,0.0,-0.05042948148270689,2.0387360616337262,1194.0
마라18ba87bb,0.033112582781456956,0.0,0.0,0.0,0.0,0.005533353827236397,0.0,0.0,-0.0037618433345963263,2.6880569942515153,196.0
마라18ba88aa,0.0,0.0,0.0,0.0,0.0,0.0,0.0,0.0,0.0,3.1130760722045023,62.0
마라18ba88ab,0.0,0.0,0.0,0.0,0.0,0.0,0.0,0.0,0.0,3.1130760722045023,62.0
마라18ba88ba,0.039735099337748346,0.0,0.0,0.0,0.0,0.0046111281893636644,0.0,0.0,-0.004247362010022408,2.8720571301638675,207.0
마라18ba88bb,0.0728476821192053,0.0,0.0,0.25,0.0,0.050722410083000304,0.0,0.0,0.009687834243490623,3.0140600387483976,29.0
마라18ba89aa,0.23178807947019867,0.04,0.0,0.0,0.0,0.06117430064555794,0.0,0.0,-0.0329325664044135,3.4880214838071986,1019.0
마라18ba89ab,0.13245033112582782,0.0,0.1,0.0,0.0,0.05656317245619428,0.0,0.0,-0.019575736830390843,0.9603285735428589,717.0
마라18ba89ba,0.09933774834437085,0.08,0.0,0.0,0.0,0.08300030740854596,0.0,0.0,-0.027315083310770878,6.908148659617751,915.0
마라18ba89bb,0.013245033112582781,0.44,0.0,0.125,0.0,0.36458653550568704,0.0,0.5566233140833333,-0.12678116282645982,2.5267365241596025,1489.0
마라18ba90aa,0.013245033112582781,0.12,0.0,0.0,0.0,0.13956347986474024,0.0,0.0,-0.03051409440876031,3.59540093202275,981.0
마라18ba90ab,0.059602649006622516,0.44,0.0,0.25,0.0,0.540731632339379,0.0,0.21666666666666667,-0.11275085904286364,2.3923897900886133,1464.0
마라18ba90ba,0.09933774834437085,0.4,0.0,0.0,0.0,0.3409160774669534,0.0,0.21666666666666667,-0.10949696180801913,1.5176624527029754,1454.0
마라18ba90bb,0.11258278145695365,0.48,0.0,0.125,0.0,0.45250537964955423,0.0,0.0,-0.10209214004983808,1.7252354788069093,1439.0
마라18ba91aa,0.13245033112582782,0.4,0.0,0.0,0.0,0.35321241930525665,0.0,0.15,-0.10827924028606148,0.809949415663701,1451.0
마라18ba91ab,0.304635761589404,0.0,0.0,0.0,0.0,0.006148170919151552,0.0,0.0,-0.028722086138679,1.2146434808577664,945.0
마라18ba91ba,0.2119205298013245,0.0,0.0,0.0,0.0,0.0,0.0,0.0,-0.01941805203535365,1.202700344628916,714.0
마라18ba91bb,0.2119205298013245,0.0,0.0,0.0,0.0,0.0,0.0,0.0,-0.01941805203535365,1.202700344628916,714.0
마라18ba92aa,0.1390728476821192,0.0,0.0,0.0,0.0,0.0,0.0,0.0,-0.01274309664820083,1.1812259856545568,478.0
마라18ba92ab,0.039735099337748346,0.0,0.0,0.0,0.0,0.0,0.0,0.0,-0.003640884756628809,2.55175305519838,192.0
마라18ba92ba,0.36423841059602646,0.0,0.0,0.0,0.0,0.0,0.0,0.11666666666666667,-0.04364564038511049,0.6897303173017462,1137.0
마라18ba92bb,0.2582781456953642,0.0,0.0,0.0,0.0,0.0,0.0,0.14166666666666666,-0.036137513678007896,0.7700944373087235,1057.0
마라18ba93aa,0.10596026490066225,0.0,0.0,0.0,0.0,0.003688902551490931,0.0,0.0,-0.010194207820391703,7.658376528281179,391.0
마라18ba93ab,0.08609271523178808,0.0,0.0,0.0,0.0,0.0,0.0,0.0,-0.007888583639362418,7.535394101977326,320.0
마라18ba93ba,0.0,0.0,0.0,0.0,0.0,0.0,0.0,0.0,0.0,3.1130760722045023,62.0
마라18ba93bb,0.0,0.0,0.0,0.0,0.0,0.0,0.0,0.0,0.0,3.1130760722045023,62.0
마라18ba94aa,0.0,0.0,0.0,0.0,0.0,0.0,0.0,0.0,0.0,3.1130760722045023,62.0
마라18ba94ab,0.0,0.0,0.0,0.0,0.0,0.0,0.0,0.0,0.0,3.1130760722045023,62.0
마라18ba94ba,0.0,0.0,0.0,0.0,0.0,0.0,0.0,0.0,0.0,3.1130760722045023,62.0
마라18ba94bb,0.0,0.0,0.0,0.0,0.0,0.0,0.0,0.0,0.0,3.1130760722045023,62.0
마라18ba95aa,0.019867549668874173,0.0,0.0,0.0,0.0,0.0,0.0,0.0,-0.0018204423783144046,2.235757445615273,118.0
마라18ba95ab,0.0,0.0,0.0,0.0,0.0,0.0,0.0,0.0,0.0,3.1130760722045023,62.0
마라18ba95ba,0.0,0.0,0.0,0.0,0.0,0.0,0.0,0.0,0.0,3.1130760722045023,62.0
마라18ba95bb,0.0,0.0,0.0,0.0,0.0,0.0,0.0,0.0,0.0,3.1130760722045023,62.0
마라18ba96aa,0.0,0.0,0.0,0.0,0.0,0.0,0.0,0.0,0.0,3.1130760722045023,62.0
마라18ba96ab,0.0,0.0,0.0,0.0,0.0,0.0,0.0,0.0,0.0,3.1130760722045023,62.0
마라18ba96ba,0.0,0.0,0.0,0.0,0.0,0.0,0.0,0.0,0.0,3.1130760722045023,62.0
마라18ba96bb,0.0,0.0,0.0,0.0,0.0,0.0,0.0,0.0,0.0,3.1130760722045023,62.0
마라18ba97aa,0.0,0.0,0.0,0.0,0.0,0.0,0.0,0.0,0.0,3.1130760722045023,62.0
마라18ba97ab,0.0,0.0,0.0,0.0,0.0,0.0,0.0,0.0,0.0,3.1130760722045023,62.0
마라18ba97ba,0.0,0.0,0.0,0.0,0.0,0.0,0.0,0.0,0.0,3.1130760722045023,62.0
마라18ba97bb,0.0,0.0,0.0,0.0,0.0,0.0,0.0,0.0,0.0,3.1130760722045023,62.0
마라18ba98aa,0.0,0.0,0.0,0.0,0.0,0.0,0.0,0.0,0.0,3.1130760722045023,62.0
마라18ba98ab,0.0,0.0,0.0,0.0,0.0,0.0,0.0,0.0,0.0,3.1130760722045023,62.0
마라18ba98ba,0.0,0.0,0.0,0.0,0.0,0.0,0.0,0.21237957608333333,-0.01869704250327423,3.1879114840819356,691.0
마라18ba98bb,0.0,0.0,0.0,0.0,0.0,0.0,0.0,0.0,0.0,3.1130760722045023,62.0
마라18ba99aa,0.0,0.0,0.0,0.0,0.0,0.0,0.0,0.0,0.0,3.1130760722045023,62.0
마라18ba99ab,0.013245033112582781,0.0,0.0,0.0,0.0,0.002459268367660621,0.0,0.0,-0.0015370827873528556,2.4074968966694343,106.0
마라18ba99ba,0.0,0.0,0.0,0.0,0.0,0.0,0.0,0.0,0.0,3.1130760722045023,62.0
마라18ba99bb,0.019867549668874173,0.0,0.0,0.0,0.0,0.0,0.0,0.0,-0.0018204423783144046,2.235757445615273,118.0
마라18bb85ba,0.0,0.0,0.0,0.0,0.0,0.0,0.0,0.0,0.0,3.1130760722045023,62.0
마라18bb85bb,0.0,0.0,0.0,0.0,0.0,0.0,0.0,0.0,0.0,3.1130760722045023,62.0
마라18bb86aa,0.0,0.0,0.0,0.0,0.0,0.0,0.0,0.0,0.0,3.1130760722045023,62.0
마라18bb86ab,0.0,0.0,0.0,0.0,0.0,0.0,0.0,0.0,0.0,3.1130760722045023,62.0
마라18bb86ba,0.0,0.0,0.0,0.0,0.0,0.0,0.0,0.0,0.0,3.1130760722045023,62.0
마라18bb86bb,0.026490066225165563,0.0,0.0,0.125,0.0,0.002459268367660621,0.0,0.30416666666666664,-0.01801129960922909,3.192633630165139,669.0
마라18bb87aa,0.0,0.24,0.0,0.0,0.0,0.2954196126652321,0.0,0.0,-0.06074381860842547,4.753411861134391,1263.0
마라18bb87ab,0.026490066225165563,0.24,0.0,0.0,0.0,0.21948970181371041,0.0,0.0,-0.05318441634029675,1.9506820431208682,1215.0
마라18bb87ba,0.07947019867549669,0.16,0.0,0.125,0.0,0.18198585920688595,0.0,0.0,-0.03429294712109997,2.3956215600638684,1039.0
마라18bb88aa,0.0,0.0,0.0,0.0,0.0,0.0,0.0,0.0,0.0,3.1130760722045023,62.0
마라18bb88ab,0.0,0.0,0.0,0.0,0.0,0.0,0.0,0.0,0.0,3.1130760722045023,62.0
마라18bb88ba,0.013245033112582781,0.0,0.0,0.0,0.0,0.0030740854595757753,0.0,0.18410404625,-0.01782572515976072,2.3129409375284258,661.0
마라18bb88bb,0.06622516556291391,0.16,0.1,0.0,0.0,0.05010759299108515,0.0,0.0,-0.02725108913081995,2.7476019746929596,912.0
마라18bb89aa,0.12582781456953643,0.2,0.0,0.125,0.0,0.2591454042422379,0.0,0.41589595375,-0.08895097718816965,1.5893253968253964,1404.0
마라18bb89ab,0.271523178807947,0.0,0.1,0.0,0.0,0.11958192437749769,0.0,0.0,-0.040607355941637516,1.1985164967307822,1108.0
마라18bb89ba,0.09933774834437085,0.0,0.0,0.0,0.0,0.0740854595757762,0.0,0.0,-0.018846279762762506,7.473363707768358,697.0
마라18bb89bb,0.006622516556291391,0.2,0.0,0.0,0.0,0.23024900092222564,0.0,0.0,-0.04913094712417703,2.1146824378507305,1182.0
마라18bb90aa,0.052980132450331126,0.36,0.0,0.0,0.0,0.3894866277282508,0.0,0.0,-0.0889148888736644,2.131052451464866,1403.0
마라18bb90ab,0.06622516556291391,0.2,0.0,0.25,0.0,0.28435290501075927,0.0,0.13881262041666667,-0.05089473863726054,1.9759544280650154,1198.0
마라18bb90ba,0.11920529801324503,0.52,0.0,0.0,0.0,0.6600061481709191,0.0,0.0,-0.14515559071669837,0.7585078492935631,1516.0
마라18bb90bb,0.08609271523178808,0.44,0.0,0.0,0.0,0.483246234245312,0.0,0.15833333333333333,-0.12551597348160914,1.691181472145071,1487.0
마라18bb91aa,0.10596026490066225,0.04,0.8,0.0,0.0,0.0,0.0,0.08333333333333333,-0.0206934974819813,4.73447541619451,750.0
마라18bb91ab,0.23178807947019867,0.0,0.0,0.0,0.0,0.0,0.0,0.0,-0.02123849441366805,1.202700344628916,765.0
마라18bb91ba,0.059602649006622516,0.0,0.0,0.0,0.0,0.0,0.0,0.0,-0.005461327134943213,2.228727806149955,242.0
마라18bb91bb,0.09933774834437085,0.0,0.0,0.0,0.0,0.0,0.0,0.0,-0.009102211891572022,8.159066350363856,359.0
마라18bb92aa,0.1986754966887417,0.0,0.0,0.0,0.0,0.0,0.0,0.0,-0.018204423783144043,1.202700344628916,678.0
마라18bb92ab,0.09271523178807947,0.0,0.0,0.0,0.0,0.0,0.0,0.0,-0.008495397765467221,8.159066350363856,340.0
마라18bb92ba,0.08609271523178808,0.04,0.0,0.0,0.0,0.0,0.0,0.0,-0.01153672406841946,7.353355401288778,439.0
마라18bb92bb,0.019867549668874173,0.0,0.0,0.0,0.0,0.0,0.0,0.0,-0.0018204423783144046,2.235757445615273,118.0
마라18bb93aa,0.09271523178807947,0.0,0.0,0.0,0.0,0.0,0.0,0.0,-0.008495397765467221,8.159066350363856,340.0
마라18bb93ab,0.2119205298013245,0.0,0.0,0.0,0.0,0.0,0.0,0.0,-0.01941805203535365,1.202700344628916,714.0
마라18bb93ba,0.09271523178807947,0.0,0.0,0.0,0.0,0.0,0.0,0.21953275533333333,-0.027822177359931005,3.4311158495808223,925.0
마라18bb93bb,0.0,0.0,0.0,0.0,0.0,0.0,0.0,0.0,0.0,3.1130760722045023,62.0
마라18bb94aa,0.0,0.0,0.0,0.0,0.0,0.0,0.0,0.0,0.0,3.1130760722045023,62.0
마라18bb94ab,0.006622516556291391,0.0,0.0,0.0,0.0,0.0,0.0,0.0,-0.0006068141261048015,2.2628047968481355,74.0
마라18bb94ba,0.033112582781456956,0.0,0.0,0.0,0.0,0.0,0.0,0.0,-0.003034070630524008,2.4791925079025385,171.0
마라18bb94bb,0.059602649006622516,0.0,0.0,0.0,0.0,0.0,0.0,0.0,-0.005461327134943213,2.228727806149955,242.0
마라18bb95aa,0.0,0.0,0.0,0.0,0.0,0.0,0.0,0.0,0.0,3.1130760722045023,62.0
마라18bb95ab,0.0,0.0,0.0,0.0,0.0,0.0,0.015544041450777202,0.0,0.0015535799538889624,3.3884844660798334,50.0
마라18bb95ba,0.0,0.0,0.0,0.0,0.0,0.0,0.0,0.0,0.0,3.1130760722045023,62.0
마라18bb95bb,0.0,0.0,0.0,0.0,0.0,0.0,0.0,0.0,0.0,3.1130760722045023,62.0
마라18bb96aa,0.0,0.0,0.0,0.0,0.0,0.0,0.0,0.0,0.0,3.1130760722045023,62.0
마라18bb96ab,0.0,0.0,0.0,0.0,0.0,0.0,0.0,0.0,0.0,3.1130760722045023,62.0
마라18bb96ba,0.0,0.0,0.0,0.0,0.0,0.0,0.0,0.0,0.0,3.1130760722045023,62.0
마라18bb96bb,0.0,0.0,0.0,0.0,0.0,0.0,0.0,0.0,0.0,3.1130760722045023,62.0
마라18bb97aa,0.0,0.0,0.0,0.0,0.0,0.0,0.0,0.0,0.0,3.1130760722045023,62.0
마라18bb97ab,0.006622516556291391,0.0,0.0,0.0,0.0,0.0,0.0,0.0,-0.0006068141261048015,2.2628047968481355,74.0
마라18bb97ba,0.0,0.0,0.0,0.0,0.0,0.0,0.0,0.0,0.0,3.1130760722045023,62.0
마라18bb97bb,0.019867549668874173,0.0,0.0,0.0,0.0,0.0,0.0,0.0,-0.0018204423783144046,2.235757445615273,118.0
마라18bb98aa,0.0,0.0,0.0,0.0,0.0,0.0,0.0,0.0,0.0,3.1130760722045023,62.0
마라18bb98ab,0.0,0.0,0.0,0.0,0.0,0.0,0.0,0.0,0.0,3.1130760722045023,62.0
마라18bb98ba,0.0,0.0,0.0,0.0,0.0,0.0,0.0,0.0,0.0,3.1130760722045023,62.0
마라18bb98bb,0.0,0.0,0.0,0.0,0.0,0.0,0.0,0.0,0.0,3.1130760722045023,62.0
마라18bb99aa,0.0,0.0,0.0,0.0,0.0,0.0,0.0,0.0,0.0,3.1130760722045023,62.0
마라18bb99ab,0.0,0.0,0.0,0.0,0.0,0.0,0.0,0.0,0.0,3.1130760722045023,62.0
마라18bb99ba,0.0,0.0,0.0,0.0,0.0,0.0,0.0,0.0,0.0,3.1130760722045023,62.0
마라18bb99bb,0.0,0.0,0.0,0.0,0.0,0.0,0.0,0.0,0.0,3.1130760722045023,62.0
마라19aa85ba,0.0,0.0,0.0,0.0,0.0,0.0,0.0,0.0,0.0,3.1130760722045023,62.0
마라19aa85bb,0.0,0.0,0.0,0.0,0.0,0.0,0.0,0.0,0.0,3.1130760722045023,62.0
마라19aa86aa,0.0,0.0,0.0,0.0,0.0,0.0,0.0,0.0,0.0,3.1130760722045023,62.0
마라19aa86ab,0.0,0.0,0.0,0.0,0.0,0.0,0.0,0.0,0.0,3.1130760722045023,62.0
마라19aa86ba,0.006622516556291391,0.0,0.0,0.0,0.0,0.0,0.5466321243523317,0.0,0.05402741425232371,4.193296515056949,4.0
마라19aa86bb,0.026490066225165563,0.08,0.0,0.0,0.0,0.019981555487242543,0.0,0.0,-0.012351605460572216,4.473076878173213,460.0
마라19aa87aa,0.059602649006622516,0.16,0.0,0.125,0.0,0.24316015985244388,0.0,0.17135717725,-0.05560403203533282,2.1603072974178854,1232.0
마라19aa87ab,0.006622516556291391,0.08,0.0,0.25,0.0,0.12542268675069165,0.0,0.0,-0.001365236858551739,3.8190529839444025,97.0
마라19aa87ba,0.08609271523178808,0.0,0.0,0.0,0.0,0.09222256378727328,0.0,0.0,-0.020018128707234392,6.990178732792177,728.0
마라19aa87bb,0.052980132450331126,0.0,0.0,0.0,0.0,0.012603750384260681,0.0,0.10833333333333334,-0.01604944784726925,2.48663975998117,593.0
마라19aa88aa,0.0,0.0,0.0,0.0,0.0,0.0,0.0,0.0,0.0,3.1130760722045023,62.0
마라19aa88ab,0.0,0.0,0.0,0.0,0.0,0.0,0.0,0.0,0.0,3.1130760722045023,62.0
마라19aa88ba,0.0,0.0,0.0,0.0,0.0,0.0,0.0,0.0,0.0,3.1130760722045023,62.0
마라19aa88bb,0.09271523178807947,0.0,0.2,0.0,0.0,0.0,0.0,0.0,-0.008495397765467221,8.159066350363856,340.0
마라19aa89aa,0.019867549668874173,0.36,0.0,0.0,0.0,0.449738702735936,0.0,0.0,-0.09380545435415008,2.3890001474829297,1416.0
마라19aa89ab,0.11258278145695365,0.16,0.0,0.0,0.0,0.15063018751921303,0.0,0.0,-0.04471999213753401,0.8864411012268146,1153.0
마라19aa89ba,0.019867549668874173,0.0,0.0,0.0,0.0,0.005225945281278819,0.0,0.11666666666666667,-0.012778646714840226,2.334283699540968,483.0
마라19aa89bb,0.006622516556291391,0.0,0.0,0.0,0.0,0.0,0.0,0.0,-0.0006068141261048015,2.2628047968481355,74.0
마라19aa90aa,0.019867549668874173,0.2,0.0,0.125,0.0,0.21364893944051644,0.0,0.0,-0.036644237555183166,2.249417735455834,1062.0
마라19aa90ab,0.039735099337748346,1.0,0.0,0.0,0.0,0.4980018444512757,0.0,0.15954961466666667,-0.17439004432645352,2.2522196530366303,1527.0
마라19aa90ba,0.2913907284768212,0.24,0.1,0.0,0.0,0.2557639102367046,0.0,0.0,-0.08222793577785178,0.7220792778649918,1366.0
마라19aa91aa,0.013245033112582781,0.0,0.2,0.0,0.0,0.0,0.0,0.0,-0.001213628252209603,2.2845975411154673,93.0
마라19aa91ab,0.013245033112582781,0.0,0.0,0.0,0.0,0.0,0.0,0.0,-0.001213628252209603,2.2845975411154673,93.0
마라19aa91ba,0.0,0.0,0.0,0.0,0.0,0.0,0.0,0.0,0.0,3.1130760722045023,62.0
마라19aa91bb,0.013245033112582781,0.0,0.0,0.0,0.0,0.0,0.0,0.0,-0.001213628252209603,2.2845975411154673,93.0
마라19aa92aa,0.13245033112582782,0.0,0.0,0.0,0.0,0.0,0.0,0.0,-0.012136282522096031,1.1786747273890128,454.0
마라19aa92ab,0.18543046357615894,0.0,0.0,0.0,0.0,0.0,0.0,0.0,-0.016990795530934442,1.202700344628916,629.0
마라19aa92ba,0.24503311258278146,0.0,0.0,0.0,0.0,0.006148170919151552,0.0,0.0,-0.02326075900373579,1.189015973444545,815.0
마라19aa92bb,0.06622516556291391,0.0,0.0,0.0,0.0,0.0,0.0,0.0,-0.006068141261048016,2.23893334135549,266.0
마라19aa93aa,0.026490066225165563,0.0,0.0,0.0,0.0,0.0,0.0,0.0,-0.002427256504419206,2.235757445615273,144.0
마라19aa93ab,0.271523178807947,0.0,0.0,0.0,0.0,0.0,0.0,0.0,-0.02487937917029686,1.2648083160226018,866.0
마라19aa93ba,0.25165562913907286,0.0,0.0,0.0,0.0,0.0,0.0,0.125,-0.03406343334485361,0.6976493823636685,1037.0
마라19aa93bb,0.17880794701986755,0.0,0.0,0.0,0.0,0.0,0.0,0.49445447975,-0.05991376234851424,1.760843521557808,1259.0
마라19aa94aa,0.2913907284768212,0.0,0.0,0.0,0.0,0.0,0.0,0.0,-0.026699821548611266,1.2648083160226018,905.0
마라19aa94ab,0.059602649006622516,0.0,0.0,0.0,0.0,0.0,0.0,0.0,-0.005461327134943213,2.228727806149955,242.0
마라19aa94ba,0.09271523178807947,0.0,0.0,0.0,0.0,0.0027666769136181985,0.0,0.0,-0.00885928411750338,7.658376528281179,350.0
마라19aa94bb,0.2251655629139073,0.0,0.0,0.0,0.0,0.0,0.0,0.0,-0.02063168028756325,1.202700344628916,748.0
마라19aa95aa,0.0,0.0,0.0,0.0,0.0,0.0,0.0,0.0,0.0,3.1130760722045023,62.0
마라19aa95ab,0.006622516556291391,0.0,0.0,0.0,0.0,0.0,0.0,0.0,-0.0006068141261048015,2.2628047968481355,74.0
마라19aa95ba,0.0,0.0,0.0,0.0,0.0,0.0,0.0,0.0,0.0,3.1130760722045023,62.0
마라19aa95bb,0.0,0.0,0.0,0.0,0.0,0.0,0.0,0.0,0.0,3.1130760722045023,62.0
마라19aa96aa,0.0,0.0,0.0,0.0,0.0,0.0,0.0,0.0,0.0,3.1130760722045023,62.0
마라19aa96ab,0.0,0.0,0.0,0.0,0.0,0.0,0.0,0.0,0.0,3.1130760722045023,62.0
마라19aa96ba,0.0,0.0,0.0,0.0,0.0,0.0,0.0,0.0,0.0,3.1130760722045023,62.0
마라19aa96bb,0.0,0.0,0.0,0.0,0.0,0.0,0.0,0.0,0.0,3.1130760722045023,62.0
마라19aa97aa,0.052980132450331126,0.0,0.0,0.0,0.0,0.0,0.0,0.2795640655,-0.029466207369649576,2.4329229269387462,956.0
마라19aa97ab,0.006622516556291391,0.0,0.0,0.0,0.0,0.0,0.0,0.0,-0.0006068141261048015,2.2628047968481355,74.0
마라19aa97ba,0.0,0.0,0.0,0.0,0.0,0.0,0.0,0.0,0.0,3.1130760722045023,62.0
마라19aa97bb,0.0,0.0,0.0,0.0,0.0,0.0,0.0,0.0,0.0,3.1130760722045023,62.0
마라19aa98aa,0.0,0.0,0.0,0.0,0.0,0.0,0.0,0.0,0.0,3.1130760722045023,62.0
마라19aa98ab,0.0,0.0,0.0,0.0,0.0,0.0,0.0,0.0,0.0,3.1130760722045023,62.0
마라19aa98ba,0.0,0.0,0.0,0.0,0.0,0.0,0.0,0.0,0.0,3.1130760722045023,62.0
마라19aa98bb,0.0,0.0,0.0,0.0,0.0,0.0,0.0,0.0,0.0,3.1130760722045023,62.0
마라19aa99aa,0.0,0.0,0.0,0.0,0.0,0.0,0.0,0.0,0.0,3.1130760722045023,62.0
마라19aa99ab,0.0,0.0,0.0,0.0,0.0,0.0,0.0,0.0,0.0,3.1130760722045023,62.0
마라19aa99ba,0.0,0.0,0.0,0.0,0.0,0.0,0.0,0.0,0.0,3.1130760722045023,62.0
마라19aa99bb,0.0,0.0,0.0,0.0,0.0,0.0,0.0,0.0,0.0,3.1130760722045023,62.0
마라19ab85ba,0.0,0.0,0.0,0.0,0.0,0.0,0.0,0.0,0.0,3.1130760722045023,62.0
마라19ab85bb,0.0,0.0,0.0,0.0,0.0,0.0,0.0,0.0,0.0,3.1130760722045023,62.0
마라19ab86aa,0.019867549668874173,0.0,0.0,0.0,0.0,0.0,0.0,0.0,-0.0018204423783144046,2.235757445615273,118.0
마라19ab86ab,0.013245033112582781,0.0,0.0,0.0,0.0,0.0018444512757454655,0.0,0.0,-0.0014562191535670425,2.3736648626827885,101.0
마라19ab86ba,0.06622516556291391,0.0,0.0,0.0,0.0,0.0046111281893636644,0.0,0.20833333333333334,-0.025015446102560207,2.6921089450526607,872.0
마라19ab86bb,0.033112582781456956,0.12,0.0,0.0,0.0,0.1976636950507224,0.0,0.20441955683333332,-0.057972424647928976,3.3059138684580085,1245.0
마라19ab87aa,0.006622516556291391,0.48,0.0,0.0,0.0,0.6606209652628343,0.0,0.0,-0.13127247377764553,2.47371784688614,1499.0
마라19ab87ab,0.046357615894039736,0.28,0.0,0.125,0.0,0.32554565016907466,0.0,0.0,-0.06108495626673444,2.1171078090755397,1264.0
마라19ab87ba,0.09933774834437085,0.0,0.0,0.0,0.0,0.10328927144174607,0.0,0.1,-0.031490899609885555,3.2231229743242102,995.0
마라19ab87bb,0.019867549668874173,0.44,0.0,0.0,0.0,0.32769750999077774,0.0,0.0,-0.08505030390578026,2.241063639546421,1387.0
마라19ab88aa,0.0,0.0,0.0,0.0,0.0,0.0,0.0,0.0,0.0,3.1130760722045023,62.0
마라19ab88ab,0.0,0.0,0.0,0.0,0.0,0.0,0.0,0.0,0.0,3.1130760722045023,62.0
마라19ab88ba,0.0,0.0,0.0,0.0,0.0,0.0,0.0,0.0,0.0,3.1130760722045023,62.0
마라19ab88bb,0.0,0.0,0.0,0.0,0.0,0.0,0.0,0.0,0.0,3.1130760722045023,62.0
마라19ab89aa,0.0,0.08,0.0,0.0,0.0,0.15831540116815246,0.0,0.0,-0.028118666557960966,5.794076783513597,934.0
마라19ab89ab,0.052980132450331126,0.56,0.0,0.0,0.0,0.5554872425453428,0.0,0.0,-0.12898877214111917,2.131052451464866,1492.0
마라19ab89ba,0.019867549668874173,0.12,0.0,0.0,0.0,0.15862280971411005,0.0,0.0,-0.03362768118222532,3.3706776852822604,1031.0
마라19ab89bb,0.0728476821192053,0.0,0.0,0.0,0.0,0.04518905625576391,0.0,0.11142702308333334,-0.022428018801747975,2.671877037254161,797.0
마라19ab90aa,0.052980132450331126,0.28,0.0,0.0,0.0,0.30433446049800184,0.0,0.0,-0.07041899473621521,1.9831159435283576,1307.0
마라19ab90ab,0.11920529801324503,0.52,0.0,0.0,0.0,0.34675683984014755,0.0,0.21470375725000002,-0.12285722335519546,1.2985238967381818,1479.0
마라19ab90ba,0.10596026490066225,0.32,0.0,0.0,0.0,0.342760528742699,0.0,0.0,-0.08397562528572398,2.2109411898388553,1383.0
마라19ab90bb,0.08609271523178808,0.0,0.0,0.125,0.0,0.006762988011066708,0.0,0.14166666666666666,-0.009732826661940492,3.3791912740800107,378.0
마라19ab91aa,0.033112582781456956,0.0,0.0,0.0,0.0,0.0,0.0,0.0,-0.003034070630524008,2.4791925079025385,171.0
마라19ab91ab,0.1986754966887417,0.0,0.0,0.0,0.0,0.004918536735321242,0.0,0.0,-0.01885133285343055,1.0913528825671681,698.0
마라19ab91ba,0.019867549668874173,0.0,0.0,0.0,0.0,0.0,0.0,0.0,-0.0018204423783144046,2.235757445615273,118.0
마라19ab91bb,0.17880794701986755,0.0,0.0,0.0,0.0,0.0,0.0,0.2674373795833333,-0.039928091178699124,1.760843521557808,1099.0
마라19ab92aa,0.1456953642384106,0.0,0.0,0.0,0.0,0.0,0.0,0.0,-0.013349910774305633,1.1812259856545568,502.0
마라19ab92ab,0.06622516556291391,0.0,0.0,0.0,0.0,0.0,0.0,0.0,-0.006068141261048016,2.23893334135549,266.0
마라19ab92ba,0.11920529801324503,0.0,0.0,0.0,0.0,0.0,0.0,0.0,-0.010922654269886426,1.1786747273890128,417.0
마라19ab92bb,0.026490066225165563,0.0,0.0,0.0,0.0,0.0,0.0,0.0,-0.002427256504419206,2.235757445615273,144.0
마라19ab93aa,0.046357615894039736,0.0,0.0,0.0,0.0,0.0,0.0,0.0,-0.0042476988827336104,2.011401784288219,208.0
마라19ab93ab,0.17218543046357615,0.0,0.0,0.0,0.0,0.0,0.0,0.0,-0.015777167278724837,1.202700344628916,584.0
마라19ab93ba,0.36423841059602646,0.0,0.0,0.0,0.0,0.0,0.0,0.0,-0.03337477693576408,1.233932683718398,1025.0
마라19ab93bb,0.1986754966887417,0.0,0.0,0.0,0.0,0.0,0.0,0.0,-0.018204423783144043,1.202700344628916,678.0
마라19ab94aa,0.47019867549668876,0.0,0.0,0.0,0.0,0.0046111281893636644,0.0,0.0,-0.043690280206834506,1.1435938558795704,1138.0
마라19ab94ab,0.4966887417218543,0.0,0.0,0.0,0.0,0.008300030740854595,0.0,0.0,-0.04660271851396859,1.0312565265422413,1167.0
마라19ab94ba,0.25165562913907286,0.0,0.0,0.0,0.0,0.0018444512757454655,0.0,0.0,-0.0233015276933399,1.189015973444545,819.0
마라19ab94bb,0.052980132450331126,0.0,0.0,0.0,0.0,0.0,0.0,0.25,-0.026863506114580722,2.4329229269387462,908.0
마라19ab95aa,0.0,0.0,0.0,0.0,0.0,0.0,0.0,0.0,0.0,3.1130760722045023,62.0
마라19ab95ab,0.0,0.0,0.0,0.0,0.0,0.0,0.0,0.0,0.0,3.1130760722045023,62.0
마라19ab95ba,0.0,0.0,0.0,0.0,0.0,0.0,0.0,0.0,0.0,3.1130760722045023,62.0
마라19ab95bb,0.0,0.0,0.0,0.0,0.0,0.0,0.0,0.0,0.0,3.1130760722045023,62.0
마라19ab96aa,0.0,0.0,0.0,0.0,0.0,0.0,0.0,0.0,0.0,3.1130760722045023,62.0
마라19ab96ab,0.0,0.0,0.0,0.0,0.0,0.0,0.0,0.0,0.0,3.1130760722045023,62.0
마라19ab96ba,0.006622516556291391,0.0,0.0,0.0,0.0,0.0,0.0,0.0,-0.0006068141261048015,2.2628047968481355,74.0
마라19ab96bb,0.0,0.0,0.0,0.0,0.0,0.0,0.0,0.31666666666666665,-0.027878057933940256,3.276006722177174,927.0
마라19ab97aa,0.026490066225165563,0.0,0.0,0.0,0.0,0.0,0.0,0.0,-0.002427256504419206,2.235757445615273,144.0
마라19ab97ab,0.0,0.0,0.0,0.0,0.0,0.0,0.0,0.0,0.0,3.1130760722045023,62.0
마라19ab97ba,0.0,0.0,0.0,0.0,0.0,0.0,0.0,0.0,0.0,3.1130760722045023,62.0
마라19ab97bb,0.0,0.0,0.0,0.0,0.0,0.0,0.0,0.0,0.0,3.1130760722045023,62.0
마라19ab98aa,0.0,0.0,0.0,0.0,0.0,0.0,0.0,0.0,0.0,3.1130760722045023,62.0
마라19ab98ab,0.0,0.0,0.0,0.0,0.0,0.0,0.0,0.0,0.0,3.1130760722045023,62.0
마라19ab98ba,0.0,0.0,0.0,0.0,0.0,0.0,0.0,0.0,0.0,3.1130760722045023,62.0
마라19ab98bb,0.0,0.0,0.0,0.0,0.0,0.0,0.0,0.0,0.0,3.1130760722045023,62.0
마라19ab99aa,0.0,0.0,0.0,0.0,0.0,0.0,0.0,0.0,0.0,3.1130760722045023,62.0
마라19ab99ab,0.0,0.0,0.0,0.0,0.0,0.0,0.0,0.0,0.0,3.1130760722045023,62.0
마라19ab99ba,0.0,0.0,0.0,0.0,0.0,0.0,0.0,0.0,0.0,3.1130760722045023,62.0
마라19ab99bb,0.0,0.0,0.0,0.0,0.0,0.0,0.0,0.0,0.0,3.1130760722045023,62.0
마라19ba85ba,0.0,0.0,0.0,0.0,0.0,0.0,0.0,0.0,0.0,3.1130760722045023,62.0
마라19ba85bb,0.0,0.0,0.0,0.0,0.0,0.0,0.0,0.0,0.0,3.1130760722045023,62.0
마라19ba86aa,0.0,0.0,0.0,0.0,0.0,0.0,0.0,0.0,0.0,3.1130760722045023,62.0
마라19ba86ab,0.039735099337748346,0.0,0.0,0.0,0.0,0.0,0.0,0.0,-0.003640884756628809,2.55175305519838,192.0
마라19ba86ba,0.039735099337748346,0.0,0.0,0.0,0.0,0.0919151552413157,0.0,0.0,-0.015729998007607875,3.036708502111986,582.0
마라19ba86bb,0.13245033112582782,0.16,0.0,0.0,0.0,0.20135259760221333,0.0,0.7166666666666667,-0.11630413120630596,1.1839024071166917,1469.0
마라19ba87aa,0.12582781456953643,0.24,0.0,0.0,0.0,0.2514601905932985,0.0,0.3416666666666667,-0.09657049443324553,1.030492761207046,1425.0
마라19ba87ab,0.08609271523178808,0.16,0.0,0.125,0.07472527472527472,0.2760528742699047,0.0,0.0,-0.05616078298693655,2.3015629520052605,1234.0
마라19ba87ba,0.07947019867549669,0.08,0.0,0.0,0.0,0.16845988318475252,0.0,0.4083333333333333,-0.07268270810139693,3.521724301415923,1317.0
마라19ba87bb,0.013245033112582781,0.48,0.0,0.0,0.0,0.36181985859206883,0.0,0.08333333333333333,-0.09991589291909254,2.241346192060501,1433.0
마라19ba88aa,0.0,0.0,0.0,0.0,0.0,0.0,0.0,0.0,0.0,3.1130760722045023,62.0
마라19ba88ab,0.0,0.0,0.0,0.0,0.0,0.0,0.0,0.0,0.0,3.1130760722045023,62.0
마라19ba88ba,0.0,0.0,0.0,0.0,0.0,0.0,0.0,0.0,0.0,3.1130760722045023,62.0
마라19ba88bb,0.0,0.0,0.0,0.0,0.0,0.0,0.0,0.0,0.0,3.1130760722045023,62.0
마라19ba89aa,0.0,0.0,0.0,0.0,0.0,0.0,0.0,0.0,0.0,3.1130760722045023,62.0
마라19ba89ab,0.0,0.12,0.0,0.0,0.0,0.22287119581924375,0.0,0.12461464358333334,-0.05122805986052886,5.567111669262768,1200.0
마라19ba89ba,0.046357615894039736,0.36,0.0,0.0,0.0,0.43160159852443897,0.0,0.0,-0.0938472336618878,2.1172250196374343,1417.0
마라19ba90ab,0.19205298013245034,0.6,0.0,0.25,0.1758241758241758,0.2591454042422379,0.0,0.1,-0.11308832090029752,1.320840746555031,1465.0
마라19ba90ba,0.31125827814569534,0.24,0.0,0.0,0.0,0.2797417768213956,0.0,0.0,-0.0872020598738129,0.7220792778649918,1399.0
마라19ba90bb,0.33112582781456956,0.04,0.0,0.0,0.0,0.0946818321549339,0.0,0.15,-0.05964724220075773,4.064849467992329,1256.0
마라19ba91aa,0.33112582781456956,0.0,0.0,0.0,0.0,0.0,0.0,0.0,-0.03034070630524008,1.2648083160226018,975.0
마라19ba91ab,0.13245033112582782,0.0,0.0,0.0,0.0,0.0,0.0,0.0,-0.012136282522096031,1.1786747273890128,454.0
마라19ba91ba,0.10596026490066225,0.12,0.0,0.0,0.0,0.0,0.0,0.0,-0.020653447304847944,6.250201996492519,749.0
마라19ba91bb,0.08609271523178808,0.0,0.0,0.0,0.0,0.0,0.0,0.0,-0.007888583639362418,7.535394101977326,320.0
마라19ba92aa,0.25165562913907286,0.0,0.0,0.0,0.0,0.0,0.0,0.0,-0.023058936791982457,1.2391808086093798,810.0
마라19ba92ab,0.2185430463576159,0.0,0.0,0.0,0.0,0.0,0.0,0.0,-0.02002486616145845,1.202700344628916,729.0
마라19ba92ba,0.09271523178807947,0.0,0.0,0.0,0.0,0.0,0.0,0.0,-0.008495397765467221,8.159066350363856,340.0
마라19ba92bb,0.0,0.0,0.0,0.0,0.0,0.0,0.0,0.0,0.0,3.1130760722045023,62.0
마라19ba93aa,0.23841059602649006,0.0,0.0,0.0,0.0,0.0,0.0,0.0,-0.021845308539772852,1.2168029087314798,777.0
마라19ba93ab,0.5099337748344371,0.0,0.0,0.0,0.0,0.0,0.0,0.0,-0.04672468771006972,1.0761649514506664,1168.0
마라19ba93ba,0.4304635761589404,0.0,0.0,0.0,0.0,0.004303719643406086,0.0,0.0,-0.040008963633312786,1.1435938558795704,1101.0
마라19ba93bb,0.23178807947019867,0.0,0.0,0.0,0.0,0.0018444512757454655,0.0,0.0,-0.021481085315025492,1.1522790992076704,770.0
마라19ba94aa,0.3973509933774834,0.0,0.0,0.0,0.013186813186813187,0.0,0.0,0.0,-0.03797747446696498,1.2107733430590575,1083.0
마라19ba94ab,0.18543046357615894,0.0,0.0,0.0,0.0,0.005840762373193974,0.0,0.0,-0.017759000051899666,1.0913528825671681,656.0
마라19ba94ba,0.006622516556291391,0.0,0.0,0.0,0.0,0.0,0.0,0.0,-0.0006068141261048015,2.2628047968481355,74.0
마라19ba94bb,0.0,0.0,0.0,0.0,0.0,0.0,0.0,0.0,0.0,3.1130760722045023,62.0
마라19ba95aa,0.0,0.0,0.0,0.0,0.0,0.0,0.0,0.0,0.0,3.1130760722045023,62.0
마라19ba95ab,0.0,0.0,0.0,0.0,0.0,0.0,0.0,0.0,0.0,3.1130760722045023,62.0
마라19ba95ba,0.0,0.0,0.0,0.0,0.0,0.0,0.0,0.0,0.0,3.1130760722045023,62.0
마라19ba95bb,0.0,0.0,0.0,0.0,0.0,0.0,0.0,0.0,0.0,3.1130760722045023,62.0
마라19ba96aa,0.0,0.0,0.0,0.0,0.0,0.0,0.0,0.0,0.0,3.1130760722045023,62.0
마라19ba96ab,0.0,0.0,0.0,0.0,0.0,0.0,0.0,0.0,0.0,3.1130760722045023,62.0
마라19ba96ba,0.10596026490066225,0.0,0.0,0.0,0.0,0.0,0.0,0.0,-0.009709026017676824,8.159066350363856,376.0
마라19ba96bb,0.06622516556291391,0.0,0.0,0.0,0.0,0.0,0.0051813471502590676,0.0,-0.005550281276418361,2.23893334135549,244.0
마라19ba97aa,0.0,0.0,0.0,0.0,0.0,0.0,0.0,0.0,0.0,3.1130760722045023,62.0
마라19ba97ab,0.0,0.0,0.0,0.0,0.0,0.0,0.0,0.0,0.0,3.1130760722045023,62.0
마라19ba97ba,0.0,0.0,0.0,0.0,0.0,0.0,0.0,0.0,0.0,3.1130760722045023,62.0
마라19ba97bb,0.0,0.0,0.0,0.0,0.0,0.0,0.0,0.0,0.0,3.1130760722045023,62.0
마라19ba98aa,0.0,0.0,0.0,0.0,0.0,0.0,0.0,0.0,0.0,3.1130760722045023,62.0
마라19ba98ab,0.0,0.0,0.0,0.0,0.0,0.0,0.0,0.0,0.0,3.1130760722045023,62.0
마라19ba98ba,0.0,0.0,0.0,0.0,0.0,0.0,0.0,0.0,0.0,3.1130760722045023,62.0
마라19ba98bb,0.0,0.0,0.0,0.0,0.0,0.0,0.0,0.0,0.0,3.1130760722045023,62.0
마라19ba99aa,0.11920529801324503,0.0,0.0,0.0,0.0,0.0,0.0,0.0,-0.010922654269886426,1.1786747273890128,417.0
마라19ba99ab,0.11258278145695365,0.0,0.0,0.0,0.0,0.0,0.0,0.0,-0.010315840143781625,2.5908635180669357,396.0
마라19ba99ba,0.0,0.0,0.0,0.0,0.0,0.005225945281278819,0.0,0.0,-0.0006873408871794117,3.207509079001135,76.0
마라19ba99bb,0.046357615894039736,0.0,0.0,0.0,0.0,0.0,0.0,0.0,-0.0042476988827336104,2.011401784288219,208.0
마라19bb85ba,0.0,0.0,0.0,0.0,0.0,0.0,0.0,0.0,0.0,3.1130760722045023,62.0
마라19bb85bb,0.0,0.0,0.0,0.0,0.0,0.0,0.0,0.0,0.0,3.1130760722045023,62.0
마라19bb86aa,0.0,0.0,0.0,0.0,0.0,0.0,0.0,0.0,0.0,3.1130760722045023,62.0
마라19bb86ab,0.013245033112582781,0.0,0.0,0.0,0.0,0.0,0.0,0.0,-0.001213628252209603,2.2845975411154673,93.0
마라19bb86ba,0.019867549668874173,0.08,0.0,0.125,0.0,0.08146326467875807,0.0,0.0,-0.008314135004062218,4.794025577078327,334.0
마라19bb86bb,0.006622516556291391,0.48,0.0,0.0,0.0,0.661543190900707,0.0,0.0,-0.13139376922832424,2.47371784688614,1500.0
마라19bb87aa,0.052980132450331126,0.4,0.0,0.0,0.0,0.5376575468798033,0.0,0.3333333333333333,-0.14139648918609218,2.1990595037030105,1514.0
마라19bb87ab,0.09933774834437085,0.2,0.0,0.0,0.0,0.24746387949584997,0.0,0.16666666666666666,-0.0745631887061419,1.273692977733499,1330.0
마라19bb87ba,0.033112582781456956,0.28,0.0,0.125,0.0,0.2797417768213956,0.0,0.22144508666666665,-0.07334212084047047,2.33521691850737,1321.0
마라19bb87bb,0.06622516556291391,0.2,0.0,0.0,0.0,0.12818936366430986,0.0,0.1,-0.04997250829297218,2.025258466349452,1190.0
마라19bb88aa,0.0,0.0,0.0,0.0,0.0,0.0,0.0,0.0,0.0,3.1130760722045023,62.0
마라19bb88ab,0.0,0.0,0.0,0.0,0.0,0.0,0.0,0.0,0.0,3.1130760722045023,62.0
마라19bb88ba,0.0,0.0,0.0,0.0,0.0,0.0,0.0,0.0,0.0,3.1130760722045023,62.0
마라19bb88bb,0.006622516556291391,0.0,0.0,0.0,0.0,0.0,0.0,0.0,-0.0006068141261048015,2.2628047968481355,74.0
마라19bb89aa,0.006622516556291391,0.0,0.0,0.0,0.0,0.0018444512757454655,0.0,0.0,-0.0008494050274622409,2.3518721184154567,80.0
마라19bb89ab,0.033112582781456956,0.28,0.0,0.0,0.0,0.33415308945588684,0.0,0.0,-0.07252043859651275,2.2004134228522485,1315.0
마라19bb89ba,0.046357615894039736,0.36,0.0,0.0,0.0,0.518905625576391,0.0,0.19089595375,-0.12213558057946469,2.1510006921441995,1476.0
마라19bb89bb,0.2582781456953642,0.16,0.0,0.0,0.0,0.2797417768213956,0.0,0.5722627649166667,-0.1254309749977562,1.8181246293389148,1486.0
마라19bb90aa,0.271523178807947,0.4,0.5,0.0,0.0,0.3778051029818629,0.0,0.0,-0.11105148642224945,1.0603454561311705,1460.0
마라19bb90ab,0.152317880794702,0.48,0.0,0.0,0.0,0.4478942514601906,0.0,0.075,-0.12324626519378248,0.8711473050758761,1481.0
마라19bb90ba,0.046357615894039736,0.04,0.0,0.0,0.0,0.005533353827236397,0.0,0.0,-0.008623612015862968,4.504679724465662,344.0
마라19bb90bb,0.06622516556291391,0.0,0.0,0.125,0.0,0.036581616968951736,0.0,0.1843810211666667,-0.015594670257064961,2.7750613802487036,576.0
마라19bb91aa,0.006622516556291391,0.0,0.0,0.0,0.0,0.0,0.0,0.39166666666666666,-0.03508756999176775,2.667098916700048,1047.0
마라19bb91ab,0.0,0.36,0.0,0.0,0.0,0.0,0.0,0.0,-0.03283326386151336,5.347140624434582,1017.0
마라19bb91ba,0.0,0.16,0.0,0.0,0.0,0.0,0.0,0.0,-0.014592561716228164,5.467671759965717,544.0
마라19bb91bb,0.09271523178807947,0.0,0.0,0.0,0.0,0.006148170919151552,0.02849740932642487,0.6882466281666667,-0.06704626536534448,3.677301911382269,1292.0
마라19bb92aa,0.09933774834437085,0.0,0.0,0.0,0.0,0.0,0.0,0.0,-0.009102211891572022,8.159066350363856,359.0
마라19bb92ab,0.16556291390728478,0.0,0.0,0.0,0.0,0.0,0.0,0.0,-0.01517035315262004,1.202700344628916,565.0
마라19bb92ba,0.013245033112582781,0.0,0.0,0.0,0.0,0.004918536735321242,0.0,0.0,-0.0018605373224961082,2.632968131576043,119.0
마라19bb92bb,0.17218543046357615,0.04,0.0,0.0,0.0,0.0018444512757454655,0.0,0.0,-0.01966789860913932,3.4856925984068834,720.0
마라19bb93aa,0.2582781456953642,0.0,0.0,0.0,0.0,0.0021518598217030436,0.0,0.0,-0.023948773636337604,1.2604720174005886,838.0
마라19bb93ab,0.26490066225165565,0.0,0.0,0.0,0.0,0.0,0.0,0.0,-0.024272565044192063,1.2648083160226018,848.0
마라19bb93ba,0.31788079470198677,0.0,0.0,0.0,0.0,0.0,0.0,0.17265775533333333,-0.044327171440167575,0.7979197469197474,1147.0
마라19bb93bb,0.25165562913907286,0.08,0.0,0.0,0.0,0.003996311097448509,0.0,0.40157755300000003,-0.06623410165129578,4.727759462759466,1287.0
마라19bb94aa,0.152317880794702,0.0,0.0,0.0,0.0,0.002459268367660621,0.0,0.0,-0.014280179435553687,1.1308047402333115,529.0
마라19bb94ab,0.23841059602649006,0.0,0.0,0.0,0.0,0.0027666769136181985,0.0,0.0,-0.02220919489180901,1.1666380735666448,791.0
마라19bb94ba,0.0,0.0,0.0,0.0,0.0,0.0,0.0,0.0,0.0,3.1130760722045023,62.0
마라19bb94bb,0.0,0.0,0.0,0.0,0.0,0.0,0.0,0.0,0.0,3.1130760722045023,62.0
마라19bb95aa,0.0,0.0,0.0,0.0,0.0,0.0,0.0,0.0,0.0,3.1130760722045023,62.0
마라19bb95ab,0.0,0.0,0.0,0.0,0.0,0.0,0.0,0.0,0.0,3.1130760722045023,62.0
마라19bb95ba,0.0,0.0,0.0,0.0,0.0,0.0,0.0,0.0,0.0,3.1130760722045023,62.0
마라19bb95bb,0.0,0.0,0.0,0.0,0.0,0.0,0.0,0.1713631985,-0.015086125817457803,3.056487806668868,562.0
마라19bb96aa,0.0,0.0,0.0,0.0,0.0,0.0,0.0,0.17031551058333333,-0.014993891592918258,3.056487806668868,558.0
마라19bb96ab,0.059602649006622516,0.0,0.0,0.0,0.0,0.0,0.0,0.16666666666666666,-0.020133989205438085,2.150135420466472,732.0
마라19bb96ba,0.36423841059602646,0.0,0.0,0.0,0.0,0.0,0.0,0.0,-0.03337477693576408,1.233932683718398,1025.0
마라19bb96bb,0.06622516556291391,0.0,0.0,0.0,0.0,0.0,0.0,0.0,-0.006068141261048016,2.23893334135549,266.0
마라19bb97aa,0.08609271523178808,0.0,0.0,0.0,0.0,0.002459268367660621,0.0,0.0,-0.008212038174505672,7.175191553304999,329.0
마라19bb97ab,0.033112582781456956,0.0,0.0,0.0,0.0,0.0,0.0,0.0,-0.003034070630524008,2.4791925079025385,171.0
마라19bb97ba,0.013245033112582781,0.0,0.0,0.0,0.0,0.0,0.0,0.0,-0.001213628252209603,2.2845975411154673,93.0
마라19bb97bb,0.0,0.0,0.0,0.0,0.0,0.0,0.0,0.0,0.0,3.1130760722045023,62.0
마라19bb98aa,0.0,0.0,0.0,0.0,0.0,0.0,0.0,0.0,0.0,3.1130760722045023,62.0
마라19bb98ab,0.0,0.0,0.0,0.0,0.0,0.0,0.0,0.0,0.0,3.1130760722045023,62.0
마라19bb98ba,0.0,0.0,0.0,0.0,0.0,0.0,0.0,0.0,0.0,3.1130760722045023,62.0
마라19bb98bb,0.0,0.0,0.0,0.0,0.0,0.0,0.0,0.0,0.0,3.1130760722045023,62.0
마라19bb99aa,0.07947019867549669,0.0,0.0,0.0,0.0,0.0,0.0,0.0,-0.007281769513257618,7.535394101977326,301.0
마라19bb99ab,0.1390728476821192,0.0,0.0,0.0,0.0,0.0021518598217030436,0.0,0.0,-0.013026119366451176,1.1308047402333115,491.0
마라19bb99ba,0.10596026490066225,0.04,0.0,0.0,0.0,0.003688902551490931,0.0,0.0,-0.013842348249448744,7.17555359595126,518.0
마라19bb99bb,0.026490066225165563,0.0,0.0,0.0,0.0,0.0,0.0,0.0,-0.002427256504419206,2.235757445615273,144.0
마라20aa85ba,0.0,0.0,0.0,0.0,0.0,0.0,0.0,0.0,0.0,3.1130760722045023,62.0
마라20aa85bb,0.0,0.0,0.0,0.0,0.0,0.0,0.0,0.0,0.0,3.1130760722045023,62.0
마라20aa86aa,0.0,0.0,0.0,0.0,0.0,0.0,0.0,0.0,0.0,3.1130760722045023,62.0
마라20aa86ab,0.006622516556291391,0.0,0.0,0.0,0.0,0.0,0.0,0.24004094408333332,-0.021739052059808632,2.667098916700048,774.0
마라20aa86ba,0.039735099337748346,0.36,0.0,0.0,0.0,0.4380571779895481,0.0,0.0,-0.09408948769053405,2.324663225337346,1418.0
마라20aa86bb,0.019867549668874173,0.24,0.0,0.125,0.0,0.24807869658776513,0.0,0.24683285166666666,-0.06655091159865525,2.232476240382077,1289.0
마라20aa87aa,0.019867549668874173,0.24,0.0,0.125,0.0,0.318782662158008,0.0,0.2340799615,-0.07472751639699796,2.389216167122004,1331.0
마라20aa87ab,0.019867549668874173,0.28,0.0,0.0,0.0,0.4442053489086996,0.0,0.0,-0.0857814007919637,2.3890001474829297,1390.0
마라20aa87ba,0.006622516556291391,0.48,0.0,0.0,0.0,0.7368582846603136,0.0,0.0,-0.14129956436708635,2.47371784688614,1512.0
마라20aa87bb,0.046357615894039736,0.32,0.0,0.0,0.0,0.33569013218567473,0.0,0.0,-0.07758436636224392,1.9692885117009258,1346.0
마라20aa88aa,0.0,0.0,0.0,0.0,0.0,0.0,0.0,0.0,0.0,3.1130760722045023,62.0
마라20aa88ab,0.006622516556291391,0.0,0.0,0.0,0.0,0.0,0.0,0.0,-0.0006068141261048015,2.2628047968481355,74.0
마라20aa88ba,0.0,0.0,0.0,0.0,0.0,0.0,0.0,0.0,0.0,3.1130760722045023,62.0
마라20aa88bb,0.0,0.0,0.0,0.0,0.0,0.0,0.0,0.0,0.0,3.1130760722045023,62.0
마라20aa89aa,0.033112582781456956,0.0,0.0,0.125,0.0,0.011374116200430372,0.0,0.0,0.006986971853424961,3.358845102983431,35.0
마라20aa89ab,0.06622516556291391,0.08,0.0,0.0,0.0,0.032892714417460805,0.0,0.0,-0.017690626526703102,4.384152283807968,655.0
마라20aa89ba,0.019867549668874173,0.08,0.0,0.0,0.0,0.010451890562557638,0.0,0.0,-0.010491405010787309,4.62267092881122,400.0
마라20aa89bb,0.026490066225165563,0.0,0.0,0.0,0.0,0.02182600676298801,0.0,0.06666666666666667,-0.01116698033201352,2.6430916485844915,424.0
마라20aa90aa,0.052980132450331126,0.04,0.0,0.0,0.0,0.07162619120811559,0.0,0.20728564549999998,-0.03617186014485806,4.670502439591599,1058.0
마라20aa90ab,0.046357615894039736,0.24,0.0,0.0,0.0,0.18690439594220717,0.20984455958549222,0.249289499,-0.05169220020976187,2.9925044019879192,1202.0
마라20aa90ba,0.026490066225165563,0.16,0.0,0.0,0.0,0.12480786965877651,0.0,0.0,-0.03343513587916744,2.4064188703961573,1026.0
마라20aa90bb,0.07947019867549669,0.0,0.0,0.0,0.0,0.08330771595450354,0.0,0.175,-0.03364508706525492,3.293306828931142,1032.0
마라20aa91aa,0.09933774834437085,0.0,0.0,0.0,0.0,0.015063018751921302,0.0,0.0,-0.011083370919324443,7.523182912373277,422.0
마라20aa91ab,0.0,0.0,0.0,0.0,0.0,0.0,0.0,0.0,0.0,3.1130760722045023,62.0
마라20aa91ba,0.026490066225165563,0.0,0.0,0.0,0.0,0.0,0.0,0.1,-0.011230853746716129,2.126716526989305,428.0
마라20aa91bb,0.006622516556291391,0.0,0.0,0.0,0.0,0.005840762373193974,0.0,0.0,-0.0013750186470700265,2.5133804873368875,98.0
마라20aa92aa,0.07947019867549669,0.0,0.0,0.0,0.0,0.0,0.0,0.0,-0.007281769513257618,7.535394101977326,301.0
마라20aa92ab,0.046357615894039736,0.0,0.0,0.0,0.0,0.0,0.0,0.1,-0.013051296125030535,1.9502466042562272,492.0
마라20aa92ba,0.11258278145695365,0.0,0.0,0.0,0.0,0.0,0.0,0.23542870908333333,-0.031042035484217204,1.7899575979575986,991.0
마라20aa92bb,0.152317880794702,0.0,0.0,0.0,0.0,0.003381494005533354,0.0,0.0,-0.014401474886232406,1.1308047402333115,533.0
마라20aa93aa,0.17880794701986755,0.08,0.0,0.0,0.0,0.0,0.0,0.0,-0.023680262262943723,3.301975870690155,832.0
마라20aa93ab,0.2251655629139073,0.0,0.0,0.0,0.0,0.0,0.0,0.0,-0.02063168028756325,1.202700344628916,748.0
마라20aa93ba,0.2052980132450331,0.0,0.0,0.0,0.0,0.0021518598217030436,0.0,0.06666666666666667,-0.024963325455697138,0.893056789771076,869.0
마라20aa93bb,0.06622516556291391,0.04,0.0,0.0,0.0,0.0,0.0,0.0,-0.009716281690105057,4.584287438828882,377.0
마라20aa94aa,0.019867549668874173,0.0,0.0,0.0,0.0,0.003381494005533354,0.0,0.0,-0.002265192364136377,2.4098895751331355,138.0
마라20aa94ab,0.046357615894039736,0.0,0.0,0.0,0.0,0.005840762373193974,0.0,0.03382707129166666,-0.007993902519081816,2.2697458423475365,323.0
마라20aa94ba,0.0,0.0,0.0,0.0,0.0,0.0,0.0,0.0,0.0,3.1130760722045023,62.0
마라20aa94bb,0.0,0.0,0.0,0.0,0.0,0.0,0.0,0.0,0.0,3.1130760722045023,62.0
마라20aa95aa,0.0,0.0,0.0,0.0,0.0,0.0,0.0,0.0,0.0,3.1130760722045023,62.0
마라20aa95ab,0.0,0.0,0.0,0.0,0.0,0.0,0.0,0.0,0.0,3.1130760722045023,62.0
마라20aa95ba,0.0,0.0,0.0,0.0,0.0,0.0,0.0,0.0,0.0,3.1130760722045023,62.0
마라20aa95bb,0.0,0.0,0.0,0.0,0.0,0.0,0.0,0.0,0.0,3.1130760722045023,62.0
마라20aa96aa,0.006622516556291391,0.0,0.0,0.0,0.0,0.0,0.0,0.2927143545,-0.026376206966674042,2.667098916700048,900.0
마라20aa96ab,0.09933774834437085,0.08,0.0,0.0,0.0,0.005840762373193974,0.0,0.15469653183333335,-0.030785556881059647,4.467999749004558,985.0
마라20aa96ba,0.3443708609271523,0.0,0.0,0.0,0.0,0.0027666769136181985,0.0,0.0,-0.03191822090948583,1.2806787154644295,1003.0
마라20aa96bb,0.17880794701986755,0.0,0.0,0.0,0.0,0.0030740854595757753,0.0,0.0,-0.016788299573758707,1.1522790992076704,622.0
마라20aa97aa,0.052980132450331126,0.0,0.0,0.0,0.0,0.0018444512757454655,0.0,0.0,-0.005097103910195851,2.1621009449159505,229.0
마라20aa97ab,0.046357615894039736,0.0,0.0,0.0,0.0,0.0,0.0,0.0,-0.0042476988827336104,2.011401784288219,208.0
마라20aa97ba,0.013245033112582781,0.0,0.0,0.0,0.0,0.0,0.0,0.0,-0.001213628252209603,2.2845975411154673,93.0
마라20aa97bb,0.0,0.0,0.0,0.0,0.0,0.0,0.0,0.0,0.0,3.1130760722045023,62.0
마라20aa98aa,0.0,0.0,0.0,0.0,0.0,0.0,0.0,0.0,0.0,3.1130760722045023,62.0
마라20aa98ab,0.0,0.0,0.0,0.0,0.0,0.0,0.0,0.0,0.0,3.1130760722045023,62.0
마라20aa98ba,0.0,0.0,0.0,0.0,0.0,0.0,0.0,0.0,0.0,3.1130760722045023,62.0
마라20aa98bb,0.0,0.0,0.0,0.0,0.0,0.0,0.0,0.0,0.0,3.1130760722045023,62.0
마라20aa99aa,0.0,0.0,0.0,0.0,0.0,0.0,0.0,0.0,0.0,3.1130760722045023,62.0
마라20aa99ab,0.026490066225165563,0.0,0.0,0.0,0.0,0.0,0.0,0.0,-0.002427256504419206,2.235757445615273,144.0
마라20aa99ba,0.0,0.0,0.0,0.0,0.0,0.006148170919151552,0.0,0.0,-0.0008086363378581315,3.207509079001135,78.0
마라20aa99bb,0.0,0.0,0.0,0.0,0.0,0.0,0.0,0.0,0.0,3.1130760722045023,62.0
마라20ab85ab,0.0,0.0,0.0,0.0,0.0,0.0,0.0,0.0,0.0,3.1130760722045023,62.0
마라20ab85ba,0.0,0.0,0.0,0.0,0.0,0.0,0.0,0.0,0.0,3.1130760722045023,62.0
마라20ab85bb,0.0,0.0,0.0,0.0,0.0,0.0,0.0,0.0,0.0,3.1130760722045023,62.0
마라20ab86aa,0.0,0.0,0.0,0.0,0.0,0.0,0.0,0.0,0.0,3.1130760722045023,62.0
마라20ab86ab,0.006622516556291391,0.0,0.0,0.0,0.0,0.01414079311404857,0.0,0.0,-0.0024666777031785037,2.7937036125622545,145.0
마라20ab86ba,0.0,0.12,0.0,0.0,0.0,0.13648939440516444,0.0,0.0,-0.02889614798762164,5.919014512451324,948.0
마라20ab86bb,0.033112582781456956,0.32,0.0,0.0,0.0,0.312941899784814,0.0,0.0,-0.07337878365995923,2.2004134228522485,1322.0
마라20ab87ab,0.039735099337748346,0.0,0.0,0.0,0.0,0.09960036889025514,0.0,0.0,-0.01674079342993054,3.028494216397701,619.0
마라20ab87ba,0.026490066225165563,0.0,0.0,0.0,0.0,0.03197048877958807,0.0,0.0,-0.00663216546128149,2.697097071841631,281.0
마라20ab87bb,0.052980132450331126,0.12,0.0,0.0,0.0,0.0,0.0,0.0,-0.015798934296009533,4.051760094480112,586.0
마라20ab88aa,0.013245033112582781,0.08,0.0,0.0,0.0,0.0,0.0,0.1427143545,-0.02107390608744754,4.236822079405666,762.0
마라20ab88ab,0.019867549668874173,0.32,0.0,0.0,0.0,0.0,0.0,0.0,-0.031005565810770734,2.6735818586683893,990.0
마라20ab88ba,0.052980132450331126,0.2,0.0,0.0,0.0,0.0,0.0,0.11666666666666667,-0.03336607860347003,2.3844311074637545,1024.0
마라20ab88bb,0.026490066225165563,0.0,0.0,0.0,0.0,0.0,0.0,0.0,-0.002427256504419206,2.235757445615273,144.0
마라20ab89aa,0.033112582781456956,0.08,0.0,0.0,0.0,0.007070396557024285,0.0,0.0,-0.01126028327717494,4.441405139610346,431.0
마라20ab89ab,0.006622516556291391,0.0,0.0,0.0,0.0,0.0,0.0,0.0,-0.0006068141261048015,2.2628047968481355,74.0
마라20ab89ba,0.0,0.0,0.0,0.0,0.0,0.0,0.0,0.0,0.0,3.1130760722045023,62.0
마라20ab89bb,0.0,0.0,0.0,0.0,0.0,0.0,0.0,0.0,0.0,3.1130760722045023,62.0
마라20ab90aa,0.013245033112582781,0.04,0.0,0.0,0.0,0.08607439286812173,0.0,0.0,-0.016182677411280485,4.952946068103598,596.0
마라20ab90ab,0.0,0.08,0.0,0.0,0.0,0.058100215185982164,0.0,0.0,-0.014937894250873423,7.026974844447372,557.0
마라20ab90ba,0.006622516556291391,0.0,0.0,0.0,0.0,0.0,0.0,0.0,-0.0006068141261048015,2.2628047968481355,74.0
마라20ab90bb,0.052980132450331126,0.0,0.0,0.0,0.0,0.046726098985551794,0.09067357512953368,0.0,-0.0019375994455412627,3.2893772044487473,121.0
마라20ab91aa,0.0,0.0,0.0,0.0,0.0,0.0,0.0,0.0,0.0,3.1130760722045023,62.0
마라20ab91ab,0.006622516556291391,0.0,0.0,0.0,0.0,0.0,0.0,0.225,-0.02041490792127288,2.667098916700048,740.0
마라20ab91ba,0.0,0.0,0.0,0.0,0.0,0.0,0.0,0.14922928708333333,-0.013137545402367692,3.056487806668868,496.0
마라20ab91bb,0.0,0.0,0.0,0.0,0.0,0.0,0.0,0.16694364158333333,-0.014697045826620393,3.056487806668868,549.0
마라20ab92aa,0.10596026490066225,0.0,0.0,0.0,0.0,0.0,0.0,0.0,-0.009709026017676824,8.159066350363856,376.0
마라20ab92ab,0.052980132450331126,0.0,0.0,0.0,0.0,0.0,0.0,0.0,-0.004854513008838412,2.092264392579398,222.0
마라20ab92ba,0.1456953642384106,0.0,0.0,0.0,0.0,0.006148170919151552,0.0,0.0,-0.014158547112163765,1.0698785235928092,525.0
마라20ab92bb,0.11258278145695365,0.0,0.0,0.0,0.0,0.0,0.0,0.0,-0.010315840143781625,2.5908635180669357,396.0
마라20ab93aa,0.006622516556291391,0.0,0.0,0.0,0.0,0.0,0.0,0.0,-0.0006068141261048015,2.2628047968481355,74.0
마라20ab93ab,0.11258278145695365,0.0,0.0,0.0,0.0,0.0,0.0,0.0,-0.010315840143781625,2.5908635180669357,396.0
마라20ab93ba,0.0,0.0,0.0,0.0,0.0,0.0,0.0,0.0,0.0,3.1130760722045023,62.0
마라20ab93bb,0.0728476821192053,0.0,0.0,0.0,0.0,0.0,0.0,0.125,-0.01767945194002397,2.2037994416304936,653.0
마라20ab94aa,0.0728476821192053,0.12,0.0,0.125,0.0,0.007992622194897018,0.0,0.0,-0.007153584204552997,4.521651283755144,297.0
마라20ab94ab,0.046357615894039736,0.0,0.0,0.0,0.0,0.0,0.0,0.0,-0.0042476988827336104,2.011401784288219,208.0
마라20ab94ba,0.006622516556291391,0.0,0.0,0.0,0.0,0.0,0.0,0.0,-0.0006068141261048015,2.2628047968481355,74.0
마라20ab94bb,0.0,0.0,0.0,0.0,0.0,0.0,0.0,0.0,0.0,3.1130760722045023,62.0
마라20ab95aa,0.0,0.0,0.0,0.0,0.0,0.0,0.0,0.0,0.0,3.1130760722045023,62.0
마라20ab95ab,0.0,0.0,0.0,0.0,0.0,0.0,0.0,0.0,0.0,3.1130760722045023,62.0
마라20ab95ba,0.0,0.0,0.0,0.0,0.0,0.0,0.0,0.0,0.0,3.1130760722045023,62.0
마라20ab95bb,0.0,0.0,0.0,0.0,0.0,0.0,0.0,0.0,0.0,3.1130760722045023,62.0
마라20ab96aa,0.152317880794702,0.0,0.0,0.0,0.0,0.003996311097448509,0.0,0.0,-0.01448233852001822,1.0698785235928092,536.0
마라20ab96ab,0.2251655629139073,0.0,0.0,0.0,0.0,0.003381494005533354,0.0,0.28915462425,-0.04653243879983225,1.7554405911548776,1165.0
마라20ab96ba,0.09933774834437085,0.0,0.0,0.0,0.0,0.006148170919151552,0.0,0.0,-0.009910848229430154,7.597450311640676,382.0
마라20ab96bb,0.052980132450331126,0.0,0.0,0.0,0.0,0.0018444512757454655,0.0,0.0,-0.005097103910195851,2.1621009449159505,229.0
마라20ab97aa,0.006622516556291391,0.0,0.0,0.0,0.0,0.0,0.0,0.0,-0.0006068141261048015,2.2628047968481355,74.0
마라20ab97ab,0.006622516556291391,0.0,0.0,0.0,0.0,0.0,0.0,0.0,-0.0006068141261048015,2.2628047968481355,74.0
마라20ab97ba,0.0,0.0,0.0,0.0,0.0,0.0,0.0,0.0,0.0,3.1130760722045023,62.0
마라20ab97bb,0.0,0.0,0.0,0.0,0.0,0.0,0.0,0.0,0.0,3.1130760722045023,62.0
마라20ab98aa,0.0,0.0,0.0,0.0,0.0,0.0,0.0,0.0,0.0,3.1130760722045023,62.0
마라20ab98ab,0.026490066225165563,0.0,0.0,0.0,0.0,0.0,0.0,0.0,-0.002427256504419206,2.235757445615273,144.0
마라20ab98ba,0.039735099337748346,0.0,0.0,0.0,0.0,0.0,0.0,0.0,-0.003640884756628809,2.55175305519838,192.0
마라20ab98bb,0.15894039735099338,0.0,0.0,0.0,0.0,0.0,0.0,0.0,-0.014563539026515237,1.202700344628916,541.0
마라20ab99aa,0.033112582781456956,0.0,0.0,0.0,0.0,0.0,0.0,0.0,-0.003034070630524008,2.4791925079025385,171.0
마라20ab99ab,0.0,0.0,0.0,0.0,0.0,0.0,0.0,0.0,0.0,3.1130760722045023,62.0
마라20ab99ba,0.006622516556291391,0.0,0.0,0.0,0.0,0.0,0.0,0.0,-0.0006068141261048015,2.2628047968481355,74.0
마라20ab99bb,0.0,0.0,0.0,0.0,0.0,0.0,0.0,0.0,0.0,3.1130760722045023,62.0
마라20ba85ab,0.0,0.0,0.0,0.0,0.0,0.0,0.0,0.0,0.0,3.1130760722045023,62.0
마라20ba85ba,0.0,0.0,0.0,0.0,0.0,0.0,0.0,0.0,0.0,3.1130760722045023,62.0
마라20ba85bb,0.0,0.0,0.0,0.0,0.0,0.0,0.0,0.0,0.0,3.1130760722045023,62.0
마라20ba86aa,0.006622516556291391,0.24,0.0,0.0,0.0,0.30710113741162004,0.0,0.0,-0.0628870417764607,2.3257813389496316,1270.0
마라20ba86ab,0.019867549668874173,0.16,0.0,0.0,0.0,0.0974485090685521,0.0,0.0,-0.029229890049593955,2.8419365793863927,954.0
마라20ba86ba,0.013245033112582781,0.28,0.0,0.0,0.0,0.4269904703350753,0.0,0.0,-0.08291040491985613,2.4564431744431983,1374.0
마라20ba86bb,0.052980132450331126,0.24,0.0,0.125,0.0,0.4063940977559176,0.0,0.0,-0.06867719780661664,2.27887174883948,1298.0
마라20ba87aa,0.09933774834437085,0.0,0.0,0.0,0.0,0.027666769136181983,0.0,0.19166666666666665,-0.029614636793002715,3.1524910189779685,958.0
마라20ba87ab,0.08609271523178808,0.0,0.0,0.0,0.0,0.021211189671072855,0.0,0.17578275533333332,-0.02615358480593185,3.1395875719975987,895.0
마라20ba87ba,0.006622516556291391,0.0,0.0,0.125,0.0,0.0,0.0,0.0,0.01091020558288171,2.684748925061142,24.0
마라20ba87bb,0.013245033112582781,0.0,0.0,0.0,0.0,0.0,0.0,0.15,-0.014419024115654988,2.1900415819744588,535.0
마라20ba88aa,0.006622516556291391,0.0,0.0,0.0,0.0,0.0,0.0,0.0,-0.0006068141261048015,2.2628047968481355,74.0
마라20ba88ab,0.0,0.0,0.0,0.0,0.0,0.0,0.0,0.0,0.0,3.1130760722045023,62.0
마라20ba88ba,0.0,0.0,0.0,0.0,0.0,0.0,0.0,0.0,0.0,3.1130760722045023,62.0
마라20ba88bb,0.0,0.0,0.0,0.0,0.0,0.0,0.33419689119170987,0.0,0.03340196900861269,4.125779158150874,9.0
마라20ba89aa,0.0,0.0,0.0,0.0,0.0,0.0,0.0,0.0,0.0,3.1130760722045023,62.0
마라20ba89ab,0.11258278145695365,0.0,0.0,0.0,0.0,0.0,0.0,0.0,-0.010315840143781625,2.5908635180669357,396.0
마라20ba89ba,0.07947019867549669,0.0,0.0,0.0,0.0,0.0,0.0,0.0,-0.007281769513257618,7.535394101977326,301.0
마라20ba89bb,0.0,0.0,0.0,0.0,0.0,0.0,0.0,0.0,0.0,3.1130760722045023,62.0
마라20ba90aa,0.0,0.0,0.0,0.0,0.0,0.0,0.0,0.0,0.0,3.1130760722045023,62.0
마라20ba90ab,0.0,0.0,0.0,0.0,0.0,0.0,0.0,0.0,0.0,3.1130760722045023,62.0
마라20ba90ba,0.0,0.48,0.0,0.0,0.0,0.49830925299723317,0.0,0.0,-0.10931766033208604,4.800444828167357,1453.0
마라20ba90bb,0.11258278145695365,0.04,0.0,0.0,0.0,0.052259452812788196,0.0,0.0,-0.020837389444632783,4.016685092685094,752.0
마라20ba91aa,0.013245033112582781,0.0,0.0,0.0,0.0,0.0,0.0,0.15756262041666666,-0.015084806758102039,2.1900415819744588,561.0
마라20ba91ab,0.006622516556291391,0.0,0.0,0.0,0.0,0.0,0.0,0.17083333333333334,-0.015646292748362045,2.2060461515044403,577.0
마라20ba91ba,0.10596026490066225,0.0,0.0,0.0,0.0,0.007377805102981862,0.0,0.14166666666666666,-0.023151152383027222,3.0880941935811435,813.0
마라20ba91bb,0.09933774834437085,0.0,0.0,0.0,0.0,0.0,0.0,0.0,-0.009102211891572022,8.159066350363856,359.0
마라20ba92aa,0.12582781456953643,0.0,0.0,0.0,0.0,0.0,0.0,0.06666666666666667,-0.01739853322418918,0.810088448588449,640.0
마라20ba92ab,0.11258278145695365,0.0,0.0,0.0,0.0,0.0,0.0,0.0,-0.010315840143781625,2.5908635180669357,396.0
마라20ba92ba,0.08609271523178808,0.04,0.0,0.0,0.0,0.0,0.0,0.0,-0.01153672406841946,7.353355401288778,439.0
마라20ba92bb,0.026490066225165563,0.0,0.0,0.0,0.0,0.0,0.0,0.0,-0.002427256504419206,2.235757445615273,144.0
마라20ba93aa,0.10596026490066225,0.0,0.0,0.0,0.0,0.0,0.0,0.0,-0.009709026017676824,8.159066350363856,376.0
마라20ba93ab,0.019867549668874173,0.0,0.0,0.0,0.0,0.0,0.0,0.0,-0.0018204423783144046,2.235757445615273,118.0
마라20ba93ba,0.0,0.0,0.0,0.0,0.0,0.0,0.0,0.0,0.0,3.1130760722045023,62.0
마라20ba93bb,0.0,0.0,0.0,0.0,0.0,0.0,0.0,0.0,0.0,3.1130760722045023,62.0
마라20ba94aa,0.033112582781456956,0.04,0.0,0.0,0.0,0.0,0.0,0.0,-0.006682211059581049,4.735569508653848,287.0
마라20ba94ab,0.059602649006622516,0.0,0.0,0.0,0.0,0.0,0.0,0.0,-0.005461327134943213,2.228727806149955,242.0
마라20ba94ba,0.09933774834437085,0.0,0.0,0.0,0.0,0.003688902551490931,0.0,0.0,-0.0095873936942869,7.658376528281179,375.0
마라20ba94bb,0.046357615894039736,0.0,0.0,0.0,0.0,0.003381494005533354,0.0,0.0,-0.004692448868555583,2.16217921295138,216.0
마라20ba95aa,0.033112582781456956,0.0,0.0,0.0,0.0,0.0,0.0,0.0,-0.003034070630524008,2.4791925079025385,171.0
마라20ba95ab,0.0,0.0,0.0,0.0,0.0,0.0,0.0,0.16666666666666666,-0.014672662070494872,3.056487806668868,546.0
마라20ba95ba,0.0728476821192053,0.0,0.0,0.0,0.0,0.0,0.0,0.19166666666666665,-0.02354851676822192,2.298635292054579,826.0
마라20ba95bb,0.2847682119205298,0.0,0.0,0.0,0.0,0.0,0.0,0.0,-0.026093007422506465,1.2648083160226018,893.0
마라20ba96aa,0.1986754966887417,0.0,0.0,0.0,0.0,0.0,0.0,0.0,-0.018204423783144043,1.202700344628916,678.0
마라20ba96ab,0.1390728476821192,0.0,0.0,0.0,0.0,0.0,0.0,0.16589595375,-0.027347908257618007,0.6868587840730703,917.0
마라20ba96ba,0.039735099337748346,0.0,0.0,0.0,0.0,0.0,0.0,0.0,-0.003640884756628809,2.55175305519838,192.0
마라20ba96bb,0.006622516556291391,0.0,0.0,0.0,0.0,0.0,0.0,0.11431840075,-0.010670945701969746,2.1831743566326454,408.0
마라20ba97aa,0.0,0.0,0.0,0.0,0.0,0.0,0.0,0.0,0.0,3.1130760722045023,62.0
마라20ba97ab,0.0,0.0,0.0,0.0,0.0,0.0,0.0,0.0,0.0,3.1130760722045023,62.0
마라20ba97ba,0.0,0.0,0.0,0.0,0.0,0.0,0.0,0.0,0.0,3.1130760722045023,62.0
마라20ba97bb,0.006622516556291391,0.0,0.0,0.0,0.0,0.0,0.0,0.0,-0.0006068141261048015,2.2628047968481355,74.0
마라20ba98aa,0.013245033112582781,0.0,0.0,0.0,0.0,0.0,0.0,0.0,-0.001213628252209603,2.2845975411154673,93.0
마라20ba98ab,0.06622516556291391,0.0,0.0,0.0,0.0,0.0,0.0,0.0,-0.006068141261048016,2.23893334135549,266.0
마라20ba98ba,0.23178807947019867,0.0,0.0,0.0,0.0,0.0,0.0,0.0,-0.02123849441366805,1.202700344628916,765.0
마라20ba98bb,0.2052980132450331,0.12,0.8,0.0,0.0,0.0,0.0,0.0,-0.029755659196419967,3.201428687714401,962.0
마라20ba99aa,0.019867549668874173,0.0,0.0,0.0,0.0,0.0018444512757454655,0.0,0.0,-0.002063033279671844,2.3289486988065264,129.0
마라20ba99ab,0.0,0.0,0.0,0.0,0.0,0.0,0.0,0.0,0.0,3.1130760722045023,62.0
마라20ba99ba,0.0,0.0,0.0,0.0,0.0,0.0,0.0,0.0,0.0,3.1130760722045023,62.0
마라20ba99bb,0.0,0.0,0.0,0.0,0.0,0.0,0.0,0.0,0.0,3.1130760722045023,62.0
마라20bb85ab,0.0,0.0,0.0,0.0,0.0,0.0,0.0,0.0,0.0,3.1130760722045023,62.0
마라20bb85ba,0.0,0.0,0.0,0.0,0.0,0.0,0.0,0.0,0.0,3.1130760722045023,62.0
마라20bb85bb,0.019867549668874173,0.0,0.0,0.0,0.0,0.0,0.0,0.0,-0.0018204423783144046,2.235757445615273,118.0
마라20bb86aa,0.006622516556291391,0.44,0.0,0.0,0.0,0.45219797110359666,0.0,0.0,-0.10021156149519783,2.47371784688614,1434.0
마라20bb86ab,0.013245033112582781,0.56,0.0,0.0,0.0,0.6043652013525975,0.0,0.0,-0.13177654627046248,2.4564431744431983,1501.0
마라20bb86ba,0.0728476821192053,0.2,0.0,0.125,0.0,0.19920073778051028,0.0,0.0,-0.03959845517005497,1.9226770863591023,1096.0
마라20bb86bb,0.013245033112582781,0.36,0.0,0.0,0.0,0.5192130341223485,0.0,0.0,-0.10233623084584217,2.4564431744431983,1441.0
마라20bb87aa,0.0,0.2,0.0,0.0,0.0,0.23977866584691054,0.0,0.0,-0.04977751932175233,4.552642630365159,1189.0
마라20bb87ab,0.013245033112582781,0.16,0.0,0.0,0.0,0.0,0.0,0.0,-0.015806189968437766,2.8172915290381577,587.0
마라20bb87ba,0.0,0.0,0.0,0.0,0.0,0.0,0.0,0.14166666666666666,-0.012471762759920641,3.056487806668868,468.0
마라20bb87bb,0.013245033112582781,0.0,0.0,0.0,0.0,0.0,0.0,0.0,-0.001213628252209603,2.2845975411154673,93.0
마라20bb88aa,0.006622516556291391,0.0,0.0,0.0,0.0,0.0,0.0,0.0,-0.0006068141261048015,2.2628047968481355,74.0
마라20bb88ab,0.0,0.0,0.0,0.0,0.0,0.0,0.0,0.0,0.0,3.1130760722045023,62.0
마라20bb88ba,0.0,0.0,0.0,0.0,0.0,0.0,0.0,0.11666666666666667,-0.01027086344934641,3.056487806668868,393.0
마라20bb88bb,0.0,0.0,0.0,0.0,0.0,0.0,0.0,0.23335741808333332,-0.020543847223079635,3.276006722177174,746.0
마라20bb89aa,0.0,0.0,0.0,0.0,0.0,0.0,0.0,0.0,0.0,3.1130760722045023,62.0
마라20bb89ab,0.09933774834437085,0.0,0.0,0.0,0.0,0.0,0.0,0.0,-0.009102211891572022,8.159066350363856,359.0
마라20bb89ba,0.019867549668874173,0.0,0.0,0.0,0.0,0.0,0.0,0.0,-0.0018204423783144046,2.235757445615273,118.0
마라20bb89bb,0.0,0.0,0.0,0.0,0.0,0.0,0.0,0.0,0.0,3.1130760722045023,62.0
마라20bb90aa,0.06622516556291391,0.0,0.0,0.0,0.0,0.004918536735321242,0.0,0.0,-0.006715050331334521,2.5552087026658907,288.0
마라20bb90ab,0.019867549668874173,0.0,0.0,0.0,0.0,0.0021518598217030436,0.0,0.0,-0.0021034650965647507,2.2991378551292856,130.0
마라20bb90ba,0.033112582781456956,0.0,0.0,0.0,0.0,0.0,0.0,0.0,-0.003034070630524008,2.4791925079025385,171.0
마라20bb90bb,0.26490066225165565,0.0,0.0,0.0,0.0,0.005840762373193974,0.0,0.0,-0.025040769565157286,1.2146434808577664,874.0
마라20bb91aa,0.11920529801324503,0.16,0.0,0.0,0.0,0.019981555487242543,0.0,0.575,-0.07876396822736083,2.0123535379963964,1357.0
마라20bb91ab,0.019867549668874173,0.16,0.0,0.0,0.0,0.1371042114970796,0.0,0.0,-0.0344455944287789,2.5010861811074236,1041.0
마라20bb91ba,0.039735099337748346,0.08,0.0,0.0,0.0,0.0,0.0,0.16666666666666666,-0.025609827685237764,4.298864536636553,884.0
마라20bb91bb,0.026490066225165563,0.0,0.0,0.0,0.0,0.0,0.0,0.0,-0.002427256504419206,2.235757445615273,144.0
마라20bb92aa,0.08609271523178808,0.0,0.0,0.0,0.0,0.0,0.0,0.0,-0.007888583639362418,7.535394101977326,320.0
마라20bb92ab,0.06622516556291391,0.0,0.0,0.0,0.0,0.0,0.0,0.0,-0.006068141261048016,2.23893334135549,266.0
마라20bb92ba,0.1390728476821192,0.0,0.0,0.0,0.0,0.0,0.0025906735751295338,0.0,-0.012484166655886003,1.1812259856545568,470.0
마라20bb92bb,0.10596026490066225,0.0,0.0,0.0,0.0,0.0,0.0,0.0,-0.009709026017676824,8.159066350363856,376.0
마라20bb93aa,0.0728476821192053,0.0,0.0,0.0,0.0,0.0,0.0,0.0,-0.0066749553871528165,2.317230044652193,286.0
마라20bb93ab,0.0,0.0,0.0,0.0,0.0,0.0,0.0,0.0,0.0,3.1130760722045023,62.0
마라20bb93ba,0.006622516556291391,0.0,0.0,0.0,0.0,0.0,0.0,0.0,-0.0006068141261048015,2.2628047968481355,74.0
마라20bb93bb,0.08609271523178808,0.0,0.0,0.0,0.0,0.009837073470642483,0.0,0.0,-0.009182401779935428,7.114265336664496,361.0
마라20bb94aa,0.019867549668874173,0.0,0.0,0.0,0.0,0.002459268367660621,0.0,0.0,-0.0021438969134576573,2.362780732793172,132.0
마라20bb94ab,0.0728476821192053,0.12,0.0,0.0,0.0,0.0,0.0,0.0,-0.017619376674323936,4.168590302631747,647.0
마라20bb94ba,0.152317880794702,0.0,0.0,0.0,0.0,0.0,0.0,0.0,-0.013956724900410434,1.1812259856545568,520.0
마라20bb94bb,0.2119205298013245,0.0,0.0,0.0,0.0,0.006148170919151552,0.0,0.0,-0.02022668837321178,1.0913528825671681,733.0
마라20bb95aa,0.059602649006622516,0.0,0.0,0.0,0.0,0.003381494005533354,0.0,0.0,-0.005906077120765185,2.3583534818042207,262.0
마라20bb95ab,0.033112582781456956,0.0,0.0,0.0,0.0,0.005533353827236397,0.0,0.0,-0.0037618433345963263,2.6880569942515153,196.0
마라20bb95ba,0.5033112582781457,0.0,0.0,0.0,0.0,0.0027666769136181985,0.0,0.0,-0.04648175993600107,1.0312565265422413,1163.0
마라20bb95bb,0.2185430463576159,0.0,0.0,0.0,0.0,0.0,0.0,0.0,-0.02002486616145845,1.202700344628916,729.0
마라20bb96aa,0.039735099337748346,0.0,0.0,0.0,0.0,0.0,0.0,0.0,-0.003640884756628809,2.55175305519838,192.0
마라20bb96ab,0.039735099337748346,0.0,0.0,0.0,0.0,0.0,0.0,0.0,-0.003640884756628809,2.55175305519838,192.0
마라20bb96ba,0.019867549668874173,0.0,0.0,0.0,0.0,0.0,0.0,0.18410404625,-0.018028221116936458,2.126716526989305,670.0
마라20bb96bb,0.0,0.0,0.0,0.0,0.0,0.0,0.0,0.0,0.0,3.1130760722045023,62.0
마라20bb97aa,0.0,0.0,0.0,0.0,0.0,0.0,0.0,0.0,0.0,3.1130760722045023,62.0
마라20bb97ab,0.0,0.0,0.0,0.0,0.0,0.0,0.0,0.0,0.0,3.1130760722045023,62.0
마라20bb97ba,0.0,0.0,0.0,0.0,0.0,0.0,0.0,0.0,0.0,3.1130760722045023,62.0
마라20bb97bb,0.019867549668874173,0.0,0.0,0.0,0.0,0.0,0.0,0.0,-0.0018204423783144046,2.235757445615273,118.0
마라20bb98aa,0.06622516556291391,0.0,0.0,0.0,0.0,0.0,0.0,0.0,-0.006068141261048016,2.23893334135549,266.0
마라20bb98ab,0.13245033112582782,0.0,0.0,0.0,0.0,0.0,0.0,0.0,-0.012136282522096031,1.1786747273890128,454.0
마라20bb98ba,0.23178807947019867,0.0,0.1,0.0,0.0,0.0,0.0,0.0,-0.02123849441366805,1.202700344628916,765.0
마라20bb98bb,0.08609271523178808,0.0,0.4,0.0,0.0,0.007377805102981862,0.0,0.0,-0.008858947244792175,7.114265336664496,349.0
마라20bb99aa,0.006622516556291391,0.0,0.0,0.0,0.0,0.0018444512757454655,0.0,0.0,-0.0008494050274622409,2.3518721184154567,80.0
마라20bb99ab,0.019867549668874173,0.0,0.0,0.0,0.0,0.0,0.0,0.0,-0.0018204423783144046,2.235757445615273,118.0
마라20bb99ba,0.12582781456953643,0.0,0.0,0.0,0.0,0.0,0.0,0.0,-0.011529468395991229,1.1786747273890128,438.0
마라20bb99bb,0.1390728476821192,0.0,0.0,0.0,0.0,0.002459268367660621,0.0,0.0,-0.013066551183344084,1.1308047402333115,494.0
마라21aa85ab,0.0,0.0,0.0,0.0,0.0,0.0,0.0,0.0,0.0,3.1130760722045023,62.0
마라21aa85ba,0.0,0.0,0.0,0.0,0.0,0.0,0.0,0.0,0.0,3.1130760722045023,62.0
마라21aa85bb,0.0,0.0,0.0,0.0,0.0,0.0,0.0,0.0,0.0,3.1130760722045023,62.0
마라21aa86aa,0.006622516556291391,0.28,0.0,0.0,0.0,0.3827236397171841,0.0,0.0,-0.07648140916117277,2.47371784688614,1340.0
마라21aa86ab,0.0,0.08,0.0,0.25,0.0,0.11589302182600676,0.0,0.0,0.0004949635912331624,5.788214175222418,59.0
마라21aa86ba,0.026490066225165563,0.36,0.0,0.0,0.0,0.43897940362742083,0.0,0.0,-0.09299715488900315,2.294332836771663,1412.0
마라21aa86bb,0.013245033112582781,0.04,0.0,0.0,0.0,0.05287426990470335,0.0,0.0,-0.011816041186846576,5.083998571156102,446.0
마라21aa87aa,0.0,0.0,0.0,0.0,0.0,0.0,0.0,0.0,0.0,3.1130760722045023,62.0
마라21aa87ab,0.0,0.0,0.0,0.0,0.0,0.0,0.0,0.0,0.0,3.1130760722045023,62.0
마라21aa87ba,0.0,0.0,0.0,0.0,0.0,0.0,0.0,0.0,0.0,3.1130760722045023,62.0
마라21aa87bb,0.0,0.0,0.0,0.0,0.0,0.0,0.0,0.0,0.0,3.1130760722045023,62.0
마라21aa88aa,0.006622516556291391,0.0,0.0,0.0,0.0,0.0,0.0,0.0,-0.0006068141261048015,2.2628047968481355,74.0
마라21aa88ab,0.006622516556291391,0.0,0.0,0.0,0.0,0.0,0.0,0.0,-0.0006068141261048015,2.2628047968481355,74.0
마라21aa88ba,0.0,0.0,0.1,0.0,0.0,0.0,0.0,0.0,0.0,3.1130760722045023,62.0
마라21aa88bb,0.0,0.0,0.0,0.0,0.0,0.0,0.0,0.0,0.0,3.1130760722045023,62.0
마라21aa89aa,0.013245033112582781,0.0,0.0,0.0,0.0,0.0,0.0,0.0,-0.001213628252209603,2.2845975411154673,93.0
마라21aa89ab,0.0,0.0,0.0,0.0,0.0,0.0,0.0,0.0,0.0,3.1130760722045023,62.0
마라21aa89ba,0.0,0.0,0.0,0.0,0.0,0.0,0.0,0.0,0.0,3.1130760722045023,62.0
마라21aa89bb,0.0,0.0,0.0,0.0,0.0,0.0,0.0,0.0,0.0,3.1130760722045023,62.0
마라21aa90aa,0.0,0.0,0.0,0.0,0.0,0.0,0.0,0.0,0.0,3.1130760722045023,62.0
마라21aa90ab,0.0,0.0,0.0,0.0,0.0,0.0,0.0,0.0,0.0,3.1130760722045023,62.0
마라21aa90ba,0.0,0.0,0.0,0.0,0.0,0.0,0.0,0.0,0.0,3.1130760722045023,62.0
마라21aa90bb,0.0728476821192053,0.08,0.0,0.0,0.0,0.0,0.0,0.0,-0.013971236245266899,4.22459940464085,522.0
마라21aa91aa,0.019867549668874173,0.0,0.0,0.0,0.0,0.0,0.0,0.0,-0.0018204423783144046,2.235757445615273,118.0
마라21aa91ab,0.013245033112582781,0.0,0.0,0.0,0.0,0.0,0.0,0.0,-0.001213628252209603,2.2845975411154673,93.0
마라21aa91bb,0.033112582781456956,0.0,0.0,0.0,0.0,0.0,0.0,0.0,-0.003034070630524008,2.4791925079025385,171.0
마라21aa92aa,0.15894039735099338,0.0,0.0,0.0,0.0,0.0,0.0,0.0,-0.014563539026515237,1.202700344628916,541.0
마라21aa92ab,0.2052980132450331,0.0,0.0,0.0,0.0,0.0,0.0,0.0,-0.018811237909248844,1.202700344628916,695.0
마라21aa92ba,0.304635761589404,0.0,0.0,0.0,0.0,0.008300030740854595,0.0,0.0,-0.029005108856929345,1.2146434808577664,950.0
마라21aa92bb,0.09933774834437085,0.0,0.0,0.0,0.0,0.0,0.0,0.0,-0.009102211891572022,8.159066350363856,359.0
마라21aa93aa,0.006622516556291391,0.0,0.0,0.0,0.0,0.0,0.0,0.0,-0.0006068141261048015,2.2628047968481355,74.0
마라21aa93ab,0.019867549668874173,0.0,0.0,0.0,0.0,0.0,0.0,0.0,-0.0018204423783144046,2.235757445615273,118.0
마라21aa93ba,0.23178807947019867,0.0,0.0,0.0,0.0,0.005225945281278819,0.0,0.0,-0.021925835300847463,1.0913528825671681,781.0
마라21aa93bb,0.25165562913907286,0.0,0.0,0.0,0.0,0.0,0.0,0.0,-0.023058936791982457,1.2391808086093798,810.0
마라21aa94aa,0.2251655629139073,0.0,0.0,0.375,0.024175824175824177,0.011681524746387948,0.6088082901554405,0.3416666666666667,0.04027674476236142,3.3701474636474633,7.0
마라21aa94ab,0.11920529801324503,0.0,0.0,0.0,0.0,0.0046111281893636644,0.0,0.15,-0.024734527386725408,0.5185197818054963,863.0
마라21aa94ba,0.2052980132450331,0.0,0.0,0.0,0.0,0.0,0.0,0.0,-0.018811237909248844,1.202700344628916,695.0
마라21aa94bb,0.13245033112582782,0.0,0.0,0.0,0.0,0.0,0.0,0.0,-0.012136282522096031,1.1786747273890128,454.0
마라21aa95aa,0.2052980132450331,0.0,0.0,0.0,0.0,0.0,0.0,0.252878131,-0.04107361007633685,1.760843521557808,1112.0
마라21aa95ab,0.23178807947019867,0.0,0.0,0.0,0.0,0.0030740854595757753,0.0,0.0,-0.021642812582597117,1.1522790992076704,773.0
마라21aa95ba,0.07947019867549669,0.0,0.0,0.0,0.0,0.0,0.0,0.0,-0.007281769513257618,7.535394101977326,301.0
마라21aa95bb,0.10596026490066225,0.0,0.0,0.0,0.0,0.006148170919151552,0.0,0.0,-0.010517662355534956,7.597450311640676,401.0
마라21aa96aa,0.17880794701986755,0.0,0.0,0.0,0.0,0.009529664924684905,0.0,0.0,-0.017637367728509743,1.0913528825671681,649.0
마라21aa96ab,0.0,0.0,0.0,0.0,0.0,0.0,0.0,0.0,0.0,3.1130760722045023,62.0
마라21aa96ba,0.0,0.0,0.0,0.0,0.0,0.0,0.0,0.0,0.0,3.1130760722045023,62.0
마라21aa96bb,0.0,0.0,0.0,0.0,0.0,0.0,0.0,0.0,0.0,3.1130760722045023,62.0
마라21aa97aa,0.0,0.0,0.0,0.0,0.0,0.0,0.0,0.0,0.0,3.1130760722045023,62.0
마라21aa97ab,0.0,0.0,0.0,0.0,0.0,0.0,0.0,0.0,0.0,3.1130760722045023,62.0
마라21aa97ba,0.033112582781456956,0.0,0.0,0.0,0.0,0.0,0.0,0.0,-0.003034070630524008,2.4791925079025385,171.0
마라21aa97bb,0.0728476821192053,0.0,0.0,0.0,0.0,0.0,0.0,0.0,-0.0066749553871528165,2.317230044652193,286.0
마라21aa98aa,0.0,0.0,0.0,0.0,0.0,0.0,0.0,0.0,0.0,3.1130760722045023,62.0
마라21aa98ab,0.039735099337748346,0.0,0.0,0.0,0.0,0.0,0.0,0.0,-0.003640884756628809,2.55175305519838,192.0
마라21aa98ba,0.11258278145695365,0.0,0.0,0.0,0.0,0.004303719643406086,0.0,0.0,-0.010881885580282318,2.389926312415444,416.0
마라21aa98bb,0.052980132450331126,0.0,0.1,0.0,0.0,0.0064555794651091295,0.0,0.0,-0.00570358116358945,2.3303215153517804,251.0
마라21aa99aa,0.013245033112582781,0.0,0.0,0.0,0.0,0.0,0.0,0.0,-0.001213628252209603,2.2845975411154673,93.0
마라21aa99ab,0.013245033112582781,0.0,0.0,0.0,0.0,0.0,0.0,0.0,-0.001213628252209603,2.2845975411154673,93.0
마라21aa99ba,0.1390728476821192,0.0,0.0,0.0,0.0,0.0018444512757454655,0.0,0.0,-0.01298568754955827,1.1308047402333115,489.0
마라21aa99bb,0.4503311258278146,0.0,0.0,0.0,0.0,0.005840762373193974,0.0,0.0,-0.042031565096091725,1.1435938558795704,1123.0
마라21ab85ab,0.0,0.0,0.0,0.0,0.0,0.0,0.0,0.0,0.0,3.1130760722045023,62.0
마라21ab85ba,0.0,0.0,0.0,0.0,0.0,0.0,0.0,0.0,0.0,3.1130760722045023,62.0
마라21ab85bb,0.0,0.0,0.0,0.0,0.0,0.0,0.0,0.0,0.0,3.1130760722045023,62.0
마라21ab86aa,0.0,0.0,0.0,0.0,0.0,0.0,0.0,0.0,0.0,3.1130760722045023,62.0
마라21ab86ab,0.006622516556291391,0.0,0.0,0.0,0.0,0.003996311097448509,0.6709844559585493,0.0,0.06593044026382762,4.338138123312672,2.0
마라21ab86ba,0.019867549668874173,0.0,0.0,0.0,0.0,0.011681524746387948,0.0,0.0,-0.003356851420244854,2.697097071841631,179.0
마라21ab86bb,0.0,0.0,0.0,0.0,0.0,0.0,0.0,0.0,0.0,3.1130760722045023,62.0
마라21ab87aa,0.0,0.0,0.0,0.0,0.0,0.0,0.0,0.0,0.0,3.1130760722045023,62.0
마라21ab87ab,0.0,0.0,0.0,0.0,0.0,0.0,0.0,0.0,0.0,3.1130760722045023,62.0
마라21ab87ba,0.039735099337748346,0.0,0.0,0.0,0.0,0.0,0.0,0.0,-0.003640884756628809,2.55175305519838,192.0
마라21ab87bb,0.0,0.0,0.0,0.0,0.0,0.0,0.0,0.0,0.0,3.1130760722045023,62.0
마라21ab88aa,0.0,0.0,0.0,0.0,0.0,0.0,0.0,0.0,0.0,3.1130760722045023,62.0
마라21ab88ab,0.033112582781456956,0.0,0.0,0.0,0.0,0.0,0.0,0.0,-0.003034070630524008,2.4791925079025385,171.0
마라21ab88ba,0.013245033112582781,0.0,0.0,0.0,0.0,0.0,0.0,0.0,-0.001213628252209603,2.2845975411154673,93.0
마라21ab88bb,0.0,0.0,0.0,0.0,0.0,0.0,0.0,0.0,0.0,3.1130760722045023,62.0
마라21ab89aa,0.0,0.0,0.0,0.0,0.0,0.0,0.0,0.0,0.0,3.1130760722045023,62.0
마라21ab89ab,0.0,0.0,0.0,0.0,0.0,0.0,0.0,0.0,0.0,3.1130760722045023,62.0
마라21ab89ba,0.006622516556291391,0.0,0.0,0.0,0.0,0.0,0.0,0.0,-0.0006068141261048015,2.2628047968481355,74.0
마라21ab89bb,0.08609271523178808,0.0,0.0,0.0,0.0,0.0,0.0,0.41060211950000003,-0.04403634050847714,3.441169573634547,1145.0
마라21ab90aa,0.09271523178807947,0.0,0.0,0.0,0.0,0.0,0.0,0.0,-0.008495397765467221,8.159066350363856,340.0
마라21ab90ab,0.006622516556291391,0.0,0.0,0.0,0.0,0.0,0.0,0.0,-0.0006068141261048015,2.2628047968481355,74.0
마라21ab90ba,0.08609271523178808,0.0,0.0,0.0,0.0,0.0,0.0,0.0,-0.007888583639362418,7.535394101977326,320.0
마라21ab90bb,0.0,0.0,0.0,0.0,0.0,0.0,0.0,0.0,0.0,3.1130760722045023,62.0
마라21ab91aa,0.0,0.0,0.0,0.0,0.0,0.0,0.0,0.0,0.0,3.1130760722045023,62.0
마라21ab91ab,0.0,0.0,0.0,0.0,0.0,0.0,0.0,0.0,0.0,3.1130760722045023,62.0
마라21ab91ba,0.026490066225165563,0.0,0.0,0.0,0.0,0.0,0.0025906735751295338,0.0,-0.002168326512104379,2.235757445615273,133.0
마라21ab92aa,0.12582781456953643,0.0,0.0,0.0,0.0,0.008607439286812174,0.0,0.0,-0.012661559268992612,1.0726569356569355,474.0
마라21ab92ab,0.11920529801324503,0.0,0.0,0.0,0.0,0.012911158930218259,0.0,0.0,-0.012620790579388502,1.0726569356569355,473.0
마라21ab92ba,0.08609271523178808,0.0,0.0,0.0,0.0,0.002459268367660621,0.0,0.0,-0.008212038174505672,7.175191553304999,329.0
마라21ab92bb,0.0,0.0,0.0,0.0,0.0,0.0,0.0,0.06666666666666667,-0.005869064828197949,3.054308319489381,260.0
마라21ab93aa,0.0,0.0,0.0,0.0,0.0,0.0,0.0,0.0,0.0,3.1130760722045023,62.0
마라21ab93ab,0.033112582781456956,0.0,0.0,0.0,0.0,0.0,0.0,0.0,-0.003034070630524008,2.4791925079025385,171.0
마라21ab93ba,0.17218543046357615,0.04,0.0,0.0,0.0,0.07838917921918229,0.0,0.0,-0.02973542101547305,3.5781618989476143,961.0
마라21ab93bb,0.013245033112582781,0.12,0.0,0.0,0.0,0.2016600061481709,0.0,0.29651493258333333,-0.06478530184903235,3.301060352178114,1281.0
마라21ab94aa,0.006622516556291391,0.08,0.0,0.0,0.0,0.12450046111281893,0.0,0.0,-0.024277980825846045,3.6823843401744263,850.0
마라21ab94ab,0.0,0.04,0.0,0.0,0.0,0.06701506301875192,0.0,0.22461464358333333,-0.03223644508000807,6.977640290112816,1007.0
마라21ab94ba,0.013245033112582781,0.0,0.0,0.0,0.0,0.0,0.0,0.18333333333333332,-0.01735355652975396,2.1900415819744588,637.0
마라21ab94bb,0.013245033112582781,0.0,0.0,0.0,0.0,0.0027666769136181985,0.0,0.0,-0.0015775146042457623,2.4074968966694343,108.0
마라21ab95aa,0.13245033112582782,0.0,0.0,0.0,0.0,0.0,0.0,0.06159682080833333,-0.01755901854012104,0.810088448588449,643.0
마라21ab95ab,0.07947019867549669,0.0,0.0,0.0,0.0,0.0,0.0,0.11589595375,-0.017484782501526335,3.1308665640678,642.0
마라21ab95ba,0.0,0.0,0.0,0.0,0.0,0.0,0.0,0.0,0.0,3.1130760722045023,62.0
마라21ab95bb,0.052980132450331126,0.0,0.0,0.0,0.0,0.003381494005533354,0.0,0.125,-0.01630375954753154,2.181886641210568,604.0
마라21ab96aa,0.033112582781456956,0.0,0.0,0.0,0.0,0.002459268367660621,0.0,0.0,-0.0033575251656672604,2.5828610942257364,181.0
마라21ab96ab,0.006622516556291391,0.0,0.0,0.0,0.0,0.0,0.0,0.0,-0.0006068141261048015,2.2628047968481355,74.0
마라21ab96ba,0.0,0.0,0.0,0.0,0.0,0.0,0.0,0.0,0.0,3.1130760722045023,62.0
마라21ab96bb,0.0,0.0,0.0,0.0,0.0,0.0,0.0,0.0,0.0,3.1130760722045023,62.0
마라21ab97aa,0.006622516556291391,0.0,0.0,0.0,0.0,0.0,0.0,0.0,-0.0006068141261048015,2.2628047968481355,74.0
마라21ab97ab,0.0,0.0,0.0,0.0,0.0,0.0,0.0,0.0,0.0,3.1130760722045023,62.0
마라21ab97ba,0.0,0.0,0.0,0.0,0.0,0.0,0.0,0.0,0.0,3.1130760722045023,62.0
마라21ab97bb,0.0,0.0,0.0,0.0,0.0,0.0,0.0,0.0,0.0,3.1130760722045023,62.0
마라21ab98aa,0.0,0.0,0.0,0.0,0.0,0.0,0.0,0.0,0.0,3.1130760722045023,62.0
마라21ab98ab,0.006622516556291391,0.0,0.0,0.0,0.0,0.0,0.0,0.0,-0.0006068141261048015,2.2628047968481355,74.0
마라21ab98ba,0.08609271523178808,0.0,0.0,0.0,0.0,0.003996311097448509,0.0,0.0,-0.008414197258970205,7.114265336664496,336.0
마라21ab98bb,0.12582781456953643,0.0,0.2,0.0,0.0,0.0046111281893636644,0.02072538860103627,0.0,-0.010064505710866211,2.19258559429988,388.0
마라21ab99aa,0.052980132450331126,0.0,0.0,0.0,0.0,0.0021518598217030436,0.0,0.12968448941666666,-0.01655443586106127,2.0711349212067187,615.0
마라21ab99ab,0.36423841059602646,0.0,0.5,0.0,0.0,0.003996311097448509,0.0,0.2916666666666667,-0.05957754917873789,2.012998588712874,1254.0
마라21ab99ba,0.45695364238410596,0.0,0.0,0.0,0.0,0.003688902551490931,0.0,0.0,-0.04235535650394619,1.1435938558795704,1128.0
마라21ab99bb,0.40397350993377484,0.0,0.0,0.0,0.0,0.004303719643406086,0.0,0.0,-0.03758170712889358,1.1435938558795704,1076.0
마라21ba85ba,0.0,0.0,0.0,0.0,0.0,0.0,0.0,0.0,0.0,3.1130760722045023,62.0
마라21ba85bb,0.0,0.0,0.0,0.0,0.0,0.0,0.0,0.0,0.0,3.1130760722045023,62.0
마라21ba86aa,0.0,0.0,0.0,0.0,0.0,0.0,0.0,0.0,0.0,3.1130760722045023,62.0
마라21ba86ab,0.0,0.0,0.0,0.0,0.0,0.0,0.0,0.0,0.0,3.1130760722045023,62.0
마라21ba86ba,0.0,0.0,0.0,0.0,0.0,0.0,0.0,0.0,0.0,3.1130760722045023,62.0
마라21ba86bb,0.0,0.0,0.0,0.0,0.0,0.0,0.0,0.0,0.0,3.1130760722045023,62.0
마라21ba87aa,0.0,0.0,0.0,0.0,0.0,0.0,0.0,0.0,0.0,3.1130760722045023,62.0
마라21ba87ab,0.0,0.0,0.0,0.0,0.0,0.0,0.0,0.0,0.0,3.1130760722045023,62.0
마라21ba87ba,0.059602649006622516,0.0,0.0,0.0,0.0,0.005840762373193974,0.0,0.0,-0.006229531655908438,2.433563578843844,271.0
마라21ba87bb,0.019867549668874173,0.0,0.0,0.0,0.0,0.0,0.0,0.0,-0.0018204423783144046,2.235757445615273,118.0
마라21ba88aa,0.0,0.0,0.0,0.0,0.0,0.0,0.0,0.0,0.0,3.1130760722045023,62.0
마라21ba88ab,0.039735099337748346,0.0,0.0,0.0,0.0,0.0,0.0,0.0,-0.003640884756628809,2.55175305519838,192.0
마라21ba88bb,0.006622516556291391,0.0,0.0,0.0,0.0,0.0,0.0,0.0,-0.0006068141261048015,2.2628047968481355,74.0
마라21ba89aa,0.019867549668874173,0.0,0.0,0.0,0.0,0.0018444512757454655,0.0,0.6448061174999998,-0.05882916685806369,2.680960545376166,1250.0
마라21ba89ab,0.052980132450331126,0.0,0.0,0.0,0.0,0.0,0.0,0.0,-0.004854513008838412,2.092264392579398,222.0
마라21ba89ba,0.006622516556291391,0.0,0.0,0.0,0.0,0.0,0.0,0.0,-0.0006068141261048015,2.2628047968481355,74.0
마라21ba89bb,0.0,0.0,0.0,0.0,0.0,0.0,0.0,0.0,0.0,3.1130760722045023,62.0
마라21ba90aa,0.17880794701986755,0.0,0.0,0.0,0.0,0.003688902551490931,0.0,0.0,-0.01686916320754452,1.1522790992076704,623.0
마라21ba90ab,0.09933774834437085,0.0,0.0,0.0,0.0,0.008607439286812174,0.036269430051813475,0.24166666666666667,-0.027884642874383393,3.7919539260342843,928.0
마라21ba90ba,0.039735099337748346,0.0,0.0,0.0,0.0,0.0,0.0,0.0,-0.003640884756628809,2.55175305519838,192.0
마라21ba90bb,0.046357615894039736,0.0,0.0,0.0,0.0,0.0,0.0,0.0,-0.0042476988827336104,2.011401784288219,208.0
마라21ba91aa,0.006622516556291391,0.0,0.0,0.0,0.0,0.0,0.0,0.0,-0.0006068141261048015,2.2628047968481355,74.0
마라21ba91ab,0.0,0.0,0.0,0.0,0.0,0.0,0.0,0.0,0.0,3.1130760722045023,62.0
마라21ba91ba,0.2251655629139073,0.04,0.0,0.0,0.0,0.0,0.0,0.0,-0.02427982071662029,3.5973812430955276,851.0
마라21ba91bb,0.07947019867549669,0.0,0.0,0.0,0.0,0.0,0.0,0.0,-0.007281769513257618,7.535394101977326,301.0
마라21ba92aa,0.1456953642384106,0.0,0.0,0.0,0.0,0.005840762373193974,0.0,0.0,-0.014118115295270859,1.0698785235928092,524.0
마라21ba92ab,0.0,0.0,0.0,0.0,0.0,0.0,0.0,0.0,0.0,3.1130760722045023,62.0
마라21ba92ba,0.033112582781456956,0.0,0.0,0.0,0.0,0.0,0.0,0.26666666666666666,-0.026510329943315803,2.7426843672130605,903.0
마라21ba92bb,0.06622516556291391,0.0,0.0,0.0,0.0,0.0,0.0,0.0,-0.006068141261048016,2.23893334135549,266.0
마라21ba93aa,0.12582781456953643,0.0,0.0,0.0,0.0,0.0,0.0,0.0,-0.011529468395991229,1.1786747273890128,438.0
마라21ba93ab,0.24503311258278146,0.0,0.0,0.0,0.0,0.00891484783276975,0.0,0.0,-0.023624645355771946,1.189015973444545,830.0
마라21ba93ba,0.07947019867549669,0.24,0.0,0.0,0.0,0.30156778358438363,0.0,0.0,-0.06883422445954121,2.143310069737955,1300.0
마라21ba93bb,0.06622516556291391,0.28,0.0,0.0,0.0,0.4795573316938211,0.0,0.10910404624999999,-0.10428383942428092,2.1513720194630053,1443.0
마라21ba94aa,0.013245033112582781,0.52,0.0,0.0,0.0,0.8152474638794958,0.0,0.15,-0.16907002809338473,2.312196008910318,1524.0
마라21ba94ab,0.026490066225165563,0.12,0.0,0.0,0.0,0.15554872425453425,0.0,0.0,-0.03383017713940105,3.251926125486745,1035.0
마라21ba94ba,0.026490066225165563,0.0,0.0,0.0,0.0,0.0,0.0,0.0,-0.002427256504419206,2.235757445615273,144.0
마라21ba94bb,0.18543046357615894,0.0,0.0,0.0,0.0,0.0,0.0,0.0,-0.016990795530934442,1.202700344628916,629.0
마라21ba95aa,0.11258278145695365,0.0,0.0,0.0,0.0,0.005533353827236397,0.0,0.0,-0.011043612847853943,2.389926312415444,421.0
마라21ba95ab,0.25165562913907286,0.0,0.0,0.0,0.0,0.0021518598217030436,0.0,0.0,-0.023341959510232803,1.189015973444545,821.0
마라21ba95ba,0.059602649006622516,0.0,0.0,0.0,0.0,0.002459268367660621,0.0,0.0,-0.005784781670086466,2.3112446394642565,256.0
마라21ba95bb,0.15894039735099338,0.0,0.0,0.0,0.0,0.0046111281893636644,0.0,0.0,-0.015170016279908835,1.0913528825671681,564.0
마라21ba96aa,0.046357615894039736,0.0,0.0,0.0,0.0,0.0,0.0,0.0,-0.0042476988827336104,2.011401784288219,208.0
마라21ba96ab,0.0,0.0,0.0,0.0,0.0,0.0,0.0,0.0,0.0,3.1130760722045023,62.0
마라21ba96ba,0.0,0.0,0.0,0.0,0.0,0.0,0.0,0.0,0.0,3.1130760722045023,62.0
마라21ba96bb,0.0,0.0,0.0,0.0,0.0,0.0,0.0,0.0,0.0,3.1130760722045023,62.0
마라21ba97aa,0.0,0.0,0.0,0.0,0.0,0.0,0.0,0.0,0.0,3.1130760722045023,62.0
마라21ba97ab,0.0,0.0,0.0,0.0,0.0,0.0,0.0,0.0,0.0,3.1130760722045023,62.0
마라21ba97ba,0.0,0.0,0.0,0.0,0.0,0.0,0.0,0.0,0.0,3.1130760722045023,62.0
마라21ba97bb,0.0,0.0,0.0,0.0,0.0,0.0,0.0,0.0,0.0,3.1130760722045023,62.0
마라21ba98aa,0.026490066225165563,0.0,0.0,0.0,0.0,0.0,0.0,0.0,-0.002427256504419206,2.235757445615273,144.0
마라21ba98ab,0.2185430463576159,0.0,0.0,0.0,0.0,0.0,0.0,0.0,-0.02002486616145845,1.202700344628916,729.0
마라21ba98ba,0.1390728476821192,0.0,0.30000000000000004,0.0,0.0,0.0,0.0,0.0,-0.01274309664820083,1.1812259856545568,478.0
마라21ba98bb,0.31788079470198677,0.0,0.0,0.0,0.0,0.01414079311404857,0.0,0.0,-0.030986941630104174,1.202207583421869,989.0
마라21ba99aa,0.059602649006622516,0.0,0.0,0.0,0.0,0.005225945281278819,0.0,0.0,-0.006148668022122624,2.433563578843844,269.0
마라21ba99ab,0.013245033112582781,0.0,0.0,0.0,0.0,0.0,0.0,0.0,-0.001213628252209603,2.2845975411154673,93.0
마라21ba99ba,0.0,0.0,0.0,0.0,0.0,0.0,0.0,0.0,0.0,3.1130760722045023,62.0
마라21ba99bb,0.0,0.0,0.0,0.0,0.0,0.0,0.0,0.0,0.0,3.1130760722045023,62.0
마라21bb85ba,0.0,0.0,0.0,0.0,0.0,0.0,0.0,0.0,0.0,3.1130760722045023,62.0
마라21bb85bb,0.0,0.0,0.0,0.0,0.0,0.0,0.0,0.0,0.0,3.1130760722045023,62.0
마라21bb86aa,0.0,0.0,0.0,0.0,0.0,0.0,0.0,0.0,0.0,3.1130760722045023,62.0
마라21bb86ab,0.0,0.0,0.0,0.0,0.0,0.0,0.0,0.0,0.0,3.1130760722045023,62.0
마라21bb86ba,0.0,0.0,0.0,0.0,0.0,0.0,0.0,0.0,0.0,3.1130760722045023,62.0
마라21bb86bb,0.0,0.0,0.0,0.0,0.0,0.0,0.0,0.0,0.0,3.1130760722045023,62.0
마라21bb87aa,0.0,0.0,0.0,0.0,0.0,0.0,0.0,0.0,0.0,3.1130760722045023,62.0
마라21bb87ab,0.0,0.0,0.0,0.0,0.0,0.0,0.0,0.0,0.0,3.1130760722045023,62.0
마라21bb87ba,0.026490066225165563,0.0,0.0,0.0,0.0,0.0,0.0,0.24619460499999998,-0.02410123796088301,2.5877692921849125,844.0
마라21bb87bb,0.039735099337748346,0.0,0.0,0.0,0.0,0.005533353827236397,0.0,0.0,-0.004368657460701127,2.760617541547356,210.0
마라21bb88aa,0.0,0.0,0.0,0.0,0.0,0.0,0.0,0.0,0.0,3.1130760722045023,62.0
마라21bb88ab,0.0,0.0,0.0,0.0,0.0,0.0,0.0,0.0,0.0,3.1130760722045023,62.0
마라21bb88ba,0.0,0.0,0.0,0.0,0.0,0.0,0.0,0.0,0.0,3.1130760722045023,62.0
마라21bb88bb,0.0,0.0,0.0,0.0,0.0,0.0,0.0,0.0,0.0,3.1130760722045023,62.0
마라21bb89aa,0.09271523178807947,0.0,0.0,0.0,0.0,0.003381494005533354,0.0,0.0,-0.008940147751289193,7.658376528281179,354.0
마라21bb89ab,0.06622516556291391,0.0,0.0,0.0,0.0,0.004303719643406086,0.0,0.0,-0.006634186697548707,2.5552087026658907,283.0
마라21bb89ba,0.0,0.0,0.0,0.0,0.0,0.0027666769136181985,0.0,0.0,-0.0003638863520361592,3.1400062823452384,69.0
마라21bb89bb,0.006622516556291391,0.0,0.0,0.0,0.0,0.0,0.0,0.0,-0.0006068141261048015,2.2628047968481355,74.0
마라21bb90aa,0.013245033112582781,0.0,0.0,0.0,0.0,0.007070396557024285,0.0,0.0,-0.002143560040746454,2.4865244729554608,131.0
마라21bb90ab,0.013245033112582781,0.0,0.0,0.0,0.0,0.004303719643406086,0.0,0.0,-0.001779673688710295,2.632968131576043,117.0
마라21bb90ba,0.23178807947019867,0.04,0.0,0.0,0.0,0.0021518598217030436,0.0,0.0,-0.025169657560975438,3.5469599976742825,877.0
마라21bb90bb,0.1390728476821192,0.0,0.0,0.0,0.0,0.0,0.0,0.0,-0.01274309664820083,1.1812259856545568,478.0
마라21bb91aa,0.046357615894039736,0.04,0.0,0.0,0.0,0.0,0.0,0.0,-0.00789583931179065,4.425901268121285,321.0
마라21bb91ab,0.0728476821192053,0.0,0.0,0.0,0.0,0.0,0.0,0.0,-0.0066749553871528165,2.317230044652193,286.0
마라21bb91ba,0.0,0.0,0.0,0.0,0.0,0.0,0.0,0.058333333333333334,-0.005135431724673205,3.054308319489381,230.0
마라21bb91bb,0.013245033112582781,0.0,0.0,0.0,0.0,0.0,0.0,0.23416425816666667,-0.021828506426615317,2.6510943471700665,776.0
마라21bb92aa,0.059602649006622516,0.12,0.0,0.0,0.0,0.0018444512757454655,0.0,0.3423831888333333,-0.04679037629369137,4.400601407254897,1169.0
마라21bb92ab,0.006622516556291391,0.0,0.0,0.0,0.0,0.0,0.0,0.0,-0.0006068141261048015,2.2628047968481355,74.0
마라21bb92ba,0.006622516556291391,0.0,0.0,0.0,0.0,0.0,0.0,0.0,-0.0006068141261048015,2.2628047968481355,74.0
마라21bb92bb,0.11920529801324503,0.04,0.0,0.0,0.0,0.0,0.0,0.0,-0.014570794698943467,3.4476635943421643,542.0
마라21bb93aa,0.07947019867549669,0.08,0.0,0.0,0.0,0.0,0.0,0.0,-0.0145780503713717,7.120565413498792,543.0
마라21bb93ab,0.013245033112582781,0.0,0.0,0.0,0.0,0.0,0.0,0.14166666666666666,-0.013685391012130245,2.1900415819744588,513.0
마라21bb93ba,0.07947019867549669,0.0,0.0,0.0,0.0,0.01721487857362435,0.0,0.0,-0.009545951259260386,7.0399979373970965,373.0
마라21bb93bb,0.10596026490066225,0.0,0.0,0.125,0.0,0.007070396557024285,0.0,0.125,-0.010126434650098317,3.3450520799408165,390.0
마라21bb94aa,0.052980132450331126,0.0,0.1,0.0,0.0,0.0,0.0,0.0,-0.004854513008838412,2.092264392579398,222.0
마라21bb94ab,0.2582781456953642,0.0,0.0,0.0,0.0,0.003381494005533354,0.0,0.13931840075000002,-0.03637553179034841,0.7649479171622035,1060.0
마라21bb94ba,0.059602649006622516,0.0,0.0,0.0,0.0,0.003688902551490931,0.0,0.0,-0.0059465089376580915,2.5100572007286748,263.0
마라21bb94bb,0.046357615894039736,0.0,0.0,0.0,0.0,0.0,0.0,0.0,-0.0042476988827336104,2.011401784288219,208.0
마라21bb95aa,0.052980132450331126,0.0,0.0,0.0,0.0,0.0,0.0,0.0,-0.004854513008838412,2.092264392579398,222.0
마라21bb95ab,0.271523178807947,0.0,0.0,0.0,0.0,0.0,0.0,0.0,-0.02487937917029686,1.2648083160226018,866.0
마라21bb95ba,0.09271523178807947,0.0,0.0,0.0,0.0,0.0,0.0,0.10910404624999999,-0.01810047857236658,3.139567418768655,674.0
마라21bb95bb,0.32450331125827814,0.0,0.0,0.0,0.0,0.004918536735321242,0.0,0.0,-0.03038080124942178,1.2146434808577664,976.0
마라21bb96aa,0.039735099337748346,0.0,0.0,0.0,0.0,0.0,0.0,0.0,-0.003640884756628809,2.55175305519838,192.0
마라21bb96ab,0.0,0.0,0.0,0.0,0.0,0.0,0.010362694300518135,0.0,0.0010357199692593083,3.3884844660798334,54.0
마라21bb96ba,0.0,0.0,0.0,0.0,0.0,0.0,0.0,0.0,0.0,3.1130760722045023,62.0
마라21bb96bb,0.0,0.0,0.0,0.0,0.0,0.0,0.0,0.0,0.0,3.1130760722045023,62.0
마라21bb97aa,0.0,0.0,0.0,0.0,0.0,0.0,0.0,0.0,0.0,3.1130760722045023,62.0
마라21bb97ab,0.0,0.0,0.0,0.0,0.0,0.0,0.0,0.0,0.0,3.1130760722045023,62.0
마라21bb97ba,0.0,0.0,0.0,0.0,0.0,0.0,0.0,0.0,0.0,3.1130760722045023,62.0
마라21bb97bb,0.0,0.0,0.0,0.0,0.0,0.0,0.0,0.0,0.0,3.1130760722045023,62.0
마라21bb98aa,0.2185430463576159,0.0,0.0,0.0,0.0,0.0,0.0,0.0,-0.02002486616145845,1.202700344628916,729.0
마라21bb98ab,0.2119205298013245,0.0,0.0,0.0,0.0,0.0,0.0,0.0,-0.01941805203535365,1.202700344628916,714.0
마라21bb98ba,0.2185430463576159,0.0,0.6000000000000001,0.0,0.0,0.0,0.0,0.0,-0.02002486616145845,1.202700344628916,729.0
마라21bb98bb,0.17218543046357615,0.0,0.0,0.0,0.0,0.005225945281278819,0.0,0.0,-0.016464508165904248,1.0913528825671681,612.0
마라21bb99aa,0.06622516556291391,0.0,0.0,0.0,0.0,0.0,0.0,0.0,-0.006068141261048016,2.23893334135549,266.0
마라21bb99ab,0.0,0.0,0.0,0.0,0.0,0.0,0.0,0.0,0.0,3.1130760722045023,62.0
마라21bb99ba,0.026490066225165563,0.0,0.0,0.0,0.0,0.0,0.0,0.0,-0.002427256504419206,2.235757445615273,144.0
마라21bb99bb,0.006622516556291391,0.0,0.0,0.0,0.0,0.0,0.0,0.0,-0.0006068141261048015,2.2628047968481355,74.0
마라22aa85ba,0.0,0.0,0.0,0.0,0.0,0.0,0.0,0.0,0.0,3.1130760722045023,62.0
마라22aa85bb,0.0,0.0,0.0,0.0,0.0,0.0,0.0,0.0,0.0,3.1130760722045023,62.0
마라22aa86aa,0.0,0.0,0.0,0.0,0.0,0.0,0.0,0.0,0.0,3.1130760722045023,62.0
마라22aa86ab,0.0,0.0,0.0,0.0,0.0,0.0,0.0,0.0,0.0,3.1130760722045023,62.0
마라22aa86ba,0.0,0.0,0.0,0.0,0.0,0.0,0.0,0.0,0.0,3.1130760722045023,62.0
마라22aa86bb,0.0,0.0,0.0,0.0,0.0,0.0,0.0,0.0,0.0,3.1130760722045023,62.0
마라22aa87aa,0.0,0.0,0.0,0.0,0.0,0.0,0.0,0.0,0.0,3.1130760722045023,62.0
마라22aa87ab,0.0,0.0,0.0,0.0,0.0,0.0,0.0,0.0,0.0,3.1130760722045023,62.0
마라22aa87ba,0.013245033112582781,0.0,0.0,0.0,0.0,0.0,0.0,0.0,-0.001213628252209603,2.2845975411154673,93.0
마라22aa87bb,0.046357615894039736,0.0,0.0,0.0,0.0,0.0,0.0,0.0,-0.0042476988827336104,2.011401784288219,208.0
마라22aa88aa,0.0,0.0,0.0,0.0,0.0,0.0,0.0,0.0,0.0,3.1130760722045023,62.0
마라22aa88ab,0.0,0.0,0.0,0.0,0.0,0.0,0.0,0.0,0.0,3.1130760722045023,62.0
마라22aa88ba,0.033112582781456956,0.0,0.0,0.0,0.0,0.0018444512757454655,0.0,0.0,-0.003276661531881447,2.5490290602390915,176.0
마라22aa88bb,0.013245033112582781,0.0,0.0,0.0,0.0,0.0,0.0,0.0,-0.001213628252209603,2.2845975411154673,93.0
마라22aa89aa,0.026490066225165563,0.0,0.0,0.0,0.0,0.0,0.0,0.0,-0.002427256504419206,2.235757445615273,144.0
마라22aa89ab,0.36423841059602646,0.04,0.0,0.0,0.0,0.0030740854595757753,0.0,0.0,-0.037427235533750186,3.905367463224609,1074.0
마라22aa89ba,0.37748344370860926,0.04,0.0,0.0,0.0,0.01690747002766677,0.0,0.3026734104166667,-0.0671064435587483,5.021388016745163,1293.0
마라22aa89bb,0.13245033112582782,0.0,0.0,0.0,0.0,0.02551490931447894,0.0,0.17555394991666665,-0.030947186017814265,0.5829886462743606,988.0
마라22aa90aa,0.0,0.0,0.0,0.0,0.0,0.0,0.0,0.0,0.0,3.1130760722045023,62.0
마라22aa90ab,0.052980132450331126,0.0,0.0,0.0,0.0,0.0,0.0,0.0,-0.004854513008838412,2.092264392579398,222.0
마라22aa90ba,0.046357615894039736,0.0,0.0,0.0,0.0,0.005840762373193974,0.0,0.0,-0.005015903403698835,2.2697458423475365,227.0
마라22aa90bb,0.13245033112582782,0.0,0.1,0.0,0.0,0.0046111281893636644,0.0,0.0,-0.01274275977548963,1.0726569356569355,477.0
마라22aa91aa,0.09271523178807947,0.0,0.0,0.0,0.0,0.0,0.0,0.0,-0.008495397765467221,8.159066350363856,340.0
마라22aa91ab,0.1986754966887417,0.0,0.0,0.0,0.0,0.0,0.0,0.0,-0.018204423783144043,1.202700344628916,678.0
마라22aa91ba,0.09933774834437085,0.0,0.0,0.0,0.0,0.0,0.0,0.0,-0.009102211891572022,8.159066350363856,359.0
마라22aa91bb,0.0,0.0,0.0,0.0,0.0,0.0,0.0,0.7023663295,-0.061833502814684124,3.276006722177174,1267.0
마라22aa92aa,0.0,0.0,0.0,0.0,0.0,0.0,0.0,0.0,0.0,3.1130760722045023,62.0
마라22aa92ab,0.006622516556291391,0.0,0.0,0.0,0.0,0.0,0.0,0.0,-0.0006068141261048015,2.2628047968481355,74.0
마라22aa92ba,0.006622516556291391,0.0,0.0,0.0,0.0,0.0,0.0,0.0,-0.0006068141261048015,2.2628047968481355,74.0
마라22aa92bb,0.0,0.0,0.0,0.0,0.0,0.0,0.0,0.0,0.0,3.1130760722045023,62.0
마라22aa93aa,0.013245033112582781,0.0,0.0,0.0,0.0,0.003381494005533354,0.0,0.0,-0.0016583782380315754,2.4546057390093985,112.0
마라22aa93ab,0.019867549668874173,0.08,0.0,0.0,0.0,0.006762988011066708,0.0,0.0,-0.01000622320807243,4.447069306732708,386.0
마라22aa93ba,0.13245033112582782,0.0,0.0,0.0,0.0,0.0,0.0,0.10546724466666667,-0.021421193965097247,0.4545589410589411,769.0
마라22aa93bb,0.052980132450331126,0.0,0.0,0.0,0.0,0.009837073470642483,0.0,0.0,-0.006148331149411422,2.547794940013161,268.0
마라22aa94aa,0.039735099337748346,0.0,0.0,0.0,0.0,0.016292652935751613,0.0,0.0,-0.005783771051952857,2.9410997457889447,255.0
마라22aa94ab,0.2582781456953642,0.0,0.0,0.0,0.0,0.0064555794651091295,0.0,0.0,-0.024514819072838298,1.2604720174005886,857.0
마라22aa94ba,0.046357615894039736,0.0,0.0,0.0,0.0,0.0021518598217030436,0.0,0.0,-0.004530721600983957,2.0514274929475307,212.0
마라22aa94bb,0.0,0.0,0.0,0.0,0.0,0.0,0.0,0.0,0.0,3.1130760722045023,62.0
마라22aa95aa,0.013245033112582781,0.0,0.0,0.0,0.0,0.0,0.0,0.0,-0.001213628252209603,2.2845975411154673,93.0
마라22aa95ab,0.17218543046357615,0.0,0.0,0.0,0.0,0.0,0.0,0.0,-0.015777167278724837,1.202700344628916,584.0
마라22aa95ba,0.0,0.0,0.0,0.0,0.0,0.0,0.0,0.0,0.0,3.1130760722045023,62.0
마라22aa95bb,0.039735099337748346,0.0,0.0,0.0,0.0,0.002459268367660621,0.0,0.0,-0.003964339291772062,2.655421641521578,201.0
마라22aa96aa,0.06622516556291391,0.0,0.0,0.0,0.0,0.004303719643406086,0.0,0.0,-0.006634186697548707,2.5552087026658907,283.0
마라22aa96ab,0.09933774834437085,0.0,0.0,0.0,0.0,0.0,0.0,0.0,-0.009102211891572022,8.159066350363856,359.0
마라22aa96ba,0.026490066225165563,0.0,0.0,0.0,0.0,0.0,0.0,0.0,-0.002427256504419206,2.235757445615273,144.0
마라22aa96bb,0.0,0.0,0.0,0.0,0.0,0.0,0.0,0.0,0.0,3.1130760722045023,62.0
마라22aa97aa,0.0,0.0,0.0,0.0,0.0,0.0,0.0,0.0,0.0,3.1130760722045023,62.0
마라22aa97ab,0.0,0.0,0.0,0.0,0.0,0.0,0.0,0.0,0.0,3.1130760722045023,62.0
마라22aa97ba,0.033112582781456956,0.0,0.0,0.0,0.0,0.0,0.0,0.0,-0.003034070630524008,2.4791925079025385,171.0
마라22aa97bb,0.0728476821192053,0.0,0.0,0.0,0.0,0.0,0.0,0.0,-0.0066749553871528165,2.317230044652193,286.0
마라22aa98aa,0.11920529801324503,0.0,0.0,0.0,0.0,0.0,0.0,0.0,-0.010922654269886426,1.1786747273890128,417.0
마라22aa98ab,0.152317880794702,0.0,0.1,0.0,0.0,0.002459268367660621,0.0,0.0,-0.014280179435553687,1.1308047402333115,529.0
마라22aa98ba,0.2052980132450331,0.0,0.30000000000000004,0.0,0.0,0.0021518598217030436,0.0,0.0,-0.01909426062749919,1.1522790992076704,705.0
마라22aa98bb,0.1390728476821192,0.0,0.0,0.0,0.0,0.005840762373193974,0.0,0.0,-0.013511301169166056,1.0698785235928092,507.0
마라22aa99aa,0.0,0.0,0.0,0.0,0.0,0.0,0.0,0.0,0.0,3.1130760722045023,62.0
마라22aa99ab,0.0,0.0,0.0,0.0,0.0,0.0,0.0,0.0,0.0,3.1130760722045023,62.0
마라22aa99ba,0.019867549668874173,0.0,0.0,0.0,0.0,0.0,0.0,0.0,-0.0018204423783144046,2.235757445615273,118.0
마라22aa99bb,0.13245033112582782,0.0,0.0,0.0,0.0,0.0,0.0,0.0,-0.012136282522096031,1.1786747273890128,454.0
마라22ab85ba,0.0,0.0,0.0,0.0,0.0,0.0,0.0,0.0,0.0,3.1130760722045023,62.0
마라22ab85bb,0.0,0.0,0.0,0.0,0.0,0.0,0.0,0.0,0.0,3.1130760722045023,62.0
마라22ab86aa,0.0,0.0,0.0,0.0,0.0,0.0,0.0,0.0,0.0,3.1130760722045023,62.0
마라22ab86ab,0.0,0.0,0.0,0.0,0.0,0.0,0.0,0.0,0.0,3.1130760722045023,62.0
마라22ab86ba,0.0,0.0,0.0,0.0,0.0,0.0,0.0,0.0,0.0,3.1130760722045023,62.0
마라22ab86bb,0.0,0.0,0.0,0.0,0.0,0.0,0.0,0.0,0.0,3.1130760722045023,62.0
마라22ab87aa,0.0,0.0,0.0,0.0,0.0,0.0,0.0,0.0,0.0,3.1130760722045023,62.0
마라22ab87ab,0.0,0.0,0.0,0.0,0.0,0.0,0.01295336787564767,0.0,0.0012946499615741354,3.3884844660798334,53.0
마라22ab87ba,0.0,0.0,0.0,0.0,0.0,0.0,0.0,0.0,0.0,3.1130760722045023,62.0
마라22ab87bb,0.013245033112582781,0.0,0.0,0.0,0.0,0.0,0.0,0.0,-0.001213628252209603,2.2845975411154673,93.0
마라22ab88aa,0.0,0.0,0.0,0.0,0.0,0.0,0.0,0.0,0.0,3.1130760722045023,62.0
마라22ab88ab,0.006622516556291391,0.0,0.0,0.0,0.0,0.0,0.0,0.0,-0.0006068141261048015,2.2628047968481355,74.0
마라22ab88ba,0.013245033112582781,0.0,0.0,0.0,0.0,0.0,0.0,0.0,-0.001213628252209603,2.2845975411154673,93.0
마라22ab88bb,0.0,0.0,0.0,0.0,0.0,0.0,0.010362694300518135,0.0,0.0010357199692593083,3.3884844660798334,54.0
마라22ab89aa,0.006622516556291391,0.0,0.0,0.0,0.0,0.0,0.0,0.0,-0.0006068141261048015,2.2628047968481355,74.0
마라22ab89ab,0.006622516556291391,0.0,0.0,0.0,0.0,0.0,0.0,0.0,-0.0006068141261048015,2.2628047968481355,74.0
마라22ab89ba,0.2251655629139073,0.08,0.0,0.0,0.0,0.0021518598217030436,0.0,0.51103684975,-0.07320060987563974,4.2495879120879145,1320.0
마라22ab89bb,0.5099337748344371,0.04,0.0,0.0,0.0,0.010451890562557638,0.0,0.0,-0.05174750991348558,3.7881182917611516,1203.0
마라22ab90aa,0.152317880794702,0.0,0.0,0.0,0.0,0.010144482016600061,0.0,0.0,-0.01529097485787635,1.0698785235928092,569.0
마라22ab90ab,0.033112582781456956,0.0,0.0,0.0,0.0,0.0,0.0,0.0,-0.003034070630524008,2.4791925079025385,171.0
마라22ab90ba,0.0,0.0,0.0,0.0,0.0,0.0,0.0,0.0,0.0,3.1130760722045023,62.0
마라22ab90bb,0.006622516556291391,0.0,0.0,0.0,0.0,0.0,0.0,0.0,-0.0006068141261048015,2.2628047968481355,74.0
마라22ab91aa,0.11920529801324503,0.12,0.0,0.0,0.0,0.0030740854595757753,0.0,0.0,-0.02227139372598661,3.055110306360305,795.0
마라22ab91ab,0.09933774834437085,0.08,0.0,0.0,0.0,0.0,0.0,0.0,-0.016398492749686105,7.393816590892825,608.0
마라22ab91ba,0.11920529801324503,0.04,0.0,0.0,0.0,0.0,0.0,0.0,-0.014570794698943467,3.4476635943421643,542.0
마라22ab91bb,0.039735099337748346,0.0,0.0,0.0,0.0,0.0,0.0,0.0,-0.003640884756628809,2.55175305519838,192.0
마라22ab92aa,0.033112582781456956,0.0,0.0,0.0,0.0,0.0,0.0,0.0,-0.003034070630524008,2.4791925079025385,171.0
마라22ab92ab,0.026490066225165563,0.0,0.0,0.0,0.0,0.0,0.0,0.0,-0.002427256504419206,2.235757445615273,144.0
마라22ab92ba,0.039735099337748346,0.0,0.0,0.0,0.0,0.0,0.0,0.23333333333333334,-0.02418261165532163,2.8349762942402803,846.0
마라22ab92bb,0.06622516556291391,0.0,0.0,0.0,0.0,0.02305564094681832,0.0,0.2,-0.026707722012609854,2.753071634295614,906.0
마라22ab93aa,0.026490066225165563,0.0,0.0,0.0,0.0,0.023977866584691053,0.0,0.0,-0.005580938222065918,2.697097071841631,245.0
마라22ab93ab,0.09933774834437085,0.0,0.0,0.0,0.0,0.00768521364893944,0.0,0.15416666666666667,-0.023685219729102445,3.0880941935811435,833.0
마라22ab93ba,0.09933774834437085,0.36,0.0,0.0,0.0,0.29449738702735934,0.0,0.17135115608333334,-0.09575422198808611,1.4661105601510824,1423.0
마라22ab93bb,0.013245033112582781,0.0,0.0,0.125,0.0,0.003381494005533354,0.0,0.0,0.009858641470954936,2.948089627928411,27.0
마라22ab94aa,0.09933774834437085,0.2,0.0,0.125,0.0,0.2981862895788503,0.0,0.0,-0.055044756713990096,2.4404310402662053,1228.0
마라22ab94ab,0.0,0.16,0.0,0.0,0.0,0.22717491546264984,0.0,0.0,-0.04447167440008612,4.800444828167356,1149.0
마라22ab94ba,0.0,0.0,0.0,0.0,0.0,0.0,0.1917098445595855,0.0,0.019160819431297205,3.3884844660798334,15.0
마라22ab94bb,0.0,0.0,0.0,0.0,0.0,0.0,0.0,0.0,0.0,3.1130760722045023,62.0
마라22ab95aa,0.006622516556291391,0.0,0.0,0.0,0.0,0.0,0.0,0.0,-0.0006068141261048015,2.2628047968481355,74.0
마라22ab95ab,0.3841059602649007,0.0,0.0,0.0,0.0,0.0,0.0,0.0,-0.035195219314078485,1.2107733430590575,1048.0
마라22ab95ba,0.033112582781456956,0.0,0.0,0.0,0.0,0.0,0.0,0.0,-0.003034070630524008,2.4791925079025385,171.0
마라22ab95bb,0.052980132450331126,0.0,0.0,0.0,0.0,0.0018444512757454655,0.0,0.0,-0.005097103910195851,2.1621009449159505,229.0
마라22ab96aa,0.0,0.0,0.0,0.0,0.0,0.0,0.0,0.0,0.0,3.1130760722045023,62.0
마라22ab96ab,0.15894039735099338,0.0,0.0,0.0,0.0,0.0,0.0,0.0,-0.014563539026515237,1.202700344628916,541.0
마라22ab96ba,0.11920529801324503,0.0,0.0,0.0,0.0,0.003688902551490931,0.0,0.0,-0.011407836072601305,1.1335831522974378,435.0
마라22ab96bb,0.0,0.0,0.0,0.0,0.0,0.0,0.0,0.0,0.0,3.1130760722045023,62.0
마라22ab97aa,0.0,0.0,0.0,0.0,0.0,0.0,0.0,0.0,0.0,3.1130760722045023,62.0
마라22ab97ab,0.006622516556291391,0.0,0.0,0.0,0.0,0.0,0.0,0.0,-0.0006068141261048015,2.2628047968481355,74.0
마라22ab97ba,0.0,0.0,0.0,0.0,0.0,0.0,0.0,0.0,0.0,3.1130760722045023,62.0
마라22ab97bb,0.039735099337748346,0.0,0.0,0.0,0.0,0.0,0.0,0.0,-0.003640884756628809,2.55175305519838,192.0
마라22ab98aa,0.0,0.0,0.0,0.0,0.0,0.0,0.0,0.0,0.0,3.1130760722045023,62.0
마라22ab98ab,0.06622516556291391,0.0,0.0,0.0,0.0,0.0,0.0,0.0,-0.006068141261048016,2.23893334135549,266.0
마라22ab98ba,0.019867549668874173,0.0,0.1,0.0,0.0,0.0,0.0,0.0,-0.0018204423783144046,2.235757445615273,118.0
마라22ab98bb,0.0,0.0,0.0,0.0,0.0,0.0,0.0,0.0,0.0,3.1130760722045023,62.0
마라22ab99aa,0.0,0.0,0.0,0.0,0.0,0.0,0.0,0.0,0.0,3.1130760722045023,62.0
마라22ab99ab,0.0,0.0,0.0,0.0,0.0,0.0,0.0,0.0,0.0,3.1130760722045023,62.0
마라22ab99ba,0.0,0.0,0.0,0.0,0.0,0.0,0.0,0.0,0.0,3.1130760722045023,62.0
마라22ab99bb,0.0,0.0,0.0,0.0,0.0,0.0,0.0,0.0,0.0,3.1130760722045023,62.0
마라22ba86aa,0.0,0.0,0.0,0.0,0.0,0.0,0.0,0.0,0.0,3.1130760722045023,62.0
마라22ba86ab,0.0,0.0,0.0,0.0,0.0,0.0,0.0,0.0,0.0,3.1130760722045023,62.0
마라22ba86ba,0.0,0.0,0.0,0.0,0.0,0.0,0.0,0.0,0.0,3.1130760722045023,62.0
마라22ba86bb,0.0,0.0,0.0,0.0,0.0,0.0,0.0,0.0,0.0,3.1130760722045023,62.0
마라22ba87aa,0.0,0.0,0.0,0.0,0.0,0.0,0.0,0.0,0.0,3.1130760722045023,62.0
마라22ba87ab,0.006622516556291391,0.0,0.0,0.0,0.0,0.0030740854595757753,0.0,0.0,-0.0010111322950338672,2.399348841046791,84.0
마라22ba87ba,0.019867549668874173,0.0,0.0,0.0,0.0,0.007992622194897018,0.0,0.0,-0.0028716696175299754,2.620694446689006,164.0
마라22ba87bb,0.0,0.0,0.0,0.0,0.0,0.0,0.0,0.0,0.0,3.1130760722045023,62.0
마라22ba88aa,0.0,0.0,0.0,0.0,0.0,0.0,0.0,0.0,0.0,3.1130760722045023,62.0
마라22ba88ab,0.006622516556291391,0.0,0.0,0.0,0.0,0.0,0.0,0.0,-0.0006068141261048015,2.2628047968481355,74.0
마라22ba88ba,0.006622516556291391,0.0,0.0,0.0,0.0,0.0,0.0,0.0,-0.0006068141261048015,2.2628047968481355,74.0
마라22ba88bb,0.0,0.0,0.0,0.0,0.0,0.0,0.0,0.0,0.0,3.1130760722045023,62.0
마라22ba89aa,0.0,0.0,0.0,0.0,0.0,0.0,0.0,0.0,0.0,3.1130760722045023,62.0
마라22ba89ab,0.0,0.0,0.0,0.0,0.0,0.0,0.0,0.0,0.0,3.1130760722045023,62.0
마라22ba89ba,0.0,0.0,0.0,0.0,0.0,0.0,0.0,0.0,0.0,3.1130760722045023,62.0
마라22ba89bb,0.2119205298013245,0.0,0.0,0.0,0.0,0.003688902551490931,0.0,0.0,-0.019903233838068527,1.1522790992076704,726.0
마라22ba90aa,0.46357615894039733,0.04,0.0,0.0,0.0,0.011681524746387948,0.0,0.0,-0.04766153829832359,3.9295798302226905,1173.0
마라22ba90ab,0.07947019867549669,0.0,0.0,0.0,0.0,0.0021518598217030436,0.0,0.16666666666666666,-0.022237454302002836,3.1836761818004944,793.0
마라22ba90ba,0.0,0.0,0.0,0.0,0.0,0.0,0.0,0.0,0.0,3.1130760722045023,62.0
마라22ba90bb,0.0,0.0,0.0,0.0,0.0,0.0,0.0,0.0,0.0,3.1130760722045023,62.0
마라22ba91aa,0.006622516556291391,0.0,0.0,0.0,0.0,0.0,0.0,0.0,-0.0006068141261048015,2.2628047968481355,74.0
마라22ba91ab,0.11258278145695365,0.12,0.0,0.0,0.0,0.006148170919151552,0.0,0.0,-0.02206889776881088,3.5797558235415368,785.0
마라22ba91ba,0.013245033112582781,0.04,0.0,0.0,0.0,0.0,0.0,0.0,-0.0048617686812666445,4.765392064094696,223.0
마라22ba91bb,0.006622516556291391,0.0,0.0,0.0,0.0,0.0,0.2072538860103627,0.0,0.020107585259081365,4.193296515056949,14.0
마라22ba92aa,0.026490066225165563,0.16,0.0,0.0,0.0,0.0,0.0,0.0,-0.01701981822064737,2.6682735223160967,630.0
마라22ba92ab,0.026490066225165563,0.04,0.0,0.0,0.0,0.0,0.0,0.0,-0.006075396933476247,4.592936938935516,267.0
마라22ba92ba,0.1390728476821192,0.0,0.0,0.0,0.0,0.003688902551490931,0.0,0.11666666666666667,-0.02349914190026212,0.6109155606298465,825.0
마라22ba92bb,0.0728476821192053,0.12,0.0,0.0,0.0,0.023977866584691053,0.0,0.08333333333333333,-0.028109389427218082,4.261624566375489,933.0
마라22ba93aa,0.046357615894039736,0.0,0.0,0.0,0.0,0.008607439286812174,0.0,0.0,-0.005379789755734995,2.4384027224423725,238.0
마라22ba93ab,0.033112582781456956,0.32,0.0,0.0,0.0,0.3867199508146326,0.0,0.3245183044166666,-0.11165170421263121,2.3315606247957605,1461.0
마라22ba93ba,0.07947019867549669,0.8,0.0,0.0,0.0,0.857362434675684,0.0,0.0,-0.1930089154087149,2.291246577674463,1531.0
마라22ba93bb,0.033112582781456956,0.56,0.0,0.0,0.0,0.6175837688287734,0.0,0.0,-0.1353355567751719,2.348349930788757,1502.0
마라22ba94aa,0.006622516556291391,0.0,0.0,0.0,0.0,0.0,0.0,0.0,-0.0006068141261048015,2.2628047968481355,74.0
마라22ba94ab,0.006622516556291391,0.0,0.0,0.0,0.0,0.0,0.0,0.0,-0.0006068141261048015,2.2628047968481355,74.0
마라22ba94ba,0.0,0.0,0.0,0.0,0.0,0.0,0.0,0.0,0.0,3.1130760722045023,62.0
마라22ba94bb,0.0,0.0,0.0,0.0,0.0,0.0,0.0,0.0,0.0,3.1130760722045023,62.0
마라22ba95aa,0.019867549668874173,0.0,0.0,0.0,0.0,0.0,0.0,0.0,-0.0018204423783144046,2.235757445615273,118.0
마라22ba95ab,0.059602649006622516,0.0,0.0,0.0,0.0,0.0,0.0,0.0,-0.005461327134943213,2.228727806149955,242.0
마라22ba95ba,0.0,0.0,0.0,0.0,0.0,0.0,0.0,0.0,0.0,3.1130760722045023,62.0
마라22ba95bb,0.0,0.0,0.0,0.0,0.0,0.0,0.0,0.0,0.0,3.1130760722045023,62.0
마라22ba96aa,0.0,0.0,0.0,0.0,0.0,0.0,0.0,0.0,0.0,3.1130760722045023,62.0
마라22ba96ab,0.0,0.0,0.0,0.0,0.0,0.0,0.0,0.0,0.0,3.1130760722045023,62.0
마라22ba96ba,0.006622516556291391,0.0,0.0,0.0,0.0,0.0021518598217030436,0.0,0.0,-0.0008898368443551476,2.3357059633829054,81.0
마라22ba96bb,0.0,0.0,0.0,0.0,0.0,0.0,0.0,0.0,0.0,3.1130760722045023,62.0
마라22ba97aa,0.0,0.0,0.0,0.0,0.0,0.0,0.0,0.0,0.0,3.1130760722045023,62.0
마라22ba97ab,0.0,0.0,0.0,0.0,0.0,0.0,0.0,0.0,0.0,3.1130760722045023,62.0
마라22ba97ba,0.0,0.0,0.0,0.0,0.0,0.0,0.0,0.0,0.0,3.1130760722045023,62.0
마라22ba97bb,0.0,0.0,0.0,0.0,0.0,0.0,0.0,0.0,0.0,3.1130760722045023,62.0
마라22ba98aa,0.0,0.0,0.0,0.0,0.0,0.0,0.0,0.0,0.0,3.1130760722045023,62.0
마라22ba98ab,0.0,0.0,0.0,0.0,0.0,0.0,0.0,0.0,0.0,3.1130760722045023,62.0
마라22ba98ba,0.019867549668874173,0.0,0.0,0.0,0.0,0.0,0.0,0.0,-0.0018204423783144046,2.235757445615273,118.0
마라22ba98bb,0.0,0.0,0.0,0.0,0.0,0.0,0.0,0.0,0.0,3.1130760722045023,62.0
마라22ba99aa,0.0,0.0,0.0,0.0,0.0,0.0,0.0,0.0,0.0,3.1130760722045023,62.0
마라22ba99ab,0.0,0.0,0.0,0.0,0.0,0.0,0.0,0.0,0.0,3.1130760722045023,62.0
마라22ba99ba,0.0,0.0,0.0,0.0,0.0,0.0,0.0,0.0,0.0,3.1130760722045023,62.0
마라22ba99bb,0.013245033112582781,0.0,0.0,0.0,0.0,0.0,0.0,0.0,-0.001213628252209603,2.2845975411154673,93.0
마라22bb86ab,0.0,0.0,0.0,0.0,0.0,0.0,0.0,0.0,0.0,3.1130760722045023,62.0
마라22bb86ba,0.0,0.0,0.0,0.0,0.0,0.0,0.0,0.0,0.0,3.1130760722045023,62.0
마라22bb86bb,0.0,0.0,0.0,0.0,0.0,0.0,0.0,0.0,0.0,3.1130760722045023,62.0
마라22bb87aa,0.0,0.0,0.0,0.0,0.0,0.0,0.0,0.0,0.0,3.1130760722045023,62.0
마라22bb87ab,0.0,0.0,0.0,0.0,0.0,0.0,0.0,0.0,0.0,3.1130760722045023,62.0
마라22bb87ba,0.033112582781456956,0.0,0.0,0.0,0.0,0.012911158930218259,0.0,0.0,-0.004732206940026084,2.883100510197273,217.0
마라22bb87bb,0.0,0.0,0.0,0.0,0.0,0.0,0.0,0.0,0.0,3.1130760722045023,62.0
마라22bb88aa,0.006622516556291391,0.0,0.0,0.0,0.0,0.0,0.0,0.0,-0.0006068141261048015,2.2628047968481355,74.0
마라22bb88ab,0.0,0.0,0.0,0.0,0.0,0.0,0.0,0.0,0.0,3.1130760722045023,62.0
마라22bb88ba,0.013245033112582781,0.0,0.0,0.0,0.0,0.0,0.0,0.0,-0.001213628252209603,2.2845975411154673,93.0
마라22bb88bb,0.0,0.0,0.0,0.0,0.0,0.0,0.0,0.0,0.0,3.1130760722045023,62.0
마라22bb89aa,0.006622516556291391,0.0,0.0,0.0,0.0,0.0,0.0,0.0,-0.0006068141261048015,2.2628047968481355,74.0
마라22bb89ab,0.0,0.0,0.0,0.0,0.0,0.0,0.0,0.0,0.0,3.1130760722045023,62.0
마라22bb89ba,0.0,0.0,0.0,0.0,0.0,0.0,0.0,0.0,0.0,3.1130760722045023,62.0
마라22bb89bb,0.006622516556291391,0.0,0.0,0.0,0.0,0.0,0.0,0.0,-0.0006068141261048015,2.2628047968481355,74.0
마라22bb90aa,0.033112582781456956,0.04,0.0,0.0,0.0,0.0,0.0,0.0,-0.006682211059581049,4.735569508653848,287.0
마라22bb90ab,0.1986754966887417,0.0,0.0,0.0,0.0,0.004303719643406086,0.0,0.6509393063333333,-0.07607654404103278,1.72908091908092,1335.0
마라22bb90ba,0.2582781456953642,0.08,0.0,0.0,0.0,0.013218567476175837,0.0,0.0,-0.03270059990259632,3.6906870166870185,1013.0
마라22bb90bb,0.09271523178807947,0.04,0.0,0.0,0.0,0.02828158622809714,0.0,0.0,-0.015863265348671666,7.062456962426054,588.0
마라22bb91aa,0.37748344370860926,0.0,0.0,0.0,0.0,0.024900092222563786,0.0,0.05552504816666667,-0.04275158396548382,0.6926798492512779,1130.0
마라22bb91ab,0.47019867549668876,0.0,0.0,0.0,0.0,0.027974177682139563,0.0,0.33724710983333334,-0.07645297555170882,1.9619821051963902,1339.0
마라22bb91ba,0.11258278145695365,0.0,0.0,0.0,0.0,0.0030740854595757753,0.0,0.20515414258333334,-0.028781102751634924,1.6636206016206017,946.0
마라22bb91bb,0.0,0.0,0.0,0.0,0.0,0.0,0.0,0.5996748555,-0.05279295904154606,3.276006722177174,1211.0
마라22bb92aa,0.0,0.0,0.0,0.0,0.0,0.0021518598217030436,0.0,0.0,-0.00028302271825034604,3.1019183702573265,67.0
마라22bb92ab,0.0,0.0,0.0,0.0,0.0,0.0,0.0,0.0,0.0,3.1130760722045023,62.0
마라22bb92ba,0.3841059602649007,0.04,0.0,0.0,0.0,0.049185367353212404,0.0,0.0,-0.045312450446000574,3.8677361183789793,1157.0
마라22bb92bb,0.15894039735099338,0.16,0.0,0.0,0.0,0.044266830617891176,0.0,0.0,-0.03497828237532195,1.134603756032327,1046.0
마라22bb93aa,0.11258278145695365,0.0,0.0,0.0,0.0,0.0,0.0,0.0,-0.010315840143781625,2.5908635180669357,396.0
마라22bb93ba,0.17880794701986755,0.6,0.0,0.0,0.0,0.384260682446972,0.0,0.0,-0.12164585895681847,0.8213021978021975,1475.0
마라22bb93bb,0.23841059602649006,0.24,0.0,0.0,0.0,0.265600983707347,0.0,0.0,-0.07866724090958638,0.5140616605616602,1356.0
마라22bb94aa,0.0,0.24,0.0,0.0,0.0,0.14110052259452813,0.0,0.0,-0.040447046528186356,4.764730542453073,1107.0
마라22bb94ab,0.0,0.0,0.0,0.0,0.0,0.0,0.0,0.0,0.0,3.1130760722045023,62.0
마라22bb94ba,0.0,0.0,0.0,0.0,0.0,0.0,0.0,0.0,0.0,3.1130760722045023,62.0
마라22bb94bb,0.0,0.0,0.0,0.0,0.0,0.0,0.0,0.0,0.0,3.1130760722045023,62.0
마라22bb95aa,0.0,0.0,0.0,0.0,0.0,0.0,0.0,0.0,0.0,3.1130760722045023,62.0
마라22bb95ab,0.0,0.0,0.0,0.0,0.0,0.0,0.0,0.0,0.0,3.1130760722045023,62.0
마라22bb95ba,0.0,0.0,0.0,0.0,0.0,0.0,0.0,0.0,0.0,3.1130760722045023,62.0
마라22bb95bb,0.0,0.0,0.0,0.0,0.0,0.0,0.0,0.0,0.0,3.1130760722045023,62.0
마라22bb96aa,0.0,0.0,0.0,0.0,0.0,0.0,0.0,0.0,0.0,3.1130760722045023,62.0
마라22bb96ab,0.0,0.0,0.0,0.0,0.0,0.0,0.0,0.0,0.0,3.1130760722045023,62.0
마라22bb96ba,0.0,0.0,0.0,0.0,0.0,0.0,0.0,0.0,0.0,3.1130760722045023,62.0
마라22bb96bb,0.0,0.0,0.0,0.0,0.0,0.0,0.0,0.0,0.0,3.1130760722045023,62.0
마라22bb97aa,0.0,0.0,0.0,0.0,0.0,0.0,0.0,0.0,0.0,3.1130760722045023,62.0
마라22bb97ab,0.0,0.0,0.0,0.0,0.0,0.0,0.0,0.0,0.0,3.1130760722045023,62.0
마라22bb97ba,0.0,0.0,0.0,0.0,0.0,0.0,0.0,0.0,0.0,3.1130760722045023,62.0
마라22bb97bb,0.0,0.0,0.0,0.0,0.0,0.0,0.0,0.0,0.0,3.1130760722045023,62.0
마라22bb98aa,0.046357615894039736,0.0,0.0,0.0,0.0,0.0,0.0,0.0,-0.0042476988827336104,2.011401784288219,208.0
마라22bb98ab,0.006622516556291391,0.0,0.0,0.0,0.0,0.0,0.0,0.0,-0.0006068141261048015,2.2628047968481355,74.0
마라22bb98ba,0.06622516556291391,0.0,0.0,0.0,0.0,0.0,0.0,0.0,-0.006068141261048016,2.23893334135549,266.0
마라22bb98bb,0.019867549668874173,0.0,0.0,0.0,0.0,0.0,0.0,0.29531551058333333,-0.02781883052410382,2.5877692921849125,923.0
마라22bb99aa,0.0,0.0,0.0,0.0,0.0,0.0,0.0,0.0,0.0,3.1130760722045023,62.0
마라22bb99ab,0.0,0.0,0.0,0.0,0.0,0.0,0.0,0.0,0.0,3.1130760722045023,62.0
마라22bb99ba,0.1390728476821192,0.0,0.0,0.0,0.0,0.0,0.0,0.0,-0.01274309664820083,1.1812259856545568,478.0
마라22bb99bb,0.1390728476821192,0.0,0.0,0.0,0.0,0.0,0.0,0.0,-0.01274309664820083,1.1812259856545568,478.0
마라23aa86ab,0.0,0.0,0.0,0.0,0.0,0.0,0.0,0.0,0.0,3.1130760722045023,62.0
마라23aa86ba,0.0,0.0,0.0,0.0,0.0,0.0,0.0,0.0,0.0,3.1130760722045023,62.0
마라23aa86bb,0.0,0.0,0.0,0.0,0.0,0.0,0.0,0.0,0.0,3.1130760722045023,62.0
마라23aa87aa,0.006622516556291391,0.0,0.0,0.0,0.0,0.0,0.0,0.0,-0.0006068141261048015,2.2628047968481355,74.0
마라23aa87ab,0.013245033112582781,0.0,0.0,0.0,0.0,0.0,0.0,0.0,-0.001213628252209603,2.2845975411154673,93.0
마라23aa87ba,0.033112582781456956,0.0,0.0,0.0,0.0,0.002459268367660621,0.0,0.0,-0.0033575251656672604,2.5828610942257364,181.0
마라23aa87bb,0.0,0.0,0.0,0.0,0.0,0.0,0.0,0.0,0.0,3.1130760722045023,62.0
마라23aa88aa,0.0,0.0,0.0,0.0,0.0,0.0,0.0,0.0,0.0,3.1130760722045023,62.0
마라23aa88ab,0.033112582781456956,0.0,0.0,0.0,0.0,0.0018444512757454655,0.0,0.0,-0.003276661531881447,2.5490290602390915,176.0
마라23aa88ba,0.019867549668874173,0.04,0.0,0.0,0.0,0.0030740854595757753,0.0,0.0,-0.005872900976300511,4.776102088588707,261.0
마라23aa88bb,0.0,0.0,0.0,0.0,0.0,0.0,0.0,0.0,0.0,3.1130760722045023,62.0
마라23aa89aa,0.0,0.0,0.0,0.0,0.0,0.0,0.0,0.0,0.0,3.1130760722045023,62.0
마라23aa89ab,0.013245033112582781,0.0,0.0,0.0,0.0,0.0,0.0,0.0,-0.001213628252209603,2.2845975411154673,93.0
마라23aa89ba,0.0,0.0,0.0,0.0,0.0,0.0,0.0,0.0,0.0,3.1130760722045023,62.0
마라23aa89bb,0.0,0.0,0.0,0.0,0.0,0.0,0.0,0.0,0.0,3.1130760722045023,62.0
마라23aa90aa,0.0,0.0,0.0,0.0,0.0,0.0,0.0,0.0,0.0,3.1130760722045023,62.0
마라23aa90ab,0.0,0.0,0.0,0.0,0.0,0.0,0.0,0.0,0.0,3.1130760722045023,62.0
마라23aa90ba,0.026490066225165563,0.0,0.0,0.0,0.0,0.0,0.0,0.0,-0.002427256504419206,2.235757445615273,144.0
마라23aa90bb,0.19205298013245034,0.0,0.0,0.0,0.0,0.012603750384260681,0.0,0.058333333333333334,-0.024390745874321617,0.8321305731305738,854.0
마라23aa91aa,0.2913907284768212,0.08,0.0,0.0,0.0,0.015985244389794036,0.0,0.16589595375,-0.05070336849457367,3.604220826792259,1196.0
마라23aa91ab,0.26490066225165565,0.0,0.0,0.125,0.0,0.007377805102981862,0.0,0.25892341041666667,-0.03652048315973812,3.1276077811077814,1061.0
마라23aa91ba,0.31125827814569534,0.08,0.1,0.125,0.0,0.004303719643406086,0.0,0.6102239884166667,-0.07858723272863789,5.876179051107628,1353.0
마라23aa91bb,0.06622516556291391,0.0,0.0,0.0,0.0,0.0,0.0,0.6511476396666667,-0.06339255691002418,2.5621546700633466,1273.0
마라23aa92aa,0.046357615894039736,0.0,0.0,0.0,0.0,0.0,0.0,0.0,-0.0042476988827336104,2.011401784288219,208.0
마라23aa92ab,0.006622516556291391,0.0,0.0,0.0,0.0,0.0,0.0,0.0,-0.0006068141261048015,2.2628047968481355,74.0
마라23aa92ba,0.36423841059602646,0.04,0.0,0.0,0.0,0.06055948355364279,0.0,0.19018424858333333,-0.06173104055628917,4.195447584161874,1266.0
마라23aa92bb,0.033112582781456956,0.0,0.0,0.0,0.0,0.026437134952351674,0.0,0.13333333333333333,-0.018249336539709872,2.751380874153457,680.0
마라23aa93aa,0.0,0.0,0.0,0.0,0.0,0.0,0.0,0.0,0.0,3.1130760722045023,62.0
마라23aa93ab,0.0,0.04,0.0,0.0,0.0,0.03135567168767291,0.0,0.0,-0.007772185752133511,7.306188519661046,313.0
마라23aa93ba,0.19205298013245034,0.56,0.0,0.0,0.0,0.5229019366738396,0.0,0.0,-0.1374460961986719,0.8213021978021975,1507.0
마라23aa93bb,0.5364238410596026,0.04,0.0,0.0,0.0,0.12419305256686135,0.0,0.275,-0.09334443108459675,4.063628815628818,1414.0
마라23aa94aa,0.5298013245033113,0.16,0.0,0.0,0.0,0.24777128804180754,0.0,0.041666666666666664,-0.0993939017379187,0.9549761032618176,1431.0
마라23aa94ab,0.09271523178807947,0.0,0.0,0.25,0.0,0.10544113126344912,0.0,0.10833333333333334,-0.00886670188758282,3.4037292123322347,351.0
마라23aa94ba,0.0,0.0,0.0,0.125,0.0,0.019674146941284967,0.0,0.0,0.008929383427840491,3.4201685931623134,31.0
마라23aa94bb,0.0,0.0,0.0,0.0,0.0,0.0,0.0,0.0,0.0,3.1130760722045023,62.0
마라23aa95aa,0.0,0.0,0.0,0.0,0.0,0.0,0.0,0.0,0.0,3.1130760722045023,62.0
마라23aa95ab,0.0,0.0,0.0,0.0,0.0,0.0,0.0,0.0,0.0,3.1130760722045023,62.0
마라23aa95ba,0.0,0.0,0.0,0.0,0.0,0.0,0.0,0.0,0.0,3.1130760722045023,62.0
마라23aa95bb,0.0,0.0,0.0,0.0,0.0,0.0,0.0,0.0,0.0,3.1130760722045023,62.0
마라23aa96aa,0.0,0.0,0.0,0.0,0.0,0.0,0.0,0.0,0.0,3.1130760722045023,62.0
마라23aa96ab,0.0,0.0,0.0,0.0,0.0,0.0,0.0,0.0,0.0,3.1130760722045023,62.0
마라23aa96ba,0.0,0.0,0.0,0.0,0.0,0.0,0.0,0.0,0.0,3.1130760722045023,62.0
마라23aa96bb,0.0,0.0,0.0,0.0,0.0,0.0,0.0,0.0,0.0,3.1130760722045023,62.0
마라23aa97aa,0.0,0.0,0.0,0.0,0.0,0.0,0.0,0.0,0.0,3.1130760722045023,62.0
마라23aa97ab,0.0,0.0,0.0,0.0,0.0,0.0,0.0,0.0,0.0,3.1130760722045023,62.0
마라23aa97ba,0.0,0.0,0.0,0.0,0.0,0.0,0.0,0.0,0.0,3.1130760722045023,62.0
마라23aa97bb,0.033112582781456956,0.0,0.0,0.0,0.0,0.0,0.0,0.0,-0.003034070630524008,2.4791925079025385,171.0
마라23aa98aa,0.23178807947019867,0.0,0.0,0.0,0.0,0.0,0.0,0.0,-0.02123849441366805,1.202700344628916,765.0
마라23aa98ab,0.271523178807947,0.0,0.0,0.0,0.0,0.0,0.0,0.0,-0.02487937917029686,1.2648083160226018,866.0
마라23aa98ba,0.2052980132450331,0.0,0.0,0.0,0.0,0.0,0.0,0.0,-0.018811237909248844,1.202700344628916,695.0
마라23aa98bb,0.11258278145695365,0.0,0.0,0.0,0.0,0.0,0.0,0.0,-0.010315840143781625,2.5908635180669357,396.0
마라23aa99aa,0.019867549668874173,0.0,0.0,0.0,0.0,0.0,0.0,0.0,-0.0018204423783144046,2.235757445615273,118.0
마라23aa99ab,0.0,0.0,0.0,0.0,0.0,0.0,0.0,0.0,0.0,3.1130760722045023,62.0
마라23aa99ba,0.0,0.0,0.0,0.0,0.0,0.0,0.0,0.0,0.0,3.1130760722045023,62.0
마라23aa99bb,0.0,0.0,0.0,0.0,0.0,0.0,0.0,0.0,0.0,3.1130760722045023,62.0
마라23ab86ab,0.0,0.0,0.0,0.0,0.0,0.0,0.0,0.0,0.0,3.1130760722045023,62.0
마라23ab86ba,0.0,0.0,0.0,0.0,0.0,0.0,0.0,0.0,0.0,3.1130760722045023,62.0
마라23ab86bb,0.0,0.0,0.0,0.0,0.0,0.0,0.0,0.0,0.0,3.1130760722045023,62.0
마라23ab87aa,0.0,0.0,0.0,0.0,0.0,0.0,0.0,0.0,0.0,3.1130760722045023,62.0
마라23ab87ab,0.0,0.0,0.0,0.0,0.0,0.0,0.0,0.0,0.0,3.1130760722045023,62.0
마라23ab87ba,0.0,0.0,0.0,0.0,0.0,0.0,0.0,0.0,0.0,3.1130760722045023,62.0
마라23ab87bb,0.0,0.0,0.0,0.0,0.0,0.0,0.0,0.0,0.0,3.1130760722045023,62.0
마라23ab88aa,0.0,0.0,0.0,0.0,0.0,0.0,0.0,0.0,0.0,3.1130760722045023,62.0
마라23ab88ab,0.0,0.0,0.0,0.0,0.0,0.0,0.0,0.0,0.0,3.1130760722045023,62.0
마라23ab88ba,0.026490066225165563,0.0,0.0,0.0,0.0,0.003688902551490931,0.0,0.0,-0.002912438307134085,2.573964478428775,167.0
마라23ab88bb,0.013245033112582781,0.0,0.0,0.0,0.0,0.0,0.0,0.0,-0.001213628252209603,2.2845975411154673,93.0
마라23ab89aa,0.0,0.0,0.0,0.0,0.0,0.0,0.0,0.0,0.0,3.1130760722045023,62.0
마라23ab89ab,0.013245033112582781,0.0,0.0,0.0,0.0,0.0,0.0,0.0,-0.001213628252209603,2.2845975411154673,93.0
마라23ab89ba,0.006622516556291391,0.0,0.0,0.0,0.0,0.0,0.0,0.0,-0.0006068141261048015,2.2628047968481355,74.0
마라23ab89bb,0.0,0.0,0.0,0.0,0.0,0.0,0.0,0.0,0.0,3.1130760722045023,62.0
마라23ab90aa,0.0,0.0,0.0,0.0,0.0,0.0,0.0,0.0,0.0,3.1130760722045023,62.0
마라23ab90ab,0.0,0.0,0.0,0.0,0.0,0.0,0.0,0.0,0.0,3.1130760722045023,62.0
마라23ab90ba,0.019867549668874173,0.0,0.0,0.0,0.0,0.0,0.0,0.0,-0.0018204423783144046,2.235757445615273,118.0
마라23ab90bb,0.006622516556291391,0.0,0.0,0.0,0.0,0.0,0.0,0.0,-0.0006068141261048015,2.2628047968481355,74.0
마라23ab91aa,0.0,0.0,0.0,0.0,0.0,0.0,0.0,0.0,0.0,3.1130760722045023,62.0
마라23ab91ab,0.0,0.0,0.0,0.0,0.0,0.0,0.0,0.0,0.0,3.1130760722045023,62.0
마라23ab91ba,0.0,0.0,0.0,0.0,0.0,0.0,0.0,0.0,0.0,3.1130760722045023,62.0
마라23ab91bb,0.006622516556291391,0.0,0.0,0.0,0.0,0.0,0.0,0.6717545760833332,-0.05974538146118052,2.667098916700048,1257.0
마라23ab92aa,0.0,0.0,0.0,0.0,0.0,0.0,0.0,0.0,0.0,3.1130760722045023,62.0
마라23ab92ab,0.0,0.0,0.0,0.0,0.0,0.0,0.0,0.0,0.0,3.1130760722045023,62.0
마라23ab92ba,0.26490066225165565,0.0,0.0,0.0,0.0,0.12234860129111588,0.0,0.0,-0.04036442816756888,1.1985164967307822,1105.0
마라23ab92bb,0.033112582781456956,0.12,0.0,0.0,0.0,0.040577928066400246,0.0,0.125,-0.03031998830042995,4.350836274327896,974.0
마라23ab93aa,0.0,0.0,0.0,0.0,0.0,0.0,0.0,0.0,0.0,3.1130760722045023,62.0
마라23ab93ab,0.0,0.0,0.0,0.0,0.0,0.0,0.0,0.0,0.0,3.1130760722045023,62.0
마라23ab93ba,0.06622516556291391,0.12,0.0,0.0,0.0,0.0,0.0,0.47422928708333334,-0.05876179898805183,4.354449458674377,1249.0
마라23ab93bb,0.5099337748344371,0.0,0.0,0.0,0.0,0.22410083000307407,0.0,0.0,-0.07619948222499862,0.9480965753822899,1336.0
마라23ab94aa,0.31125827814569534,0.04,0.30000000000000004,0.0,0.0,0.1278819551183523,0.0,0.0,-0.04898804018343185,2.9157194604337486,1179.0
마라23ab94ab,0.06622516556291391,0.0,0.0,0.125,0.0,0.054718721180448814,0.0,0.125,-0.012752481511870029,2.874433040334651,480.0
마라23ab94ba,0.24503311258278146,0.04,0.0,0.0,0.0,0.2234860129111589,0.0,0.0,-0.05549419397607777,2.544707337635909,1231.0
마라23ab94bb,0.013245033112582781,0.0,0.0,0.0,0.0,0.028588994774054716,0.0,0.0,-0.004973787223249914,2.8018516681848977,226.0
마라23ab95aa,0.0,0.0,0.0,0.0,0.0,0.0,0.0,0.0,0.0,3.1130760722045023,62.0
마라23ab95ab,0.0,0.0,0.0,0.0,0.0,0.0,0.0,0.0,0.0,3.1130760722045023,62.0
마라23ab95ba,0.0,0.0,0.0,0.0,0.0,0.0,0.0,0.0,0.0,3.1130760722045023,62.0
마라23ab95bb,0.0,0.0,0.0,0.0,0.0,0.0,0.0,0.0,0.0,3.1130760722045023,62.0
마라23ab96aa,0.0,0.0,0.0,0.0,0.0,0.0,0.0,0.0,0.0,3.1130760722045023,62.0
마라23ab96ab,0.0,0.0,0.0,0.0,0.0,0.0,0.0,0.0,0.0,3.1130760722045023,62.0
마라23ab96ba,0.0,0.0,0.0,0.0,0.0,0.0,0.0,0.0,0.0,3.1130760722045023,62.0
마라23ab96bb,0.0,0.0,0.0,0.0,0.0,0.0,0.0,0.0,0.0,3.1130760722045023,62.0
마라23ab97aa,0.0,0.0,0.0,0.0,0.0,0.0,0.0,0.0,0.0,3.1130760722045023,62.0
마라23ab97ab,0.0,0.0,0.0,0.0,0.0,0.0,0.0,0.0,0.0,3.1130760722045023,62.0
마라23ab97ba,0.006622516556291391,0.0,0.0,0.0,0.0,0.0,0.0,0.0,-0.0006068141261048015,2.2628047968481355,74.0
마라23ab97bb,0.09933774834437085,0.0,0.0,0.0,0.0,0.0018444512757454655,0.0,0.0,-0.009344802792929461,7.740977260881912,365.0
마라23ab98ab,0.0,0.0,0.0,0.0,0.0,0.0,0.0,0.0,0.0,3.1130760722045023,62.0
마라23ab98ba,0.0,0.0,0.0,0.0,0.0,0.0,0.0,0.0,0.0,3.1130760722045023,62.0
마라23ab98bb,0.0,0.0,0.0,0.0,0.0,0.0,0.0,0.0,0.0,3.1130760722045023,62.0
마라23ab99aa,0.006622516556291391,0.0,0.0,0.0,0.0,0.0,0.0,0.0,-0.0006068141261048015,2.2628047968481355,74.0
마라23ab99ab,0.0,0.0,0.0,0.0,0.0,0.0,0.0,0.0,0.0,3.1130760722045023,62.0
마라23ab99ba,0.0,0.0,0.0,0.0,0.0,0.0,0.0,0.0,0.0,3.1130760722045023,62.0
마라23ab99bb,0.0,0.0,0.0,0.0,0.0,0.0,0.0,0.0,0.0,3.1130760722045023,62.0
마라23ba86ba,0.0,0.0,0.0,0.0,0.0,0.0,0.0,0.0,0.0,3.1130760722045023,62.0
마라23ba86bb,0.0,0.0,0.0,0.0,0.0,0.0,0.0,0.0,0.0,3.1130760722045023,62.0
마라23ba87aa,0.0,0.0,0.0,0.0,0.0,0.0,0.0,0.0,0.0,3.1130760722045023,62.0
마라23ba87ab,0.0,0.0,0.0,0.0,0.0,0.0,0.0,0.0,0.0,3.1130760722045023,62.0
마라23ba87ba,0.0,0.0,0.0,0.0,0.0,0.0,0.0,0.0,0.0,3.1130760722045023,62.0
마라23ba87bb,0.0,0.0,0.0,0.0,0.0,0.0,0.0,0.0,0.0,3.1130760722045023,62.0
마라23ba88aa,0.0,0.0,0.0,0.0,0.0,0.0,0.0,0.0,0.0,3.1130760722045023,62.0
마라23ba88ab,0.0,0.0,0.0,0.0,0.0,0.0,0.0,0.0,0.0,3.1130760722045023,62.0
마라23ba88ba,0.0,0.0,0.0,0.0,0.0,0.0,0.0,0.0,0.0,3.1130760722045023,62.0
마라23ba88bb,0.019867549668874173,0.0,0.0,0.0,0.0,0.0,0.0,0.0,-0.0018204423783144046,2.235757445615273,118.0
마라23ba89aa,0.046357615894039736,0.0,0.0,0.0,0.0,0.003381494005533354,0.0,0.0,-0.004692448868555583,2.16217921295138,216.0
마라23ba89ab,0.0,0.0,0.0,0.0,0.0,0.0,0.0,0.0,0.0,3.1130760722045023,62.0
마라23ba89ba,0.019867549668874173,0.0,0.0,0.0,0.0,0.002459268367660621,0.0,0.0,-0.0021438969134576573,2.362780732793172,132.0
마라23ba89bb,0.026490066225165563,0.0,0.0,0.0,0.0,0.0,0.0,0.0,-0.002427256504419206,2.235757445615273,144.0
마라23ba90aa,0.0,0.0,0.0,0.0,0.0,0.0,0.0,0.0,0.0,3.1130760722045023,62.0
마라23ba90ab,0.0,0.0,0.0,0.0,0.0,0.0,0.0,0.0,0.0,3.1130760722045023,62.0
마라23ba90ba,0.0,0.0,0.0,0.0,0.0,0.0,0.0,0.0,0.0,3.1130760722045023,62.0
마라23ba90bb,0.0,0.0,0.0,0.0,0.0,0.0,0.0,0.0,0.0,3.1130760722045023,62.0
마라23ba91aa,0.0,0.0,0.0,0.0,0.0,0.0,0.0,0.0,0.0,3.1130760722045023,62.0
마라23ba91ab,0.0,0.0,0.0,0.0,0.0,0.0,0.0,0.0,0.0,3.1130760722045023,62.0
마라23ba91ba,0.0,0.0,0.0,0.0,0.0,0.0,0.0,0.0,0.0,3.1130760722045023,62.0
마라23ba91bb,0.0,0.0,0.0,0.0,0.0,0.0,0.0,0.0,0.0,3.1130760722045023,62.0
마라23ba92aa,0.026490066225165563,0.0,0.0,0.0,0.0,0.0,0.0,0.0,-0.002427256504419206,2.235757445615273,144.0
마라23ba92ab,0.0,0.0,0.0,0.0,0.0,0.0,0.0,0.0,0.0,3.1130760722045023,62.0
마라23ba92ba,0.2582781456953642,0.04,0.0,0.125,0.0,0.0756225023055641,0.0,0.0,-0.025743098593812803,5.2288916216059125,887.0
마라23ba92bb,0.013245033112582781,0.04,0.0,0.0,0.0,0.024900092222563786,0.0,0.0,-0.008136745849592076,5.0124228690804,328.0
마라23ba93aa,0.0,0.0,0.0,0.0,0.0,0.0,0.0,0.0,0.0,3.1130760722045023,62.0
마라23ba93ab,0.12582781456953643,0.0,0.0,0.0,0.0,0.0,0.0,0.0,-0.011529468395991229,1.1786747273890128,438.0
마라23ba93ba,0.18543046357615894,0.8,0.0,0.0,0.0,0.2566861358745773,0.0,0.0,-0.12371417121765224,0.4811678876678871,1483.0
마라23ba93bb,0.5695364238410596,0.0,0.1,0.25,0.0,0.15247463879495848,0.5414507772020726,0.0,0.004910211787877296,3.4263561253561274,40.0
마라23ba94aa,0.5364238410596026,0.0,0.0,0.0,0.0,0.25760836151245003,0.0,0.0,-0.08303380677074462,0.9589451712308857,1376.0
마라23ba94ab,0.6556291390728477,0.04,0.0,0.0,0.0,0.17337841992007377,0.0,0.0,-0.0865262836410317,2.5602656840513975,1396.0
마라23ba94ba,0.3841059602649007,0.0,0.0,0.0,0.03956043956043956,0.18905625576391022,0.0,0.09022158,-0.07270941193408341,0.8501765932480221,1318.0
마라23ba94bb,0.07947019867549669,0.0,0.0,0.25,0.0,0.032277897325545646,0.0,0.0,0.011506929130960217,6.936696049038205,23.0
마라23ba95aa,0.09271523178807947,0.0,0.0,0.0,0.0,0.005225945281278819,0.0,0.0,-0.009182738652646632,7.597450311640676,362.0
마라23ba95ab,0.006622516556291391,0.0,0.0,0.0,0.0,0.0,0.0,0.0,-0.0006068141261048015,2.2628047968481355,74.0
마라23ba95ba,0.0,0.0,0.0,0.0,0.0,0.0,0.0,0.0,0.0,3.1130760722045023,62.0
마라23ba95bb,0.0,0.0,0.0,0.0,0.0,0.0,0.0,0.0,0.0,3.1130760722045023,62.0
마라23ba96aa,0.0,0.0,0.0,0.0,0.0,0.0,0.0,0.0,0.0,3.1130760722045023,62.0
마라23ba96ab,0.0,0.0,0.0,0.0,0.0,0.0,0.0,0.0,0.0,3.1130760722045023,62.0
마라23ba96ba,0.0,0.0,0.0,0.0,0.0,0.0,0.0,0.0,0.0,3.1130760722045023,62.0
마라23ba96bb,0.0,0.0,0.0,0.0,0.0,0.0,0.0,0.0,0.0,3.1130760722045023,62.0
마라23ba97aa,0.0,0.0,0.0,0.0,0.0,0.0,0.0,0.0,0.0,3.1130760722045023,62.0
마라23ba97ab,0.0,0.0,0.0,0.0,0.0,0.0,0.0,0.0,0.0,3.1130760722045023,62.0
마라23ba97ba,0.006622516556291391,0.0,0.0,0.0,0.0,0.0,0.0,0.0,-0.0006068141261048015,2.2628047968481355,74.0
마라23ba97bb,0.0,0.0,0.0,0.0,0.0,0.0,0.0,0.0,0.0,3.1130760722045023,62.0
마라23ba98aa,0.45695364238410596,0.0,0.0,0.0,0.0,0.016292652935751613,0.0,0.0,-0.04401306099655535,1.0568905591762736,1144.0
마라23ba98ab,0.24503311258278146,0.16,0.0,0.0,0.0,0.0030740854595757753,0.0,0.0,-0.037449002551034886,1.3540494505494505,1075.0
마라23ba98ba,0.0,0.0,0.0,0.0,0.0,0.0,0.0,0.0,0.0,3.1130760722045023,62.0
마라23ba98bb,0.0,0.0,0.0,0.0,0.0,0.0,0.0,0.0,0.0,3.1130760722045023,62.0
마라23ba99aa,0.019867549668874173,0.0,0.0,0.0,0.0,0.0,0.0,0.0,-0.0018204423783144046,2.235757445615273,118.0
마라23ba99ab,0.0,0.0,0.0,0.0,0.0,0.0,0.0,0.0,0.0,3.1130760722045023,62.0
마라23ba99ba,0.0,0.0,0.0,0.0,0.0,0.0,0.0,0.0,0.0,3.1130760722045023,62.0
마라23ba99bb,0.0,0.0,0.0,0.0,0.0,0.0,0.0,0.0,0.0,3.1130760722045023,62.0
마라23bb86ba,0.0,0.0,0.0,0.0,0.0,0.0,0.0,0.0,0.0,3.1130760722045023,62.0
마라23bb86bb,0.0,0.0,0.0,0.0,0.0,0.0,0.0,0.0,0.0,3.1130760722045023,62.0
마라23bb87aa,0.0,0.0,0.0,0.0,0.0,0.0,0.0,0.0,0.0,3.1130760722045023,62.0
마라23bb87ab,0.0,0.0,0.0,0.0,0.0,0.0,0.0,0.0,0.0,3.1130760722045023,62.0
마라23bb87ba,0.0,0.0,0.0,0.0,0.0,0.0,0.0,0.0,0.0,3.1130760722045023,62.0
마라23bb87bb,0.0,0.0,0.0,0.0,0.0,0.0,0.0,0.0,0.0,3.1130760722045023,62.0
마라23bb88aa,0.0,0.0,0.0,0.0,0.0,0.0,0.0,0.0,0.0,3.1130760722045023,62.0
마라23bb88ab,0.0,0.0,0.0,0.0,0.0,0.0,0.0,0.0,0.0,3.1130760722045023,62.0
마라23bb88ba,0.006622516556291391,0.0,0.0,0.0,0.0,0.0,0.0,0.0,-0.0006068141261048015,2.2628047968481355,74.0
마라23bb88bb,0.0,0.0,0.0,0.0,0.0,0.0,0.0,0.0,0.0,3.1130760722045023,62.0
마라23bb89aa,0.013245033112582781,0.0,0.0,0.0,0.0,0.003688902551490931,0.0,0.0,-0.0016988100549244819,2.618680642305037,113.0
마라23bb89ab,0.019867549668874173,0.0,0.0,0.0,0.0,0.0,0.0,0.0,-0.0018204423783144046,2.235757445615273,118.0
마라23bb89ba,0.0,0.0,0.0,0.0,0.0,0.0,0.0,0.0,0.0,3.1130760722045023,62.0
마라23bb89bb,0.006622516556291391,0.0,0.0,0.0,0.0,0.0,0.0,0.0,-0.0006068141261048015,2.2628047968481355,74.0
마라23bb90aa,0.019867549668874173,0.0,0.0,0.0,0.0,0.005840762373193974,0.0,0.0,-0.0025886468992796295,2.4433246181669364,148.0
마라23bb90ab,0.0,0.0,0.0,0.0,0.0,0.0,0.0,0.0,0.0,3.1130760722045023,62.0
마라23bb90ba,0.006622516556291391,0.0,0.0,0.0,0.0,0.0,0.0,0.0,-0.0006068141261048015,2.2628047968481355,74.0
마라23bb90bb,0.0,0.0,0.0,0.0,0.0,0.0,0.0,0.0,0.0,3.1130760722045023,62.0
마라23bb91aa,0.0,0.0,0.0,0.0,0.0,0.0,0.0,0.0,0.0,3.1130760722045023,62.0
마라23bb91ab,0.0,0.0,0.0,0.0,0.0,0.0,0.0,0.0,0.0,3.1130760722045023,62.0
마라23bb91ba,0.0,0.0,0.0,0.0,0.0,0.0,0.0,0.0,0.0,3.1130760722045023,62.0
마라23bb91bb,0.0,0.0,0.0,0.0,0.0,0.0,0.0,0.0,0.0,3.1130760722045023,62.0
마라23bb92aa,0.06622516556291391,0.0,0.0,0.0,0.0,0.014755610205963724,0.06735751295336788,0.0,-0.0012766886717220267,3.316482534304077,95.0
마라23bb92ab,0.052980132450331126,0.0,0.0,0.0,0.0,0.0027666769136181985,0.0,0.0,-0.005218399360874571,2.195932978902596,234.0
마라23bb92ba,0.23178807947019867,0.04,0.0,0.0,0.0,0.10236704580387335,0.0,0.0,-0.03835042986806298,3.6591051223908373,1087.0
마라23bb92bb,0.0,0.0,0.0,0.0,0.0,0.0,0.0,0.0,0.0,3.1130760722045023,62.0
마라23bb93aa,0.006622516556291391,0.0,0.0,0.0,0.0,0.0,0.0,0.0,-0.0006068141261048015,2.2628047968481355,74.0
마라23bb93ab,0.026490066225165563,0.24,0.0,0.0,0.0,0.21948970181371041,0.0,0.0,-0.05318441634029675,1.9506820431208682,1215.0
마라23bb93ba,0.2251655629139073,0.28,0.0,0.0,0.0,0.44297571472486935,0.0,0.0,-0.10443091143364092,0.7985915750915747,1444.0
마라23bb93bb,0.2185430463576159,0.56,0.0,0.25,0.0,0.31632339379034735,0.0,0.0,-0.08966913233308485,1.504672073957789,1408.0
마라23bb94aa,0.3509933774834437,0.64,0.0,0.0,0.0,0.4654165385797725,0.0,0.4174253371666667,-0.188493611795781,1.9434726146869001,1530.0
마라23bb94ab,0.33112582781456956,0.24,0.0,0.125,0.0,0.37934214571165076,0.0,0.4364884393333333,-0.12903207542453674,2.926029304029305,1493.0
마라23bb94ba,0.5827814569536424,0.16,0.0,0.125,0.05274725274725275,0.11958192437749769,0.0,0.0,-0.0784776694785124,2.487857578929007,1352.0
마라23bb94bb,0.2847682119205298,0.0,0.0,0.0,0.0,0.24777128804180754,0.0,0.31666666666666665,-0.08655910977212941,2.037794681508966,1397.0
마라23bb95aa,0.2119205298013245,0.0,0.0,0.0,0.0,0.1604672609898555,0.0,0.20287210983333334,-0.0583835039201278,1.739070627784913,1247.0
마라23bb95ab,0.09271523178807947,0.0,0.0,0.0,0.0,0.06517061174300645,0.0,0.0,-0.017066942946763412,7.473363707768358,631.0
마라23bb95ba,0.006622516556291391,0.0,0.0,0.0,0.0,0.0,0.0,0.0,-0.0006068141261048015,2.2628047968481355,74.0
마라23bb95bb,0.0,0.0,0.0,0.0,0.0,0.0,0.0,0.0,0.0,3.1130760722045023,62.0
마라23bb96aa,0.0,0.0,0.0,0.0,0.0,0.0,0.0,0.0,0.0,3.1130760722045023,62.0
마라23bb96ab,0.0,0.0,0.0,0.0,0.0,0.0,0.0,0.0,0.0,3.1130760722045023,62.0
마라23bb96ba,0.0,0.12,0.0,1.0,0.0,0.0,0.0,0.1955924855833333,0.06397256171776664,6.777212881542555,3.0
마라23bb96bb,0.0,0.08,0.0,0.0,0.0,0.12480786965877651,0.0,0.0,-0.023711598516634153,5.956128065564878,835.0
마라23bb97aa,0.006622516556291391,0.2,0.0,0.0,0.0,0.24346756839840147,0.0,0.261199422,-0.07386446036265952,2.084270246806278,1327.0
마라23bb97ab,0.026490066225165563,0.16,0.7000000000000001,0.0,0.0,0.05102981862895788,0.0,0.09166666666666666,-0.03180146396364204,2.7179563435050587,1002.0
마라23bb97ba,0.152317880794702,0.36,0.0,0.0,0.0,0.36458653550568704,0.0,0.0,-0.09474212359691099,0.7896538461538458,1420.0
마라23bb97bb,0.1390728476821192,0.28,0.0,0.0,0.0,0.3074085459575776,0.0,0.18698217725,-0.09517305434447444,0.9732932147217855,1422.0
마라23bb98aa,0.052980132450331126,0.36,0.0,0.0,0.0,0.5127574546572394,0.0,0.0,-0.10512804744771995,2.131052451464866,1445.0
마라23bb98ab,0.052980132450331126,0.24,0.0,0.0,0.0,0.47802028896403315,0.0,0.10833333333333334,-0.09915206119747204,2.0943817729370444,1430.0
마라23bb98ba,0.0,0.36,0.0,0.0,0.0,0.0,0.0,0.0,-0.03283326386151336,5.347140624434582,1017.0
마라23bb98bb,0.0,0.0,0.0,0.0,0.0,0.0,0.0,0.0,0.0,3.1130760722045023,62.0
마라23bb99aa,0.0728476821192053,0.0,0.0,0.0,0.0,0.0,0.0,0.0,-0.0066749553871528165,2.317230044652193,286.0
마라23bb99ab,0.0,0.0,0.0,0.0,0.0,0.0,0.0,0.0,0.0,3.1130760722045023,62.0
마라23bb99ba,0.0,0.0,0.0,0.0,0.0,0.0,0.0,0.0,0.0,3.1130760722045023,62.0
마라23bb99bb,0.0,0.0,0.0,0.0,0.0,0.0,0.0,0.0,0.0,3.1130760722045023,62.0
마라24aa86ba,0.0,0.0,0.0,0.0,0.0,0.0,0.0,0.0,0.0,3.1130760722045023,62.0
마라24aa86bb,0.0,0.0,0.0,0.0,0.0,0.0,0.0,0.0,0.0,3.1130760722045023,62.0
마라24aa87aa,0.0,0.0,0.0,0.0,0.0,0.0,0.0,0.0,0.0,3.1130760722045023,62.0
마라24aa87ab,0.006622516556291391,0.0,0.0,0.0,0.0,0.0,0.0,0.0,-0.0006068141261048015,2.2628047968481355,74.0
마라24aa87ba,0.0,0.0,0.0,0.0,0.0,0.0,0.0,0.0,0.0,3.1130760722045023,62.0
마라24aa87bb,0.0,0.0,0.0,0.0,0.0,0.0,0.0,0.0,0.0,3.1130760722045023,62.0
마라24aa88aa,0.006622516556291391,0.0,0.0,0.0,0.0,0.0,0.0,0.0,-0.0006068141261048015,2.2628047968481355,74.0
마라24aa88ab,0.0,0.0,0.0,0.0,0.0,0.0,0.0,0.0,0.0,3.1130760722045023,62.0
마라24aa88ba,0.0,0.0,0.0,0.0,0.0,0.0,0.0,0.0,0.0,3.1130760722045023,62.0
마라24aa88bb,0.013245033112582781,0.0,0.0,0.0,0.0,0.0018444512757454655,0.0,0.0,-0.0014562191535670425,2.3736648626827885,101.0
마라24aa89aa,0.0,0.0,0.0,0.0,0.0,0.0,0.0,0.0,0.0,3.1130760722045023,62.0
마라24aa89ab,0.026490066225165563,0.0,0.0,0.0,0.0,0.0,0.04922279792746114,0.0,0.002492413349562508,2.823541284448254,45.0
마라24aa89ba,0.0,0.0,0.0,0.0,0.0,0.0,0.0,0.0,0.0,3.1130760722045023,62.0
마라24aa89bb,0.006622516556291391,0.0,0.0,0.0,0.0,0.0,0.0,0.0,-0.0006068141261048015,2.2628047968481355,74.0
마라24aa90aa,0.033112582781456956,0.0,0.0,0.0,0.0,0.0,0.0,0.0,-0.003034070630524008,2.4791925079025385,171.0
마라24aa90ab,0.0,0.0,0.0,0.0,0.0,0.0,0.0,0.0,0.0,3.1130760722045023,62.0
마라24aa90ba,0.0,0.0,0.0,0.0,0.0,0.0027666769136181985,0.0,0.0,-0.0003638863520361592,3.1400062823452384,69.0
마라24aa90bb,0.013245033112582781,0.0,0.0,0.0,0.0,0.0,0.0,0.0,-0.001213628252209603,2.2845975411154673,93.0
마라24aa91aa,0.0,0.0,0.0,0.0,0.0,0.0,0.0,0.0,0.0,3.1130760722045023,62.0
마라24aa91ab,0.0,0.0,0.0,0.0,0.0,0.0,0.0,0.0,0.0,3.1130760722045023,62.0
마라24aa91ba,0.0,0.0,0.0,0.0,0.0,0.0,0.0,0.0,0.0,3.1130760722045023,62.0
마라24aa91bb,0.0,0.0,0.0,0.0,0.0,0.0,0.0,0.0,0.0,3.1130760722045023,62.0
마라24aa92aa,0.033112582781456956,0.0,0.0,0.0,0.0,0.0,0.0,0.0,-0.003034070630524008,2.4791925079025385,171.0
마라24aa92ab,0.0,0.0,0.0,0.0,0.0,0.0,0.0,0.0,0.0,3.1130760722045023,62.0
마라24aa92ba,0.2582781456953642,0.04,0.0,0.0,0.0,0.09252997233323086,0.0,0.175,-0.054890163405928796,4.182326356183502,1225.0
마라24aa92bb,0.006622516556291391,0.0,0.0,0.0,0.0,0.011066707654472794,0.0,0.0,-0.0020623595342494382,2.7937036125622545,127.0
마라24aa93aa,0.0,0.0,0.0,0.0,0.0,0.0,0.0,0.0,0.0,3.1130760722045023,62.0
마라24aa93ab,0.10596026490066225,0.2,0.0,0.125,0.0,0.22840454964648016,0.0,0.3109465318333333,-0.07384802870690235,1.6088217874921167,1326.0
마라24aa93ba,0.13245033112582782,0.48,0.0,0.0,0.0,0.6157393175530279,0.0,0.0,-0.1368988969072724,0.7585078492935631,1506.0
마라24aa93bb,0.06622516556291391,0.48,0.0,0.0,0.0,0.612050415001537,0.0,0.472772158,-0.17196653050754512,2.2366297258089474,1525.0
마라24aa94aa,0.033112582781456956,0.44,0.0,0.125,0.0,0.5837688287734398,0.0,0.32233622349999996,-0.1368037988037646,2.5507480540385066,1505.0
마라24aa94ab,0.07947019867549669,0.4,0.0,0.0,0.0,0.45312019674146936,0.0,0.39090799616666666,-0.13777363747441915,1.7548637770196835,1508.0
마라24aa94ba,0.2582781456953642,0.32,0.0,0.0,0.0,0.5275130648632032,0.0,0.33094532758333334,-0.1513669658714081,1.9918242630385488,1520.0
마라24aa94bb,0.5298013245033113,0.0,0.0,0.0,0.0,0.21887488472179525,0.0,0.0,-0.07733258371613361,0.9480965753822899,1343.0
마라24aa95aa,0.40397350993377484,0.0,0.0,0.0,0.0,0.19458960959114663,0.45595854922279794,0.058333333333333334,-0.0221727548628664,2.1956126069697497,788.0
마라24aa95ab,0.2052980132450331,0.32,0.0,0.0,0.0,0.30003074085459575,0.0,0.0,-0.08745781462918198,0.6504719169719166,1401.0
마라24aa95ba,0.059602649006622516,0.36,0.0,0.0,0.0,0.20381186596987394,0.0,0.16666666666666666,-0.07977354766694851,1.808278816369801,1360.0
마라24aa95bb,0.039735099337748346,0.0,0.0,0.0,0.0,0.0,0.0,0.0,-0.003640884756628809,2.55175305519838,192.0
마라24aa96aa,0.0,0.04,0.0,0.0,0.0,0.051952044266830616,0.0,0.19922928708333335,-0.028020461507474406,7.165643342615869,931.0
마라24aa96ab,0.09271523178807947,0.28,0.0,0.0,0.0,0.2542268675069167,0.0,0.12135115608333333,-0.07815276036974801,1.2890775931181144,1349.0
마라24aa96ba,0.052980132450331126,0.44,0.0,0.0,0.0,0.3897940362742084,0.0,0.0,-0.0962516015486714,2.131052451464866,1424.0
마라24aa96bb,0.11920529801324503,0.52,0.0,0.0,0.0,0.49185367353212417,0.0,0.0,-0.12303938687627848,0.7585078492935631,1480.0
마라24aa97aa,0.12582781456953643,0.2,0.0,0.0,0.0,0.213956347986474,0.0,0.0,-0.05791071509873941,0.3514168847025985,1244.0
마라24aa97ab,0.1456953642384106,0.12,0.0,0.125,0.0,0.1417153396864433,0.0,0.0,-0.03141637994012018,3.0014373219373227,994.0
마라24aa97ba,0.013245033112582781,0.12,0.0,0.125,0.0,0.14048570550261297,0.0,0.75,-0.08514534946767945,3.809810703236528,1389.0
마라24aa97bb,0.2119205298013245,0.24,0.0,0.125,0.0,0.37134952351675377,0.0,0.0,-0.07863150970734052,1.6522056514913672,1354.0
마라24aa98aa,0.013245033112582781,0.28,0.0,0.125,0.0,0.35874577313249306,1.0,0.0,0.037529455172878895,3.3576294545501786,8.0
마라24aa98ab,0.033112582781456956,0.36,0.0,0.0,0.0,0.31909007070396556,0.0,0.0,-0.0778355604268744,2.2004134228522485,1348.0
마라24aa98ba,0.006622516556291391,0.36,0.0,0.0,0.0,0.30494927758991697,0.0,0.0,-0.0735484403453815,2.3257813389496316,1324.0
마라24aa98bb,0.013245033112582781,0.04,0.0,0.0,0.0,0.0,0.0,0.0,-0.0048617686812666445,4.765392064094696,223.0
마라24aa99aa,0.026490066225165563,0.0,0.0,0.0,0.0,0.0,0.0,0.0,-0.002427256504419206,2.235757445615273,144.0
마라24aa99ab,0.0,0.0,0.0,0.0,0.0,0.0,0.0,0.0,0.0,3.1130760722045023,62.0
마라24aa99ba,0.0,0.0,0.0,0.0,0.0,0.0,0.0,0.0,0.0,3.1130760722045023,62.0
마라24aa99bb,0.006622516556291391,0.0,0.0,0.0,0.0,0.0,0.0,0.06666666666666667,-0.0064758789543027506,2.2237248925165147,279.0
마라24ab85ab,0.0,0.0,0.0,0.0,0.0,0.0,0.0,0.0,0.0,3.1130760722045023,62.0
마라24ab85ba,0.0,0.0,0.0,0.0,0.0,0.0,0.0,0.0,0.0,3.1130760722045023,62.0
마라24ab85bb,0.0,0.0,0.0,0.0,0.0,0.0,0.0,0.0,0.0,3.1130760722045023,62.0
마라24ab86ba,0.0,0.0,0.0,0.0,0.0,0.0,0.0,0.0,0.0,3.1130760722045023,62.0
마라24ab86bb,0.0,0.0,0.0,0.0,0.0,0.0,0.0,0.0,0.0,3.1130760722045023,62.0
마라24ab87aa,0.0,0.0,0.0,0.0,0.0,0.0,0.0,0.0,0.0,3.1130760722045023,62.0
마라24ab87ab,0.013245033112582781,0.0,0.0,0.0,0.0,0.0,0.0,0.0,-0.001213628252209603,2.2845975411154673,93.0
마라24ab87ba,0.0,0.0,0.0,0.0,0.0,0.0,0.0,0.0,0.0,3.1130760722045023,62.0
마라24ab87bb,0.0,0.0,0.0,0.0,0.0,0.0,0.0,0.0,0.0,3.1130760722045023,62.0
마라24ab88aa,0.013245033112582781,0.0,0.0,0.0,0.0,0.0,0.0,0.0,-0.001213628252209603,2.2845975411154673,93.0
마라24ab88ab,0.0,0.0,0.0,0.0,0.0,0.0,0.0,0.0,0.0,3.1130760722045023,62.0
마라24ab88ba,0.019867549668874173,0.0,0.0,0.0,0.0,0.0021518598217030436,0.0,0.0,-0.0021034650965647507,2.2991378551292856,130.0
마라24ab88bb,0.006622516556291391,0.0,0.0,0.0,0.0,0.0030740854595757753,0.0,0.0,-0.0010111322950338672,2.399348841046791,84.0
마라24ab89aa,0.0728476821192053,0.0,0.0,0.0,0.13406593406593406,0.0018444512757454655,0.0,0.0,-0.02286525311205863,2.3783512647019847,805.0
마라24ab89ab,0.019867549668874173,0.0,0.0,0.0,0.0,0.0030740854595757753,0.0,0.0,-0.0022247605472434703,2.362780732793172,136.0
마라24ab89ba,0.0,0.0,0.0,0.0,0.0,0.0,0.0,0.0,0.0,3.1130760722045023,62.0
마라24ab89bb,0.006622516556291391,0.0,0.0,0.0,0.0,0.0,0.0,0.0,-0.0006068141261048015,2.2628047968481355,74.0
마라24ab90aa,0.013245033112582781,0.0,0.0,0.0,0.0,0.0,0.0,0.0,-0.001213628252209603,2.2845975411154673,93.0
마라24ab90ab,0.0,0.0,0.0,0.0,0.0,0.0,0.0,0.0,0.0,3.1130760722045023,62.0
마라24ab90ba,0.0,0.0,0.0,0.0,0.0,0.0,0.0,0.0,0.0,3.1130760722045023,62.0
마라24ab90bb,0.019867549668874173,0.0,0.0,0.0,0.0,0.0021518598217030436,0.0,0.0,-0.0021034650965647507,2.2991378551292856,130.0
마라24ab91aa,0.0,0.0,0.0,0.0,0.0,0.0,0.0,0.0,0.0,3.1130760722045023,62.0
마라24ab91ab,0.0,0.0,0.0,0.0,0.0,0.0,0.0,0.0,0.0,3.1130760722045023,62.0
마라24ab91ba,0.0,0.0,0.0,0.0,0.0,0.0,0.0,0.0,0.0,3.1130760722045023,62.0
마라24ab91bb,0.006622516556291391,0.0,0.0,0.0,0.0,0.0,0.0,0.0,-0.0006068141261048015,2.2628047968481355,74.0
마라24ab92aa,0.0,0.0,0.0,0.0,0.0,0.0,0.0,0.0,0.0,3.1130760722045023,62.0
마라24ab92ab,0.0,0.0,0.0,0.0,0.0,0.0,0.0,0.0,0.0,3.1130760722045023,62.0
마라24ab92ba,0.2251655629139073,0.2,0.0,0.0,0.0,0.07439286812173378,0.0,0.26476396916666667,-0.0719656356090844,2.1738541775684643,1313.0
마라24ab92bb,0.033112582781456956,0.0,0.0,0.0,0.0,0.024900092222563786,0.0,0.0,-0.00630904779884944,2.883100510197273,272.0
마라24ab93aa,0.0,0.0,0.0,0.0,0.0,0.0,0.0,0.0,0.0,3.1130760722045023,62.0
마라24ab93ab,0.039735099337748346,0.2,0.0,0.0,0.0,0.23393790347371657,0.0,0.0,-0.052650199557415914,1.9656278163019356,1209.0
마라24ab93ba,0.11920529801324503,0.56,0.0,0.0,0.0,0.5121426375653243,0.0,0.0,-0.12935602722026734,0.7585078492935631,1494.0
마라24ab93bb,0.2119205298013245,0.16,0.0,0.0,0.0,0.2520750076852136,0.0,0.2,-0.08477189808835904,1.2898639455782308,1385.0
마라24ab94aa,0.15894039735099338,0.24,0.0,0.125,0.07032967032967033,0.16907470027666768,0.0,0.3928347784166667,-0.0901224630393859,1.8978388278388283,1409.0
마라24ab94ab,0.18543046357615894,0.2,0.1,0.0,0.0,0.11128189363664309,0.0,0.225,-0.06967590918661991,1.6853437990580837,1304.0
마라24ab94ba,0.13245033112582782,0.28,0.1,0.125,0.0,0.2926529357516139,0.0,0.16302986516666668,-0.07899982821248892,1.5451770451770441,1359.0
마라24ab94bb,0.2251655629139073,0.32,0.0,0.0,0.0,0.39870888410697813,0.0,0.0,-0.1022568702301194,0.7985915750915747,1440.0
마라24ab95aa,0.3708609271523179,0.16,0.0,0.125,0.0,0.09037811251152782,0.0,0.0,-0.04894408723562507,2.952509593581025,1178.0
마라24ab95ab,0.09933774834437085,0.36,0.0,0.0,0.0,0.1905932984936981,0.0,0.3532032755,-0.09809779604830787,1.524425343658173,1428.0
마라24ab95ba,0.0,0.4,0.0,0.0,0.0,0.6873655087611436,0.0,0.15077071291666666,-0.14016019318763262,4.6561976626344785,1511.0
마라24ab95bb,0.033112582781456956,0.44,0.0,0.125,0.0,0.38764217645250537,0.0,0.16187379575,-0.0968818337617685,2.4866353017723015,1426.0
마라24ab96aa,0.08609271523178808,0.24,0.0,0.0,0.0,0.3470642483861051,0.0,0.15508188825,-0.08907773232307517,1.5432449642085635,1405.0
마라24ab96ab,0.16556291390728478,0.52,0.0,0.0,0.0,0.3934829388256992,0.0,0.0,-0.11434890435328197,0.8213021978021975,1466.0
마라24ab96ba,0.2052980132450331,0.28,0.0,0.0,0.0,0.47279434368275436,0.0,0.0,-0.10653235529393844,0.7982985347985344,1447.0
마라24ab96bb,0.13245033112582782,0.28,0.0,0.0,0.0,0.1580079926221949,0.0,0.28008790941666667,-0.08311303087786207,1.3829927612070458,1377.0
마라24ab97aa,0.2251655629139073,0.0,0.0,0.625,0.035164835164835165,0.05717798954810943,0.0,0.0,0.025250095246816984,1.792653336081908,12.0
마라24ab97ab,0.059602649006622516,0.44,0.0,0.0,0.0,0.6452505379649554,0.0,0.0,-0.13045725551278156,2.157695003357418,1497.0
마라24ab97ba,0.059602649006622516,0.68,0.0,0.0,0.0,0.8438364586535505,0.0,0.0,-0.17846505179994146,2.157695003357418,1528.0
마라24ab97bb,0.039735099337748346,0.72,0.0,0.0,0.0,1.0,0.0,0.0,-0.20083211283228064,2.324663225337346,1532.0
마라24ab98aa,0.033112582781456956,0.44,0.0,0.0,0.0,0.7021211189671073,0.0,0.0,-0.13550988513355008,2.348349930788757,1503.0
마라24ab98ab,0.006622516556291391,0.6,0.0,0.0,0.0,0.6185059944666461,0.0,0.0,-0.13667773615048845,2.47371784688614,1504.0
마라24ab98ba,0.07947019867549669,0.4,0.0,0.0,0.0,0.2563787273286197,0.0,0.0,-0.07748330909251211,1.9425408389687238,1345.0
마라24ab98bb,0.0,0.0,0.0,0.0,0.0,0.0,0.0,0.0,0.0,3.1130760722045023,62.0
마라24ab99aa,0.0,0.0,0.0,0.0,0.0,0.0,0.0,0.0,0.0,3.1130760722045023,62.0
마라24ab99ab,0.0,0.0,0.0,0.0,0.0,0.0,0.0,0.0,0.0,3.1130760722045023,62.0
마라24ab99ba,0.033112582781456956,0.16,0.0,0.0,0.0,0.0,0.0,0.0,-0.017626632346752172,2.761631322635435,648.0
마라24ab99bb,0.0,0.0,0.0,0.0,0.0,0.0,0.0,0.0,0.0,3.1130760722045023,62.0
마라24ba85aa,0.0,0.0,0.0,0.0,0.0,0.0,0.0,0.0,0.0,3.1130760722045023,62.0
마라24ba85ab,0.0,0.0,0.0,0.0,0.0,0.0,0.0,0.0,0.0,3.1130760722045023,62.0
마라24ba85ba,0.0,0.0,0.0,0.0,0.0,0.0,0.0,0.0,0.0,3.1130760722045023,62.0
마라24ba85bb,0.0,0.0,0.0,0.0,0.0,0.0,0.0,0.0,0.0,3.1130760722045023,62.0
마라24ba86ba,0.0,0.0,0.0,0.0,0.0,0.0,0.0,0.0,0.0,3.1130760722045023,62.0
마라24ba86bb,0.0,0.0,0.0,0.0,0.0,0.0,0.0,0.0,0.0,3.1130760722045023,62.0
마라24ba87aa,0.06622516556291391,0.0,0.0,0.0,0.0,0.0046111281893636644,0.0,0.0,-0.0066746185144416145,2.5552087026658907,285.0
마라24ba87ab,0.013245033112582781,0.0,0.0,0.0,0.0,0.0021518598217030436,0.0,0.0,-0.0014966509704599491,2.3438540190055486,104.0
마라24ba87ba,0.006622516556291391,0.0,0.0,0.0,0.0,0.0,0.0,0.0,-0.0006068141261048015,2.2628047968481355,74.0
마라24ba87bb,0.0,0.0,0.0,0.0,0.0,0.0,0.0,0.0,0.0,3.1130760722045023,62.0
마라24ba88aa,0.0,0.0,0.0,0.0,0.0,0.0,0.0,0.0,0.0,3.1130760722045023,62.0
마라24ba88ab,0.006622516556291391,0.0,0.0,0.0,0.0,0.0027666769136181985,0.0,0.0,-0.0009707004781409608,2.399348841046791,83.0
마라24ba88ba,0.026490066225165563,0.0,0.0,0.0,0.0,0.0064555794651091295,0.0,0.0,-0.003276324659170244,2.423037682880001,175.0
마라24ba88bb,0.0,0.0,0.0,0.0,0.0,0.0,0.0,0.0,0.0,3.1130760722045023,62.0
마라24ba89aa,0.052980132450331126,0.0,0.0,0.0,0.0,0.0,0.0,0.0,-0.004854513008838412,2.092264392579398,222.0
마라24ba89ab,0.013245033112582781,0.0,0.0,0.0,0.0,0.0,0.0,0.0,-0.001213628252209603,2.2845975411154673,93.0
마라24ba89ba,0.006622516556291391,0.0,0.0,0.0,0.0,0.0,0.0,0.0,-0.0006068141261048015,2.2628047968481355,74.0
마라24ba89bb,0.0,0.0,0.0,0.0,0.0,0.0,0.0,0.0,0.0,3.1130760722045023,62.0
마라24ba90aa,0.006622516556291391,0.0,0.0,0.0,0.0,0.003688902551490931,0.0,0.0,-0.0010919959288196804,2.6105325866823943,88.0
마라24ba90ab,0.0,0.0,0.0,0.0,0.0,0.0,0.0,0.0,0.0,3.1130760722045023,62.0
마라24ba90ba,0.0,0.0,0.0,0.0,0.0,0.0,0.0,0.0,0.0,3.1130760722045023,62.0
마라24ba90bb,0.0,0.0,0.0,0.0,0.0,0.0,0.0,0.0,0.0,3.1130760722045023,62.0
마라24ba91aa,0.0,0.0,0.0,0.0,0.0,0.0,0.0,0.0,0.0,3.1130760722045023,62.0
마라24ba91ab,0.0,0.0,0.0,0.0,0.0,0.0,0.0,0.0,0.0,3.1130760722045023,62.0
마라24ba91ba,0.033112582781456956,0.0,0.0,0.0,0.0,0.0,0.0,0.0,-0.003034070630524008,2.4791925079025385,171.0
마라24ba91bb,0.013245033112582781,0.0,0.0,0.125,0.0,0.0,0.05181347150259068,0.0,0.015481991303073449,3.3588359848522633,20.0
마라24ba92aa,0.09933774834437085,0.0,0.0,0.0,0.0,0.011374116200430372,0.0,0.0,-0.010598189116609565,7.597450311640676,404.0
마라24ba92ab,0.13245033112582782,0.0,0.0,0.0,0.0,0.005225945281278819,0.0,0.0,-0.012823623409275443,1.0726569356569355,484.0
마라24ba92ba,0.10596026490066225,0.04,0.0,0.0,0.0,0.0411927451583154,0.0,0.0,-0.018775029910383347,7.062456962426054,693.0
마라24ba92bb,0.11920529801324503,0.0,0.0,0.125,0.0,0.06271134337534583,0.0,0.11666666666666667,-0.017924588656399267,1.7144081474081476,663.0
마라24ba93aa,0.0,0.0,0.0,0.0,0.0,0.0,0.0,0.0,0.0,3.1130760722045023,62.0
마라24ba93ab,0.07947019867549669,0.04,0.0,0.0,0.0,0.14509683369197662,0.0,0.0,-0.030013727515766562,5.322969021896909,967.0
마라24ba93ba,0.1456953642384106,0.16,0.1,0.0,0.0,0.1620043037196434,0.0,0.0,-0.04925003999309556,0.628570207570207,1183.0
마라24ba93bb,0.0728476821192053,0.24,0.0,0.125,0.0,0.32554565016907466,0.0,0.0,-0.059864072342096605,2.0751752548572715,1258.0
마라24ba94aa,0.019867549668874173,0.4,0.0,0.25,0.0,0.37227174915462646,0.0,0.0,-0.06423073750822164,2.5847168807549785,1279.0
마라24ba94ab,0.052980132450331126,0.4,0.0,0.125,0.0,0.3805717798954811,0.0,0.0,-0.07987348690384065,2.27887174883948,1361.0
마라24ba94ba,0.1390728476821192,0.48,0.0,0.125,0.0,0.4294497387027359,0.0,0.10338391133333333,-0.11058851345440932,1.6372387929530796,1458.0
마라24ba94bb,0.019867549668874173,0.2,0.5,0.0,0.0,0.16661543190900707,0.0,0.0,-0.04197518927955497,2.0299647384475197,1122.0
마라24ba95ab,0.0,0.0,0.0,0.0,0.0,0.0,0.0,0.10833333333333334,-0.009537230345821667,3.025132495313557,372.0
마라24ba95ba,0.271523178807947,0.0,0.0,0.0,0.0,0.044574239163848756,0.0,0.3,-0.05715278434665908,2.1194454751597607,1243.0
마라24ba95bb,0.2251655629139073,0.0,0.0,0.125,0.0,0.08791884414386719,0.0,0.11641979766666666,-0.03092729030681834,1.76009016380445,987.0
마라24ba96aa,0.12582781456953643,0.2,0.0,0.125,0.0,0.26129726406394094,0.0,0.0,-0.0526201951912605,1.27188688295831,1208.0
마라24ba96ab,0.152317880794702,0.32,0.1,0.0,0.0,0.33538272363971716,0.0,0.0,-0.08725296056302784,0.6734755799755794,1400.0
마라24ba96ba,0.09271523178807947,0.4,0.1,0.0,0.0,0.22194897018137102,0.0,0.0,-0.07416857385271618,2.019256208153873,1328.0
마라24ba96bb,0.15894039735099338,0.28,0.0,0.0,0.0,0.3295419612665232,0.0,0.31197013483333336,-0.1109080239260877,1.2341099773242616,1459.0
마라24ba97aa,0.5298013245033113,0.12,0.0,0.0,0.12747252747252746,0.07500768521364894,0.0,0.0,-0.08451830807063437,3.529556020698881,1384.0
마라24ba97ab,0.2185430463576159,0.4,0.0,0.0,0.0,0.5238241623117122,0.0,0.0,-0.12540208643754167,0.7985915750915747,1485.0
마라24ba97ba,0.046357615894039736,0.56,0.0,0.0,0.0,0.6667691361819859,0.0,0.0,-0.14301827573024656,2.1172250196374343,1515.0
마라24ba97bb,0.06622516556291391,0.44,0.0,0.0,0.0,0.45896095911466334,0.0,0.0,-0.10656238860178498,2.167900538562953,1448.0
마라24ba98aa,0.019867549668874173,0.0,0.0,0.0,0.0,0.0,0.0,0.0,-0.0018204423783144046,2.235757445615273,118.0
마라24ba98ab,0.039735099337748346,0.0,0.0,0.0,0.0,0.006148170919151552,0.0,0.0,-0.0044495210944869405,2.760617541547356,211.0
마라24ba98ba,0.013245033112582781,0.0,0.0,0.0,0.0,0.0,0.0,0.0,-0.001213628252209603,2.2845975411154673,93.0
마라24ba98bb,0.0,0.0,0.0,0.0,0.0,0.0,0.0,0.0,0.0,3.1130760722045023,62.0
마라24ba99aa,0.0,0.0,0.0,0.0,0.0,0.0,0.0,0.0,0.0,3.1130760722045023,62.0
마라24ba99ab,0.0,0.0,0.0,0.0,0.0,0.0,0.0,0.0,0.0,3.1130760722045023,62.0
마라24ba99ba,0.0,0.0,0.0,0.0,0.0,0.0,0.0,0.0,0.0,3.1130760722045023,62.0
마라24ba99bb,0.0,0.0,0.0,0.0,0.0,0.0,0.0,0.0,0.0,3.1130760722045023,62.0
마라24bb84bb,0.0,0.0,0.0,0.0,0.0,0.0,0.0,0.0,0.0,3.1130760722045023,62.0
마라24bb85aa,0.0,0.0,0.0,0.0,0.0,0.0,0.0,0.0,0.0,3.1130760722045023,62.0
마라24bb85ab,0.006622516556291391,0.0,0.0,0.0,0.0,0.0,0.0,0.0,-0.0006068141261048015,2.2628047968481355,74.0
마라24bb85ba,0.0,0.0,0.0,0.0,0.0,0.0,0.0,0.0,0.0,3.1130760722045023,62.0
마라24bb85bb,0.0,0.0,0.0,0.0,0.0,0.0,0.0,0.0,0.0,3.1130760722045023,62.0
마라24bb86aa,0.0,0.0,0.0,0.0,0.0,0.0,0.0,0.0,0.0,3.1130760722045023,62.0
마라24bb86ab,0.0,0.0,0.0,0.0,0.0,0.0,0.0,0.0,0.0,3.1130760722045023,62.0
마라24bb86ba,0.0,0.0,0.0,0.0,0.0,0.0,0.0025906735751295338,0.0,0.00025892999231482707,3.1130760722045023,60.0
마라24bb86bb,0.0,0.0,0.0,0.0,0.0,0.0,0.0,0.0,0.0,3.1130760722045023,62.0
마라24bb87aa,0.006622516556291391,0.0,0.0,0.0,0.0,0.0,0.0,0.0,-0.0006068141261048015,2.2628047968481355,74.0
마라24bb87ab,0.0,0.0,0.0,0.0,0.0,0.0,0.0,0.0,0.0,3.1130760722045023,62.0
마라24bb87ba,0.006622516556291391,0.0,0.0,0.0,0.0,0.0,0.0,0.0,-0.0006068141261048015,2.2628047968481355,74.0
마라24bb87bb,0.006622516556291391,0.0,0.0,0.0,0.0,0.0,0.0,0.0,-0.0006068141261048015,2.2628047968481355,74.0
마라24bb88aa,0.006622516556291391,0.0,0.0,0.0,0.0,0.0,0.0,0.0,-0.0006068141261048015,2.2628047968481355,74.0
마라24bb88ab,0.006622516556291391,0.0,0.0,0.0,0.0,0.0,0.0,0.0,-0.0006068141261048015,2.2628047968481355,74.0
마라24bb88ba,0.006622516556291391,0.0,0.0,0.0,0.0,0.0,0.0,0.0,-0.0006068141261048015,2.2628047968481355,74.0
마라24bb88bb,0.0,0.0,0.0,0.0,0.0,0.0,0.0,0.0,0.0,3.1130760722045023,62.0
마라24bb89aa,0.0,0.0,0.0,0.0,0.0,0.0,0.0,0.0,0.0,3.1130760722045023,62.0
마라24bb89ab,0.006622516556291391,0.0,0.0,0.0,0.0,0.0,0.0,0.0,-0.0006068141261048015,2.2628047968481355,74.0
마라24bb89ba,0.0,0.0,0.0,0.0,0.0,0.0,0.0,0.0,0.0,3.1130760722045023,62.0
마라24bb89bb,0.006622516556291391,0.0,0.0,0.0,0.0,0.0,0.0,0.0,-0.0006068141261048015,2.2628047968481355,74.0
마라24bb90aa,0.0,0.0,0.0,0.0,0.0,0.0,0.0,0.0,0.0,3.1130760722045023,62.0
마라24bb90ab,0.0,0.0,0.0,0.0,0.0,0.0,0.0,0.0,0.0,3.1130760722045023,62.0
마라24bb90ba,0.0,0.0,0.0,0.0,0.0,0.0,0.0,0.0,0.0,3.1130760722045023,62.0
마라24bb90bb,0.039735099337748346,0.0,0.0,0.0,0.0,0.0,0.0,0.0,-0.003640884756628809,2.55175305519838,192.0
마라24bb91aa,0.006622516556291391,0.0,0.0,0.0,0.0,0.0,0.0,0.0,-0.0006068141261048015,2.2628047968481355,74.0
마라24bb91ab,0.0,0.0,0.0,0.0,0.0,0.0,0.0,0.0,0.0,3.1130760722045023,62.0
마라24bb91ba,0.059602649006622516,0.0,0.0,0.0,0.0,0.003381494005533354,0.0,0.0,-0.005906077120765185,2.3583534818042207,262.0
마라24bb91bb,0.033112582781456956,0.0,0.0,0.0,0.0,0.0030740854595757753,0.0,0.0,-0.0034383887994530733,2.5828610942257364,187.0
마라24bb92aa,0.006622516556291391,0.0,0.0,0.0,0.0,0.0,0.0,0.0,-0.0006068141261048015,2.2628047968481355,74.0
마라24bb92ab,0.019867549668874173,0.0,0.0,0.0,0.0,0.003996311097448509,0.0,0.0,-0.00234605599792219,2.5547642067834477,141.0
마라24bb92ba,0.11258278145695365,0.0,0.0,0.0,0.07912087912087912,0.01752228711958192,0.0,0.0,-0.022032215110738634,2.336365349568767,783.0
마라24bb92bb,0.31125827814569534,0.44,0.0,0.0,0.0,0.2526898247771288,0.0,0.16275289016666666,-0.11621287108299354,0.9803126635269486,1468.0
마라24bb93aa,0.2185430463576159,0.12,0.0,0.0,0.0,0.1251152782047341,0.0,0.16666666666666666,-0.06209769899453741,2.5125227629513347,1269.0
마라24bb93ab,0.09271523178807947,0.0,0.0,0.0,0.0,0.018137104211497078,0.0,0.0,-0.010880874962148708,7.523182912373277,414.0
마라24bb93ba,0.019867549668874173,0.0,0.0,0.0,0.0,0.00768521364893944,0.0,0.0,-0.002831237800637069,2.4575654699077876,161.0
마라24bb93bb,0.033112582781456956,0.08,0.0,0.0,0.0,0.15155241315708576,0.0,0.4427565029166667,-0.06924173649770299,3.531291502900862,1302.0
마라24bb94aa,0.07947019867549669,0.16,0.0,0.0,0.0,0.07777436212726713,0.0,0.0,-0.032103580903391146,3.3851046772468476,1004.0
마라24bb94ab,0.019867549668874173,0.0,0.0,0.125,0.0,0.0,0.0,0.0,0.009696577330672107,2.6957821652199976,28.0
마라24bb94ba,0.019867549668874173,0.08,0.0,0.0,0.0,0.04580387334767906,0.0,0.14402697491666666,-0.027820618745398915,4.423972128493372,924.0
마라24bb94bb,0.06622516556291391,0.0,0.0,0.125,0.0,0.0,0.0,0.0,0.005448878447938496,2.5370590115968805,37.0
마라24bb95aa,0.06622516556291391,0.04,0.0,0.0,0.0,0.06148170919151552,0.0,0.21666666666666667,-0.03687710576032971,4.846066556691429,1067.0
마라24bb95ab,0.33112582781456956,0.2,0.1,0.0,0.0,0.3193974792499231,0.0,0.225,-0.11039815999742329,1.8070989883132733,1457.0
마라24bb95ba,0.46357615894039733,0.08,0.0,0.0,0.0,0.12480786965877651,0.0,0.2916666666666667,-0.09186574596733629,4.0537638234781115,1410.0
마라24bb95bb,0.271523178807947,0.32,0.0,0.0,0.0,0.26867506916692285,0.42487046632124353,0.0,-0.04693739182752189,1.899020146520147,1170.0
마라24bb96aa,0.0728476821192053,0.48,0.0,0.0,0.0,0.32984936981248075,0.0,0.2571652215833333,-0.11647577041738315,2.0396700188492396,1470.0
마라24bb96ab,0.09933774834437085,0.52,0.0,0.0,0.0,0.4749462035044574,0.0,0.225,-0.13880328836402228,1.6589747942076238,1509.0
마라24bb96ba,0.10596026490066225,0.32,0.0,0.0,0.0,0.036581616968951736,0.0,0.0,-0.04370553566038904,3.3494345152964677,1139.0
마라24bb96bb,0.3443708609271523,0.04,0.0,0.0,0.0,0.10390408853366123,0.0,0.14061897883333332,-0.06124795763902656,4.057627071341361,1265.0
마라24bb97aa,0.2847682119205298,0.04,0.0,0.0,0.0,0.16261912081155855,0.0,0.0,-0.05112957898791108,2.64897953369382,1199.0
마라24bb97ab,0.4370860927152318,0.0,0.0,0.0,0.0,0.1660006148170919,0.0,0.0,-0.06188291344508645,1.060433904719619,1268.0
마라24bb97ba,0.033112582781456956,0.0,0.0,0.375,0.0,0.039963110974485086,0.0,0.0,0.026260852300357674,3.2898591444974725,11.0
마라24bb97bb,0.0,0.36,0.0,0.0,0.0,0.0,0.0,0.0,-0.03283326386151336,5.347140624434582,1017.0
마라24bb98aa,0.0,0.08,0.0,0.625,0.0,0.0030740854595757753,0.0,0.0,0.04988449951788941,6.959257360872748,6.0
마라24bb98ab,0.0,0.0,0.0,0.0,0.0,0.0,0.0,0.0,0.0,3.1130760722045023,62.0
마라24bb98ba,0.0,0.0,0.0,0.0,0.0,0.0,0.0,0.0,0.0,3.1130760722045023,62.0
마라24bb98bb,0.0,0.0,0.0,0.0,0.0,0.0,0.0,0.0,0.0,3.1130760722045023,62.0
마라24bb99aa,0.0,0.0,0.0,0.0,0.0,0.0,0.0,0.0,0.0,3.1130760722045023,62.0
마라24bb99ab,0.0,0.0,0.0,0.0,0.0,0.0,0.0,0.0,0.0,3.1130760722045023,62.0
마라24bb99ba,0.0,0.0,0.0,0.0,0.0,0.0,0.0,0.0,0.0,3.1130760722045023,62.0
마라24bb99bb,0.0,0.0,0.0,0.0,0.0,0.0,0.0,0.0,0.0,3.1130760722045023,62.0
마라25aa84bb,0.0,0.0,0.0,0.0,0.0,0.0,0.0,0.0,0.0,3.1130760722045023,62.0
마라25aa85aa,0.0,0.0,0.0,0.0,0.0,0.0,0.0,0.0,0.0,3.1130760722045023,62.0
마라25aa85ab,0.0,0.0,0.0,0.0,0.0,0.0,0.0,0.0,0.0,3.1130760722045023,62.0
마라25aa85ba,0.0,0.0,0.0,0.0,0.0,0.0,0.0,0.0,0.0,3.1130760722045023,62.0
마라25aa85bb,0.0,0.0,0.0,0.0,0.0,0.0,0.0,0.0,0.0,3.1130760722045023,62.0
마라25aa86aa,0.0,0.0,0.0,0.0,0.0,0.0,0.0,0.0,0.0,3.1130760722045023,62.0
마라25aa86ab,0.0,0.0,0.0,0.0,0.0,0.0,0.0,0.0,0.0,3.1130760722045023,62.0
마라25aa86ba,0.0,0.0,0.0,0.0,0.0,0.0,0.0,0.0,0.0,3.1130760722045023,62.0
마라25aa86bb,0.0,0.0,0.0,0.0,0.0,0.0,0.0,0.0,0.0,3.1130760722045023,62.0
마라25aa87aa,0.0,0.0,0.0,0.0,0.0,0.0,0.0,0.2036368015,-0.01792736384115566,3.1879114840819356,664.0
마라25aa87ab,0.0,0.0,0.0,0.0,0.0,0.0,0.0,0.0,0.0,3.1130760722045023,62.0
마라25aa87ba,0.0,0.0,0.0,0.0,0.0,0.0,0.0,0.0,0.0,3.1130760722045023,62.0
마라25aa87bb,0.0,0.0,0.0,0.0,0.0,0.0,0.0,0.0,0.0,3.1130760722045023,62.0
마라25aa88aa,0.0,0.0,0.0,0.0,0.0,0.0,0.0,0.0,0.0,3.1130760722045023,62.0
마라25aa88ab,0.006622516556291391,0.0,0.0,0.0,0.0,0.0,0.0,0.0,-0.0006068141261048015,2.2628047968481355,74.0
마라25aa88ba,0.006622516556291391,0.0,0.0,0.0,0.0,0.0,0.0,0.0,-0.0006068141261048015,2.2628047968481355,74.0
마라25aa88bb,0.006622516556291391,0.0,0.0,0.0,0.0,0.0,0.0,0.0,-0.0006068141261048015,2.2628047968481355,74.0
마라25aa89aa,0.006622516556291391,0.0,0.0,0.0,0.0,0.0,0.0,0.0,-0.0006068141261048015,2.2628047968481355,74.0
마라25aa89ab,0.006622516556291391,0.0,0.0,0.0,0.0,0.0,0.0,0.0,-0.0006068141261048015,2.2628047968481355,74.0
마라25aa89ba,0.0,0.0,0.0,0.0,0.0,0.0,0.0,0.0,0.0,3.1130760722045023,62.0
마라25aa89bb,0.0,0.0,0.0,0.0,0.0,0.0,0.0,0.0,0.0,3.1130760722045023,62.0
마라25aa90ba,0.0,0.0,0.0,0.0,0.0,0.0,0.0,0.0,0.0,3.1130760722045023,62.0
마라25aa90bb,0.0,0.0,0.0,0.0,0.0,0.0030740854595757753,0.0,0.0,-0.00040431816892906564,3.1400062823452384,70.0
마라25aa91aa,0.0,0.0,0.0,0.0,0.0,0.0,0.0,0.0,0.0,3.1130760722045023,62.0
마라25aa91ab,0.0,0.0,0.0,0.0,0.0,0.0,0.0,0.0,0.0,3.1130760722045023,62.0
마라25aa91ba,0.0,0.0,0.0,0.0,0.0,0.0,0.0,0.0,0.0,3.1130760722045023,62.0
마라25aa91bb,0.0,0.0,0.0,0.0,0.0,0.0,0.0,0.0,0.0,3.1130760722045023,62.0
마라25aa92aa,0.0,0.0,0.0,0.0,0.0,0.0,0.0,0.0,0.0,3.1130760722045023,62.0
마라25aa92ab,0.052980132450331126,0.0,0.0,0.0,0.0,0.002459268367660621,0.0,0.0,-0.005177967543981665,2.195932978902596,233.0
마라25aa92ba,0.026490066225165563,0.0,0.0,0.0,0.0,0.006762988011066708,0.0,0.175,-0.018723051650082766,2.299279629536898,692.0
마라25aa93aa,0.2913907284768212,0.12,0.1,0.0,0.0,0.16261912081155855,0.0,0.1817618015,-0.07503425091653318,2.5022314669457524,1332.0
마라25aa93ab,0.09933774834437085,0.08,0.0,0.0,0.0,0.10728558253919458,0.0,0.0,-0.030509196845310498,6.9071871211562135,980.0
마라25aa93bb,0.13245033112582782,0.08,0.0,0.0,0.0,0.10943744236089763,0.0,0.0,-0.033826290194084854,2.3234069951212812,1034.0
마라25aa94aa,0.09271523178807947,0.32,0.0,0.0,0.11868131868131868,0.09283738087918844,0.0,0.0,-0.06400857200567334,3.3920352478972,1277.0
마라25aa94ab,0.019867549668874173,0.52,0.0,0.0,0.0,0.12542268675069165,0.0,0.0,-0.06574244924836181,2.2694744594957026,1285.0
마라25aa94ba,0.11258278145695365,0.04,0.0,0.125,0.09230769230769231,0.05502612972640639,0.0,0.10833333333333334,-0.03020187473824232,4.165396403860692,970.0
마라25aa94bb,0.006622516556291391,0.0,0.0,0.0,0.0,0.0030740854595757753,0.0,0.0,-0.0010111322950338672,2.399348841046791,84.0
마라25aa95aa,0.006622516556291391,0.04,0.0,0.0,0.0,0.023977866584691053,0.0,0.0,-0.007408636272808555,5.0296975415233405,304.0
마라25aa95ab,0.09271523178807947,0.68,0.0,0.0,0.0,0.3974792499231478,0.0,0.0,-0.12279212430196512,2.366789785687452,1478.0
마라25aa95ba,0.12582781456953643,0.2,0.1,0.0,0.0,0.1813710421149708,0.0,0.18256262041666668,-0.06969702032455799,0.6358499040641895,1305.0
마라25aa95bb,0.052980132450331126,0.32,0.0,0.125,0.0,0.2818936366430987,0.0,0.23886079,-0.0806269347444722,2.059030815729639,1363.0
마라25aa96aa,0.026490066225165563,0.08,0.0,0.0,0.0,0.07838917921918229,0.0,0.0,-0.020033650670224466,4.432711188307523,730.0
마라25aa96ab,0.019867549668874173,0.0,0.0,0.125,0.0,0.0,0.0,0.0,0.009696577330672107,2.6957821652199976,28.0
마라25aa96ba,0.0,0.0,0.0,0.0,0.0,0.0,0.0,0.2721339113333333,-0.023957573513496085,3.276006722177174,840.0
마라25aa96bb,0.013245033112582781,0.04,0.0,0.0,0.0,0.0,0.0,0.0,-0.0048617686812666445,4.765392064094696,223.0
마라25aa97aa,0.046357615894039736,0.0,0.0,0.0,0.0,0.12911158930218258,0.0,0.0,-0.021229061977754368,2.5684352494391844,764.0
마라25aa97ab,0.12582781456953643,0.0,0.0,0.0,0.0,0.08761143559790961,0.0,0.0,-0.023052536210469602,1.1015312597455453,808.0
마라25aa97ba,0.006622516556291391,0.0,0.0,0.125,0.0,0.0,0.0,0.0,0.01091020558288171,2.684748925061142,24.0
마라25aa97bb,0.0,0.0,0.0,0.0,0.0,0.0,0.0,0.0,0.0,3.1130760722045023,62.0
마라25aa98aa,0.0,0.04,0.0,0.0,0.0,0.0,0.0,0.0,-0.003648140429057041,7.341604299648257,193.0
마라25aa98ab,0.0,0.0,0.0,0.0,0.0,0.0,0.0,0.0,0.0,3.1130760722045023,62.0
마라25aa98ba,0.0,0.0,0.0,0.0,0.0,0.0,0.0,0.0,0.0,3.1130760722045023,62.0
마라25aa98bb,0.0,0.0,0.0,0.0,0.0,0.0,0.0,0.0,0.0,3.1130760722045023,62.0
마라25aa99aa,0.0,0.0,0.0,0.0,0.0,0.0,0.0,0.0,0.0,3.1130760722045023,62.0
마라25aa99ab,0.0,0.0,0.0,0.0,0.0,0.0,0.0,0.0,0.0,3.1130760722045023,62.0
마라25aa99ba,0.0,0.0,0.0,0.0,0.0,0.0,0.0,0.0,0.0,3.1130760722045023,62.0
마라25aa99bb,0.0,0.0,0.0,0.0,0.0,0.0,0.0,0.0,0.0,3.1130760722045023,62.0
마라25ab84bb,0.0,0.0,0.0,0.0,0.0,0.0,0.0,0.0,0.0,3.1130760722045023,62.0
마라25ab85aa,0.0,0.0,0.0,0.0,0.0,0.0,0.0,0.0,0.0,3.1130760722045023,62.0
마라25ab85ba,0.0,0.0,0.0,0.0,0.0,0.0,0.0,0.0,0.0,3.1130760722045023,62.0
마라25ab85bb,0.0,0.0,0.0,0.0,0.0,0.0,0.0,0.0,0.0,3.1130760722045023,62.0
마라25ab86aa,0.0,0.0,0.0,0.0,0.0,0.0,0.0,0.0,0.0,3.1130760722045023,62.0
마라25ab86ab,0.0,0.0,0.0,0.0,0.0,0.0,0.0,0.0,0.0,3.1130760722045023,62.0
마라25ab86ba,0.0,0.0,0.0,0.0,0.0,0.0,0.0,0.0,0.0,3.1130760722045023,62.0
마라25ab86bb,0.0,0.0,0.0,0.0,0.0,0.0,0.0,0.0,0.0,3.1130760722045023,62.0
마라25ab87aa,0.0,0.0,0.0,0.0,0.0,0.0,0.0,0.0,0.0,3.1130760722045023,62.0
마라25ab87ab,0.0,0.0,0.0,0.0,0.0,0.0,0.0,0.0,0.0,3.1130760722045023,62.0
마라25ab87ba,0.0,0.0,0.0,0.0,0.0,0.0,0.0,0.0,0.0,3.1130760722045023,62.0
마라25ab87bb,0.0,0.0,0.0,0.0,0.0,0.0,0.0,0.0,0.0,3.1130760722045023,62.0
마라25ab88aa,0.006622516556291391,0.0,0.0,0.0,0.0,0.0,0.0,0.0,-0.0006068141261048015,2.2628047968481355,74.0
마라25ab88ab,0.019867549668874173,0.0,0.0,0.0,0.0,0.0,0.0,0.0,-0.0018204423783144046,2.235757445615273,118.0
마라25ab88ba,0.0,0.0,0.0,0.0,0.0,0.0,0.0,0.0,0.0,3.1130760722045023,62.0
마라25ab88bb,0.006622516556291391,0.0,0.0,0.0,0.0,0.0,0.0,0.0,-0.0006068141261048015,2.2628047968481355,74.0
마라25ab89aa,0.0,0.0,0.0,0.0,0.0,0.0,0.0,0.0,0.0,3.1130760722045023,62.0
마라25ab89ab,0.0,0.0,0.0,0.0,0.0,0.0,0.0,0.0,0.0,3.1130760722045023,62.0
마라25ab89ba,0.0,0.0,0.0,0.0,0.0,0.0,0.0,0.0,0.0,3.1130760722045023,62.0
마라25ab91aa,0.0,0.0,0.0,0.0,0.0,0.0,0.0,0.0,0.0,3.1130760722045023,62.0
마라25ab91ab,0.033112582781456956,0.0,0.0,0.0,0.0,0.0,0.0,0.0,-0.003034070630524008,2.4791925079025385,171.0
마라25ab91ba,0.0,0.0,0.0,0.0,0.0,0.0,0.0,0.0,0.0,3.1130760722045023,62.0
마라25ab91bb,0.006622516556291391,0.0,0.0,0.0,0.0,0.0,0.0,0.0,-0.0006068141261048015,2.2628047968481355,74.0
마라25ab92aa,0.08609271523178808,0.0,0.0,0.0,0.0,0.012603750384260681,0.0,0.0,-0.009546288131971588,7.114265336664496,374.0
마라25ab92ab,0.019867549668874173,0.04,0.0,0.0,0.04395604395604395,0.010451890562557638,0.0,0.0,-0.012072020917319898,4.949750904391195,452.0
마라25ab92ba,0.013245033112582781,0.0,0.0,0.0,0.0,0.0,0.0,0.0,-0.001213628252209603,2.2845975411154673,93.0
마라25ab92bb,0.052980132450331126,0.04,0.0,0.0,0.0,0.1377190285889948,0.0,0.0,-0.026616107405917598,3.667609432479403,904.0
마라25ab93aa,0.2582781456953642,0.28,0.0,0.0,0.0,0.15985244389794034,0.0,0.0,-0.07022727870579797,0.7464151404151402,1306.0
마라25ab93ab,0.5364238410596026,0.12,0.0,0.0,0.0,0.1746080541039041,0.11658031088082901,0.0,-0.07140978784266376,3.572179690679693,1309.0
마라25ab93ba,0.07947019867549669,0.0,0.0,0.0,0.0,0.03504457423916384,0.0,0.2731382466666667,-0.0359369877902538,3.457546259220024,1055.0
마라25ab93bb,0.4503311258278146,0.04,0.0,0.125,0.0,0.0562557639102367,0.0,0.0,-0.040793503786598934,5.100108087679522,1110.0
마라25ab94aa,0.23841059602649006,0.04,0.0,0.0,0.0,0.003996311097448509,0.0,0.0,-0.02601906258843768,3.642527763242049,892.0
마라25ab94ab,0.09271523178807947,0.08,0.0,0.0,0.0,0.12480786965877651,0.0,0.0,-0.03220699628210137,5.9530430284764115,1006.0
마라25ab94ba,0.2980132450331126,0.0,0.0,0.125,0.05934065934065934,0.10759299108515216,0.05181347150259068,0.23294797691666666,-0.05232877475681846,4.167717671217674,1205.0
마라25ab94bb,0.1986754966887417,0.24,0.0,0.0,0.0,0.1620043037196434,0.0,0.2852902215833333,-0.08651663593990117,1.351833420547705,1395.0
마라25ab95aa,0.013245033112582781,0.0,0.0,0.0,0.0,0.013525976022133415,0.0,0.0,-0.002992628195497492,2.8018516681848977,168.0
마라25ab95ab,0.046357615894039736,0.2,0.0,0.0,0.0,0.04518905625576391,0.0,0.0,-0.02843187811127608,2.519664551005537,941.0
마라25ab95ba,0.033112582781456956,0.0,0.0,0.0,0.0,0.0,0.0,0.0,-0.003034070630524008,2.4791925079025385,171.0
마라25ab95bb,0.0,0.0,0.0,0.0,0.0,0.0,0.0,0.0,0.0,3.1130760722045023,62.0
마라25ab96aa,0.0,0.0,0.0,0.0,0.0,0.0,0.0,0.0,0.0,3.1130760722045023,62.0
마라25ab96ab,0.0,0.0,0.0,0.0,0.0,0.0,0.0,0.0,0.0,3.1130760722045023,62.0
마라25ab96ba,0.0,0.0,0.0,0.0,0.0,0.0,0.0,0.0,0.0,3.1130760722045023,62.0
마라25ab97aa,0.013245033112582781,0.0,0.0,0.0,0.0,0.0,0.0,0.0,-0.001213628252209603,2.2845975411154673,93.0
마라25ab97ab,0.0,0.0,0.0,0.0,0.0,0.0,0.0,0.0,0.0,3.1130760722045023,62.0
마라25ab97ba,0.0,0.0,0.0,0.0,0.0,0.0,0.0,0.0,0.0,3.1130760722045023,62.0
마라25ab97bb,0.0,0.0,0.0,0.0,0.0,0.0,0.0,0.0,0.0,3.1130760722045023,62.0
마라25ab98aa,0.0,0.0,0.0,0.0,0.0,0.0,0.0,0.0,0.0,3.1130760722045023,62.0
마라25ab98ab,0.0,0.0,0.0,0.0,0.0,0.0,0.0,0.0,0.0,3.1130760722045023,62.0
마라25ab98ba,0.0,0.0,0.0,0.0,0.0,0.0,0.0,0.0,0.0,3.1130760722045023,62.0
마라25ab98bb,0.0,0.0,0.0,0.0,0.0,0.0,0.0,0.0,0.0,3.1130760722045023,62.0
마라25ab99aa,0.0,0.0,0.0,0.0,0.0,0.0,0.0,0.0,0.0,3.1130760722045023,62.0
마라25ab99ab,0.0,0.0,0.0,0.0,0.0,0.0,0.0,0.0,0.0,3.1130760722045023,62.0
마라25ab99ba,0.0,0.0,0.0,0.0,0.0,0.0,0.0,0.0,0.0,3.1130760722045023,62.0
마라25ab99bb,0.0,0.0,0.0,0.0,0.0,0.0,0.0,0.0,0.0,3.1130760722045023,62.0
마라25ba85bb,0.0,0.0,0.0,0.0,0.0,0.0,0.0,0.0,0.0,3.1130760722045023,62.0
마라25ba86aa,0.0,0.0,0.0,0.0,0.0,0.0,0.0,0.0,0.0,3.1130760722045023,62.0
마라25ba86ab,0.0,0.0,0.0,0.0,0.0,0.0,0.0,0.0,0.0,3.1130760722045023,62.0
마라25ba86bb,0.0,0.0,0.0,0.0,0.0,0.0,0.0,0.0,0.0,3.1130760722045023,62.0
마라25ba87aa,0.0,0.0,0.0,0.0,0.0,0.0,0.0,0.0,0.0,3.1130760722045023,62.0
마라25ba87ab,0.0,0.0,0.0,0.0,0.0,0.0,0.0,0.0,0.0,3.1130760722045023,62.0
마라25ba87ba,0.0,0.0,0.0,0.0,0.0,0.0,0.0,0.0,0.0,3.1130760722045023,62.0
마라25ba87bb,0.0,0.0,0.0,0.0,0.0,0.0,0.0,0.0,0.0,3.1130760722045023,62.0
마라25ba88aa,0.006622516556291391,0.0,0.0,0.0,0.0,0.0,0.0,0.0,-0.0006068141261048015,2.2628047968481355,74.0
마라25ba88ab,0.006622516556291391,0.0,0.0,0.0,0.0,0.0,0.0,0.0,-0.0006068141261048015,2.2628047968481355,74.0
마라25ba88ba,0.013245033112582781,0.0,0.0,0.0,0.0,0.0,0.0,0.0,-0.001213628252209603,2.2845975411154673,93.0
마라25ba91ab,0.0,0.0,0.0,0.0,0.0,0.0,0.0,0.0,0.0,3.1130760722045023,62.0
마라25ba91ba,0.0,0.0,0.0,0.0,0.0,0.0,0.0,0.0,0.0,3.1130760722045023,62.0
마라25ba91bb,0.0,0.0,0.0,0.0,0.0,0.0027666769136181985,0.0,0.0,-0.0003638863520361592,3.1400062823452384,69.0
마라25ba92aa,0.013245033112582781,0.0,0.0,0.0,0.0,0.0,0.0,0.0,-0.001213628252209603,2.2845975411154673,93.0
마라25ba92ab,0.0,0.0,0.0,0.0,0.0,0.0030740854595757753,0.0,0.0,-0.00040431816892906564,3.1400062823452384,70.0
마라25ba92ba,0.0,0.0,0.0,0.0,0.0,0.0,0.0,0.0,0.0,3.1130760722045023,62.0
마라25ba92bb,0.052980132450331126,0.0,0.0,0.0,0.0,0.0,0.0,0.11666666666666667,-0.015125376458184823,2.031109212547407,563.0
마라25ba93aa,0.12582781456953643,0.12,0.0,0.0,0.0,0.008607439286812174,0.0,0.0,-0.023605980556163735,3.034167518988947,827.0
마라25ba93ab,0.6688741721854304,0.04,0.0,0.0,0.0,0.11712265600983707,0.0,0.0,-0.0803408894018394,2.8270056107913266,1362.0
마라25ba93ba,0.9470198675496688,0.08,0.0,0.0,0.0,0.11865969873962495,0.0,0.0,-0.10967738221176263,2.5660007267864415,1455.0
마라25ba93bb,0.7019867549668874,0.4,0.0,0.0,0.0,0.08822625268982477,0.0,0.0,-0.11240763310594355,1.5310322693179834,1463.0
마라25ba94aa,0.6622516556291391,0.2,0.0,0.125,0.0,0.04949277589916999,0.018134715025906738,0.0,-0.07210210762033302,4.102271062271069,1314.0
마라25ba94ab,0.48344370860927155,0.04,0.0,0.125,0.0,0.06271134337534583,0.0,0.0,-0.04467664257187398,5.233417000988435,1152.0
마라25ba94ba,0.4105960264900662,0.0,0.0,0.0,0.0,0.0740854595757762,0.0,0.07461464354166666,-0.05393531639087202,0.9447048797763087,1221.0
마라25ba94bb,0.059602649006622516,0.0,0.0,0.125,0.0,0.13618198585920688,0.0,0.0,-0.011855602309514312,2.8735380607264203,447.0
마라25ba95aa,0.033112582781456956,0.08,0.0,0.0,0.0,0.07285582539194589,0.0,0.0,-0.019912692092256948,4.5291135992956955,727.0
마라25ba95ab,0.0,0.0,0.0,0.0,0.0,0.0,0.0,0.14583333333333334,-0.012838579311683014,3.056487806668868,485.0
마라25ba95ba,0.0,0.0,0.0,0.0,0.0,0.0,0.0,0.0,0.0,3.1130760722045023,62.0
마라25ba95bb,0.0,0.0,0.0,0.0,0.0,0.0,0.0,0.0,0.0,3.1130760722045023,62.0
마라25ba96aa,0.0,0.0,0.0,0.0,0.0,0.0,0.0,0.0,0.0,3.1130760722045023,62.0
마라25ba96ab,0.0,0.0,0.0,0.0,0.0,0.0,0.0,0.0,0.0,3.1130760722045023,62.0
마라25ba96ba,0.0,0.0,0.0,0.0,0.0,0.0,0.0,0.0,0.0,3.1130760722045023,62.0
마라25ba96bb,0.0,0.0,0.0,0.0,0.0,0.0,0.0,0.5833333333333334,-0.051354317246732055,3.276006722177174,1201.0
마라25ba97aa,0.0,0.0,0.0,0.0,0.0,0.0,0.0,0.0,0.0,3.1130760722045023,62.0
마라25ba97ab,0.0,0.0,0.0,0.0,0.0,0.0,0.0,0.0,0.0,3.1130760722045023,62.0
마라25ba97ba,0.0,0.0,0.0,0.0,0.0,0.0,0.0,0.0,0.0,3.1130760722045023,62.0
마라25ba97bb,0.0,0.0,0.0,0.0,0.0,0.0,0.0,0.0,0.0,3.1130760722045023,62.0
마라25ba98aa,0.0,0.0,0.0,0.0,0.0,0.0,0.0,0.0,0.0,3.1130760722045023,62.0
마라25ba98ab,0.0,0.0,0.0,0.0,0.0,0.0,0.0,0.0,0.0,3.1130760722045023,62.0
마라25ba98ba,0.0,0.0,0.0,0.0,0.0,0.0,0.0,0.0,0.0,3.1130760722045023,62.0
마라25ba98bb,0.0,0.0,0.0,0.0,0.0,0.0,0.0,0.0,0.0,3.1130760722045023,62.0
마라25ba99aa,0.0,0.0,0.0,0.0,0.0,0.0,0.0,0.0,0.0,3.1130760722045023,62.0
마라25ba99ab,0.0,0.0,0.0,0.0,0.0,0.0,0.0,0.0,0.0,3.1130760722045023,62.0
마라25ba99ba,0.033112582781456956,0.0,0.0,0.0,0.0,0.0,0.0,0.0,-0.003034070630524008,2.4791925079025385,171.0
마라25ba99bb,0.026490066225165563,0.0,0.0,0.0,0.0,0.0,0.0,0.0,-0.002427256504419206,2.235757445615273,144.0
마라25bb85ba,0.0,0.0,0.0,0.0,0.0,0.0,0.0,0.0,0.0,3.1130760722045023,62.0
마라25bb85bb,0.0,0.0,0.0,0.0,0.0,0.0,0.0,0.0,0.0,3.1130760722045023,62.0
마라25bb86aa,0.0,0.0,0.0,0.0,0.0,0.0,0.0,0.0,0.0,3.1130760722045023,62.0
마라25bb87aa,0.0,0.0,0.0,0.0,0.0,0.0,0.0,0.0,0.0,3.1130760722045023,62.0
마라25bb88aa,0.0,0.0,0.0,0.0,0.0,0.0,0.0,0.0,0.0,3.1130760722045023,62.0
마라25bb88ab,0.0,0.0,0.0,0.0,0.0,0.0,0.0,0.0,0.0,3.1130760722045023,62.0
마라25bb91ab,0.0,0.0,0.0,0.0,0.0,0.0,0.0,0.0,0.0,3.1130760722045023,62.0
마라25bb91ba,0.0,0.0,0.0,0.0,0.0,0.0,0.0,0.0,0.0,3.1130760722045023,62.0
마라25bb91bb,0.0,0.0,0.0,0.0,0.0,0.0,0.0,0.0,0.0,3.1130760722045023,62.0
마라25bb92aa,0.0,0.0,0.0,0.0,0.0,0.0,0.0,0.0,0.0,3.1130760722045023,62.0
마라25bb92ab,0.0,0.0,0.0,0.0,0.0,0.0,0.0,0.0,0.0,3.1130760722045023,62.0
마라25bb92ba,0.0,0.0,0.0,0.0,0.0,0.0,0.0,0.0,0.0,3.1130760722045023,62.0
마라25bb92bb,0.019867549668874173,0.0,0.0,0.0,0.0,0.0,0.0,0.09166666666666666,-0.009890406517086583,2.126716526989305,381.0
마라25bb93ab,0.5894039735099338,0.16,0.0,0.0,0.0,0.27820473409160773,0.0,0.0,-0.10518981322763596,0.9118900226757372,1446.0
마라25bb93ba,0.7549668874172185,0.08,0.0,0.25,0.0,0.05010759299108515,0.0,0.20910404624999998,-0.07843811601882847,5.623076923076926,1350.0
마라25bb93bb,0.5364238410596026,0.2,0.0,0.125,0.0,0.0863818014140793,0.0,0.3700927264166667,-0.09981844025445352,3.6530714285714314,1432.0
마라25bb94aa,1.0,0.12,0.0,0.125,0.4065934065934066,0.05256686135874577,0.0,0.0,-0.14633617141290076,4.687952410023843,1519.0
마라25bb94ab,0.40397350993377484,0.16,0.0,0.125,0.06153846153846154,0.09252997233323086,0.12435233160621761,0.0,-0.0471527998231132,4.287802197802203,1172.0
마라25bb94ba,0.18543046357615894,0.04,0.0,0.125,0.0,0.10267445434983093,0.0,0.24910886316666667,-0.04455668410129365,5.460191086691091,1150.0
마라25bb94bb,0.23178807947019867,0.12,0.0,0.0,0.0,0.170304334460498,0.0,0.0,-0.054582142259509414,1.9662498982498988,1223.0
마라25bb95aa,0.09271523178807947,0.2,0.0,0.0,0.0,0.11128189363664309,0.0,0.0,-0.041372417625984606,2.93283320126658,1115.0
마라25bb95ab,0.006622516556291391,0.0,0.0,0.0,0.0,0.0,0.0,0.0,-0.0006068141261048015,2.2628047968481355,74.0
마라25bb95ba,0.0,0.0,0.0,0.0,0.0,0.0,0.0,0.0,0.0,3.1130760722045023,62.0
마라25bb95bb,0.0,0.0,0.0,0.0,0.0,0.0,0.0,0.0,0.0,3.1130760722045023,62.0
마라25bb96aa,0.0,0.0,0.0,0.0,0.0,0.0,0.0,0.0,0.0,3.1130760722045023,62.0
마라25bb96ab,0.0,0.0,0.0,0.0,0.0,0.0,0.0,0.0,0.0,3.1130760722045023,62.0
마라25bb96ba,0.0,0.0,0.0,0.0,0.0,0.0,0.0,0.0,0.0,3.1130760722045023,62.0
마라25bb96bb,0.0,0.0,0.0,0.0,0.0,0.0,0.0,0.0,0.0,3.1130760722045023,62.0
마라25bb97aa,0.0,0.0,0.0,0.0,0.0,0.0,0.0,0.0,0.0,3.1130760722045023,62.0
마라25bb97ab,0.0,0.0,0.0,0.0,0.0,0.0,0.0,0.0,0.0,3.1130760722045023,62.0
마라25bb97ba,0.0,0.0,0.0,0.0,0.0,0.0,0.0,0.0,0.0,3.1130760722045023,62.0
마라25bb97bb,0.0,0.0,0.0,0.0,0.0,0.0,0.0,0.0,0.0,3.1130760722045023,62.0
마라25bb98aa,0.0,0.0,0.0,0.0,0.0,0.0,0.0,0.0,0.0,3.1130760722045023,62.0
마라25bb98ab,0.0,0.0,0.0,0.0,0.0,0.0,0.0,0.0,0.0,3.1130760722045023,62.0
마라25bb98ba,0.0,0.0,0.0,0.0,0.0,0.0,0.0,0.0,0.0,3.1130760722045023,62.0
마라25bb98bb,0.0,0.0,0.0,0.0,0.0,0.0,0.0,0.0,0.0,3.1130760722045023,62.0
마라25bb99aa,0.0,0.0,0.0,0.0,0.0,0.0,0.0,0.0,0.0,3.1130760722045023,62.0
마라25bb99ab,0.0728476821192053,0.0,0.0,0.0,0.0,0.0,0.0,0.0,-0.0066749553871528165,2.317230044652193,286.0
마라25bb99ba,0.08609271523178808,0.0,0.0,0.0,0.0,0.004303719643406086,0.0,0.0,-0.008454629075863111,7.114265336664496,337.0
마라25bb99bb,0.11920529801324503,0.0,0.0,0.0,0.0,0.0021518598217030436,0.0,0.0,-0.011205676988136772,1.1335831522974378,427.0
마라26aa91bb,0.019867549668874173,0.0,0.0,0.0,0.0,0.0,0.0,0.0,-0.0018204423783144046,2.235757445615273,118.0
마라26aa92aa,0.006622516556291391,0.0,0.0,0.0,0.0,0.0,0.0,0.39166666666666666,-0.03508756999176775,2.667098916700048,1047.0
마라26aa92ab,0.013245033112582781,0.04,0.0,0.0,0.0,0.0,0.0,0.0,-0.0048617686812666445,4.765392064094696,223.0
마라26aa92ba,0.0,0.0,0.0,0.0,0.0,0.0,0.0,0.0,0.0,3.1130760722045023,62.0
마라26aa92bb,0.006622516556291391,0.0,0.0,0.0,0.0,0.0,0.0,0.18319484583333334,-0.016734550521918235,2.2060461515044403,618.0
마라26aa93aa,0.019867549668874173,0.08,0.0,0.0,0.5362637362637362,0.10513372271749154,0.0,0.13361030824999998,-0.09849774532051743,4.275044885801423,1429.0
마라26aa93ab,0.5231788079470199,0.32,0.1,0.125,0.0,0.06363356901321857,0.34196891191709844,0.0,-0.03979704679702362,4.115023199023203,1098.0
마라26aa93ba,0.5298013245033113,0.2,0.0,0.25,0.0,0.09683369197663695,0.0,0.17577071291666665,-0.07196196077205919,2.9376404151404176,1312.0
마라26aa93bb,0.12582781456953643,0.04,0.0,0.125,0.0,0.09898555179833998,0.0,0.26666666666666666,-0.040155893468369466,5.198940447119022,1103.0
마라26aa94aa,0.33774834437086093,0.04,0.0,0.0,0.0,0.08484475868429142,0.0,0.0,-0.04575484232284413,3.8688504564218884,1158.0
마라26aa94ab,0.07947019867549669,0.04,0.0,0.125,0.0,0.06885951429449738,0.0,0.0,-0.008469617217339218,7.009781541616707,338.0
마라26aa94ba,0.2185430463576159,0.28,0.1,0.0,0.0,0.23240086074392866,0.0,0.15169797691666667,-0.08948318164835099,0.6369653758939471,1407.0
마라26aa94bb,0.09271523178807947,0.48,0.0,0.0,0.0,0.2563787273286197,0.0,0.0,-0.08599321820283579,2.018084046981712,1392.0
마라26aa95aa,0.052980132450331126,0.0,0.0,0.0,0.0,0.0018444512757454655,0.0,0.0,-0.005097103910195851,2.1621009449159505,229.0
마라26aa95ab,0.0,0.0,0.0,0.0,0.0,0.0,0.0,0.0,0.0,3.1130760722045023,62.0
마라26aa95ba,0.0,0.0,0.0,0.0,0.0,0.0,0.0,0.0,0.0,3.1130760722045023,62.0
마라26aa95bb,0.0,0.0,0.0,0.0,0.0,0.0,0.0,0.0,0.0,3.1130760722045023,62.0
마라26aa96aa,0.0,0.0,0.0,0.0,0.0,0.0,0.0,0.0,0.0,3.1130760722045023,62.0
마라26aa96ab,0.0,0.0,0.0,0.0,0.0,0.0,0.0,0.0,0.0,3.1130760722045023,62.0
마라26aa96ba,0.0,0.0,0.0,0.0,0.0,0.0,0.0,0.0,0.0,3.1130760722045023,62.0
마라26aa96bb,0.0,0.0,0.0,0.0,0.0,0.0,0.0,0.0,0.0,3.1130760722045023,62.0
마라26aa97aa,0.0,0.0,0.0,0.0,0.0,0.0,0.0,0.0,0.0,3.1130760722045023,62.0
마라26aa97ab,0.0,0.0,0.0,0.0,0.0,0.0,0.0,0.0,0.0,3.1130760722045023,62.0
마라26aa97ba,0.0,0.0,0.0,0.0,0.0,0.0,0.0,0.0,0.0,3.1130760722045023,62.0
마라26aa97bb,0.0,0.0,0.0,0.0,0.0,0.0,0.0,0.0,0.0,3.1130760722045023,62.0
마라26aa98aa,0.0,0.0,0.0,0.0,0.0,0.0,0.0,0.0,0.0,3.1130760722045023,62.0
마라26aa98ab,0.0,0.0,0.0,0.0,0.0,0.0,0.0,0.0,0.0,3.1130760722045023,62.0
마라26aa98ba,0.026490066225165563,0.0,0.0,0.0,0.0,0.002459268367660621,0.0,0.0,-0.0027507110395624586,2.362780732793172,157.0
마라26aa98bb,0.052980132450331126,0.0,0.0,0.0,0.0,0.003996311097448509,0.0,0.0,-0.005380126628446198,2.4620480392552273,239.0
마라26aa99aa,0.2185430463576159,0.0,0.0,0.0,0.0,0.0,0.0,0.0,-0.02002486616145845,1.202700344628916,729.0
마라26aa99ab,0.046357615894039736,0.04,0.0,0.0,0.0,0.0,0.0,0.0,-0.00789583931179065,4.425901268121285,321.0
마라26aa99ba,0.06622516556291391,0.0,0.0,0.0,0.0,0.0,0.0,0.0,-0.006068141261048016,2.23893334135549,266.0
마라26aa99bb,0.013245033112582781,0.0,0.0,0.0,0.0,0.0,0.0,0.0,-0.001213628252209603,2.2845975411154673,93.0
마라26ab91bb,0.046357615894039736,0.12,0.0,0.0,0.0,0.009529664924684905,0.0,0.0,-0.016445506493584835,4.2071451150508015,610.0
마라26ab92aa,0.10596026490066225,0.16,0.0,0.0,0.0,0.005840762373193974,0.0,0.0,-0.025069792254870212,3.4503075311694817,875.0
마라26ab92ab,0.013245033112582781,0.0,0.0,0.0,0.0,0.0,0.0,0.0,-0.001213628252209603,2.2845975411154673,93.0
마라26ab92ba,0.0,0.0,0.0,0.0,0.0,0.0,0.0,0.0,0.0,3.1130760722045023,62.0
마라26ab92bb,0.0,0.0,0.0,0.0,0.0,0.0,0.0,0.0,0.0,3.1130760722045023,62.0
마라26ab93aa,0.006622516556291391,0.0,0.0,0.0,1.0,0.0,0.0,0.2916666666666667,-0.1452381793841349,2.5327824081320474,1517.0
마라26ab93ba,0.1456953642384106,0.16,0.0,0.0,0.0,0.23516753765754686,0.0,0.28123795758333336,-0.08363186949170585,1.2110361067503914,1379.0
마라26ab93bb,0.039735099337748346,0.2,0.0,0.25,0.0,0.17737473101752227,0.0,0.30833333333333335,-0.0493211306615636,2.416858662384409,1185.0
마라26ab94aa,0.1986754966887417,0.2,0.0,0.0,0.0,0.1469412849677221,0.0,0.31837066475,-0.08379960546545198,1.4215709052851901,1380.0
마라26ab94ab,0.1390728476821192,0.24,0.0,0.0,0.0,0.21918229326775282,0.0,0.0,-0.06345982466718546,0.46711111111111053,1274.0
마라26ab94ba,0.10596026490066225,0.04,0.0,0.0,0.0,0.14755610205963726,0.0,0.2717967245,-0.05669232749806439,3.773729614783875,1239.0
마라26ab94bb,0.006622516556291391,0.04,0.0,0.0,0.0,0.019981555487242543,0.0,0.0,-0.00688302265320077,5.0296975415233405,290.0
마라26ab95aa,0.0,0.0,0.0,0.0,0.0,0.0,0.0,0.0,0.0,3.1130760722045023,62.0
마라26ab95ab,0.026490066225165563,0.0,0.0,0.0,0.0,0.0,0.0,0.0,-0.002427256504419206,2.235757445615273,144.0
마라26ab95ba,0.013245033112582781,0.0,0.0,0.0,0.0,0.0,0.0,0.0,-0.001213628252209603,2.2845975411154673,93.0
마라26ab95bb,0.0,0.0,0.0,0.0,0.0,0.0,0.0,0.0,0.0,3.1130760722045023,62.0
마라26ab96aa,0.0,0.0,0.0,0.0,0.0,0.0,0.0,0.12182080925,-0.010724613403676794,3.056487806668868,412.0
마라26ab96ab,0.0,0.0,0.0,0.0,0.0,0.0,0.0,0.0,0.0,3.1130760722045023,62.0
마라26ab96ba,0.0,0.0,0.0,0.0,0.0,0.0,0.0,0.0,0.0,3.1130760722045023,62.0
마라26ab96bb,0.0,0.0,0.0,0.0,0.0,0.0,0.0,0.0,0.0,3.1130760722045023,62.0
마라26ab97aa,0.0,0.0,0.0,0.0,0.0,0.0,0.0,0.0,0.0,3.1130760722045023,62.0
마라26ab97ab,0.0,0.0,0.0,0.0,0.0,0.0,0.0,0.0,0.0,3.1130760722045023,62.0
마라26ab97ba,0.0,0.0,0.0,0.0,0.0,0.0,0.0,0.0,0.0,3.1130760722045023,62.0
마라26ab97bb,0.0,0.0,0.0,0.0,0.0,0.0,0.0,0.0,0.0,3.1130760722045023,62.0
마라26ab98aa,0.0,0.0,0.0,0.0,0.0,0.0,0.0,0.0,0.0,3.1130760722045023,62.0
마라26ab98ab,0.0,0.0,0.0,0.0,0.0,0.0,0.0,0.0,0.0,3.1130760722045023,62.0
마라26ab98ba,0.11920529801324503,0.0,0.0,0.0,0.0,0.005840762373193974,0.0,0.0,-0.011690858790851652,1.0726569356569355,442.0
마라26ab98bb,0.09271523178807947,0.0,0.0,0.0,0.0,0.0,0.0,0.0,-0.008495397765467221,8.159066350363856,340.0
마라26ab99aa,0.013245033112582781,0.04,0.0,0.0,0.0,0.0,0.0,0.0,-0.0048617686812666445,4.765392064094696,223.0
마라26ab99ab,0.026490066225165563,0.0,0.0,0.0,0.0,0.0,0.0,0.0,-0.002427256504419206,2.235757445615273,144.0
마라26ab99ba,0.0,0.0,0.0,0.0,0.0,0.005225945281278819,0.0,0.0,-0.0006873408871794117,3.207509079001135,76.0
마라26ab99bb,0.0,0.0,0.0,0.0,0.0,0.0,0.0,0.0,0.0,3.1130760722045023,62.0
마라26ba91bb,0.019867549668874173,0.0,0.0,0.0,0.0,0.0,0.0,0.0,-0.0018204423783144046,2.235757445615273,118.0
마라26ba92aa,0.0,0.0,0.0,0.0,0.0,0.0,0.0,0.0,0.0,3.1130760722045023,62.0
마라26ba92ab,0.0,0.0,0.0,0.0,0.0,0.0,0.0,0.0,0.0,3.1130760722045023,62.0
마라26ba92ba,0.0,0.0,0.0,0.0,0.0,0.0,0.0,0.0,0.0,3.1130760722045023,62.0
마라26ba92bb,0.0,0.0,0.0,0.0,0.0,0.0,0.0,0.0,0.0,3.1130760722045023,62.0
마라26ba93aa,0.0728476821192053,0.0,0.0,0.0,0.0,0.0,0.0,0.1906189788333333,-0.023456282551018705,2.298635292054579,824.0
마라26ba93ba,0.039735099337748346,0.16,0.0,0.0,0.0,0.07654472794343682,0.0,0.0,-0.02830096887919071,2.8318872499899395,937.0
마라26ba93bb,0.059602649006622516,0.04,0.0,0.0,0.0,0.13126344912388563,0.0,0.0,-0.026373853377271363,3.7331622407822107,899.0
마라26ba94aa,0.2251655629139073,0.04,0.2,0.0,0.0,0.20073778051029817,0.0,0.0,-0.05068179714768828,2.3549118553404265,1195.0
마라26ba94ab,0.013245033112582781,0.0,0.0,0.0,0.0,0.018751921303412234,0.0,0.0,-0.003679969082676904,2.8018516681848977,194.0
마라26ba94ba,0.0,0.0,0.0,0.0,0.0,0.0,0.0,0.0,0.0,3.1130760722045023,62.0
마라26ba94bb,0.0,0.0,0.0,0.0,0.0,0.0,0.0,0.0,0.0,3.1130760722045023,62.0
마라26ba95aa,0.0,0.0,0.0,0.0,0.0,0.0,0.0,0.0,0.0,3.1130760722045023,62.0
마라26ba95ab,0.0,0.0,0.0,0.0,0.0,0.0,0.0,0.0,0.0,3.1130760722045023,62.0
마라26ba95ba,0.0,0.0,0.0,0.0,0.0,0.0,0.0,0.0,0.0,3.1130760722045023,62.0
마라26ba95bb,0.0,0.0,0.0,0.0,0.0,0.0,0.0,0.0,0.0,3.1130760722045023,62.0
마라26ba96aa,0.006622516556291391,0.0,0.0,0.0,0.0,0.0,0.0,0.0,-0.0006068141261048015,2.2628047968481355,74.0
마라26ba96ab,0.0,0.0,0.0,0.0,0.0,0.0,0.0,0.0,0.0,3.1130760722045023,62.0
마라26ba96ba,0.0,0.0,0.0,0.0,0.0,0.0,0.0,0.0,0.0,3.1130760722045023,62.0
마라26ba96bb,0.0,0.0,0.0,0.0,0.0,0.0,0.0,0.0,0.0,3.1130760722045023,62.0
마라26ba97aa,0.0,0.0,0.0,0.0,0.0,0.0,0.0,0.0,0.0,3.1130760722045023,62.0
마라26ba97ab,0.0,0.0,0.0,0.0,0.0,0.0,0.0,0.0,0.0,3.1130760722045023,62.0
마라26ba97ba,0.0,0.0,0.0,0.0,0.0,0.0,0.0,0.0,0.0,3.1130760722045023,62.0
마라26ba97bb,0.0,0.0,0.0,0.0,0.0,0.0,0.0,0.0,0.0,3.1130760722045023,62.0
마라26ba98aa,0.0,0.0,0.0,0.0,0.0,0.0,0.0,0.0,0.0,3.1130760722045023,62.0
마라26ba98ab,0.0,0.0,0.0,0.0,0.0,0.0,0.0,0.0,0.0,3.1130760722045023,62.0
마라26ba98ba,0.0,0.0,0.0,0.0,0.0,0.0,0.0,0.0,0.0,3.1130760722045023,62.0
마라26ba98bb,0.0,0.0,0.0,0.0,0.0,0.0,0.0,0.0,0.0,3.1130760722045023,62.0
마라26ba99aa,0.0,0.0,0.0,0.0,0.0,0.0,0.0,0.0,0.0,3.1130760722045023,62.0
마라26ba99ab,0.0,0.0,0.0,0.0,0.0,0.0,0.0,0.0,0.0,3.1130760722045023,62.0
마라26ba99ba,0.152317880794702,0.0,0.0,0.0,0.0,0.006762988011066708,0.0,0.0,-0.014846224872054378,1.0698785235928092,554.0
마라26ba99bb,0.013245033112582781,0.0,0.0,0.0,0.0,0.005533353827236397,0.0,0.0,-0.0019414009562819215,2.521528542959531,123.0
마라26bb91bb,0.0,0.0,0.0,0.0,0.0,0.0,0.0,0.0,0.0,3.1130760722045023,62.0
마라26bb92aa,0.0,0.0,0.0,0.0,0.0,0.0,0.0,0.0,0.0,3.1130760722045023,62.0
마라26bb92ab,0.0,0.0,0.0,0.0,0.0,0.0,0.0,0.0,0.0,3.1130760722045023,62.0
마라26bb92ba,0.0,0.0,0.0,0.0,0.0,0.0,0.0,0.0,0.0,3.1130760722045023,62.0
마라26bb92bb,0.0,0.0,0.0,0.0,0.0,0.0,0.0,0.0,0.0,3.1130760722045023,62.0
마라26bb93aa,0.033112582781456956,0.0,0.0,0.0,0.0,0.0,0.0,0.0,-0.003034070630524008,2.4791925079025385,171.0
마라26bb93ab,0.3841059602649007,0.04,0.2,0.0,0.0,0.085152167230249,0.0,0.4125072254166666,-0.08635844774352786,5.306811093668242,1394.0
마라26bb93ba,0.4304635761589404,0.52,0.5,0.0,0.0,0.3110974485090685,0.0,0.0,-0.12778574247017507,0.9780072387929528,1491.0
마라26bb93bb,0.271523178807947,0.16,0.0,0.0,0.0,0.24592683676606208,0.0,0.0,-0.07181739440085028,0.8908063840920981,1311.0
마라26bb94aa,0.25165562913907286,0.4,0.0,0.0,0.0,0.2111896710728558,0.0,0.42914258191666665,-0.12509698379511716,1.5357986220129078,1484.0
마라26bb94ab,0.026490066225165563,0.0,0.0,0.0,0.0,0.04242237934214571,0.0,0.0,-0.008006847235640314,2.7670818093263687,324.0
마라26bb94ba,0.0,0.0,0.0,0.0,0.0,0.0,0.0,0.0,0.0,3.1130760722045023,62.0
마라26bb94bb,0.0,0.0,0.0,0.0,0.0,0.0,0.0,0.0,0.0,3.1130760722045023,62.0
마라26bb95aa,0.0,0.0,0.0,0.0,0.0,0.0,0.0,0.0,0.0,3.1130760722045023,62.0
마라26bb95ab,0.0,0.0,0.0,0.0,0.0,0.0,0.0,0.0,0.0,3.1130760722045023,62.0
마라26bb95ba,0.0,0.0,0.0,0.0,0.0,0.0,0.0,0.0,0.0,3.1130760722045023,62.0
마라26bb95bb,0.0,0.0,0.0,0.0,0.0,0.0,0.0,0.0,0.0,3.1130760722045023,62.0
마라26bb96ab,0.046357615894039736,0.0,0.0,0.0,0.0,0.0,0.0,0.0,-0.0042476988827336104,2.011401784288219,208.0
마라26bb96ba,0.006622516556291391,0.0,0.0,0.0,0.0,0.0027666769136181985,0.0,0.0,-0.0009707004781409608,2.399348841046791,83.0
마라26bb96bb,0.0,0.0,0.0,0.0,0.0,0.0,0.0,0.0,0.0,3.1130760722045023,62.0
마라26bb97aa,0.0,0.0,0.0,0.0,0.0,0.0,0.0,0.0,0.0,3.1130760722045023,62.0
마라26bb97ab,0.019867549668874173,0.0,0.0,0.0,0.0,0.0,0.0,0.0,-0.0018204423783144046,2.235757445615273,118.0
마라26bb97ba,0.08609271523178808,0.0,0.0,0.0,0.0,0.0030740854595757753,0.0,0.0,-0.008292901808291484,7.175191553304999,332.0
마라26bb97bb,0.013245033112582781,0.0,0.0,0.0,0.0,0.0,0.0,0.0,-0.001213628252209603,2.2845975411154673,93.0
마라26bb98aa,0.0,0.0,0.0,0.0,0.0,0.0,0.0,0.0,0.0,3.1130760722045023,62.0
마라26bb98ab,0.0,0.0,0.0,0.0,0.0,0.0,0.0,0.0,0.0,3.1130760722045023,62.0
마라26bb98ba,0.0,0.0,0.0,0.0,0.0,0.0,0.0,0.0,0.0,3.1130760722045023,62.0
마라26bb98bb,0.0,0.0,0.0,0.0,0.0,0.0,0.0,0.0,0.0,3.1130760722045023,62.0
마라26bb99aa,0.0,0.0,0.0,0.0,0.0,0.0,0.0,0.0,0.0,3.1130760722045023,62.0
마라26bb99ab,0.0,0.0,0.0,0.0,0.0,0.0,0.0,0.0,0.0,3.1130760722045023,62.0
마라26bb99ba,0.09271523178807947,0.0,0.0,0.0,0.0,0.0,0.0,0.0,-0.008495397765467221,8.159066350363856,340.0
마라26bb99bb,0.039735099337748346,0.0,0.0,0.0,0.0,0.0,0.0,0.0,-0.003640884756628809,2.55175305519838,192.0
마라27aa91bb,0.0,0.0,0.0,0.0,0.0,0.0,0.0,0.0,0.0,3.1130760722045023,62.0
마라27aa92aa,0.019867549668874173,0.0,0.0,0.0,0.0,0.0,0.0,0.0,-0.0018204423783144046,2.235757445615273,118.0
마라27aa92ab,0.0,0.0,0.0,0.0,0.0,0.0,0.0,0.0,0.0,3.1130760722045023,62.0
마라27aa92ba,0.0,0.0,0.0,0.0,0.0,0.0,0.0,0.0,0.0,3.1130760722045023,62.0
마라27aa92bb,0.0,0.0,0.0,0.0,0.0,0.0,0.0,0.13333333333333333,-0.011738129656395898,3.056487806668868,444.0
마라27aa93aa,0.0,0.0,0.0,0.0,0.0,0.0,0.0,0.0,0.0,3.1130760722045023,62.0
마라27aa93ab,0.17880794701986755,0.28,0.0,0.0,0.0,0.06978173993237012,0.0,0.3416666666666667,-0.0811779440874332,2.268329147043434,1365.0
마라27aa93ba,0.23178807947019867,0.04,0.0,0.0,0.0,0.21733784199200737,0.0,0.32968448941666667,-0.0824960240045764,3.1528443223443237,1368.0
마라27aa93bb,0.4768211920529801,0.04,0.4,0.125,0.0,0.14601905932984935,0.0,0.0,-0.05502685082374685,3.9694865980580305,1227.0
마라27aa94aa,0.2847682119205298,0.28,0.0,0.0,0.0,0.34521979711035966,0.0,0.0,-0.09703492079663983,0.9132880690737832,1427.0
마라27aa94ab,0.09933774834437085,0.04,0.0,0.0,0.0,0.3525976022133415,0.0,0.0,-0.05912564629679291,5.202822567720234,1251.0
마라27aa94ba,0.013245033112582781,0.0,0.0,0.0,0.0,0.011988933292345526,0.0,0.2202914258333333,-0.022184039000712863,3.0719476941079473,790.0
마라27aa94bb,0.0,0.0,0.0,0.0,0.0,0.0,0.0,0.0,0.0,3.1130760722045023,62.0
마라27aa95aa,0.0,0.0,0.0,0.125,0.0,0.0,0.0,0.0,0.011517019708986512,3.3810881208956203,22.0
마라27aa95ab,0.0,0.0,0.0,0.0,0.0,0.0,0.0,0.0,0.0,3.1130760722045023,62.0
마라27aa95ba,0.0,0.0,0.0,0.0,0.0,0.0,0.0,0.0,0.0,3.1130760722045023,62.0
마라27aa95bb,0.0,0.0,0.0,0.0,0.0,0.0,0.0,0.0,0.0,3.1130760722045023,62.0
마라27aa96aa,0.0,0.0,0.0,0.0,0.0,0.0,0.0,0.0,0.0,3.1130760722045023,62.0
마라27aa96ab,0.0,0.0,0.0,0.0,0.0,0.0,0.0,0.0,0.0,3.1130760722045023,62.0
마라27aa96ba,0.0,0.0,0.0,0.0,0.0,0.0,0.0,0.0,0.0,3.1130760722045023,62.0
마라27aa96bb,0.0,0.0,0.0,0.0,0.0,0.0,0.0,0.0,0.0,3.1130760722045023,62.0
마라27aa97aa,0.006622516556291391,0.0,0.0,0.0,0.0,0.0,0.0,0.0,-0.0006068141261048015,2.2628047968481355,74.0
마라27aa97ab,0.09271523178807947,0.0,0.0,0.0,0.0,0.003688902551490931,0.0,0.0,-0.0089805795681821,7.658376528281179,355.0
마라27aa97ba,0.0728476821192053,0.0,0.0,0.0,0.0,0.003688902551490931,0.0,0.0,-0.007160137189867695,2.5985594392309133,298.0
마라27aa97bb,0.0,0.0,0.0,0.0,0.0,0.0,0.0,0.0,0.0,3.1130760722045023,62.0
마라27aa98aa,0.0,0.0,0.0,0.0,0.0,0.0,0.0,0.0,0.0,3.1130760722045023,62.0
마라27aa98ab,0.0,0.0,0.0,0.0,0.0,0.0,0.0,0.0,0.0,3.1130760722045023,62.0
마라27aa98ba,0.0,0.0,0.0,0.0,0.0,0.0,0.0,0.0,0.0,3.1130760722045023,62.0
마라27aa98bb,0.0,0.0,0.0,0.0,0.0,0.0,0.0,0.0,0.0,3.1130760722045023,62.0
마라27aa99aa,0.0,0.0,0.0,0.0,0.0,0.0,0.0,0.0,0.0,3.1130760722045023,62.0
마라27aa99ab,0.0,0.0,0.0,0.0,0.0,0.003381494005533354,0.0,0.0,-0.0004447499858219723,3.1871151246852025,71.0
마라27aa99ba,0.026490066225165563,0.0,0.0,0.0,0.0,0.007377805102981862,0.0,0.0,-0.0033976201098489638,2.4575654699077876,182.0
마라27aa99bb,0.0,0.0,0.0,0.0,0.0,0.0,0.0,0.0,0.0,3.1130760722045023,62.0
마라27ab91bb,0.0,0.0,0.0,0.0,0.0,0.0,0.0,0.0,0.0,3.1130760722045023,62.0
마라27ab92aa,0.0,0.0,0.0,0.0,0.0,0.0,0.0,0.0,0.0,3.1130760722045023,62.0
마라27ab92ab,0.033112582781456956,0.0,0.0,0.0,0.0,0.007992622194897018,0.0,0.0,-0.004085297869739579,2.8465330498798123,204.0
마라27ab92ba,0.0,0.0,0.0,0.0,0.0,0.0,0.0,0.0,0.0,3.1130760722045023,62.0
마라27ab92bb,0.006622516556291391,0.0,0.0,0.0,0.0,0.0,0.0,0.18333333333333332,-0.016746742403649158,2.2060461515044403,620.0
마라27ab93aa,0.013245033112582781,0.0,0.1,0.0,0.0,0.0,0.0,0.139324422,-0.013479189225247731,2.1900415819744588,504.0
마라27ab93ab,0.2251655629139073,0.0,0.0,0.0,0.0,0.04549646480172149,0.0,0.08333333333333333,-0.03395192022296086,0.5317903207903207,1036.0
마라27ab93ba,0.26490066225165565,0.12,0.1,0.125,0.0,0.29173071011374113,0.0,0.24718208091666666,-0.08383067571277682,4.398673992673995,1382.0
마라27ab93bb,0.2913907284768212,0.04,0.30000000000000004,0.25,0.0,0.2978788810328927,0.0,0.0,-0.04649235312892175,3.8000508750508777,1164.0
마라27ab94aa,0.2980132450331126,0.24,0.0,0.0,0.0,0.19858592068859512,0.0,0.0,-0.07531443196187596,0.7080225013082153,1333.0
마라27ab94ab,0.19205298013245034,0.16,0.0,0.0,0.0,0.34399016292652934,0.0,0.0,-0.07743337447642987,0.7788174603174598,1344.0
마라27ab94ba,0.17880794701986755,0.12,0.0,0.125,0.0,0.33046418690439594,0.0,0.26594412333333334,-0.08268823565071289,3.3515525030525044,1371.0
마라27ab94bb,0.2980132450331126,0.4,0.0,0.0,0.0,0.6633876421764525,0.2772020725388601,0.0,-0.12333439164249238,2.2140750915750926,1482.0
마라27ab95aa,0.10596026490066225,0.24,0.0,0.125,0.0,0.9219182293267753,0.0,0.0,-0.14133586774485937,2.6037521635873286,1513.0
마라27ab95ab,0.0,0.08,0.0,0.0,0.0,0.05287426990470335,0.0,0.0,-0.014250553363694012,7.026974844447372,527.0
마라27ab95ba,0.0,0.04,0.0,0.0,0.0,0.0,0.0,0.0,-0.003648140429057041,7.341604299648257,193.0
마라27ab95bb,0.0,0.16,0.0,0.0,0.0,0.0,0.0,0.0,-0.014592561716228164,5.467671759965717,544.0
마라27ab96aa,0.0,0.16,0.0,1.0,0.0,0.012296341838303101,0.0,0.0,0.07592632327994767,5.474381510532611,1.0
마라27ab96ab,0.0,0.0,0.0,0.0,0.0,0.0,0.0,0.0,0.0,3.1130760722045023,62.0
마라27ab96ba,0.0,0.0,0.0,0.0,0.0,0.0,0.0,0.0,0.0,3.1130760722045023,62.0
마라27ab96bb,0.0,0.0,0.0,0.0,0.0,0.0,0.0,0.0,0.0,3.1130760722045023,62.0
마라27ab97aa,0.0,0.48,0.0,0.0,0.0,0.0,0.0,0.0,-0.043777685148684485,5.347140624434582,1141.0
마라27ab97ab,0.09933774834437085,0.0,0.0,0.0,0.0,0.0030740854595757753,0.0,0.0,-0.009506530060501088,7.658376528281179,371.0
마라27ab97ba,0.019867549668874173,0.0,0.0,0.0,0.0,0.005533353827236397,0.0,0.0,-0.002548215082386723,2.4433246181669364,147.0
마라27ab97bb,0.0,0.0,0.0,0.0,0.0,0.0,0.0,0.0,0.0,3.1130760722045023,62.0
마라27ab98aa,0.0,0.0,0.0,0.0,0.0,0.0,0.0,0.0,0.0,3.1130760722045023,62.0
마라27ab98ab,0.0,0.0,0.0,0.0,0.0,0.0,0.0,0.0,0.0,3.1130760722045023,62.0
마라27ab98ba,0.0,0.0,0.0,0.0,0.0,0.0,0.0,0.0,0.0,3.1130760722045023,62.0
마라27ab98bb,0.0,0.0,0.0,0.0,0.0,0.0,0.0,0.0,0.0,3.1130760722045023,62.0
마라27ab99aa,0.0,0.0,0.0,0.0,0.0,0.0,0.0,0.0,0.0,3.1130760722045023,62.0
마라27ab99ab,0.006622516556291391,0.0,0.0,0.0,0.0,0.0021518598217030436,0.0,0.0,-0.0008898368443551476,2.3357059633829054,81.0
마라27ab99ba,0.026490066225165563,0.04,0.0,0.0,0.0,0.006762988011066708,0.0,0.0,-0.006964896905120191,4.624555231674676,293.0
마라27ab99bb,0.0,0.0,0.0,0.0,0.0,0.0,0.0,0.0,0.0,3.1130760722045023,62.0
마라27ba91bb,0.0,0.0,0.0,0.0,0.0,0.0,0.0,0.0,0.0,3.1130760722045023,62.0
마라27ba92aa,0.0,0.0,0.0,0.0,0.0,0.0,0.0,0.0,0.0,3.1130760722045023,62.0
마라27ba92ab,0.09933774834437085,0.0,0.0,0.0,0.0,0.004918536735321242,0.1917098445595855,0.0,0.009411698469438677,7.660433844896189,30.0
마라27ba92ba,0.0,0.0,0.0,0.0,0.0,0.0,0.0,0.0,0.0,3.1130760722045023,62.0
마라27ba92bb,0.0,0.0,0.0,0.0,0.0,0.0,0.0,0.0,0.0,3.1130760722045023,62.0
마라27ba93aa,0.046357615894039736,0.0,0.0,0.0,0.0,0.0,0.0,0.20826107900000002,-0.022582165490355428,2.18729190187915,800.0
마라27ba93ab,0.11258278145695365,0.04,0.1,0.25,0.0,0.02705195204426683,0.0,0.0,0.005512058958558578,4.720144450787311,36.0
마라27ba93ba,0.25165562913907286,0.16,0.0,0.0,0.0,0.3387642176452505,0.0,0.125,-0.09321185727706481,1.0959763649049359,1413.0
마라27ba93bb,0.2119205298013245,0.08,0.1,0.0,0.0,0.2840454964648017,0.0,0.08333333333333333,-0.07140966273776084,1.995172858887146,1308.0
마라27ba94aa,0.2980132450331126,0.04,0.1,0.125,0.0,0.1377190285889948,0.0,0.33793954716666663,-0.06730204701780412,5.276701377987097,1294.0
마라27ba94ab,0.4304635761589404,0.08,0.0,0.0,0.0,0.06793728865662466,0.0,0.15833333333333333,-0.06961365955522866,3.808555119483695,1303.0
마라27ba94ba,0.23841059602649006,0.16,0.0,0.0,0.0,0.27236397171841376,0.0,0.11437861275,-0.0823298924209527,0.8031772196057909,1367.0
마라27ba94bb,0.2582781456953642,0.16,0.0,0.0,0.0,0.2677528435290501,0.0,0.0,-0.07347442514803705,0.8935488400488402,1323.0
마라27ba95aa,0.16556291390728478,0.36,0.0,0.0,0.0,0.26252689824777126,0.0,0.0,-0.08253238864067561,0.4811678876678871,1369.0
마라27ba95ab,0.31125827814569534,0.36,0.0,0.0,0.0,0.5871503227789733,0.0,0.08333333333333333,-0.14591462908913805,1.1171136403279258,1518.0
마라27ba95ba,0.019867549668874173,0.32,0.0,0.0,0.0,0.0018444512757454655,0.0,0.0,-0.031248156712128175,2.7429495465360763,993.0
마라27ba95bb,0.039735099337748346,0.28,0.0,0.0,0.0,0.07162619120811559,0.0,0.0,-0.03859848109607533,2.703352451455142,1088.0
마라27ba96aa,0.052980132450331126,0.0,0.0,0.0,0.0,0.20934521979711035,0.0,0.24166666666666667,-0.05366394031512536,2.721333389735941,1220.0
마라27ba96ab,0.059602649006622516,0.04,0.0,0.125,0.0,0.0,0.0,0.06666666666666667,-0.003461512683211691,4.627715653998099,188.0
마라27ba96ba,0.1390728476821192,0.04,0.0,0.0,0.0,0.009222256378727329,0.0,0.0,-0.017604191584045067,3.368678658642944,645.0
마라27ba96bb,0.0,0.2,0.0,0.0,0.0,0.0,0.0,0.0,-0.018240702145285205,5.331865899159856,679.0
마라27ba97aa,0.0,0.2,0.0,0.0,0.0,0.0,0.0,0.0,-0.018240702145285205,5.331865899159856,679.0
마라27ba97ab,0.0,0.0,0.0,0.0,0.0,0.0,0.21761658031088082,0.0,0.02175011935444547,4.125779158150874,13.0
마라27ba97ba,0.0,0.0,0.0,0.0,0.0,0.0,0.0,0.0,0.0,3.1130760722045023,62.0
마라27ba97bb,0.0,0.0,0.0,0.0,0.0,0.0,0.0,0.0,0.0,3.1130760722045023,62.0
마라27ba98aa,0.0,0.0,0.0,0.0,0.0,0.0,0.0,0.0,0.0,3.1130760722045023,62.0
마라27ba98ab,0.0,0.0,0.0,0.0,0.0,0.0,0.0,0.0,0.0,3.1130760722045023,62.0
마라27ba98ba,0.0,0.0,0.0,0.0,0.0,0.0,0.0,0.0,0.0,3.1130760722045023,62.0
마라27ba98bb,0.0,0.0,0.0,0.0,0.0,0.0,0.0,0.0,0.0,3.1130760722045023,62.0
마라27ba99aa,0.0,0.0,0.0,0.0,0.0,0.0,0.0,0.0,0.0,3.1130760722045023,62.0
마라27ba99ab,0.0,0.0,0.0,0.0,0.0,0.0,0.0,0.0,0.0,3.1130760722045023,62.0
마라27ba99ba,0.0,0.0,0.0,0.0,0.0,0.0,0.0,0.0,0.0,3.1130760722045023,62.0
마라27ba99bb,0.0,0.0,0.0,0.0,0.0,0.0,0.0,0.0,0.0,3.1130760722045023,62.0
마라27bb91bb,0.0,0.0,0.0,0.0,0.0,0.0,0.0,0.0,0.0,3.1130760722045023,62.0
마라27bb92aa,0.0,0.0,0.0,0.0,0.0,0.0,0.0,0.0,0.0,3.1130760722045023,62.0
마라27bb92ab,0.0,0.0,0.0,0.0,0.0,0.006148170919151552,0.0,0.0,-0.0008086363378581315,3.207509079001135,78.0
마라27bb92ba,0.006622516556291391,0.0,0.0,0.0,0.0,0.0,0.0,0.0,-0.0006068141261048015,2.2628047968481355,74.0
마라27bb92bb,0.006622516556291391,0.0,0.0,0.0,0.0,0.0,0.0,0.0,-0.0006068141261048015,2.2628047968481355,74.0
마라27bb93aa,0.006622516556291391,0.0,0.0,0.0,0.0,0.007377805102981862,0.0,0.0,-0.0015771777315345592,2.5276213390777396,107.0
마라27bb93ab,0.0728476821192053,0.04,0.0,0.0,0.0,0.0,0.0,0.28801782275,-0.035679024917152496,4.70454338855402,1051.0
마라27bb93ba,0.3443708609271523,0.16,0.1,0.0,0.0,0.08422994159237626,0.0,0.23333333333333334,-0.07776694100102706,2.779025117739403,1347.0
마라27bb93bb,0.44370860927152317,0.12,0.4,0.0,0.0,0.062096526283430674,0.0,0.30002408475,-0.08618110679983754,4.918374062445495,1393.0
마라27bb94aa,0.4370860927152318,0.4,0.0,0.125,0.0,0.02828158622809714,0.0,0.0,-0.0687338440586482,2.778516919588352,1299.0
마라27bb94ab,0.37748344370860926,0.08,0.0,0.0,0.0,0.010144482016600061,0.0,0.0,-0.04321893600355368,3.7108612710041307,1134.0
마라27bb94ba,0.5231788079470199,0.0,0.0,0.0,0.0,0.005533353827236397,0.0,0.19971098266666668,-0.06624783922895838,1.4757400139543,1288.0
마라27bb94bb,0.41721854304635764,0.24,0.0,0.0,0.0,0.026437134952351674,0.0,0.0,-0.0635952687717347,1.4408124890982028,1276.0
마라27bb95aa,0.2119205298013245,0.16,0.0,0.0,0.0,0.08177067322471564,0.0,0.0,-0.04476547704509496,1.2793516483516476,1154.0
마라27bb95ab,0.5231788079470199,0.12,0.0,0.0,0.0,0.1810636335690132,0.0,0.0,-0.08269707739937242,2.2127327170184303,1372.0
마라27bb95ba,0.44370860927152317,0.04,0.2,0.0,0.0,0.3003381494005533,0.0,0.0,-0.08380657198244845,2.6536747194604335,1381.0
마라27bb95bb,0.052980132450331126,0.0,0.0,0.0,0.0,0.34399016292652934,0.0,0.0,-0.05009771611200087,2.614457198389705,1192.0
마라27bb96aa,0.26490066225165565,0.0,0.0,0.0,0.0,0.3612050415001537,0.0,0.19922928708333335,-0.08931929391687345,1.9511524348667195,1406.0
마라27bb96ab,0.026490066225165563,0.0,0.0,0.125,0.0,0.027359360590224407,0.0,0.12577071291666667,-0.0055810155128502275,2.9432333406673363,246.0
마라27bb96bb,0.026490066225165563,0.0,0.0,0.0,0.0,0.0,0.0,0.0,-0.002427256504419206,2.235757445615273,144.0
마라27bb97aa,0.0,0.0,0.0,0.0,0.0,0.0,0.0,0.0,0.0,3.1130760722045023,62.0
마라27bb97ab,0.0,0.0,0.0,0.0,0.0,0.0,0.0,0.0,0.0,3.1130760722045023,62.0
마라27bb97ba,0.0,0.0,0.0,0.0,0.0,0.0,0.0,0.0,0.0,3.1130760722045023,62.0
마라27bb97bb,0.0,0.0,0.0,0.0,0.0,0.0,0.0,0.0,0.0,3.1130760722045023,62.0
마라27bb98aa,0.0,0.0,0.0,0.0,0.0,0.0,0.0,0.0,0.0,3.1130760722045023,62.0
마라27bb98ab,0.0,0.0,0.0,0.0,0.0,0.0,0.0,0.0,0.0,3.1130760722045023,62.0
마라27bb98ba,0.0,0.0,0.0,0.0,0.0,0.0,0.0,0.0,0.0,3.1130760722045023,62.0
마라27bb98bb,0.0,0.0,0.0,0.0,0.0,0.0,0.0,0.0,0.0,3.1130760722045023,62.0
마라27bb99aa,0.0,0.0,0.0,0.0,0.0,0.0,0.0,0.0,0.0,3.1130760722045023,62.0
마라27bb99ab,0.0,0.0,0.0,0.0,0.0,0.0,0.0,0.0,0.0,3.1130760722045023,62.0
마라27bb99ba,0.0,0.0,0.0,0.0,0.0,0.0,0.0,0.0,0.0,3.1130760722045023,62.0
마라27bb99bb,0.0,0.0,0.0,0.0,0.0,0.0,0.0,0.0,0.0,3.1130760722045023,62.0
마라28aa91bb,0.0,0.0,0.0,0.0,0.0,0.0,0.0,0.0,0.0,3.1130760722045023,62.0
마라28aa92aa,0.0,0.0,0.0,0.0,0.0,0.0,0.0,0.0,0.0,3.1130760722045023,62.0
마라28aa92ab,0.0,0.0,0.0,0.0,0.0,0.0,0.0,0.0,0.0,3.1130760722045023,62.0
마라28aa92ba,0.019867549668874173,0.0,0.0,0.0,0.0,0.0,0.0,0.0,-0.0018204423783144046,2.235757445615273,118.0
마라28aa92bb,0.0,0.0,0.0,0.0,0.0,0.0,0.0,0.0,0.0,3.1130760722045023,62.0
마라28aa93aa,0.07947019867549669,0.0,0.0,0.0,0.0,0.0,0.0,0.0,-0.007281769513257618,7.535394101977326,301.0
마라28aa93ab,0.046357615894039736,0.0,0.0,0.0,0.0,0.0,0.0,0.0,-0.0042476988827336104,2.011401784288219,208.0
마라28aa93ba,0.2980132450331126,0.0,0.0,0.0,0.0,0.0,0.0,0.0,-0.02730663567471607,1.2648083160226018,913.0
마라28aa93bb,0.48344370860927155,0.0,0.0,0.0,0.0,0.0,0.0,0.0,-0.04429743120565051,1.1804986177843326,1146.0
마라28aa94aa,0.3509933774834437,0.0,0.0,0.0,0.0,0.0,0.0,0.0,-0.03216114868355448,1.330843550629265,1005.0
마라28aa94ab,0.32450331125827814,0.12,0.0,0.0,0.0,0.0,0.0,0.0,-0.0406783134663064,3.5263388569102876,1109.0
마라28aa94ba,0.543046357615894,0.0,0.0,0.0,0.0,0.0,0.0,0.0,-0.04975875834059372,1.0761649514506664,1188.0
마라28aa94bb,0.15894039735099338,0.0,0.0,0.0,0.0,0.0,0.0,0.0,-0.014563539026515237,1.202700344628916,541.0
마라28aa95aa,0.17880794701986755,0.08,0.1,0.125,0.0,0.13218567476175838,0.0,0.0,-0.02954892381790704,3.1018599627885344,957.0
마라28aa95ab,0.543046357615894,0.08,0.0,0.0,0.0,0.19428220104518903,0.0,0.0,-0.08260794747502476,2.298821239606954,1370.0
마라28aa95ba,0.4370860927152318,0.0,0.0,0.25,0.0,0.1746080541039041,0.0,0.0,-0.03998096490011481,2.258997309568738,1100.0
마라28aa95bb,0.3576158940397351,0.04,0.0,0.0,0.22197802197802197,0.16968951736858284,0.0,0.0,-0.08513968565832838,2.7151246584103728,1388.0
마라28aa96aa,0.32450331125827814,0.0,0.0,0.0,0.0,0.20688595142944974,0.0,0.0,-0.0569445049480614,1.1272344454487309,1241.0
마라28aa96ab,0.046357615894039736,0.0,0.0,0.25,0.0,0.01721487857362435,0.0,0.0,0.016522158789236647,2.690358650189866,18.0
마라28aa96bb,0.0,0.0,0.0,0.0,0.0,0.0,0.0,0.0,0.0,3.1130760722045023,62.0
마라28aa97aa,0.0,0.0,0.0,0.0,0.0,0.0,0.0,0.0,0.0,3.1130760722045023,62.0
마라28aa97ab,0.0,0.0,0.0,0.0,0.0,0.0,0.0,0.0,0.0,3.1130760722045023,62.0
마라28aa97ba,0.0,0.0,0.0,0.0,0.0,0.0,0.0,0.0,0.0,3.1130760722045023,62.0
마라28aa97bb,0.0,0.0,0.0,0.0,0.0,0.0,0.0,0.0,0.0,3.1130760722045023,62.0
마라28aa98aa,0.0,0.0,0.0,0.0,0.0,0.0,0.0,0.0,0.0,3.1130760722045023,62.0
마라28aa98ab,0.0,0.0,0.0,0.0,0.0,0.0,0.0,0.0,0.0,3.1130760722045023,62.0
마라28aa98ba,0.0,0.0,0.0,0.0,0.0,0.0,0.0,0.0,0.0,3.1130760722045023,62.0
마라28aa98bb,0.0,0.0,0.0,0.0,0.0,0.0,0.0,0.0,0.0,3.1130760722045023,62.0
마라28aa99aa,0.0,0.0,0.0,0.0,0.0,0.0,0.0,0.0,0.0,3.1130760722045023,62.0
마라28aa99ab,0.0,0.0,0.0,0.0,0.0,0.0,0.0,0.0,0.0,3.1130760722045023,62.0
마라28aa99ba,0.0,0.0,0.0,0.0,0.0,0.0,0.0,0.0,0.0,3.1130760722045023,62.0
마라28aa99bb,0.0,0.0,0.0,0.0,0.0,0.0,0.0,0.0,0.0,3.1130760722045023,62.0
마라28ab92aa,0.0,0.0,0.0,0.0,0.0,0.0,0.0,0.0,0.0,3.1130760722045023,62.0
마라28ab92ba,0.0,0.0,0.0,0.0,0.0,0.0,0.0,0.0,0.0,3.1130760722045023,62.0
마라28ab92bb,0.12582781456953643,0.0,0.0,0.0,0.0,0.010759299108515216,0.0,0.0,-0.01294458198724296,1.0726569356569355,488.0
마라28ab93aa,0.2251655629139073,0.0,0.0,0.0,0.0,0.0,0.0,0.0,-0.02063168028756325,1.202700344628916,748.0
마라28ab93ab,0.3973509933774834,0.0,0.30000000000000004,0.0,0.0,0.005840762373193974,0.0,0.0,-0.03717705208725331,1.1658649181506324,1070.0
마라28ab93ba,0.4304635761589404,0.0,0.0,0.0,0.0,0.0,0.0,0.0,-0.039442918196812095,1.1885022807879952,1093.0
마라28ab93bb,0.4768211920529801,0.0,0.1,0.0,0.0,0.0,0.0,0.225,-0.06349871087471379,1.9733740465883323,1275.0
마라28ab94aa,0.19205298013245034,0.0,0.0,0.0,0.0,0.0,0.0,0.0,-0.017597609657039243,1.202700344628916,644.0
마라28ab94ab,0.07947019867549669,0.12,0.0,0.0,0.0,0.2895788502920381,0.0,0.0,-0.05631296231354673,3.789905302547473,1235.0
마라28ab94ba,0.08609271523178808,0.16,0.0,0.0,0.0,0.27513064863203196,0.0,0.0,-0.05866762147474197,2.0832001796280646,1248.0
마라28ab94bb,0.16556291390728478,0.12,0.0,0.0,0.0,0.012296341838303101,0.0,0.0,-0.027732047115507426,3.0241180446537586,922.0
마라28ab95aa,0.10596026490066225,0.12,0.0,0.125,0.0,0.14202274823240085,0.0,0.11512524083333332,-0.037951089527575296,3.476945735888044,1081.0
마라28ab95ab,0.1390728476821192,0.44,0.0,0.25,0.0,0.2468490624039348,0.0,0.23333333333333334,-0.08284707781355205,1.64029304029304,1373.0
마라28ab95ba,0.31788079470198677,0.4,0.0,0.0,0.0,0.4561942822010452,0.0,0.30833333333333335,-0.15275372344308974,1.9616411128553983,1521.0
마라28ab95bb,0.3509933774834437,0.44,0.0,0.0,0.0,0.7162619120811559,0.0,0.15416666666666667,-0.180069039178862,1.2239726146869003,1529.0
마라28ab96aa,0.039735099337748346,0.36,0.0,0.0,0.0,0.5023055640946819,0.0,0.0,-0.10253973742115152,2.324663225337346,1442.0
마라28ab96ab,0.0,0.0,0.0,0.0,0.0,0.0,0.0,0.0,0.0,3.1130760722045023,62.0
마라28ab96ba,0.0,0.0,0.0,0.0,0.0,0.0,0.0,0.0,0.0,3.1130760722045023,62.0
마라28ab96bb,0.0,0.0,0.0,0.0,0.0,0.0,0.0,0.0,0.0,3.1130760722045023,62.0
마라28ab97aa,0.0,0.0,0.0,0.0,0.0,0.0,0.0,0.0,0.0,3.1130760722045023,62.0
마라28ab97ab,0.006622516556291391,0.0,0.0,0.0,0.0,0.0,0.0,0.0,-0.0006068141261048015,2.2628047968481355,74.0
마라28ab97ba,0.0,0.0,0.0,0.0,0.0,0.0,0.0,0.0,0.0,3.1130760722045023,62.0
마라28ab97bb,0.0,0.0,0.0,0.0,0.0,0.0,0.0,0.0,0.0,3.1130760722045023,62.0
마라28ab98aa,0.0,0.0,0.0,0.0,0.0,0.0,0.0,0.0,0.0,3.1130760722045023,62.0
마라28ab98ab,0.0,0.0,0.0,0.0,0.0,0.0,0.0,0.0,0.0,3.1130760722045023,62.0
마라28ab98ba,0.0,0.0,0.0,0.0,0.0,0.0,0.0,0.0,0.0,3.1130760722045023,62.0
마라28ab98bb,0.0,0.0,0.0,0.0,0.0,0.0,0.0,0.0,0.0,3.1130760722045023,62.0
마라28ab99aa,0.0,0.0,0.0,0.0,0.0,0.0,0.0,0.0,0.0,3.1130760722045023,62.0
마라28ab99ab,0.0,0.0,0.0,0.0,0.0,0.0,0.0,0.0,0.0,3.1130760722045023,62.0
마라28ab99ba,0.0,0.0,0.0,0.0,0.0,0.0,0.0,0.0,0.0,3.1130760722045023,62.0
마라28ab99bb,0.0,0.0,0.0,0.0,0.0,0.0,0.0,0.0,0.0,3.1130760722045023,62.0
마라28ba92ab,0.0,0.0,0.0,0.0,0.0,0.0,0.0,0.0,0.0,3.1130760722045023,62.0
마라28ba92ba,0.0,0.0,0.0,0.0,0.0,0.0,0.0,0.0,0.0,3.1130760722045023,62.0
마라28ba92bb,0.006622516556291391,0.0,0.0,0.0,0.0,0.0,0.0,0.0,-0.0006068141261048015,2.2628047968481355,74.0
마라28ba93aa,0.046357615894039736,0.0,0.0,0.0,0.0,0.0,0.0,0.9416666666666667,-0.08714823958102964,2.3600981696854175,1398.0
마라28ba93ab,0.6225165562913907,0.0,1.0,0.0,0.0,0.0,0.0,0.0,-0.05704052785385134,1.0761649514506664,1242.0
마라28ba93ba,0.45695364238410596,0.0,0.0,0.0,0.0,0.0,0.0,0.0,-0.041870174701231305,1.1885022807879952,1121.0
마라28ba93bb,0.059602649006622516,0.0,0.0,0.0,0.0,0.0,0.0,0.0,-0.005461327134943213,2.228727806149955,242.0
마라28ba94aa,0.2582781456953642,0.0,0.0,0.0,0.0,0.0,0.0,0.0,-0.02366575091808726,1.3106368525654242,831.0
마라28ba94ab,0.18543046357615894,0.12,0.1,0.0,0.0,0.3854903166308023,0.0,0.0,-0.0786367152018104,1.9915032560032564,1355.0
마라28ba94ba,0.18543046357615894,0.44,0.0,0.0,0.0,0.6636950507224101,0.0,0.3378552505,-0.17415604843832055,1.4462931275074125,1526.0
마라28ba94bb,0.23178807947019867,0.24,0.0,0.0,0.0,0.2373193974792499,0.0,0.0,-0.07434069962933416,0.4446935286935282,1329.0
마라28ba95aa,0.36423841059602646,0.12,0.0,0.0,0.0,0.22440823854903166,0.0,0.0,-0.073834424554757,2.3675916913774047,1325.0
마라28ba95ab,0.152317880794702,0.0,0.0,0.0,0.0,0.17645250537964954,0.0,0.0,-0.037164587796938806,1.0142015656301366,1068.0
마라28ba95ba,0.019867549668874173,0.08,0.0,0.0,0.0,0.120811558561328,0.0,0.0,-0.02500642727534077,3.6024377030422787,871.0
마라28ba95bb,0.0,0.0,0.0,0.0,0.0,0.0,0.0,0.0,0.0,3.1130760722045023,62.0
마라28ba96aa,0.019867549668874173,0.0,0.0,0.0,0.0,0.0,0.0,0.0,-0.0018204423783144046,2.235757445615273,118.0
마라28ba96ab,0.006622516556291391,0.0,0.0,0.125,0.0,0.0018444512757454655,0.0,0.0,0.010667614681524272,2.815261912074129,25.0
마라28ba96ba,0.0,0.0,0.0,0.0,0.0,0.0,0.0,0.0,0.0,3.1130760722045023,62.0
마라28ba96bb,0.0,0.0,0.0,0.0,0.0,0.0,0.0,0.0,0.0,3.1130760722045023,62.0
마라28ba97aa,0.0,0.0,0.0,0.0,0.0,0.0,0.0,0.0,0.0,3.1130760722045023,62.0
마라28ba97ab,0.0,0.0,0.0,0.0,0.0,0.0,0.0,0.0,0.0,3.1130760722045023,62.0
마라28ba97ba,0.0,0.0,0.0,0.0,0.0,0.0,0.0,0.0,0.0,3.1130760722045023,62.0
마라28ba97bb,0.0,0.0,0.0,0.0,0.0,0.0,0.0,0.0,0.0,3.1130760722045023,62.0
마라28ba98aa,0.0,0.0,0.0,0.0,0.0,0.0,0.0,0.0,0.0,3.1130760722045023,62.0
마라28ba98ab,0.0,0.0,0.0,0.0,0.0,0.0,0.0,0.0,0.0,3.1130760722045023,62.0
마라28ba98ba,0.0,0.0,0.0,0.0,0.0,0.0,0.0,0.0,0.0,3.1130760722045023,62.0
마라28ba98bb,0.0,0.0,0.0,0.0,0.0,0.0,0.0,0.0,0.0,3.1130760722045023,62.0
마라28ba99aa,0.0,0.0,0.0,0.0,0.0,0.0,0.0,0.0,0.0,3.1130760722045023,62.0
마라28ba99ab,0.0,0.0,0.0,0.0,0.0,0.0,0.02072538860103627,0.0,0.0020714399385186166,3.3884844660798334,49.0
마라28ba99ba,0.0,0.0,0.0,0.0,0.0,0.0,0.0,0.0,0.0,3.1130760722045023,62.0
마라28ba99bb,0.0,0.0,0.0,0.0,0.0,0.0,0.0,0.0,0.0,3.1130760722045023,62.0
마라28bb92aa,0.0,0.0,0.0,0.0,0.0,0.0,0.0,0.0,0.0,3.1130760722045023,62.0
마라28bb92ab,0.08609271523178808,0.12,0.0,0.0,0.0,0.0027666769136181985,0.0,0.0,-0.019196891278569696,5.743280714172888,709.0
마라28bb92ba,0.0,0.0,0.0,0.0,0.0,0.0,0.0,0.0,0.0,3.1130760722045023,62.0
마라28bb92bb,0.0,0.0,0.0,0.0,0.0,0.0,0.0,0.0,0.0,3.1130760722045023,62.0
마라28bb93aa,0.152317880794702,0.0,0.0,0.0,0.0,0.0,0.0,0.13333333333333333,-0.025694854556806333,0.616318491032777,886.0
마라28bb93ab,0.6887417218543046,0.04,0.2,0.0,0.0,0.0,0.0,0.0,-0.06675680954395638,3.7908015291586743,1290.0
마라28bb93ba,0.41721854304635764,0.2,0.2,0.0,0.0,0.0,0.0,0.5848265895833333,-0.10795576960266517,2.483771759986045,1450.0
마라28bb93bb,0.3509933774834437,0.0,0.0,0.0,0.0,0.0,0.19689119170984457,0.0,-0.012482469267627621,2.582865005365006,469.0
마라28bb94aa,0.47019867549668876,0.0,0.0,0.0,0.0,0.0,0.0,0.0,-0.04308380295344091,1.1885022807879952,1133.0
마라28bb94ab,0.37748344370860926,0.08,0.2,0.125,0.0,0.04303719643406086,0.0,0.0,-0.036028120702108174,4.891143496714931,1056.0
마라28bb94ba,0.08609271523178808,0.6,0.0,0.125,0.0,0.7267138026437134,0.0,0.08075626204166667,-0.1537839415591449,1.7744160393940618,1522.0
마라28bb94bb,0.152317880794702,0.0,0.0,0.0,0.0,0.27021211189671074,0.0,0.0,-0.04949629194927531,1.0250501614787324,1187.0
마라28bb95aa,0.0,0.0,0.0,0.0,0.0,0.1002151859821703,0.0,0.0,-0.013180772307087543,3.4456242387559315,498.0
마라28bb95ab,0.0,0.0,0.0,0.0,0.0,0.0,0.0,0.0,0.0,3.1130760722045023,62.0
마라28bb95ba,0.0,0.0,0.0,0.0,0.0,0.0,0.0,0.0,0.0,3.1130760722045023,62.0
마라28bb95bb,0.0,0.0,0.0,0.0,0.0,0.0,0.0,0.0,0.0,3.1130760722045023,62.0
마라28bb96aa,0.0,0.0,0.0,0.0,0.0,0.0,0.0,0.0,0.0,3.1130760722045023,62.0
마라28bb96ab,0.0,0.0,0.0,0.0,0.0,0.0,0.0,0.0,0.0,3.1130760722045023,62.0
마라28bb96ba,0.0,0.0,0.0,0.0,0.0,0.0,0.0,0.0,0.0,3.1130760722045023,62.0
마라28bb96bb,0.0,0.0,0.0,0.0,0.0,0.0,0.0,0.0,0.0,3.1130760722045023,62.0
마라28bb97aa,0.0,0.0,0.0,0.0,0.0,0.0,0.0,0.0,0.0,3.1130760722045023,62.0
마라28bb97ab,0.0,0.0,0.0,0.0,0.0,0.0,0.0,0.0,0.0,3.1130760722045023,62.0
마라28bb97ba,0.0,0.0,0.0,0.0,0.0,0.0,0.0,0.0,0.0,3.1130760722045023,62.0
마라28bb97bb,0.0,0.0,0.0,0.0,0.0,0.0,0.0,0.0,0.0,3.1130760722045023,62.0
마라28bb98aa,0.0,0.0,0.0,0.0,0.0,0.0,0.0,0.0,0.0,3.1130760722045023,62.0
마라28bb98ab,0.0,0.0,0.0,0.0,0.0,0.0,0.0,0.0,0.0,3.1130760722045023,62.0
마라28bb98ba,0.0,0.0,0.0,0.0,0.0,0.0,0.0,0.0,0.0,3.1130760722045023,62.0
마라28bb98bb,0.0,0.0,0.0,0.0,0.0,0.0,0.0,0.0,0.0,3.1130760722045023,62.0
마라28bb99aa,0.0,0.0,0.0,0.0,0.0,0.0,0.0,0.0,0.0,3.1130760722045023,62.0
마라28bb99ab,0.0,0.0,0.0,0.0,0.0,0.0,0.0,0.0,0.0,3.1130760722045023,62.0
마라28bb99ba,0.0,0.0,0.0,0.0,0.0,0.0,0.0,0.0,0.0,3.1130760722045023,62.0
마라28bb99bb,0.07947019867549669,0.0,0.0,0.0,0.0,0.0027666769136181985,0.0,0.0,-0.007645655865293777,7.175191553304999,308.0
마라29aa92aa,0.0,0.0,0.0,0.0,0.0,0.0,0.0,0.0,0.0,3.1130760722045023,62.0
마라29aa92ab,0.046357615894039736,0.0,0.0,0.0,0.0,0.006148170919151552,0.0,0.0,-0.005056335220591742,2.2697458423475365,228.0
마라29aa92ba,0.006622516556291391,0.0,0.0,0.0,0.0,0.0,0.0,0.0,-0.0006068141261048015,2.2628047968481355,74.0
마라29aa92bb,0.0,0.0,0.0,0.0,0.0,0.0,0.0,0.0,0.0,3.1130760722045023,62.0
마라29aa93aa,0.25165562913907286,0.0,0.0,0.0,0.0,0.0,0.0,0.15,-0.03626433265542784,0.6986383933526795,1059.0
마라29aa93ab,0.4105960264900662,0.0,0.0,0.0,0.0,0.0,0.0,0.0,-0.03762247581849769,1.1885022807879952,1079.0
마라29aa93ba,0.5165562913907285,0.08,0.0,0.0,0.0,0.009837073470642483,0.0,0.0,-0.05592160083486161,3.551386912029772,1233.0
마라29aa93bb,0.33774834437086093,0.0,0.0,0.125,0.0,0.051952044266830616,0.0,0.378835501,-0.059614629496137314,3.0935418470418483,1255.0
마라29aa94aa,0.6423841059602649,0.0,0.0,0.0,0.0,0.059944666461727636,0.0,0.38916184975,-0.10100541639894522,1.9494286586429432,1436.0
마라29aa94ab,0.17218543046357615,0.12,0.0,0.0,0.0,0.006148170919151552,0.0,0.0,-0.02753022490375409,3.070572068143495,919.0
마라29aa94ba,0.026490066225165563,0.0,0.0,0.0,0.0,0.018137104211497078,0.0,0.0,-0.0048127337011006945,2.697097071841631,219.0
마라29aa94bb,0.026490066225165563,0.0,0.0,0.0,0.0,0.003381494005533354,0.0,0.0,-0.0028720064902411782,2.4098895751331355,165.0
마라29aa95aa,0.0,0.0,0.0,0.0,0.0,0.0,0.0,0.0,0.0,3.1130760722045023,62.0
마라29aa95ab,0.0,0.0,0.0,0.0,0.0,0.0,0.0,0.0,0.0,3.1130760722045023,62.0
마라29aa95ba,0.0,0.0,0.0,0.0,0.0,0.0,0.0,0.0,0.0,3.1130760722045023,62.0
마라29aa95bb,0.0,0.0,0.0,0.0,0.0,0.0,0.0,0.0,0.0,3.1130760722045023,62.0
마라29aa96aa,0.0,0.0,0.0,0.0,0.0,0.0,0.0,0.0,0.0,3.1130760722045023,62.0
마라29aa96ab,0.0,0.0,0.0,0.0,0.0,0.0,0.0,0.0,0.0,3.1130760722045023,62.0
마라29aa96ba,0.0,0.0,0.0,0.0,0.0,0.0,0.0,0.0,0.0,3.1130760722045023,62.0
마라29aa96bb,0.0,0.0,0.0,0.0,0.0,0.0,0.0,0.0,0.0,3.1130760722045023,62.0
마라29aa97aa,0.0,0.0,0.0,0.0,0.0,0.0,0.0,0.0,0.0,3.1130760722045023,62.0
마라29aa97ab,0.0,0.0,0.0,0.0,0.0,0.0,0.0,0.0,0.0,3.1130760722045023,62.0
마라29aa97ba,0.0,0.0,0.0,0.0,0.0,0.0,0.0,0.0,0.0,3.1130760722045023,62.0
마라29aa97bb,0.0,0.0,0.0,0.0,0.0,0.0,0.0,0.0,0.0,3.1130760722045023,62.0
마라29aa98aa,0.0,0.0,0.0,0.0,0.0,0.0,0.0,0.0,0.0,3.1130760722045023,62.0
마라29aa98ab,0.0,0.0,0.0,0.0,0.0,0.0,0.0,0.0,0.0,3.1130760722045023,62.0
마라29aa98ba,0.0,0.0,0.0,0.0,0.0,0.0,0.0,0.0,0.0,3.1130760722045023,62.0
마라29aa98bb,0.0,0.0,0.0,0.0,0.0,0.0,0.0,0.0,0.0,3.1130760722045023,62.0
마라29aa99aa,0.0,0.0,0.0,0.0,0.0,0.0,0.0,0.0,0.0,3.1130760722045023,62.0
마라29aa99ab,0.0,0.0,0.0,0.0,0.0,0.0,0.0,0.0,0.0,3.1130760722045023,62.0
마라29aa99ba,0.013245033112582781,0.0,0.0,0.0,0.0,0.0,0.0,0.0,-0.001213628252209603,2.2845975411154673,93.0
마라29aa99bb,0.026490066225165563,0.0,0.0,0.0,0.0,0.005840762373193974,0.0,0.0,-0.003195461025384431,2.4433246181669364,174.0
마라29ab92aa,0.0,0.0,0.0,0.0,0.0,0.0,0.0,0.0,0.0,3.1130760722045023,62.0
마라29ab92ab,0.09933774834437085,0.0,0.0,0.0,0.0,0.01690747002766677,0.0,0.0,-0.011325961820681883,7.523182912373277,433.0
마라29ab92ba,0.013245033112582781,0.0,0.0,0.0,0.0,0.0,0.0,0.0,-0.001213628252209603,2.2845975411154673,93.0
마라29ab92bb,0.0,0.0,0.0,0.0,0.0,0.0,0.0,0.0,0.0,3.1130760722045023,62.0
마라29ab93aa,0.33774834437086093,0.04,0.0,0.0,0.0,0.0,0.0,0.325,-0.06320735189786691,4.994356445142162,1272.0
마라29ab93ba,0.41721854304635764,0.0,0.30000000000000004,0.0,0.0,0.0064555794651091295,0.0,0.125,-0.05008285465222469,0.6453988154702444,1191.0
마라29ab93bb,0.40397350993377484,0.16,0.1,0.0,0.0,0.22932677528435289,0.0,0.403775289,-0.1173171090182098,1.8003773765916617,1471.0
마라29ab94aa,0.2781456953642384,0.32,0.0,0.125,0.0,0.16169689517368582,0.0,0.0,-0.06442143270554034,2.0115724751439044,1280.0
마라29ab94ab,0.039735099337748346,0.04,0.0,0.0,0.0,0.06824469720258222,0.0,0.0,-0.01626488853591111,4.8771246960420855,602.0
마라29ab94ba,0.0,0.0,0.0,0.0,0.0,0.0,0.0,0.0,0.0,3.1130760722045023,62.0
마라29ab95aa,0.0,0.0,0.0,0.0,0.0,0.0,0.0,0.0,0.0,3.1130760722045023,62.0
마라29ab95ab,0.0,0.0,0.0,0.0,0.0,0.0,0.0,0.0,0.0,3.1130760722045023,62.0
마라29ab95ba,0.0,0.0,0.0,0.0,0.0,0.0,0.0,0.0,0.0,3.1130760722045023,62.0
마라29ab95bb,0.0,0.0,0.0,0.0,0.0,0.0,0.0,0.0,0.0,3.1130760722045023,62.0
마라29ab96aa,0.0,0.0,0.0,0.0,0.0,0.0,0.0,0.0,0.0,3.1130760722045023,62.0
마라29ab96ab,0.0,0.0,0.0,0.0,0.0,0.0,0.0,0.0,0.0,3.1130760722045023,62.0
마라29ab96ba,0.0,0.0,0.0,0.0,0.0,0.0,0.0,0.0,0.0,3.1130760722045023,62.0
마라29ab96bb,0.0,0.0,0.0,0.0,0.0,0.0,0.0,0.0,0.0,3.1130760722045023,62.0
마라29ab97aa,0.0,0.0,0.0,0.0,0.0,0.0,0.0,0.0,0.0,3.1130760722045023,62.0
마라29ab97ab,0.0,0.0,0.0,0.0,0.0,0.0,0.0,0.0,0.0,3.1130760722045023,62.0
마라29ab97ba,0.0,0.0,0.0,0.0,0.0,0.0,0.0,0.0,0.0,3.1130760722045023,62.0
마라29ab97bb,0.0,0.0,0.0,0.0,0.0,0.0,0.0,0.0,0.0,3.1130760722045023,62.0
마라29ab98aa,0.0,0.0,0.0,0.0,0.0,0.0,0.0,0.0,0.0,3.1130760722045023,62.0
마라29ab98ab,0.0,0.0,0.0,0.0,0.0,0.0,0.0,0.0,0.0,3.1130760722045023,62.0
마라29ab98ba,0.0,0.0,0.0,0.0,0.0,0.0,0.0,0.0,0.0,3.1130760722045023,62.0
마라29ab98bb,0.0,0.0,0.0,0.0,0.0,0.0,0.0,0.0,0.0,3.1130760722045023,62.0
마라29ab99aa,0.0,0.0,0.0,0.0,0.0,0.0,0.0,0.0,0.0,3.1130760722045023,62.0
마라29ab99ab,0.0728476821192053,0.0,0.0,0.0,0.0,0.0,0.0,0.0,-0.0066749553871528165,2.317230044652193,286.0
마라29ab99ba,0.0,0.0,0.0,0.0,0.0,0.0,0.0,0.0,0.0,3.1130760722045023,62.0
마라29ab99bb,0.006622516556291391,0.0,0.0,0.0,0.0,0.0,0.0,0.0,-0.0006068141261048015,2.2628047968481355,74.0
마라29ba92ab,0.059602649006622516,0.0,0.0,0.0,0.0,0.01537042729787888,0.0,0.0,-0.007482917979588542,2.630750068218289,306.0
마라29ba92ba,0.18543046357615894,0.0,0.0,0.0,0.0,0.007992622194897018,0.0,0.0,-0.01804202277015001,1.0913528825671681,671.0
마라29ba92bb,0.046357615894039736,0.0,0.0,0.0,0.0,0.0021518598217030436,0.0,0.0,-0.004530721600983957,2.0514274929475307,212.0
마라29ba93aa,0.07947019867549669,0.0,0.0,0.0,0.0,0.0,0.0,0.14895231216666666,-0.02039493115949979,3.1308665640678,739.0
마라29ba93ab,0.11258278145695365,0.16,0.0,0.0,0.0,0.024900092222563786,0.0,0.28302023125000003,-0.0530993403018026,2.052430984359557,1213.0
마라29ba93ba,0.15894039735099338,0.44,0.0,0.0,0.0,0.4377497694435905,0.0,0.0,-0.11226799100164164,0.8213021978021975,1462.0
마라29ba93bb,0.046357615894039736,0.2,0.0,0.0,0.0,0.21211189671072855,0.1683937823834197,0.30568400766666665,-0.06046709405274597,2.5420918135822324,1261.0
마라29ba94aa,0.0,0.0,0.0,0.0,0.0,0.01537042729787888,0.0,0.0,-0.0020215908446453287,3.3206839806013875,126.0
마라29ba94ab,0.0,0.0,0.0,0.0,0.0,0.0,0.0,0.0,0.0,3.1130760722045023,62.0
마라29ba94ba,0.0,0.0,0.0,0.0,0.0,0.0,0.0,0.0,0.0,3.1130760722045023,62.0
마라29ba94bb,0.0,0.0,0.0,0.0,0.0,0.0,0.0,0.0,0.0,3.1130760722045023,62.0
마라29ba95aa,0.0,0.0,0.0,0.0,0.0,0.0,0.0,0.0,0.0,3.1130760722045023,62.0
마라29ba95ab,0.0,0.0,0.0,0.0,0.0,0.0,0.0,0.0,0.0,3.1130760722045023,62.0
마라29ba95ba,0.0,0.0,0.0,0.0,0.0,0.0,0.0,0.0,0.0,3.1130760722045023,62.0
마라29ba95bb,0.0,0.0,0.0,0.0,0.0,0.0,0.0,0.0,0.0,3.1130760722045023,62.0
마라29ba96aa,0.0,0.0,0.0,0.0,0.0,0.0,0.0,0.0,0.0,3.1130760722045023,62.0
마라29ba96ab,0.0,0.0,0.0,0.0,0.0,0.0,0.0,0.0,0.0,3.1130760722045023,62.0
마라29ba96ba,0.0,0.0,0.0,0.0,0.0,0.0,0.0,0.0,0.0,3.1130760722045023,62.0
마라29ba96bb,0.0,0.0,0.0,0.0,0.0,0.0,0.0,0.0,0.0,3.1130760722045023,62.0
마라29ba97aa,0.0,0.0,0.0,0.0,0.0,0.0,0.0,0.0,0.0,3.1130760722045023,62.0
마라29ba97ab,0.0,0.0,0.0,0.0,0.0,0.0,0.0,0.0,0.0,3.1130760722045023,62.0
마라29ba97ba,0.0,0.0,0.0,0.0,0.0,0.0,0.0,0.0,0.0,3.1130760722045023,62.0
마라29ba97bb,0.0,0.0,0.0,0.0,0.0,0.0,0.0,0.0,0.0,3.1130760722045023,62.0
마라29ba98aa,0.0,0.0,0.0,0.0,0.0,0.0,0.0,0.0,0.0,3.1130760722045023,62.0
마라29ba98ab,0.0,0.0,0.0,0.0,0.0,0.0,0.0,0.0,0.0,3.1130760722045023,62.0
마라29ba98ba,0.0,0.0,0.0,0.0,0.0,0.0,0.0,0.0,0.0,3.1130760722045023,62.0
마라29ba98bb,0.006622516556291391,0.0,0.0,0.0,0.0,0.0,0.0,0.0,-0.0006068141261048015,2.2628047968481355,74.0
마라29ba99aa,0.0,0.0,0.0,0.0,0.0,0.0,0.0,0.0,0.0,3.1130760722045023,62.0
마라29ba99ab,0.0,0.0,0.0,0.0,0.0,0.0,0.0,0.0,0.0,3.1130760722045023,62.0
마라29ba99ba,0.0,0.0,0.0,0.0,0.0,0.0,0.0,0.0,0.0,3.1130760722045023,62.0
마라29ba99bb,0.0,0.0,0.0,0.0,0.0,0.0,0.0,0.0,0.0,3.1130760722045023,62.0
마라29bb92ab,0.0,0.0,0.0,0.0,0.0,0.0,0.0,0.0,0.0,3.1130760722045023,62.0
마라29bb92ba,0.1390728476821192,0.0,0.0,0.0,0.0,0.010451890562557638,0.0,0.0,-0.014117778422559653,1.0698785235928092,523.0
마라29bb93aa,0.09933774834437085,0.12,0.0,0.0,0.0,0.03504457423916384,0.0,0.18931840075,-0.04132268981212213,4.115703981280219,1114.0
마라29bb93ab,0.006622516556291391,0.0,0.0,0.0,0.0,0.003688902551490931,0.0,0.10455202308333332,-0.010296334949749656,2.530902146466904,394.0
마라29bb93ba,0.0,0.0,0.0,0.0,0.0,0.0,0.0,0.0,0.0,3.1130760722045023,62.0
마라29bb93bb,0.0,0.0,0.0,0.0,0.0,0.0,0.0,0.0,0.0,3.1130760722045023,62.0
마라29bb94aa,0.0,0.0,0.0,0.0,0.0,0.0,0.0,0.0,0.0,3.1130760722045023,62.0
마라29bb94ab,0.0,0.0,0.0,0.0,0.0,0.0,0.0,0.0,0.0,3.1130760722045023,62.0
마라29bb94ba,0.0,0.0,0.0,0.0,0.0,0.0,0.0,0.0,0.0,3.1130760722045023,62.0
마라29bb94bb,0.0,0.0,0.0,0.0,0.0,0.0,0.0,0.0,0.0,3.1130760722045023,62.0
마라29bb95aa,0.0,0.0,0.0,0.0,0.0,0.0,0.0,0.0,0.0,3.1130760722045023,62.0
마라29bb95ab,0.0,0.0,0.0,0.0,0.0,0.0,0.0,0.0,0.0,3.1130760722045023,62.0
마라29bb95ba,0.0,0.0,0.0,0.0,0.0,0.0,0.0,0.0,0.0,3.1130760722045023,62.0
마라29bb95bb,0.0,0.0,0.0,0.0,0.0,0.0,0.0,0.0,0.0,3.1130760722045023,62.0
마라29bb96aa,0.0,0.0,0.0,0.0,0.0,0.0,0.0,0.0,0.0,3.1130760722045023,62.0
마라29bb96ab,0.0,0.0,0.0,0.0,0.0,0.0,0.0,0.0,0.0,3.1130760722045023,62.0
마라29bb96ba,0.0,0.0,0.0,0.0,0.0,0.0,0.0,0.0,0.0,3.1130760722045023,62.0
마라29bb96bb,0.0,0.0,0.0,0.0,0.0,0.0,0.0,0.0,0.0,3.1130760722045023,62.0
마라29bb97aa,0.0,0.0,0.0,0.0,0.0,0.0,0.0,0.0,0.0,3.1130760722045023,62.0
마라29bb97ab,0.0,0.0,0.0,0.0,0.0,0.0,0.0,0.0,0.0,3.1130760722045023,62.0
마라29bb97ba,0.0,0.0,0.0,0.0,0.0,0.0,0.0,0.0,0.0,3.1130760722045023,62.0
마라29bb97bb,0.0,0.0,0.0,0.0,0.0,0.0,0.0,0.0,0.0,3.1130760722045023,62.0
마라29bb98aa,0.0,0.0,0.0,0.0,0.0,0.0,0.0,0.0,0.0,3.1130760722045023,62.0
마라29bb98ab,0.006622516556291391,0.0,0.0,0.0,0.0,0.0,0.0,0.0,-0.0006068141261048015,2.2628047968481355,74.0
마라29bb98ba,0.0,0.0,0.0,0.0,0.0,0.0,0.0,0.0,0.0,3.1130760722045023,62.0
마라29bb98bb,0.0,0.0,0.0,0.0,0.0,0.0,0.0,0.0,0.0,3.1130760722045023,62.0
마라29bb99aa,0.006622516556291391,0.0,0.0,0.0,0.0,0.0,0.0,0.0,-0.0006068141261048015,2.2628047968481355,74.0
마라29bb99ab,0.0,0.0,0.0,0.0,0.0,0.0,0.0,0.0,0.0,3.1130760722045023,62.0
마라29bb99ba,0.0,0.0,0.0,0.0,0.0,0.0,0.0,0.0,0.0,3.1130760722045023,62.0
마라29bb99bb,0.0,0.0,0.0,0.0,0.0,0.0,0.0,0.0,0.0,3.1130760722045023,62.0
마라30aa92ba,0.0,0.0,0.0,0.0,0.0,0.0,0.0,0.1610789980833333,-0.014180746233183845,3.056487806668868,526.0
마라30aa92bb,0.32450331125827814,0.0,0.0,0.0,0.0,0.014755610205963724,0.0,0.26766618499999995,-0.05523887227121616,2.1008374165517023,1229.0
마라30aa93aa,0.0,0.0,0.0,0.0,0.0,0.0,0.0,0.0,0.0,3.1130760722045023,62.0
마라30aa93ab,0.0,0.0,0.0,0.0,0.0,0.0,0.0,0.0,0.0,3.1130760722045023,62.0
마라30aa93ba,0.0,0.0,0.0,0.0,0.0,0.0,0.0,0.0,0.0,3.1130760722045023,62.0
마라30aa93bb,0.0,0.0,0.0,0.0,0.0,0.0,0.0,0.0,0.0,3.1130760722045023,62.0
마라30aa94aa,0.0,0.0,0.0,0.0,0.0,0.0,0.0,0.0,0.0,3.1130760722045023,62.0
마라30aa94ab,0.0,0.0,0.0,0.0,0.0,0.0,0.0,0.0,0.0,3.1130760722045023,62.0
마라30aa94ba,0.0,0.0,0.0,0.0,0.0,0.0,0.0,0.0,0.0,3.1130760722045023,62.0
마라30aa94bb,0.0,0.0,0.0,0.0,0.0,0.0,0.0,0.0,0.0,3.1130760722045023,62.0
마라30aa95aa,0.0,0.0,0.0,0.0,0.0,0.0,0.0,0.0,0.0,3.1130760722045023,62.0
마라30aa95ab,0.0,0.0,0.0,0.0,0.0,0.0,0.0,0.0,0.0,3.1130760722045023,62.0
마라30aa95ba,0.0,0.0,0.0,0.0,0.0,0.0,0.0,0.0,0.0,3.1130760722045023,62.0
마라30aa95bb,0.0,0.0,0.0,0.0,0.0,0.0,0.0,0.0,0.0,3.1130760722045023,62.0
마라30aa96aa,0.0,0.0,0.0,0.0,0.0,0.0,0.0,0.0,0.0,3.1130760722045023,62.0
마라30aa96ab,0.0,0.0,0.0,0.0,0.0,0.0,0.0,0.0,0.0,3.1130760722045023,62.0
마라30aa96ba,0.0,0.0,0.0,0.0,0.0,0.0,0.0,0.0,0.0,3.1130760722045023,62.0
마라30aa96bb,0.0,0.0,0.0,0.0,0.0,0.0,0.0,0.0,0.0,3.1130760722045023,62.0
마라30aa97aa,0.0,0.0,0.0,0.0,0.0,0.0,0.0,0.0,0.0,3.1130760722045023,62.0
마라30aa97ab,0.0,0.0,0.0,0.0,0.0,0.0,0.0,0.0,0.0,3.1130760722045023,62.0
마라30aa97ba,0.0,0.0,0.0,0.0,0.0,0.0,0.0,0.0,0.0,3.1130760722045023,62.0
마라30aa97bb,0.0,0.0,0.0,0.0,0.0,0.0,0.0,0.0,0.0,3.1130760722045023,62.0
마라30aa98aa,0.0,0.0,0.0,0.0,0.0,0.0,0.0,0.0,0.0,3.1130760722045023,62.0
마라30aa98ab,0.033112582781456956,0.0,0.0,0.0,0.0,0.0,0.0,0.0,-0.003034070630524008,2.4791925079025385,171.0
마라30aa98ba,0.0,0.0,0.0,0.0,0.0,0.0,0.0,0.0,0.0,3.1130760722045023,62.0
마라30aa98bb,0.0,0.0,0.0,0.0,0.0,0.0,0.0,0.0,0.0,3.1130760722045023,62.0
마라30aa99aa,0.0,0.0,0.0,0.0,0.0,0.0,0.0,0.0,0.0,3.1130760722045023,62.0
마라30aa99ab,0.0,0.0,0.0,0.0,0.0,0.0,0.0,0.0,0.0,3.1130760722045023,62.0
마라30aa99ba,0.0,0.0,0.0,0.0,0.0,0.0,0.0,0.0,0.0,3.1130760722045023,62.0
마라30aa99bb,0.0,0.0,0.0,0.0,0.0,0.0,0.0,0.0,0.0,3.1130760722045023,62.0
마라30ab92ba,0.0,0.0,0.0,0.0,0.0,0.0,0.0,0.0,0.0,3.1130760722045023,62.0
마라30ab92bb,0.026490066225165563,0.0,0.0,0.0,0.0,0.0030740854595757753,0.0,0.0,-0.0028315746733482716,2.362780732793172,162.0
마라30ab93aa,0.052980132450331126,0.0,0.0,0.0,0.0,0.005840762373193974,0.0,0.0,-0.005622717529803637,2.3506084506387155,248.0
마라30ab93ab,0.0,0.0,0.0,0.0,0.0,0.0,0.0,0.0,0.0,3.1130760722045023,62.0
마라30ab93ba,0.0,0.0,0.0,0.0,0.0,0.0,0.0,0.0,0.0,3.1130760722045023,62.0
마라30ab93bb,0.0,0.0,0.0,0.0,0.0,0.0030740854595757753,0.0,0.0,-0.00040431816892906564,3.1400062823452384,70.0
마라30ab94aa,0.0,0.0,0.0,0.0,0.0,0.0,0.0,0.0,0.0,3.1130760722045023,62.0
마라30ab94ab,0.0,0.0,0.0,0.0,0.0,0.0,0.0,0.0,0.0,3.1130760722045023,62.0
마라30ab94ba,0.0,0.0,0.0,0.0,0.0,0.0,0.0,0.0,0.0,3.1130760722045023,62.0
마라30ab94bb,0.0,0.0,0.0,0.0,0.0,0.0,0.0,0.0,0.0,3.1130760722045023,62.0
마라30ab95aa,0.0,0.0,0.0,0.0,0.0,0.0,0.0,0.0,0.0,3.1130760722045023,62.0
마라30ab95ab,0.0,0.0,0.0,0.0,0.0,0.0,0.0,0.0,0.0,3.1130760722045023,62.0
마라30ab95ba,0.0,0.0,0.0,0.0,0.0,0.0,0.0,0.0,0.0,3.1130760722045023,62.0
마라30ab95bb,0.006622516556291391,0.0,0.0,0.0,0.0,0.0,0.0,0.0,-0.0006068141261048015,2.2628047968481355,74.0
마라30ab96aa,0.0,0.0,0.0,0.0,0.0,0.0,0.0,0.0,0.0,3.1130760722045023,62.0
마라30ab96ab,0.0,0.0,0.0,0.0,0.0,0.0,0.0,0.0,0.0,3.1130760722045023,62.0
마라30ab96ba,0.0,0.0,0.0,0.0,0.0,0.0,0.0,0.0,0.0,3.1130760722045023,62.0
마라30ab96bb,0.0,0.0,0.0,0.0,0.0,0.0,0.0,0.0,0.0,3.1130760722045023,62.0
마라30ab97aa,0.0,0.0,0.0,0.0,0.0,0.0,0.0,0.0,0.0,3.1130760722045023,62.0
마라30ab97ab,0.0,0.0,0.0,0.0,0.0,0.0,0.0,0.0,0.0,3.1130760722045023,62.0
마라30ab97ba,0.0,0.0,0.0,0.0,0.0,0.0,0.0,0.0,0.0,3.1130760722045023,62.0
마라30ab97bb,0.0,0.0,0.0,0.0,0.0,0.0,0.0,0.0,0.0,3.1130760722045023,62.0
마라30ab98aa,0.0,0.0,0.0,0.0,0.0,0.0,0.0,0.0,0.0,3.1130760722045023,62.0
마라30ab98ab,0.0,0.0,0.0,0.0,0.0,0.0,0.0,0.0,0.0,3.1130760722045023,62.0
마라30ab98ba,0.0,0.0,0.0,0.0,0.0,0.0,0.0,0.0,0.0,3.1130760722045023,62.0
마라30ab98bb,0.0,0.0,0.0,0.0,0.0,0.0,0.0,0.0,0.0,3.1130760722045023,62.0
마라30ab99aa,0.0,0.0,0.0,0.0,0.0,0.0,0.0,0.0,0.0,3.1130760722045023,62.0
마라30ab99ab,0.0,0.0,0.0,0.0,0.0,0.0,0.0,0.0,0.0,3.1130760722045023,62.0
마라30ab99ba,0.0,0.0,0.0,0.0,0.0,0.0,0.0,0.0,0.0,3.1130760722045023,62.0
마라30ab99bb,0.0,0.0,0.0,0.0,0.0,0.0,0.0,0.0,0.0,3.1130760722045023,62.0
마라30ba92bb,0.0,0.0,0.0,0.0,0.0,0.0,0.0,0.0,0.0,3.1130760722045023,62.0
마라30ba93aa,0.0,0.0,0.0,0.0,0.0,0.0,0.0,0.0,0.0,3.1130760722045023,62.0
마라30ba93ab,0.013245033112582781,0.08,0.0,0.0,0.0,0.0,0.0,0.225,-0.028318002905491767,4.491942620179659,938.0
마라30ba93ba,0.046357615894039736,0.04,0.0,0.0,0.0,0.004918536735321242,0.0,0.0,-0.008542748382077156,4.569147884510745,342.0
마라30ba93bb,0.013245033112582781,0.0,0.0,0.0,0.0,0.006148170919151552,0.01295336787564767,0.16666666666666666,-0.01540027669898847,2.988522749690063,572.0
마라30ba94aa,0.006622516556291391,0.0,0.0,0.0,0.0,0.0,0.0,0.0,-0.0006068141261048015,2.2628047968481355,74.0
마라30ba94ab,0.0,0.0,0.0,0.0,0.0,0.0,0.0,0.0,0.0,3.1130760722045023,62.0
마라30ba94ba,0.0,0.0,0.0,0.0,0.0,0.0,0.0,0.0,0.0,3.1130760722045023,62.0
마라30ba94bb,0.0,0.0,0.0,0.0,0.0,0.0,0.0,0.0,0.0,3.1130760722045023,62.0
마라30ba95aa,0.0,0.0,0.0,0.0,0.0,0.0,0.0,0.0,0.0,3.1130760722045023,62.0
마라30ba95ab,0.0,0.0,0.0,0.0,0.0,0.0,0.0,0.0,0.0,3.1130760722045023,62.0
마라30ba95ba,0.0,0.0,0.0,0.0,0.0,0.0,0.0,0.0,0.0,3.1130760722045023,62.0
마라30ba95bb,0.0,0.0,0.0,0.0,0.0,0.0,0.0,0.0,0.0,3.1130760722045023,62.0
마라30ba96aa,0.0,0.0,0.0,0.0,0.0,0.0,0.0,0.0,0.0,3.1130760722045023,62.0
마라30ba96ab,0.0,0.0,0.0,0.0,0.0,0.0,0.0,0.0,0.0,3.1130760722045023,62.0
마라30ba96ba,0.0,0.0,0.0,0.0,0.0,0.0,0.0,0.0,0.0,3.1130760722045023,62.0
마라30ba96bb,0.0,0.0,0.0,0.0,0.0,0.0,0.0,0.0,0.0,3.1130760722045023,62.0
마라30ba97aa,0.0,0.0,0.0,0.0,0.0,0.0,0.0,0.0,0.0,3.1130760722045023,62.0
마라30ba97ab,0.0,0.0,0.0,0.0,0.0,0.0,0.0,0.0,0.0,3.1130760722045023,62.0
마라30ba97ba,0.0,0.0,0.0,0.0,0.0,0.0,0.0,0.0,0.0,3.1130760722045023,62.0
마라30ba97bb,0.0,0.0,0.0,0.0,0.0,0.0,0.0,0.0,0.0,3.1130760722045023,62.0
마라30ba98aa,0.0,0.0,0.0,0.0,0.0,0.0,0.0,0.0,0.0,3.1130760722045023,62.0
마라30ba98ab,0.0,0.0,0.0,0.0,0.0,0.0,0.0,0.0,0.0,3.1130760722045023,62.0
마라30ba98ba,0.0,0.0,0.0,0.0,0.0,0.0,0.0,0.0,0.0,3.1130760722045023,62.0
마라30ba98bb,0.0,0.0,0.0,0.0,0.0,0.0,0.0,0.0,0.0,3.1130760722045023,62.0
마라30ba99aa,0.0,0.0,0.0,0.0,0.0,0.0,0.0,0.0,0.0,3.1130760722045023,62.0
마라30ba99ab,0.0,0.0,0.0,0.0,0.0,0.0,0.0,0.0,0.0,3.1130760722045023,62.0
마라30ba99ba,0.0,0.0,0.0,0.0,0.0,0.0,0.0,0.0,0.0,3.1130760722045023,62.0
마라30ba99bb,0.0,0.0,0.0,0.0,0.0,0.0,0.0,0.0,0.0,3.1130760722045023,62.0
마라30bb93aa,0.0,0.0,0.0,0.0,0.0,0.0,0.0,0.0,0.0,3.1130760722045023,62.0
마라30bb93ab,0.006622516556291391,0.0,0.0,0.0,0.0,0.0,0.0,0.0,-0.0006068141261048015,2.2628047968481355,74.0
마라30bb93ba,0.06622516556291391,0.0,0.0,0.0,0.0,0.003688902551490931,0.0,0.0,-0.006553323063762894,2.5202627359342102,280.0
마라30bb93bb,0.0,0.0,0.0,0.0,0.0,0.0,0.0,0.0,0.0,3.1130760722045023,62.0
마라30bb94aa,0.0,0.0,0.0,0.0,0.0,0.0,0.0,0.0,0.0,3.1130760722045023,62.0
마라30bb94ab,0.0,0.0,0.0,0.0,0.0,0.0,0.0,0.0,0.0,3.1130760722045023,62.0
마라30bb94ba,0.0,0.0,0.0,0.0,0.0,0.0,0.0,0.0,0.0,3.1130760722045023,62.0
마라30bb94bb,0.0,0.0,0.0,0.0,0.0,0.0,0.0,0.0,0.0,3.1130760722045023,62.0
마라30bb95aa,0.019867549668874173,0.0,0.0,0.0,0.0,0.0,0.0,0.0,-0.0018204423783144046,2.235757445615273,118.0
마라30bb95ab,0.0,0.0,0.0,0.0,0.0,0.0,0.0,0.0,0.0,3.1130760722045023,62.0
마라30bb95ba,0.0,0.0,0.0,0.0,0.0,0.0,0.0,0.0,0.0,3.1130760722045023,62.0
마라30bb95bb,0.0,0.0,0.0,0.0,0.0,0.0,0.0,0.0,0.0,3.1130760722045023,62.0
마라30bb96aa,0.0,0.0,0.0,0.0,0.0,0.0,0.0,0.0,0.0,3.1130760722045023,62.0
마라30bb96ab,0.0,0.0,0.0,0.0,0.0,0.0,0.0,0.0,0.0,3.1130760722045023,62.0
마라30bb96ba,0.0,0.0,0.0,0.0,0.0,0.0,0.0,0.0,0.0,3.1130760722045023,62.0
마라30bb96bb,0.0,0.0,0.0,0.0,0.0,0.0,0.0,0.0,0.0,3.1130760722045023,62.0
마라30bb97aa,0.0,0.0,0.0,0.0,0.0,0.0,0.0,0.0,0.0,3.1130760722045023,62.0
마라30bb97ab,0.0,0.0,0.0,0.0,0.0,0.0,0.0,0.0,0.0,3.1130760722045023,62.0
마라30bb97ba,0.0,0.0,0.0,0.0,0.0,0.0,0.0,0.0,0.0,3.1130760722045023,62.0
마라30bb97bb,0.0,0.0,0.0,0.0,0.0,0.0,0.0,0.0,0.0,3.1130760722045023,62.0
마라30bb98aa,0.0,0.0,0.0,0.0,0.0,0.0,0.0,0.0,0.0,3.1130760722045023,62.0
마라30bb98ab,0.0,0.0,0.0,0.0,0.0,0.0,0.0,0.0,0.0,3.1130760722045023,62.0
마라30bb98ba,0.0,0.0,0.0,0.0,0.0,0.0,0.0,0.0,0.0,3.1130760722045023,62.0
마라30bb98bb,0.0,0.0,0.0,0.0,0.0,0.0,0.0,0.0,0.0,3.1130760722045023,62.0
마라30bb99aa,0.0,0.0,0.0,0.0,0.0,0.0,0.0,0.0,0.0,3.1130760722045023,62.0
마라30bb99ab,0.0,0.0,0.0,0.0,0.0,0.0,0.0,0.0,0.0,3.1130760722045023,62.0
마라30bb99ba,0.0,0.0,0.0,0.0,0.0,0.0,0.0,0.0,0.0,3.1130760722045023,62.0
마라30bb99bb,0.0,0.0,0.0,0.0,0.0,0.0,0.0,0.0,0.0,3.1130760722045023,62.0
마라31aa93ab,0.0,0.0,0.0,0.0,0.0,0.0,0.0,0.0,0.0,3.1130760722045023,62.0
마라31aa93ba,0.006622516556291391,0.0,0.0,0.0,0.0,0.0,0.0,0.0,-0.0006068141261048015,2.2628047968481355,74.0
마라31aa93bb,0.0,0.0,0.0,0.0,0.0,0.0,0.0,0.0,0.0,3.1130760722045023,62.0
마라31aa94aa,0.0,0.0,0.0,0.0,0.0,0.0,0.010362694300518135,0.0,0.0010357199692593083,3.3884844660798334,54.0
마라31aa94ab,0.0,0.0,0.0,0.0,0.0,0.0,0.0,0.0,0.0,3.1130760722045023,62.0
마라31aa94ba,0.0,0.0,0.0,0.0,0.0,0.0,0.0,0.0,0.0,3.1130760722045023,62.0
마라31aa94bb,0.006622516556291391,0.0,0.0,0.0,0.0,0.0,0.0,0.13094894025,-0.012135031418770847,2.2060461515044403,453.0
마라31aa95aa,0.006622516556291391,0.0,0.0,0.0,0.0,0.0,0.0,0.0,-0.0006068141261048015,2.2628047968481355,74.0
마라31aa95ab,0.019867549668874173,0.0,0.0,0.0,0.0,0.007377805102981862,0.0,0.0,-0.002790805983744162,2.4575654699077876,159.0
마라31aa95ba,0.013245033112582781,0.0,0.0,0.0,0.0,0.0,0.0,0.0,-0.001213628252209603,2.2845975411154673,93.0
마라31aa95bb,0.0,0.0,0.0,0.0,0.0,0.0,0.0,0.0,0.0,3.1130760722045023,62.0
마라31aa96aa,0.0,0.0,0.0,0.0,0.0,0.0,0.0,0.0,0.0,3.1130760722045023,62.0
마라31aa96ab,0.0,0.0,0.0,0.0,0.0,0.0,0.0,0.0,0.0,3.1130760722045023,62.0
마라31aa96ba,0.0,0.0,0.0,0.0,0.0,0.0,0.0,0.0,0.0,3.1130760722045023,62.0
마라31aa96bb,0.0,0.0,0.0,0.0,0.0,0.0,0.0,0.0,0.0,3.1130760722045023,62.0
마라31aa97aa,0.0,0.0,0.0,0.0,0.0,0.0,0.0,0.0,0.0,3.1130760722045023,62.0
마라31aa97ab,0.0,0.0,0.0,0.0,0.0,0.0,0.0,0.0,0.0,3.1130760722045023,62.0
마라31aa97ba,0.0,0.0,0.0,0.0,0.0,0.0,0.0,0.0,0.0,3.1130760722045023,62.0
마라31aa97bb,0.0,0.0,0.0,0.0,0.0,0.0,0.0,0.0,0.0,3.1130760722045023,62.0
마라31aa98aa,0.0,0.0,0.0,0.0,0.0,0.0,0.0,0.0,0.0,3.1130760722045023,62.0
마라31aa98ab,0.0,0.0,0.0,0.0,0.0,0.0,0.0,0.0,0.0,3.1130760722045023,62.0
마라31aa98ba,0.0,0.0,0.0,0.0,0.0,0.0,0.0,0.0,0.0,3.1130760722045023,62.0
마라31aa98bb,0.0,0.0,0.0,0.0,0.0,0.0,0.0,0.0,0.0,3.1130760722045023,62.0
마라31aa99aa,0.0,0.0,0.0,0.0,0.0,0.0,0.0,0.0,0.0,3.1130760722045023,62.0
마라31aa99ab,0.0,0.0,0.0,0.0,0.0,0.0,0.0,0.0,0.0,3.1130760722045023,62.0
마라31aa99ba,0.0,0.0,0.0,0.0,0.0,0.0,0.0,0.0,0.0,3.1130760722045023,62.0
마라31aa99bb,0.0,0.0,0.0,0.0,0.0,0.0,0.0,0.0,0.0,3.1130760722045023,62.0
마라31ab93ab,0.0,0.0,0.0,0.0,0.0,0.0,0.0,0.0,0.0,3.1130760722045023,62.0
마라31ab93ba,0.006622516556291391,0.0,0.0,0.0,0.0,0.0,0.0,0.0,-0.0006068141261048015,2.2628047968481355,74.0
마라31ab93bb,0.0,0.0,0.0,0.0,0.0,0.0,0.0,0.0,0.0,3.1130760722045023,62.0
마라31ab94aa,0.006622516556291391,0.0,0.0,0.0,0.0,0.0,0.0,0.0,-0.0006068141261048015,2.2628047968481355,74.0
마라31ab94ab,0.013245033112582781,0.0,0.0,0.0,0.0,0.007377805102981862,0.0,0.0,-0.0021839918576393607,2.5357693947003828,135.0
마라31ab94ba,0.033112582781456956,0.0,0.0,0.0,0.0,0.019674146941284967,0.0,0.0,-0.005621706911670028,2.883100510197273,247.0
마라31ab94bb,0.0,0.0,0.0,0.0,0.0,0.00891484783276975,0.0,0.0,-0.0011725226898942906,3.307495641163048,91.0
마라31ab95aa,0.0,0.0,0.0,0.0,0.0,0.0,0.0,0.0,0.0,3.1130760722045023,62.0
마라31ab95ab,0.0,0.0,0.0,0.0,0.0,0.0,0.0,0.0,0.0,3.1130760722045023,62.0
마라31ab95ba,0.006622516556291391,0.0,0.0,0.0,0.0,0.0,0.0,0.0,-0.0006068141261048015,2.2628047968481355,74.0
마라31ab95bb,0.0,0.0,0.0,0.0,0.0,0.0,0.0,0.0,0.0,3.1130760722045023,62.0
마라31ab96aa,0.0,0.0,0.0,0.0,0.0,0.0,0.0025906735751295338,0.0,0.00025892999231482707,3.1130760722045023,60.0
마라31ab96ab,0.013245033112582781,0.0,0.0,0.0,0.0,0.0,0.0,0.0,-0.001213628252209603,2.2845975411154673,93.0
마라31ab96ba,0.0,0.0,0.0,0.0,0.0,0.0,0.0,0.0,0.0,3.1130760722045023,62.0
마라31ab96bb,0.0,0.0,0.0,0.0,0.0,0.0,0.0,0.0,0.0,3.1130760722045023,62.0
마라31ab97aa,0.0,0.0,0.0,0.0,0.0,0.0,0.0,0.0,0.0,3.1130760722045023,62.0
마라31ab97ab,0.0,0.0,0.0,0.0,0.0,0.0,0.0,0.0,0.0,3.1130760722045023,62.0
마라31ab97ba,0.0,0.0,0.0,0.0,0.0,0.0,0.0,0.0,0.0,3.1130760722045023,62.0
마라31ab97bb,0.0,0.0,0.0,0.0,0.0,0.0,0.0,0.0,0.0,3.1130760722045023,62.0
마라31ab98aa,0.0,0.0,0.0,0.0,0.0,0.0,0.0,0.0,0.0,3.1130760722045023,62.0
마라31ab98ab,0.0,0.0,0.0,0.0,0.0,0.0,0.0,0.0,0.0,3.1130760722045023,62.0
마라31ab98ba,0.0,0.0,0.0,0.0,0.0,0.0,0.0,0.0,0.0,3.1130760722045023,62.0
마라31ab98bb,0.0,0.0,0.0,0.0,0.0,0.0,0.0,0.0,0.0,3.1130760722045023,62.0
마라31ab99aa,0.0,0.0,0.0,0.0,0.0,0.0,0.0,0.0,0.0,3.1130760722045023,62.0
마라31ab99ab,0.0,0.0,0.0,0.0,0.0,0.0,0.0,0.0,0.0,3.1130760722045023,62.0
마라31ab99ba,0.0,0.0,0.0,0.0,0.0,0.0,0.0,0.0,0.0,3.1130760722045023,62.0
마라31ab99bb,0.0,0.0,0.0,0.0,0.0,0.0,0.0,0.0,0.0,3.1130760722045023,62.0
마라31ba93aa,0.0,0.0,0.0,0.0,0.0,0.0,0.0,0.0,0.0,3.1130760722045023,62.0
마라31ba93ab,0.0,0.0,0.0,0.0,0.0,0.0,0.0,0.0,0.0,3.1130760722045023,62.0
마라31ba93ba,0.0,0.0,0.0,0.0,0.0,0.0,0.0,0.0,0.0,3.1130760722045023,62.0
마라31ba93bb,0.026490066225165563,0.0,0.0,0.0,0.0,0.0,0.0,0.0,-0.002427256504419206,2.235757445615273,144.0
마라31ba94aa,0.046357615894039736,0.04,0.0,0.0,0.0,0.0,0.0,0.0,-0.00789583931179065,4.425901268121285,321.0
마라31ba94ab,0.07947019867549669,0.0,0.0,0.0,0.0,0.004918536735321242,0.0,0.4338692196666667,-0.04612477724129398,3.467619519293284,1162.0
마라31ba94ba,0.006622516556291391,0.0,0.0,0.0,0.0,0.015985244389794036,0.0,0.0,-0.002709268604535944,2.7937036125622545,154.0
마라31ba94bb,0.013245033112582781,0.0,0.0,0.0,0.0,0.0021518598217030436,0.0,0.15,-0.014702046833905334,2.24929805986454,550.0
마라31ba95aa,0.0,0.0,0.0,0.0,0.0,0.0,0.0,0.21667870908333334,-0.019075520857504906,3.1879114840819356,704.0
마라31ba95ab,0.0,0.0,0.0,0.0,0.0,0.0,0.0,0.4297085741666667,-0.0378298121852501,3.276006722177174,1080.0
마라31ba95ba,0.0,0.0,0.0,0.0,0.0,0.0,0.0,0.0,0.0,3.1130760722045023,62.0
마라31ba95bb,0.0,0.0,0.0,0.0,0.0,0.0,0.0,0.0,0.0,3.1130760722045023,62.0
마라31ba96aa,0.0,0.0,0.0,0.0,0.0,0.0,0.0,0.0,0.0,3.1130760722045023,62.0
마라31ba96ab,0.0,0.0,0.0,0.0,0.0,0.0,0.0,0.0,0.0,3.1130760722045023,62.0
마라31ba96ba,0.0,0.0,0.0,0.0,0.0,0.0,0.0,0.0,0.0,3.1130760722045023,62.0
마라31ba96bb,0.0,0.0,0.0,0.0,0.0,0.0,0.0,0.0,0.0,3.1130760722045023,62.0
마라31ba97aa,0.0,0.0,0.0,0.0,0.0,0.0,0.0,0.0,0.0,3.1130760722045023,62.0
마라31ba97ab,0.0,0.0,0.0,0.0,0.0,0.0,0.0,0.0,0.0,3.1130760722045023,62.0
마라31ba97ba,0.0,0.0,0.0,0.0,0.0,0.0,0.0,0.0,0.0,3.1130760722045023,62.0
마라31ba97bb,0.0,0.0,0.0,0.0,0.0,0.0,0.0,0.0,0.0,3.1130760722045023,62.0
마라31ba98aa,0.0,0.0,0.0,0.0,0.0,0.0,0.0,0.0,0.0,3.1130760722045023,62.0
마라31ba98ab,0.0,0.0,0.0,0.0,0.0,0.0,0.0,0.0,0.0,3.1130760722045023,62.0
마라31ba98ba,0.0,0.0,0.0,0.0,0.0,0.0,0.0,0.0,0.0,3.1130760722045023,62.0
마라31ba98bb,0.0,0.0,0.0,0.0,0.0,0.0,0.0,0.0,0.0,3.1130760722045023,62.0
마라31ba99aa,0.0,0.0,0.0,0.0,0.0,0.0,0.0,0.0,0.0,3.1130760722045023,62.0
마라31ba99ab,0.0,0.0,0.0,0.0,0.0,0.0,0.0,0.0,0.0,3.1130760722045023,62.0
마라31ba99ba,0.0,0.0,0.0,0.0,0.0,0.0,0.0,0.0,0.0,3.1130760722045023,62.0
마라31ba99bb,0.0,0.0,0.0,0.0,0.0,0.0,0.0,0.0,0.0,3.1130760722045023,62.0
마라31bb93aa,0.0,0.0,0.0,0.0,0.0,0.0,0.0,0.0,0.0,3.1130760722045023,62.0
마라31bb93ab,0.0,0.0,0.0,0.0,0.0,0.0,0.0,0.0,0.0,3.1130760722045023,62.0
마라31bb93ba,0.033112582781456956,0.0,0.0,0.0,0.0,0.0,0.0,0.0,-0.003034070630524008,2.4791925079025385,171.0
마라31bb93bb,0.006622516556291391,0.0,0.0,0.0,0.0,0.0,0.0,0.0,-0.0006068141261048015,2.2628047968481355,74.0
마라31bb94aa,0.039735099337748346,0.04,0.0,0.0,0.0,0.0027666769136181985,0.0,0.0,-0.0076529115377220085,4.765847326253902,309.0
마라31bb94ab,0.1456953642384106,0.0,0.0,0.125,0.0,0.0030740854595757753,0.0,0.0,-0.002237209234248187,2.0218749478035196,137.0
마라31bb94ba,0.026490066225165563,0.0,0.0,0.0,0.0,0.0064555794651091295,0.0,0.0,-0.003276324659170244,2.423037682880001,175.0
마라31bb94bb,0.0,0.0,0.0,0.0,0.0,0.0,0.0,0.0,0.0,3.1130760722045023,62.0
마라31bb95aa,0.0,0.0,0.0,0.0,0.0,0.0,0.0,0.0,0.0,3.1130760722045023,62.0
마라31bb95ab,0.0,0.0,0.0,0.0,0.0,0.0,0.0,0.0,0.0,3.1130760722045023,62.0
마라31bb95ba,0.0,0.0,0.0,0.0,0.0,0.0,0.0,0.0,0.0,3.1130760722045023,62.0
마라31bb95bb,0.0,0.0,0.0,0.0,0.0,0.0,0.0,0.0,0.0,3.1130760722045023,62.0
마라31bb96aa,0.0,0.0,0.0,0.0,0.0,0.0,0.0,0.0,0.0,3.1130760722045023,62.0
마라31bb96ab,0.0,0.0,0.0,0.0,0.0,0.0,0.0,0.0,0.0,3.1130760722045023,62.0
마라31bb96ba,0.0,0.0,0.0,0.0,0.0,0.0,0.0,0.0,0.0,3.1130760722045023,62.0
마라31bb96bb,0.0,0.0,0.0,0.0,0.0,0.0,0.0,0.0,0.0,3.1130760722045023,62.0
마라31bb97aa,0.0,0.0,0.0,0.0,0.0,0.0,0.0,0.0,0.0,3.1130760722045023,62.0
마라31bb97ab,0.0,0.0,0.0,0.0,0.0,0.0,0.0,0.0,0.0,3.1130760722045023,62.0
마라31bb97ba,0.0,0.0,0.0,0.0,0.0,0.0,0.0,0.0,0.0,3.1130760722045023,62.0
마라31bb97bb,0.0,0.0,0.0,0.0,0.0,0.0,0.0,0.0,0.0,3.1130760722045023,62.0
마라31bb98aa,0.0,0.0,0.0,0.0,0.0,0.0,0.0,0.0,0.0,3.1130760722045023,62.0
마라31bb98ab,0.0,0.0,0.0,0.0,0.0,0.0,0.0,0.0,0.0,3.1130760722045023,62.0
마라31bb98ba,0.0,0.0,0.0,0.0,0.0,0.0,0.0,0.0,0.0,3.1130760722045023,62.0
마라31bb98bb,0.0,0.0,0.0,0.0,0.0,0.0,0.0,0.0,0.0,3.1130760722045023,62.0
마라31bb99aa,0.0,0.0,0.0,0.0,0.0,0.0,0.0,0.0,0.0,3.1130760722045023,62.0
마라31bb99ab,0.0,0.0,0.0,0.0,0.0,0.0,0.0,0.0,0.0,3.1130760722045023,62.0
마라31bb99ba,0.0,0.0,0.0,0.0,0.0,0.0,0.0,0.0,0.0,3.1130760722045023,62.0
마라31bb99bb,0.0,0.0,0.0,0.0,0.0,0.0,0.0,0.0,0.0,3.1130760722045023,62.0
마라32aa93aa,0.0,0.0,0.0,0.0,0.0,0.0,0.0,0.0,0.0,3.1130760722045023,62.0
마라32aa93ab,0.0,0.0,0.0,0.0,0.0,0.0,0.0,0.0,0.0,3.1130760722045023,62.0
마라32aa93ba,0.026490066225165563,0.0,0.0,0.0,0.0,0.003688902551490931,0.0,0.0,-0.002912438307134085,2.573964478428775,167.0
마라32aa93bb,0.019867549668874173,0.0,0.0,0.0,0.0,0.0064555794651091295,0.0,0.0,-0.0026695105330654424,2.423037682880001,151.0
마라32aa94aa,0.013245033112582781,0.0,0.0,0.0,0.0,0.0,0.0,0.0,-0.001213628252209603,2.2845975411154673,93.0
마라32aa94ab,0.046357615894039736,0.08,0.0,0.0,0.0,0.0,0.0,0.0,-0.011543979740847692,4.066213233933252,440.0
마라32aa94ba,0.019867549668874173,0.0,0.0,0.0,0.0,0.0064555794651091295,0.0,0.0,-0.0026695105330654424,2.423037682880001,151.0
마라32aa94bb,0.0,0.0,0.0,0.0,0.0,0.0,0.0,0.0,0.0,3.1130760722045023,62.0
마라32aa95aa,0.0,0.0,0.0,0.0,0.0,0.0,0.0,0.0,0.0,3.1130760722045023,62.0
마라32aa95ab,0.0,0.0,0.0,0.0,0.0,0.0,0.0,0.0,0.0,3.1130760722045023,62.0
마라32aa95ba,0.0,0.0,0.0,0.0,0.0,0.0,0.0,0.0,0.0,3.1130760722045023,62.0
마라32aa95bb,0.0,0.0,0.0,0.0,0.0,0.0,0.0,0.0,0.0,3.1130760722045023,62.0
마라32aa96aa,0.0,0.0,0.0,0.0,0.0,0.0,0.0,0.0,0.0,3.1130760722045023,62.0
마라32aa96ab,0.0,0.0,0.0,0.0,0.0,0.0,0.0,0.0,0.0,3.1130760722045023,62.0
마라32aa96ba,0.0,0.0,0.0,0.0,0.0,0.0,0.0,0.0,0.0,3.1130760722045023,62.0
마라32aa96bb,0.0,0.0,0.0,0.0,0.0,0.0,0.0,0.0,0.0,3.1130760722045023,62.0
마라32aa97aa,0.0,0.0,0.0,0.0,0.0,0.0,0.0,0.0,0.0,3.1130760722045023,62.0
마라32aa97ab,0.0,0.0,0.0,0.0,0.0,0.0,0.0,0.0,0.0,3.1130760722045023,62.0
마라32aa97ba,0.0,0.0,0.0,0.0,0.0,0.0,0.0,0.0,0.0,3.1130760722045023,62.0
마라32aa97bb,0.0,0.0,0.0,0.0,0.0,0.0,0.0,0.0,0.0,3.1130760722045023,62.0
마라32aa98aa,0.0,0.0,0.0,0.0,0.0,0.0,0.0,0.0,0.0,3.1130760722045023,62.0
마라32aa98ab,0.0,0.0,0.0,0.0,0.0,0.0,0.0,0.0,0.0,3.1130760722045023,62.0
마라32aa98ba,0.0,0.0,0.0,0.0,0.0,0.0,0.0,0.0,0.0,3.1130760722045023,62.0
마라32aa98bb,0.0,0.0,0.0,0.0,0.0,0.0,0.0,0.0,0.0,3.1130760722045023,62.0
마라32aa99aa,0.0,0.0,0.0,0.0,0.0,0.0,0.0,0.0,0.0,3.1130760722045023,62.0
마라32aa99ab,0.0,0.0,0.0,0.0,0.0,0.0,0.0,0.0,0.0,3.1130760722045023,62.0
마라32aa99ba,0.0,0.0,0.0,0.0,0.0,0.0,0.0,0.0,0.0,3.1130760722045023,62.0
마라32aa99bb,0.0,0.0,0.0,0.0,0.0,0.0,0.0,0.0,0.0,3.1130760722045023,62.0
마라32ab93aa,0.0,0.0,0.0,0.0,0.0,0.0,0.0,0.0,0.0,3.1130760722045023,62.0
마라32ab93ab,0.0,0.0,0.0,0.0,0.0,0.0,0.0,0.0,0.0,3.1130760722045023,62.0
마라32ab93ba,0.0,0.0,0.0,0.0,0.0,0.0,0.0,0.0,0.0,3.1130760722045023,62.0
마라32ab93bb,0.006622516556291391,0.0,0.0,0.0,0.0,0.002459268367660621,0.0,0.0,-0.0009302686612480541,2.399348841046791,82.0
마라32ab94aa,0.0,0.0,0.0,0.0,0.0,0.0,0.0,0.0,0.0,3.1130760722045023,62.0
마라32ab94ab,0.006622516556291391,0.0,0.0,0.0,0.0,0.0,0.0,0.0,-0.0006068141261048015,2.2628047968481355,74.0
마라32ab94ba,0.013245033112582781,0.0,0.0,0.0,0.0,0.0,0.0,0.0,-0.001213628252209603,2.2845975411154673,93.0
마라32ab94bb,0.0,0.0,0.0,0.0,0.0,0.0,0.0,0.0,0.0,3.1130760722045023,62.0
마라32ab95aa,0.0,0.0,0.0,0.0,0.0,0.0,0.0,0.0,0.0,3.1130760722045023,62.0
마라32ab95ab,0.0,0.0,0.0,0.0,0.0,0.0,0.0,0.0,0.0,3.1130760722045023,62.0
마라32ab95ba,0.0,0.0,0.0,0.0,0.0,0.0,0.0,0.0,0.0,3.1130760722045023,62.0
마라32ab95bb,0.0,0.0,0.0,0.0,0.0,0.0,0.0,0.0,0.0,3.1130760722045023,62.0
마라32ab96aa,0.006622516556291391,0.0,0.0,0.0,0.0,0.0,0.0,0.25360067433333333,-0.022932796098160537,2.667098916700048,806.0
마라32ab96ab,0.0,0.0,0.0,0.0,0.0,0.0,0.0,0.0,0.0,3.1130760722045023,62.0
마라32ab96ba,0.0,0.0,0.0,0.0,0.0,0.0,0.0,0.0,0.0,3.1130760722045023,62.0
마라32ab96bb,0.0,0.0,0.0,0.0,0.0,0.0,0.0,0.0,0.0,3.1130760722045023,62.0
마라32ab97aa,0.0,0.0,0.0,0.0,0.0,0.0,0.0,0.0,0.0,3.1130760722045023,62.0
마라32ab97ab,0.0,0.0,0.0,0.0,0.0,0.0,0.0,0.0,0.0,3.1130760722045023,62.0
마라32ab97ba,0.0,0.0,0.0,0.0,0.0,0.0,0.0,0.0,0.0,3.1130760722045023,62.0
마라32ab97bb,0.0,0.0,0.0,0.0,0.0,0.0,0.0,0.0,0.0,3.1130760722045023,62.0
마라32ab98aa,0.0,0.0,0.0,0.0,0.0,0.0,0.0,0.0,0.0,3.1130760722045023,62.0
마라32ab98ab,0.0,0.0,0.0,0.0,0.0,0.0,0.0,0.0,0.0,3.1130760722045023,62.0
마라32ab98ba,0.0,0.0,0.0,0.0,0.0,0.0,0.0,0.0,0.0,3.1130760722045023,62.0
마라32ab98bb,0.0,0.0,0.0,0.0,0.0,0.0,0.0,0.0,0.0,3.1130760722045023,62.0
마라32ab99aa,0.0,0.0,0.0,0.0,0.0,0.0,0.0,0.0,0.0,3.1130760722045023,62.0
마라32ab99ab,0.0,0.0,0.0,0.0,0.0,0.0,0.0,0.0,0.0,3.1130760722045023,62.0
마라32ab99ba,0.0,0.0,0.0,0.0,0.0,0.0,0.0,0.0,0.0,3.1130760722045023,62.0
마라32ab99bb,0.0,0.0,0.0,0.0,0.0,0.0,0.0,0.0,0.0,3.1130760722045023,62.0
마라32ba93aa,0.0,0.0,0.0,0.0,0.0,0.0,0.0,0.0,0.0,3.1130760722045023,62.0
마라32ba93ab,0.0,0.0,0.0,0.0,0.0,0.0,0.0,0.0,0.0,3.1130760722045023,62.0
마라32ba93ba,0.0,0.0,0.0,0.0,0.0,0.0,0.0,0.0,0.0,3.1130760722045023,62.0
마라32ba93bb,0.046357615894039736,0.0,0.0,0.0,0.0,0.003996311097448509,0.0,0.0,-0.004773312502341396,2.381185430964048,218.0
마라32ba94aa,0.0,0.0,0.0,0.0,0.0,0.0,0.0,0.0,0.0,3.1130760722045023,62.0
마라32ba94ab,0.0,0.0,0.0,0.0,0.0,0.0,0.0,0.0,0.0,3.1130760722045023,62.0
마라32ba94ba,0.0,0.0,0.0,0.0,0.0,0.0,0.0,0.0,0.0,3.1130760722045023,62.0
마라32ba94bb,0.0,0.0,0.0,0.0,0.0,0.0,0.0,0.0,0.0,3.1130760722045023,62.0
마라32ba95aa,0.0,0.0,0.0,0.0,0.0,0.0,0.0,0.0,0.0,3.1130760722045023,62.0
마라32ba95ab,0.0,0.0,0.0,0.0,0.0,0.0,0.0,0.0,0.0,3.1130760722045023,62.0
마라32ba95ba,0.006622516556291391,0.0,0.0,0.0,0.0,0.0018444512757454655,0.0,0.0,-0.0008494050274622409,2.3518721184154567,80.0
마라32ba95bb,0.013245033112582781,0.0,0.0,0.0,0.0,0.005840762373193974,0.0,0.0,-0.0019818327731748278,2.521528542959531,124.0
마라32ba96aa,0.0,0.0,0.0,0.0,0.0,0.0,0.031088082901554404,0.0,0.003107159907777925,3.3884844660798334,43.0
마라32ba96ab,0.0,0.0,0.0,0.0,0.0,0.0,0.0,0.2880045760833333,-0.025354762917761276,3.276006722177174,879.0
마라32ba96ba,0.026490066225165563,0.0,0.0,0.0,0.0,0.0,0.0,0.0,-0.002427256504419206,2.235757445615273,144.0
마라32ba96bb,0.006622516556291391,0.0,0.0,0.0,0.0,0.0,0.0,0.0,-0.0006068141261048015,2.2628047968481355,74.0
마라32ba97aa,0.019867549668874173,0.0,0.0,0.0,0.0,0.0,0.0,0.0,-0.0018204423783144046,2.235757445615273,118.0
마라32ba97ab,0.0,0.0,0.0,0.0,0.0,0.0,0.0,0.0,0.0,3.1130760722045023,62.0
마라32ba97ba,0.0,0.0,0.0,0.0,0.0,0.0,0.0,0.0,0.0,3.1130760722045023,62.0
마라32ba97bb,0.0,0.0,0.0,0.0,0.0,0.0,0.0,0.0,0.0,3.1130760722045023,62.0
마라32ba98aa,0.0,0.0,0.0,0.0,0.0,0.0,0.0,0.0,0.0,3.1130760722045023,62.0
마라32ba98ab,0.0,0.0,0.0,0.0,0.0,0.0,0.0,0.0,0.0,3.1130760722045023,62.0
마라32ba98ba,0.0,0.0,0.0,0.0,0.0,0.0,0.0,0.0,0.0,3.1130760722045023,62.0
마라32ba98bb,0.0,0.0,0.0,0.0,0.0,0.0,0.0,0.0,0.0,3.1130760722045023,62.0
마라32ba99aa,0.0,0.0,0.0,0.0,0.0,0.0,0.0,0.0,0.0,3.1130760722045023,62.0
마라32ba99ab,0.0,0.0,0.0,0.0,0.0,0.0,0.0,0.0,0.0,3.1130760722045023,62.0
마라32ba99ba,0.0,0.0,0.0,0.0,0.0,0.0,0.0,0.0,0.0,3.1130760722045023,62.0
마라32ba99bb,0.0,0.0,0.0,0.0,0.0,0.0,0.0,0.0,0.0,3.1130760722045023,62.0
마라32bb93aa,0.0,0.0,0.0,0.0,0.0,0.0,0.0,0.0,0.0,3.1130760722045023,62.0
마라32bb93ab,0.0,0.0,0.0,0.0,0.0,0.0,0.0,0.0,0.0,3.1130760722045023,62.0
마라32bb93ba,0.0,0.0,0.0,0.0,0.0,0.0,0.0,0.0,0.0,3.1130760722045023,62.0
마라32bb93bb,0.019867549668874173,0.0,0.0,0.0,0.0,0.0,0.0,0.0,-0.0018204423783144046,2.235757445615273,118.0
마라32bb94aa,0.0,0.0,0.0,0.0,0.0,0.0,0.0,0.0,0.0,3.1130760722045023,62.0
마라32bb94ab,0.0,0.0,0.0,0.0,0.0,0.0,0.0,0.0,0.0,3.1130760722045023,62.0
마라32bb94ba,0.006622516556291391,0.0,0.0,0.0,0.0,0.0,0.0,0.0,-0.0006068141261048015,2.2628047968481355,74.0
마라32bb94bb,0.006622516556291391,0.0,0.0,0.0,0.0,0.0,0.0,0.0,-0.0006068141261048015,2.2628047968481355,74.0
마라32bb95aa,0.0728476821192053,0.0,0.0,0.0,0.0,0.003996311097448509,0.0,0.0,-0.007200569006760602,2.633505405962594,299.0
마라32bb95ab,0.046357615894039736,0.0,0.0,0.0,0.0,0.00768521364893944,0.0,0.0,-0.005258494305056274,2.292956983058677,235.0
마라32bb95ba,0.09271523178807947,0.0,0.0,0.0,0.0,0.0,0.0,0.0,-0.008495397765467221,8.159066350363856,340.0
마라32bb95bb,0.033112582781456956,0.0,0.0,0.0,0.0,0.005533353827236397,0.0,0.0,-0.0037618433345963263,2.6880569942515153,196.0
마라32bb96aa,0.019867549668874173,0.0,0.0,0.0,0.0,0.004303719643406086,0.0,0.0,-0.0023864878148150965,2.5547642067834477,142.0
마라32bb96ab,0.0,0.0,0.0,0.0,0.0,0.0,0.0,0.0,0.0,3.1130760722045023,62.0
마라32bb96ba,0.0,0.0,0.0,0.0,0.0,0.0,0.0,0.0,0.0,3.1130760722045023,62.0
마라32bb96bb,0.0,0.0,0.0,0.0,0.0,0.0,0.0,0.0,0.0,3.1130760722045023,62.0
마라32bb97aa,0.006622516556291391,0.0,0.0,0.0,0.0,0.0,0.0,0.0,-0.0006068141261048015,2.2628047968481355,74.0
마라32bb97ab,0.0,0.0,0.0,0.0,0.0,0.0,0.0,0.261199422,-0.022994945112087505,3.276006722177174,807.0
마라32bb97ba,0.0,0.0,0.0,0.0,0.0,0.0,0.0,0.0,0.0,3.1130760722045023,62.0
마라32bb97bb,0.0,0.0,0.0,0.0,0.0,0.0,0.0,0.0,0.0,3.1130760722045023,62.0
마라32bb98aa,0.0,0.0,0.0,0.0,0.0,0.0,0.0,0.0,0.0,3.1130760722045023,62.0
마라32bb98ab,0.0,0.0,0.0,0.0,0.0,0.0,0.0,0.0,0.0,3.1130760722045023,62.0
마라32bb98ba,0.0,0.0,0.0,0.0,0.0,0.0,0.0,0.0,0.0,3.1130760722045023,62.0
마라32bb98bb,0.0,0.0,0.0,0.0,0.0,0.0,0.0,0.0,0.0,3.1130760722045023,62.0
마라32bb99aa,0.0,0.0,0.0,0.0,0.0,0.0,0.0,0.0,0.0,3.1130760722045023,62.0
마라32bb99ab,0.0,0.0,0.0,0.0,0.0,0.0,0.0,0.0,0.0,3.1130760722045023,62.0
마라32bb99ba,0.0,0.0,0.0,0.0,0.0,0.0,0.0,0.0,0.0,3.1130760722045023,62.0
마라32bb99bb,0.0,0.0,0.0,0.0,0.0,0.0,0.0,0.0,0.0,3.1130760722045023,62.0
마라33aa93ab,0.0,0.0,0.0,0.0,0.0,0.0,0.0,0.0,0.0,3.1130760722045023,62.0
마라33aa93ba,0.0,0.0,0.0,0.0,0.0,0.0018444512757454655,0.0,0.0,-0.00024259090135743942,3.0906401747686045,66.0
마라33aa93bb,0.013245033112582781,0.0,0.0,0.0,0.0,0.003688902551490931,0.0,0.0,-0.0016988100549244819,2.618680642305037,113.0
마라33aa94aa,0.0,0.0,0.0,0.0,0.0,0.0,0.0,0.0,0.0,3.1130760722045023,62.0
마라33aa94ab,0.0,0.0,0.0,0.0,0.0,0.0,0.0,0.0,0.0,3.1130760722045023,62.0
마라33aa94ba,0.013245033112582781,0.0,0.0,0.0,0.0,0.0018444512757454655,0.0,0.11834055874999999,-0.011874445320200813,2.27910890354178,449.0
마라33aa94bb,0.0,0.0,0.0,0.0,0.0,0.0,0.0,0.0,0.0,3.1130760722045023,62.0
마라33aa95aa,0.006622516556291391,0.0,0.0,0.0,0.0,0.0,0.0,0.0,-0.0006068141261048015,2.2628047968481355,74.0
마라33aa95ab,0.013245033112582781,0.0,0.0,0.0,0.0,0.0,0.0,0.0,-0.001213628252209603,2.2845975411154673,93.0
마라33aa95ba,0.013245033112582781,0.0,0.0,0.0,0.0,0.0,0.0,0.0,-0.001213628252209603,2.2845975411154673,93.0
마라33aa95bb,0.0,0.0,0.0,0.0,0.0,0.0,0.0,0.0,0.0,3.1130760722045023,62.0
마라33aa96aa,0.0,0.0,0.0,0.0,0.0,0.0,0.0,0.0,0.0,3.1130760722045023,62.0
마라33aa96ab,0.0,0.0,0.0,0.0,0.0,0.0,0.0,0.0,0.0,3.1130760722045023,62.0
마라33aa96ba,0.0,0.0,0.0,0.0,0.0,0.0,0.0,0.0,0.0,3.1130760722045023,62.0
마라33aa96bb,0.0,0.0,0.0,0.0,0.0,0.0,0.0,0.0,0.0,3.1130760722045023,62.0
마라33aa97aa,0.0,0.0,0.0,0.0,0.0,0.0,0.0,0.0,0.0,3.1130760722045023,62.0
마라33aa97ab,0.006622516556291391,0.0,0.0,0.0,0.0,0.0,0.0,0.0,-0.0006068141261048015,2.2628047968481355,74.0
마라33aa97ba,0.0,0.0,0.0,0.0,0.0,0.0,0.0,0.0,0.0,3.1130760722045023,62.0
마라33aa97bb,0.0,0.0,0.0,0.0,0.0,0.0,0.0,0.0,0.0,3.1130760722045023,62.0
마라33aa98aa,0.0,0.0,0.0,0.0,0.0,0.0,0.0,0.0,0.0,3.1130760722045023,62.0
마라33aa98ab,0.0,0.0,0.0,0.0,0.0,0.0,0.0,0.0,0.0,3.1130760722045023,62.0
마라33aa98ba,0.0,0.0,0.0,0.0,0.0,0.0,0.0,0.0,0.0,3.1130760722045023,62.0
마라33aa98bb,0.0,0.0,0.0,0.0,0.0,0.0,0.0,0.0,0.0,3.1130760722045023,62.0
마라33aa99aa,0.0,0.0,0.0,0.0,0.0,0.0,0.0,0.0,0.0,3.1130760722045023,62.0
마라33aa99ab,0.0,0.0,0.0,0.0,0.0,0.0,0.0,0.0,0.0,3.1130760722045023,62.0
마라33aa99ba,0.0,0.0,0.0,0.0,0.0,0.0,0.0,0.0,0.0,3.1130760722045023,62.0
마라33aa99bb,0.0,0.0,0.0,0.0,0.0,0.0,0.0,0.0,0.0,3.1130760722045023,62.0
마라33ab93ab,0.0,0.0,0.0,0.0,0.0,0.0,0.0,0.0,0.0,3.1130760722045023,62.0
마라33ab93ba,0.013245033112582781,0.0,0.0,0.0,0.0,0.004303719643406086,0.0,0.0,-0.001779673688710295,2.632968131576043,117.0
마라33ab93bb,0.0,0.0,0.0,0.0,0.0,0.0,0.0,0.14061897883333332,-0.012379528542717427,3.056487806668868,463.0
마라33ab94aa,0.0,0.0,0.0,0.0,0.0,0.0,0.0,0.0,0.0,3.1130760722045023,62.0
마라33ab94ab,0.026490066225165563,0.0,0.0,0.0,0.0,0.0,0.0,0.0,-0.002427256504419206,2.235757445615273,144.0
마라33ab94ba,0.033112582781456956,0.0,0.0,0.0,0.0,0.0,0.0,0.3409922928333333,-0.033053658718844386,2.7426843672130605,1021.0
마라33ab94bb,0.0,0.0,0.0,0.0,0.0,0.0,0.0,0.0,0.0,3.1130760722045023,62.0
마라33ab95aa,0.0,0.0,0.0,0.0,0.0,0.0,0.0,0.0,0.0,3.1130760722045023,62.0
마라33ab95ab,0.0,0.0,0.0,0.0,0.0,0.0,0.0,0.0,0.0,3.1130760722045023,62.0
마라33ab95ba,0.0,0.0,0.0,0.0,0.0,0.0,0.0,0.0,0.0,3.1130760722045023,62.0
마라33ab95bb,0.0,0.0,0.0,0.0,0.0,0.0,0.0,0.0,0.0,3.1130760722045023,62.0
마라33ab96aa,0.0,0.0,0.0,0.0,0.0,0.0,0.0,0.0,0.0,3.1130760722045023,62.0
마라33ab96ab,0.0,0.0,0.0,0.0,0.0,0.0,0.0,0.0,0.0,3.1130760722045023,62.0
마라33ab96ba,0.0,0.0,0.0,0.0,0.0,0.0,0.0,0.0,0.0,3.1130760722045023,62.0
마라33ab96bb,0.0,0.0,0.0,0.0,0.0,0.0,0.0,0.0,0.0,3.1130760722045023,62.0
마라33ab97aa,0.0,0.0,0.0,0.0,0.0,0.0,0.0,0.0,0.0,3.1130760722045023,62.0
마라33ab97ab,0.0,0.0,0.0,0.0,0.0,0.0,0.0,0.0,0.0,3.1130760722045023,62.0
마라33ab97ba,0.0,0.0,0.0,0.0,0.0,0.0,0.0,0.0,0.0,3.1130760722045023,62.0
마라33ab97bb,0.0,0.0,0.0,0.0,0.0,0.0,0.0,0.0,0.0,3.1130760722045023,62.0
마라33ab98aa,0.0,0.0,0.0,0.0,0.0,0.0,0.0,0.0,0.0,3.1130760722045023,62.0
마라33ab98ab,0.0,0.0,0.0,0.0,0.0,0.0,0.0,0.0,0.0,3.1130760722045023,62.0
마라33ab98ba,0.0,0.0,0.0,0.0,0.0,0.0,0.0,0.0,0.0,3.1130760722045023,62.0
마라33ab98bb,0.0,0.0,0.0,0.0,0.0,0.0,0.0,0.0,0.0,3.1130760722045023,62.0
마라33ab99aa,0.0,0.0,0.0,0.0,0.0,0.0,0.0,0.0,0.0,3.1130760722045023,62.0
마라33ab99ab,0.0,0.0,0.0,0.0,0.0,0.0,0.0,0.0,0.0,3.1130760722045023,62.0
마라33ab99ba,0.0,0.0,0.0,0.0,0.0,0.0,0.0,0.0,0.0,3.1130760722045023,62.0
마라33ab99bb,0.0,0.0,0.0,0.0,0.0,0.0,0.0,0.0,0.0,3.1130760722045023,62.0
마라33ba93ab,0.0,0.0,0.0,0.0,0.0,0.0,0.0,0.0,0.0,3.1130760722045023,62.0
마라33ba93ba,0.019867549668874173,0.0,0.0,0.0,0.0,0.005533353827236397,0.0,0.0,-0.002548215082386723,2.4433246181669364,147.0
마라33ba93bb,0.059602649006622516,0.0,0.0,0.0,0.0,0.008607439286812174,0.0,0.35833333333333334,-0.03813964145950858,2.8687772712512505,1085.0
마라33ba94aa,0.006622516556291391,0.0,0.0,0.0,0.0,0.002459268367660621,0.0,0.0,-0.0009302686612480541,2.399348841046791,82.0
마라33ba94ab,0.0,0.0,0.0,0.0,0.0,0.0,0.0,0.0,0.0,3.1130760722045023,62.0
마라33ba94ba,0.0,0.0,0.0,0.0,0.0,0.0,0.0,0.0,0.0,3.1130760722045023,62.0
마라33ba94bb,0.013245033112582781,0.0,0.0,0.0,0.0,0.0,0.0,0.0,-0.001213628252209603,2.2845975411154673,93.0
마라33ba95aa,0.0,0.0,0.0,0.0,0.0,0.0,0.0,0.0,0.0,3.1130760722045023,62.0
마라33ba95ab,0.006622516556291391,0.0,0.0,0.0,0.0,0.0,0.0,0.0,-0.0006068141261048015,2.2628047968481355,74.0
마라33ba95ba,0.0,0.0,0.0,0.0,0.0,0.0,0.0,0.0,0.0,3.1130760722045023,62.0
마라33ba95bb,0.0,0.0,0.0,0.0,0.0,0.0,0.0,0.0,0.0,3.1130760722045023,62.0
마라33ba96aa,0.0,0.0,0.0,0.0,0.0,0.0,0.0,0.0,0.0,3.1130760722045023,62.0
마라33ba96ab,0.0,0.0,0.0,0.0,0.0,0.0,0.0,0.0,0.0,3.1130760722045023,62.0
마라33ba96ba,0.0,0.0,0.0,0.0,0.0,0.0,0.0,0.0,0.0,3.1130760722045023,62.0
마라33ba96bb,0.0,0.0,0.0,0.0,0.0,0.0,0.0,0.0,0.0,3.1130760722045023,62.0
마라33ba97aa,0.0,0.0,0.0,0.0,0.0,0.0,0.0,0.0,0.0,3.1130760722045023,62.0
마라33ba97ab,0.0,0.0,0.0,0.0,0.0,0.0,0.0,0.0,0.0,3.1130760722045023,62.0
마라33ba97ba,0.0,0.0,0.0,0.0,0.0,0.0,0.0,0.0,0.0,3.1130760722045023,62.0
마라33ba97bb,0.0,0.0,0.0,0.0,0.0,0.0,0.0,0.0,0.0,3.1130760722045023,62.0
마라33ba98aa,0.0,0.0,0.0,0.0,0.0,0.0,0.0,0.0,0.0,3.1130760722045023,62.0
마라33ba98ab,0.006622516556291391,0.0,0.0,0.0,0.0,0.0,0.0,0.0,-0.0006068141261048015,2.2628047968481355,74.0
마라33ba98ba,0.0,0.0,0.0,0.0,0.0,0.0,0.0,0.0,0.0,3.1130760722045023,62.0
마라33ba98bb,0.0,0.0,0.0,0.0,0.0,0.0,0.0,0.0,0.0,3.1130760722045023,62.0
마라33ba99aa,0.0,0.0,0.0,0.0,0.0,0.0,0.0,0.0,0.0,3.1130760722045023,62.0
마라33ba99ab,0.0,0.0,0.0,0.0,0.0,0.0,0.0,0.0,0.0,3.1130760722045023,62.0
마라33ba99ba,0.0,0.0,0.0,0.0,0.0,0.0,0.0,0.0,0.0,3.1130760722045023,62.0
마라33ba99bb,0.0,0.0,0.0,0.0,0.0,0.0,0.0,0.0,0.0,3.1130760722045023,62.0
마라33bb93ab,0.0,0.0,0.0,0.0,0.0,0.0,0.0,0.0,0.0,3.1130760722045023,62.0
마라33bb93ba,0.0,0.0,0.0,0.0,0.0,0.005533353827236397,0.0,0.0,-0.0007277727040723184,3.207509079001135,77.0
마라33bb93bb,0.0,0.0,0.0,0.0,0.0,0.0018444512757454655,0.0,0.0,-0.00024259090135743942,3.0906401747686045,66.0
마라33bb94aa,0.0,0.0,0.0,0.0,0.0,0.003688902551490931,0.0,0.0,-0.00048518180271487884,3.2359185747963455,72.0
마라33bb94ab,0.026490066225165563,0.0,0.0,0.0,0.0,0.003381494005533354,0.0,0.0,-0.0028720064902411782,2.4098895751331355,165.0
마라33bb94ba,0.006622516556291391,0.0,0.0,0.0,0.0,0.0,0.0,0.0,-0.0006068141261048015,2.2628047968481355,74.0
마라33bb94bb,0.019867549668874173,0.0,0.0,0.0,0.0,0.0,0.0,0.18333333333333332,-0.017960370655858763,2.126716526989305,665.0
마라33bb95aa,0.1390728476821192,0.0,0.0,0.0,0.0,0.006762988011066708,0.0,0.0,-0.013632596619844775,1.0698785235928092,511.0
마라33bb95ab,0.09933774834437085,0.0,0.0,0.0,0.0,0.02828158622809714,0.0,0.2,-0.030429133530313273,3.289384443014251,977.0
마라33bb95ba,0.0,0.0,0.0,0.0,0.0,0.0,0.0,0.0,0.0,3.1130760722045023,62.0
마라33bb95bb,0.0,0.0,0.0,0.0,0.0,0.0,0.0,0.0,0.0,3.1130760722045023,62.0
마라33bb96aa,0.0,0.0,0.0,0.0,0.0,0.0,0.0,0.0,0.0,3.1130760722045023,62.0
마라33bb96ab,0.0,0.0,0.0,0.0,0.0,0.0,0.0,0.0,0.0,3.1130760722045023,62.0
마라33bb96ba,0.0,0.0,0.0,0.0,0.0,0.0,0.0,0.0,0.0,3.1130760722045023,62.0
마라33bb96bb,0.0,0.0,0.0,0.0,0.0,0.0,0.0,0.0,0.0,3.1130760722045023,62.0
마라33bb97aa,0.0,0.0,0.0,0.0,0.0,0.0,0.0,0.0,0.0,3.1130760722045023,62.0
마라33bb97ab,0.0,0.0,0.0,0.0,0.0,0.0,0.0,0.0,0.0,3.1130760722045023,62.0
마라33bb97ba,0.0,0.0,0.0,0.0,0.0,0.0,0.0,0.0,0.0,3.1130760722045023,62.0
마라33bb97bb,0.0,0.0,0.0,0.0,0.0,0.0,0.0,0.0,0.0,3.1130760722045023,62.0
마라33bb98aa,0.0,0.0,0.0,0.0,0.0,0.0,0.0,0.0,0.0,3.1130760722045023,62.0
마라33bb98ab,0.006622516556291391,0.0,0.0,0.0,0.0,0.0,0.0,0.2300578035,-0.020860176570719674,2.667098916700048,753.0
마라33bb98ba,0.0,0.0,0.0,0.0,0.0,0.0,0.0,0.0,0.0,3.1130760722045023,62.0
마라33bb98bb,0.0,0.0,0.0,0.0,0.0,0.0,0.0,0.0,0.0,3.1130760722045023,62.0
마라33bb99aa,0.0,0.0,0.0,0.0,0.0,0.0,0.0,0.0,0.0,3.1130760722045023,62.0
마라33bb99ab,0.0,0.0,0.0,0.0,0.0,0.0,0.0,0.0,0.0,3.1130760722045023,62.0
마라33bb99ba,0.0,0.0,0.0,0.0,0.0,0.0,0.0,0.0,0.0,3.1130760722045023,62.0
마라33bb99bb,0.0,0.0,0.0,0.0,0.0,0.0,0.0,0.0,0.0,3.1130760722045023,62.0
마라34aa93ab,0.0,0.0,0.0,0.0,0.0,0.0,0.0,0.0,0.0,3.1130760722045023,62.0
마라34aa93ba,0.006622516556291391,0.0,0.0,0.0,0.0,0.0,0.0,0.276824422,-0.0249773213073012,2.667098916700048,870.0
마라34aa93bb,0.013245033112582781,0.0,0.0,0.0,0.0,0.0027666769136181985,0.0,0.0,-0.0015775146042457623,2.4074968966694343,108.0
마라34aa94aa,0.0,0.0,0.0,0.0,0.0,0.0,0.0,0.0,0.0,3.1130760722045023,62.0
마라34aa94ab,0.046357615894039736,0.0,0.0,0.0,0.0,0.008607439286812174,0.0,0.0,-0.005379789755734995,2.4384027224423725,238.0
마라34aa94ba,0.059602649006622516,0.0,0.0,0.0,0.0,0.005533353827236397,0.0,0.0,-0.0061890998390155315,2.433563578843844,270.0
마라34aa94bb,0.0,0.0,0.0,0.0,0.0,0.0,0.0,0.0,0.0,3.1130760722045023,62.0
마라34aa95aa,0.052980132450331126,0.0,0.0,0.0,0.0,0.0030740854595757753,0.0,0.0,-0.005258831177767478,2.195932978902596,236.0
마라34aa95ab,0.006622516556291391,0.0,0.0,0.0,0.0,0.0,0.0,0.0,-0.0006068141261048015,2.2628047968481355,74.0
마라34aa95ba,0.0,0.0,0.0,0.0,0.0,0.0,0.0,0.0,0.0,3.1130760722045023,62.0
마라34aa95bb,0.026490066225165563,0.0,0.0,0.0,0.0,0.0,0.0,0.0,-0.002427256504419206,2.235757445615273,144.0
마라34aa96aa,0.0,0.0,0.0,0.0,0.0,0.0,0.0,0.0,0.0,3.1130760722045023,62.0
마라34aa96ab,0.0,0.0,0.0,0.0,0.0,0.0,0.0,0.0,0.0,3.1130760722045023,62.0
마라34aa96ba,0.0,0.0,0.0,0.0,0.0,0.0,0.0,0.0,0.0,3.1130760722045023,62.0
마라34aa96bb,0.0,0.0,0.0,0.0,0.0,0.0,0.0,0.0,0.0,3.1130760722045023,62.0
마라34aa97aa,0.0,0.0,0.0,0.0,0.0,0.0,0.0,0.0,0.0,3.1130760722045023,62.0
마라34aa97ab,0.0,0.0,0.0,0.0,0.0,0.0,0.0,0.0,0.0,3.1130760722045023,62.0
마라34aa97ba,0.0,0.0,0.0,0.0,0.0,0.0,0.0,0.0,0.0,3.1130760722045023,62.0
마라34aa97bb,0.0,0.0,0.0,0.0,0.0,0.0,0.0,0.0,0.0,3.1130760722045023,62.0
마라34aa98aa,0.0,0.0,0.0,0.0,0.0,0.0,0.0,0.0,0.0,3.1130760722045023,62.0
마라34aa98ab,0.006622516556291391,0.0,0.0,0.0,0.0,0.006762988011066708,0.0,0.0,-0.001496314097748746,2.4783764173328175,103.0
마라34aa98ba,0.0,0.0,0.0,0.0,0.0,0.0,0.0,0.0,0.0,3.1130760722045023,62.0
마라34aa98bb,0.0,0.0,0.0,0.0,0.0,0.0,0.0,0.0,0.0,3.1130760722045023,62.0
마라34aa99aa,0.013245033112582781,0.0,0.0,0.0,0.0,0.0,0.0,0.0,-0.001213628252209603,2.2845975411154673,93.0
마라34aa99ab,0.006622516556291391,0.0,0.0,0.0,0.0,0.0,0.0,0.0,-0.0006068141261048015,2.2628047968481355,74.0
마라34aa99ba,0.0,0.0,0.0,0.0,0.0,0.0,0.0,0.0,0.0,3.1130760722045023,62.0
마라34aa99bb,0.0,0.0,0.0,0.0,0.0,0.0,0.0,0.0,0.0,3.1130760722045023,62.0
마라34ab93ab,0.0,0.0,0.0,0.0,0.0,0.0,0.0,0.0,0.0,3.1130760722045023,62.0
마라34ab93ba,0.006622516556291391,0.0,0.0,0.0,0.0,0.0,0.0,0.0,-0.0006068141261048015,2.2628047968481355,74.0
마라34ab93bb,0.026490066225165563,0.0,0.0,0.0,0.0,0.005533353827236397,0.0,0.0,-0.0031550292084915246,2.4433246181669364,173.0
마라34ab94aa,0.013245033112582781,0.0,0.0,0.0,0.0,0.0,0.0,0.0,-0.001213628252209603,2.2845975411154673,93.0
마라34ab94ab,0.006622516556291391,0.0,0.0,0.0,0.0,0.0,0.0,0.0,-0.0006068141261048015,2.2628047968481355,74.0
마라34ab94ba,0.0,0.0,0.0,0.0,0.0,0.0,0.0,0.0,0.0,3.1130760722045023,62.0
마라34ab94bb,0.0,0.0,0.0,0.0,0.0,0.0,0.0,0.0,0.0,3.1130760722045023,62.0
마라34ab95aa,0.0,0.0,0.0,0.0,0.0,0.0,0.0,0.0,0.0,3.1130760722045023,62.0
마라34ab95ab,0.039735099337748346,0.0,0.0,0.0,0.0,0.0,0.0,0.0,-0.003640884756628809,2.55175305519838,192.0
마라34ab95ba,0.0,0.0,0.0,0.0,0.0,0.0,0.0,0.0,0.0,3.1130760722045023,62.0
마라34ab95bb,0.0,0.0,0.0,0.0,0.0,0.0,0.0,0.0,0.0,3.1130760722045023,62.0
마라34ab96aa,0.0,0.0,0.0,0.0,0.0,0.0,0.0,0.0,0.0,3.1130760722045023,62.0
마라34ab96ab,0.0,0.0,0.0,0.0,0.0,0.0,0.0,0.0,0.0,3.1130760722045023,62.0
마라34ab96ba,0.0,0.0,0.0,0.0,0.0,0.0,0.0,0.0,0.0,3.1130760722045023,62.0
마라34ab96bb,0.0,0.0,0.0,0.0,0.0,0.0,0.0,0.0,0.0,3.1130760722045023,62.0
마라34ab97aa,0.0,0.0,0.0,0.0,0.0,0.0,0.0,0.0,0.0,3.1130760722045023,62.0
마라34ab97ab,0.0,0.0,0.0,0.0,0.0,0.008300030740854595,0.0,0.0,-0.0010916590561084775,3.307495641163048,87.0
마라34ab97ba,0.006622516556291391,0.0,0.0,0.0,0.0,0.0,0.0,0.0,-0.0006068141261048015,2.2628047968481355,74.0
마라34ab97bb,0.013245033112582781,0.0,0.0,0.0,0.0,0.0,0.02590673575129534,0.0,0.0013756716709386677,2.8612285442783714,51.0
마라34ab98aa,0.0,0.0,0.0,0.0,0.0,0.0,0.0,0.0,0.0,3.1130760722045023,62.0
마라34ab98ab,0.013245033112582781,0.0,0.0,0.0,0.0,0.002459268367660621,0.0,0.0,-0.0015370827873528556,2.4074968966694343,106.0
마라34ab98ba,0.0,0.0,0.0,0.0,0.0,0.005225945281278819,0.0,0.0,-0.0006873408871794117,3.207509079001135,76.0
마라34ab98bb,0.0,0.0,0.0,0.0,0.0,0.003688902551490931,0.0,0.0,-0.00048518180271487884,3.2359185747963455,72.0
마라34ab99aa,0.019867549668874173,0.0,0.0,0.0,0.0,0.0,0.0,0.0,-0.0018204423783144046,2.235757445615273,118.0
마라34ab99ab,0.013245033112582781,0.0,0.0,0.0,0.0,0.0021518598217030436,0.0,0.0,-0.0014966509704599491,2.3438540190055486,104.0
마라34ab99ba,0.0,0.0,0.0,0.0,0.0,0.0,0.0,0.0,0.0,3.1130760722045023,62.0
마라34ab99bb,0.0,0.0,0.0,0.0,0.0,0.0,0.0,0.0,0.0,3.1130760722045023,62.0
마라34ba93ba,0.026490066225165563,0.0,0.0,0.0,0.0,0.0021518598217030436,0.0,0.0,-0.002710279222669552,2.2991378551292856,155.0
마라34ba93bb,0.046357615894039736,0.0,0.0,0.0,0.0,0.004918536735321242,0.0,0.0,-0.0048946079530201156,2.381185430964048,224.0
마라34ba94aa,0.0,0.0,0.0,0.0,0.0,0.0,0.0,0.1625,-0.0143058455187325,3.056487806668868,531.0
마라34ba94ab,0.0,0.0,0.0,0.0,0.0,0.0,0.0,0.0,0.0,3.1130760722045023,62.0
마라34ba94ba,0.0,0.0,0.0,0.0,0.0,0.0,0.0,0.0,0.0,3.1130760722045023,62.0
마라34ba94bb,0.0,0.0,0.0,0.0,0.0,0.0,0.0,0.0,0.0,3.1130760722045023,62.0
마라34ba95aa,0.09933774834437085,0.0,0.0,0.375,0.0,0.011374116200430372,0.038860103626943004,0.0,0.027836819895072376,7.951053906382324,10.0
마라34ba95ab,0.0,0.0,0.0,0.0,0.0,0.0,0.0,0.0,0.0,3.1130760722045023,62.0
마라34ba95ba,0.0,0.0,0.0,0.0,0.0,0.0,0.0,0.0,0.0,3.1130760722045023,62.0
마라34ba95bb,0.0,0.0,0.0,0.0,0.0,0.0,0.0,0.0,0.0,3.1130760722045023,62.0
마라34ba96aa,0.0728476821192053,0.0,0.0,0.0,0.0,0.011988933292345526,0.0,0.0,-0.008251796245976172,2.7192523067205276,331.0
마라34ba96ab,0.0,0.0,0.0,0.0,0.0,0.0,0.0,0.0,0.0,3.1130760722045023,62.0
마라34ba96ba,0.0,0.0,0.0,0.0,0.0,0.0,0.02072538860103627,0.0,0.0020714399385186166,3.3884844660798334,49.0
마라34ba96bb,0.013245033112582781,0.0,0.0,0.0,0.0,0.0,0.0,0.0,-0.001213628252209603,2.2845975411154673,93.0
마라34ba97aa,0.006622516556291391,0.0,0.0,0.0,0.0,0.0,0.0,0.0,-0.0006068141261048015,2.2628047968481355,74.0
마라34ba97ab,0.1986754966887417,0.0,0.0,0.0,0.0,0.006148170919151552,0.0,0.0,-0.019013060121002175,1.0913528825671681,701.0
마라34ba97ba,0.039735099337748346,0.0,0.0,0.0,0.0,0.0,0.0,0.0,-0.003640884756628809,2.55175305519838,192.0
마라34ba97bb,0.09271523178807947,0.08,0.0,0.0,0.0,0.0,0.0,0.0,-0.0157916786235813,7.393816590892825,585.0
마라34ba98aa,0.013245033112582781,0.0,0.0,0.0,0.0,0.0,0.0,0.0,-0.001213628252209603,2.2845975411154673,93.0
마라34ba98ab,0.039735099337748346,0.0,0.0,0.0,0.0,0.0030740854595757753,0.0,0.0,-0.004045202925557875,2.655421641521578,203.0
마라34ba98ba,0.0,0.0,0.0,0.125,0.0,0.0,0.0,0.0,0.011517019708986512,3.3810881208956203,22.0
마라34ba98bb,0.0,0.0,0.0,0.0,0.0,0.0,0.0,0.0,0.0,3.1130760722045023,62.0
마라34ba99aa,0.033112582781456956,0.0,0.0,0.0,0.0,0.0027666769136181985,0.0,0.0,-0.003397956982560167,2.5828610942257364,183.0
마라34ba99ab,0.10596026490066225,0.0,0.0,0.0,0.0,0.01537042729787888,0.0,0.0,-0.011730616862322154,7.523182912373277,443.0
마라34ba99ba,0.052980132450331126,0.0,0.0,0.0,0.0,0.0030740854595757753,0.0,0.0,-0.005258831177767478,2.195932978902596,236.0
마라34ba99bb,0.0,0.0,0.0,0.0,0.0,0.0,0.0,0.0,0.0,3.1130760722045023,62.0
마라34bb93ba,0.0,0.0,0.0,0.0,0.0,0.0018444512757454655,0.0,0.0,-0.00024259090135743942,3.0906401747686045,66.0
마라34bb93bb,0.0728476821192053,0.0,0.0,0.0,0.0,0.0030740854595757753,0.0,0.0,-0.0070792735560818824,2.399746877966495,295.0
마라34bb94aa,0.026490066225165563,0.0,0.0,0.0,0.0,0.0,0.0,0.0,-0.002427256504419206,2.235757445615273,144.0
마라34bb94ab,0.006622516556291391,0.0,0.0,0.0,0.0,0.0,0.0,0.20833333333333334,-0.018947641714223393,2.508932718968633,700.0
마라34bb94ba,0.019867549668874173,0.0,0.0,0.0,0.0,0.002459268367660621,0.0,0.21666666666666667,-0.02121835760510099,2.5566263816313968,763.0
마라34bb94bb,0.0,0.0,0.0,0.0,0.0,0.0,0.0,0.0,0.0,3.1130760722045023,62.0
마라34bb95aa,0.12582781456953643,0.08,0.0,0.125,0.0,0.005225945281278819,0.03367875647668394,0.14453275533333332,-0.01735406219494655,5.044750668643528,638.0
마라34bb95ab,0.07947019867549669,0.0,0.0,0.0,0.0,0.003688902551490931,0.0,0.0,-0.0077669513159724975,7.175191553304999,312.0
마라34bb95ba,0.026490066225165563,0.0,0.0,0.0,0.0,0.0,0.0,0.0,-0.002427256504419206,2.235757445615273,144.0
마라34bb95bb,0.046357615894039736,0.08,0.0,0.0,0.0,0.0,0.0,0.0,-0.011543979740847692,4.066213233933252,440.0
마라34bb96aa,0.059602649006622516,0.0,0.0,0.0,0.0,0.0027666769136181985,0.0,0.0,-0.005825213486979372,2.3112446394642565,258.0
마라34bb96ab,0.006622516556291391,0.0,0.0,0.0,0.0,0.0,0.0,0.0,-0.0006068141261048015,2.2628047968481355,74.0
마라34bb96ba,0.006622516556291391,0.0,0.0,0.0,0.0,0.0,0.0,0.0,-0.0006068141261048015,2.2628047968481355,74.0
마라34bb96bb,0.013245033112582781,0.0,0.0,0.0,0.0,0.0,0.0,0.0,-0.001213628252209603,2.2845975411154673,93.0
마라34bb97aa,0.06622516556291391,0.0,0.0,0.0,0.0,0.0030740854595757753,0.0,0.0,-0.006472459429977082,2.321450174669792,278.0
마라34bb97ab,0.052980132450331126,0.0,0.0,0.0,0.0,0.0,0.0,0.0,-0.004854513008838412,2.092264392579398,222.0
마라34bb97ba,0.0,0.0,0.0,0.0,0.0,0.0,0.0,0.0,0.0,3.1130760722045023,62.0
마라34bb97bb,0.0,0.0,0.0,0.0,0.0,0.0,0.0,0.0,0.0,3.1130760722045023,62.0
마라34bb98aa,0.0,0.0,0.0,0.0,0.0,0.0,0.0,0.0,0.0,3.1130760722045023,62.0
마라34bb98ab,0.033112582781456956,0.0,0.0,0.0,0.0,0.0,0.0,0.0,-0.003034070630524008,2.4791925079025385,171.0
마라34bb98ba,0.033112582781456956,0.12,0.0,0.0,0.0,0.004303719643406086,0.0,0.0,-0.014544537354195822,4.444884838381253,539.0
마라34bb98bb,0.0,0.0,0.0,0.0,0.0,0.0,0.0,0.0,0.0,3.1130760722045023,62.0
마라34bb99aa,0.013245033112582781,0.0,0.0,0.0,0.0,0.0,0.0,0.25965197491666664,-0.024072342355542765,2.6510943471700665,843.0
마라34bb99ab,0.006622516556291391,0.0,0.0,0.0,0.0,0.0,0.0,0.0,-0.0006068141261048015,2.2628047968481355,74.0
마라34bb99ba,0.0,0.0,0.0,0.0,0.0,0.0,0.0,0.26311416183333336,-0.023163511095252,3.276006722177174,814.0
마라34bb99bb,0.006622516556291391,0.0,0.0,0.0,0.0,0.0,0.0,0.0,-0.0006068141261048015,2.2628047968481355,74.0
마라35aa93ba,0.0,0.0,0.0,0.0,0.0,0.0,0.0,0.0,0.0,3.1130760722045023,62.0
마라35aa93bb,0.013245033112582781,0.0,0.0,0.0,0.0,0.003688902551490931,0.0,0.058333333333333334,-0.006834241779597687,2.5646752190478974,289.0
마라35aa94aa,0.013245033112582781,0.0,0.0,0.0,0.0,0.0027666769136181985,0.0,0.0,-0.0015775146042457623,2.4074968966694343,108.0
마라35aa94ab,0.11258278145695365,0.0,0.1,0.0,0.0,0.0,0.0,0.0,-0.010315840143781625,2.5908635180669357,396.0
마라35aa94ba,0.10596026490066225,0.0,0.0,0.0,0.0,0.005533353827236397,0.0,0.0,-0.010436798721749142,7.597450311640676,398.0
마라35aa94bb,0.013245033112582781,0.0,0.0,0.0,0.0,0.0,0.0,0.0,-0.001213628252209603,2.2845975411154673,93.0
마라35aa95aa,0.019867549668874173,0.0,0.0,0.0,0.0,0.0,0.0,0.0,-0.0018204423783144046,2.235757445615273,118.0
마라35aa95ab,0.033112582781456956,0.0,0.0,0.0,0.0,0.0,0.0,0.0,-0.003034070630524008,2.4791925079025385,171.0
마라35aa95ba,0.0,0.0,0.0,0.0,0.0,0.0,0.0,0.0,0.0,3.1130760722045023,62.0
마라35aa95bb,0.0,0.0,0.0,0.0,0.0,0.0,0.0,0.0,0.0,3.1130760722045023,62.0
마라35aa96aa,0.0,0.0,0.0,0.0,0.0,0.0,0.0,0.0,0.0,3.1130760722045023,62.0
마라35aa96ab,0.006622516556291391,0.0,0.0,0.0,0.0,0.0,0.0,0.0,-0.0006068141261048015,2.2628047968481355,74.0
마라35aa96ba,0.019867549668874173,0.0,0.0,0.0,0.0,0.0,0.0,0.0,-0.0018204423783144046,2.235757445615273,118.0
마라35aa96bb,0.0,0.0,0.0,0.0,0.0,0.0,0.0,0.0,0.0,3.1130760722045023,62.0
마라35aa97aa,0.013245033112582781,0.0,0.0,0.0,0.0,0.0,0.0,0.0,-0.001213628252209603,2.2845975411154673,93.0
마라35aa97ab,0.006622516556291391,0.0,0.0,0.0,0.0,0.0,0.0,0.0,-0.0006068141261048015,2.2628047968481355,74.0
마라35aa97ba,0.0,0.0,0.0,0.0,0.0,0.0,0.0,0.0,0.0,3.1130760722045023,62.0
마라35aa97bb,0.0,0.0,0.0,0.0,0.0,0.0,0.0,0.0,0.0,3.1130760722045023,62.0
마라35aa98aa,0.0,0.0,0.0,0.0,0.0,0.0,0.0,0.0,0.0,3.1130760722045023,62.0
마라35aa98ab,0.0,0.0,0.0,0.0,0.0,0.0,0.0,0.0,0.0,3.1130760722045023,62.0
마라35aa98ba,0.06622516556291391,0.0,0.0,0.0,0.0,0.0,0.0,0.0,-0.006068141261048016,2.23893334135549,266.0
마라35aa98bb,0.013245033112582781,0.0,0.0,0.0,0.0,0.0,0.0,0.0,-0.001213628252209603,2.2845975411154673,93.0
마라35aa99aa,0.013245033112582781,0.0,0.0,0.0,0.0,0.0,0.0,0.0,-0.001213628252209603,2.2845975411154673,93.0
마라35aa99ab,0.019867549668874173,0.0,0.0,0.0,0.0,0.0,0.0,0.15833333333333333,-0.015759471345284534,2.126716526989305,583.0
마라35aa99ba,0.0,0.0,0.0,0.0,0.0,0.0,0.0,0.0,0.0,3.1130760722045023,62.0
마라35aa99bb,0.0,0.0,0.0,0.0,0.0,0.0,0.0,0.21030828516666666,-0.018514694393254615,3.1879114840819356,686.0
마라35ab93bb,0.033112582781456956,0.0,0.0,0.0,0.0,0.003381494005533354,0.0,0.2799927745833333,-0.028128256798194952,2.8934617958762217,935.0
마라35ab94aa,0.046357615894039736,0.0,0.0,0.0,0.0,0.003996311097448509,0.0,0.0,-0.004773312502341396,2.381185430964048,218.0
마라35ab94ab,0.046357615894039736,0.0,0.0,0.0,0.0,0.0046111281893636644,0.0,0.0,-0.004854176136127209,2.381185430964048,221.0
마라35ab94ba,0.052980132450331126,0.0,0.0,0.0,0.0,0.008607439286812174,0.0,0.0,-0.0059866038818397966,2.511227479695701,265.0
마라35ab94bb,0.0,0.0,0.0,0.0,0.0,0.003381494005533354,0.0,0.0,-0.0004447499858219723,3.1871151246852025,71.0
마라35ab95aa,0.006622516556291391,0.0,0.0,0.0,0.0,0.0,0.0,0.0,-0.0006068141261048015,2.2628047968481355,74.0
마라35ab95ab,0.0,0.0,0.0,0.0,0.0,0.0,0.0,0.0,0.0,3.1130760722045023,62.0
마라35ab95ba,0.0,0.0,0.0,0.0,0.0,0.0,0.0,0.0,0.0,3.1130760722045023,62.0
마라35ab95bb,0.0,0.0,0.0,0.0,0.0,0.0,0.0,0.0,0.0,3.1130760722045023,62.0
마라35ab96aa,0.006622516556291391,0.0,0.0,0.0,0.0,0.0,0.0,0.0,-0.0006068141261048015,2.2628047968481355,74.0
마라35ab96ab,0.0,0.0,0.0,0.0,0.0,0.0,0.0,0.0,0.0,3.1130760722045023,62.0
마라35ab96ba,0.0,0.0,0.0,0.0,0.0,0.0,0.0,0.0,0.0,3.1130760722045023,62.0
마라35ab96bb,0.0,0.0,0.0,0.0,0.0,0.0,0.0,0.0,0.0,3.1130760722045023,62.0
마라35ab97aa,0.0,0.0,0.0,0.0,0.0,0.0,0.0,0.0,0.0,3.1130760722045023,62.0
마라35ab97ab,0.0,0.0,0.0,0.0,0.0,0.0,0.0,0.0,0.0,3.1130760722045023,62.0
마라35ab97ba,0.006622516556291391,0.0,0.0,0.0,0.0,0.0,0.0,0.0,-0.0006068141261048015,2.2628047968481355,74.0
마라35ab97bb,0.06622516556291391,0.0,0.0,0.0,0.0,0.013525976022133415,0.0,0.0,-0.007847141204335904,2.6409556034238246,316.0
마라35ab98aa,0.019867549668874173,0.0,0.0,0.0,0.0,0.006148170919151552,0.0,0.0,-0.002629078716172536,2.4433246181669364,150.0
마라35ab98ab,0.0,0.0,0.0,0.0,0.0,0.0,0.0,0.0,0.0,3.1130760722045023,62.0
마라35ab98ba,0.033112582781456956,0.0,0.0,0.0,0.0,0.0,0.0,0.0,-0.003034070630524008,2.4791925079025385,171.0
마라35ab98bb,0.046357615894039736,0.0,0.0,0.0,0.0,0.0,0.0,0.0,-0.0042476988827336104,2.011401784288219,208.0
마라35ab99aa,0.033112582781456956,0.0,0.0,0.0,0.0,0.0,0.0,0.0,-0.003034070630524008,2.4791925079025385,171.0
마라35ab99ab,0.09271523178807947,0.0,0.0,0.0,0.0,0.0,0.0,0.0,-0.008495397765467221,8.159066350363856,340.0
마라35ab99ba,0.013245033112582781,0.0,0.0,0.0,0.0,0.0,0.0,0.0,-0.001213628252209603,2.2845975411154673,93.0
마라35ab99bb,0.0,0.0,0.0,0.0,0.0,0.0,0.0,0.0,0.0,3.1130760722045023,62.0
마라35ba93bb,0.006622516556291391,0.0,0.0,0.0,0.0,0.0,0.0,0.0,-0.0006068141261048015,2.2628047968481355,74.0
마라35ba94aa,0.026490066225165563,0.0,0.0,0.0,0.0,0.003688902551490931,0.0,0.0,-0.002912438307134085,2.573964478428775,167.0
마라35ba94ab,0.039735099337748346,0.0,0.0,0.0,0.0,0.0018444512757454655,0.0,0.0,-0.0038834756579862488,2.621589607534932,198.0
마라35ba94ba,0.15894039735099338,0.0,0.0,0.0,0.0,0.012296341838303101,0.0,0.0,-0.0161808117022315,1.0913528825671681,595.0
마라35ba94bb,0.0,0.0,0.0,0.0,0.0,0.0018444512757454655,0.0,0.0,-0.00024259090135743942,3.0906401747686045,66.0
마라35ba95aa,0.0,0.0,0.0,0.0,0.0,0.0,0.0,0.0,0.0,3.1130760722045023,62.0
마라35ba95ab,0.0,0.0,0.0,0.0,0.0,0.0,0.0,0.0,0.0,3.1130760722045023,62.0
마라35ba95ba,0.0,0.0,0.0,0.0,0.0,0.0,0.0,0.0,0.0,3.1130760722045023,62.0
마라35ba95bb,0.0,0.0,0.0,0.0,0.0,0.0,0.0,0.0,0.0,3.1130760722045023,62.0
마라35ba96aa,0.0,0.0,0.0,0.0,0.0,0.0,0.0,0.0,0.0,3.1130760722045023,62.0
마라35ba96ab,0.0,0.0,0.0,0.0,0.0,0.0,0.0,0.0,0.0,3.1130760722045023,62.0
마라35ba96ba,0.0,0.0,0.0,0.0,0.0,0.0,0.0,0.0,0.0,3.1130760722045023,62.0
마라35ba96bb,0.013245033112582781,0.0,0.0,0.0,0.0,0.0,0.0,0.0,-0.001213628252209603,2.2845975411154673,93.0
마라35ba97aa,0.019867549668874173,0.0,0.0,0.0,0.0,0.0,0.0,0.0,-0.0018204423783144046,2.235757445615273,118.0
마라35ba97ab,0.0,0.0,0.0,0.0,0.0,0.0,0.0,0.0,0.0,3.1130760722045023,62.0
마라35ba97ba,0.0,0.0,0.0,0.0,0.0,0.0,0.0,0.0,0.0,3.1130760722045023,62.0
마라35ba97bb,0.026490066225165563,0.0,0.0,0.0,0.0,0.007070396557024285,0.0,0.0,-0.0033571882929560575,2.408320548162866,180.0
마라35ba98aa,0.0,0.0,0.0,0.0,0.0,0.0,0.0,0.0,0.0,3.1130760722045023,62.0
마라35ba98ab,0.0728476821192053,0.0,0.0,0.0,0.0,0.0,0.0,0.0,-0.0066749553871528165,2.317230044652193,286.0
마라35ba98ba,0.006622516556291391,0.0,0.0,0.0,0.0,0.0,0.0,0.0,-0.0006068141261048015,2.2628047968481355,74.0
마라35ba98bb,0.006622516556291391,0.0,0.0,0.0,0.0,0.0,0.0,0.0,-0.0006068141261048015,2.2628047968481355,74.0
마라35ba99aa,0.026490066225165563,0.0,0.0,0.0,0.0,0.0,0.0,0.0,-0.002427256504419206,2.235757445615273,144.0
마라35ba99ab,0.059602649006622516,0.0,0.0,0.0,0.0,0.0,0.0,0.0,-0.005461327134943213,2.228727806149955,242.0
마라35ba99ba,0.0,0.0,0.0,0.0,0.0,0.0,0.0,0.0,0.0,3.1130760722045023,62.0
마라35ba99bb,0.0,0.0,0.0,0.0,0.0,0.0,0.0,0.0,0.0,3.1130760722045023,62.0
마라35bb94aa,0.026490066225165563,0.0,0.0,0.0,0.0,0.0,0.0,0.0,-0.002427256504419206,2.235757445615273,144.0
마라35bb94ab,0.1456953642384106,0.0,0.0,0.125,0.0,0.0178296956655395,0.0,0.13775289016666664,-0.016305146085004676,1.4215436785436797,605.0
마라35bb94ba,0.5827814569536424,0.0,0.0,0.125,0.0,0.019674146941284967,0.0,0.0,-0.04447025966938204,2.203501250072679,1148.0
마라35bb94bb,0.13245033112582782,0.0,0.0,0.0,0.0,0.010451890562557638,0.0,0.0,-0.013510964296454854,1.0726569356569355,506.0
마라35bb95aa,0.019867549668874173,0.0,0.0,0.0,0.0,0.0,0.0,0.0,-0.0018204423783144046,2.235757445615273,118.0
마라35bb95ab,0.019867549668874173,0.0,0.0,0.0,0.0,0.0,0.0,0.0,-0.0018204423783144046,2.235757445615273,118.0
마라35bb95ba,0.0,0.0,0.0,0.0,0.0,0.0,0.0,0.0,0.0,3.1130760722045023,62.0
마라35bb95bb,0.0,0.0,0.0,0.0,0.0,0.0,0.0,0.0,0.0,3.1130760722045023,62.0
마라35bb96aa,0.0,0.0,0.0,0.0,0.0,0.0,0.0,0.0,0.0,3.1130760722045023,62.0
마라35bb96ab,0.006622516556291391,0.0,0.0,0.0,0.0,0.0,0.0,0.0,-0.0006068141261048015,2.2628047968481355,74.0
마라35bb96ba,0.0,0.0,0.0,0.0,0.0,0.0,0.0,0.0,0.0,3.1130760722045023,62.0
마라35bb96bb,0.0,0.0,0.0,0.0,0.0,0.0,0.0,0.0,0.0,3.1130760722045023,62.0
마라35bb97aa,0.0,0.0,0.0,0.0,0.0,0.0,0.0,0.0,0.0,3.1130760722045023,62.0
마라35bb97ab,0.0,0.0,0.0,0.0,0.0,0.0,0.0,0.0,0.0,3.1130760722045023,62.0
마라35bb97ba,0.0,0.0,0.0,0.0,0.0,0.0,0.0,0.0,0.0,3.1130760722045023,62.0
마라35bb97bb,0.006622516556291391,0.0,0.0,0.0,0.0,0.0,0.0,0.1660356455,-0.015223923634572697,2.2060461515044403,567.0
마라35bb98aa,0.006622516556291391,0.0,0.0,0.0,0.0,0.002459268367660621,0.0,0.0,-0.0009302686612480541,2.399348841046791,82.0
마라35bb98ab,0.09271523178807947,0.0,0.0,0.0,0.0,0.0,0.0,0.0,-0.008495397765467221,8.159066350363856,340.0
마라35bb98ba,0.08609271523178808,0.0,0.0,0.0,0.0,0.0,0.0,0.0,-0.007888583639362418,7.535394101977326,320.0
마라35bb98bb,0.0,0.0,0.0,0.0,0.0,0.0,0.0,0.19166666666666665,-0.016873561381069102,3.0947356699167314,624.0
마라35bb99aa,0.08609271523178808,0.0,0.0,0.0,0.0,0.0,0.0,0.0,-0.007888583639362418,7.535394101977326,320.0
마라35bb99ab,0.08609271523178808,0.0,0.0,0.0,0.0,0.0,0.0,0.0,-0.007888583639362418,7.535394101977326,320.0
마라35bb99ba,0.019867549668874173,0.0,0.0,0.0,0.0,0.012296341838303101,0.0,0.0,-0.003437715054030667,2.697097071841631,185.0
마라35bb99bb,0.013245033112582781,0.0,0.0,0.0,0.0,0.0,0.0,0.0,-0.001213628252209603,2.2845975411154673,93.0
마라36aa94aa,0.0,0.0,0.0,0.0,0.0,0.0,0.0,0.0,0.0,3.1130760722045023,62.0
마라36aa94ab,0.0,0.0,0.0,0.0,0.0,0.0,0.0,0.0,0.0,3.1130760722045023,62.0
마라36aa94ba,0.006622516556291391,0.0,0.0,0.0,0.0,0.0027666769136181985,0.0,0.2583333333333333,-0.023713326687408012,2.8036429608987032,836.0
마라36aa94bb,0.033112582781456956,0.0,0.0,0.0,0.0,0.007992622194897018,0.0,0.0,-0.004085297869739579,2.8465330498798123,204.0
마라36aa95aa,0.059602649006622516,0.0,0.0,0.0,0.0,0.0,0.0,0.0,-0.005461327134943213,2.228727806149955,242.0
마라36aa95ab,0.0728476821192053,0.0,0.0,0.0,0.0,0.00768521364893944,0.0,0.0,-0.007685750809475481,2.5452769580572228,310.0
마라36aa95ba,0.06622516556291391,0.0,0.0,0.0,0.0,0.0,0.0,0.0,-0.006068141261048016,2.23893334135549,266.0
마라36aa95bb,0.013245033112582781,0.0,0.0,0.0,0.0,0.0,0.0,0.0,-0.001213628252209603,2.2845975411154673,93.0
마라36aa96aa,0.07947019867549669,0.0,0.0,0.0,0.0,0.007992622194897018,0.0,0.0,-0.00833299675247319,7.114265336664496,335.0
마라36aa96ab,0.0,0.0,0.0,0.0,0.0,0.0,0.0,0.0,0.0,3.1130760722045023,62.0
마라36aa96ba,0.0,0.0,0.0,0.0,0.0,0.0,0.0,0.0,0.0,3.1130760722045023,62.0
마라36aa96bb,0.0,0.0,0.0,0.0,0.0,0.0,0.0,0.0,0.0,3.1130760722045023,62.0
마라36aa97aa,0.0,0.0,0.0,0.0,0.0,0.0,0.0,0.0,0.0,3.1130760722045023,62.0
마라36aa97ab,0.0,0.0,0.0,0.0,0.0,0.0,0.0,0.0,0.0,3.1130760722045023,62.0
마라36aa97ba,0.0,0.0,0.0,0.0,0.0,0.0,0.0,0.0,0.0,3.1130760722045023,62.0
마라36aa97bb,0.006622516556291391,0.0,0.0,0.0,0.0,0.0,0.0,0.0,-0.0006068141261048015,2.2628047968481355,74.0
마라36aa98aa,0.0,0.0,0.0,0.0,0.0,0.0,0.0,0.0,0.0,3.1130760722045023,62.0
마라36aa98ab,0.09933774834437085,0.0,0.0,0.0,0.0,0.0,0.0,0.0,-0.009102211891572022,8.159066350363856,359.0
마라36aa98ba,0.11258278145695365,0.0,0.0,0.0,0.0,0.0,0.0,0.0,-0.010315840143781625,2.5908635180669357,396.0
마라36aa98bb,0.013245033112582781,0.28,0.0,0.0,0.0,0.0,0.0,0.0,-0.02675061125560889,2.6970900638366926,907.0
마라36aa99aa,0.026490066225165563,0.0,0.0,0.0,0.0,0.0,0.0,0.0,-0.002427256504419206,2.235757445615273,144.0
마라36aa99ab,0.046357615894039736,0.0,0.0,0.0,0.0,0.0,0.0,0.0,-0.0042476988827336104,2.011401784288219,208.0
마라36aa99ba,0.11920529801324503,0.0,0.0,0.0,0.0,0.015063018751921302,0.0,0.0,-0.012903813297638848,0.9856239686239688,487.0
마라36aa99bb,0.013245033112582781,0.0,0.0,0.0,0.0,0.0,0.0,0.0,-0.001213628252209603,2.2845975411154673,93.0
마라36ab94ba,0.0,0.0,0.0,0.0,0.0,0.0,0.0,0.0,0.0,3.1130760722045023,62.0
마라36ab94bb,0.0,0.0,0.0,0.0,0.0,0.0,0.0,0.0,0.0,3.1130760722045023,62.0
마라36ab95aa,0.0,0.0,0.0,0.0,0.0,0.0,0.0,0.0,0.0,3.1130760722045023,62.0
마라36ab95ab,0.0,0.0,0.0,0.0,0.0,0.0,0.0,0.0,0.0,3.1130760722045023,62.0
마라36ab95ba,0.0,0.0,0.0,0.0,0.0,0.0,0.0,0.0,0.0,3.1130760722045023,62.0
마라36ab95bb,0.006622516556291391,0.0,0.0,0.0,0.0,0.0018444512757454655,0.0,0.0,-0.0008494050274622409,2.3518721184154567,80.0
마라36ab96aa,0.07947019867549669,0.0,0.0,0.0,0.0,0.003381494005533354,0.0,0.0,-0.00772651949907959,7.175191553304999,311.0
마라36ab96ab,0.0728476821192053,0.0,0.0,0.0,0.0,0.0,0.0,0.0,-0.0066749553871528165,2.317230044652193,286.0
마라36ab96ba,0.019867549668874173,0.0,0.0,0.0,0.0,0.011681524746387948,0.0,0.0,-0.003356851420244854,2.697097071841631,179.0
마라36ab96bb,0.039735099337748346,0.0,0.0,0.0,0.0,0.004918536735321242,0.0,0.0,-0.004287793826915315,2.8720571301638675,209.0
마라36ab97aa,0.013245033112582781,0.0,0.0,0.0,0.0,0.010759299108515216,0.0,0.0,-0.0026287418434613333,2.8018516681848977,149.0
마라36ab97ab,0.013245033112582781,0.0,0.0,0.0,0.0,0.008300030740854595,0.0,0.0,-0.0023052873083180807,2.7167677243509543,139.0
마라36ab97ba,0.0,0.0,0.0,0.0,0.0,0.0,0.0,0.0,0.0,3.1130760722045023,62.0
마라36ab97bb,0.0,0.0,0.0,0.0,0.0,0.0,0.0,0.0,0.0,3.1130760722045023,62.0
마라36ab98aa,0.0,0.0,0.0,0.0,0.0,0.0,0.0,0.0,0.0,3.1130760722045023,62.0
마라36ab98ab,0.09271523178807947,0.0,0.0,0.0,0.0,0.0,0.0,0.0,-0.008495397765467221,8.159066350363856,340.0
마라36ab98ba,0.13245033112582782,0.0,0.0,0.0,0.0,0.0,0.0,0.0,-0.012136282522096031,1.1786747273890128,454.0
마라36ab98bb,0.039735099337748346,0.0,0.0,0.0,0.0,0.0,0.0,0.0,-0.003640884756628809,2.55175305519838,192.0
마라36ab99aa,0.0728476821192053,0.0,0.0,0.0,0.0,0.0,0.0,0.0,-0.0066749553871528165,2.317230044652193,286.0
마라36ab99ab,0.033112582781456956,0.0,0.0,0.0,0.0,0.0,0.010362694300518135,0.0,-0.0019983506612646995,3.0669763467355193,125.0
마라36ab99ba,0.0,0.0,0.0,0.0,0.0,0.0,0.0,0.0,0.0,3.1130760722045023,62.0
마라36ab99bb,0.0,0.0,0.0,0.0,0.0,0.0,0.0,0.0,0.0,3.1130760722045023,62.0
마라36ba94bb,0.0,0.0,0.0,0.0,0.0,0.0,0.0,0.0,0.0,3.1130760722045023,62.0
마라36ba95aa,0.0,0.0,0.0,0.0,0.0,0.0,0.0,0.0,0.0,3.1130760722045023,62.0
마라36ba95ab,0.0,0.0,0.0,0.0,0.0,0.0,0.0,0.0,0.0,3.1130760722045023,62.0
마라36ba95ba,0.0,0.0,0.0,0.0,0.0,0.0,0.0,0.0,0.0,3.1130760722045023,62.0
마라36ba95bb,0.0,0.0,0.0,0.0,0.0,0.0,0.0,0.0,0.0,3.1130760722045023,62.0
마라36ba96aa,0.0,0.0,0.0,0.0,0.0,0.0,0.0,0.0,0.0,3.1130760722045023,62.0
마라36ba96ab,0.0,0.0,0.0,0.0,0.0,0.0,0.0,0.0,0.0,3.1130760722045023,62.0
마라36ba96ba,0.0,0.0,0.0,0.0,0.0,0.0,0.02590673575129534,0.0,0.0025892999231482707,3.3884844660798334,44.0
마라36ba96bb,0.006622516556291391,0.0,0.0,0.0,0.0,0.0,0.0,0.0,-0.0006068141261048015,2.2628047968481355,74.0
마라36ba97aa,0.019867549668874173,0.0,0.0,0.0,0.0,0.0,0.0,0.0,-0.0018204423783144046,2.235757445615273,118.0
마라36ba97ab,0.0,0.0,0.0,0.0,0.0,0.0,0.0,0.0,0.0,3.1130760722045023,62.0
마라36ba97ba,0.0,0.0,0.0,0.0,0.0,0.0,0.0,0.0,0.0,3.1130760722045023,62.0
마라36ba97bb,0.006622516556291391,0.0,0.0,0.0,0.0,0.0,0.0,0.15833333333333333,-0.014545843093074929,2.2060461515044403,540.0
마라36ba98ab,0.006622516556291391,0.0,0.0,0.0,0.0,0.0,0.0,0.0,-0.0006068141261048015,2.2628047968481355,74.0
마라36ba98ba,0.059602649006622516,0.0,0.0,0.0,0.0,0.0,0.0,0.0,-0.005461327134943213,2.228727806149955,242.0
마라36ba98bb,0.08609271523178808,0.0,0.0,0.0,0.0,0.0,0.0,0.0,-0.007888583639362418,7.535394101977326,320.0
마라36ba99aa,0.046357615894039736,0.0,0.0,0.0,0.0,0.0,0.0,0.0,-0.0042476988827336104,2.011401784288219,208.0
마라36ba99ab,0.039735099337748346,0.0,0.0,0.0,0.0,0.0,0.0,0.0,-0.003640884756628809,2.55175305519838,192.0
마라36ba99ba,0.0,0.0,0.0,0.0,0.0,0.0,0.0,0.0,0.0,3.1130760722045023,62.0
마라36ba99bb,0.0,0.0,0.0,0.0,0.0,0.0,0.0,0.0,0.0,3.1130760722045023,62.0
마라36bb95ba,0.0,0.0,0.0,0.0,0.0,0.0,0.0,0.0,0.0,3.1130760722045023,62.0
마라36bb95bb,0.0,0.0,0.0,0.0,0.0,0.0,0.0,0.0,0.0,3.1130760722045023,62.0
마라36bb96aa,0.0,0.0,0.0,0.0,0.0,0.0,0.0,0.0,0.0,3.1130760722045023,62.0
마라36bb96ab,0.0,0.0,0.0,0.0,0.0,0.0,0.0,0.0,0.0,3.1130760722045023,62.0
마라36bb96ba,0.0,0.0,0.0,0.0,0.0,0.0,0.0,0.0,0.0,3.1130760722045023,62.0
마라36bb96bb,0.0,0.0,0.0,0.0,0.0,0.0,0.0,0.0,0.0,3.1130760722045023,62.0
마라36bb97aa,0.0,0.0,0.0,0.0,0.0,0.0,0.0,0.0,0.0,3.1130760722045023,62.0
마라36bb97ab,0.0,0.0,0.0,0.0,0.0,0.0,0.0,0.0,0.0,3.1130760722045023,62.0
마라36bb97ba,0.0,0.0,0.0,0.0,0.0,0.0,0.0,0.0,0.0,3.1130760722045023,62.0
마라36bb97bb,0.0,0.0,0.0,0.0,0.0,0.0,0.0,0.0,0.0,3.1130760722045023,62.0
마라36bb98aa,0.006622516556291391,0.0,0.0,0.0,0.0,0.0,0.0,0.0,-0.0006068141261048015,2.2628047968481355,74.0
마라36bb98ab,0.0,0.04,0.0,0.0,0.0,0.0,0.0,0.23438102116666668,-0.024282101544953076,7.048723347267304,852.0
마라36bb98ba,0.013245033112582781,0.0,0.0,0.0,0.0,0.0,0.0,0.0,-0.001213628252209603,2.2845975411154673,93.0
마라36bb98bb,0.006622516556291391,0.0,0.0,0.0,0.0,0.0,0.0,0.0,-0.0006068141261048015,2.2628047968481355,74.0
마라36bb99aa,0.0,0.0,0.0,0.0,0.0,0.0,0.0,0.0,0.0,3.1130760722045023,62.0
마라36bb99ab,0.0,0.0,0.0,0.0,0.0,0.0,0.0,0.0,0.0,3.1130760722045023,62.0
마라36bb99ba,0.0,0.0,0.0,0.0,0.0,0.0,0.0,0.0,0.0,3.1130760722045023,62.0
마라36bb99bb,0.0,0.0,0.0,0.0,0.0,0.0,0.0,0.0,0.0,3.1130760722045023,62.0
마라37aa96aa,0.0,0.0,0.0,0.0,0.0,0.0,0.0,0.0,0.0,3.1130760722045023,62.0
마라37aa96ab,0.0,0.0,0.0,0.0,0.0,0.0,0.0,0.0,0.0,3.1130760722045023,62.0
마라37aa96ba,0.0,0.0,0.0,0.0,0.0,0.0,0.0,0.0,0.0,3.1130760722045023,62.0
마라37aa96bb,0.0,0.0,0.0,0.0,0.0,0.0,0.0,0.0,0.0,3.1130760722045023,62.0
마라37aa97aa,0.0,0.0,0.0,0.0,0.0,0.0,0.0,0.0,0.0,3.1130760722045023,62.0
마라37aa97ab,0.0,0.0,0.0,0.0,0.0,0.0,0.0,0.0,0.0,3.1130760722045023,62.0
마라37aa97ba,0.0,0.0,0.0,0.0,0.0,0.0,0.0,0.0,0.0,3.1130760722045023,62.0
마라37aa97bb,0.0,0.0,0.0,0.0,0.0,0.0,0.0,0.0,0.0,3.1130760722045023,62.0
마라37aa98aa,0.0,0.0,0.0,0.0,0.0,0.0,0.0,0.0,0.0,3.1130760722045023,62.0
마라37aa98ab,0.0,0.0,0.0,0.0,0.0,0.0,0.0,0.0,0.0,3.1130760722045023,62.0
마라37aa98ba,0.0,0.0,0.0,0.0,0.0,0.0,0.0,0.0,0.0,3.1130760722045023,62.0
마라37aa98bb,0.0,0.0,0.0,0.0,0.0,0.0,0.0,0.0,0.0,3.1130760722045023,62.0
마라37aa99aa,0.0,0.0,0.0,0.0,0.0,0.0,0.0,0.0,0.0,3.1130760722045023,62.0
마라37aa99ab,0.0,0.0,0.0,0.0,0.0,0.0,0.0,0.0,0.0,3.1130760722045023,62.0
마라37aa99ba,0.0,0.0,0.0,0.0,0.0,0.0,0.0,0.0,0.0,3.1130760722045023,62.0
마라37ab96bb,0.0,0.0,0.0,0.0,0.0,0.0,0.0,0.0,0.0,3.1130760722045023,62.0
마라37ab97aa,0.0,0.0,0.0,0.0,0.0,0.0,0.0,0.0,0.0,3.1130760722045023,62.0
마라37ab97ab,0.0,0.0,0.0,0.0,0.0,0.0,0.0,0.0,0.0,3.1130760722045023,62.0
마라37ab97ba,0.0,0.0,0.0,0.0,0.0,0.0,0.0,0.0,0.0,3.1130760722045023,62.0
마라37ab97bb,0.0,0.0,0.0,0.0,0.0,0.0,0.0,0.0,0.0,3.1130760722045023,62.0
마라37ab98aa,0.0,0.0,0.0,0.0,0.0,0.0,0.0,0.0,0.0,3.1130760722045023,62.0
마라37ab98ab,0.0,0.0,0.0,0.0,0.0,0.0,0.0,0.0,0.0,3.1130760722045023,62.0
마라37ab98ba,0.0,0.0,0.0,0.0,0.0,0.0,0.0,0.0,0.0,3.1130760722045023,62.0
마라37ab98bb,0.0,0.0,0.0,0.0,0.0,0.0,0.0,0.0,0.0,3.1130760722045023,62.0
마라37ab99aa,0.0,0.0,0.0,0.0,0.0,0.0,0.0,0.0,0.0,3.1130760722045023,62.0
마라37ab99ab,0.0,0.0,0.0,0.0,0.0,0.0,0.0,0.0,0.0,3.1130760722045023,62.0
마라37ba97ab,0.0,0.0,0.0,0.0,0.0,0.0,0.0,0.0,0.0,3.1130760722045023,62.0
마라37ba97ba,0.0,0.0,0.0,0.0,0.0,0.0,0.0,0.0,0.0,3.1130760722045023,62.0
마라37ba97bb,0.0,0.0,0.0,0.0,0.0,0.0,0.0,0.0,0.0,3.1130760722045023,62.0
마라37ba98aa,0.0,0.0,0.0,0.0,0.0,0.0,0.0,0.0,0.0,3.1130760722045023,62.0
마라37ba98ab,0.0,0.0,0.0,0.0,0.0,0.0,0.0,0.0,0.0,3.1130760722045023,62.0
마라37ba98ba,0.0,0.0,0.0,0.0,0.0,0.0,0.0,0.0,0.0,3.1130760722045023,62.0
마라37ba98bb,0.0,0.0,0.0,0.0,0.0,0.0,0.0,0.0,0.0,3.1130760722045023,62.0
마라37ba99aa,0.0,0.0,0.0,0.0,0.0,0.0,0.0,0.0,0.0,3.1130760722045023,62.0
마라37bb98aa,0.0,0.0,0.0,0.0,0.0,0.0,0.0,0.0,0.0,3.1130760722045023,62.0
마라37bb98ab,0.0,0.0,0.0,0.0,0.0,0.0,0.0,0.0,0.0,3.1130760722045023,62.0
마마08ab01ba,0.0,0.0,0.0,0.0,0.0,0.0,0.0,0.0,0.0,3.1130760722045023,62.0
마마08ab01bb,0.0,0.0,0.0,0.0,0.0,0.0,0.0,0.0,0.0,3.1130760722045023,62.0
마마08ab02aa,0.0,0.0,0.0,0.0,0.0,0.0,0.0,0.0,0.0,3.1130760722045023,62.0
마마08ba01ab,0.0,0.0,0.0,0.0,0.0,0.0,0.0,0.0,0.0,3.1130760722045023,62.0
마마08ba01ba,0.0,0.0,0.0,0.0,0.0,0.0,0.0,0.0,0.0,3.1130760722045023,62.0
마마08ba01bb,0.0,0.0,0.0,0.0,0.0,0.0,0.0,0.0,0.0,3.1130760722045023,62.0
마마08ba02aa,0.0,0.0,0.0,0.0,0.0,0.0,0.0,0.0,0.0,3.1130760722045023,62.0
마마08bb01aa,0.0,0.0,0.0,0.0,0.0,0.0,0.0,0.0,0.0,3.1130760722045023,62.0
마마08bb01ab,0.0,0.0,0.0,0.0,0.0,0.0,0.0,0.0,0.0,3.1130760722045023,62.0
마마08bb01ba,0.0,0.0,0.0,0.0,0.0,0.0,0.0,0.0,0.0,3.1130760722045023,62.0
마마08bb01bb,0.0,0.0,0.0,0.0,0.0,0.0,0.0,0.0,0.0,3.1130760722045023,62.0
마마08bb02aa,0.0,0.0,0.0,0.0,0.0,0.0,0.0,0.0,0.0,3.1130760722045023,62.0
마마08bb02ab,0.0,0.0,0.0,0.0,0.0,0.0,0.0,0.0,0.0,3.1130760722045023,62.0
마마09aa00bb,0.0,0.0,0.0,0.0,0.0,0.0,0.0,0.0,0.0,3.1130760722045023,62.0
마마09aa01aa,0.0,0.0,0.0,0.0,0.0,0.0,0.0,0.0,0.0,3.1130760722045023,62.0
마마09aa01ab,0.0,0.0,0.0,0.0,0.0,0.0,0.0,0.0,0.0,3.1130760722045023,62.0
마마09aa01ba,0.0,0.0,0.0,0.0,0.0,0.0,0.0,0.0,0.0,3.1130760722045023,62.0
마마09aa01bb,0.0,0.0,0.0,0.0,0.0,0.0,0.0,0.0,0.0,3.1130760722045023,62.0
마마09aa02aa,0.0,0.0,0.0,0.0,0.0,0.0,0.0,0.0,0.0,3.1130760722045023,62.0
마마09ab00aa,0.0,0.0,0.0,0.0,0.0,0.0,0.0,0.0,0.0,3.1130760722045023,62.0
마마09ab00ab,0.0,0.0,0.0,0.0,0.0,0.0,0.0,0.0,0.0,3.1130760722045023,62.0
마마09ab00ba,0.0,0.0,0.0,0.0,0.0,0.0,0.0,0.0,0.0,3.1130760722045023,62.0
마마09ab00bb,0.0,0.0,0.0,0.0,0.0,0.0,0.0,0.23333333333333334,-0.02054172689869282,3.276006722177174,745.0
마마09ab01aa,0.0,0.0,0.0,0.0,0.0,0.0,0.0,0.0,0.0,3.1130760722045023,62.0
마마09ab01ab,0.0,0.0,0.0,0.0,0.0,0.0,0.0,0.0,0.0,3.1130760722045023,62.0
마마09ab01ba,0.0,0.0,0.0,0.0,0.0,0.0,0.0,0.0,0.0,3.1130760722045023,62.0
마마09ab01bb,0.0,0.0,0.0,0.0,0.0,0.0,0.0,0.0,0.0,3.1130760722045023,62.0
마마09ab02aa,0.046357615894039736,0.0,0.0,0.0,0.0,0.0,0.0,0.0,-0.0042476988827336104,2.011401784288219,208.0
마마09ba00aa,0.006622516556291391,0.0,0.0,0.0,0.0,0.0,0.0,0.0,-0.0006068141261048015,2.2628047968481355,74.0
마마09ba00ab,0.0,0.0,0.0,0.0,0.0,0.0,0.0,0.0,0.0,3.1130760722045023,62.0
마마09ba00ba,0.026490066225165563,0.0,0.0,0.0,0.0,0.002459268367660621,0.0,0.0,-0.0027507110395624586,2.362780732793172,157.0
마마09ba00bb,0.11258278145695365,0.0,0.0,0.0,0.0,0.0,0.0,0.0,-0.010315840143781625,2.5908635180669357,396.0
마마09ba01aa,0.006622516556291391,0.0,0.0,0.0,0.0,0.0,0.054404145077720206,0.0,0.004830715712506566,2.8394358000110396,41.0
마마09ba01ab,0.0,0.0,0.0,0.0,0.0,0.0,0.0,0.0,0.0,3.1130760722045023,62.0
마마09ba01ba,0.0,0.0,0.0,0.0,0.0,0.0,0.0,0.0,0.0,3.1130760722045023,62.0
마마09ba01bb,0.0,0.0,0.0,0.0,0.0,0.0,0.0,0.0,0.0,3.1130760722045023,62.0
마마09ba02aa,0.0,0.0,0.0,0.0,0.0,0.0,0.0,0.0,0.0,3.1130760722045023,62.0
마마09bb00aa,0.152317880794702,0.0,0.0,0.0,0.0,0.0,0.0,0.0,-0.013956724900410434,1.1812259856545568,520.0
마마09bb00ab,0.12582781456953643,0.16,0.0,0.125,0.0,0.1235782354749462,0.0,0.0,-0.030858600794181325,1.7137380080237237,986.0
마마09bb00ba,0.23178807947019867,0.16,0.0,0.0,0.0,0.011681524746387948,0.0,0.0,-0.037367465171826666,1.153509157509157,1073.0
마마09bb00bb,0.4966887417218543,0.12,0.0,0.0,0.0,0.0,0.0,0.0,-0.056455480745031233,3.4359779638351085,1237.0
마마09bb01aa,0.07947019867549669,0.28,0.0,0.0,0.0,0.0,0.0,0.0,-0.032818752516656904,3.4039243548220206,1016.0
마마09bb01ab,0.026490066225165563,0.0,0.0,0.0,0.0,0.004303719643406086,0.0,0.0,-0.002993301940919898,2.5547642067834477,169.0
마마09bb01ba,0.0,0.08,0.0,0.0,0.0,0.0411927451583154,0.0,0.0,-0.012714144321763564,6.979108544081071,476.0
마마09bb01bb,0.026490066225165563,0.0,0.0,0.0,0.0,0.0027666769136181985,0.0,0.0,-0.0027911428564553653,2.362780732793172,160.0
마마09bb02aa,0.006622516556291391,0.0,0.0,0.0,0.0,0.0,0.0,0.0,-0.0006068141261048015,2.2628047968481355,74.0
마마10aa00aa,0.0728476821192053,0.0,0.0,0.0,0.0,0.0,0.0,0.0,-0.0066749553871528165,2.317230044652193,286.0
마마10aa00ab,0.0,0.08,0.0,0.0,0.0,0.0756225023055641,0.0,0.0,-0.017242507813769098,6.895922341394867,635.0
마마10aa00ba,0.2251655629139073,0.0,0.0,0.0,0.0,0.0018444512757454655,0.0,0.0,-0.02087427118892069,1.1522790992076704,754.0
마마10aa00bb,0.10596026490066225,0.0,0.0,0.0,0.0,0.0,0.0,0.0,-0.009709026017676824,8.159066350363856,376.0
마마10aa01aa,0.052980132450331126,0.04,0.0,0.0,0.0,0.003688902551490931,0.0,0.0,-0.008987835240610332,4.5929450820222275,356.0
마마10aa01ab,0.09271523178807947,0.0,0.0,0.0,0.0,0.004918536735321242,0.0,0.0,-0.009142306835753726,7.597450311640676,360.0
마마10aa01ba,0.12582781456953643,0.24,0.0,0.0,0.0,0.08914847832769751,0.0,0.0,-0.04514353786927638,1.1232257689400533,1156.0
마마10aa01bb,0.0,0.0,0.0,0.0,0.0,0.0,0.0,0.0,0.0,3.1130760722045023,62.0
마마10aa02aa,0.013245033112582781,0.0,0.0,0.0,0.0,0.0,0.0,0.0,-0.001213628252209603,2.2845975411154673,93.0
마마10aa02ab,0.0,0.0,0.0,0.0,0.0,0.0,0.0,0.0,0.0,3.1130760722045023,62.0
마마10aa02ba,0.0,0.0,0.0,0.0,0.0,0.0,0.0,0.0,0.0,3.1130760722045023,62.0
마마10aa02bb,0.0,0.0,0.0,0.0,0.0,0.0,0.0,0.0,0.0,3.1130760722045023,62.0
마마10aa03aa,0.0,0.0,0.0,0.0,0.0,0.0,0.0,0.0,0.0,3.1130760722045023,62.0
마마10ab00aa,0.0,0.0,0.0,0.0,0.0,0.0,0.0,0.0,0.0,3.1130760722045023,62.0
마마10ab00ab,0.0,0.0,0.0,0.0,0.0,0.0,0.0,0.0,0.0,3.1130760722045023,62.0
마마10ab00ba,0.006622516556291391,0.0,0.0,0.0,0.0,0.0,0.0,0.0,-0.0006068141261048015,2.2628047968481355,74.0
마마10ab00bb,0.0,0.0,0.0,0.0,0.0,0.0,0.0,0.0,0.0,3.1130760722045023,62.0
마마10ab01aa,0.0,0.0,0.0,0.0,0.0,0.0,0.0,0.0,0.0,3.1130760722045023,62.0
마마10ab01ab,0.0,0.0,0.0,0.0,0.0,0.0,0.0,0.0,0.0,3.1130760722045023,62.0
마마10ab01ba,0.039735099337748346,0.12,0.0,0.0,0.0,0.16231171226560098,0.0,0.0,-0.0359333053632546,3.285481879863555,1054.0
마마10ab01bb,0.006622516556291391,0.0,0.0,0.0,0.0,0.0,0.0,0.0,-0.0006068141261048015,2.2628047968481355,74.0
마마10ab02aa,0.0,0.0,0.0,0.0,0.0,0.0,0.0,0.0,0.0,3.1130760722045023,62.0
마마10ab02ab,0.0,0.0,0.0,0.0,0.0,0.0,0.0,0.0,0.0,3.1130760722045023,62.0
마마10ab02ba,0.0,0.0,0.0,0.0,0.0,0.0,0.0,0.0,0.0,3.1130760722045023,62.0
마마10ab02bb,0.0,0.0,0.0,0.0,0.0,0.0,0.0,0.0,0.0,3.1130760722045023,62.0
마마10ab03aa,0.0,0.0,0.0,0.0,0.0,0.0,0.0,0.0,0.0,3.1130760722045023,62.0
마마10ab03ab,0.019867549668874173,0.0,0.0,0.0,0.0,0.0,0.0,0.0,-0.0018204423783144046,2.235757445615273,118.0
마마10ab03ba,0.052980132450331126,0.0,0.0,0.0,0.0,0.0,0.0,0.0,-0.004854513008838412,2.092264392579398,222.0
마마10ab03bb,0.039735099337748346,0.0,0.0,0.0,0.0,0.0,0.0,0.0,-0.003640884756628809,2.55175305519838,192.0
마마10ba00aa,0.0,0.0,0.0,0.0,0.0,0.0,0.0,0.0,0.0,3.1130760722045023,62.0
마마10ba00ab,0.0,0.0,0.0,0.0,0.0,0.0,0.0,0.0,0.0,3.1130760722045023,62.0
마마10ba00ba,0.0,0.0,0.0,0.0,0.0,0.0,0.0,0.0,0.0,3.1130760722045023,62.0
마마10ba00bb,0.0,0.0,0.0,0.0,0.0,0.0,0.0,0.0,0.0,3.1130760722045023,62.0
마마10ba01aa,0.0,0.0,0.0,0.0,0.0,0.0,0.0,0.0,0.0,3.1130760722045023,62.0
마마10ba01ab,0.006622516556291391,0.0,0.0,0.0,0.0,0.007070396557024285,0.0,0.0,-0.0015367459146416527,2.4783764173328175,105.0
마마10ba01ba,0.09933774834437085,0.0,0.0,0.0,0.0,0.027359360590224407,0.0,0.0,-0.012700643595040707,7.432391703582068,475.0
마마10ba01bb,0.17218543046357615,0.24,0.0,0.0,0.0,0.21334153089455885,0.0,0.0,-0.06572569077674423,0.46711111111111053,1284.0
마마10ba02ab,0.006622516556291391,0.0,0.0,0.0,0.0,0.0,0.0,0.0,-0.0006068141261048015,2.2628047968481355,74.0
마마10ba02ba,0.026490066225165563,0.0,0.0,0.0,0.06593406593406594,0.004303719643406086,0.0,0.0,-0.010836436444304343,2.571734379467906,413.0
마마10ba02bb,0.0,0.0,0.0,0.0,0.0,0.0,0.0,0.0,0.0,3.1130760722045023,62.0
마마10ba03aa,0.0,0.0,0.0,0.0,0.0,0.0,0.0,0.0,0.0,3.1130760722045023,62.0
마마10ba03ab,0.0,0.0,0.0,0.0,0.0,0.0,0.0,0.0,0.0,3.1130760722045023,62.0
마마10ba03ba,0.11258278145695365,0.0,0.0,0.0,0.0,0.0,0.0,0.0,-0.010315840143781625,2.5908635180669357,396.0
마마10ba03bb,0.152317880794702,0.04,0.0,0.0,0.0,0.0030740854595757753,0.0,0.0,-0.01800918349839654,3.3909840833769396,668.0
마마10ba04aa,0.0,0.0,0.0,0.0,0.0,0.0,0.0,0.0,0.0,3.1130760722045023,62.0
마마10bb00aa,0.0,0.0,0.0,0.0,0.0,0.0,0.0,0.0,0.0,3.1130760722045023,62.0
마마10bb00ab,0.0,0.0,0.0,0.0,0.0,0.0,0.0,0.0,0.0,3.1130760722045023,62.0
마마10bb00ba,0.006622516556291391,0.0,0.0,0.0,0.0,0.0,0.0,0.0,-0.0006068141261048015,2.2628047968481355,74.0
마마10bb00bb,0.0,0.0,0.0,0.0,0.0,0.0,0.0,0.0,0.0,3.1130760722045023,62.0
마마10bb01aa,0.0728476821192053,0.0,0.0,0.0,0.0,0.014448201660006148,0.0,0.0,-0.008575250781119426,2.7192523067205276,343.0
마마10bb01ab,0.09933774834437085,0.16,0.0,0.0,0.0,0.10851521672302489,0.0,0.0,-0.037967204970996205,3.147192175625554,1082.0
마마10bb01ba,0.0728476821192053,0.6,0.0,0.0,0.0,0.35382723639717184,0.0,0.24438824666666664,-0.12944904001078836,2.0396700188492396,1495.0
마마10bb01bb,0.013245033112582781,0.56,0.0,0.0,0.0,0.37657546879803255,0.0,0.0,-0.10181656995281874,2.4564431744431983,1438.0
마마10bb02aa,0.019867549668874173,0.2,0.0,0.0,0.0,0.21180448816477096,0.0,0.0,-0.04791866636281224,2.0299647384475197,1174.0
마마10bb02ab,0.026490066225165563,0.08,0.0,0.0,0.0,0.06055948355364279,0.0,0.0,-0.017688605290435883,4.532921200517536,654.0
마마10bb02ba,0.0,0.0,0.0,0.0,0.0,0.0,0.0,0.0,0.0,3.1130760722045023,62.0
마마10bb02bb,0.0,0.0,0.0,0.0,0.0,0.0,0.0,0.0,0.0,3.1130760722045023,62.0
마마10bb03aa,0.013245033112582781,0.0,0.0,0.0,0.0,0.0,0.0,0.0,-0.001213628252209603,2.2845975411154673,93.0
마마10bb03ab,0.09933774834437085,0.0,0.0,0.0,0.0,0.0,0.0,0.0,-0.009102211891572022,8.159066350363856,359.0
마마10bb03ba,0.19205298013245034,0.0,0.0,0.0,0.0,0.0,0.0,0.0,-0.017597609657039243,1.202700344628916,644.0
마마10bb03bb,0.08609271523178808,0.0,0.0,0.0,0.0,0.0,0.0,0.0,-0.007888583639362418,7.535394101977326,320.0
마마10bb04aa,0.0,0.0,0.0,0.0,0.0,0.0,0.0,0.0,0.0,3.1130760722045023,62.0
마마11aa00aa,0.0,0.0,0.0,0.0,0.0,0.0,0.0,0.0,0.0,3.1130760722045023,62.0
마마11aa00ab,0.0,0.0,0.0,0.0,0.0,0.0,0.0,0.0,0.0,3.1130760722045023,62.0
마마11aa00ba,0.0,0.0,0.0,0.0,0.0,0.0,0.0,0.0,0.0,3.1130760722045023,62.0
마마11aa00bb,0.0,0.0,0.0,0.0,0.0,0.0,0.0,0.0,0.0,3.1130760722045023,62.0
마마11aa01aa,0.0,0.0,0.0,0.0,0.0,0.0,0.0,0.0,0.0,3.1130760722045023,62.0
마마11aa01ab,0.0,0.0,0.0,0.0,0.0,0.0,0.0,0.0,0.0,3.1130760722045023,62.0
마마11aa01ba,0.10596026490066225,0.28,0.0,0.0,0.0,0.24070089148478327,0.0,0.0,-0.06690412164822196,2.018084046981712,1291.0
마마11aa01bb,0.046357615894039736,0.16,0.0,0.0,0.0,0.17368582846603134,0.0,0.0,-0.041684237143453984,1.9892537131661272,1119.0
마마11aa02aa,0.0,0.32,0.0,0.0,0.0,0.5680909929296034,0.5906735751295337,0.0,-0.04486708280276711,4.8010681492906775,1155.0
마마11aa02ab,0.006622516556291391,0.28,0.0,0.0,0.0,0.2320934521979711,0.0,0.0,-0.056669818883648554,2.1300670532353454,1238.0
마마11aa02ba,0.006622516556291391,0.0,0.0,0.0,0.0,0.0,0.0,0.0,-0.0006068141261048015,2.2628047968481355,74.0
마마11aa02bb,0.0,0.0,0.0,0.0,0.0,0.0,0.0,0.0,0.0,3.1130760722045023,62.0
마마11aa03aa,0.06622516556291391,0.0,0.0,0.0,0.0,0.0,0.0,0.0,-0.006068141261048016,2.23893334135549,266.0
마마11aa03ab,0.2119205298013245,0.08,0.0,0.0,0.0,0.009222256378727329,0.0,0.0,-0.02792728740025493,3.287630152915867,930.0
마마11aa03ba,0.033112582781456956,0.0,0.0,0.0,0.0,0.0,0.0,0.0,-0.003034070630524008,2.4791925079025385,171.0
마마11ab00aa,0.0,0.0,0.0,0.0,0.0,0.0,0.0,0.0,0.0,3.1130760722045023,62.0
마마11ab00ab,0.0,0.0,0.0,0.0,0.0,0.0,0.0,0.0,0.0,3.1130760722045023,62.0
마마11ab00ba,0.0,0.0,0.0,0.0,0.0,0.0,0.0,0.0,0.0,3.1130760722045023,62.0
마마11ab00bb,0.0,0.0,0.0,0.0,0.0,0.0,0.0,0.0,0.0,3.1130760722045023,62.0
마마11ab01aa,0.0,0.0,0.0,0.0,0.0,0.0,0.0,0.0,0.0,3.1130760722045023,62.0
마마11ab01ab,0.026490066225165563,0.0,0.0,0.0,0.0,0.04150015370427298,0.0,0.0,-0.007885551784961593,2.7670818093263687,318.0
마마11ab01ba,0.1986754966887417,0.0,0.0,0.125,0.0,0.030126037503842604,0.0,0.0,-0.010649722129662375,1.7593370095512952,407.0
마마11ab01bb,0.2185430463576159,0.08,0.0,0.0,0.0,0.11466338764217644,0.0,0.386632948,-0.07643982226856598,3.517045264259551,1338.0
마마11ab02aa,0.033112582781456956,0.0,0.0,0.0,0.0,0.13372271749154627,0.0,0.18361030825,-0.03678622301260825,2.836797322784191,1065.0
마마11ab02ab,0.046357615894039736,0.44,0.0,0.0,0.0,0.481094374423609,0.0,0.21483622349999998,-0.1265663528872607,2.206531827675335,1488.0
마마11ab02ba,0.013245033112582781,0.04,0.0,0.0,0.0,0.0,0.0,0.0,-0.0048617686812666445,4.765392064094696,223.0
마마11ab02bb,0.06622516556291391,0.0,0.0,0.0,0.0,0.0,0.0,0.0,-0.006068141261048016,2.23893334135549,266.0
마마11ab03aa,0.23841059602649006,0.0,0.0,0.0,0.0,0.0,0.0,0.0,-0.021845308539772852,1.2168029087314798,777.0
마마11ab03ab,0.11920529801324503,0.0,0.0,0.0,0.0,0.0,0.0,0.0,-0.010922654269886426,1.1786747273890128,417.0
마마11ba00aa,0.0,0.0,0.0,0.0,0.0,0.0,0.0,0.0,0.0,3.1130760722045023,62.0
마마11ba00ab,0.0,0.0,0.0,0.0,0.0,0.0,0.0,0.0,0.0,3.1130760722045023,62.0
마마11ba00ba,0.0,0.0,0.0,0.0,0.0,0.0,0.0,0.0,0.0,3.1130760722045023,62.0
마마11ba00bb,0.0,0.0,0.0,0.0,0.0,0.0,0.0,0.0,0.0,3.1130760722045023,62.0
마마11ba01aa,0.0,0.0,0.0,0.0,0.0,0.0,0.0,0.0,0.0,3.1130760722045023,62.0
마마11ba01ab,0.10596026490066225,0.0,0.0,0.0,0.0,0.06670765447279434,0.0,0.0,-0.01848273028343755,7.473363707768358,682.0
마마11ba01ba,0.33112582781456956,0.0,0.0,0.0,0.0,0.03412234860129111,0.0,0.0,-0.03482863798035271,1.0646398178541032,1043.0
마마11ba01bb,0.19205298013245034,0.24,0.0,0.0,0.0,0.030126037503842604,0.0,0.0,-0.04344877028688633,1.1052918192918184,1136.0
마마11ba02aa,0.17218543046357615,0.24,0.0,0.125,0.0,0.2253304641869044,0.0,0.2622856455,-0.07887608378075978,1.728153846153846,1358.0
마마11ba02ab,0.039735099337748346,0.44,0.0,0.0,0.0,0.3882569935444205,0.0,0.2659248555,-0.11824676745737735,2.327605299075729,1472.0
마마11ba02ba,0.013245033112582781,0.0,0.0,0.0,0.0,0.015677835843836457,0.0,0.25127649325,-0.025397021344045256,3.0719476941079473,880.0
마마11ba02bb,0.10596026490066225,0.16,0.0,0.0,0.0,0.0021518598217030436,0.0,0.16644990366666665,-0.039238189581159884,2.309670054889148,1091.0
마마11ba03aa,0.11258278145695365,0.0,0.0,0.0,0.0,0.0,0.0,0.0,-0.010315840143781625,2.5908635180669357,396.0
마마11ba03ab,0.0,0.0,0.0,0.0,0.0,0.0,0.0,0.0,0.0,3.1130760722045023,62.0
마마11bb00aa,0.013245033112582781,0.0,0.0,0.0,0.0,0.0,0.0,0.0,-0.001213628252209603,2.2845975411154673,93.0
마마11bb00ab,0.0,0.0,0.0,0.0,0.0,0.0,0.0,0.0,0.0,3.1130760722045023,62.0
마마11bb00ba,0.0,0.0,0.0,0.0,0.0,0.0,0.0,0.0,0.0,3.1130760722045023,62.0
마마11bb00bb,0.0,0.0,0.0,0.0,0.0,0.0,0.0,0.0,0.0,3.1130760722045023,62.0
마마11bb01aa,0.006622516556291391,0.0,0.0,0.0,0.0,0.0,0.0,0.0,-0.0006068141261048015,2.2628047968481355,74.0
마마11bb01ab,0.2582781456953642,0.0,0.0,0.0,0.0,0.05379649554257608,0.0,0.0,-0.03074131887434591,1.1104683543969256,984.0
마마11bb01ba,0.423841059602649,0.0,0.0,0.25,0.0,0.05010759299108515,0.0,0.0,-0.022392450806278046,2.240138945710374,796.0
마마11bb01bb,0.11258278145695365,0.12,0.0,0.0,0.0,0.03781125115278205,0.0,0.0,-0.026233374908780256,3.5297172747887036,896.0
마마11bb02aa,0.12582781456953643,0.32,0.0,0.0,0.0,0.3664309867814325,0.0,0.3403143063333333,-0.11886921845229542,1.2999433106575953,1474.0
마마11bb02ab,0.08609271523178808,0.36,0.0,0.0,0.0,0.43406086689209955,0.0,0.3333333333333333,-0.1271568970946496,1.7548637770196835,1490.0
마마11bb02ba,0.019867549668874173,0.24,0.0,0.25,0.0,0.23240086074392866,0.0,0.0,-0.031241699105720992,2.264802350840449,992.0
마마11bb02bb,0.013245033112582781,0.12,0.0,0.0,0.0,0.120811558561328,0.0,0.0,-0.02804775357829301,3.59540093202275,932.0
마마11bb03aa,0.006622516556291391,0.0,0.0,0.0,0.0,0.0,0.0,0.0,-0.0006068141261048015,2.2628047968481355,74.0
마마12aa00aa,0.0728476821192053,0.0,0.0,0.0,0.0,0.0,0.0,0.0,-0.0066749553871528165,2.317230044652193,286.0
마마12aa00ab,0.0,0.0,0.0,0.0,0.0,0.0,0.0,0.0,0.0,3.1130760722045023,62.0
마마12aa00ba,0.0,0.0,0.0,0.0,0.0,0.0,0.0,0.0,0.0,3.1130760722045023,62.0
마마12aa00bb,0.0,0.0,0.0,0.0,0.0,0.0,0.0,0.0,0.0,3.1130760722045023,62.0
마마12aa01aa,0.0,0.0,0.0,0.0,0.0,0.0,0.0,0.0,0.0,3.1130760722045023,62.0
마마12aa01ab,0.33112582781456956,0.04,0.0,0.0,0.0,0.09867814325238242,0.0,0.0,-0.04696745995692013,3.953172800744233,1171.0
마마12aa01ba,0.543046357615894,0.08,0.30000000000000004,0.25,0.0,0.08054103904088533,0.0,0.1,-0.05341773304897322,4.909748822605971,1218.0
마마12aa01bb,0.16556291390728478,0.0,0.1,0.0,0.0,0.03412234860129111,0.0,0.0,-0.01965828482773267,0.9411294393437251,718.0
마마12aa02aa,0.2052980132450331,0.2,0.0,0.125,0.0,0.22717491546264984,0.0,0.0,-0.05541403302940549,1.2702062619919752,1230.0
마마12aa02ab,0.304635761589404,0.56,0.0,0.0,0.0,0.5886873655087611,0.0,0.0,-0.15641434515753555,1.0603454561311705,1523.0
마마12aa02ba,0.08609271523178808,0.4,0.1,0.0,0.0,0.4909314478942514,0.0,0.0,-0.10893959950790462,2.291246577674463,1452.0
마마12aa02bb,0.0,0.12,0.0,0.0,0.0,0.1469412849677221,0.0,0.0,-0.030270829761980464,5.756963230400043,972.0
마마12aa03aa,0.0,0.0,0.0,0.0,0.0,0.0,0.0,0.0,0.0,3.1130760722045023,62.0
마마12ab00aa,0.052980132450331126,0.0,0.0,0.0,0.0,0.005840762373193974,0.0,0.0,-0.005622717529803637,2.3506084506387155,248.0
마마12ab00ab,0.026490066225165563,0.0,0.7000000000000001,0.0,0.0,0.0030740854595757753,0.0,0.27678106933333335,-0.02719826526037754,2.714792579362811,911.0
마마12ab00ba,0.039735099337748346,0.0,0.0,0.0,0.0,0.0021518598217030436,0.0,0.0,-0.003923907474879155,2.5917787638576915,200.0
마마12ab00bb,0.019867549668874173,0.12,0.0,0.0,0.0,0.05318167845066093,0.0,0.0,-0.019759567987958363,4.612806515446806,724.0
마마12ab01aa,0.013245033112582781,0.12,0.0,0.0,0.0,0.0756225023055641,0.0,0.0,-0.02210427649503574,4.544425977083508,786.0
마마12ab01ab,0.4768211920529801,0.12,0.4,0.0,0.0,0.13802643713495236,0.0,0.0,-0.07278892415163188,2.621373742659456,1319.0
마마12ab01ba,0.31125827814569534,0.32,0.1,0.125,0.0,0.062096526283430674,0.22020725388601037,0.0,-0.03234654531600231,3.8772728937728984,1009.0
마마12ab01bb,0.2052980132450331,0.0,0.2,0.125,0.0,0.07070396557024285,0.0,0.3690582851666666,-0.04908394110103182,2.6516976119118976,1180.0
마마12ab02aa,0.15894039735099338,0.0,0.0,0.0,0.0,0.03873347679065478,0.0,0.2657755298333333,-0.04305575517012883,1.6408538128538133,1132.0
마마12ab02ab,0.11258278145695365,0.12,0.0,0.125,0.0,0.17399323701198893,0.0,0.20573217724999998,-0.05073948236624977,3.6324858712715873,1197.0
마마12ab02ba,0.13245033112582782,0.08,0.0,0.0,0.0,0.1002151859821703,0.0,0.23333333333333334,-0.05315506258599048,4.360260785510787,1214.0
마마12ab02bb,0.0,0.4,0.0,0.0,0.0,0.2400860743928681,0.0,0.0,-0.06805865328393045,4.568027245749774,1297.0
마마12ab03aa,0.0,0.0,0.0,0.0,0.0,0.0,0.0,0.0,0.0,3.1130760722045023,62.0
마마12ba00aa,0.0,0.0,0.0,0.0,0.0,0.0,0.0,0.0,0.0,3.1130760722045023,62.0
마마12ba00ab,0.013245033112582781,0.0,0.0,0.0,0.0,0.0030740854595757753,0.0,0.0,-0.0016179464211386687,2.4074968966694343,110.0
마마12ba00ba,0.013245033112582781,0.0,0.0,0.0,0.1978021978021978,0.0,0.0,0.0,-0.02474303176236294,2.2845975411154673,864.0
마마12ba00bb,0.013245033112582781,0.0,0.0,0.0,0.0,0.0,0.0,0.0,-0.001213628252209603,2.2845975411154673,93.0
마마12ba01aa,0.0728476821192053,0.04,0.1,0.0,0.0,0.055640946818321546,0.0,0.0,-0.01764125467382595,4.804053382709067,651.0
마마12ba01ab,0.31125827814569534,0.04,0.0,0.125,0.0,0.03504457423916384,0.0,0.161849711,-0.03950920846704909,5.005149485435205,1094.0
마마12ba01ba,0.006622516556291391,0.32,0.0,0.0,0.0,0.2348601291115893,0.0,0.0,-0.06068184566474175,2.1300670532353454,1262.0
마마12ba01bb,0.039735099337748346,0.36,0.0,0.0,0.0,0.37596065170611725,0.0,0.0,-0.08592226067816688,2.324663225337346,1391.0
마마12ba02aa,0.07947019867549669,0.08,0.0,0.0,0.0,0.06609283738087919,0.0,0.0,-0.023270891003346613,6.775384755634069,817.0
마마12ba02ab,0.3509933774834437,0.0,0.0,0.0,0.0,0.0,0.0,0.0,-0.03216114868355448,1.330843550629265,1005.0
마마12ba02ba,0.033112582781456956,0.04,0.0,0.0,0.0,0.023670458038733477,0.0,0.0,-0.009795460960334856,4.904251572433669,380.0
마마12ba02bb,0.11258278145695365,0.04,0.0,0.0,0.0,0.05379649554257608,0.0,0.0,-0.021039548529097316,4.016685092685094,760.0
마마12ba03aa,0.0,0.0,0.0,0.0,0.0,0.008607439286812174,0.0,0.0,-0.0011320908730013842,3.307495641163048,89.0
마마12bb00aa,0.0,0.0,0.0,0.0,0.0,0.0,0.0,0.0,0.0,3.1130760722045023,62.0
마마12bb00ab,0.0,0.0,0.0,0.0,0.0,0.0,0.0,0.625,-0.05502248276435577,3.276006722177174,1226.0
마마12bb00ba,0.0,0.0,0.0,0.0,0.0,0.0,0.0,0.0,0.0,3.1130760722045023,62.0
마마12bb00bb,0.0,0.0,0.0,0.0,0.0,0.0,0.0,0.0,0.0,3.1130760722045023,62.0
마마12bb01aa,0.006622516556291391,0.0,0.0,0.0,0.0,0.0,0.0,0.0,-0.0006068141261048015,2.2628047968481355,74.0
마마12bb01ab,0.36423841059602646,0.4,0.0,0.0,0.0,0.4546572394712573,0.0,0.0,-0.12965483841094333,1.1384620617477763,1496.0
마마12bb01ba,0.059602649006622516,0.04,0.0,0.25,0.0,0.0,0.0,0.0,0.013924571853972771,4.688213648067521,21.0
마마12bb01bb,0.0,0.12,0.0,0.0,0.0,0.09375960651706117,0.0,0.0,-0.023276125439507626,6.858808788281314,818.0
마마12bb02aa,0.0,0.2,0.0,0.0,0.0,0.2154933907162619,0.0,0.0,-0.04658340578721271,4.55322871095124,1166.0
마마12bb02ab,0.2052980132450331,0.08,0.0,0.0,0.0,0.0,0.0,0.0,-0.026107518767362926,3.340239606953891,894.0
마마12bb02ba,0.23841059602649006,0.0,0.0,0.0,0.0,0.0,0.0,0.0,-0.021845308539772852,1.2168029087314798,777.0
마마12bb02bb,0.23841059602649006,0.2,0.0,0.0,0.0,0.01537042729787888,0.0,0.0,-0.04210760152970339,1.1137472527472523,1125.0
마마12bb03aa,0.152317880794702,0.0,0.0,0.0,0.0,0.0030740854595757753,0.0,0.0,-0.0143610430693395,1.1308047402333115,532.0
마마12bb03ab,0.033112582781456956,0.0,0.0,0.0,0.0,0.0,0.0,0.0,-0.003034070630524008,2.4791925079025385,171.0
마마12bb03ba,0.0,0.0,0.0,0.0,0.0,0.0,0.0,0.0,0.0,3.1130760722045023,62.0
마마12bb03bb,0.0,0.0,0.0,0.0,0.0,0.0,0.0,0.0,0.0,3.1130760722045023,62.0
마마12bb04aa,0.0,0.0,0.0,0.0,0.0,0.0,0.0,0.0,0.0,3.1130760722045023,62.0
마마12bb04ab,0.0,0.0,0.0,0.0,0.0,0.0,0.0,0.0,0.0,3.1130760722045023,62.0
마마12bb04ba,0.0,0.0,0.0,0.0,0.0,0.0,0.0,0.0,0.0,3.1130760722045023,62.0
마마13aa00aa,0.0,0.0,0.0,0.0,0.0,0.0,0.0,0.0,0.0,3.1130760722045023,62.0
마마13aa00ab,0.0,0.0,0.0,0.0,0.0,0.0,0.0,0.0,0.0,3.1130760722045023,62.0
마마13aa00ba,0.0,0.0,0.0,0.0,0.0,0.0,0.0,0.0,0.0,3.1130760722045023,62.0
마마13aa00bb,0.0,0.0,0.0,0.0,0.0,0.0,0.0,0.0,0.0,3.1130760722045023,62.0
마마13aa01aa,0.0,0.0,0.0,0.0,0.0,0.0,0.0,0.0,0.0,3.1130760722045023,62.0
마마13aa01ab,0.06622516556291391,0.4,0.0,0.0,0.0,0.3074085459575776,0.0,0.0,-0.082981362444525,2.0199640306264444,1375.0
마마13aa01ba,0.039735099337748346,0.0,0.0,0.125,0.0,0.04150015370427298,0.0,0.0,0.002417839671815316,3.372968270199036,46.0
마마13aa01bb,0.006622516556291391,0.04,0.0,0.0,0.0,0.10052259452812788,0.0,0.0,-0.017476158679142293,4.960028432854232,641.0
마마13aa02aa,0.0,0.12,0.0,0.0,0.0,0.10759299108515216,0.0,0.0,-0.025095557199688423,5.919014512451324,876.0
마마13aa02ab,0.23841059602649006,0.0,0.0,0.0,0.0,0.0,0.0,0.0,-0.021845308539772852,1.2168029087314798,777.0
마마13aa02ba,0.6158940397350994,0.0,0.0,0.0,0.0,0.0,0.0,0.0,-0.05643371372774654,1.0761649514506664,1236.0
마마13aa02bb,0.31788079470198677,0.0,0.0,0.0,0.0,0.0,0.0,0.26666666666666666,-0.05260333736582227,2.1250315557458412,1207.0
마마13aa03aa,0.0728476821192053,0.0,0.0,0.0,0.0,0.0,0.0,0.0,-0.0066749553871528165,2.317230044652193,286.0
마마13aa03ab,0.10596026490066225,0.0,0.0,0.0,0.0,0.0,0.0,0.0,-0.009709026017676824,8.159066350363856,376.0
마마13aa03ba,0.0,0.0,0.0,0.0,0.0,0.0,0.0,0.0,0.0,3.1130760722045023,62.0
마마13aa03bb,0.09271523178807947,0.0,0.0,0.0,0.0,0.0,0.0,0.0,-0.008495397765467221,8.159066350363856,340.0
마마13aa04aa,0.033112582781456956,0.0,0.0,0.0,0.0,0.0,0.0,0.0,-0.003034070630524008,2.4791925079025385,171.0
마마13aa04ab,0.0,0.0,0.0,0.0,0.0,0.0,0.0,0.0,0.0,3.1130760722045023,62.0
마마13aa04ba,0.0,0.0,0.0,0.0,0.0,0.0,0.0,0.0,0.0,3.1130760722045023,62.0
마마13aa04bb,0.0,0.0,0.0,0.0,0.0,0.0,0.0,0.0,0.0,3.1130760722045023,62.0
마마13ab00aa,0.0,0.0,0.0,0.0,0.0,0.0,0.0,0.0,0.0,3.1130760722045023,62.0
마마13ab00ab,0.0,0.0,0.0,0.0,0.0,0.0,0.0,0.0,0.0,3.1130760722045023,62.0
마마13ab00ba,0.0,0.0,0.0,0.0,0.0,0.0,0.0,0.0,0.0,3.1130760722045023,62.0
마마13ab00bb,0.0,0.0,0.0,0.0,0.0,0.0018444512757454655,0.0,0.0,-0.00024259090135743942,3.0906401747686045,66.0
마마13ab01aa,0.026490066225165563,0.0,0.0,0.0,0.0,0.00768521364893944,0.0,0.0,-0.0034380519267418704,2.4575654699077876,186.0
마마13ab01ab,0.11920529801324503,0.08,0.0,0.0,0.0,0.0919151552413157,0.0,0.0,-0.030308048378979574,3.2785126262626254,973.0
마마13ab01ba,0.026490066225165563,0.04,0.0,0.0,0.0,0.009529664924684905,0.0,0.0,-0.007328783257156351,4.8001568537531885,302.0
마마13ab01bb,0.0,0.0,0.0,0.0,0.0,0.0,0.17875647668393782,0.0,0.017866169469723067,3.3884844660798334,16.0
마마13ab02aa,0.0,0.0,0.0,0.0,0.0,0.0,0.0,0.0,0.0,3.1130760722045023,62.0
마마13ab02ab,0.24503311258278146,0.0,0.0,0.0,0.0,0.0,0.0,0.17734826591666666,-0.03806514971337874,0.7681896754039614,1084.0
마마13ab02ba,0.31125827814569534,0.0,0.0,0.0,0.0,0.0,0.0,0.13333333333333333,-0.04025839358332157,0.7211798201798206,1104.0
마마13ab02bb,0.304635761589404,0.0,0.0,0.0,0.0,0.002459268367660621,0.0,0.23333333333333334,-0.04877863123465694,2.119885035599321,1177.0
마마13ab03aa,0.08609271523178808,0.0,0.0,0.0,0.0,0.02151859821703043,0.0,0.0,-0.010718810821865878,7.0399979373970965,410.0
마마13ab03ab,0.06622516556291391,0.0,0.0,0.0,0.0,0.0,0.0,0.0,-0.006068141261048016,2.23893334135549,266.0
마마13ab03ba,0.23178807947019867,0.0,0.0,0.0,0.0,0.0,0.0,0.0,-0.02123849441366805,1.202700344628916,765.0
마마13ab03bb,0.16556291390728478,0.0,0.0,0.0,0.0,0.0,0.0,0.0,-0.01517035315262004,1.202700344628916,565.0
마마13ab04aa,0.006622516556291391,0.0,0.0,0.0,0.0,0.0,0.0,0.0,-0.0006068141261048015,2.2628047968481355,74.0
마마13ab04ab,0.0,0.0,0.0,0.0,0.0,0.0,0.0,0.0,0.0,3.1130760722045023,62.0
마마13ab04ba,0.0,0.0,0.0,0.0,0.0,0.0,0.0,0.0,0.0,3.1130760722045023,62.0
마마13ab04bb,0.0,0.0,0.0,0.0,0.0,0.0,0.0,0.0,0.0,3.1130760722045023,62.0
마마13ba00aa,0.013245033112582781,0.0,0.0,0.0,0.0,0.0,0.0,0.0,-0.001213628252209603,2.2845975411154673,93.0
마마13ba00ab,0.0,0.0,0.0,0.0,0.0,0.0,0.0,0.0,0.0,3.1130760722045023,62.0
마마13ba00ba,0.0,0.0,0.0,0.0,0.0,0.0,0.0,0.0,0.0,3.1130760722045023,62.0
마마13ba00bb,0.0,0.0,0.0,0.0,0.0,0.0,0.0,0.0,0.0,3.1130760722045023,62.0
마마13ba01aa,0.052980132450331126,0.0,0.0,0.0,0.0,0.0,0.0,0.0,-0.004854513008838412,2.092264392579398,222.0
마마13ba01ab,0.13245033112582782,0.0,0.0,0.0,0.0,0.024592683676606202,0.0,0.0,-0.015370827873528557,0.9117008917008913,571.0
마마13ba01ba,0.033112582781456956,0.0,0.0,0.0,0.0,0.031048263141715337,0.0,0.0,-0.0071176841367075715,2.883100510197273,296.0
마마13ba01bb,0.026490066225165563,0.0,0.0,0.0,0.0,0.0,0.0,0.0,-0.002427256504419206,2.235757445615273,144.0
마마13ba02aa,0.0,0.0,0.0,0.0,0.0,0.0,0.0,0.0,0.0,3.1130760722045023,62.0
마마13ba02ab,0.07947019867549669,0.0,0.0,0.0,0.0,0.0,0.0,0.14972302508333335,-0.020462781620577485,3.1308665640678,743.0
마마13ba02ba,0.23841059602649006,0.0,0.0,0.0,0.0,0.0,0.0,1.0,-0.10988128096274208,1.8095126302269162,1456.0
마마13ba02bb,0.26490066225165565,0.0,0.0,0.0,0.0,0.0018444512757454655,0.0,0.0,-0.024515155945549504,1.2146434808577664,858.0
마마13ba03aa,0.10596026490066225,0.12,0.0,0.0,0.0,0.0,0.0,0.0,-0.020653447304847944,6.250201996492519,749.0
마마13ba03ab,0.0728476821192053,0.0,0.0,0.0,0.0,0.013833384568090992,0.0,0.0,-0.008494387147333613,2.7192523067205276,339.0
마마13ba03ba,0.11258278145695365,0.0,0.0,0.0,0.0,0.0,0.02072538860103627,0.0,-0.008244400205263009,3.599117573535275,330.0
마마13ba03bb,0.0728476821192053,0.0,0.0,0.0,0.0,0.0,0.0,0.0,-0.0066749553871528165,2.317230044652193,286.0
마마13ba04aa,0.013245033112582781,0.0,0.0,0.0,0.0,0.0,0.0,0.0,-0.001213628252209603,2.2845975411154673,93.0
마마13ba04ab,0.006622516556291391,0.0,0.0,0.0,0.0,0.0,0.0,0.0,-0.0006068141261048015,2.2628047968481355,74.0
마마13ba04ba,0.039735099337748346,0.0,0.0,0.0,0.0,0.0021518598217030436,0.0,0.0,-0.003923907474879155,2.5917787638576915,200.0
마마13ba04bb,0.0,0.0,0.0,0.0,0.0,0.0,0.0,0.0,0.0,3.1130760722045023,62.0
마마13ba05aa,0.0,0.0,0.0,0.0,0.0,0.0,0.0,0.0,0.0,3.1130760722045023,62.0
마마13ba05ab,0.0,0.0,0.0,0.0,0.0,0.0,0.0,0.0,0.0,3.1130760722045023,62.0
마마13ba05ba,0.0,0.0,0.0,0.0,0.0,0.0,0.0,0.0,0.0,3.1130760722045023,62.0
마마13bb00aa,0.013245033112582781,0.0,0.0,0.0,0.0,0.002459268367660621,0.0,0.0,-0.0015370827873528556,2.4074968966694343,106.0
마마13bb00ab,0.013245033112582781,0.12,0.0,0.0,0.0,0.0,0.0,0.0,-0.012158049539380725,4.380940349142982,456.0
마마13bb00ba,0.0,0.0,0.0,0.0,0.0,0.0,0.0,0.19531551058333332,-0.017194790903492487,3.1879114840819356,634.0
마마13bb00bb,0.0,0.0,0.0,0.0,0.0,0.0,0.0,0.0,0.0,3.1130760722045023,62.0
마마13bb01aa,0.059602649006622516,0.08,0.0,0.0,0.0,0.0064555794651091295,0.0,0.0,-0.013606676147808333,4.2717969551186075,509.0
마마13bb01ab,0.07947019867549669,0.0,0.0,0.0,0.0,0.0,0.0,0.0,-0.007281769513257618,7.535394101977326,301.0
마마13bb01ba,0.052980132450331126,0.24,0.0,0.0,0.0,0.006148170919151552,0.0,0.0,-0.027551991921038785,2.4808010175579693,920.0
마마13bb01bb,0.033112582781456956,0.12,0.0,0.0,0.0,0.0021518598217030436,0.0,0.0,-0.014261514635945475,4.335779226286644,528.0
마마13bb02aa,0.0,0.0,0.0,0.0,0.0,0.0,0.0,0.0,0.0,3.1130760722045023,62.0
마마13bb02ab,0.0,0.0,0.0,0.0,0.0,0.0,0.0,0.0,0.0,3.1130760722045023,62.0
마마13bb02ba,0.3576158940397351,0.0,0.0,0.0,0.0,0.0,0.0,0.0,-0.03276796280965928,1.330843550629265,1015.0
마마13bb02bb,0.3841059602649007,0.0,0.0,0.0,0.0,0.0,0.0,0.0,-0.035195219314078485,1.2107733430590575,1048.0
마마13bb03aa,0.23178807947019867,0.0,0.0,0.0,0.0,0.0,0.0,0.0,-0.02123849441366805,1.202700344628916,765.0
마마13bb03ab,0.052980132450331126,0.0,0.0,0.0,0.0,0.003381494005533354,0.0,0.0,-0.005299262994660384,2.2430418212425596,237.0
마마13bb03ba,0.019867549668874173,0.0,0.0,0.0,0.0,0.0,0.0,0.0,-0.0018204423783144046,2.235757445615273,118.0
마마13bb03bb,0.0,0.0,0.0,0.0,0.0,0.0,0.0,0.0,0.0,3.1130760722045023,62.0
마마13bb04aa,0.033112582781456956,0.0,0.0,0.0,0.0,0.0,0.0,0.0,-0.003034070630524008,2.4791925079025385,171.0
마마13bb04ab,0.09271523178807947,0.0,0.0,0.0,0.0,0.0,0.0,0.17968448941666668,-0.024314096520588198,3.139567418768655,853.0
마마13bb04ba,0.0,0.0,0.0,0.0,0.0,0.0,0.0,0.0,0.0,3.1130760722045023,62.0
마마13bb04bb,0.013245033112582781,0.0,0.0,0.0,0.0,0.0,0.0,0.0,-0.001213628252209603,2.2845975411154673,93.0
마마13bb05aa,0.0,0.0,0.0,0.0,0.0,0.0,0.0,0.0,0.0,3.1130760722045023,62.0
마마13bb05ab,0.0,0.0,0.0,0.0,0.0,0.0,0.0,0.0,0.0,3.1130760722045023,62.0
마마13bb05ba,0.0,0.0,0.0,0.0,0.0,0.0,0.0,0.0,0.0,3.1130760722045023,62.0
마마14aa00aa,0.304635761589404,0.0,0.0,0.0,0.0,0.009222256378727329,0.0,0.0,-0.029126404307608066,1.2146434808577664,952.0
마마14aa00ab,0.16556291390728478,0.0,0.0,0.0,0.0,0.0,0.0,0.18697013483333333,-0.031630450786726216,0.8235442018299165,997.0
마마14aa00ba,0.06622516556291391,0.0,0.0,0.0,0.0,0.0,0.0,0.0,-0.006068141261048016,2.23893334135549,266.0
마마14aa00bb,0.0,0.0,0.0,0.0,0.0,0.0,0.0,0.0,0.0,3.1130760722045023,62.0
마마14aa01aa,0.152317880794702,0.2,0.0,0.0,0.0,0.010451890562557638,0.0,0.0,-0.033572108820054465,1.0185048549334257,1029.0
마마14aa01ab,0.013245033112582781,0.0,0.0,0.0,0.0,0.0,0.0,0.21666666666666667,-0.020288088943852936,2.492928149438651,736.0
마마14aa01ba,0.0,0.0,0.0,0.0,0.0,0.0,0.0,0.0,0.0,3.1130760722045023,62.0
마마14aa01bb,0.0,0.0,0.0,0.0,0.0,0.0,0.0,0.0,0.0,3.1130760722045023,62.0
마마14aa02aa,0.0,0.0,0.0,0.0,0.0,0.0,0.0,0.0,0.0,3.1130760722045023,62.0
마마14aa02ab,0.006622516556291391,0.0,0.0,0.0,0.0,0.0,0.0,0.0,-0.0006068141261048015,2.2628047968481355,74.0
마마14aa02ba,0.2185430463576159,0.0,0.0,0.0,0.0,0.0,0.0,0.1906189788333333,-0.03680619332532434,0.8728116010973159,1066.0
마마14aa02bb,0.37748344370860926,0.0,0.0,0.0,0.0,0.0,0.0,0.28881262041666667,-0.060014305074380825,2.018914339628625,1260.0
마마14aa03aa,0.2980132450331126,0.0,0.0,0.0,0.0,0.0,0.0,0.0,-0.02730663567471607,1.2648083160226018,913.0
마마14aa03ab,0.19205298013245034,0.0,0.0,0.0,0.0,0.0,0.0,0.12968448941666666,-0.029014509791011753,0.6267122639265499,951.0
마마14aa03ba,0.13245033112582782,0.0,0.0,0.0,0.0,0.0,0.0,0.3416666666666667,-0.04221523976661052,1.6169937047079919,1126.0
마마14aa03bb,0.039735099337748346,0.0,0.0,0.0,0.0,0.0,0.0,0.0,-0.003640884756628809,2.55175305519838,192.0
마마14aa04aa,0.11258278145695365,0.0,0.0,0.0,0.0,0.0,0.0,0.0,-0.010315840143781625,2.5908635180669357,396.0
마마14aa04ab,0.07947019867549669,0.0,0.0,0.0,0.0,0.010759299108515216,0.0,0.0,-0.008696883104509348,7.114265336664496,345.0
마마14aa04ba,0.013245033112582781,0.0,0.0,0.0,0.0,0.0027666769136181985,0.0,0.05,-0.005979313225394224,2.4074968966694343,264.0
마마14aa04bb,0.0728476821192053,0.0,0.0,0.0,0.0,0.0,0.0,0.0,-0.0066749553871528165,2.317230044652193,286.0
마마14aa05aa,0.013245033112582781,0.0,0.0,0.0,0.0,0.0,0.0,0.0,-0.001213628252209603,2.2845975411154673,93.0
마마14aa05ab,0.0,0.0,0.0,0.0,0.0,0.0,0.0,0.0,0.0,3.1130760722045023,62.0
마마14ab00aa,0.19205298013245034,0.0,0.0,0.0,0.0,0.0018444512757454655,0.0,0.0,-0.017840200558396684,1.1522790992076704,662.0
마마14ab00ab,0.006622516556291391,0.0,0.0,0.0,0.0,0.0027666769136181985,0.0,0.0,-0.0009707004781409608,2.399348841046791,83.0
마마14ab00ba,0.0728476821192053,0.0,0.0,0.0,0.0,0.006148170919151552,0.0,0.0,-0.007483591725010948,2.5220658173460824,307.0
마마14ab00bb,0.07947019867549669,0.0,0.0,0.0,0.0,0.01537042729787888,0.0,0.25364884391666664,-0.03163358298606864,3.4498905815643464,999.0
마마14ab01aa,0.23841059602649006,0.0,0.0,0.0,0.0,0.018137104211497078,0.0,0.0,-0.02423078573645434,1.092114264042835,847.0
마마14ab01ab,0.0,0.0,0.0,0.0,0.0,0.0,0.0,0.27577071291666666,-0.02427774287739423,3.276006722177174,849.0
마마14ab01ba,0.006622516556291391,0.0,0.0,0.0,0.0,0.0,0.0,0.0,-0.0006068141261048015,2.2628047968481355,74.0
마마14ab01bb,0.0,0.0,0.0,0.0,0.0,0.0,0.0,0.0,0.0,3.1130760722045023,62.0
마마14ab02aa,0.0,0.0,0.0,0.0,0.0,0.0,0.0,0.0,0.0,3.1130760722045023,62.0
마마14ab02ab,0.0728476821192053,0.0,0.0,0.0,0.0,0.0046111281893636644,0.0,0.0,-0.007281432640546415,2.633505405962594,300.0
마마14ab02ba,0.23178807947019867,0.0,0.0,0.0,0.0,0.0,0.0,0.65,-0.07846187648859805,1.760843521557808,1351.0
마마14ab02bb,0.1390728476821192,0.0,0.0,0.0,0.0,0.0,0.0,0.375,-0.04575658630681429,1.6628819830962698,1159.0
마마14ab03aa,0.026490066225165563,0.0,0.0,0.0,0.0,0.0,0.0,0.0,-0.002427256504419206,2.235757445615273,144.0
마마14ab03ab,0.07947019867549669,0.0,0.0,0.0,0.0,0.0,0.0,0.0,-0.007281769513257618,7.535394101977326,301.0
마마14ab03ba,0.23841059602649006,0.0,0.0,0.0,0.0,0.0,0.0,0.0,-0.021845308539772852,1.2168029087314798,777.0
마마14ab03bb,0.2251655629139073,0.0,0.0,0.0,0.0,0.0,0.0,0.0,-0.02063168028756325,1.202700344628916,748.0
마마14ab04aa,0.013245033112582781,0.0,0.0,0.0,0.0,0.0,0.0,0.0,-0.001213628252209603,2.2845975411154673,93.0
마마14ab04ab,0.006622516556291391,0.0,0.0,0.0,0.0,0.003996311097448509,0.010362694300518135,0.0,-9.670777645327876e-05,3.1727255531802516,64.0
마마14ab04ba,0.052980132450331126,0.0,0.0,0.0,0.0,0.006762988011066708,0.0,0.0,-0.0057440129804823565,2.3156043806346456,253.0
마마14ab04bb,0.11920529801324503,0.0,0.0,0.0,0.0,0.0018444512757454655,0.0,0.1713631985,-0.02625137098870167,0.6208501498501501,897.0
마마14ab05aa,0.013245033112582781,0.0,0.0,0.0,0.0,0.0,0.0,0.0,-0.001213628252209603,2.2845975411154673,93.0
마마14ab05ab,0.006622516556291391,0.0,0.0,0.0,0.0,0.0,0.0,0.0,-0.0006068141261048015,2.2628047968481355,74.0
마마14ab05ba,0.0,0.0,0.0,0.0,0.0,0.0,0.0,0.0,0.0,3.1130760722045023,62.0
마마14ab05bb,0.0,0.0,0.0,0.0,0.0,0.0,0.0,0.0,0.0,3.1130760722045023,62.0
마마14ba00aa,0.1456953642384106,0.0,0.0,0.0,0.0,0.0,0.0,0.0,-0.013349910774305633,1.1812259856545568,502.0
마마14ba00ab,0.13245033112582782,0.0,0.0,0.0,0.0,0.0027666769136181985,0.0,0.0,-0.012500168874132191,1.1335831522974378,471.0
마마14ba00ba,0.059602649006622516,0.0,0.0,0.0,0.0,0.007992622194897018,0.0,0.275,-0.030722446790475325,2.8687772712512505,983.0
마마14ba00bb,0.11258278145695365,0.12,0.0,0.0,0.0,0.004918536735321242,0.0,0.0,-0.021907170501239255,3.5797558235415368,780.0
마마14ba01aa,0.059602649006622516,0.08,0.0,0.0,0.0,0.0,0.0,0.0,-0.012757607993057295,4.214393869435314,481.0
마마14ba01ab,0.006622516556291391,0.0,0.0,0.0,0.0,0.0,0.0,0.2707032755,-0.024438440222830243,2.667098916700048,855.0
마마14ba01ba,0.0,0.0,0.0,0.0,0.0,0.003688902551490931,0.0051813471502590676,0.0,3.2678181914775305e-05,3.2359185747963455,61.0
마마14ba01bb,0.019867549668874173,0.0,0.0,0.0,0.0,0.008300030740854595,0.0,0.0,-0.002912101434422882,2.620694446689006,166.0
마마14ba02aa,0.0,0.0,0.0,0.0,0.0,0.0,0.0,0.0,0.0,3.1130760722045023,62.0
마마14ba02ab,0.039735099337748346,0.0,0.0,0.0,0.0,0.002459268367660621,0.0,0.0,-0.003964339291772062,2.655421641521578,201.0
마마14ba02ba,0.039735099337748346,0.0,0.0,0.0,0.0,0.0,0.0,0.0,-0.003640884756628809,2.55175305519838,192.0
마마14ba03aa,0.09271523178807947,0.0,0.0,0.0,0.0,0.0,0.0,0.0,-0.008495397765467221,8.159066350363856,340.0
마마14ba03ab,0.26490066225165565,0.0,0.0,0.0,0.0,0.0,0.0,0.0,-0.024272565044192063,1.2648083160226018,848.0
마마14ba03ba,0.09933774834437085,0.0,0.0,0.0,0.0,0.0,0.0,0.0,-0.009102211891572022,8.159066350363856,359.0
마마14ba03bb,0.026490066225165563,0.0,0.0,0.0,0.0,0.0,0.0,0.0,-0.002427256504419206,2.235757445615273,144.0
마마14ba04aa,0.0,0.0,0.0,0.0,0.0,0.0,0.0,0.0,0.0,3.1130760722045023,62.0
마마14ba04ab,0.013245033112582781,0.0,0.0,0.0,0.0,0.0021518598217030436,0.0,0.0,-0.0014966509704599491,2.3438540190055486,104.0
마마14ba04ba,0.052980132450331126,0.0,0.0,0.0,0.0,0.0,0.0,0.0,-0.004854513008838412,2.092264392579398,222.0
마마14ba04bb,0.033112582781456956,0.0,0.0,0.0,0.0,0.0030740854595757753,0.0,0.0,-0.0034383887994530733,2.5828610942257364,187.0
마마14ba05aa,0.052980132450331126,0.0,0.0,0.0,0.0,0.008607439286812174,0.0,0.0,-0.0059866038818397966,2.511227479695701,265.0
마마14ba05ab,0.0,0.0,0.0,0.0,0.0,0.0,0.0,0.0,0.0,3.1130760722045023,62.0
마마14ba05ba,0.0,0.0,0.0,0.0,0.0,0.0,0.0,0.0,0.0,3.1130760722045023,62.0
마마14ba05bb,0.0,0.0,0.0,0.0,0.0,0.0,0.0,0.0,0.0,3.1130760722045023,62.0
마마14ba06aa,0.0,0.0,0.0,0.0,0.0,0.0,0.0,0.0,0.0,3.1130760722045023,62.0
마마14bb00aa,0.11920529801324503,0.12,0.0,0.0,0.0,0.0021518598217030436,0.0,0.0,-0.02215009827530789,3.055110306360305,787.0
마마14bb00ab,0.11258278145695365,0.04,0.0,0.0,0.0,0.003381494005533354,0.0,0.0,-0.014408730558660638,4.0733159142444855,534.0
마마14bb00ba,0.17880794701986755,0.08,0.0,0.0,0.0,0.0,0.0,0.0,-0.023680262262943723,3.301975870690155,832.0
마마14bb00bb,0.13245033112582782,0.0,0.0,0.0,0.0,0.002459268367660621,0.018134715025906738,0.0,-0.010647227111035494,2.253511810940383,406.0
마마14bb01aa,0.006622516556291391,0.0,0.0,0.0,0.0,0.0,0.0,0.1,-0.009410411368401725,2.1831743566326454,367.0
마마14bb01ab,0.013245033112582781,0.0,0.0,0.0,0.0,0.0,0.0,0.0,-0.001213628252209603,2.2845975411154673,93.0
마마14bb01ba,0.0,0.0,0.0,0.0,0.0,0.0,0.0,0.0,0.0,3.1130760722045023,62.0
마마14bb01bb,0.019867549668874173,0.0,0.0,0.0,0.0,0.003381494005533354,0.0,0.0,-0.002265192364136377,2.4098895751331355,138.0
마마14bb02aa,0.0,0.0,0.0,0.0,0.0,0.0,0.0,0.0,0.0,3.1130760722045023,62.0
마마14bb02ab,0.019867549668874173,0.0,0.0,0.0,0.0,0.0,0.0,0.0,-0.0018204423783144046,2.235757445615273,118.0
마마14bb02ba,0.0,0.0,0.0,0.0,0.0,0.0,0.0,0.0,0.0,3.1130760722045023,62.0
마마14bb02bb,0.0,0.0,0.0,0.0,0.0,0.0,0.0,0.0,0.0,3.1130760722045023,62.0
마마14bb03aa,0.0,0.0,0.0,0.0,0.0,0.0,0.0,0.0,0.0,3.1130760722045023,62.0
마마14bb03ab,0.2052980132450331,0.0,0.0,0.0,0.0,0.0,0.0,0.19166666666666665,-0.035684799290317946,0.8728116010973159,1052.0
마마14bb03ba,0.23178807947019867,0.0,0.0,0.0,0.0,0.0,0.0,0.0,-0.02123849441366805,1.202700344628916,765.0
마마14bb03bb,0.059602649006622516,0.0,0.0,0.0,0.0,0.0,0.0,0.0,-0.005461327134943213,2.228727806149955,242.0
마마14bb04aa,0.10596026490066225,0.0,0.0,0.0,0.0,0.0,0.0,0.0,-0.009709026017676824,8.159066350363856,376.0
마마14bb04ab,0.07947019867549669,0.0,0.0,0.0,0.0,0.0,0.0,0.0,-0.007281769513257618,7.535394101977326,301.0
마마14bb04ba,0.07947019867549669,0.0,0.0,0.0,0.0,0.004303719643406086,0.0,0.0,-0.00784781494975831,7.114265336664496,317.0
마마14bb04bb,0.039735099337748346,0.0,0.0,0.0,0.0,0.0,0.0,0.0,-0.003640884756628809,2.55175305519838,192.0
마마14bb05aa,0.11258278145695365,0.0,0.0,0.0,0.0,0.0030740854595757753,0.0,0.0,-0.010720158312710691,2.450852529055947,411.0
마마14bb05ab,0.10596026490066225,0.0,0.0,0.0,0.0,0.006148170919151552,0.0,0.0,-0.010517662355534956,7.597450311640676,401.0
마마14bb05ba,0.0,0.0,0.0,0.0,0.0,0.0,0.0,0.0,0.0,3.1130760722045023,62.0
마마14bb05bb,0.0,0.0,0.0,0.0,0.0,0.0,0.0,0.0,0.0,3.1130760722045023,62.0
마마14bb06aa,0.0,0.0,0.0,0.0,0.0,0.0,0.0,0.0,0.0,3.1130760722045023,62.0
마마14bb06ab,0.0,0.0,0.0,0.0,0.0,0.0,0.0,0.0,0.0,3.1130760722045023,62.0
마마15aa00aa,0.013245033112582781,0.0,0.0,0.0,0.0,0.0,0.0,0.0,-0.001213628252209603,2.2845975411154673,93.0
마마15aa00ab,0.0,0.0,0.0,0.0,0.0,0.0,0.0,0.0,0.0,3.1130760722045023,62.0
마마15aa00ba,0.026490066225165563,0.0,0.0,0.0,0.0,0.007070396557024285,0.0,0.0,-0.0033571882929560575,2.408320548162866,180.0
마마15aa00bb,0.152317880794702,0.0,0.0,0.0,0.0,0.009837073470642483,0.0,0.0,-0.015250543040983444,1.0698785235928092,568.0
마마15aa01aa,0.0,0.0,0.0,0.0,0.0,0.0,0.0,0.0,0.0,3.1130760722045023,62.0
마마15aa01ab,0.0,0.0,0.0,0.0,0.0,0.0,0.0,0.1786368015,-0.01572646453058143,3.056487806668868,581.0
마마15aa01ba,0.0,0.0,0.0,0.0,0.0,0.0,0.0,0.0,0.0,3.1130760722045023,62.0
마마15aa01bb,0.006622516556291391,0.0,0.0,0.0,0.0,0.0,0.0,0.0,-0.0006068141261048015,2.2628047968481355,74.0
마마15aa02aa,0.0,0.0,0.0,0.0,0.0,0.0,0.0,0.0,0.0,3.1130760722045023,62.0
마마15aa02ab,0.019867549668874173,0.0,0.0,0.0,0.0,0.0,0.0,0.0,-0.0018204423783144046,2.235757445615273,118.0
마마15aa02ba,0.0,0.0,0.0,0.0,0.0,0.0,0.0,0.0,0.0,3.1130760722045023,62.0
마마15aa02bb,0.006622516556291391,0.0,0.0,0.0,0.0,0.0,0.0,0.0,-0.0006068141261048015,2.2628047968481355,74.0
마마15aa03aa,0.0,0.0,0.0,0.0,0.0,0.0,0.0,0.0,0.0,3.1130760722045023,62.0
마마15aa03ab,0.06622516556291391,0.0,0.0,0.0,0.0,0.0,0.0,0.0,-0.006068141261048016,2.23893334135549,266.0
마마15aa03ba,0.11258278145695365,0.08,0.0,0.0,0.0,0.004303719643406086,0.0,0.0,-0.018178166438396398,3.8036290138432993,676.0
마마15aa03bb,0.059602649006622516,0.0,0.0,0.0,0.0,0.0,0.0,0.0,-0.005461327134943213,2.228727806149955,242.0
마마15aa04aa,0.17218543046357615,0.0,0.0,0.0,0.0,0.0,0.0,0.0,-0.015777167278724837,1.202700344628916,584.0
마마15aa04ab,0.052980132450331126,0.0,0.0,0.0,0.0,0.0,0.0,0.0,-0.004854513008838412,2.092264392579398,222.0
마마15aa04ba,0.0,0.0,0.0,0.0,0.0,0.0,0.0,0.0,0.0,3.1130760722045023,62.0
마마15aa04bb,0.033112582781456956,0.0,0.0,0.0,0.0,0.0,0.0,0.0,-0.003034070630524008,2.4791925079025385,171.0
마마15aa05aa,0.059602649006622516,0.0,0.0,0.0,0.0,0.0,0.0,0.0,-0.005461327134943213,2.228727806149955,242.0
마마15aa05ab,0.09271523178807947,0.0,0.0,0.0,0.0,0.0,0.0,0.0,-0.008495397765467221,8.159066350363856,340.0
마마15aa05ba,0.0,0.0,0.0,0.0,0.0,0.0,0.0,0.0,0.0,3.1130760722045023,62.0
마마15aa05bb,0.0,0.0,0.0,0.0,0.0,0.0,0.0,0.0,0.0,3.1130760722045023,62.0
마마15aa06aa,0.0,0.0,0.0,0.0,0.0,0.0,0.0,0.0,0.0,3.1130760722045023,62.0
마마15aa06ab,0.0,0.0,0.0,0.0,0.0,0.0,0.0,0.0,0.0,3.1130760722045023,62.0
마마15ab00aa,0.06622516556291391,0.0,0.0,0.0,0.0,0.0,0.0,0.0,-0.006068141261048016,2.23893334135549,266.0
마마15ab00ab,0.0,0.0,0.0,0.0,0.0,0.0,0.0,0.0,0.0,3.1130760722045023,62.0
마마15ab00ba,0.006622516556291391,0.0,0.0,0.0,0.0,0.0,0.0,0.0,-0.0006068141261048015,2.2628047968481355,74.0
마마15ab00bb,0.11920529801324503,0.0,0.0,0.0,0.0,0.003688902551490931,0.0,0.0,-0.011407836072601305,1.1335831522974378,435.0
마마15ab01aa,0.0,0.0,0.0,0.0,0.0,0.0,0.0,0.0,0.0,3.1130760722045023,62.0
마마15ab01ab,0.026490066225165563,0.0,0.0,0.0,0.0,0.002459268367660621,0.0,0.0,-0.0027507110395624586,2.362780732793172,157.0
마마15ab01ba,0.006622516556291391,0.0,0.0,0.0,0.0,0.0,0.0,0.0,-0.0006068141261048015,2.2628047968481355,74.0
마마15ab01bb,0.019867549668874173,0.0,0.0,0.0,0.0,0.0,0.0,0.0,-0.0018204423783144046,2.235757445615273,118.0
마마15ab02aa,0.006622516556291391,0.0,0.0,0.0,0.0,0.0,0.0,0.0,-0.0006068141261048015,2.2628047968481355,74.0
마마15ab02ab,0.0,0.0,0.0,0.0,0.0,0.0,0.0,0.0,0.0,3.1130760722045023,62.0
마마15ab02ba,0.006622516556291391,0.0,0.0,0.0,0.0,0.0,0.0,0.0,-0.0006068141261048015,2.2628047968481355,74.0
마마15ab03aa,0.0,0.0,0.0,0.0,0.0,0.0,0.0,0.0,0.0,3.1130760722045023,62.0
마마15ab03ab,0.0,0.0,0.0,0.0,0.0,0.0,0.0,0.0,0.0,3.1130760722045023,62.0
마마15ab03ba,0.052980132450331126,0.0,0.0,0.0,0.0,0.0,0.0,0.0,-0.004854513008838412,2.092264392579398,222.0
마마15ab03bb,0.059602649006622516,0.0,0.0,0.0,0.0,0.0,0.0,0.0,-0.005461327134943213,2.228727806149955,242.0
마마15ab04aa,0.17218543046357615,0.0,0.0,0.0,0.0,0.0,0.0,0.0,-0.015777167278724837,1.202700344628916,584.0
마마15ab04ab,0.026490066225165563,0.0,0.0,0.0,0.0,0.0,0.0,0.0,-0.002427256504419206,2.235757445615273,144.0
마마15ab04ba,0.006622516556291391,0.0,0.0,0.0,0.0,0.0,0.0,0.0,-0.0006068141261048015,2.2628047968481355,74.0
마마15ab04bb,0.013245033112582781,0.0,0.0,0.0,0.0,0.0,0.0,0.0,-0.001213628252209603,2.2845975411154673,93.0
마마15ab05aa,0.013245033112582781,0.0,0.0,0.0,0.0,0.0,0.0,0.0,-0.001213628252209603,2.2845975411154673,93.0
마마15ab05ab,0.0,0.0,0.0,0.0,0.0,0.0,0.0,0.0,0.0,3.1130760722045023,62.0
마마15ab05ba,0.0,0.0,0.0,0.0,0.0,0.0,0.0,0.0,0.0,3.1130760722045023,62.0
마마15ab05bb,0.0,0.0,0.0,0.0,0.0,0.0,0.0,0.0,0.0,3.1130760722045023,62.0
마마15ab06aa,0.0,0.0,0.0,0.0,0.0,0.0,0.0,0.0,0.0,3.1130760722045023,62.0
마마15ab06ab,0.0,0.0,0.0,0.0,0.0,0.0,0.0,0.0,0.0,3.1130760722045023,62.0
마마15ba00aa,0.2052980132450331,0.0,0.0,0.0,0.0,0.0,0.0,0.0,-0.018811237909248844,1.202700344628916,695.0
마마15ba00ab,0.0,0.0,0.0,0.0,0.0,0.0,0.0,0.0,0.0,3.1130760722045023,62.0
마마15ba00ba,0.013245033112582781,0.0,0.0,0.0,0.0,0.0,0.0,0.0,-0.001213628252209603,2.2845975411154673,93.0
마마15ba00bb,0.06622516556291391,0.08,0.0,0.0,0.0,0.0,0.0,0.0,-0.013364422119162098,4.22459940464085,503.0
마마15ba01aa,0.0,0.0,0.0,0.0,0.0,0.0,0.0,0.0,0.0,3.1130760722045023,62.0
마마15ba01ab,0.0,0.0,0.0,0.0,0.0,0.004918536735321242,0.0,0.18775289016666666,-0.017175917331331943,3.19789224203693,633.0
마마15ba01ba,0.006622516556291391,0.0,0.0,0.0,0.0,0.0,0.0,0.0,-0.0006068141261048015,2.2628047968481355,74.0
마마15ba01bb,0.0,0.0,0.0,0.0,0.0,0.0,0.0,0.0,0.0,3.1130760722045023,62.0
마마15ba02aa,0.0,0.0,0.0,0.0,0.0,0.0,0.0,0.0,0.0,3.1130760722045023,62.0
마마15ba02ab,0.0,0.0,0.0,0.0,0.0,0.0,0.0,0.0,0.0,3.1130760722045023,62.0
마마15ba02ba,0.006622516556291391,0.0,0.0,0.0,0.0,0.0,0.0,0.0,-0.0006068141261048015,2.2628047968481355,74.0
마마15ba02bb,0.013245033112582781,0.0,0.0,0.0,0.0,0.0,0.0,0.0,-0.001213628252209603,2.2845975411154673,93.0
마마15ba03aa,0.0,0.0,0.0,0.0,0.0,0.0,0.0,0.0,0.0,3.1130760722045023,62.0
마마15ba03ab,0.0,0.0,0.0,0.0,0.0,0.0,0.0,0.0,0.0,3.1130760722045023,62.0
마마15ba03ba,0.006622516556291391,0.0,0.0,0.0,0.0,0.0,0.0,0.0,-0.0006068141261048015,2.2628047968481355,74.0
마마15ba03bb,0.052980132450331126,0.0,0.0,0.0,0.0,0.0,0.0,0.0,-0.004854513008838412,2.092264392579398,222.0
마마15ba04aa,0.07947019867549669,0.0,0.0,0.0,0.0,0.0,0.0,0.0,-0.007281769513257618,7.535394101977326,301.0
마마15ba04ab,0.006622516556291391,0.0,0.0,0.0,0.0,0.0,0.0,0.0,-0.0006068141261048015,2.2628047968481355,74.0
마마15ba04ba,0.0,0.0,0.0,0.0,0.0,0.0,0.0,0.0,0.0,3.1130760722045023,62.0
마마15ba04bb,0.0,0.0,0.0,0.0,0.0,0.0,0.0,0.0,0.0,3.1130760722045023,62.0
마마15ba05aa,0.0,0.0,0.0,0.0,0.0,0.0,0.0,0.0,0.0,3.1130760722045023,62.0
마마15ba05ab,0.0,0.0,0.0,0.0,0.0,0.0,0.0,0.0,0.0,3.1130760722045023,62.0
마마15ba05ba,0.0,0.0,0.0,0.0,0.0,0.0,0.0,0.0,0.0,3.1130760722045023,62.0
마마15ba05bb,0.0,0.0,0.0,0.0,0.0,0.0,0.0,0.0,0.0,3.1130760722045023,62.0
마마15ba06aa,0.0,0.0,0.0,0.0,0.0,0.0,0.0,0.0,0.0,3.1130760722045023,62.0
마마15ba06ab,0.0,0.0,0.0,0.0,0.0,0.0,0.0,0.0,0.0,3.1130760722045023,62.0
마마15bb00aa,0.2913907284768212,0.0,0.0,0.0,0.0,0.0,0.0,0.0,-0.026699821548611266,1.2648083160226018,905.0
마마15bb00ab,0.019867549668874173,0.0,0.0,0.0,0.0,0.0,0.0,0.0,-0.0018204423783144046,2.235757445615273,118.0
마마15bb00ba,0.026490066225165563,0.0,0.0,0.0,0.0,0.0,0.0,0.0,-0.002427256504419206,2.235757445615273,144.0
마마15bb00bb,0.0,0.0,0.0,0.0,0.0,0.0,0.0,0.0,0.0,3.1130760722045023,62.0
마마15bb01aa,0.006622516556291391,0.0,0.0,0.0,0.0,0.0,0.0,0.0,-0.0006068141261048015,2.2628047968481355,74.0
마마15bb01ab,0.052980132450331126,0.0,0.0,0.0,0.0,0.0,0.0,0.0,-0.004854513008838412,2.092264392579398,222.0
마마15bb01ba,0.0,0.0,0.0,0.0,0.0,0.0,0.0,0.0,0.0,3.1130760722045023,62.0
마마15bb01bb,0.006622516556291391,0.0,0.0,0.0,0.0,0.0,0.0,0.0,-0.0006068141261048015,2.2628047968481355,74.0
마마15bb02aa,0.0,0.0,0.0,0.0,0.0,0.0,0.0,0.0,0.0,3.1130760722045023,62.0
마마15bb02ab,0.006622516556291391,0.0,0.0,0.0,0.0,0.0,0.0,0.0,-0.0006068141261048015,2.2628047968481355,74.0
마마15bb02ba,0.013245033112582781,0.0,0.0,0.0,0.0,0.0,0.0,0.0,-0.001213628252209603,2.2845975411154673,93.0
마마15bb02bb,0.0,0.0,0.0,0.0,0.0,0.0,0.0,0.0,0.0,3.1130760722045023,62.0
마마15bb03aa,0.0,0.0,0.0,0.0,0.0,0.0,0.0,0.0,0.0,3.1130760722045023,62.0
마마15bb03ab,0.0,0.0,0.0,0.0,0.0,0.0,0.0,0.0,0.0,3.1130760722045023,62.0
마마15bb03ba,0.013245033112582781,0.0,0.0,0.0,0.0,0.0,0.0,0.0,-0.001213628252209603,2.2845975411154673,93.0
마마15bb03bb,0.019867549668874173,0.0,0.0,0.0,0.0,0.0,0.0,0.0,-0.0018204423783144046,2.235757445615273,118.0
마마15bb04aa,0.11920529801324503,0.0,0.0,0.0,0.0,0.0,0.0,0.0,-0.010922654269886426,1.1786747273890128,417.0
마마15bb04ab,0.0,0.0,0.0,0.0,0.0,0.0,0.0,0.0,0.0,3.1130760722045023,62.0
마마15bb04ba,0.0,0.0,0.0,0.0,0.0,0.0,0.0,0.0,0.0,3.1130760722045023,62.0
마마15bb04bb,0.0,0.0,0.0,0.0,0.0,0.0,0.0,0.0,0.0,3.1130760722045023,62.0
마마15bb05aa,0.0,0.0,0.0,0.0,0.0,0.0,0.0,0.0,0.0,3.1130760722045023,62.0
마마15bb05ab,0.0,0.0,0.0,0.0,0.0,0.0,0.0,0.0,0.0,3.1130760722045023,62.0
마마15bb05ba,0.006622516556291391,0.0,0.0,0.0,0.0,0.0,0.0,0.0,-0.0006068141261048015,2.2628047968481355,74.0
마마15bb05bb,0.0,0.0,0.0,0.0,0.0,0.0,0.0,0.0,0.0,3.1130760722045023,62.0
마마15bb06aa,0.0,0.0,0.0,0.0,0.0,0.0,0.0,0.0,0.0,3.1130760722045023,62.0
마마15bb06ab,0.0,0.0,0.0,0.0,0.0,0.0,0.0,0.0,0.0,3.1130760722045023,62.0
마마16aa00aa,0.16556291390728478,0.0,0.0,0.0,0.0,0.0,0.0,0.0,-0.01517035315262004,1.202700344628916,565.0
마마16aa00ab,0.013245033112582781,0.0,0.0,0.0,0.0,0.0,0.0,0.0,-0.001213628252209603,2.2845975411154673,93.0
마마16aa00ba,0.013245033112582781,0.0,0.0,0.0,0.0,0.0,0.0,0.0,-0.001213628252209603,2.2845975411154673,93.0
마마16aa00bb,0.013245033112582781,0.0,0.0,0.0,0.0,0.0,0.0,0.0,-0.001213628252209603,2.2845975411154673,93.0
마마16aa01aa,0.039735099337748346,0.0,0.0,0.0,0.0,0.0,0.0,0.23333333333333334,-0.02418261165532163,2.8349762942402803,846.0
마마16aa01ab,0.026490066225165563,0.0,0.0,0.0,0.0,0.0,0.0,0.0,-0.002427256504419206,2.235757445615273,144.0
마마16aa01ba,0.0,0.0,0.0,0.0,0.0,0.0,0.0,0.0,0.0,3.1130760722045023,62.0
마마16aa01bb,0.0,0.0,0.0,0.0,0.0,0.0,0.0,0.0,0.0,3.1130760722045023,62.0
마마16aa02aa,0.013245033112582781,0.0,0.0,0.0,0.0,0.0,0.0,0.0,-0.001213628252209603,2.2845975411154673,93.0
마마16aa02ab,0.0,0.0,0.0,0.0,0.0,0.0,0.0,0.0,0.0,3.1130760722045023,62.0
마마16aa02ba,0.0,0.0,0.0,0.0,0.0,0.0,0.0,0.0,0.0,3.1130760722045023,62.0
마마16aa02bb,0.0,0.0,0.0,0.0,0.0,0.0,0.0,0.0,0.0,3.1130760722045023,62.0
마마16aa03aa,0.0,0.0,0.0,0.0,0.0,0.0,0.0,0.0,0.0,3.1130760722045023,62.0
마마16aa03ab,0.0,0.0,0.0,0.0,0.0,0.0,0.0,0.0,0.0,3.1130760722045023,62.0
마마16aa03ba,0.0,0.0,0.0,0.0,0.0,0.0,0.0,0.0,0.0,3.1130760722045023,62.0
마마16aa03bb,0.006622516556291391,0.0,0.0,0.0,0.0,0.007070396557024285,0.0,0.0,-0.0015367459146416527,2.4783764173328175,105.0
마마16aa04aa,0.13245033112582782,0.0,0.0,0.0,0.0,0.002459268367660621,0.0,0.0,-0.012459737057239285,1.1335831522974378,466.0
마마16aa04ab,0.18543046357615894,0.0,0.0,0.0,0.0,0.0030740854595757753,0.0,0.0,-0.017395113699863508,1.1522790992076704,639.0
마마16aa04ba,0.006622516556291391,0.0,0.1,0.0,0.0,0.0,0.0,0.0,-0.0006068141261048015,2.2628047968481355,74.0
마마16aa04bb,0.0,0.0,0.0,0.0,0.0,0.0,0.0,0.0,0.0,3.1130760722045023,62.0
마마16aa05aa,0.0,0.0,0.0,0.0,0.0,0.0,0.0,0.0,0.0,3.1130760722045023,62.0
마마16aa05ab,0.013245033112582781,0.0,0.0,0.0,0.0,0.0,0.0,0.0,-0.001213628252209603,2.2845975411154673,93.0
마마16aa05ba,0.0,0.0,0.0,0.0,0.0,0.0,0.0,0.0,0.0,3.1130760722045023,62.0
마마16aa05bb,0.0,0.0,0.0,0.0,0.0,0.0,0.0,0.0,0.0,3.1130760722045023,62.0
마마16aa06aa,0.0,0.0,0.0,0.0,0.0,0.0,0.0,0.0,0.0,3.1130760722045023,62.0
마마16aa06ab,0.0,0.0,0.0,0.0,0.0,0.0,0.0,0.0,0.0,3.1130760722045023,62.0
마마16aa06ba,0.0,0.0,0.0,0.0,0.0,0.0,0.0,0.0,0.0,3.1130760722045023,62.0
마마16ab00aa,0.304635761589404,0.0,0.0,0.0,0.0,0.0,0.0,0.0,-0.027913449800820868,1.2648083160226018,929.0
마마16ab00ab,0.2119205298013245,0.0,0.0,0.0,0.0,0.0,0.0,0.0,-0.01941805203535365,1.202700344628916,714.0
마마16ab00ba,0.019867549668874173,0.0,0.0,0.0,0.0,0.0,0.0,0.0,-0.0018204423783144046,2.235757445615273,118.0
마마16ab00bb,0.12582781456953643,0.0,0.0,0.0,0.0,0.0,0.0,0.0,-0.011529468395991229,1.1786747273890128,438.0
마마16ab01aa,0.033112582781456956,0.0,0.0,0.0,0.0,0.0,0.0,0.0,-0.003034070630524008,2.4791925079025385,171.0
마마16ab01ab,0.0,0.0,0.0,0.0,0.0,0.0,0.0,0.0,0.0,3.1130760722045023,62.0
마마16ab01ba,0.0,0.0,0.0,0.0,0.0,0.0,0.0,0.0,0.0,3.1130760722045023,62.0
마마16ab01bb,0.0,0.0,0.0,0.0,0.0,0.0,0.0,0.0,0.0,3.1130760722045023,62.0
마마16ab02aa,0.0,0.0,0.0,0.0,0.0,0.0,0.0,0.0,0.0,3.1130760722045023,62.0
마마16ab02ab,0.0,0.0,0.0,0.0,0.0,0.0,0.0,0.0,0.0,3.1130760722045023,62.0
마마16ab02ba,0.0,0.0,0.0,0.0,0.0,0.0,0.0,0.0,0.0,3.1130760722045023,62.0
마마16ab02bb,0.0,0.0,0.0,0.0,0.0,0.0,0.0,0.0,0.0,3.1130760722045023,62.0
마마16ab03aa,0.0,0.0,0.0,0.0,0.0,0.0,0.0,0.0,0.0,3.1130760722045023,62.0
마마16ab03ab,0.0,0.0,0.0,0.0,0.0,0.0,0.0,0.0,0.0,3.1130760722045023,62.0
마마16ab03ba,0.019867549668874173,0.0,0.0,0.0,0.0,0.0,0.0,0.0,-0.0018204423783144046,2.235757445615273,118.0
마마16ab03bb,0.059602649006622516,0.0,0.0,0.0,0.0,0.003688902551490931,0.0,0.0,-0.0059465089376580915,2.5100572007286748,263.0
마마16ab04aa,0.07947019867549669,0.0,0.0,0.0,0.0,0.0027666769136181985,0.0,0.0,-0.007645655865293777,7.175191553304999,308.0
마마16ab04ab,0.052980132450331126,0.0,0.0,0.0,0.0,0.0,0.0,0.0,-0.004854513008838412,2.092264392579398,222.0
마마16ab04ba,0.2781456953642384,0.0,0.0,0.0,0.0,0.003381494005533354,0.0,0.0,-0.025930943282223635,1.2146434808577664,890.0
마마16ab04bb,0.052980132450331126,0.0,0.0,0.0,0.0,0.0021518598217030436,0.0,0.0,-0.0051375357270887585,2.13229010123871,231.0
마마16ab05aa,0.019867549668874173,0.0,0.0,0.0,0.0,0.0,0.0,0.0,-0.0018204423783144046,2.235757445615273,118.0
마마16ab05ab,0.052980132450331126,0.0,0.0,0.0,0.0,0.0,0.0,0.0,-0.004854513008838412,2.092264392579398,222.0
마마16ab05ba,0.019867549668874173,0.12,0.0,0.0,0.0,0.00768521364893944,0.0,0.0,-0.01377565908780819,4.427946651610052,514.0
마마16ab05bb,0.0,0.0,0.0,0.0,0.0,0.0,0.0,0.0,0.0,3.1130760722045023,62.0
마마16ab06aa,0.0,0.0,0.0,0.0,0.0,0.0,0.0,0.0,0.0,3.1130760722045023,62.0
마마16ab06ab,0.0,0.0,0.0,0.0,0.0,0.0,0.0,0.0,0.0,3.1130760722045023,62.0
마마16ab06ba,0.0,0.0,0.0,0.0,0.0,0.0,0.0,0.0,0.0,3.1130760722045023,62.0
마마16ba00aa,0.15894039735099338,0.0,0.0,0.0,0.0,0.0018444512757454655,0.0,0.0,-0.014806129927872676,1.1522790992076704,552.0
마마16ba00ab,0.48344370860927155,0.0,0.0,0.0,0.0,0.0021518598217030436,0.0,0.0,-0.04458045392390086,1.1355901928759076,1151.0
마마16ba00ba,0.09271523178807947,0.0,0.0,0.0,0.0,0.0030740854595757753,0.0,0.37300096341666666,-0.04173721846348691,3.40600229646727,1120.0
마마16ba00bb,0.2582781456953642,0.0,0.0,0.0,0.0,0.0,0.0,0.0,-0.02366575091808726,1.3106368525654242,831.0
마마16ba01aa,0.12582781456953643,0.0,0.0,0.0,0.0,0.0,0.0,0.0,-0.011529468395991229,1.1786747273890128,438.0
마마16ba01ab,0.006622516556291391,0.0,0.0,0.0,0.0,0.0,0.0,0.0,-0.0006068141261048015,2.2628047968481355,74.0
마마16ba01ba,0.07947019867549669,0.0,0.0,0.0,0.0,0.0,0.0,0.0,-0.007281769513257618,7.535394101977326,301.0
마마16ba01bb,0.0,0.0,0.0,0.0,0.0,0.0,0.0,0.0,0.0,3.1130760722045023,62.0
마마16ba02aa,0.0,0.0,0.0,0.0,0.0,0.0,0.0,0.0,0.0,3.1130760722045023,62.0
마마16ba02ab,0.0,0.0,0.0,0.0,0.0,0.0,0.0,0.0,0.0,3.1130760722045023,62.0
마마16ba02ba,0.006622516556291391,0.0,0.0,0.0,0.0,0.0,0.0,0.0,-0.0006068141261048015,2.2628047968481355,74.0
마마16ba02bb,0.0,0.0,0.0,0.0,0.0,0.0,0.0,0.0,0.0,3.1130760722045023,62.0
마마16ba03aa,0.0,0.0,0.0,0.0,0.0,0.0,0.0,0.0,0.0,3.1130760722045023,62.0
마마16ba03ab,0.0,0.0,0.0,0.0,0.0,0.0,0.0,0.0,0.0,3.1130760722045023,62.0
마마16ba03ba,0.013245033112582781,0.0,0.0,0.0,0.0,0.0,0.0,0.0,-0.001213628252209603,2.2845975411154673,93.0
마마16ba03bb,0.06622516556291391,0.0,0.0,0.0,0.0,0.0,0.0,0.0,-0.006068141261048016,2.23893334135549,266.0
마마16ba04aa,0.013245033112582781,0.0,0.0,0.0,0.0,0.0,0.0,0.325,-0.029825319289674603,2.6510943471700665,963.0
마마16ba04ab,0.019867549668874173,0.0,0.0,0.0,0.0,0.002459268367660621,0.0,0.0,-0.0021438969134576573,2.362780732793172,132.0
마마16ba04ba,0.07947019867549669,0.0,0.0,0.0,0.0,0.0,0.0,0.0,-0.007281769513257618,7.535394101977326,301.0
마마16ba04bb,0.07947019867549669,0.0,0.0,0.0,0.0,0.015063018751921302,0.0,0.0,-0.00926292854101004,7.0399979373970965,363.0
마마16ba05aa,0.019867549668874173,0.0,0.0,0.0,0.0,0.0,0.0,0.0,-0.0018204423783144046,2.235757445615273,118.0
마마16ba05ab,0.059602649006622516,0.0,0.0,0.0,0.0,0.0,0.0,0.0,-0.005461327134943213,2.228727806149955,242.0
마마16ba05ba,0.039735099337748346,0.0,0.0,0.0,0.0,0.015677835843836457,0.0,0.0,-0.0057029074181670445,2.9410997457889447,250.0
마마16ba05bb,0.019867549668874173,0.0,0.0,0.0,0.0,0.0021518598217030436,0.0,0.0,-0.0021034650965647507,2.2991378551292856,130.0
마마16ba06aa,0.0,0.0,0.0,0.0,0.0,0.0,0.0,0.0,0.0,3.1130760722045023,62.0
마마16ba06ab,0.0,0.0,0.0,0.0,0.0,0.0,0.0,0.0,0.0,3.1130760722045023,62.0
마마16ba06ba,0.0,0.0,0.0,0.0,0.0,0.0,0.0,0.0,0.0,3.1130760722045023,62.0
마마16ba06bb,0.0,0.0,0.0,0.0,0.0,0.0,0.0,0.0,0.0,3.1130760722045023,62.0
마마16bb00aa,0.2185430463576159,0.0,0.0,0.0,0.0,0.0030740854595757753,0.0,0.0,-0.020429184330387515,1.1522790992076704,741.0
마마16bb00ab,0.24503311258278146,0.08,0.0,0.0,0.0,0.0,0.0,0.32493376683333336,-0.05835426366022259,4.732905982905986,1246.0
마마16bb00ba,0.0728476821192053,0.0,0.0,0.0,0.0,0.0018444512757454655,0.0,0.0,-0.006917546288510256,2.3783512647019847,291.0
마마16bb00bb,0.06622516556291391,0.0,0.0,0.0,0.0,0.0,0.0,0.0,-0.006068141261048016,2.23893334135549,266.0
마마16bb01aa,0.09271523178807947,0.0,0.0,0.0,0.0,0.0,0.0,0.15612355491666668,-0.02223988674068681,3.139567418768655,794.0
마마16bb01ab,0.013245033112582781,0.0,0.0,0.0,0.0,0.0,0.0,0.0,-0.001213628252209603,2.2845975411154673,93.0
마마16bb01ba,0.06622516556291391,0.0,0.0,0.0,0.0,0.0,0.0,0.0,-0.006068141261048016,2.23893334135549,266.0
마마16bb01bb,0.0,0.0,0.0,0.0,0.0,0.0,0.0,0.0,0.0,3.1130760722045023,62.0
마마16bb02aa,0.0,0.0,0.0,0.0,0.0,0.0,0.0,0.0,0.0,3.1130760722045023,62.0
마마16bb02ab,0.0,0.0,0.0,0.0,0.0,0.0,0.0,0.0,0.0,3.1130760722045023,62.0
마마16bb02ba,0.0,0.0,0.0,0.0,0.0,0.0,0.0,0.0,0.0,3.1130760722045023,62.0
마마16bb02bb,0.0,0.0,0.0,0.0,0.0,0.0,0.0,0.0,0.0,3.1130760722045023,62.0
마마16bb03aa,0.0,0.0,0.0,0.0,0.0,0.0,0.0,0.0,0.0,3.1130760722045023,62.0
마마16bb03ab,0.0,0.0,0.0,0.0,0.0,0.0,0.0,0.0,0.0,3.1130760722045023,62.0
마마16bb03ba,0.019867549668874173,0.0,0.0,0.0,0.0,0.0,0.0,0.0,-0.0018204423783144046,2.235757445615273,118.0
마마16bb03bb,0.152317880794702,0.0,0.0,0.0,0.0,0.0,0.0,0.0,-0.013956724900410434,1.1812259856545568,520.0
마마16bb04aa,0.006622516556291391,0.0,0.0,0.0,0.0,0.0,0.0,0.0,-0.0006068141261048015,2.2628047968481355,74.0
마마16bb04ab,0.013245033112582781,0.0,0.0,0.0,0.0,0.0,0.0,0.0,-0.001213628252209603,2.2845975411154673,93.0
마마16bb04ba,0.0,0.0,0.0,0.0,0.0,0.0,0.0,0.0,0.0,3.1130760722045023,62.0
마마16bb04bb,0.033112582781456956,0.0,0.0,0.0,0.0,0.005225945281278819,0.0,0.0,-0.0037214115177034196,2.6880569942515153,195.0
마마16bb05aa,0.059602649006622516,0.0,0.0,0.0,0.0,0.0,0.0,0.0,-0.005461327134943213,2.228727806149955,242.0
마마16bb05ab,0.0,0.0,0.0,0.0,0.0,0.003688902551490931,0.0,0.0,-0.00048518180271487884,3.2359185747963455,72.0
마마16bb05ba,0.052980132450331126,0.0,0.0,0.0,0.0,0.013525976022133415,0.0,0.0,-0.006633512952126302,2.547794940013161,282.0
마마16bb05bb,0.0728476821192053,0.0,0.0,0.0,0.0,0.005225945281278819,0.0,0.0,-0.007362296274332228,2.5220658173460824,303.0
마마16bb06aa,0.0,0.0,0.0,0.0,0.0,0.0,0.0,0.0,0.0,3.1130760722045023,62.0
마마16bb06ab,0.0,0.0,0.0,0.0,0.0,0.0,0.0,0.0,0.0,3.1130760722045023,62.0
마마16bb06ba,0.0,0.0,0.0,0.0,0.0,0.0,0.0,0.0,0.0,3.1130760722045023,62.0
마마16bb06bb,0.0,0.0,0.0,0.0,0.0,0.0,0.0,0.0,0.0,3.1130760722045023,62.0
마마16bb07aa,0.0,0.0,0.0,0.0,0.0,0.0,0.0,0.0,0.0,3.1130760722045023,62.0
마마17aa00aa,0.026490066225165563,0.0,0.0,0.0,0.0,0.0,0.0,0.0,-0.002427256504419206,2.235757445615273,144.0
마마17aa00ab,0.07947019867549669,0.0,0.0,0.0,0.0,0.0,0.0,0.0,-0.007281769513257618,7.535394101977326,301.0
마마17aa00ba,0.006622516556291391,0.0,0.0,0.0,0.0,0.0,0.0,0.0,-0.0006068141261048015,2.2628047968481355,74.0
마마17aa00bb,0.0,0.0,0.0,0.0,0.0,0.0,0.0,0.0,0.0,3.1130760722045023,62.0
마마17aa01aa,0.0,0.0,0.0,0.0,0.0,0.0,0.0,0.0,0.0,3.1130760722045023,62.0
마마17aa01ab,0.0728476821192053,0.0,0.0,0.0,0.0,0.0,0.0,0.0,-0.0066749553871528165,2.317230044652193,286.0
마마17aa01ba,0.09933774834437085,0.0,0.0,0.0,0.0,0.0027666769136181985,0.0,0.0,-0.009466098243608181,7.658376528281179,369.0
마마17aa01bb,0.033112582781456956,0.0,0.0,0.0,0.0,0.0,0.0,0.0,-0.003034070630524008,2.4791925079025385,171.0
마마17aa02aa,0.026490066225165563,0.0,0.0,0.0,0.0,0.0,0.0,0.0,-0.002427256504419206,2.235757445615273,144.0
마마17aa02ba,0.006622516556291391,0.0,0.0,0.0,0.0,0.0,0.0,0.0,-0.0006068141261048015,2.2628047968481355,74.0
마마17aa02bb,0.0,0.0,0.0,0.0,0.0,0.0,0.0,0.0,0.0,3.1130760722045023,62.0
마마17aa03aa,0.0,0.0,0.0,0.0,0.0,0.0,0.0,0.0,0.0,3.1130760722045023,62.0
마마17aa03ab,0.0,0.0,0.0,0.0,0.0,0.0,0.0,0.0,0.0,3.1130760722045023,62.0
마마17aa03ba,0.033112582781456956,0.0,0.0,0.0,0.0,0.0,0.0,0.0,-0.003034070630524008,2.4791925079025385,171.0
마마17aa03bb,0.019867549668874173,0.0,0.0,0.0,0.0,0.0,0.0,0.0,-0.0018204423783144046,2.235757445615273,118.0
마마17aa04aa,0.013245033112582781,0.0,0.0,0.0,0.0,0.0021518598217030436,0.0,0.0,-0.0014966509704599491,2.3438540190055486,104.0
마마17aa04ab,0.0,0.0,0.0,0.0,0.0,0.0,0.0,0.0,0.0,3.1130760722045023,62.0
마마17aa04ba,0.0,0.0,0.0,0.0,0.0,0.0,0.0,0.0,0.0,3.1130760722045023,62.0
마마17aa04bb,0.026490066225165563,0.0,0.0,0.0,0.0,0.0,0.0,0.0,-0.002427256504419206,2.235757445615273,144.0
마마17aa05aa,0.026490066225165563,0.0,0.0,0.0,0.0,0.0,0.0,0.0,-0.002427256504419206,2.235757445615273,144.0
마마17aa05ab,0.033112582781456956,0.0,0.0,0.0,0.0,0.0,0.0,0.0,-0.003034070630524008,2.4791925079025385,171.0
마마17aa05ba,0.019867549668874173,0.0,0.0,0.0,0.0,0.0,0.0,0.0,-0.0018204423783144046,2.235757445615273,118.0
마마17aa05bb,0.019867549668874173,0.0,0.0,0.0,0.0,0.0,0.0,0.0,-0.0018204423783144046,2.235757445615273,118.0
마마17aa06aa,0.0,0.0,0.0,0.0,0.0,0.0,0.0,0.0,0.0,3.1130760722045023,62.0
마마17aa06ab,0.0,0.0,0.0,0.0,0.0,0.0,0.0,0.0,0.0,3.1130760722045023,62.0
마마17aa06ba,0.0,0.0,0.0,0.0,0.0,0.0,0.0,0.0,0.0,3.1130760722045023,62.0
마마17aa06bb,0.0,0.0,0.0,0.0,0.0,0.0,0.0,0.0,0.0,3.1130760722045023,62.0
마마17aa07aa,0.0,0.0,0.0,0.0,0.0,0.0,0.0,0.0,0.0,3.1130760722045023,62.0
마마17aa07ab,0.0,0.0,0.0,0.0,0.0,0.0,0.0,0.0,0.0,3.1130760722045023,62.0
마마17ab00aa,0.09933774834437085,0.0,0.0,0.0,0.0,0.0,0.0,0.0,-0.009102211891572022,8.159066350363856,359.0
마마17ab00ab,0.12582781456953643,0.0,0.0,0.0,0.0,0.00768521364893944,0.0,0.0,-0.012540263818313893,1.0726569356569355,472.0
마마17ab00ba,0.046357615894039736,0.0,0.0,0.0,0.0,0.0021518598217030436,0.0,0.0,-0.004530721600983957,2.0514274929475307,212.0
마마17ab00bb,0.0,0.0,0.0,0.0,0.0,0.0,0.0,0.0,0.0,3.1130760722045023,62.0
마마17ab01aa,0.0,0.0,0.0,0.0,0.0,0.0,0.0,0.0,0.0,3.1130760722045023,62.0
마마17ab01ab,0.039735099337748346,0.0,0.0,0.0,0.0,0.0,0.0,0.0,-0.003640884756628809,2.55175305519838,192.0
마마17ab01ba,0.10596026490066225,0.0,0.0,0.0,0.0,0.0,0.0,0.0,-0.009709026017676824,8.159066350363856,376.0
마마17ab01bb,0.019867549668874173,0.0,0.0,0.0,0.0,0.0,0.0,0.0,-0.0018204423783144046,2.235757445615273,118.0
마마17ab02aa,0.08609271523178808,0.0,0.0,0.0,0.0,0.0,0.0,0.0,-0.007888583639362418,7.535394101977326,320.0
마마17ab02ab,0.0,0.0,0.0,0.0,0.0,0.0,0.0,0.0,0.0,3.1130760722045023,62.0
마마17ab02ba,0.006622516556291391,0.0,0.0,0.0,0.0,0.0,0.0,0.0,-0.0006068141261048015,2.2628047968481355,74.0
마마17ab02bb,0.0,0.0,0.0,0.0,0.0,0.0,0.0,0.0,0.0,3.1130760722045023,62.0
마마17ab03aa,0.0,0.0,0.0,0.0,0.0,0.0,0.0,0.0,0.0,3.1130760722045023,62.0
마마17ab03ab,0.0,0.0,0.0,0.0,0.0,0.0,0.0,0.0,0.0,3.1130760722045023,62.0
마마17ab03ba,0.0,0.0,0.0,0.0,0.0,0.0,0.0,0.0,0.0,3.1130760722045023,62.0
마마17ab03bb,0.046357615894039736,0.0,0.0,0.0,0.0,0.003381494005533354,0.0,0.0,-0.004692448868555583,2.16217921295138,216.0
마마17ab04aa,0.059602649006622516,0.0,0.0,0.0,0.0,0.0,0.06476683937823835,0.0,0.001011922672927464,2.8187740525100486,55.0
마마17ab04ab,0.006622516556291391,0.0,0.0,0.0,0.0,0.0,0.0,0.0,-0.0006068141261048015,2.2628047968481355,74.0
마마17ab04ba,0.0,0.0,0.0,0.0,0.0,0.0,0.0,0.0,0.0,3.1130760722045023,62.0
마마17ab04bb,0.013245033112582781,0.0,0.0,0.0,0.0,0.0,0.0,0.0,-0.001213628252209603,2.2845975411154673,93.0
마마17ab05aa,0.006622516556291391,0.0,0.0,0.0,0.0,0.0,0.0,0.0,-0.0006068141261048015,2.2628047968481355,74.0
마마17ab05ab,0.006622516556291391,0.0,0.0,0.0,0.0,0.0,0.0,0.0,-0.0006068141261048015,2.2628047968481355,74.0
마마17ab05ba,0.039735099337748346,0.0,0.0,0.0,0.0,0.0,0.0,0.0,-0.003640884756628809,2.55175305519838,192.0
마마17ab05bb,0.0,0.0,0.0,0.0,0.0,0.0,0.0,0.0,0.0,3.1130760722045023,62.0
마마17ab06aa,0.0,0.0,0.0,0.0,0.0,0.0,0.0,0.0,0.0,3.1130760722045023,62.0
마마17ab06ab,0.0,0.0,0.0,0.0,0.0,0.0,0.0,0.0,0.0,3.1130760722045023,62.0
마마17ab06ba,0.0,0.0,0.0,0.0,0.0,0.0,0.0,0.0,0.0,3.1130760722045023,62.0
마마17ab06bb,0.0,0.0,0.0,0.0,0.0,0.0,0.0,0.0,0.0,3.1130760722045023,62.0
마마17ab07aa,0.0,0.0,0.0,0.0,0.0,0.0,0.0,0.0,0.0,3.1130760722045023,62.0
마마17ab07ab,0.0,0.0,0.0,0.0,0.0,0.0,0.0,0.0,0.0,3.1130760722045023,62.0
마마17ab07ba,0.0,0.0,0.0,0.0,0.0,0.0,0.0,0.0,0.0,3.1130760722045023,62.0
마마17ab07bb,0.0,0.0,0.0,0.0,0.0,0.0,0.0,0.0,0.0,3.1130760722045023,62.0
마마17ba00aa,0.039735099337748346,0.0,0.0,0.0,0.0,0.0,0.0,0.0,-0.003640884756628809,2.55175305519838,192.0
마마17ba00ab,0.17880794701986755,0.0,0.0,0.0,0.0,0.0,0.0,0.0,-0.01638398140482964,1.202700344628916,607.0
마마17ba00ba,0.09271523178807947,0.0,0.0,0.0,0.0,0.005840762373193974,0.0,0.0,-0.009263602286432446,7.597450311640676,364.0
마마17ba00bb,0.0,0.0,0.0,0.0,0.0,0.0,0.0,0.0,0.0,3.1130760722045023,62.0
마마17ba01aa,0.006622516556291391,0.0,0.0,0.0,0.0,0.0,0.0,0.0,-0.0006068141261048015,2.2628047968481355,74.0
마마17ba01ab,0.271523178807947,0.0,0.0,0.0,0.0,0.0021518598217030436,0.015544041450777202,0.0,-0.023608821934658245,2.322818781747354,828.0
마마17ba01ba,0.13245033112582782,0.0,0.0,0.0,0.0,0.0021518598217030436,0.0,0.0,-0.012419305240346377,1.1335831522974378,464.0
마마17ba01bb,0.2185430463576159,0.0,0.0,0.0,0.0,0.0018444512757454655,0.0,0.0,-0.02026745706281589,1.1522790992076704,735.0
마마17ba02aa,0.006622516556291391,0.0,0.0,0.0,0.0,0.0,0.0,0.0,-0.0006068141261048015,2.2628047968481355,74.0
마마17ba02ab,0.0,0.0,0.0,0.0,0.0,0.0,0.0,0.0,0.0,3.1130760722045023,62.0
마마17ba02ba,0.006622516556291391,0.0,0.0,0.0,0.0,0.0,0.0,0.0,-0.0006068141261048015,2.2628047968481355,74.0
마마17ba02bb,0.0,0.0,0.0,0.0,0.0,0.0,0.0,0.19166666666666665,-0.016873561381069102,3.0947356699167314,624.0
마마17ba03aa,0.013245033112582781,0.0,0.0,0.0,0.0,0.0,0.0,0.0,-0.001213628252209603,2.2845975411154673,93.0
마마17ba03ab,0.026490066225165563,0.0,0.0,0.0,0.0,0.0,0.0,0.0,-0.002427256504419206,2.235757445615273,144.0
마마17ba03ba,0.006622516556291391,0.0,0.0,0.0,0.0,0.0,0.0,0.0,-0.0006068141261048015,2.2628047968481355,74.0
마마17ba03bb,0.019867549668874173,0.0,0.0,0.0,0.0,0.0,0.0,0.0,-0.0018204423783144046,2.235757445615273,118.0
마마17ba04aa,0.013245033112582781,0.0,0.0,0.0,0.0,0.0,0.0,0.0,-0.001213628252209603,2.2845975411154673,93.0
마마17ba04ab,0.006622516556291391,0.0,0.0,0.0,0.0,0.002459268367660621,0.0,0.0,-0.0009302686612480541,2.399348841046791,82.0
마마17ba04ba,0.013245033112582781,0.0,0.0,0.0,0.0,0.0,0.0,0.0,-0.001213628252209603,2.2845975411154673,93.0
마마17ba04bb,0.006622516556291391,0.0,0.0,0.0,0.0,0.0,0.0,0.0,-0.0006068141261048015,2.2628047968481355,74.0
마마17ba05aa,0.0,0.0,0.0,0.0,0.0,0.0,0.0,0.0,0.0,3.1130760722045023,62.0
마마17ba05ab,0.013245033112582781,0.0,0.0,0.0,0.0,0.0,0.0,0.0,-0.001213628252209603,2.2845975411154673,93.0
마마17ba05ba,0.0,0.0,0.0,0.0,0.0,0.0,0.0,0.0,0.0,3.1130760722045023,62.0
마마17ba05bb,0.0,0.0,0.0,0.0,0.0,0.0,0.0,0.0,0.0,3.1130760722045023,62.0
마마17ba06aa,0.006622516556291391,0.0,0.0,0.0,0.0,0.0,0.0051813471502590676,0.0,-8.895414147514738e-05,2.2628047968481355,63.0
마마17ba06ab,0.033112582781456956,0.0,0.0,0.0,0.0,0.0,0.0,0.0,-0.003034070630524008,2.4791925079025385,171.0
마마17ba06ba,0.0,0.0,0.0,0.0,0.0,0.0,0.0,0.0,0.0,3.1130760722045023,62.0
마마17ba06bb,0.0,0.0,0.0,0.0,0.0,0.0,0.0,0.0,0.0,3.1130760722045023,62.0
마마17ba07aa,0.0,0.0,0.0,0.0,0.0,0.0,0.0,0.0,0.0,3.1130760722045023,62.0
마마17ba07ab,0.0,0.0,0.0,0.0,0.0,0.0,0.0,0.0,0.0,3.1130760722045023,62.0
마마17ba07ba,0.0,0.0,0.0,0.0,0.0,0.0,0.0,0.0,0.0,3.1130760722045023,62.0
마마17ba07bb,0.0,0.0,0.0,0.0,0.0,0.0,0.0,0.0,0.0,3.1130760722045023,62.0
마마17ba08aa,0.0,0.0,0.0,0.0,0.0,0.0,0.0,0.0,0.0,3.1130760722045023,62.0
마마17bb00aa,0.019867549668874173,0.0,0.0,0.0,0.0,0.002459268367660621,0.0,0.0,-0.0021438969134576573,2.362780732793172,132.0
마마17bb00ab,0.09933774834437085,0.0,0.0,0.0,0.0,0.0021518598217030436,0.0,0.0,-0.009385234609822367,7.658376528281179,366.0
마마17bb00ba,0.15894039735099338,0.16,0.0,0.0,0.0,0.005225945281278819,0.0,0.0,-0.02984344162992281,1.1363009477295187,964.0
마마17bb00bb,0.11920529801324503,0.0,0.0,0.0,0.0,0.002459268367660621,0.0,0.0,-0.01124610880502968,1.1335831522974378,429.0
마마17bb01aa,0.10596026490066225,0.0,0.0,0.0,0.0,0.0,0.0,0.0,-0.009709026017676824,8.159066350363856,376.0
마마17bb01ab,0.17218543046357615,0.0,0.0,0.0,0.0,0.007377805102981862,0.0,0.12031551058333334,-0.02733962385592439,0.5949496614496618,916.0
마마17bb01ba,0.1390728476821192,0.0,0.0,0.0,0.0,0.0027666769136181985,0.0,0.0,-0.01310698300023699,1.1308047402333115,495.0
마마17bb01bb,0.152317880794702,0.0,0.0,0.0,0.0,0.0,0.0,0.0,-0.013956724900410434,1.1812259856545568,520.0
마마17bb02aa,0.026490066225165563,0.0,0.0,0.0,0.0,0.0,0.0,0.0,-0.002427256504419206,2.235757445615273,144.0
마마17bb02ab,0.0,0.0,0.0,0.0,0.0,0.0,0.0,0.0,0.0,3.1130760722045023,62.0
마마17bb02ba,0.013245033112582781,0.0,0.0,0.0,0.0,0.0,0.0,0.0,-0.001213628252209603,2.2845975411154673,93.0
마마17bb02bb,0.006622516556291391,0.0,0.0,0.0,0.0,0.0,0.0,0.0,-0.0006068141261048015,2.2628047968481355,74.0
마마17bb03aa,0.17218543046357615,0.0,0.0,0.0,0.0,0.0,0.0,0.0,-0.015777167278724837,1.202700344628916,584.0
마마17bb03ab,0.1456953642384106,0.0,0.0,0.0,0.0,0.0,0.0,0.0,-0.013349910774305633,1.1812259856545568,502.0
마마17bb03ba,0.006622516556291391,0.0,0.0,0.0,0.0,0.0,0.0,0.0,-0.0006068141261048015,2.2628047968481355,74.0
마마17bb03bb,0.006622516556291391,0.0,0.0,0.0,0.0,0.0,0.0,0.0,-0.0006068141261048015,2.2628047968481355,74.0
마마17bb04aa,0.0728476821192053,0.0,0.0,0.0,0.0,0.005533353827236397,0.0,0.18802986516666667,-0.023956120115732425,2.4846432259206295,839.0
마마17bb04ab,0.052980132450331126,0.0,0.0,0.0,0.0,0.01752228711958192,0.0,0.18698217725,-0.023620284371701834,2.5626477715774167,829.0
마마17bb04ba,0.052980132450331126,0.0,0.0,0.0,0.0,0.0021518598217030436,0.0,0.0,-0.0051375357270887585,2.13229010123871,231.0
마마17bb04bb,0.0,0.0,0.0,0.0,0.0,0.0,0.0,0.0,0.0,3.1130760722045023,62.0
마마17bb05aa,0.026490066225165563,0.0,0.0,0.0,0.0,0.0,0.0,0.0,-0.002427256504419206,2.235757445615273,144.0
마마17bb05ab,0.0,0.0,0.0,0.0,0.0,0.0,0.0,0.0,0.0,3.1130760722045023,62.0
마마17bb05ba,0.0,0.0,0.0,0.0,0.0,0.0,0.0,0.0,0.0,3.1130760722045023,62.0
마마17bb05bb,0.0,0.0,0.0,0.0,0.0,0.0,0.0,0.0,0.0,3.1130760722045023,62.0
마마17bb06aa,0.0,0.0,0.0,0.0,0.0,0.0,0.0,0.0,0.0,3.1130760722045023,62.0
마마17bb06ab,0.019867549668874173,0.0,0.0,0.0,0.0,0.0,0.0,0.0,-0.0018204423783144046,2.235757445615273,118.0
마마17bb06ba,0.0,0.0,0.0,0.0,0.0,0.0,0.0,0.0,0.0,3.1130760722045023,62.0
마마17bb06bb,0.0,0.0,0.0,0.0,0.0,0.0,0.0,0.0,0.0,3.1130760722045023,62.0
마마17bb07aa,0.0,0.0,0.0,0.0,0.0,0.0,0.0,0.0,0.0,3.1130760722045023,62.0
마마17bb07ab,0.0,0.0,0.0,0.0,0.0,0.0,0.0,0.0,0.0,3.1130760722045023,62.0
마마17bb07ba,0.0,0.0,0.0,0.0,0.0,0.0,0.0,0.0,0.0,3.1130760722045023,62.0
마마17bb07bb,0.0,0.0,0.0,0.0,0.0,0.0,0.0,0.0,0.0,3.1130760722045023,62.0
마마17bb08aa,0.0,0.0,0.0,0.0,0.0,0.0,0.0,0.0,0.0,3.1130760722045023,62.0
마마17bb08ab,0.0,0.0,0.0,0.0,0.0,0.0,0.0,0.0,0.0,3.1130760722045023,62.0
마마17bb08ba,0.0,0.0,0.0,0.0,0.0,0.0,0.0,0.0,0.0,3.1130760722045023,62.0
마마17bb08bb,0.0,0.0,0.0,0.0,0.0,0.0,0.0,0.0,0.0,3.1130760722045023,62.0
마마18aa00aa,0.12582781456953643,0.0,0.0,0.0,0.0,0.0,0.0,0.13333333333333333,-0.023267598052387126,0.543963702963703,816.0
마마18aa00ab,0.16556291390728478,0.0,0.0,0.0,0.0,0.0,0.0,0.0,-0.01517035315262004,1.202700344628916,565.0
마마18aa00ba,0.16556291390728478,0.0,0.0,0.0,0.0,0.0,0.0,0.0,-0.01517035315262004,1.202700344628916,565.0
마마18aa00bb,0.11920529801324503,0.0,0.0,0.0,0.0,0.0,0.0,0.0,-0.010922654269886426,1.1786747273890128,417.0
마마18aa01aa,0.24503311258278146,0.0,0.0,0.0,0.0,0.0,0.0,0.35027697491666665,-0.053289096770042406,2.083758661972948,1216.0
마마18aa01ab,0.15894039735099338,0.0,0.0,0.0,0.0,0.0,0.0,0.20833333333333334,-0.03290436661463383,1.5344882102024968,1018.0
마마18aa01ba,0.3509933774834437,0.0,0.0,0.0,0.0,0.0,0.0,0.0,-0.03216114868355448,1.330843550629265,1005.0
마마18aa01bb,0.1390728476821192,0.0,0.0,0.0,0.0,0.0,0.0,0.0,-0.01274309664820083,1.1812259856545568,478.0
마마18aa02aa,0.0,0.0,0.0,0.0,0.0,0.0,0.0,0.0,0.0,3.1130760722045023,62.0
마마18aa02ab,0.0,0.0,0.0,0.0,0.0,0.0,0.0,0.0,0.0,3.1130760722045023,62.0
마마18aa02ba,0.0,0.0,0.0,0.0,0.0,0.0,0.0,0.0,0.0,3.1130760722045023,62.0
마마18aa02bb,0.026490066225165563,0.0,0.0,0.0,0.0,0.0,0.0,0.0,-0.002427256504419206,2.235757445615273,144.0
마마18aa03aa,0.2119205298013245,0.0,0.0,0.0,0.0,0.0,0.0,0.0,-0.01941805203535365,1.202700344628916,714.0
마마18aa03ab,0.2052980132450331,0.0,0.0,0.0,0.0,0.0,0.0,0.0,-0.018811237909248844,1.202700344628916,695.0
마마18aa03ba,0.052980132450331126,0.0,0.0,0.125,0.0,0.0064555794651091295,0.0,0.2583333333333333,-0.01692918766386999,2.9746467883316243,625.0
마마18aa03bb,0.12582781456953643,0.12,0.0,0.25,0.0,0.03135567168767291,0.0,0.0,-0.0035638955882657964,3.858825289789577,190.0
마마18aa04aa,0.12582781456953643,0.0,0.0,0.125,0.0,0.020288964033200123,0.0,0.0,-0.002680948601936551,1.8495061420061425,153.0
마마18aa04ab,0.013245033112582781,0.0,0.0,0.0,0.0,0.0,0.0,0.0,-0.001213628252209603,2.2845975411154673,93.0
마마18aa04ba,0.013245033112582781,0.0,0.0,0.0,0.0,0.0,0.0,0.0,-0.001213628252209603,2.2845975411154673,93.0
마마18aa04bb,0.006622516556291391,0.0,0.0,0.0,0.0,0.0,0.0,0.0,-0.0006068141261048015,2.2628047968481355,74.0
마마18aa05aa,0.0,0.0,0.0,0.0,0.0,0.0,0.0,0.0,0.0,3.1130760722045023,62.0
마마18aa05ab,0.0,0.0,0.0,0.0,0.0,0.0,0.0,0.0,0.0,3.1130760722045023,62.0
마마18aa05ba,0.0,0.0,0.0,0.0,0.0,0.0,0.0,0.0,0.0,3.1130760722045023,62.0
마마18aa05bb,0.0,0.0,0.0,0.0,0.0,0.0,0.0,0.0,0.0,3.1130760722045023,62.0
마마18aa06aa,0.0,0.0,0.0,0.0,0.0,0.0,0.0,0.0,0.0,3.1130760722045023,62.0
마마18aa06ab,0.0,0.0,0.0,0.0,0.0,0.0,0.0,0.0,0.0,3.1130760722045023,62.0
마마18aa06ba,0.0,0.0,0.0,0.0,0.0,0.0,0.0,0.18333333333333332,-0.016139928277544357,3.056487806668868,594.0
마마18aa06bb,0.0,0.0,0.0,0.0,0.0,0.0,0.0,0.0,0.0,3.1130760722045023,62.0
마마18aa07aa,0.0,0.0,0.0,0.0,0.0,0.0,0.0,0.0,0.0,3.1130760722045023,62.0
마마18aa07ab,0.0,0.0,0.0,0.0,0.0,0.0,0.0,0.0,0.0,3.1130760722045023,62.0
마마18aa07ba,0.0,0.0,0.0,0.0,0.0,0.0,0.0,0.0,0.0,3.1130760722045023,62.0
마마18aa07bb,0.0,0.0,0.0,0.0,0.0,0.0,0.0,0.0,0.0,3.1130760722045023,62.0
마마18aa08aa,0.0,0.0,0.0,0.0,0.0,0.0,0.0,0.0,0.0,3.1130760722045023,62.0
마마18aa08ab,0.0,0.0,0.0,0.0,0.0,0.0,0.0,0.0,0.0,3.1130760722045023,62.0
마마18aa08ba,0.0,0.0,0.0,0.0,0.0,0.0,0.0,0.0,0.0,3.1130760722045023,62.0
마마18aa08bb,0.0,0.0,0.0,0.0,0.0,0.0,0.0,0.0,0.0,3.1130760722045023,62.0
마마18aa09aa,0.0,0.0,0.0,0.0,0.0,0.0,0.0,0.0,0.0,3.1130760722045023,62.0
마마18aa09ab,0.0,0.0,0.0,0.0,0.0,0.0,0.0,0.0,0.0,3.1130760722045023,62.0
마마18ab00aa,0.11920529801324503,0.0,0.0,0.0,0.0,0.0,0.0,0.7416666666666667,-0.0762160004835886,1.6169937047079919,1337.0
마마18ab00ab,0.17880794701986755,0.0,0.0,0.0,0.0,0.0,0.0,0.0,-0.01638398140482964,1.202700344628916,607.0
마마18ab00ba,0.06622516556291391,0.0,0.0,0.0,0.0,0.0,0.0,0.0,-0.006068141261048016,2.23893334135549,266.0
마마18ab00bb,0.052980132450331126,0.0,0.0,0.0,0.0,0.0,0.0,0.0,-0.004854513008838412,2.092264392579398,222.0
마마18ab01aa,0.11920529801324503,0.0,0.0,0.0,0.0,0.0021518598217030436,0.0,0.0,-0.011205676988136772,1.1335831522974378,427.0
마마18ab01ab,0.26490066225165565,0.0,0.0,0.0,0.0,0.0021518598217030436,0.0,0.0,-0.024555587762442408,1.2146434808577664,859.0
마마18ab01ba,0.059602649006622516,0.0,0.0,0.0,0.0,0.0,0.0,0.0,-0.005461327134943213,2.228727806149955,242.0
마마18ab01bb,0.059602649006622516,0.0,0.0,0.0,0.0,0.0,0.0,0.0,-0.005461327134943213,2.228727806149955,242.0
마마18ab02aa,0.026490066225165563,0.0,0.0,0.0,0.0,0.0,0.0,0.0,-0.002427256504419206,2.235757445615273,144.0
마마18ab02ab,0.0,0.0,0.0,0.0,0.0,0.0,0.0,0.0,0.0,3.1130760722045023,62.0
마마18ab02ba,0.0,0.0,0.0,0.0,0.0,0.0,0.0,0.0,0.0,3.1130760722045023,62.0
마마18ab02bb,0.0,0.0,0.0,0.0,0.0,0.0,0.0,0.0,0.0,3.1130760722045023,62.0
마마18ab03aa,0.006622516556291391,0.0,0.0,0.0,0.0,0.0,0.0,0.30938102116666666,-0.02784347317372353,2.667098916700048,926.0
마마18ab03ab,0.11920529801324503,0.0,0.0,0.0,0.0,0.011374116200430372,0.0,0.13333333333333333,-0.024156761151319865,0.5175307708164852,845.0
마마18ab03ba,0.3576158940397351,0.0,0.0,0.25,0.021978021978021976,0.03596679987703658,0.0,0.23333333333333334,-0.03762055103464396,3.044091297591298,1077.0
마마18ab03bb,0.2119205298013245,0.04,0.4,0.0,0.0,0.020288964033200123,0.0,0.47422928708333334,-0.06748392881917521,4.479425867783013,1295.0
마마18ab04aa,0.12582781456953643,0.0,0.0,0.0,0.0,0.013525976022133415,0.0,0.0,-0.013308468339279117,1.059891367891368,501.0
마마18ab04ab,0.019867549668874173,0.0,0.0,0.0,0.0,0.0,0.0,0.14166666666666666,-0.014292205138235045,2.126716526989305,530.0
마마18ab04ba,0.0,0.0,0.0,0.0,0.0,0.0,0.0,0.0,0.0,3.1130760722045023,62.0
마마18ab04bb,0.0,0.0,0.0,0.0,0.0,0.0,0.0,0.0,0.0,3.1130760722045023,62.0
마마18ab05aa,0.046357615894039736,0.0,0.0,0.0,0.0,0.0,0.0,0.0,-0.0042476988827336104,2.011401784288219,208.0
마마18ab05ab,0.0,0.0,0.0,0.0,0.0,0.0,0.0,0.0,0.0,3.1130760722045023,62.0
마마18ab05ba,0.0,0.0,0.0,0.0,0.0,0.0,0.0,0.0,0.0,3.1130760722045023,62.0
마마18ab05bb,0.0,0.0,0.0,0.0,0.0,0.0,0.0,0.0,0.0,3.1130760722045023,62.0
마마18ab06aa,0.0,0.0,0.0,0.0,0.0,0.0,0.0,0.0,0.0,3.1130760722045023,62.0
마마18ab06ab,0.0,0.0,0.0,0.0,0.0,0.0,0.0,0.0,0.0,3.1130760722045023,62.0
마마18ab06ba,0.006622516556291391,0.0,0.0,0.0,0.0,0.005840762373193974,0.0,0.0,-0.0013750186470700265,2.5133804873368875,98.0
마마18ab06bb,0.019867549668874173,0.0,0.0,0.0,0.0,0.0,0.0,0.12538535641666665,-0.012858864158056238,2.126716526989305,486.0
마마18ab07aa,0.0,0.0,0.0,0.0,0.0,0.0,0.0,0.0,0.0,3.1130760722045023,62.0
마마18ab07ab,0.0,0.0,0.0,0.0,0.0,0.0,0.0,0.0,0.0,3.1130760722045023,62.0
마마18ab07ba,0.0,0.0,0.0,0.0,0.0,0.0,0.0,0.0,0.0,3.1130760722045023,62.0
마마18ab07bb,0.0,0.0,0.0,0.0,0.0,0.0,0.0,0.0,0.0,3.1130760722045023,62.0
마마18ab08aa,0.0,0.0,0.0,0.0,0.0,0.0,0.0,0.0,0.0,3.1130760722045023,62.0
마마18ab08ab,0.0,0.0,0.0,0.0,0.0,0.0,0.0,0.0,0.0,3.1130760722045023,62.0
마마18ab08ba,0.0,0.0,0.0,0.0,0.0,0.0,0.0,0.0,0.0,3.1130760722045023,62.0
마마18ab08bb,0.0,0.0,0.0,0.0,0.0,0.0,0.0,0.0,0.0,3.1130760722045023,62.0
마마18ab09aa,0.0,0.0,0.0,0.0,0.0,0.0,0.0,0.0,0.0,3.1130760722045023,62.0
마마18ab09ab,0.0,0.0,0.0,0.0,0.0,0.0,0.0,0.0,0.0,3.1130760722045023,62.0
마마18ab09ba,0.0,0.0,0.0,0.0,0.0,0.0,0.0,0.0,0.0,3.1130760722045023,62.0
마마18ba00aa,0.039735099337748346,0.0,0.0,0.0,0.0,0.0,0.0,0.0,-0.003640884756628809,2.55175305519838,192.0
마마18ba00ab,0.039735099337748346,0.0,0.0,0.0,0.0,0.0,0.0,0.0,-0.003640884756628809,2.55175305519838,192.0
마마18ba00ba,0.17880794701986755,0.0,0.0,0.0,0.0,0.0,0.0,0.0,-0.01638398140482964,1.202700344628916,607.0
마마18ba00bb,0.10596026490066225,0.0,0.0,0.0,0.0,0.0,0.0,0.0,-0.009709026017676824,8.159066350363856,376.0
마마18ba01aa,0.039735099337748346,0.0,0.0,0.0,0.0,0.002459268367660621,0.0,0.0,-0.003964339291772062,2.655421641521578,201.0
마마18ba01ab,0.09933774834437085,0.0,0.0,0.0,0.0,0.0,0.0,0.0,-0.009102211891572022,8.159066350363856,359.0
마마18ba01ba,0.0,0.0,0.0,0.0,0.0,0.0,0.0,0.0,0.0,3.1130760722045023,62.0
마마18ba01bb,0.0,0.0,0.0,0.0,0.0,0.0,0.0,0.0,0.0,3.1130760722045023,62.0
마마18ba02aa,0.046357615894039736,0.0,0.0,0.0,0.0,0.0,0.0,0.0,-0.0042476988827336104,2.011401784288219,208.0
마마18ba02ab,0.11920529801324503,0.0,0.0,0.0,0.0,0.0,0.0,0.0,-0.010922654269886426,1.1786747273890128,417.0
마마18ba02ba,0.0,0.0,0.0,0.0,0.0,0.0,0.0,0.0,0.0,3.1130760722045023,62.0
마마18ba02bb,0.0,0.0,0.0,0.0,0.0,0.0,0.0,0.0,0.0,3.1130760722045023,62.0
마마18ba03aa,0.0,0.0,0.0,0.0,0.0,0.0,0.0,0.0,0.0,3.1130760722045023,62.0
마마18ba03ab,0.0728476821192053,0.0,0.0,0.0,0.0,0.002459268367660621,0.0,0.24368376683333332,-0.028451347299160667,2.66870996491611,942.0
마마18ba03ba,0.006622516556291391,0.04,0.0,0.0,0.0,0.05502612972640639,0.0,0.0,-0.01149224977899212,5.101273243599042,436.0
마마18ba03bb,0.013245033112582781,0.0,0.0,0.0,0.0,0.0,0.0,0.0,-0.001213628252209603,2.2845975411154673,93.0
마마18ba04aa,0.026490066225165563,0.0,0.0,0.0,0.0,0.0,0.0,0.17916666666666667,-0.018200368230201196,2.126716526989305,677.0
마마18ba04ab,0.006622516556291391,0.0,0.0,0.0,0.0,0.0,0.0,0.15,-0.013812209989550185,2.2060461515044403,517.0
마마18ba04ba,0.013245033112582781,0.0,0.0,0.0,0.0,0.0,0.0,0.0,-0.001213628252209603,2.2845975411154673,93.0
마마18ba04bb,0.006622516556291391,0.0,0.0,0.0,0.0,0.0,0.0,0.0,-0.0006068141261048015,2.2628047968481355,74.0
마마18ba05aa,0.039735099337748346,0.0,0.0,0.0,0.0,0.0027666769136181985,0.0,0.0,-0.004004771108664968,2.655421641521578,202.0
마마18ba05ab,0.019867549668874173,0.0,0.0,0.0,0.0,0.0021518598217030436,0.0,0.0,-0.0021034650965647507,2.2991378551292856,130.0
마마18ba05ba,0.0,0.0,0.0,0.0,0.0,0.0,0.0,0.0,0.0,3.1130760722045023,62.0
마마18ba05bb,0.0,0.0,0.0,0.0,0.0,0.0030740854595757753,0.0,0.0,-0.00040431816892906564,3.1400062823452384,70.0
마마18ba06aa,0.0,0.0,0.0,0.0,0.0,0.0,0.0,0.0,0.0,3.1130760722045023,62.0
마마18ba06ab,0.0,0.0,0.0,0.0,0.0,0.0,0.0,0.14166666666666666,-0.012471762759920641,3.056487806668868,468.0
마마18ba06ba,0.0,0.0,0.0,0.0,0.0,0.0,0.0,0.0,0.0,3.1130760722045023,62.0
마마18ba06bb,0.0,0.0,0.0,0.0,0.0,0.0,0.0,0.1,-0.008803597242296924,3.025132495313557,347.0
마마18ba07aa,0.0,0.0,0.0,0.0,0.0,0.0,0.0,0.10833333333333334,-0.009537230345821667,3.025132495313557,372.0
마마18ba07ab,0.0,0.0,0.0,0.0,0.0,0.0,0.0,0.0,0.0,3.1130760722045023,62.0
마마18ba07ba,0.0,0.0,0.0,0.0,0.0,0.0,0.0,0.0,0.0,3.1130760722045023,62.0
마마18ba07bb,0.0,0.0,0.0,0.0,0.0,0.0,0.0,0.0,0.0,3.1130760722045023,62.0
마마18ba08aa,0.0,0.0,0.0,0.0,0.0,0.0,0.0,0.0,0.0,3.1130760722045023,62.0
마마18ba08ab,0.006622516556291391,0.0,0.0,0.0,0.0,0.0,0.0,0.0,-0.0006068141261048015,2.2628047968481355,74.0
마마18ba08ba,0.0,0.0,0.0,0.0,0.0,0.0,0.0,0.0,0.0,3.1130760722045023,62.0
마마18ba08bb,0.0,0.0,0.0,0.0,0.0,0.0,0.0,0.0,0.0,3.1130760722045023,62.0
마마18ba09aa,0.0,0.0,0.0,0.0,0.0,0.0,0.0,0.0,0.0,3.1130760722045023,62.0
마마18ba09ab,0.0,0.0,0.0,0.0,0.0,0.0,0.0,0.0,0.0,3.1130760722045023,62.0
마마18ba09ba,0.0,0.0,0.0,0.0,0.0,0.0,0.0,0.0,0.0,3.1130760722045023,62.0
마마18ba09bb,0.0,0.0,0.0,0.0,0.0,0.0,0.0,0.0,0.0,3.1130760722045023,62.0
마마18bb00aa,0.006622516556291391,0.0,0.0,0.0,0.0,0.0,0.0,0.0,-0.0006068141261048015,2.2628047968481355,74.0
마마18bb00ab,0.11258278145695365,0.0,0.0,0.0,0.0,0.0,0.0,0.0,-0.010315840143781625,2.5908635180669357,396.0
마마18bb00ba,0.2582781456953642,0.04,0.0,0.0,0.0,0.0,0.0,0.0,-0.0273138913471443,3.938962439676726,914.0
마마18bb00bb,0.07947019867549669,0.0,0.0,0.0,0.0,0.0,0.0,0.0,-0.007281769513257618,7.535394101977326,301.0
마마18bb01aa,0.059602649006622516,0.0,0.0,0.0,0.0,0.0,0.0,0.0,-0.005461327134943213,2.228727806149955,242.0
마마18bb01ab,0.11258278145695365,0.0,0.0,0.0,0.0,0.0,0.0,0.0,-0.010315840143781625,2.5908635180669357,396.0
마마18bb01ba,0.10596026490066225,0.0,0.0,0.0,0.0,0.0018444512757454655,0.0,0.0,-0.009951616919034264,7.740977260881912,384.0
마마18bb01bb,0.039735099337748346,0.08,0.0,0.0,0.0,0.01690747002766677,0.0,0.0,-0.013160915543852753,4.58637133828873,497.0
마마18bb02aa,0.0,0.0,0.0,0.0,0.0,0.014755610205963724,0.0,0.0,-0.0019407272108595153,3.3206839806013875,122.0
마마18bb02ab,0.08609271523178808,0.0,0.0,0.0,0.0,0.0,0.0,0.0,-0.007888583639362418,7.535394101977326,320.0
마마18bb02ba,0.059602649006622516,0.08,0.0,0.0,0.0,0.0,0.0,0.5,-0.05677559420454191,4.381357476582395,1240.0
마마18bb02bb,0.0,0.0,0.0,0.0,0.0,0.0,0.0,0.17083333333333334,-0.015039478622257244,3.056487806668868,560.0
마마18bb03aa,0.0,0.0,0.0,0.0,0.0,0.0,0.0,0.0,0.0,3.1130760722045023,62.0
마마18bb03ab,0.0,0.0,0.0,0.0,0.0,0.0,0.0,0.0,0.0,3.1130760722045023,62.0
마마18bb03ba,0.0,0.0,0.0,0.0,0.0,0.0,0.0,0.0,0.0,3.1130760722045023,62.0
마마18bb03bb,0.0,0.0,0.0,0.0,0.0,0.0,0.0,0.0,0.0,3.1130760722045023,62.0
마마18bb04aa,0.0,0.0,0.0,0.0,0.0,0.0,0.0,0.0,0.0,3.1130760722045023,62.0
마마18bb04ab,0.0,0.0,0.0,0.0,0.0,0.0,0.0,0.0,0.0,3.1130760722045023,62.0
마마18bb04ba,0.0,0.0,0.0,0.0,0.0,0.0,0.0,0.0,0.0,3.1130760722045023,62.0
마마18bb04bb,0.0,0.0,0.0,0.0,0.0,0.0,0.0,0.0,0.0,3.1130760722045023,62.0
마마18bb05aa,0.0,0.0,0.0,0.0,0.0,0.0,0.0,0.125,-0.011004496552871154,3.056487806668868,420.0
마마18bb05ab,0.0,0.0,0.1,0.0,0.0,0.0,0.0,0.0,0.0,3.1130760722045023,62.0
마마18bb05ba,0.006622516556291391,0.0,0.0,0.0,0.0,0.0027666769136181985,0.0,0.0,-0.0009707004781409608,2.399348841046791,83.0
마마18bb05bb,0.013245033112582781,0.0,0.0,0.0,0.0,0.005533353827236397,0.0,0.0,-0.0019414009562819215,2.521528542959531,123.0
마마18bb06aa,0.0,0.0,0.0,0.0,0.0,0.0,0.0,0.30833333333333335,-0.027144424830415514,3.276006722177174,909.0
마마18bb06ab,0.0,0.0,0.0,0.0,0.0,0.0,0.0,0.0,0.0,3.1130760722045023,62.0
마마18bb06ba,0.0,0.0,0.0,0.0,0.0,0.0,0.0,0.0,0.0,3.1130760722045023,62.0
마마18bb06bb,0.046357615894039736,0.0,0.0,0.0,0.0,0.008300030740854595,0.0,0.14166666666666666,-0.017811120698762728,2.377247542410381,658.0
마마18bb07aa,0.006622516556291391,0.0,0.0,0.0,0.0,0.005225945281278819,0.0,0.24166666666666667,-0.02256951501550178,2.8865773710915645,799.0
마마18bb07ab,0.0,0.0,0.0,0.0,0.0,0.0,0.0,0.0,0.0,3.1130760722045023,62.0
마마18bb07ba,0.006622516556291391,0.0,0.0,0.0,0.0,0.0,0.0,0.0,-0.0006068141261048015,2.2628047968481355,74.0
마마18bb07bb,0.006622516556291391,0.0,0.0,0.0,0.0,0.0,0.0,0.0,-0.0006068141261048015,2.2628047968481355,74.0
마마18bb08aa,0.0,0.0,0.0,0.0,0.0,0.0,0.0,0.0,0.0,3.1130760722045023,62.0
마마18bb08ab,0.0,0.0,0.0,0.0,0.0,0.0,0.0,0.0,0.0,3.1130760722045023,62.0
마마18bb08ba,0.0,0.0,0.0,0.0,0.0,0.0,0.0,0.0,0.0,3.1130760722045023,62.0
마마18bb08bb,0.0,0.0,0.0,0.0,0.0,0.0,0.0,0.0,0.0,3.1130760722045023,62.0
마마18bb09aa,0.0,0.0,0.0,0.0,0.0,0.0,0.0,0.0,0.0,3.1130760722045023,62.0
마마18bb09ab,0.0,0.0,0.0,0.0,0.0,0.0,0.0,0.0,0.0,3.1130760722045023,62.0
마마18bb09ba,0.0,0.0,0.0,0.0,0.0,0.0,0.0,0.0,0.0,3.1130760722045023,62.0
마마18bb09bb,0.0,0.0,0.0,0.0,0.0,0.0,0.0,0.0,0.0,3.1130760722045023,62.0
마마19aa00aa,0.06622516556291391,0.0,0.0,0.0,0.0,0.0,0.0,0.0,-0.006068141261048016,2.23893334135549,266.0
마마19aa00ab,0.1986754966887417,0.0,0.0,0.0,0.0,0.0,0.0,0.0,-0.018204423783144043,1.202700344628916,678.0
마마19aa00ba,0.0728476821192053,0.04,0.0,0.0,0.0,0.0027666769136181985,0.0,0.3298169556666667,-0.039722738581944354,4.706044454427744,1097.0
마마19aa00bb,0.07947019867549669,0.0,0.0,0.0,0.0,0.0,0.0,0.0,-0.007281769513257618,7.535394101977326,301.0
마마19aa01aa,0.31125827814569534,0.0,0.0,0.0,0.0,0.01905932984936981,0.0,0.09166666666666666,-0.03909700071305806,0.6275900765900766,1090.0
마마19aa01ab,0.23841059602649006,0.0,0.0,0.0,0.0,0.0,0.0,0.24425578033333334,-0.04334860368134902,1.8095126302269162,1135.0
마마19aa01ba,0.06622516556291391,0.0,0.0,0.125,0.0,0.005840762373193974,0.0,0.0,0.004680673926973271,2.7720628029567624,42.0
마마19aa01bb,0.0,0.0,0.0,0.0,0.0,0.002459268367660621,0.0,0.0,-0.0003234545351432526,3.1400062823452384,68.0
마마19aa02aa,0.0,0.0,0.0,0.0,0.0,0.0,0.0,0.0,0.0,3.1130760722045023,62.0
마마19aa02ab,0.013245033112582781,0.0,0.0,0.0,0.0,0.0,0.0,0.0,-0.001213628252209603,2.2845975411154673,93.0
마마19aa02ba,0.013245033112582781,0.0,0.0,0.0,0.0,0.0,0.0,0.0,-0.001213628252209603,2.2845975411154673,93.0
마마19aa02bb,0.046357615894039736,0.04,0.0,0.0,0.0,0.003381494005533354,0.0,0.1843810211666667,-0.024572751792360195,4.332014801774143,860.0
마마19aa03aa,0.0,0.0,0.0,0.0,0.0,0.0,0.0,0.0,0.0,3.1130760722045023,62.0
마마19aa03ab,0.0,0.0,0.0,0.0,0.0,0.0,0.0,0.0,0.0,3.1130760722045023,62.0
마마19aa03ba,0.0,0.0,0.0,0.0,0.0,0.0,0.0,0.0,0.0,3.1130760722045023,62.0
마마19aa03bb,0.013245033112582781,0.0,0.0,0.0,0.0,0.0,0.0,0.0,-0.001213628252209603,2.2845975411154673,93.0
마마19aa04aa,0.026490066225165563,0.0,0.0,0.0,0.0,0.0,0.0,0.0,-0.002427256504419206,2.235757445615273,144.0
마마19aa04ab,0.006622516556291391,0.0,0.0,0.0,0.0,0.0,0.0,0.0,-0.0006068141261048015,2.2628047968481355,74.0
마마19aa04ba,0.0,0.0,0.0,0.0,0.0,0.0,0.0,0.0,0.0,3.1130760722045023,62.0
마마19aa04bb,0.006622516556291391,0.0,0.0,0.0,0.0,0.0,0.0,0.0,-0.0006068141261048015,2.2628047968481355,74.0
마마19aa05aa,0.0,0.0,0.0,0.0,0.0,0.0,0.0,0.0,0.0,3.1130760722045023,62.0
마마19aa05ab,0.013245033112582781,0.0,0.2,0.0,0.0,0.0,0.0,0.0,-0.001213628252209603,2.2845975411154673,93.0
마마19aa05ba,0.0,0.0,0.0,0.0,0.0,0.0,0.0,0.0,0.0,3.1130760722045023,62.0
마마19aa05bb,0.0,0.0,0.0,0.0,0.0,0.0,0.0,0.0,0.0,3.1130760722045023,62.0
마마19aa06aa,0.006622516556291391,0.0,0.0,0.0,0.0,0.0,0.0,0.0,-0.0006068141261048015,2.2628047968481355,74.0
마마19aa06ab,0.0,0.0,0.0,0.0,0.0,0.0,0.0,0.0,0.0,3.1130760722045023,62.0
마마19aa06ba,0.0,0.0,0.0,0.0,0.0,0.0,0.0,0.0,0.0,3.1130760722045023,62.0
마마19aa06bb,0.006622516556291391,0.0,0.0,0.0,0.0,0.0,0.0,0.0,-0.0006068141261048015,2.2628047968481355,74.0
마마19aa07aa,0.019867549668874173,0.0,0.0,0.0,0.0,0.0018444512757454655,0.0,0.14530346816666664,-0.014854965396154296,2.2199077801805585,555.0
마마19aa07ab,0.0,0.0,0.0,0.0,0.0,0.0,0.0,0.0,0.0,3.1130760722045023,62.0
마마19aa07ba,0.0,0.0,0.0,0.0,0.0,0.0,0.0,0.0,0.0,3.1130760722045023,62.0
마마19aa07bb,0.0,0.0,0.0,0.0,0.0,0.0,0.0,0.0,0.0,3.1130760722045023,62.0
마마19aa08aa,0.0,0.0,0.0,0.0,0.0,0.0,0.0,0.0,0.0,3.1130760722045023,62.0
마마19aa08ab,0.006622516556291391,0.0,0.0,0.0,0.0,0.0030740854595757753,0.0,0.0,-0.0010111322950338672,2.399348841046791,84.0
마마19aa08ba,0.0,0.0,0.0,0.0,0.0,0.0,0.0,0.0,0.0,3.1130760722045023,62.0
마마19aa08bb,0.0,0.0,0.0,0.0,0.0,0.0,0.0,0.30833333333333335,-0.027144424830415514,3.276006722177174,909.0
마마19aa09aa,0.0,0.0,0.0,0.0,0.0,0.0,0.0,0.0,0.0,3.1130760722045023,62.0
마마19aa09ab,0.0,0.0,0.0,0.0,0.0,0.0,0.0,0.0,0.0,3.1130760722045023,62.0
마마19aa09ba,0.0,0.0,0.0,0.0,0.0,0.0,0.0,0.0,0.0,3.1130760722045023,62.0
마마19aa09bb,0.0,0.0,0.0,0.0,0.0,0.0,0.0,0.0,0.0,3.1130760722045023,62.0
마마19aa10aa,0.0,0.0,0.0,0.0,0.0,0.0,0.0,0.0,0.0,3.1130760722045023,62.0
마마19ab00aa,0.17880794701986755,0.0,0.0,0.0,0.0,0.0,0.0,0.0,-0.01638398140482964,1.202700344628916,607.0
마마19ab00ab,0.0,0.0,0.0,0.0,0.0,0.0,0.0,0.0,0.0,3.1130760722045023,62.0
마마19ab00ba,0.0,0.0,0.0,0.0,0.0,0.0,0.0,0.0,0.0,3.1130760722045023,62.0
마마19ab00bb,0.25165562913907286,0.0,0.0,0.0,0.0,0.0027666769136181985,0.0,0.0,-0.023422823144018615,1.189015973444545,823.0
마마19ab01aa,0.2980132450331126,0.0,0.0,0.0,0.0,0.009529664924684905,0.0,0.0,-0.028560021998396173,1.2146434808577664,944.0
마마19ab01ab,0.1456953642384106,0.0,0.0,0.0,0.0,0.0,0.0,0.0,-0.013349910774305633,1.1812259856545568,502.0
마마19ab01ba,0.09271523178807947,0.0,0.0,0.0,0.0,0.0,0.0,0.0,-0.008495397765467221,8.159066350363856,340.0
마마19ab01bb,0.0,0.0,0.0,0.0,0.0,0.0,0.0,0.0,0.0,3.1130760722045023,62.0
마마19ab02aa,0.0,0.0,0.0,0.0,0.0,0.0,0.0,0.0,0.0,3.1130760722045023,62.0
마마19ab02ab,0.0,0.0,0.0,0.0,0.0,0.0,0.0,0.0,0.0,3.1130760722045023,62.0
마마19ab02ba,0.0,0.0,0.0,0.0,0.0,0.0,0.0,0.0,0.0,3.1130760722045023,62.0
마마19ab02bb,0.046357615894039736,0.0,0.0,0.0,0.0,0.0030740854595757753,0.0,0.0,-0.004652017051662676,2.1150703706114165,215.0
마마19ab03aa,0.0,0.0,0.0,0.0,0.0,0.0,0.0,0.0,0.0,3.1130760722045023,62.0
마마19ab03ab,0.0,0.0,0.0,0.0,0.0,0.0,0.0,0.0,0.0,3.1130760722045023,62.0
마마19ab03ba,0.0,0.0,0.0,0.0,0.0,0.0,0.0,0.0,0.0,3.1130760722045023,62.0
마마19ab03bb,0.026490066225165563,0.0,0.0,0.0,0.0,0.0021518598217030436,0.0,0.0,-0.002710279222669552,2.2991378551292856,155.0
마마19ab04aa,0.006622516556291391,0.0,0.0,0.0,0.0,0.0,0.0,0.0,-0.0006068141261048015,2.2628047968481355,74.0
마마19ab04ab,0.013245033112582781,0.0,0.0,0.0,0.0,0.0,0.0,0.0,-0.001213628252209603,2.2845975411154673,93.0
마마19ab04ba,0.0,0.0,0.0,0.0,0.0,0.0,0.0,0.0,0.0,3.1130760722045023,62.0
마마19ab04bb,0.08609271523178808,0.0,0.0,0.0,0.0,0.0,0.0,0.0,-0.007888583639362418,7.535394101977326,320.0
마마19ab05aa,0.0,0.0,0.0,0.0,0.0,0.0,0.0,0.0,0.0,3.1130760722045023,62.0
마마19ab05ab,0.0,0.0,0.0,0.0,0.0,0.0,0.0,0.15862235066666666,-0.013964472888957222,3.056487806668868,521.0
마마19ab05ba,0.0,0.0,0.0,0.0,0.0,0.0,0.0,0.0,0.0,3.1130760722045023,62.0
마마19ab05bb,0.0,0.0,0.0,0.0,0.0,0.0,0.0,0.0,0.0,3.1130760722045023,62.0
마마19ab06aa,0.006622516556291391,0.0,0.0,0.0,0.0,0.0021518598217030436,0.0,0.0,-0.0008898368443551476,2.3357059633829054,81.0
마마19ab06ab,0.0,0.0,0.0,0.0,0.0,0.0,0.0,0.0,0.0,3.1130760722045023,62.0
마마19ab06ba,0.0,0.0,0.0,0.0,0.0,0.0,0.0,0.0,0.0,3.1130760722045023,62.0
마마19ab06bb,0.0,0.0,0.0,0.0,0.0,0.0,0.0,0.0,0.0,3.1130760722045023,62.0
마마19ab07aa,0.0,0.0,0.0,0.0,0.0,0.0,0.0,0.0,0.0,3.1130760722045023,62.0
마마19ab07ab,0.0,0.0,0.0,0.0,0.0,0.0,0.0,0.0,0.0,3.1130760722045023,62.0
마마19ab07ba,0.0,0.0,0.0,0.0,0.0,0.0,0.0,0.0,0.0,3.1130760722045023,62.0
마마19ab07bb,0.026490066225165563,0.0,0.0,0.0,0.0,0.0,0.0,0.0,-0.002427256504419206,2.235757445615273,144.0
마마19ab08aa,0.006622516556291391,0.0,0.0,0.0,0.0,0.0030740854595757753,0.0,0.0,-0.0010111322950338672,2.399348841046791,84.0
마마19ab08ab,0.0,0.0,0.0,0.0,0.0,0.0,0.0,0.0,0.0,3.1130760722045023,62.0
마마19ab08ba,0.0,0.0,0.0,0.0,0.0,0.0,0.0,0.0,0.0,3.1130760722045023,62.0
마마19ab08bb,0.0,0.0,0.0,0.0,0.0,0.0,0.0,0.22044797691666668,-0.019407352016535026,3.276006722177174,713.0
마마19ab09aa,0.0,0.0,0.0,0.0,0.0,0.0,0.0,0.0,0.0,3.1130760722045023,62.0
마마19ab09ab,0.0,0.0,0.0,0.0,0.0,0.0,0.0,0.0,0.0,3.1130760722045023,62.0
마마19ab09ba,0.0,0.0,0.0,0.0,0.0,0.0,0.0,0.0,0.0,3.1130760722045023,62.0
마마19ab09bb,0.0,0.0,0.0,0.0,0.0,0.0,0.0,0.0,0.0,3.1130760722045023,62.0
마마19ab10aa,0.0,0.0,0.0,0.0,0.0,0.0,0.0,0.0,0.0,3.1130760722045023,62.0
마마19ba00aa,0.026490066225165563,0.0,0.0,0.0,0.0,0.0,0.0,0.0,-0.002427256504419206,2.235757445615273,144.0
마마19ba00ab,0.026490066225165563,0.0,0.0,0.0,0.0,0.0027666769136181985,0.0,0.0,-0.0027911428564553653,2.362780732793172,160.0
마마19ba00ba,0.006622516556291391,0.0,0.0,0.0,0.0,0.0,0.0,0.336199422,-0.030204457169915,2.667098916700048,971.0
마마19ba00bb,0.25165562913907286,0.0,0.0,0.0,0.0,0.0021518598217030436,0.0,0.14166666666666666,-0.03581372227015345,0.6934918732061593,1053.0
마마19ba01aa,0.25165562913907286,0.0,0.0,0.0,0.0,0.0027666769136181985,0.0,0.0,-0.023422823144018615,1.189015973444545,823.0
마마19ba01ab,0.2847682119205298,0.0,0.0,0.0,0.0,0.0,0.0,0.0,-0.026093007422506465,1.2648083160226018,893.0
마마19ba01ba,0.11258278145695365,0.0,0.0,0.0,0.0,0.0,0.0,0.0,-0.010315840143781625,2.5908635180669357,396.0
마마19ba01bb,0.046357615894039736,0.0,0.0,0.0,0.0,0.005225945281278819,0.0,0.0,-0.004935039769913022,2.2697458423475365,225.0
마마19ba02aa,0.0,0.0,0.0,0.0,0.0,0.0,0.0,0.0,0.0,3.1130760722045023,62.0
마마19ba02ab,0.0,0.0,0.0,0.0,0.0,0.0,0.0,0.0,0.0,3.1130760722045023,62.0
마마19ba02ba,0.006622516556291391,0.0,0.0,0.0,0.0,0.0,0.0,0.0,-0.0006068141261048015,2.2628047968481355,74.0
마마19ba02bb,0.019867549668874173,0.0,0.0,0.0,0.0,0.0,0.0,0.0,-0.0018204423783144046,2.235757445615273,118.0
마마19ba03aa,0.0,0.0,0.0,0.0,0.0,0.0,0.0,0.0,0.0,3.1130760722045023,62.0
마마19ba03ab,0.0,0.0,0.0,0.0,0.0,0.0,0.0,0.0,0.0,3.1130760722045023,62.0
마마19ba03ba,0.026490066225165563,0.0,0.0,0.0,0.0,0.0,0.0,0.0,-0.002427256504419206,2.235757445615273,144.0
마마19ba03bb,0.046357615894039736,0.0,0.0,0.0,0.0,0.006148170919151552,0.0,0.0,-0.005056335220591742,2.2697458423475365,228.0
마마19ba04aa,0.0,0.0,0.0,0.0,0.0,0.0,0.0,0.0,0.0,3.1130760722045023,62.0
마마19ba04ab,0.0,0.0,0.0,0.0,0.0,0.0,0.0,0.0,0.0,3.1130760722045023,62.0
마마19ba04ba,0.0,0.0,0.0,0.0,0.0,0.0,0.0,0.0,0.0,3.1130760722045023,62.0
마마19ba04bb,0.0,0.0,0.0,0.0,0.0,0.0,0.0,0.0,0.0,3.1130760722045023,62.0
마마19ba05aa,0.0,0.0,0.0,0.0,0.0,0.0,0.0,0.0,0.0,3.1130760722045023,62.0
마마19ba05ab,0.006622516556291391,0.0,0.0,0.0,0.0,0.0030740854595757753,0.0,0.15364884391666667,-0.014537757680902638,2.3425901957030963,537.0
마마19ba05ba,0.013245033112582781,0.0,0.0,0.0,0.0,0.0,0.0,0.0,-0.001213628252209603,2.2845975411154673,93.0
마마19ba05bb,0.0,0.0,0.0,0.0,0.0,0.0,0.0,0.0,0.0,3.1130760722045023,62.0
마마19ba06aa,0.0,0.0,0.0,0.0,0.0,0.0,0.0,0.0,0.0,3.1130760722045023,62.0
마마19ba06ab,0.0,0.0,0.0,0.0,0.0,0.0,0.0,0.0,0.0,3.1130760722045023,62.0
마마19ba06ba,0.0,0.0,0.0,0.0,0.0,0.0,0.0,0.0,0.0,3.1130760722045023,62.0
마마19ba06bb,0.0,0.0,0.0,0.0,0.0,0.0,0.0,0.0,0.0,3.1130760722045023,62.0
마마19ba07aa,0.0,0.0,0.0,0.0,0.0,0.0,0.0,0.0,0.0,3.1130760722045023,62.0
마마19ba07ab,0.0,0.0,0.0,0.0,0.0,0.0,0.0,0.0,0.0,3.1130760722045023,62.0
마마19ba07ba,0.0,0.0,0.0,0.0,0.0,0.0,0.0,0.0,0.0,3.1130760722045023,62.0
마마19ba07bb,0.019867549668874173,0.0,0.0,0.0,0.0,0.0,0.0,0.0,-0.0018204423783144046,2.235757445615273,118.0
마마19ba08aa,0.0,0.0,0.0,0.0,0.0,0.0,0.0,0.0,0.0,3.1130760722045023,62.0
마마19ba08ab,0.0,0.0,0.0,0.0,0.0,0.0,0.0,0.0,0.0,3.1130760722045023,62.0
마마19ba08ba,0.0,0.0,0.0,0.0,0.0,0.0,0.0,0.0,0.0,3.1130760722045023,62.0
마마19ba08bb,0.0,0.0,0.0,0.0,0.0,0.0,0.0,0.0,0.0,3.1130760722045023,62.0
마마19ba09aa,0.0,0.0,0.0,0.0,0.0,0.0,0.0,0.0,0.0,3.1130760722045023,62.0
마마19ba09ab,0.0,0.0,0.0,0.0,0.0,0.0,0.0,0.0,0.0,3.1130760722045023,62.0
마마19ba09ba,0.0,0.0,0.0,0.0,0.0,0.0,0.0,0.0,0.0,3.1130760722045023,62.0
마마19ba09bb,0.0,0.0,0.0,0.0,0.0,0.0,0.0,0.0,0.0,3.1130760722045023,62.0
마마19ba10aa,0.0,0.0,0.0,0.0,0.0,0.0,0.0,0.0,0.0,3.1130760722045023,62.0
마마19ba10ab,0.0,0.0,0.0,0.0,0.0,0.0,0.0,0.0,0.0,3.1130760722045023,62.0
마마19bb00aa,0.026490066225165563,0.0,0.0,0.0,0.0,0.0,0.0,0.0,-0.002427256504419206,2.235757445615273,144.0
마마19bb00ab,0.013245033112582781,0.0,0.0,0.0,0.0,0.0021518598217030436,0.0,0.0,-0.0014966509704599491,2.3438540190055486,104.0
마마19bb00ba,0.0,0.0,0.0,0.0,0.0,0.0,0.0,0.0,0.0,3.1130760722045023,62.0
마마19bb00bb,0.033112582781456956,0.0,0.0,0.0,0.0,0.0,0.0,0.0,-0.003034070630524008,2.4791925079025385,171.0
마마19bb01aa,0.026490066225165563,0.0,0.0,0.0,0.0,0.0,0.0,0.0,-0.002427256504419206,2.235757445615273,144.0
마마19bb01ab,0.046357615894039736,0.0,0.0,0.0,0.0,0.0,0.0,0.0,-0.0042476988827336104,2.011401784288219,208.0
마마19bb01ba,0.2052980132450331,0.0,0.0,0.0,0.0,0.003688902551490931,0.0,0.0,-0.019296419711963723,1.1522790992076704,710.0
마마19bb01bb,0.006622516556291391,0.0,0.0,0.0,0.0,0.005840762373193974,0.0,0.0,-0.0013750186470700265,2.5133804873368875,98.0
마마19bb02aa,0.0,0.0,0.0,0.0,0.0,0.0,0.0,0.0,0.0,3.1130760722045023,62.0
마마19bb02ab,0.013245033112582781,0.0,0.0,0.0,0.0,0.0,0.0,0.0,-0.001213628252209603,2.2845975411154673,93.0
마마19bb02ba,0.026490066225165563,0.0,0.0,0.0,0.0,0.0,0.0,0.06666666666666667,-0.008296321332617155,2.181752022358134,333.0
마마19bb02bb,0.0,0.0,0.0,0.0,0.0,0.0,0.0,0.0,0.0,3.1130760722045023,62.0
마마19bb03aa,0.0,0.0,0.0,0.0,0.0,0.0,0.0,0.0,0.0,3.1130760722045023,62.0
마마19bb03ab,0.0,0.0,0.0,0.0,0.0,0.0,0.0,0.0,0.0,3.1130760722045023,62.0
마마19bb03ba,0.09933774834437085,0.0,0.0,0.0,0.0,0.0,0.0,0.0,-0.009102211891572022,8.159066350363856,359.0
마마19bb03bb,0.046357615894039736,0.0,0.0,0.0,0.0,0.007070396557024285,0.0,0.0,-0.005177630671270462,2.234741772343466,232.0
마마19bb04aa,0.0,0.0,0.0,0.0,0.0,0.0,0.0,0.0,0.0,3.1130760722045023,62.0
마마19bb04ab,0.0,0.0,0.0,0.0,0.0,0.0,0.0,0.0,0.0,3.1130760722045023,62.0
마마19bb04ba,0.0,0.0,0.0,0.0,0.0,0.0,0.0,0.0,0.0,3.1130760722045023,62.0
마마19bb04bb,0.006622516556291391,0.0,0.0,0.0,0.0,0.003996311097448509,0.0,0.0,-0.001132427745712587,2.6248200759533997,90.0
마마19bb05aa,0.0,0.0,0.0,0.0,0.0,0.0,0.0,0.0,0.0,3.1130760722045023,62.0
마마19bb05ab,0.0,0.0,0.0,0.0,0.0,0.003381494005533354,0.0,0.0,-0.0004447499858219723,3.1871151246852025,71.0
마마19bb05ba,0.0,0.0,0.0,0.0,0.0,0.0,0.0,0.0,0.0,3.1130760722045023,62.0
마마19bb05bb,0.0,0.0,0.0,0.0,0.0,0.0,0.0,0.0,0.0,3.1130760722045023,62.0
마마19bb06aa,0.0,0.0,0.0,0.0,0.0,0.0,0.0,0.3,-0.02641079172689077,3.276006722177174,901.0
마마19bb06ab,0.0,0.0,0.0,0.0,0.0,0.0,0.0,0.0,0.0,3.1130760722045023,62.0
마마19bb06ba,0.0,0.0,0.0,0.0,0.0,0.0,0.0,0.0,0.0,3.1130760722045023,62.0
마마19bb06bb,0.0,0.0,0.0,0.0,0.0,0.0,0.0,0.0,0.0,3.1130760722045023,62.0
마마19bb07aa,0.0,0.0,0.0,0.0,0.0,0.0,0.0,0.0,0.0,3.1130760722045023,62.0
마마19bb07ab,0.0,0.0,0.0,0.0,0.0,0.0,0.0,0.0,0.0,3.1130760722045023,62.0
마마19bb07ba,0.0,0.0,0.0,0.0,0.0,0.0,0.0,0.0,0.0,3.1130760722045023,62.0
마마19bb07bb,0.0,0.0,0.0,0.0,0.0,0.002459268367660621,0.0,0.0,-0.0003234545351432526,3.1400062823452384,68.0
마마19bb08aa,0.0,0.0,0.0,0.0,0.0,0.0,0.0,0.0,0.0,3.1130760722045023,62.0
마마19bb08ab,0.0,0.0,0.0,0.0,0.0,0.0,0.0,0.0,0.0,3.1130760722045023,62.0
마마19bb08ba,0.0,0.0,0.0,0.0,0.0,0.0,0.0,0.0,0.0,3.1130760722045023,62.0
마마19bb08bb,0.0,0.0,0.0,0.0,0.0,0.0,0.010362694300518135,0.0,0.0010357199692593083,3.3884844660798334,54.0
마마19bb09aa,0.0,0.0,0.0,0.0,0.0,0.0,0.0,0.0,0.0,3.1130760722045023,62.0
마마19bb09ab,0.026490066225165563,0.0,0.0,0.0,0.0,0.0027666769136181985,0.0,0.0,-0.0027911428564553653,2.362780732793172,160.0
마마19bb09ba,0.0,0.0,0.0,0.0,0.0,0.0,0.0,0.0,0.0,3.1130760722045023,62.0
마마19bb09bb,0.0,0.0,0.0,0.0,0.0,0.0,0.0,0.0,0.0,3.1130760722045023,62.0
마마19bb10aa,0.0,0.0,0.0,0.0,0.0,0.0,0.0,0.0,0.0,3.1130760722045023,62.0
마마19bb10ab,0.0,0.0,0.0,0.0,0.0,0.0,0.0,0.0,0.0,3.1130760722045023,62.0
마마20aa00aa,0.0,0.0,0.0,0.0,0.0,0.0,0.0,0.0,0.0,3.1130760722045023,62.0
마마20aa00ab,0.0,0.0,0.0,0.0,0.0,0.0,0.0,0.0,0.0,3.1130760722045023,62.0
마마20aa00ba,0.013245033112582781,0.0,0.0,0.0,0.0,0.0,0.0,0.0,-0.001213628252209603,2.2845975411154673,93.0
마마20aa00bb,0.1456953642384106,0.0,0.0,0.0,0.0,0.0,0.0,0.0,-0.013349910774305633,1.1812259856545568,502.0
마마20aa01aa,0.013245033112582781,0.0,0.0,0.0,0.0,0.003688902551490931,0.0,0.0,-0.0016988100549244819,2.618680642305037,113.0
마마20aa01ab,0.0,0.0,0.0,0.0,0.0,0.0,0.0,0.0,0.0,3.1130760722045023,62.0
마마20aa01ba,0.12582781456953643,0.0,0.0,0.0,0.0,0.003381494005533354,0.0,0.0,-0.0119742183818132,1.1335831522974378,451.0
마마20aa01bb,0.033112582781456956,0.0,0.0,0.0,0.0,0.0,0.0,0.0,-0.003034070630524008,2.4791925079025385,171.0
마마20aa02aa,0.12582781456953643,0.0,0.0,0.0,0.0,0.0,0.0,0.0,-0.011529468395991229,1.1786747273890128,438.0
마마20aa02ab,0.013245033112582781,0.0,0.0,0.0,0.0,0.0,0.02590673575129534,0.0,0.0013756716709386677,2.8612285442783714,51.0
마마20aa02ba,0.0,0.0,0.0,0.0,0.0,0.0,0.0,0.0,0.0,3.1130760722045023,62.0
마마20aa02bb,0.006622516556291391,0.0,0.0,0.0,0.0,0.0,0.0,0.0,-0.0006068141261048015,2.2628047968481355,74.0
마마20aa03aa,0.033112582781456956,0.0,0.0,0.0,0.0,0.0,0.0,0.0,-0.003034070630524008,2.4791925079025385,171.0
마마20aa03ab,0.006622516556291391,0.0,0.0,0.0,0.0,0.0,0.0,0.0,-0.0006068141261048015,2.2628047968481355,74.0
마마20aa03ba,0.052980132450331126,0.0,0.0,0.0,0.0,0.0,0.0,0.0,-0.004854513008838412,2.092264392579398,222.0
마마20aa03bb,0.0728476821192053,0.0,0.0,0.0,0.0,0.0,0.0,0.0,-0.0066749553871528165,2.317230044652193,286.0
마마20aa04aa,0.0,0.0,0.0,0.0,0.0,0.0,0.0,0.0,0.0,3.1130760722045023,62.0
마마20aa04ab,0.0,0.0,0.0,0.0,0.0,0.0,0.0,0.0,0.0,3.1130760722045023,62.0
마마20aa04ba,0.0,0.0,0.0,0.0,0.0,0.0,0.0,0.0,0.0,3.1130760722045023,62.0
마마20aa04bb,0.006622516556291391,0.0,0.0,0.0,0.0,0.0,0.0,0.0,-0.0006068141261048015,2.2628047968481355,74.0
마마20aa05aa,0.0,0.0,0.0,0.0,0.0,0.0027666769136181985,0.0,0.0,-0.0003638863520361592,3.1400062823452384,69.0
마마20aa05ab,0.0,0.0,0.0,0.0,0.0,0.0018444512757454655,0.0,0.0,-0.00024259090135743942,3.0906401747686045,66.0
마마20aa05ba,0.0,0.0,0.0,0.0,0.0,0.0,0.015544041450777202,0.0,0.0015535799538889624,3.3884844660798334,50.0
마마20aa05bb,0.0,0.0,0.0,0.0,0.0,0.0,0.0,0.0,0.0,3.1130760722045023,62.0
마마20aa06aa,0.0,0.0,0.0,0.0,0.0,0.0018444512757454655,0.0,0.0,-0.00024259090135743942,3.0906401747686045,66.0
마마20aa06ab,0.006622516556291391,0.0,0.0,0.0,0.0,0.0064555794651091295,0.0,0.0,-0.0014558822808558396,2.4930935520499524,100.0
마마20aa06ba,0.006622516556291391,0.0,0.0,0.0,0.0,0.0,0.0,0.0,-0.0006068141261048015,2.2628047968481355,74.0
마마20aa06bb,0.0,0.0,0.0,0.0,0.0,0.0,0.0,0.0,0.0,3.1130760722045023,62.0
마마20aa07aa,0.0,0.0,0.0,0.0,0.0,0.0,0.0,0.0,0.0,3.1130760722045023,62.0
마마20aa07ab,0.0,0.0,0.0,0.0,0.0,0.0,0.0,0.0,0.0,3.1130760722045023,62.0
마마20aa07ba,0.0,0.0,0.0,0.0,0.0,0.0,0.0,0.0,0.0,3.1130760722045023,62.0
마마20aa07bb,0.006622516556291391,0.0,0.0,0.0,0.0,0.0,0.0,0.0,-0.0006068141261048015,2.2628047968481355,74.0
마마20aa08aa,0.0,0.0,0.0,0.0,0.0,0.0,0.0,0.0,0.0,3.1130760722045023,62.0
마마20aa08ab,0.0,0.0,0.0,0.0,0.0,0.0,0.0,0.0,0.0,3.1130760722045023,62.0
마마20aa08ba,0.0,0.0,0.0,0.0,0.0,0.0,0.0,0.0,0.0,3.1130760722045023,62.0
마마20aa08bb,0.0,0.0,0.0,0.0,0.0,0.0021518598217030436,0.0,0.0,-0.00028302271825034604,3.1019183702573265,67.0
마마20aa09aa,0.0,0.0,0.0,0.0,0.0,0.0018444512757454655,0.0,0.0,-0.00024259090135743942,3.0906401747686045,66.0
마마20aa09ab,0.006622516556291391,0.0,0.0,0.0,0.0,0.003688902551490931,0.0,0.0,-0.0010919959288196804,2.6105325866823943,88.0
마마20aa09ba,0.0,0.0,0.0,0.0,0.0,0.0,0.0,0.0,0.0,3.1130760722045023,62.0
마마20aa09bb,0.0,0.0,0.0,0.0,0.0,0.0,0.0,0.0,0.0,3.1130760722045023,62.0
마마20aa10aa,0.0,0.0,0.0,0.0,0.0,0.0,0.0,0.0,0.0,3.1130760722045023,62.0
마마20aa10ab,0.0,0.0,0.0,0.0,0.0,0.0,0.0,0.0,0.0,3.1130760722045023,62.0
마마20ab00aa,0.006622516556291391,0.0,0.0,0.0,0.0,0.0,0.0,0.0,-0.0006068141261048015,2.2628047968481355,74.0
마마20ab00ab,0.033112582781456956,0.0,0.0,0.0,0.0,0.0,0.0,0.0,-0.003034070630524008,2.4791925079025385,171.0
마마20ab00ba,0.006622516556291391,0.0,0.0,0.0,0.0,0.0,0.0,0.2583333333333333,-0.02334944033537185,2.667098916700048,822.0
마마20ab00bb,0.13245033112582782,0.0,0.0,0.0,0.0,0.0,0.0,0.0,-0.012136282522096031,1.1786747273890128,454.0
마마20ab01aa,0.026490066225165563,0.0,0.0,0.0,0.0,0.003688902551490931,0.0,0.0,-0.002912438307134085,2.573964478428775,167.0
마마20ab01ab,0.039735099337748346,0.0,0.0,0.0,0.0,0.0,0.0,0.0,-0.003640884756628809,2.55175305519838,192.0
마마20ab01ba,0.046357615894039736,0.0,0.0,0.0,0.0,0.0021518598217030436,0.0,0.0,-0.004530721600983957,2.0514274929475307,212.0
마마20ab01bb,0.06622516556291391,0.04,0.0,0.0,0.0,0.0021518598217030436,0.0,0.40745423891666666,-0.045869934549244984,4.682833811196092,1160.0
마마20ab02aa,0.06622516556291391,0.04,0.0,0.0,0.0,0.0018444512757454655,0.0,0.0,-0.009958872591462496,4.640644922614938,385.0
마마20ab02ab,0.09271523178807947,0.0,0.0,0.0,0.0,0.0,0.0,0.0,-0.008495397765467221,8.159066350363856,340.0
마마20ab02ba,0.006622516556291391,0.0,0.0,0.0,0.0,0.0,0.0,0.06666666666666667,-0.0064758789543027506,2.2237248925165147,279.0
마마20ab02bb,0.052980132450331126,0.0,0.0,0.0,0.0,0.0,0.0,0.0,-0.004854513008838412,2.092264392579398,222.0
마마20ab03aa,0.059602649006622516,0.0,0.0,0.0,0.0,0.0021518598217030436,0.0,0.0,-0.005744349853193559,2.2600381825225058,254.0
마마20ab03ab,0.11920529801324503,0.0,0.0,0.0,0.0,0.0,0.0,0.0,-0.010922654269886426,1.1786747273890128,417.0
마마20ab03ba,0.0,0.0,0.0,0.0,0.0,0.0,0.0,0.0,0.0,3.1130760722045023,62.0
마마20ab03bb,0.052980132450331126,0.0,0.0,0.0,0.0,0.0,0.0,0.0,-0.004854513008838412,2.092264392579398,222.0
마마20ab04aa,0.039735099337748346,0.0,0.0,0.0,0.0,0.0,0.0,0.0,-0.003640884756628809,2.55175305519838,192.0
마마20ab04ab,0.0,0.0,0.0,0.0,0.0,0.0,0.0,0.0,0.0,3.1130760722045023,62.0
마마20ab04ba,0.0,0.0,0.0,0.0,0.0,0.0,0.0,0.0,0.0,3.1130760722045023,62.0
마마20ab04bb,0.0,0.0,0.0,0.0,0.0,0.0,0.0,0.0,0.0,3.1130760722045023,62.0
마마20ab05aa,0.0,0.0,0.0,0.0,0.0,0.0,0.0,0.0,0.0,3.1130760722045023,62.0
마마20ab05ab,0.0,0.0,0.0,0.0,0.0,0.0,0.0,0.0,0.0,3.1130760722045023,62.0
마마20ab05ba,0.0,0.0,0.0,0.0,0.0,0.0,0.0,0.0,0.0,3.1130760722045023,62.0
마마20ab05bb,0.0,0.0,0.0,0.0,0.0,0.0,0.0,0.0,0.0,3.1130760722045023,62.0
마마20ab06aa,0.006622516556291391,0.0,0.0,0.0,0.0,0.0,0.0,0.0,-0.0006068141261048015,2.2628047968481355,74.0
마마20ab06ab,0.0,0.0,0.0,0.0,0.0,0.0,0.0,0.0,0.0,3.1130760722045023,62.0
마마20ab06ba,0.0,0.0,0.0,0.0,0.0,0.0,0.0,0.0,0.0,3.1130760722045023,62.0
마마20ab06bb,0.0,0.0,0.0,0.0,0.0,0.0,0.0,0.0,0.0,3.1130760722045023,62.0
마마20ab07aa,0.0,0.0,0.0,0.0,0.0,0.0,0.0,0.0,0.0,3.1130760722045023,62.0
마마20ab07ab,0.0,0.0,0.0,0.0,0.0,0.0,0.0,0.0,0.0,3.1130760722045023,62.0
마마20ab07ba,0.0,0.0,0.0,0.0,0.0,0.0,0.0,0.0,0.0,3.1130760722045023,62.0
마마20ab07bb,0.0,0.0,0.0,0.0,0.0,0.0,0.0,0.0,0.0,3.1130760722045023,62.0
마마20ab08aa,0.0,0.0,0.0,0.0,0.0,0.0,0.0,0.0,0.0,3.1130760722045023,62.0
마마20ab08ab,0.0,0.0,0.0,0.0,0.0,0.0,0.0,0.0,0.0,3.1130760722045023,62.0
마마20ab08ba,0.0,0.0,0.0,0.0,0.0,0.0,0.0,0.0,0.0,3.1130760722045023,62.0
마마20ab08bb,0.0,0.0,0.0,0.0,0.0,0.0,0.0,0.0,0.0,3.1130760722045023,62.0
마마20ab09aa,0.0,0.0,0.0,0.0,0.0,0.0,0.0,0.21694364158333332,-0.019098844447768853,3.1879114840819356,706.0
마마20ab09ab,0.15894039735099338,0.0,0.0,0.0,0.0,0.007070396557024285,0.0,0.0,-0.015493470815052087,1.0913528825671681,574.0
마마20ab09ba,0.019867549668874173,0.0,0.0,0.0,0.0,0.011374116200430372,0.0,0.0,-0.003316419603351948,2.697097071841631,177.0
마마20ab09bb,0.0,0.0,0.0,0.0,0.0,0.0,0.0,0.0,0.0,3.1130760722045023,62.0
마마20ab10aa,0.0,0.0,0.0,0.0,0.0,0.0,0.0,0.0,0.0,3.1130760722045023,62.0
마마20ab10ab,0.0,0.0,0.0,0.0,0.0,0.0,0.0,0.0,0.0,3.1130760722045023,62.0
마마20ba00aa,0.039735099337748346,0.0,0.0,0.0,0.0,0.0,0.0,0.0,-0.003640884756628809,2.55175305519838,192.0
마마20ba00ab,0.052980132450331126,0.0,0.0,0.0,0.0,0.005225945281278819,0.0,0.0,-0.0055418538960178235,2.3506084506387155,243.0
마마20ba00ba,0.11258278145695365,0.0,0.0,0.0,0.0,0.0027666769136181985,0.0,0.0,-0.010679726495817785,2.450852529055947,409.0
마마20ba00bb,0.17218543046357615,0.0,0.0,0.0,0.0,0.0,0.046632124352331605,0.0,-0.011116427417057949,2.2930733605019324,423.0
마마20ba01aa,0.0728476821192053,0.0,0.0,0.0,0.0,0.0018444512757454655,0.0,0.0,-0.006917546288510256,2.3783512647019847,291.0
마마20ba01ab,0.013245033112582781,0.0,0.0,0.0,0.0,0.0,0.0,0.0,-0.001213628252209603,2.2845975411154673,93.0
마마20ba01ba,0.0,0.0,0.0,0.0,0.0,0.0,0.0,0.0,0.0,3.1130760722045023,62.0
마마20ba01bb,0.046357615894039736,0.0,0.0,0.125,0.0,0.0,0.0,0.0,0.007269320826252901,2.332245417783286,34.0
마마20ba02aa,0.006622516556291391,0.0,0.0,0.0,0.0,0.0,0.0,0.0,-0.0006068141261048015,2.2628047968481355,74.0
마마20ba02ab,0.23178807947019867,0.0,0.0,0.0,0.0,0.0021518598217030436,0.0,0.0,-0.021521517131918397,1.1522790992076704,771.0
마마20ba02ba,0.013245033112582781,0.0,0.0,0.0,0.0,0.0,0.0,0.0,-0.001213628252209603,2.2845975411154673,93.0
마마20ba02bb,0.0,0.0,0.0,0.0,0.0,0.0,0.0,0.0,0.0,3.1130760722045023,62.0
마마20ba03aa,0.0,0.0,0.0,0.0,0.0,0.0,0.0,0.0,0.0,3.1130760722045023,62.0
마마20ba03ab,0.11258278145695365,0.0,0.0,0.0,0.0,0.0,0.0,0.0,-0.010315840143781625,2.5908635180669357,396.0
마마20ba03ba,0.006622516556291391,0.0,0.0,0.0,0.0,0.0,0.0,0.0,-0.0006068141261048015,2.2628047968481355,74.0
마마20ba03bb,0.033112582781456956,0.0,0.0,0.0,0.0,0.0,0.0,0.0,-0.003034070630524008,2.4791925079025385,171.0
마마20ba04aa,0.11258278145695365,0.0,0.0,0.0,0.0,0.0,0.0,0.0,-0.010315840143781625,2.5908635180669357,396.0
마마20ba04ab,0.0,0.0,0.0,0.0,0.0,0.0,0.0,0.0,0.0,3.1130760722045023,62.0
마마20ba04ba,0.0,0.0,0.0,0.0,0.0,0.0,0.0,0.0,0.0,3.1130760722045023,62.0
마마20ba04bb,0.0,0.0,0.0,0.0,0.0,0.0,0.0,0.0,0.0,3.1130760722045023,62.0
마마20ba05aa,0.0,0.0,0.0,0.0,0.0,0.0,0.0,0.0,0.0,3.1130760722045023,62.0
마마20ba05ab,0.006622516556291391,0.0,0.0,0.0,0.0,0.0,0.0,0.0,-0.0006068141261048015,2.2628047968481355,74.0
마마20ba05ba,0.006622516556291391,0.0,0.0,0.0,0.0,0.0,0.0,0.0,-0.0006068141261048015,2.2628047968481355,74.0
마마20ba05bb,0.0,0.0,0.0,0.0,0.0,0.0,0.0,0.0,0.0,3.1130760722045023,62.0
마마20ba06aa,0.006622516556291391,0.0,0.0,0.0,0.0,0.0,0.0,0.0,-0.0006068141261048015,2.2628047968481355,74.0
마마20ba06ab,0.0,0.0,0.0,0.0,0.0,0.0,0.0,0.0,0.0,3.1130760722045023,62.0
마마20ba06ba,0.0,0.0,0.0,0.0,0.0,0.0,0.0,0.0,0.0,3.1130760722045023,62.0
마마20ba06bb,0.0,0.0,0.0,0.0,0.0,0.0,0.0,0.0,0.0,3.1130760722045023,62.0
마마20ba07aa,0.0,0.0,0.0,0.0,0.0,0.0,0.0,0.0,0.0,3.1130760722045023,62.0
마마20ba07ab,0.0,0.0,0.0,0.0,0.0,0.0,0.0,0.0,0.0,3.1130760722045023,62.0
마마20ba07ba,0.0,0.0,0.0,0.0,0.0,0.0,0.0,0.0,0.0,3.1130760722045023,62.0
마마20ba07bb,0.0,0.0,0.0,0.0,0.0,0.0,0.0,0.0,0.0,3.1130760722045023,62.0
마마20ba08aa,0.0,0.0,0.0,0.0,0.0,0.0,0.0,0.0,0.0,3.1130760722045023,62.0
마마20ba08ab,0.006622516556291391,0.0,0.0,0.0,0.0,0.0021518598217030436,0.0,0.0,-0.0008898368443551476,2.3357059633829054,81.0
마마20ba08ba,0.013245033112582781,0.04,0.0,0.0,0.0,0.007070396557024285,0.0,0.0,-0.005791700469803496,4.8102705754512165,257.0
마마20ba08bb,0.013245033112582781,0.0,0.0,0.0,0.0,0.006148170919151552,0.0,0.15546724466666667,-0.015708974654217413,2.4269725838185225,580.0
마마20ba09aa,0.019867549668874173,0.0,0.0,0.0,0.0,0.0,0.0,0.0,-0.0018204423783144046,2.235757445615273,118.0
마마20ba09ab,0.013245033112582781,0.0,0.0,0.0,0.0,0.0,0.0,0.0,-0.001213628252209603,2.2845975411154673,93.0
마마20ba09ba,0.0,0.0,0.0,0.0,0.0,0.0,0.0,0.0,0.0,3.1130760722045023,62.0
마마20ba09bb,0.006622516556291391,0.0,0.0,0.0,0.0,0.003996311097448509,0.0,0.0,-0.001132427745712587,2.6248200759533997,90.0
마마20ba10aa,0.0,0.0,0.0,0.0,0.0,0.0,0.0,0.0,0.0,3.1130760722045023,62.0
마마20ba10ab,0.0,0.0,0.0,0.0,0.0,0.0,0.0,0.0,0.0,3.1130760722045023,62.0
마마20bb00aa,0.1986754966887417,0.0,0.0,0.0,0.0,0.0,0.0,0.0,-0.018204423783144043,1.202700344628916,678.0
마마20bb00ab,0.019867549668874173,0.0,0.0,0.0,0.0,0.0,0.0,0.0,-0.0018204423783144046,2.235757445615273,118.0
마마20bb00ba,0.1986754966887417,0.0,0.0,0.0,0.0,0.0030740854595757753,0.0,0.0,-0.01860874195207311,1.1522790992076704,689.0
마마20bb00bb,0.09271523178807947,0.0,0.0,0.0,0.0,0.0027666769136181985,0.0,0.0,-0.00885928411750338,7.658376528281179,350.0
마마20bb01aa,0.2185430463576159,0.08,0.0,0.0,0.0,0.0021518598217030436,0.0,0.0,-0.027604169737822877,3.308572940287225,921.0
마마20bb01ab,0.09933774834437085,0.0,0.0,0.0,0.0,0.0,0.0,0.0,-0.009102211891572022,8.159066350363856,359.0
마마20bb01ba,0.11920529801324503,0.0,0.0,0.0,0.0,0.0021518598217030436,0.0,0.0,-0.011205676988136772,1.1335831522974378,427.0
마마20bb01bb,0.059602649006622516,0.0,0.0,0.0,0.0,0.00768521364893944,0.0,0.0,-0.006472122557265878,2.4567747195549847,277.0
마마20bb02aa,0.12582781456953643,0.0,0.0,0.0,0.0,0.0,0.0,0.0,-0.011529468395991229,1.1786747273890128,438.0
마마20bb02ab,0.1456953642384106,0.0,0.0,0.0,0.0,0.0,0.0,0.0,-0.013349910774305633,1.1812259856545568,502.0
마마20bb02ba,0.026490066225165563,0.0,0.0,0.0,0.0,0.0,0.0,0.0,-0.002427256504419206,2.235757445615273,144.0
마마20bb02bb,0.0,0.0,0.0,0.0,0.0,0.0,0.0,0.0,0.0,3.1130760722045023,62.0
마마20bb03aa,0.0,0.0,0.0,0.0,0.0,0.0,0.0,0.0,0.0,3.1130760722045023,62.0
마마20bb03ab,0.013245033112582781,0.0,0.0,0.0,0.0,0.0,0.0,0.0,-0.001213628252209603,2.2845975411154673,93.0
마마20bb03ba,0.0,0.0,0.0,0.0,0.0,0.0,0.0,0.0,0.0,3.1130760722045023,62.0
마마20bb03bb,0.019867549668874173,0.0,0.0,0.0,0.0,0.0,0.0,0.0,-0.0018204423783144046,2.235757445615273,118.0
마마20bb04aa,0.013245033112582781,0.0,0.0,0.0,0.0,0.0,0.0,0.0,-0.001213628252209603,2.2845975411154673,93.0
마마20bb04ab,0.0,0.0,0.0,0.0,0.0,0.0,0.0,0.0,0.0,3.1130760722045023,62.0
마마20bb04ba,0.0,0.0,0.0,0.0,0.0,0.0,0.0,0.0,0.0,3.1130760722045023,62.0
마마20bb04bb,0.0,0.0,0.0,0.0,0.0,0.0,0.0,0.0,0.0,3.1130760722045023,62.0
마마20bb05aa,0.0,0.0,0.0,0.0,0.0,0.0,0.0,0.0,0.0,3.1130760722045023,62.0
마마20bb05ab,0.0,0.0,0.0,0.0,0.0,0.0,0.0,0.0,0.0,3.1130760722045023,62.0
마마20bb05ba,0.0,0.0,0.0,0.0,0.0,0.0,0.0,0.0,0.0,3.1130760722045023,62.0
마마20bb05bb,0.0,0.0,0.0,0.0,0.0,0.0,0.0,0.0,0.0,3.1130760722045023,62.0
마마20bb06aa,0.0,0.0,0.0,0.0,0.0,0.0,0.0,0.0,0.0,3.1130760722045023,62.0
마마20bb06ab,0.0,0.0,0.0,0.0,0.0,0.0,0.0,0.0,0.0,3.1130760722045023,62.0
마마20bb06ba,0.0,0.0,0.0,0.0,0.0,0.0,0.0,0.0,0.0,3.1130760722045023,62.0
마마20bb06bb,0.0,0.0,0.0,0.0,0.0,0.0,0.0,0.0,0.0,3.1130760722045023,62.0
마마20bb07aa,0.0,0.0,0.0,0.0,0.0,0.0,0.0,0.0,0.0,3.1130760722045023,62.0
마마20bb07ab,0.0,0.0,0.0,0.0,0.0,0.0,0.0,0.0,0.0,3.1130760722045023,62.0
마마20bb07ba,0.0,0.0,0.0,0.0,0.0,0.0,0.0,0.0,0.0,3.1130760722045023,62.0
마마20bb07bb,0.0,0.0,0.0,0.0,0.0,0.0,0.0,0.0,0.0,3.1130760722045023,62.0
마마20bb08aa,0.0,0.0,0.0,0.0,0.0,0.0,0.0,0.0,0.0,3.1130760722045023,62.0
마마20bb08ab,0.0,0.0,0.0,0.0,0.0,0.0,0.0,0.0,0.0,3.1130760722045023,62.0
마마20bb08ba,0.0,0.0,0.0,0.0,0.0,0.0,0.0,0.0,0.0,3.1130760722045023,62.0
마마20bb08bb,0.0,0.0,0.0,0.0,0.0,0.0,0.0,0.0,0.0,3.1130760722045023,62.0
마마20bb09aa,0.006622516556291391,0.0,0.0,0.0,0.0,0.003688902551490931,0.0,0.0,-0.0010919959288196804,2.6105325866823943,88.0
마마20bb09ab,0.0,0.0,0.0,0.0,0.0,0.0,0.0,0.0,0.0,3.1130760722045023,62.0
마마20bb09ba,0.0,0.0,0.0,0.0,0.0,0.0,0.0,0.0,0.0,3.1130760722045023,62.0
마마20bb09bb,0.013245033112582781,0.0,0.0,0.0,0.0,0.0,0.0,0.0,-0.001213628252209603,2.2845975411154673,93.0
마마20bb10aa,0.0,0.0,0.0,0.0,0.0,0.0,0.0,0.0,0.0,3.1130760722045023,62.0
마마20bb10ab,0.0,0.0,0.0,0.0,0.0,0.0,0.0,0.0,0.0,3.1130760722045023,62.0
마마20bb10ba,0.0,0.0,0.0,0.0,0.0,0.0,0.0,0.0,0.0,3.1130760722045023,62.0
마마21aa00aa,0.33774834437086093,0.0,0.0,0.0,0.0,0.005225945281278819,0.0,0.0,-0.03163486131852429,1.1304310266453121,1000.0
마마21aa00ab,0.13245033112582782,0.0,0.0,0.0,0.0,0.0,0.0,0.0,-0.012136282522096031,1.1786747273890128,454.0
마마21aa00ba,0.07947019867549669,0.0,0.0,0.0,0.0,0.0,0.0,0.2125,-0.025989413653138577,3.368640329984424,891.0
마마21aa00bb,0.006622516556291391,0.0,0.0,0.0,0.0,0.0,0.0,0.0,-0.0006068141261048015,2.2628047968481355,74.0
마마21aa01aa,0.09933774834437085,0.0,0.0,0.0,0.0,0.0027666769136181985,0.0,0.0,-0.009466098243608181,7.658376528281179,369.0
마마21aa01ab,0.2119205298013245,0.0,0.0,0.0,0.0,0.0,0.0,0.0,-0.01941805203535365,1.202700344628916,714.0
마마21aa01ba,0.17880794701986755,0.0,0.0,0.0,0.0,0.0,0.0,0.0,-0.01638398140482964,1.202700344628916,607.0
마마21aa01bb,0.046357615894039736,0.0,0.0,0.0,0.0,0.00891484783276975,0.0,0.0,-0.005420221572627901,2.4384027224423725,240.0
마마21aa02aa,0.013245033112582781,0.0,0.0,0.0,0.0,0.0,0.0,0.0,-0.001213628252209603,2.2845975411154673,93.0
마마21aa02ab,0.0,0.0,0.0,0.0,0.0,0.0,0.0,0.0,0.0,3.1130760722045023,62.0
마마21aa02ba,0.0,0.0,0.0,0.0,0.0,0.0,0.0,0.0,0.0,3.1130760722045023,62.0
마마21aa02bb,0.0,0.0,0.0,0.0,0.0,0.0,0.0,0.0,0.0,3.1130760722045023,62.0
마마21aa03aa,0.0,0.0,0.0,0.0,0.0,0.0,0.0,0.0,0.0,3.1130760722045023,62.0
마마21aa03ab,0.039735099337748346,0.0,0.0,0.0,0.0,0.0,0.0,0.0,-0.003640884756628809,2.55175305519838,192.0
마마21aa03ba,0.0,0.0,0.0,0.0,0.0,0.0,0.0,0.0,0.0,3.1130760722045023,62.0
마마21aa03bb,0.006622516556291391,0.0,0.0,0.0,0.0,0.0,0.0,0.0,-0.0006068141261048015,2.2628047968481355,74.0
마마21aa04aa,0.046357615894039736,0.0,0.0,0.0,0.0,0.003996311097448509,0.0,0.0,-0.004773312502341396,2.381185430964048,218.0
마마21aa04ab,0.013245033112582781,0.0,0.0,0.0,0.0,0.0,0.0,0.0,-0.001213628252209603,2.2845975411154673,93.0
마마21aa04ba,0.0,0.0,0.0,0.0,0.0,0.0,0.0,0.0,0.0,3.1130760722045023,62.0
마마21aa04bb,0.0,0.0,0.0,0.0,0.0,0.0,0.0,0.0,0.0,3.1130760722045023,62.0
마마21aa05aa,0.0,0.0,0.0,0.0,0.0,0.0,0.0,0.0,0.0,3.1130760722045023,62.0
마마21aa05ab,0.0,0.0,0.0,0.0,0.0,0.0,0.0,0.0,0.0,3.1130760722045023,62.0
마마21aa05ba,0.0,0.0,0.0,0.0,0.0,0.0,0.0,0.0,0.0,3.1130760722045023,62.0
마마21aa05bb,0.0,0.0,0.0,0.0,0.0,0.0,0.0,0.0,0.0,3.1130760722045023,62.0
마마21aa06aa,0.0,0.0,0.0,0.0,0.0,0.0,0.0,0.0,0.0,3.1130760722045023,62.0
마마21aa06ab,0.0,0.0,0.0,0.0,0.0,0.0,0.0,0.0,0.0,3.1130760722045023,62.0
마마21aa06ba,0.0,0.0,0.0,0.0,0.0,0.0,0.0,0.0,0.0,3.1130760722045023,62.0
마마21aa06bb,0.0,0.0,0.0,0.0,0.0,0.0,0.0,0.0,0.0,3.1130760722045023,62.0
마마21aa07aa,0.0,0.0,0.0,0.0,0.0,0.0,0.0,0.0,0.0,3.1130760722045023,62.0
마마21aa07ab,0.0,0.0,0.0,0.0,0.0,0.0,0.0,0.0,0.0,3.1130760722045023,62.0
마마21aa07ba,0.0,0.0,0.0,0.0,0.0,0.0,0.0,0.0,0.0,3.1130760722045023,62.0
마마21aa07bb,0.0,0.0,0.0,0.0,0.0,0.0,0.0,0.0,0.0,3.1130760722045023,62.0
마마21aa08aa,0.0,0.0,0.0,0.0,0.0,0.0,0.0,0.0,0.0,3.1130760722045023,62.0
마마21aa08ab,0.0,0.0,0.0,0.0,0.0,0.0,0.0,0.0,0.0,3.1130760722045023,62.0
마마21aa08ba,0.0,0.0,0.0,0.0,0.0,0.0,0.0,0.0,0.0,3.1130760722045023,62.0
마마21aa08bb,0.0,0.0,0.0,0.0,0.0,0.0,0.0,0.0,0.0,3.1130760722045023,62.0
마마21aa09aa,0.006622516556291391,0.0,0.0,0.0,0.0,0.0,0.0,0.0,-0.0006068141261048015,2.2628047968481355,74.0
마마21aa09ab,0.0,0.0,0.0,0.0,0.0,0.0,0.0,0.0,0.0,3.1130760722045023,62.0
마마21aa09ba,0.006622516556291391,0.0,0.0,0.0,0.0,0.0,0.0,0.0,-0.0006068141261048015,2.2628047968481355,74.0
마마21aa09bb,0.006622516556291391,0.0,0.0,0.0,0.0,0.0,0.0,0.0,-0.0006068141261048015,2.2628047968481355,74.0
마마21aa10aa,0.019867549668874173,0.0,0.0,0.0,0.0,0.0,0.0,0.19425578033333332,-0.018921938898742108,2.3697562746066776,699.0
마마21aa10ab,0.0,0.0,0.0,0.0,0.0,0.0,0.0,0.0,0.0,3.1130760722045023,62.0
마마21aa10ba,0.0,0.0,0.0,0.0,0.0,0.0,0.0,0.0,0.0,3.1130760722045023,62.0
마마21ab00aa,0.17880794701986755,0.0,0.0,0.0,0.0,0.0046111281893636644,0.0,0.0,-0.01699045865822324,1.0913528825671681,628.0
마마21ab00ab,0.0,0.0,0.0,0.0,0.0,0.0,0.0,0.0,0.0,3.1130760722045023,62.0
마마21ab00ba,0.0,0.0,0.0,0.0,0.0,0.0,0.0,0.0,0.0,3.1130760722045023,62.0
마마21ab00bb,0.0,0.0,0.0,0.0,0.0,0.0,0.0,0.0,0.0,3.1130760722045023,62.0
마마21ab01aa,0.0,0.0,0.0,0.0,0.0,0.0,0.0,0.0,0.0,3.1130760722045023,62.0
마마21ab01ab,0.09271523178807947,0.0,0.0,0.0,0.0,0.0,0.0,0.0,-0.008495397765467221,8.159066350363856,340.0
마마21ab01ba,0.17218543046357615,0.0,0.0,0.0,0.0,0.0,0.0,0.0,-0.015777167278724837,1.202700344628916,584.0
마마21ab01bb,0.1456953642384106,0.0,0.0,0.0,0.0,0.0,0.0,0.0,-0.013349910774305633,1.1812259856545568,502.0
마마21ab02aa,0.0,0.0,0.0,0.0,0.0,0.0,0.0,0.0,0.0,3.1130760722045023,62.0
마마21ab02ab,0.006622516556291391,0.0,0.0,0.0,0.0,0.0,0.0,0.0,-0.0006068141261048015,2.2628047968481355,74.0
마마21ab02ba,0.0,0.0,0.0,0.0,0.0,0.0,0.0,0.0,0.0,3.1130760722045023,62.0
마마21ab02bb,0.0,0.0,0.0,0.0,0.0,0.0,0.0,0.0,0.0,3.1130760722045023,62.0
마마21ab03aa,0.0,0.0,0.0,0.0,0.0,0.0,0.0,0.0,0.0,3.1130760722045023,62.0
마마21ab03ab,0.0728476821192053,0.0,0.0,0.0,0.0,0.0,0.0,0.0,-0.0066749553871528165,2.317230044652193,286.0
마마21ab03ba,0.0,0.0,0.0,0.0,0.0,0.0,0.0,0.0,0.0,3.1130760722045023,62.0
마마21ab03bb,0.0,0.0,0.0,0.0,0.0,0.0,0.0,0.0,0.0,3.1130760722045023,62.0
마마21ab04aa,0.052980132450331126,0.0,0.0,0.0,0.0,0.0,0.0,0.0,-0.004854513008838412,2.092264392579398,222.0
마마21ab04ab,0.0,0.0,0.0,0.0,0.0,0.0,0.0,0.0,0.0,3.1130760722045023,62.0
마마21ab04ba,0.0,0.0,0.0,0.0,0.0,0.0,0.0,0.0,0.0,3.1130760722045023,62.0
마마21ab04bb,0.0,0.0,0.0,0.0,0.0,0.0,0.0,0.0,0.0,3.1130760722045023,62.0
마마21ab05aa,0.0,0.0,0.0,0.0,0.0,0.0,0.0,0.0,0.0,3.1130760722045023,62.0
마마21ab05ab,0.0,0.0,0.0,0.0,0.0,0.0,0.0,0.0,0.0,3.1130760722045023,62.0
마마21ab05ba,0.0,0.0,0.0,0.0,0.0,0.0,0.0,0.0,0.0,3.1130760722045023,62.0
마마21ab05bb,0.0,0.0,0.0,0.0,0.0,0.0,0.0,0.0,0.0,3.1130760722045023,62.0
마마21ab06aa,0.0,0.0,0.0,0.0,0.0,0.0,0.0,0.0,0.0,3.1130760722045023,62.0
마마21ab06ab,0.0,0.0,0.0,0.0,0.0,0.0,0.0,0.0,0.0,3.1130760722045023,62.0
마마21ab06ba,0.0,0.0,0.0,0.0,0.0,0.0,0.0,0.0,0.0,3.1130760722045023,62.0
마마21ab06bb,0.0,0.0,0.0,0.0,0.0,0.0,0.0,0.0,0.0,3.1130760722045023,62.0
마마21ab07aa,0.0,0.0,0.0,0.0,0.0,0.0,0.0,0.0,0.0,3.1130760722045023,62.0
마마21ab07ab,0.0,0.0,0.0,0.0,0.0,0.0,0.0,0.0,0.0,3.1130760722045023,62.0
마마21ab07ba,0.006622516556291391,0.0,0.0,0.0,0.0,0.0021518598217030436,0.0,0.0,-0.0008898368443551476,2.3357059633829054,81.0
마마21ab07bb,0.006622516556291391,0.0,0.0,0.0,0.0,0.004303719643406086,0.0,0.0,-0.0011728595626054935,2.6248200759533997,92.0
마마21ab08aa,0.0,0.0,0.0,0.125,0.0,0.0,0.0,0.0,0.011517019708986512,3.3810881208956203,22.0
마마21ab08ab,0.0,0.0,0.0,0.0,0.0,0.0,0.0,0.0,0.0,3.1130760722045023,62.0
마마21ab08ba,0.0,0.0,0.0,0.0,0.0,0.0,0.0,0.0,0.0,3.1130760722045023,62.0
마마21ab08bb,0.006622516556291391,0.0,0.0,0.0,0.0,0.0,0.0,0.0,-0.0006068141261048015,2.2628047968481355,74.0
마마21ab09aa,0.0,0.0,0.0,0.0,0.0,0.0,0.0,0.0,0.0,3.1130760722045023,62.0
마마21ab09ab,0.0,0.0,0.0,0.0,0.0,0.0,0.0,0.0,0.0,3.1130760722045023,62.0
마마21ab09ba,0.006622516556291391,0.0,0.0,0.0,0.0,0.0,0.0,0.0,-0.0006068141261048015,2.2628047968481355,74.0
마마21ab09bb,0.0,0.0,0.0,0.0,0.0,0.0,0.0,0.0,0.0,3.1130760722045023,62.0
마마21ab10aa,0.013245033112582781,0.0,0.0,0.0,0.0,0.0,0.0,0.0,-0.001213628252209603,2.2845975411154673,93.0
마마21ab10ab,0.0,0.0,0.0,0.0,0.0,0.0,0.0,0.0,0.0,3.1130760722045023,62.0
마마21ab10ba,0.0,0.0,0.0,0.0,0.0,0.0,0.0,0.0,0.0,3.1130760722045023,62.0
마마21ab10bb,0.0,0.0,0.0,0.0,0.0,0.0,0.0,0.0,0.0,3.1130760722045023,62.0
마마21ba00aa,0.0,0.0,0.0,0.0,0.0,0.0,0.0,0.0,0.0,3.1130760722045023,62.0
마마21ba00ab,0.0,0.0,0.0,0.0,0.0,0.0,0.0,0.0,0.0,3.1130760722045023,62.0
마마21ba00ba,0.0,0.0,0.0,0.0,0.0,0.0,0.0,0.0,0.0,3.1130760722045023,62.0
마마21ba00bb,0.0,0.0,0.0,0.0,0.0,0.0,0.0,0.0,0.0,3.1130760722045023,62.0
마마21ba01aa,0.0,0.0,0.0,0.0,0.0,0.0,0.0,0.0,0.0,3.1130760722045023,62.0
마마21ba01ab,0.039735099337748346,0.0,0.0,0.0,0.0,0.0,0.0,0.0,-0.003640884756628809,2.55175305519838,192.0
마마21ba01ba,0.25165562913907286,0.0,0.0,0.0,0.0,0.0,0.0,0.0,-0.023058936791982457,1.2391808086093798,810.0
마마21ba01bb,0.019867549668874173,0.0,0.0,0.0,0.0,0.0,0.0,0.0,-0.0018204423783144046,2.235757445615273,118.0
마마21ba02aa,0.0,0.0,0.0,0.0,0.0,0.0,0.0,0.0,0.0,3.1130760722045023,62.0
마마21ba02ab,0.0,0.0,0.0,0.0,0.0,0.0,0.0,0.0,0.0,3.1130760722045023,62.0
마마21ba02ba,0.0,0.0,0.0,0.0,0.0,0.0,0.0,0.0,0.0,3.1130760722045023,62.0
마마21ba02bb,0.0,0.0,0.0,0.0,0.0,0.0,0.0,0.0,0.0,3.1130760722045023,62.0
마마21ba03aa,0.013245033112582781,0.0,0.0,0.0,0.0,0.0,0.0,0.0,-0.001213628252209603,2.2845975411154673,93.0
마마21ba03ab,0.0,0.0,0.0,0.0,0.0,0.0,0.0,0.0,0.0,3.1130760722045023,62.0
마마21ba03ba,0.0,0.0,0.0,0.0,0.0,0.0,0.0,0.0,0.0,3.1130760722045023,62.0
마마21ba03bb,0.0,0.0,0.0,0.0,0.0,0.0,0.007772020725388601,0.0,0.0007767899769444812,3.3884844660798334,57.0
마마21ba04aa,0.0,0.0,0.0,0.0,0.0,0.0,0.0,0.0,0.0,3.1130760722045023,62.0
마마21ba04ab,0.0,0.0,0.0,0.0,0.0,0.0,0.0,0.0,0.0,3.1130760722045023,62.0
마마21ba04ba,0.0,0.0,0.0,0.0,0.0,0.0,0.0,0.0,0.0,3.1130760722045023,62.0
마마21ba04bb,0.026490066225165563,0.0,0.0,0.0,0.0,0.0,0.0,0.0,-0.002427256504419206,2.235757445615273,144.0
마마21ba05aa,0.0,0.0,0.0,0.0,0.0,0.0,0.0,0.0,0.0,3.1130760722045023,62.0
마마21ba05ab,0.0,0.0,0.0,0.0,0.0,0.0,0.0,0.0,0.0,3.1130760722045023,62.0
마마21ba05ba,0.0,0.0,0.0,0.0,0.0,0.0,0.0,0.0,0.0,3.1130760722045023,62.0
마마21ba05bb,0.0,0.0,0.0,0.0,0.0,0.0,0.0,0.0,0.0,3.1130760722045023,62.0
마마21ba06aa,0.0,0.0,0.0,0.0,0.0,0.0,0.0,0.0,0.0,3.1130760722045023,62.0
마마21ba06ab,0.0,0.0,0.0,0.0,0.0,0.0,0.0,0.0,0.0,3.1130760722045023,62.0
마마21ba06ba,0.0,0.0,0.0,0.0,0.0,0.0,0.0,0.0,0.0,3.1130760722045023,62.0
마마21ba06bb,0.0,0.0,0.0,0.0,0.0,0.0,0.0,0.0,0.0,3.1130760722045023,62.0
마마21ba07aa,0.0,0.0,0.0,0.0,0.0,0.0,0.0,0.0,0.0,3.1130760722045023,62.0
마마21ba07ab,0.0,0.0,0.0,0.0,0.0,0.0,0.0,0.0,0.0,3.1130760722045023,62.0
마마21ba07ba,0.006622516556291391,0.0,0.0,0.0,0.0,0.0064555794651091295,0.0,0.1,-0.010259479523152763,2.4134631118344627,392.0
마마21ba07bb,0.006622516556291391,0.0,0.0,0.0,0.0,0.011988933292345526,0.0,0.0,-0.002183654984928158,2.7937036125622545,134.0
마마21ba08aa,0.026490066225165563,0.0,0.0,0.0,0.0,0.0027666769136181985,0.0,0.0,-0.0027911428564553653,2.362780732793172,160.0
마마21ba08ab,0.046357615894039736,0.08,0.0,0.0,0.0,0.0,0.0,0.0,-0.011543979740847692,4.066213233933252,440.0
마마21ba08ba,0.0,0.0,0.0,0.0,0.0,0.0,0.0,0.0,0.0,3.1130760722045023,62.0
마마21ba08bb,0.0,0.0,0.0,0.0,0.0,0.0,0.0,0.0,0.0,3.1130760722045023,62.0
마마21ba09aa,0.0,0.0,0.0,0.0,0.0,0.0,0.0,0.0,0.0,3.1130760722045023,62.0
마마21ba09ab,0.0,0.0,0.0,0.0,0.0,0.0,0.0,0.0,0.0,3.1130760722045023,62.0
마마21ba09ba,0.006622516556291391,0.0,0.0,0.0,0.0,0.0,0.0,0.17468569366666667,-0.01598543903643072,2.2060461515044403,591.0
마마21ba09bb,0.0,0.0,0.0,0.0,0.0,0.0,0.0,0.0,0.0,3.1130760722045023,62.0
마마21ba10aa,0.013245033112582781,0.0,0.0,0.0,0.0,0.0,0.0,0.0,-0.001213628252209603,2.2845975411154673,93.0
마마21ba10ab,0.0,0.0,0.0,0.0,0.0,0.0,0.0,0.0,0.0,3.1130760722045023,62.0
마마21ba10ba,0.0,0.0,0.0,0.0,0.0,0.0,0.0,0.0,0.0,3.1130760722045023,62.0
마마21ba10bb,0.0,0.0,0.0,0.0,0.0,0.0,0.0,0.18333333333333332,-0.016139928277544357,3.056487806668868,594.0
마마21bb00aa,0.0,0.0,0.0,0.0,0.0,0.0,0.0,0.0,0.0,3.1130760722045023,62.0
마마21bb00ab,0.0,0.0,0.0,0.0,0.0,0.0,0.0,0.0,0.0,3.1130760722045023,62.0
마마21bb00ba,0.0,0.0,0.0,0.0,0.0,0.0,0.0,0.0,0.0,3.1130760722045023,62.0
마마21bb00bb,0.0,0.0,0.0,0.0,0.0,0.0,0.0,0.0,0.0,3.1130760722045023,62.0
마마21bb01aa,0.013245033112582781,0.0,0.0,0.0,0.0,0.0,0.0,0.0,-0.001213628252209603,2.2845975411154673,93.0
마마21bb01ab,0.15894039735099338,0.0,0.0,0.0,0.0,0.0,0.0,0.0,-0.014563539026515237,1.202700344628916,541.0
마마21bb01ba,0.24503311258278146,0.0,0.0,0.0,0.0,0.0027666769136181985,0.0,0.0,-0.022816009017913814,1.189015973444545,804.0
마마21bb01bb,0.0728476821192053,0.0,0.0,0.0,0.0,0.0,0.0,0.0,-0.0066749553871528165,2.317230044652193,286.0
마마21bb02aa,0.0,0.0,0.0,0.0,0.0,0.0,0.0,0.0,0.0,3.1130760722045023,62.0
마마21bb02ab,0.0,0.0,0.0,0.0,0.0,0.0,0.0,0.0,0.0,3.1130760722045023,62.0
마마21bb02ba,0.0,0.0,0.0,0.0,0.0,0.0,0.0,0.0,0.0,3.1130760722045023,62.0
마마21bb02bb,0.0,0.0,0.0,0.0,0.0,0.0,0.0,0.0,0.0,3.1130760722045023,62.0
마마21bb03aa,0.0,0.0,0.0,0.0,0.0,0.0,0.0,0.0,0.0,3.1130760722045023,62.0
마마21bb03ab,0.0,0.0,0.0,0.0,0.0,0.0,0.0,0.0,0.0,3.1130760722045023,62.0
마마21bb03ba,0.0,0.0,0.0,0.0,0.0,0.0,0.0,0.0,0.0,3.1130760722045023,62.0
마마21bb03bb,0.0728476821192053,0.0,0.0,0.0,0.0,0.0,0.0,0.3010476878333333,-0.033177981331246796,2.5861931316018083,1022.0
마마21bb04aa,0.059602649006622516,0.0,0.0,0.0,0.0,0.003688902551490931,0.0,0.0,-0.0059465089376580915,2.5100572007286748,263.0
마마21bb04ab,0.006622516556291391,0.0,0.0,0.0,0.0,0.002459268367660621,0.0,0.0,-0.0009302686612480541,2.399348841046791,82.0
마마21bb04ba,0.013245033112582781,0.0,0.0,0.0,0.0,0.0021518598217030436,0.0,0.0,-0.0014966509704599491,2.3438540190055486,104.0
마마21bb04bb,0.033112582781456956,0.0,0.0,0.0,0.0,0.0,0.0,0.0,-0.003034070630524008,2.4791925079025385,171.0
마마21bb05aa,0.006622516556291391,0.0,0.0,0.0,0.0,0.0,0.0,0.0,-0.0006068141261048015,2.2628047968481355,74.0
마마21bb05ab,0.0,0.0,0.0,0.0,0.0,0.0,0.0,0.0,0.0,3.1130760722045023,62.0
마마21bb05ba,0.0,0.0,0.0,0.0,0.0,0.0,0.0,0.0,0.0,3.1130760722045023,62.0
마마21bb05bb,0.013245033112582781,0.0,0.0,0.0,0.0,0.0,0.0,0.0,-0.001213628252209603,2.2845975411154673,93.0
마마21bb06aa,0.0,0.0,0.0,0.0,0.0,0.0,0.0,0.0,0.0,3.1130760722045023,62.0
마마21bb06ab,0.0,0.0,0.0,0.0,0.0,0.0,0.0,0.0,0.0,3.1130760722045023,62.0
마마21bb06ba,0.0,0.0,0.0,0.0,0.0,0.0,0.0,0.0,0.0,3.1130760722045023,62.0
마마21bb06bb,0.0,0.0,0.0,0.0,0.0,0.0,0.0,0.0,0.0,3.1130760722045023,62.0
마마21bb07aa,0.0,0.0,0.0,0.0,0.0,0.0,0.0,0.0,0.0,3.1130760722045023,62.0
마마21bb07ab,0.0,0.0,0.0,0.0,0.0,0.0,0.0,0.0,0.0,3.1130760722045023,62.0
마마21bb07ba,0.019867549668874173,0.0,0.0,0.0,0.0,0.0,0.0,0.0,-0.0018204423783144046,2.235757445615273,118.0
마마21bb07bb,0.0,0.0,0.0,0.0,0.0,0.0,0.0,0.0,0.0,3.1130760722045023,62.0
마마21bb08aa,0.006622516556291391,0.0,0.0,0.0,0.0,0.0,0.0,0.22527697491666665,-0.020439291677398396,2.667098916700048,742.0
마마21bb08ab,0.0,0.0,0.0,0.0,0.0,0.0,0.0,0.0,0.0,3.1130760722045023,62.0
마마21bb08ba,0.0,0.0,0.0,0.0,0.0,0.0,0.0,0.0,0.0,3.1130760722045023,62.0
마마21bb08bb,0.0,0.0,0.0,0.0,0.0,0.0,0.0,0.0,0.0,3.1130760722045023,62.0
마마21bb09aa,0.0,0.0,0.0,0.0,0.0,0.0,0.0,0.0,0.0,3.1130760722045023,62.0
마마21bb09ab,0.0,0.0,0.0,0.0,0.0,0.0,0.0,0.0,0.0,3.1130760722045023,62.0
마마21bb09ba,0.019867549668874173,0.0,0.0,0.0,0.0,0.0,0.0,0.0,-0.0018204423783144046,2.235757445615273,118.0
마마21bb09bb,0.019867549668874173,0.0,0.0,0.0,0.0,0.0,0.0,0.30782273600000004,-0.02891991627597335,2.5877692921849125,949.0
마마21bb10aa,0.10596026490066225,0.0,0.0,0.0,0.0,0.0046111281893636644,0.0,0.0,-0.010315503271070423,7.597450311640676,395.0
마마21bb10ab,0.052980132450331126,0.0,0.0,0.0,0.0,0.0,0.0,0.0,-0.004854513008838412,2.092264392579398,222.0
마마21bb10ba,0.0,0.0,0.0,0.0,0.0,0.0,0.0,0.0,0.0,3.1130760722045023,62.0
마마21bb10bb,0.0,0.0,0.0,0.0,0.0,0.0,0.0,0.0,0.0,3.1130760722045023,62.0
마마21bb11aa,0.0,0.0,0.0,0.0,0.0,0.0,0.0,0.0,0.0,3.1130760722045023,62.0
마마22aa00aa,0.1390728476821192,0.0,0.0,0.0,0.0,0.0,0.0,0.0,-0.01274309664820083,1.1812259856545568,478.0
마마22aa00ab,0.019867549668874173,0.0,0.0,0.0,0.0,0.0,0.0,0.0,-0.0018204423783144046,2.235757445615273,118.0
마마22aa00ba,0.0,0.0,0.0,0.0,0.0,0.0,0.0,0.2833333333333333,-0.024943525519841282,3.276006722177174,868.0
마마22aa00bb,0.033112582781456956,0.0,0.0,0.0,0.0,0.0,0.0,0.0,-0.003034070630524008,2.4791925079025385,171.0
마마22aa01aa,0.271523178807947,0.0,0.0,0.0,0.0,0.0,0.0,0.0,-0.02487937917029686,1.2648083160226018,866.0
마마22aa01ab,0.2251655629139073,0.0,0.0,0.0,0.0,0.002459268367660621,0.0,0.0,-0.020955134822706504,1.1522790992076704,758.0
마마22aa01ba,0.052980132450331126,0.0,0.0,0.0,0.0,0.0018444512757454655,0.0,0.0,-0.005097103910195851,2.1621009449159505,229.0
마마22aa01bb,0.0,0.0,0.0,0.0,0.0,0.0,0.0,0.0,0.0,3.1130760722045023,62.0
마마22aa02aa,0.0,0.0,0.0,0.0,0.0,0.0,0.0,0.0,0.0,3.1130760722045023,62.0
마마22aa02ab,0.0,0.0,0.0,0.0,0.0,0.0,0.0,0.0,0.0,3.1130760722045023,62.0
마마22aa02ba,0.0,0.0,0.0,0.0,0.0,0.0,0.0,0.0,0.0,3.1130760722045023,62.0
마마22aa02bb,0.0,0.0,0.0,0.0,0.0,0.0,0.0,0.0,0.0,3.1130760722045023,62.0
마마22aa03aa,0.0,0.0,0.0,0.0,0.0,0.0,0.0,0.0,0.0,3.1130760722045023,62.0
마마22aa03ab,0.0,0.0,0.0,0.0,0.0,0.0,0.0,0.0,0.0,3.1130760722045023,62.0
마마22aa03ba,0.11920529801324503,0.0,0.0,0.0,0.0,0.0,0.0,0.0,-0.010922654269886426,1.1786747273890128,417.0
마마22aa03bb,0.039735099337748346,0.0,0.0,0.0,0.0,0.002459268367660621,0.0,0.0,-0.003964339291772062,2.655421641521578,201.0
마마22aa04aa,0.0,0.0,0.0,0.0,0.0,0.0,0.0,0.0,0.0,3.1130760722045023,62.0
마마22aa04ab,0.0,0.0,0.0,0.0,0.0,0.0,0.0,0.0,0.0,3.1130760722045023,62.0
마마22aa04ba,0.0,0.0,0.0,0.0,0.0,0.0,0.0,0.0,0.0,3.1130760722045023,62.0
마마22aa04bb,0.0,0.0,0.0,0.0,0.0,0.0,0.0,0.0,0.0,3.1130760722045023,62.0
마마22aa05aa,0.07947019867549669,0.0,0.0,0.0,0.0,0.0,0.0,0.0,-0.007281769513257618,7.535394101977326,301.0
마마22aa05ab,0.0,0.0,0.0,0.0,0.0,0.0,0.0,0.0,0.0,3.1130760722045023,62.0
마마22aa05ba,0.052980132450331126,0.0,0.0,0.0,0.0,0.0,0.0,0.0,-0.004854513008838412,2.092264392579398,222.0
마마22aa05bb,0.013245033112582781,0.0,0.0,0.0,0.0,0.0,0.0,0.0,-0.001213628252209603,2.2845975411154673,93.0
마마22aa06aa,0.0,0.0,0.0,0.0,0.0,0.0,0.0,0.0,0.0,3.1130760722045023,62.0
마마22aa06ab,0.0,0.0,0.0,0.0,0.0,0.0,0.0,0.0,0.0,3.1130760722045023,62.0
마마22aa06ba,0.0,0.0,0.0,0.0,0.0,0.0,0.0,0.0,0.0,3.1130760722045023,62.0
마마22aa06bb,0.0,0.0,0.0,0.0,0.0,0.0,0.0,0.0,0.0,3.1130760722045023,62.0
마마22aa07aa,0.0,0.0,0.0,0.0,0.0,0.0,0.0,0.0,0.0,3.1130760722045023,62.0
마마22aa07ab,0.006622516556291391,0.0,0.0,0.0,0.0,0.0,0.0,0.0,-0.0006068141261048015,2.2628047968481355,74.0
마마22aa07ba,0.0,0.0,0.0,0.0,0.0,0.0,0.0,0.23333333333333334,-0.02054172689869282,3.276006722177174,745.0
마마22aa07bb,0.052980132450331126,0.0,0.0,0.0,0.0,0.0,0.0,0.0,-0.004854513008838412,2.092264392579398,222.0
마마22aa08aa,0.0,0.0,0.0,0.0,0.0,0.0,0.0,0.0,0.0,3.1130760722045023,62.0
마마22aa08ab,0.0,0.0,0.0,0.0,0.0,0.0,0.0,0.0,0.0,3.1130760722045023,62.0
마마22aa08ba,0.0,0.0,0.0,0.0,0.0,0.0,0.0,0.0,0.0,3.1130760722045023,62.0
마마22aa08bb,0.013245033112582781,0.0,0.0,0.0,0.0,0.0,0.0,0.0,-0.001213628252209603,2.2845975411154673,93.0
마마22aa09aa,0.0,0.0,0.0,0.0,0.0,0.0,0.0,0.0,0.0,3.1130760722045023,62.0
마마22aa09ab,0.019867549668874173,0.0,0.0,0.0,0.0,0.0,0.0,0.0,-0.0018204423783144046,2.235757445615273,118.0
마마22aa09ba,0.13245033112582782,0.0,0.0,0.0,0.0,0.0,0.0,0.0,-0.012136282522096031,1.1786747273890128,454.0
마마22aa09bb,0.06622516556291391,0.0,0.0,0.0,0.0,0.0,0.0,0.0,-0.006068141261048016,2.23893334135549,266.0
마마22aa10aa,0.0,0.0,0.0,0.0,0.0,0.0027666769136181985,0.0,0.0,-0.0003638863520361592,3.1400062823452384,69.0
마마22aa10ab,0.0,0.0,0.0,0.0,0.0,0.0,0.0,0.0,0.0,3.1130760722045023,62.0
마마22aa10ba,0.0,0.0,0.0,0.0,0.0,0.0,0.0,0.0,0.0,3.1130760722045023,62.0
마마22aa10bb,0.0,0.0,0.0,0.0,0.0,0.0,0.0,0.0,0.0,3.1130760722045023,62.0
마마22aa11aa,0.0,0.0,0.0,0.0,0.0,0.0,0.0,0.0,0.0,3.1130760722045023,62.0
마마22ab00aa,0.10596026490066225,0.0,0.0,0.0,0.0,0.0,0.0,0.0,-0.009709026017676824,8.159066350363856,376.0
마마22ab00ab,0.15894039735099338,0.0,0.0,0.0,0.0,0.008607439286812174,0.0,0.0,-0.01569562989951662,1.0913528825671681,578.0
마마22ab00ba,0.006622516556291391,0.0,0.0,0.0,0.0,0.0,0.0,0.0,-0.0006068141261048015,2.2628047968481355,74.0
마마22ab00bb,0.026490066225165563,0.0,0.0,0.0,0.0,0.0021518598217030436,0.0,0.0,-0.002710279222669552,2.2991378551292856,155.0
마마22ab01aa,0.033112582781456956,0.0,0.0,0.0,0.0,0.0,0.0,0.0,-0.003034070630524008,2.4791925079025385,171.0
마마22ab01ab,0.039735099337748346,0.0,0.0,0.0,0.0,0.0018444512757454655,0.0,0.0,-0.0038834756579862488,2.621589607534932,198.0
마마22ab01ba,0.0,0.0,0.0,0.0,0.0,0.0,0.0,0.0,0.0,3.1130760722045023,62.0
마마22ab01bb,0.0,0.0,0.0,0.0,0.0,0.0,0.0,0.0,0.0,3.1130760722045023,62.0
마마22ab02aa,0.0,0.0,0.0,0.0,0.0,0.0,0.0,0.0,0.0,3.1130760722045023,62.0
마마22ab02ab,0.0,0.0,0.0,0.0,0.0,0.0,0.0,0.0,0.0,3.1130760722045023,62.0
마마22ab02ba,0.0,0.0,0.0,0.0,0.0,0.0,0.0,0.0,0.0,3.1130760722045023,62.0
마마22ab02bb,0.0,0.0,0.0,0.0,0.0,0.0,0.0,0.0,0.0,3.1130760722045023,62.0
마마22ab03aa,0.0,0.0,0.0,0.0,0.0,0.0,0.0,0.0,0.0,3.1130760722045023,62.0
마마22ab03ab,0.006622516556291391,0.0,0.0,0.0,0.0,0.0,0.0,0.0,-0.0006068141261048015,2.2628047968481355,74.0
마마22ab03ba,0.24503311258278146,0.0,0.0,0.0,0.0,0.0,0.0,0.0,-0.022452122665877657,1.2391808086093798,798.0
마마22ab03bb,0.2119205298013245,0.0,0.0,0.0,0.0,0.0,0.0,0.0,-0.01941805203535365,1.202700344628916,714.0
마마22ab04aa,0.13245033112582782,0.0,0.0,0.0,0.0,0.02428527513064863,0.0,0.0,-0.01533039605663565,0.9117008917008913,570.0
마마22ab04ab,0.0,0.0,0.0,0.0,0.0,0.0021518598217030436,0.0,0.0,-0.00028302271825034604,3.1019183702573265,67.0
마마22ab04ba,0.10596026490066225,0.0,0.0,0.0,0.0,0.002459268367660621,0.0,0.0,-0.010032480552820078,7.658376528281179,387.0
마마22ab04bb,0.08609271523178808,0.0,0.0,0.125,0.0,0.006148170919151552,0.0,0.18551902699999998,-0.013512548213142121,3.3931454865342237,508.0
마마22ab05aa,0.2251655629139073,0.08,0.0,0.125,0.0,0.003996311097448509,0.0,0.0,-0.016936555056298607,4.178085935228794,626.0
마마22ab05ab,0.07947019867549669,0.0,0.0,0.0,0.0,0.0,0.0,0.0,-0.007281769513257618,7.535394101977326,301.0
마마22ab05ba,0.09271523178807947,0.0,0.0,0.0,0.0,0.0,0.0,0.0,-0.008495397765467221,8.159066350363856,340.0
마마22ab05bb,0.10596026490066225,0.0,0.0,0.0,0.0,0.002459268367660621,0.0,0.0,-0.010032480552820078,7.658376528281179,387.0
마마22ab06aa,0.033112582781456956,0.0,0.0,0.0,0.0,0.0018444512757454655,0.0,0.0,-0.003276661531881447,2.5490290602390915,176.0
마마22ab06ab,0.033112582781456956,0.0,0.0,0.0,0.0,0.0,0.0,0.0,-0.003034070630524008,2.4791925079025385,171.0
마마22ab06ba,0.0,0.0,0.0,0.0,0.0,0.0,0.0,0.0,0.0,3.1130760722045023,62.0
마마22ab06bb,0.0,0.0,0.0,0.0,0.0,0.0,0.0,0.0,0.0,3.1130760722045023,62.0
마마22ab07aa,0.013245033112582781,0.0,0.0,0.0,0.0,0.0,0.0,0.0,-0.001213628252209603,2.2845975411154673,93.0
마마22ab07ab,0.006622516556291391,0.0,0.0,0.0,0.0,0.0,0.0,0.29383429675,-0.02647480217171036,2.667098916700048,902.0
마마22ab07ba,0.019867549668874173,0.0,0.0,0.0,0.0,0.0,0.0,0.22800457608333333,-0.02189304695069753,2.5877692921849125,779.0
마마22ab07bb,0.013245033112582781,0.0,0.0,0.0,0.0,0.0,0.0,0.0,-0.001213628252209603,2.2845975411154673,93.0
마마22ab08aa,0.0,0.0,0.0,0.0,0.0,0.0,0.0,0.0,0.0,3.1130760722045023,62.0
마마22ab08ab,0.0,0.0,0.0,0.0,0.0,0.0,0.0,0.0,0.0,3.1130760722045023,62.0
마마22ab08ba,0.039735099337748346,0.0,0.0,0.0,0.0,0.0,0.0,0.0,-0.003640884756628809,2.55175305519838,192.0
마마22ab08bb,0.026490066225165563,0.0,0.0,0.0,0.0,0.0,0.0,0.0,-0.002427256504419206,2.235757445615273,144.0
마마22ab09aa,0.033112582781456956,0.0,0.0,0.0,0.0,0.002459268367660621,0.0,0.0,-0.0033575251656672604,2.5828610942257364,181.0
마마22ab09ab,0.019867549668874173,0.0,0.0,0.0,0.0,0.003688902551490931,0.0,0.0,-0.0023056241810292836,2.573964478428775,140.0
마마22ab09ba,0.24503311258278146,0.0,0.0,0.0,0.0,0.0018444512757454655,0.0,0.20833333333333334,-0.04103554115535369,1.790535218749504,1111.0
마마22ab09bb,0.013245033112582781,0.0,0.0,0.0,0.0,0.0,0.0,0.0,-0.001213628252209603,2.2845975411154673,93.0
마마22ab10aa,0.006622516556291391,0.0,0.0,0.0,0.0,0.0,0.0,0.0,-0.0006068141261048015,2.2628047968481355,74.0
마마22ab10ab,0.0,0.0,0.0,0.0,0.0,0.0,0.0,0.0,0.0,3.1130760722045023,62.0
마마22ab10ba,0.0,0.0,0.0,0.0,0.0,0.0,0.0,0.0,0.0,3.1130760722045023,62.0
마마22ab10bb,0.0,0.0,0.0,0.0,0.0,0.0,0.0,0.0,0.0,3.1130760722045023,62.0
마마22ab11aa,0.0,0.0,0.0,0.0,0.0,0.0,0.0,0.0,0.0,3.1130760722045023,62.0
마마22ab11ab,0.0,0.0,0.0,0.0,0.0,0.0,0.0,0.0,0.0,3.1130760722045023,62.0
마마22ba00aa,0.1456953642384106,0.0,0.0,0.0,0.0,0.0021518598217030436,0.0,0.0,-0.013632933492555978,1.1308047402333115,512.0
마마22ba00ab,0.08609271523178808,0.0,0.0,0.0,0.0,0.0018444512757454655,0.0,0.0,-0.008131174540719857,7.285236636427005,327.0
마마22ba00ba,0.0,0.0,0.0,0.0,0.0,0.0,0.0,0.26916666666666667,-0.023696349243849217,3.276006722177174,834.0
마마22ba00bb,0.0,0.0,0.0,0.0,0.0,0.0,0.0,0.0,0.0,3.1130760722045023,62.0
마마22ba01aa,0.0,0.0,0.0,0.0,0.0,0.0,0.007772020725388601,0.0,0.0007767899769444812,3.3884844660798334,57.0
마마22ba01ab,0.0,0.0,0.0,0.0,0.0,0.0,0.0,0.0,0.0,3.1130760722045023,62.0
마마22ba01ba,0.013245033112582781,0.0,0.0,0.0,0.0,0.0,0.0,0.0,-0.001213628252209603,2.2845975411154673,93.0
마마22ba01bb,0.0,0.0,0.0,0.0,0.0,0.0,0.0,0.0,0.0,3.1130760722045023,62.0
마마22ba02aa,0.0,0.0,0.0,0.0,0.0,0.0,0.0,0.0,0.0,3.1130760722045023,62.0
마마22ba02ab,0.0,0.0,0.0,0.0,0.0,0.0,0.0,0.0,0.0,3.1130760722045023,62.0
마마22ba02ba,0.0,0.0,0.0,0.0,0.0,0.0,0.0,0.0,0.0,3.1130760722045023,62.0
마마22ba02bb,0.0,0.0,0.0,0.0,0.0,0.0,0.0,0.0,0.0,3.1130760722045023,62.0
마마22ba03aa,0.052980132450331126,0.0,0.0,0.0,0.0,0.0,0.0,0.0,-0.004854513008838412,2.092264392579398,222.0
마마22ba03ab,0.0,0.0,0.0,0.0,0.0,0.0,0.0,0.0,0.0,3.1130760722045023,62.0
마마22ba03ba,0.0,0.0,0.0,0.0,0.0,0.0,0.0,0.0,0.0,3.1130760722045023,62.0
마마22ba03bb,0.08609271523178808,0.0,0.0,0.0,0.0,0.009837073470642483,0.0,0.0,-0.009182401779935428,7.114265336664496,361.0
마마22ba04aa,0.18543046357615894,0.0,0.0,0.0,0.0,0.011374116200430372,0.0,0.0,-0.018486772755971985,1.0913528825671681,683.0
마마22ba04ab,0.13245033112582782,0.08,0.0,0.25,0.0,0.021211189671072855,0.06994818652849741,0.0,0.0078027904646526865,5.244707201528635,32.0
마마22ba04ba,0.006622516556291391,0.0,0.0,0.0,0.0,0.0,0.0,0.0,-0.0006068141261048015,2.2628047968481355,74.0
마마22ba04bb,0.006622516556291391,0.0,0.0,0.0,0.0,0.004918536735321242,0.0,0.0,-0.0012537231963913069,2.6248200759533997,94.0
마마22ba05aa,0.039735099337748346,0.04,0.0,0.0,0.0,0.0027666769136181985,0.0,0.0,-0.0076529115377220085,4.765847326253902,309.0
마마22ba05ab,0.013245033112582781,0.04,0.0,0.0,0.0,0.0,0.0,0.0,-0.0048617686812666445,4.765392064094696,223.0
마마22ba05ba,0.09271523178807947,0.0,0.0,0.0,0.0,0.0,0.0,0.0,-0.008495397765467221,8.159066350363856,340.0
마마22ba05bb,0.1986754966887417,0.0,0.0,0.0,0.0,0.0,0.0,0.0,-0.018204423783144043,1.202700344628916,678.0
마마22ba06aa,0.152317880794702,0.0,0.0,0.0,0.0,0.002459268367660621,0.0,0.0,-0.014280179435553687,1.1308047402333115,529.0
마마22ba06ab,0.0,0.0,0.0,0.0,0.0,0.0,0.0,0.0,0.0,3.1130760722045023,62.0
마마22ba06ba,0.013245033112582781,0.0,0.0,0.0,0.0,0.0,0.0,0.0,-0.001213628252209603,2.2845975411154673,93.0
마마22ba06bb,0.006622516556291391,0.08,0.0,0.0,0.0,0.0,0.0,0.0,-0.007903094984218883,4.440579434950337,322.0
마마22ba07aa,0.09933774834437085,0.0,0.0,0.125,0.0,0.008300030740854595,0.0,0.0,0.0013231487613060125,7.716227882284321,52.0
마마22ba07ab,0.059602649006622516,0.0,0.0,0.125,0.0,0.006762988011066708,0.0,0.0,0.005166192602399354,2.755401223795184,38.0
마마22ba07ba,0.09271523178807947,0.0,0.0,0.0,0.0,0.0030740854595757753,0.02590673575129534,0.0,-0.006310416011248016,7.721360061536692,273.0
마마22ba07bb,0.019867549668874173,0.0,0.0,0.0,0.0,0.0018444512757454655,0.0,0.0,-0.002063033279671844,2.3289486988065264,129.0
마마22ba08aa,0.07947019867549669,0.0,0.0,0.0,0.0,0.0,0.0,0.0,-0.007281769513257618,7.535394101977326,301.0
마마22ba08ab,0.09271523178807947,0.0,0.0,0.0,0.0,0.0027666769136181985,0.0,0.0,-0.00885928411750338,7.658376528281179,350.0
마마22ba08ba,0.06622516556291391,0.0,0.0,0.0,0.0,0.0,0.0,0.0,-0.006068141261048016,2.23893334135549,266.0
마마22ba08bb,0.026490066225165563,0.0,0.0,0.0,0.0,0.005225945281278819,0.0,0.0,-0.003114597391598618,2.4433246181669364,172.0
마마22ba09aa,0.006622516556291391,0.0,0.0,0.0,0.0,0.003996311097448509,0.0,0.0,-0.001132427745712587,2.6248200759533997,90.0
마마22ba09ab,0.006622516556291391,0.0,0.0,0.0,0.0,0.003688902551490931,0.0,0.0,-0.0010919959288196804,2.6105325866823943,88.0
마마22ba09ba,0.0,0.0,0.0,0.0,0.0,0.0,0.0,0.0,0.0,3.1130760722045023,62.0
마마22ba09bb,0.06622516556291391,0.0,0.0,0.0,0.0,0.0,0.0,0.0,-0.006068141261048016,2.23893334135549,266.0
마마22ba10aa,0.026490066225165563,0.0,0.0,0.0,0.0,0.0,0.0,0.0,-0.002427256504419206,2.235757445615273,144.0
마마22ba10ab,0.0,0.0,0.0,0.0,0.0,0.0,0.0,0.0,0.0,3.1130760722045023,62.0
마마22ba10ba,0.0,0.0,0.0,0.0,0.0,0.0,0.0,0.0,0.0,3.1130760722045023,62.0
마마22ba10bb,0.006622516556291391,0.0,0.0,0.0,0.0,0.0,0.0,0.0,-0.0006068141261048015,2.2628047968481355,74.0
마마22ba11aa,0.0,0.0,0.0,0.0,0.0,0.0,0.0,0.0,0.0,3.1130760722045023,62.0
마마22ba11ab,0.0,0.0,0.0,0.0,0.0,0.0,0.0,0.0,0.0,3.1130760722045023,62.0
마마22ba11ba,0.0,0.0,0.0,0.0,0.0,0.0,0.0,0.0,0.0,3.1130760722045023,62.0
마마22bb00aa,0.0,0.0,0.0,0.0,0.0,0.0,0.0,0.0,0.0,3.1130760722045023,62.0
마마22bb00ab,0.0,0.0,0.0,0.0,0.0,0.0,0.0,0.0,0.0,3.1130760722045023,62.0
마마22bb00ba,0.0,0.0,0.0,0.0,0.0,0.0,0.0,0.0,0.0,3.1130760722045023,62.0
마마22bb00bb,0.0,0.0,0.0,0.0,0.0,0.0,0.0,0.0,0.0,3.1130760722045023,62.0
마마22bb01aa,0.0,0.0,0.0,0.0,0.0,0.0,0.0,0.0,0.0,3.1130760722045023,62.0
마마22bb01ab,0.0,0.0,0.0,0.0,0.0,0.0,0.0,0.0,0.0,3.1130760722045023,62.0
마마22bb01ba,0.0,0.0,0.0,0.0,0.0,0.0,0.0,0.0,0.0,3.1130760722045023,62.0
마마22bb01bb,0.0,0.0,0.0,0.0,0.0,0.0,0.0,0.0,0.0,3.1130760722045023,62.0
마마22bb02aa,0.0,0.0,0.0,0.0,0.0,0.0,0.0,0.0,0.0,3.1130760722045023,62.0
마마22bb02ab,0.0,0.0,0.0,0.0,0.0,0.0,0.0,0.0,0.0,3.1130760722045023,62.0
마마22bb02ba,0.0,0.0,0.0,0.0,0.0,0.0,0.0,0.0,0.0,3.1130760722045023,62.0
마마22bb02bb,0.046357615894039736,0.0,0.0,0.0,0.0,0.0,0.0,0.0,-0.0042476988827336104,2.011401784288219,208.0
마마22bb03aa,0.06622516556291391,0.0,0.0,0.0,0.0,0.0,0.0,0.0,-0.006068141261048016,2.23893334135549,266.0
마마22bb03ab,0.07947019867549669,0.0,0.0,0.0,0.0,0.0,0.0,0.0,-0.007281769513257618,7.535394101977326,301.0
마마22bb03ba,0.052980132450331126,0.0,0.0,0.0,0.0,0.0,0.0,0.0,-0.004854513008838412,2.092264392579398,222.0
마마22bb03bb,0.046357615894039736,0.0,0.0,0.0,0.0,0.002459268367660621,0.0,0.0,-0.004571153417876863,2.1150703706114165,213.0
마마22bb04aa,0.013245033112582781,0.16,0.0,0.0,0.0,0.0,0.0,0.0,-0.015806189968437766,2.8172915290381577,587.0
마마22bb04ab,0.006622516556291391,0.0,0.0,0.0,0.0,0.0,0.0,0.0,-0.0006068141261048015,2.2628047968481355,74.0
마마22bb04ba,0.0,0.0,0.0,0.0,0.0,0.0,0.0,0.0,0.0,3.1130760722045023,62.0
마마22bb04bb,0.0,0.0,0.0,0.0,0.0,0.0,0.0,0.0,0.0,3.1130760722045023,62.0
마마22bb05aa,0.0,0.0,0.0,0.0,0.0,0.0,0.0,0.0,0.0,3.1130760722045023,62.0
마마22bb05ab,0.0,0.0,0.0,0.0,0.0,0.0,0.0,0.0,0.0,3.1130760722045023,62.0
마마22bb05ba,0.0,0.0,0.0,0.0,0.0,0.0,0.0,0.0,0.0,3.1130760722045023,62.0
마마22bb05bb,0.059602649006622516,0.0,0.0,0.0,0.0,0.0,0.0,0.0,-0.005461327134943213,2.228727806149955,242.0
마마22bb06aa,0.19205298013245034,0.0,0.0,0.0,0.0,0.0,0.0,0.0,-0.017597609657039243,1.202700344628916,644.0
마마22bb06ab,0.17218543046357615,0.0,0.0,0.0,0.0,0.0,0.0,0.0,-0.015777167278724837,1.202700344628916,584.0
마마22bb06ba,0.152317880794702,0.08,0.0,0.0,0.0,0.0,0.0,0.0,-0.021253005758524516,3.2138900662829224,767.0
마마22bb06bb,0.11920529801324503,0.0,0.0,0.0,0.0,0.005533353827236397,0.0,0.0,-0.011650426973958744,1.0726569356569355,441.0
마마22bb07aa,0.07947019867549669,0.0,0.0,0.0,0.0,0.010759299108515216,0.0,0.0,-0.008696883104509348,7.114265336664496,345.0
마마22bb07ab,0.006622516556291391,0.0,0.0,0.0,0.0,0.004303719643406086,0.0,0.0,-0.0011728595626054935,2.6248200759533997,92.0
마마22bb07ba,0.046357615894039736,0.0,0.0,0.0,0.0,0.002459268367660621,0.0,0.11666666666666667,-0.014842016867223274,2.053915190579425,553.0
마마22bb07bb,0.019867549668874173,0.0,0.0,0.0,0.0,0.003688902551490931,0.0,0.0,-0.0023056241810292836,2.573964478428775,140.0
마마22bb08aa,0.006622516556291391,0.0,0.0,0.0,0.0,0.0,0.0,0.0,-0.0006068141261048015,2.2628047968481355,74.0
마마22bb08ab,0.09271523178807947,0.0,0.0,0.0,0.0,0.003996311097448509,0.0,0.0,-0.009021011385075006,7.597450311640676,357.0
마마22bb08ba,0.013245033112582781,0.0,0.0,0.0,0.0,0.0,0.0,0.0,-0.001213628252209603,2.2845975411154673,93.0
마마22bb08bb,0.0,0.0,0.0,0.0,0.0,0.0,0.007772020725388601,0.0,0.0007767899769444812,3.3884844660798334,57.0
마마22bb09aa,0.0,0.0,0.0,0.0,0.0,0.0,0.0,0.0,0.0,3.1130760722045023,62.0
마마22bb09ab,0.0,0.0,0.0,0.0,0.0,0.0,0.0,0.0,0.0,3.1130760722045023,62.0
마마22bb09ba,0.0,0.0,0.0,0.0,0.0,0.0,0.0,0.0,0.0,3.1130760722045023,62.0
마마22bb09bb,0.006622516556291391,0.0,0.0,0.0,0.0,0.0,0.0,0.0,-0.0006068141261048015,2.2628047968481355,74.0
마마22bb10aa,0.0,0.0,0.0,0.0,0.0,0.0,0.0,0.0,0.0,3.1130760722045023,62.0
마마22bb10ab,0.0,0.0,0.0,0.0,0.0,0.0,0.0,0.0,0.0,3.1130760722045023,62.0
마마22bb10ba,0.006622516556291391,0.0,0.0,0.0,0.0,0.0,0.0,0.0,-0.0006068141261048015,2.2628047968481355,74.0
마마22bb10bb,0.0728476821192053,0.0,0.0,0.0,0.0,0.0,0.0,0.0,-0.0066749553871528165,2.317230044652193,286.0
마마22bb11aa,0.0,0.0,0.0,0.0,0.0,0.0,0.0,0.0,0.0,3.1130760722045023,62.0
마마22bb11ab,0.0,0.0,0.0,0.0,0.0,0.0,0.0,0.0,0.0,3.1130760722045023,62.0
마마22bb11ba,0.0,0.0,0.0,0.0,0.0,0.0,0.0,0.0,0.0,3.1130760722045023,62.0
마마23aa00aa,0.0,0.0,0.0,0.0,0.0,0.0,0.0,0.0,0.0,3.1130760722045023,62.0
마마23aa00ab,0.0,0.0,0.0,0.0,0.0,0.0,0.0,0.0,0.0,3.1130760722045023,62.0
마마23aa00ba,0.0,0.0,0.0,0.0,0.0,0.0,0.0,0.0,0.0,3.1130760722045023,62.0
마마23aa00bb,0.0,0.0,0.0,0.0,0.0,0.0,0.0,0.0,0.0,3.1130760722045023,62.0
마마23aa01aa,0.0,0.0,0.0,0.0,0.0,0.0,0.0,0.0,0.0,3.1130760722045023,62.0
마마23aa01ab,0.0,0.0,0.0,0.0,0.0,0.0,0.0,0.0,0.0,3.1130760722045023,62.0
마마23aa01ba,0.0,0.0,0.0,0.0,0.0,0.0,0.0,0.0,0.0,3.1130760722045023,62.0
마마23aa01bb,0.0,0.0,0.0,0.0,0.0,0.0,0.0,0.0,0.0,3.1130760722045023,62.0
마마23aa02aa,0.0,0.0,0.0,0.0,0.0,0.0,0.0,0.0,0.0,3.1130760722045023,62.0
마마23aa02ab,0.0,0.0,0.0,0.0,0.0,0.0,0.0,0.0,0.0,3.1130760722045023,62.0
마마23aa02ba,0.013245033112582781,0.0,0.0,0.0,0.0,0.0,0.0,0.0,-0.001213628252209603,2.2845975411154673,93.0
마마23aa02bb,0.013245033112582781,0.0,0.0,0.0,0.0,0.0,0.0,0.0,-0.001213628252209603,2.2845975411154673,93.0
마마23aa03aa,0.0,0.0,0.0,0.0,0.0,0.0,0.0,0.0,0.0,3.1130760722045023,62.0
마마23aa03ab,0.006622516556291391,0.0,0.0,0.0,0.0,0.0,0.0,0.0,-0.0006068141261048015,2.2628047968481355,74.0
마마23aa03ba,0.16556291390728478,0.0,0.0,0.0,0.0,0.0,0.0,0.0,-0.01517035315262004,1.202700344628916,565.0
마마23aa03bb,0.17218543046357615,0.0,0.0,0.0,0.0,0.0,0.0,0.0,-0.015777167278724837,1.202700344628916,584.0
마마23aa04aa,0.0,0.0,0.0,0.0,0.0,0.0,0.031088082901554404,0.0,0.003107159907777925,3.3884844660798334,43.0
마마23aa04ab,0.0,0.0,0.0,0.0,0.0,0.0,0.0,0.0,0.0,3.1130760722045023,62.0
마마23aa04ba,0.0,0.0,0.0,0.0,0.0,0.0,0.0,0.0,0.0,3.1130760722045023,62.0
마마23aa04bb,0.0,0.0,0.0,0.0,0.0,0.0,0.0,0.0,0.0,3.1130760722045023,62.0
마마23aa05aa,0.06622516556291391,0.0,0.0,0.0,0.0,0.0,0.0,0.0,-0.006068141261048016,2.23893334135549,266.0
마마23aa05ab,0.0,0.0,0.0,0.0,0.0,0.0,0.0,0.0,0.0,3.1130760722045023,62.0
마마23aa05ba,0.0,0.0,0.0,0.0,0.0,0.0,0.0,0.0,0.0,3.1130760722045023,62.0
마마23aa05bb,0.09271523178807947,0.0,0.0,0.0,0.0,0.0,0.0,0.0,-0.008495397765467221,8.159066350363856,340.0
마마23aa06aa,0.10596026490066225,0.0,0.0,0.0,0.0,0.0,0.0,0.0,-0.009709026017676824,8.159066350363856,376.0
마마23aa06ab,0.09933774834437085,0.0,0.0,0.0,0.0,0.0,0.0,0.0,-0.009102211891572022,8.159066350363856,359.0
마마23aa06bb,0.0,0.0,0.0,0.0,0.0,0.0,0.0,0.0,0.0,3.1130760722045023,62.0
마마23aa07aa,0.013245033112582781,0.0,0.0,0.0,0.0,0.003688902551490931,0.0,0.0,-0.0016988100549244819,2.618680642305037,113.0
마마23aa07ab,0.0,0.0,0.0,0.0,0.0,0.0,0.0,0.0,0.0,3.1130760722045023,62.0
마마23aa07ba,0.013245033112582781,0.0,0.0,0.0,0.0,0.0,0.0,0.0,-0.001213628252209603,2.2845975411154673,93.0
마마23aa07bb,0.0,0.0,0.0,0.0,0.0,0.0,0.0,0.0,0.0,3.1130760722045023,62.0
마마23aa08aa,0.0,0.0,0.0,0.0,0.0,0.0,0.0,0.0,0.0,3.1130760722045023,62.0
마마23aa08ab,0.006622516556291391,0.0,0.0,0.0,0.0,0.005840762373193974,0.0,0.0,-0.0013750186470700265,2.5133804873368875,98.0
마마23aa08ba,0.013245033112582781,0.0,0.0,0.0,0.0,0.0,0.0,0.0,-0.001213628252209603,2.2845975411154673,93.0
마마23aa08bb,0.0,0.0,0.0,0.0,0.0,0.0,0.0,0.0,0.0,3.1130760722045023,62.0
마마23aa09aa,0.0,0.0,0.0,0.0,0.0,0.0,0.0,0.0,0.0,3.1130760722045023,62.0
마마23aa09ab,0.0,0.0,0.0,0.0,0.0,0.0,0.0,0.0,0.0,3.1130760722045023,62.0
마마23aa09ba,0.0,0.0,0.0,0.0,0.0,0.0,0.0,0.0,0.0,3.1130760722045023,62.0
마마23aa09bb,0.0,0.0,0.0,0.0,0.0,0.0,0.0,0.0,0.0,3.1130760722045023,62.0
마마23aa10aa,0.0,0.0,0.0,0.0,0.0,0.0,0.0,0.0,0.0,3.1130760722045023,62.0
마마23aa10ab,0.0,0.0,0.0,0.0,0.0,0.0,0.0,0.0,0.0,3.1130760722045023,62.0
마마23aa10ba,0.0,0.0,0.0,0.0,0.0,0.0,0.0,0.0,0.0,3.1130760722045023,62.0
마마23aa10bb,0.0,0.0,0.0,0.0,0.0,0.0,0.0,0.0,0.0,3.1130760722045023,62.0
마마23aa11aa,0.0,0.0,0.0,0.0,0.0,0.0,0.0,0.0,0.0,3.1130760722045023,62.0
마마23aa11ab,0.0,0.0,0.0,0.0,0.0,0.0,0.0,0.0,0.0,3.1130760722045023,62.0
마마23aa11ba,0.0,0.0,0.0,0.0,0.0,0.0,0.0,0.0,0.0,3.1130760722045023,62.0
마마23aa11bb,0.0,0.0,0.0,0.0,0.0,0.0,0.0,0.0,0.0,3.1130760722045023,62.0
마마23ab00aa,0.0,0.0,0.0,0.0,0.0,0.0,0.0,0.0,0.0,3.1130760722045023,62.0
마마23ab00ab,0.0,0.0,0.0,0.0,0.0,0.0,0.0,0.0,0.0,3.1130760722045023,62.0
마마23ab00ba,0.0,0.0,0.0,0.0,0.0,0.0,0.0,0.0,0.0,3.1130760722045023,62.0
마마23ab00bb,0.0,0.0,0.0,0.0,0.0,0.0,0.0,0.0,0.0,3.1130760722045023,62.0
마마23ab01aa,0.0,0.0,0.0,0.0,0.0,0.0,0.0,0.0,0.0,3.1130760722045023,62.0
마마23ab01ab,0.0,0.0,0.0,0.0,0.0,0.0,0.0,0.0,0.0,3.1130760722045023,62.0
마마23ab01ba,0.0,0.0,0.0,0.0,0.0,0.0,0.0,0.0,0.0,3.1130760722045023,62.0
마마23ab01bb,0.0,0.0,0.0,0.0,0.0,0.0,0.0,0.0,0.0,3.1130760722045023,62.0
마마23ab02aa,0.0,0.0,0.0,0.0,0.0,0.0,0.0,0.0,0.0,3.1130760722045023,62.0
마마23ab02ab,0.0,0.0,0.0,0.0,0.0,0.0,0.0,0.0,0.0,3.1130760722045023,62.0
마마23ab02ba,0.0,0.0,0.0,0.0,0.0,0.0,0.0,0.0,0.0,3.1130760722045023,62.0
마마23ab02bb,0.0,0.0,0.0,0.0,0.0,0.0,0.0,0.0,0.0,3.1130760722045023,62.0
마마23ab03aa,0.0,0.0,0.0,0.0,0.0,0.0,0.0,0.0,0.0,3.1130760722045023,62.0
마마23ab03ab,0.046357615894039736,0.0,0.0,0.0,0.0,0.0,0.0,0.0,-0.0042476988827336104,2.011401784288219,208.0
마마23ab03ba,0.2185430463576159,0.0,0.0,0.0,0.0,0.0018444512757454655,0.0,0.0,-0.02026745706281589,1.1522790992076704,735.0
마마23ab03bb,0.059602649006622516,0.0,0.0,0.0,0.0,0.0,0.0,0.0,-0.005461327134943213,2.228727806149955,242.0
마마23ab04aa,0.0,0.0,0.0,0.0,0.0,0.0,0.0,0.0,0.0,3.1130760722045023,62.0
마마23ab04ab,0.0,0.0,0.0,0.0,0.0,0.0,0.0,0.0,0.0,3.1130760722045023,62.0
마마23ab04ba,0.0,0.0,0.0,0.0,0.0,0.0,0.0,0.0,0.0,3.1130760722045023,62.0
마마23ab04bb,0.0,0.0,0.0,0.0,0.0,0.0,0.0,0.0,0.0,3.1130760722045023,62.0
마마23ab05aa,0.07947019867549669,0.0,0.0,0.0,0.0,0.0,0.0,0.0,-0.007281769513257618,7.535394101977326,301.0
마마23ab05ab,0.0,0.0,0.0,0.0,0.0,0.0,0.0,0.0,0.0,3.1130760722045023,62.0
마마23ab05ba,0.0,0.0,0.0,0.0,0.0,0.0,0.0,0.0,0.0,3.1130760722045023,62.0
마마23ab05bb,0.0,0.0,0.0,0.0,0.0,0.0,0.0,0.0,0.0,3.1130760722045023,62.0
마마23ab06aa,0.0,0.0,0.0,0.0,0.0,0.0,0.0,0.0,0.0,3.1130760722045023,62.0
마마23ab06ab,0.0,0.0,0.0,0.0,0.0,0.0,0.0,0.0,0.0,3.1130760722045023,62.0
마마23ab06ba,0.0,0.0,0.0,0.0,0.0,0.0,0.0,0.0,0.0,3.1130760722045023,62.0
마마23ab06bb,0.0,0.0,0.0,0.0,0.0,0.0,0.0,0.0,0.0,3.1130760722045023,62.0
마마23ab07aa,0.0,0.0,0.0,0.0,0.0,0.0,0.0,0.0,0.0,3.1130760722045023,62.0
마마23ab07ab,0.0,0.0,0.0,0.0,0.0,0.0,0.0,0.0,0.0,3.1130760722045023,62.0
마마23ab07ba,0.0,0.0,0.0,0.0,0.0,0.0,0.0,0.0,0.0,3.1130760722045023,62.0
마마23ab07bb,0.0,0.0,0.0,0.0,0.0,0.0,0.0,0.0,0.0,3.1130760722045023,62.0
마마23ab08aa,0.0,0.0,0.0,0.0,0.0,0.0,0.0,0.0,0.0,3.1130760722045023,62.0
마마23ab08ab,0.006622516556291391,0.0,0.0,0.0,0.0,0.0,0.0,0.4166666666666667,-0.03728846930234199,2.667098916700048,1071.0
마마23ab08ba,0.0,0.0,0.0,0.0,0.0,0.0,0.0,0.0,0.0,3.1130760722045023,62.0
마마23ab08bb,0.0,0.0,0.0,0.0,0.0,0.0,0.0,0.0,0.0,3.1130760722045023,62.0
마마23ab09aa,0.0,0.0,0.0,0.0,0.0,0.0,0.0,0.0,0.0,3.1130760722045023,62.0
마마23ab09ab,0.0,0.0,0.0,0.0,0.0,0.0,0.0,0.0,0.0,3.1130760722045023,62.0
마마23ab09ba,0.0,0.0,0.0,0.0,0.0,0.0,0.0,0.0,0.0,3.1130760722045023,62.0
마마23ab09bb,0.0,0.0,0.0,0.0,0.0,0.0,0.0,0.0,0.0,3.1130760722045023,62.0
마마23ab10aa,0.0,0.0,0.0,0.0,0.0,0.0,0.0,0.0,0.0,3.1130760722045023,62.0
마마23ab10ab,0.0,0.0,0.0,0.0,0.0,0.0,0.0,0.0,0.0,3.1130760722045023,62.0
마마23ab10ba,0.0,0.0,0.0,0.0,0.0,0.0,0.0,0.0,0.0,3.1130760722045023,62.0
마마23ab10bb,0.0,0.0,0.0,0.0,0.0,0.0,0.0,0.0,0.0,3.1130760722045023,62.0
마마23ab11aa,0.0,0.0,0.0,0.0,0.0,0.0,0.0,0.0,0.0,3.1130760722045023,62.0
마마23ab11ab,0.0,0.0,0.0,0.0,0.0,0.002459268367660621,0.0,0.0,-0.0003234545351432526,3.1400062823452384,68.0
마마23ab11ba,0.0,0.0,0.0,0.0,0.0,0.0,0.0,0.0,0.0,3.1130760722045023,62.0
마마23ab11bb,0.0,0.0,0.0,0.0,0.0,0.0,0.0,0.0,0.0,3.1130760722045023,62.0
마마23ba00aa,0.0,0.0,0.0,0.0,0.0,0.0,0.0,0.0,0.0,3.1130760722045023,62.0
마마23ba00ab,0.0,0.0,0.0,0.0,0.0,0.0,0.0,0.0,0.0,3.1130760722045023,62.0
마마23ba00ba,0.0,0.0,0.0,0.0,0.0,0.0,0.0,0.0,0.0,3.1130760722045023,62.0
마마23ba00bb,0.0,0.0,0.0,0.0,0.0,0.0,0.0,0.0,0.0,3.1130760722045023,62.0
마마23ba01aa,0.0,0.0,0.0,0.0,0.0,0.0,0.0,0.0,0.0,3.1130760722045023,62.0
마마23ba01ab,0.0,0.0,0.0,0.0,0.0,0.0,0.0,0.0,0.0,3.1130760722045023,62.0
마마23ba01ba,0.0,0.0,0.0,0.0,0.0,0.0,0.0,0.0,0.0,3.1130760722045023,62.0
마마23ba01bb,0.0,0.0,0.0,0.0,0.0,0.0,0.0,0.0,0.0,3.1130760722045023,62.0
마마23ba02aa,0.0,0.0,0.0,0.0,0.0,0.0,0.0,0.0,0.0,3.1130760722045023,62.0
마마23ba02ab,0.0,0.0,0.0,0.0,0.0,0.0,0.0,0.0,0.0,3.1130760722045023,62.0
마마23ba02ba,0.0,0.0,0.0,0.0,0.0,0.0,0.0,0.0,0.0,3.1130760722045023,62.0
마마23ba02bb,0.0,0.0,0.0,0.0,0.0,0.0,0.0,0.0,0.0,3.1130760722045023,62.0
마마23ba03aa,0.0,0.0,0.0,0.0,0.0,0.0,0.0,0.0,0.0,3.1130760722045023,62.0
마마23ba03ab,0.006622516556291391,0.0,0.0,0.0,0.0,0.0,0.0,0.0,-0.0006068141261048015,2.2628047968481355,74.0
마마23ba03ba,0.12582781456953643,0.0,0.0,0.0,0.0,0.0,0.0,0.0,-0.011529468395991229,1.1786747273890128,438.0
마마23ba03bb,0.033112582781456956,0.0,0.0,0.0,0.0,0.0,0.0,0.0,-0.003034070630524008,2.4791925079025385,171.0
마마23ba04aa,0.0,0.0,0.0,0.0,0.0,0.0,0.0,0.0,0.0,3.1130760722045023,62.0
마마23ba04ab,0.0,0.0,0.0,0.0,0.0,0.0,0.0,0.0,0.0,3.1130760722045023,62.0
마마23ba04ba,0.0,0.0,0.0,0.0,0.0,0.0,0.0,0.0,0.0,3.1130760722045023,62.0
마마23ba04bb,0.0,0.0,0.0,0.0,0.0,0.0,0.0,0.0,0.0,3.1130760722045023,62.0
마마23ba05aa,0.0,0.0,0.0,0.0,0.0,0.0,0.0,0.0,0.0,3.1130760722045023,62.0
마마23ba05ab,0.0,0.0,0.0,0.0,0.0,0.0,0.0,0.0,0.0,3.1130760722045023,62.0
마마23ba05ba,0.0,0.0,0.0,0.0,0.0,0.0,0.0,0.0,0.0,3.1130760722045023,62.0
마마23ba05bb,0.0,0.0,0.0,0.0,0.0,0.0,0.0,0.0,0.0,3.1130760722045023,62.0
마마23ba06aa,0.0,0.0,0.0,0.0,0.0,0.0,0.0,0.0,0.0,3.1130760722045023,62.0
마마23ba06ab,0.0,0.0,0.0,0.0,0.0,0.0,0.0,0.0,0.0,3.1130760722045023,62.0
마마23ba06ba,0.0,0.0,0.0,0.0,0.0,0.0,0.0,0.0,0.0,3.1130760722045023,62.0
마마23ba06bb,0.0,0.0,0.0,0.0,0.0,0.0,0.0,0.0,0.0,3.1130760722045023,62.0
마마23ba07aa,0.0,0.0,0.0,0.0,0.0,0.0,0.0,0.0,0.0,3.1130760722045023,62.0
마마23ba07ab,0.0,0.0,0.0,0.0,0.0,0.0,0.0,0.0,0.0,3.1130760722045023,62.0
마마23ba07ba,0.0,0.0,0.0,0.0,0.0,0.0,0.0,0.0,0.0,3.1130760722045023,62.0
마마23ba07bb,0.0,0.0,0.0,0.0,0.0,0.0,0.0,0.0,0.0,3.1130760722045023,62.0
마마23ba08aa,0.0,0.0,0.0,0.0,0.0,0.0,0.0,0.0,0.0,3.1130760722045023,62.0
마마23ba08ab,0.0,0.0,0.0,0.0,0.0,0.0,0.0,0.0,0.0,3.1130760722045023,62.0
마마23ba08ba,0.0,0.0,0.0,0.0,0.0,0.0,0.0,0.0,0.0,3.1130760722045023,62.0
마마23ba08bb,0.0,0.0,0.0,0.0,0.0,0.0,0.0,0.0,0.0,3.1130760722045023,62.0
마마23ba09aa,0.0,0.0,0.0,0.0,0.0,0.0,0.0,0.0,0.0,3.1130760722045023,62.0
마마23ba09ab,0.0,0.0,0.0,0.0,0.0,0.0,0.0,0.0,0.0,3.1130760722045023,62.0
마마23ba09ba,0.0,0.0,0.0,0.0,0.0,0.0,0.0,0.0,0.0,3.1130760722045023,62.0
마마23ba09bb,0.0,0.0,0.0,0.0,0.0,0.0,0.0,0.0,0.0,3.1130760722045023,62.0
마마23ba10aa,0.0,0.0,0.0,0.0,0.0,0.0,0.0,0.0,0.0,3.1130760722045023,62.0
마마23ba10ab,0.0,0.0,0.0,0.0,0.0,0.0,0.0,0.0,0.0,3.1130760722045023,62.0
마마23ba10ba,0.0,0.0,0.0,0.0,0.0,0.0,0.0,0.0,0.0,3.1130760722045023,62.0
마마23ba10bb,0.0,0.0,0.0,0.0,0.0,0.0,0.0,0.0,0.0,3.1130760722045023,62.0
마마23ba11aa,0.046357615894039736,0.0,0.0,0.0,0.0,0.0,0.0,0.0,-0.0042476988827336104,2.011401784288219,208.0
마마23ba11ab,0.0,0.0,0.0,0.0,0.0,0.0,0.0,0.0,0.0,3.1130760722045023,62.0
마마23ba11ba,0.0,0.0,0.0,0.0,0.0,0.0,0.0,0.0,0.0,3.1130760722045023,62.0
마마23ba11bb,0.0,0.0,0.0,0.0,0.0,0.0,0.0,0.0,0.0,3.1130760722045023,62.0
마마23bb00aa,0.0,0.0,0.0,0.0,0.0,0.0,0.0,0.0,0.0,3.1130760722045023,62.0
마마23bb00ab,0.0,0.0,0.0,0.0,0.0,0.0,0.0,0.0,0.0,3.1130760722045023,62.0
마마23bb00ba,0.0,0.0,0.0,0.0,0.0,0.0,0.0,0.0,0.0,3.1130760722045023,62.0
마마23bb00bb,0.0,0.0,0.0,0.0,0.0,0.0,0.0,0.0,0.0,3.1130760722045023,62.0
마마23bb01aa,0.0,0.0,0.0,0.0,0.0,0.0,0.0,0.0,0.0,3.1130760722045023,62.0
마마23bb01ab,0.0,0.0,0.0,0.0,0.0,0.0,0.0,0.0,0.0,3.1130760722045023,62.0
마마23bb01ba,0.0,0.0,0.0,0.0,0.0,0.0,0.0,0.0,0.0,3.1130760722045023,62.0
마마23bb01bb,0.0,0.0,0.0,0.0,0.0,0.0,0.0,0.0,0.0,3.1130760722045023,62.0
마마23bb02aa,0.0,0.0,0.0,0.0,0.0,0.0,0.0,0.0,0.0,3.1130760722045023,62.0
마마23bb02ab,0.0,0.0,0.0,0.0,0.0,0.0,0.0,0.0,0.0,3.1130760722045023,62.0
마마23bb02ba,0.0,0.0,0.0,0.0,0.0,0.0,0.0,0.0,0.0,3.1130760722045023,62.0
마마23bb02bb,0.0,0.0,0.0,0.0,0.0,0.0,0.0,0.0,0.0,3.1130760722045023,62.0
마마23bb03aa,0.0,0.0,0.0,0.0,0.0,0.0,0.0,0.0,0.0,3.1130760722045023,62.0
마마23bb03ab,0.006622516556291391,0.0,0.0,0.0,0.0,0.0,0.0,0.0,-0.0006068141261048015,2.2628047968481355,74.0
마마23bb03ba,0.11258278145695365,0.0,0.0,0.0,0.0,0.0,0.0,0.0,-0.010315840143781625,2.5908635180669357,396.0
마마23bb03bb,0.006622516556291391,0.0,0.0,0.0,0.0,0.0,0.0,0.0,-0.0006068141261048015,2.2628047968481355,74.0
마마23bb04aa,0.0,0.0,0.0,0.0,0.0,0.0,0.0,0.0,0.0,3.1130760722045023,62.0
마마23bb04ab,0.0,0.0,0.0,0.0,0.0,0.0,0.0,0.0,0.0,3.1130760722045023,62.0
마마23bb04ba,0.0,0.0,0.0,0.0,0.0,0.0,0.0,0.0,0.0,3.1130760722045023,62.0
마마23bb04bb,0.0,0.0,0.0,0.0,0.0,0.0,0.0,0.0,0.0,3.1130760722045023,62.0
마마23bb05aa,0.0,0.0,0.0,0.0,0.0,0.0,0.0,0.0,0.0,3.1130760722045023,62.0
마마23bb05ab,0.0,0.0,0.0,0.0,0.0,0.0,0.0,0.0,0.0,3.1130760722045023,62.0
마마23bb05ba,0.0,0.0,0.0,0.0,0.0,0.0,0.0,0.0,0.0,3.1130760722045023,62.0
마마23bb05bb,0.0,0.0,0.0,0.0,0.0,0.0,0.0,0.0,0.0,3.1130760722045023,62.0
마마23bb06aa,0.0,0.0,0.0,0.0,0.0,0.0,0.0,0.0,0.0,3.1130760722045023,62.0
마마23bb06ab,0.0,0.0,0.0,0.0,0.0,0.0,0.0,0.0,0.0,3.1130760722045023,62.0
마마23bb06ba,0.0,0.0,0.0,0.0,0.0,0.0,0.0,0.0,0.0,3.1130760722045023,62.0
마마23bb06bb,0.0,0.0,0.0,0.0,0.0,0.0,0.0,0.0,0.0,3.1130760722045023,62.0
마마23bb07aa,0.0,0.0,0.0,0.0,0.0,0.0,0.0,0.0,0.0,3.1130760722045023,62.0
마마23bb07ab,0.0,0.0,0.0,0.0,0.0,0.0,0.0,0.0,0.0,3.1130760722045023,62.0
마마23bb07ba,0.0,0.0,0.0,0.0,0.0,0.0,0.0,0.0,0.0,3.1130760722045023,62.0
마마23bb07bb,0.0,0.0,0.0,0.0,0.0,0.0,0.0,0.0,0.0,3.1130760722045023,62.0
마마23bb08aa,0.0,0.0,0.0,0.0,0.0,0.0,0.0,0.0,0.0,3.1130760722045023,62.0
마마23bb08ab,0.0,0.0,0.0,0.0,0.0,0.0,0.0,0.0,0.0,3.1130760722045023,62.0
마마23bb08ba,0.0,0.0,0.0,0.0,0.0,0.0,0.0,0.0,0.0,3.1130760722045023,62.0
마마23bb08bb,0.0,0.0,0.0,0.0,0.0,0.0,0.0,0.0,0.0,3.1130760722045023,62.0
마마23bb09aa,0.0,0.0,0.0,0.0,0.0,0.0,0.0,0.0,0.0,3.1130760722045023,62.0
마마23bb09ab,0.0,0.0,0.0,0.0,0.0,0.0,0.0,0.0,0.0,3.1130760722045023,62.0
마마23bb09ba,0.0,0.0,0.0,0.0,0.0,0.0,0.0,0.0,0.0,3.1130760722045023,62.0
마마23bb09bb,0.0,0.0,0.0,0.0,0.0,0.0,0.0,0.0,0.0,3.1130760722045023,62.0
마마23bb10aa,0.0,0.0,0.0,0.0,0.0,0.0,0.0025906735751295338,0.0,0.00025892999231482707,3.1130760722045023,60.0
마마23bb10ab,0.0,0.0,0.0,0.0,0.0,0.0,0.0,0.0,0.0,3.1130760722045023,62.0
마마23bb10ba,0.013245033112582781,0.0,0.0,0.0,0.0,0.0,0.0,0.0,-0.001213628252209603,2.2845975411154673,93.0
마마23bb10bb,0.013245033112582781,0.0,0.0,0.0,0.0,0.002459268367660621,0.0,0.16694364158333333,-0.016234128613973248,2.3129409375284258,599.0
마마23bb11aa,0.0,0.0,0.0,0.0,0.0,0.0,0.0,0.0,0.0,3.1130760722045023,62.0
마마23bb11ab,0.0,0.0,0.0,0.0,0.0,0.0,0.0,0.0,0.0,3.1130760722045023,62.0
마마23bb11ba,0.0,0.0,0.0,0.0,0.0,0.0,0.0,0.0,0.0,3.1130760722045023,62.0
마마23bb11bb,0.0,0.0,0.0,0.0,0.0,0.0,0.0,0.0,0.0,3.1130760722045023,62.0
마마24aa00aa,0.0,0.0,0.0,0.0,0.0,0.0,0.0,0.0,0.0,3.1130760722045023,62.0
마마24aa00ab,0.0,0.0,0.0,0.0,0.0,0.0,0.0,0.0,0.0,3.1130760722045023,62.0
마마24aa00ba,0.0,0.0,0.0,0.0,0.0,0.0,0.0,0.0,0.0,3.1130760722045023,62.0
마마24aa00bb,0.006622516556291391,0.0,0.0,0.0,0.0,0.0,0.0,0.0,-0.0006068141261048015,2.2628047968481355,74.0
마마24aa01aa,0.0,0.0,0.0,0.0,0.0,0.0,0.0,0.0,0.0,3.1130760722045023,62.0
마마24aa01ab,0.0,0.0,0.0,0.0,0.0,0.0,0.0,0.0,0.0,3.1130760722045023,62.0
마마24aa01ba,0.0,0.0,0.0,0.0,0.0,0.0,0.0,0.0,0.0,3.1130760722045023,62.0
마마24aa01bb,0.0,0.0,0.0,0.0,0.0,0.0,0.0,0.0,0.0,3.1130760722045023,62.0
마마24aa02aa,0.0,0.0,0.0,0.0,0.0,0.0,0.0,0.0,0.0,3.1130760722045023,62.0
마마24aa02ab,0.0,0.0,0.0,0.0,0.0,0.0,0.0,0.0,0.0,3.1130760722045023,62.0
마마24aa02ba,0.006622516556291391,0.0,0.0,0.0,0.0,0.0,0.0,0.0,-0.0006068141261048015,2.2628047968481355,74.0
마마24aa02bb,0.0,0.0,0.0,0.0,0.0,0.0,0.0,0.0,0.0,3.1130760722045023,62.0
마마24aa03aa,0.0,0.0,0.0,0.0,0.0,0.0,0.0,0.0,0.0,3.1130760722045023,62.0
마마24aa03ab,0.07947019867549669,0.0,0.0,0.0,0.0,0.0027666769136181985,0.0,0.0,-0.007645655865293777,7.175191553304999,308.0
마마24aa03ba,0.006622516556291391,0.0,0.0,0.0,0.0,0.015985244389794036,0.0,0.0,-0.002709268604535944,2.7937036125622545,154.0
마마24aa03bb,0.013245033112582781,0.0,0.0,0.0,0.0,0.0018444512757454655,0.0,0.0,-0.0014562191535670425,2.3736648626827885,101.0
마마24aa04aa,0.0,0.0,0.0,0.0,0.0,0.0,0.0,0.0,0.0,3.1130760722045023,62.0
마마24aa04ab,0.0,0.0,0.0,0.0,0.0,0.0,0.0,0.0,0.0,3.1130760722045023,62.0
마마24aa04ba,0.0,0.0,0.0,0.0,0.0,0.0,0.0,0.0,0.0,3.1130760722045023,62.0
마마24aa04bb,0.0,0.0,0.0,0.0,0.0,0.0,0.0,0.0,0.0,3.1130760722045023,62.0
마마24aa05aa,0.0,0.0,0.0,0.0,0.0,0.0,0.0,0.0,0.0,3.1130760722045023,62.0
마마24aa05ab,0.0,0.0,0.0,0.0,0.0,0.0,0.0,0.0,0.0,3.1130760722045023,62.0
마마24aa05ba,0.0,0.0,0.0,0.0,0.0,0.0,0.0,0.0,0.0,3.1130760722045023,62.0
마마24aa05bb,0.0,0.0,0.0,0.0,0.0,0.0,0.0,0.0,0.0,3.1130760722045023,62.0
마마24aa06aa,0.0,0.0,0.0,0.0,0.0,0.0,0.0,0.0,0.0,3.1130760722045023,62.0
마마24aa06ab,0.0,0.0,0.0,0.0,0.0,0.0,0.0,0.0,0.0,3.1130760722045023,62.0
마마24aa06ba,0.0,0.0,0.0,0.0,0.0,0.0,0.0,0.0,0.0,3.1130760722045023,62.0
마마24aa06bb,0.0,0.0,0.0,0.0,0.0,0.0,0.0,0.0,0.0,3.1130760722045023,62.0
마마24aa07aa,0.0,0.0,0.0,0.0,0.0,0.0,0.0,0.0,0.0,3.1130760722045023,62.0
마마24aa07ab,0.0,0.0,0.0,0.0,0.0,0.0,0.0,0.0,0.0,3.1130760722045023,62.0
마마24aa07ba,0.0,0.0,0.0,0.0,0.0,0.0,0.0,0.0,0.0,3.1130760722045023,62.0
마마24aa07bb,0.0,0.0,0.0,0.0,0.0,0.0,0.0,0.0,0.0,3.1130760722045023,62.0
마마24aa08aa,0.0,0.0,0.0,0.0,0.0,0.0,0.0,0.0,0.0,3.1130760722045023,62.0
마마24aa08ab,0.0,0.0,0.0,0.0,0.0,0.0,0.0,0.0,0.0,3.1130760722045023,62.0
마마24aa08ba,0.0,0.0,0.0,0.0,0.0,0.0,0.0,0.0,0.0,3.1130760722045023,62.0
마마24aa08bb,0.0,0.0,0.0,0.0,0.0,0.0,0.0,0.0,0.0,3.1130760722045023,62.0
마마24aa09aa,0.0,0.0,0.0,0.0,0.0,0.0,0.0,0.0,0.0,3.1130760722045023,62.0
마마24aa09ab,0.0,0.0,0.0,0.0,0.0,0.0,0.0,0.0,0.0,3.1130760722045023,62.0
마마24aa09ba,0.0,0.0,0.0,0.0,0.0,0.0,0.0,0.0,0.0,3.1130760722045023,62.0
마마24aa09bb,0.0,0.0,0.0,0.0,0.0,0.0,0.0,0.0,0.0,3.1130760722045023,62.0
마마24aa10aa,0.0,0.0,0.0,0.0,0.0,0.0,0.0,0.0,0.0,3.1130760722045023,62.0
마마24aa10ab,0.0,0.0,0.0,0.0,0.0,0.0,0.0,0.0,0.0,3.1130760722045023,62.0
마마24aa10ba,0.006622516556291391,0.0,0.0,0.0,0.0,0.0,0.0,0.0,-0.0006068141261048015,2.2628047968481355,74.0
마마24aa10bb,0.013245033112582781,0.0,0.0,0.0,0.0,0.0,0.0,0.0,-0.001213628252209603,2.2845975411154673,93.0
마마24aa11aa,0.0,0.0,0.0,0.0,0.0,0.0,0.0,0.0,0.0,3.1130760722045023,62.0
마마24aa11ab,0.0,0.0,0.0,0.0,0.0,0.0,0.0,0.0,0.0,3.1130760722045023,62.0
마마24aa11ba,0.0,0.0,0.0,0.0,0.0,0.0,0.0,0.0,0.0,3.1130760722045023,62.0
마마24aa11bb,0.0,0.0,0.0,0.0,0.0,0.0,0.0,0.0,0.0,3.1130760722045023,62.0
마마24ab00aa,0.013245033112582781,0.0,0.0,0.0,0.0,0.0,0.0,0.0,-0.001213628252209603,2.2845975411154673,93.0
마마24ab00ab,0.0,0.0,0.0,0.0,0.0,0.0,0.0,0.1963631985,-0.017287025128032034,3.1879114840819356,636.0
마마24ab00ba,0.039735099337748346,0.0,0.0,0.0,0.0,0.0,0.0,0.0,-0.003640884756628809,2.55175305519838,192.0
마마24ab00bb,0.026490066225165563,0.0,0.0,0.0,0.0,0.0,0.0,0.2375,-0.0233357999548744,2.5877692921849125,820.0
마마24ab01aa,0.0728476821192053,0.0,0.0,0.0,0.0,0.0,0.0,0.0,-0.0066749553871528165,2.317230044652193,286.0
마마24ab01ab,0.013245033112582781,0.0,0.0,0.0,0.0,0.003381494005533354,0.0,0.0,-0.0016583782380315754,2.4546057390093985,112.0
마마24ab01ba,0.0,0.0,0.0,0.0,0.0,0.0,0.0,0.0,0.0,3.1130760722045023,62.0
마마24ab01bb,0.0,0.0,0.0,0.0,0.0,0.0,0.0,0.0,0.0,3.1130760722045023,62.0
마마24ab02aa,0.0,0.0,0.0,0.0,0.0,0.0,0.0,0.0,0.0,3.1130760722045023,62.0
마마24ab02ab,0.013245033112582781,0.0,0.0,0.0,0.0,0.0,0.0,0.0,-0.001213628252209603,2.2845975411154673,93.0
마마24ab02ba,0.11258278145695365,0.0,0.0,0.0,0.0,0.0,0.0,0.0,-0.010315840143781625,2.5908635180669357,396.0
마마24ab02bb,0.07947019867549669,0.0,0.0,0.0,0.0,0.0,0.0,0.0,-0.007281769513257618,7.535394101977326,301.0
마마24ab03aa,0.08609271523178808,0.08,0.0,0.0,0.0,0.0,0.0,0.0,-0.0151848644974765,7.120565413498792,566.0
마마24ab03ab,0.06622516556291391,0.0,0.0,0.0,0.0,0.0,0.0,0.0,-0.006068141261048016,2.23893334135549,266.0
마마24ab03ba,0.019867549668874173,0.0,0.0,0.0,0.0,0.009222256378727329,0.0,0.0,-0.003033396885101602,2.660529611524171,170.0
마마24ab03bb,0.013245033112582781,0.0,0.0,0.0,0.0,0.005533353827236397,0.0,0.0,-0.0019414009562819215,2.521528542959531,123.0
마마24ab04aa,0.0,0.0,0.0,0.0,0.0,0.0,0.0,0.0,0.0,3.1130760722045023,62.0
마마24ab04ab,0.0,0.0,0.0,0.0,0.0,0.0,0.0,0.0,0.0,3.1130760722045023,62.0
마마24ab04ba,0.0,0.0,0.0,0.0,0.0,0.0,0.0,0.0,0.0,3.1130760722045023,62.0
마마24ab04bb,0.0,0.0,0.0,0.0,0.0,0.0,0.0,0.0,0.0,3.1130760722045023,62.0
마마24ab05aa,0.0,0.0,0.0,0.0,0.0,0.0,0.0,0.0,0.0,3.1130760722045023,62.0
마마24ab05ab,0.0,0.0,0.0,0.0,0.0,0.0,0.0,0.0,0.0,3.1130760722045023,62.0
마마24ab05ba,0.0,0.0,0.0,0.0,0.0,0.0,0.0,0.0,0.0,3.1130760722045023,62.0
마마24ab05bb,0.0,0.0,0.0,0.0,0.0,0.0,0.0,0.0,0.0,3.1130760722045023,62.0
마마24ab06aa,0.0,0.0,0.0,0.0,0.0,0.0,0.0,0.0,0.0,3.1130760722045023,62.0
마마24ab06ab,0.0,0.0,0.0,0.0,0.0,0.0,0.0,0.0,0.0,3.1130760722045023,62.0
마마24ab06ba,0.0,0.0,0.0,0.0,0.0,0.0,0.0,0.0,0.0,3.1130760722045023,62.0
마마24ab06bb,0.0,0.0,0.0,0.0,0.0,0.0,0.0,0.0,0.0,3.1130760722045023,62.0
마마24ab07aa,0.0,0.0,0.0,0.0,0.0,0.0,0.0,0.0,0.0,3.1130760722045023,62.0
마마24ab07ab,0.0,0.0,0.0,0.0,0.0,0.0,0.0,0.0,0.0,3.1130760722045023,62.0
마마24ab07ba,0.0,0.0,0.0,0.0,0.0,0.0,0.0,0.0,0.0,3.1130760722045023,62.0
마마24ab07bb,0.0,0.0,0.0,0.0,0.0,0.0,0.0,0.0,0.0,3.1130760722045023,62.0
마마24ab08aa,0.0,0.0,0.0,0.0,0.0,0.0,0.0,0.0,0.0,3.1130760722045023,62.0
마마24ab08ab,0.0,0.0,0.0,0.0,0.0,0.0,0.0,0.0,0.0,3.1130760722045023,62.0
마마24ab08ba,0.0,0.0,0.0,0.0,0.0,0.0,0.0,0.0,0.0,3.1130760722045023,62.0
마마24ab08bb,0.0,0.0,0.0,0.0,0.0,0.0,0.0,0.0,0.0,3.1130760722045023,62.0
마마24ab09aa,0.0,0.0,0.0,0.0,0.0,0.0,0.0,0.0,0.0,3.1130760722045023,62.0
마마24ab09ab,0.0,0.0,0.0,0.0,0.0,0.0,0.0,0.0,0.0,3.1130760722045023,62.0
마마24ab09ba,0.0,0.0,0.0,0.0,0.0,0.0,0.0,0.0,0.0,3.1130760722045023,62.0
마마24ab09bb,0.0,0.0,0.0,0.0,0.0,0.0,0.0,0.0,0.0,3.1130760722045023,62.0
마마24ab10aa,0.0,0.0,0.0,0.0,0.0,0.0,0.0,0.0,0.0,3.1130760722045023,62.0
마마24ab10ab,0.0,0.0,0.0,0.0,0.0,0.0,0.0,0.0,0.0,3.1130760722045023,62.0
마마24ab10ba,0.0,0.0,0.0,0.0,0.0,0.0,0.0,0.0,0.0,3.1130760722045023,62.0
마마24ab10bb,0.0,0.0,0.0,0.0,0.0,0.0,0.0,0.0,0.0,3.1130760722045023,62.0
마마24ab11aa,0.0,0.0,0.0,0.0,0.0,0.0,0.0,0.0,0.0,3.1130760722045023,62.0
마마24ab11ab,0.0,0.0,0.0,0.0,0.0,0.0,0.0,0.0,0.0,3.1130760722045023,62.0
마마24ab11ba,0.0,0.0,0.0,0.0,0.0,0.0,0.0,0.0,0.0,3.1130760722045023,62.0
마마24ba00aa,0.0,0.0,0.0,0.0,0.0,0.0,0.0,0.0,0.0,3.1130760722045023,62.0
마마24ba00ab,0.006622516556291391,0.0,0.0,0.0,0.0,0.0030740854595757753,0.0,0.0,-0.0010111322950338672,2.399348841046791,84.0
마마24ba00ba,0.17218543046357615,0.12,0.0,0.0,0.0,0.0,0.0,0.31897158000000003,-0.05480256178648689,4.149526251526253,1224.0
마마24ba00bb,0.09933774834437085,0.08,0.0,0.0,0.0,0.0,0.0,0.0,-0.016398492749686105,7.393816590892825,608.0
마마24ba01aa,0.12582781456953643,0.0,0.0,0.0,0.0,0.0,0.0,0.0,-0.011529468395991229,1.1786747273890128,438.0
마마24ba01ab,0.033112582781456956,0.0,0.0,0.0,0.0,0.005840762373193974,0.0,0.0,-0.0038022751514892325,2.6880569942515153,197.0
마마24ba01ba,0.0,0.0,0.0,0.0,0.0,0.0,0.0,0.0,0.0,3.1130760722045023,62.0
마마24ba01bb,0.0,0.0,0.0,0.0,0.0,0.0021518598217030436,0.0,0.0,-0.00028302271825034604,3.1019183702573265,67.0
마마24ba02aa,0.0,0.0,0.0,0.0,0.0,0.0,0.0,0.0,0.0,3.1130760722045023,62.0
마마24ba02ab,0.0,0.0,0.0,0.0,0.0,0.0,0.0,0.0,0.0,3.1130760722045023,62.0
마마24ba02ba,0.013245033112582781,0.12,0.0,0.0,0.0,0.0,0.0,0.0,-0.012158049539380725,4.380940349142982,456.0
마마24ba02bb,0.08609271523178808,0.0,0.0,0.0,0.0,0.0,0.0,0.0,-0.007888583639362418,7.535394101977326,320.0
마마24ba03aa,0.271523178807947,0.04,0.0,0.0,0.0,0.0021518598217030436,0.0,0.0,-0.028810542317604246,3.8429690679690705,947.0
마마24ba03ab,0.09933774834437085,0.0,0.0,0.0,0.0,0.0030740854595757753,0.0,0.0,-0.009506530060501088,7.658376528281179,371.0
마마24ba03ba,0.019867549668874173,0.0,0.0,0.0,0.0,0.0,0.0,0.0,-0.0018204423783144046,2.235757445615273,118.0
마마24ba03bb,0.0,0.0,0.0,0.0,0.0,0.0018444512757454655,0.023316062176165803,0.0,0.0020877790294760038,3.366048568643935,48.0
마마24ba04aa,0.0,0.0,0.0,0.0,0.0,0.0,0.0,0.0,0.0,3.1130760722045023,62.0
마마24ba04ab,0.0,0.0,0.0,0.0,0.0,0.0,0.0,0.0,0.0,3.1130760722045023,62.0
마마24ba04ba,0.0,0.0,0.0,0.0,0.0,0.0,0.0,0.0,0.0,3.1130760722045023,62.0
마마24ba04bb,0.0,0.0,0.0,0.0,0.0,0.0,0.0,0.0,0.0,3.1130760722045023,62.0
마마24ba05aa,0.0,0.0,0.0,0.0,0.0,0.0,0.0,0.0,0.0,3.1130760722045023,62.0
마마24ba05ab,0.0,0.0,0.0,0.0,0.0,0.0,0.0,0.0,0.0,3.1130760722045023,62.0
마마24ba05ba,0.0,0.0,0.0,0.0,0.0,0.0,0.0,0.0,0.0,3.1130760722045023,62.0
마마24ba05bb,0.0,0.0,0.0,0.0,0.0,0.0,0.0,0.0,0.0,3.1130760722045023,62.0
마마24ba06aa,0.0,0.0,0.0,0.0,0.0,0.0,0.0,0.0,0.0,3.1130760722045023,62.0
마마24ba06ab,0.0,0.0,0.0,0.0,0.0,0.0,0.0,0.0,0.0,3.1130760722045023,62.0
마마24ba06ba,0.0,0.0,0.0,0.0,0.0,0.0,0.0,0.0,0.0,3.1130760722045023,62.0
마마24ba06bb,0.0,0.0,0.0,0.0,0.0,0.0,0.0,0.0,0.0,3.1130760722045023,62.0
마마24ba07aa,0.0,0.0,0.0,0.0,0.0,0.0,0.0,0.0,0.0,3.1130760722045023,62.0
마마24ba07ab,0.0,0.0,0.0,0.0,0.0,0.0,0.0,0.0,0.0,3.1130760722045023,62.0
마마24ba07ba,0.0,0.0,0.0,0.0,0.0,0.0,0.0,0.13333333333333333,-0.011738129656395898,3.056487806668868,444.0
마마24ba07bb,0.0,0.0,0.0,0.0,0.0,0.0,0.0,0.0,0.0,3.1130760722045023,62.0
마마24ba08aa,0.0,0.0,0.0,0.0,0.0,0.0,0.0,0.0,0.0,3.1130760722045023,62.0
마마24ba08ab,0.0,0.0,0.0,0.0,0.0,0.0,0.0,0.0,0.0,3.1130760722045023,62.0
마마24ba08ba,0.0,0.0,0.0,0.0,0.0,0.0,0.0,0.0,0.0,3.1130760722045023,62.0
마마24ba08bb,0.0,0.0,0.0,0.0,0.0,0.0,0.0,0.0,0.0,3.1130760722045023,62.0
마마24ba09aa,0.0,0.0,0.0,0.0,0.0,0.0,0.0,0.0,0.0,3.1130760722045023,62.0
마마24ba09ab,0.0,0.0,0.0,0.0,0.0,0.0,0.0,0.0,0.0,3.1130760722045023,62.0
마마24ba09ba,0.0,0.0,0.0,0.0,0.0,0.0,0.0,0.0,0.0,3.1130760722045023,62.0
마마24ba09bb,0.0,0.0,0.0,0.0,0.0,0.0,0.0,0.0,0.0,3.1130760722045023,62.0
마마24ba10aa,0.0,0.0,0.0,0.0,0.0,0.0,0.0,0.0,0.0,3.1130760722045023,62.0
마마24ba10ab,0.0,0.0,0.0,0.0,0.0,0.0,0.0,0.0,0.0,3.1130760722045023,62.0
마마24ba10ba,0.0,0.0,0.0,0.0,0.0,0.0,0.0,0.0,0.0,3.1130760722045023,62.0
마마24ba10bb,0.0,0.0,0.0,0.0,0.0,0.0,0.0,0.0,0.0,3.1130760722045023,62.0
마마24ba11aa,0.0,0.0,0.0,0.0,0.0,0.0,0.0,0.0,0.0,3.1130760722045023,62.0
마마24bb00aa,0.0,0.0,0.0,0.0,0.0,0.0,0.0,0.0,0.0,3.1130760722045023,62.0
마마24bb00ab,0.0,0.0,0.0,0.0,0.0,0.0,0.0,0.0,0.0,3.1130760722045023,62.0
마마24bb00ba,0.0728476821192053,0.0,0.0,0.0,0.0,0.0,0.0,0.0,-0.0066749553871528165,2.317230044652193,286.0
마마24bb00bb,0.13245033112582782,0.0,0.0,0.0,0.0,0.0,0.0,0.0,-0.012136282522096031,1.1786747273890128,454.0
마마24bb01aa,0.12582781456953643,0.0,0.0,0.0,0.0,0.0,0.0,0.0,-0.011529468395991229,1.1786747273890128,438.0
마마24bb01ab,0.15894039735099338,0.0,0.0,0.0,0.0,0.0,0.0,0.1938945086666667,-0.031633230644459075,0.8728116010973159,998.0
마마24bb01ba,0.0728476821192053,0.0,0.0,0.0,0.0,0.0,0.0,0.0,-0.0066749553871528165,2.317230044652193,286.0
마마24bb01bb,0.2582781456953642,0.0,0.0,0.0,0.0,0.0,0.0,0.0,-0.02366575091808726,1.3106368525654242,831.0
마마24bb02aa,0.152317880794702,0.0,0.0,0.0,0.0,0.0018444512757454655,0.0,0.3911669075,-0.04863607488321603,1.6574790526933392,1176.0
마마24bb02ab,0.046357615894039736,0.0,0.0,0.0,0.0,0.0,0.0,0.0,-0.0042476988827336104,2.011401784288219,208.0
마마24bb02ba,0.11258278145695365,0.08,0.0,0.0,0.0,0.0,0.0,0.0,-0.017612121001895707,4.001972812901385,646.0
마마24bb02bb,0.15894039735099338,0.0,0.0,0.0,0.0,0.0,0.0,0.0,-0.014563539026515237,1.202700344628916,541.0
마마24bb03aa,0.11920529801324503,0.0,0.0,0.0,0.0,0.0,0.0,0.0,-0.010922654269886426,1.1786747273890128,417.0
마마24bb03ab,0.13245033112582782,0.0,0.0,0.0,0.0,0.0021518598217030436,0.0,0.0,-0.012419305240346377,1.1335831522974378,464.0
마마24bb03ba,0.013245033112582781,0.0,0.0,0.0,0.0,0.0,0.0,0.0,-0.001213628252209603,2.2845975411154673,93.0
마마24bb03bb,0.0,0.0,0.0,0.0,0.0,0.0,0.0,0.0,0.0,3.1130760722045023,62.0
마마24bb04aa,0.0,0.0,0.0,0.0,0.0,0.0,0.0,0.0,0.0,3.1130760722045023,62.0
마마24bb04ab,0.0,0.0,0.0,0.0,0.0,0.0,0.0,0.0,0.0,3.1130760722045023,62.0
마마24bb04ba,0.0,0.0,0.0,0.0,0.0,0.0,0.0,0.0,0.0,3.1130760722045023,62.0
마마24bb04bb,0.0,0.0,0.0,0.0,0.0,0.0,0.0,0.0,0.0,3.1130760722045023,62.0
마마24bb05aa,0.0,0.0,0.0,0.0,0.0,0.0,0.0,0.0,0.0,3.1130760722045023,62.0
마마24bb05ab,0.0,0.0,0.0,0.0,0.0,0.0,0.0,0.0,0.0,3.1130760722045023,62.0
마마24bb05ba,0.0,0.0,0.0,0.0,0.0,0.0,0.0,0.0,0.0,3.1130760722045023,62.0
마마24bb05bb,0.0,0.0,0.0,0.0,0.0,0.0,0.0,0.0,0.0,3.1130760722045023,62.0
마마24bb06aa,0.0,0.0,0.0,0.0,0.0,0.0,0.0,0.0,0.0,3.1130760722045023,62.0
마마24bb06ab,0.0,0.0,0.0,0.0,0.0,0.0,0.0,0.0,0.0,3.1130760722045023,62.0
마마24bb06ba,0.0,0.0,0.0,0.0,0.0,0.0,0.0,0.0,0.0,3.1130760722045023,62.0
마마24bb06bb,0.0,0.0,0.0,0.0,0.0,0.0,0.0,0.0,0.0,3.1130760722045023,62.0
마마24bb07aa,0.0,0.0,0.0,0.0,0.0,0.0,0.0,0.0,0.0,3.1130760722045023,62.0
마마24bb07ab,0.0,0.0,0.0,0.0,0.0,0.0,0.0,0.0,0.0,3.1130760722045023,62.0
마마24bb07ba,0.0,0.0,0.0,0.0,0.0,0.0,0.0,0.0,0.0,3.1130760722045023,62.0
마마24bb07bb,0.0,0.0,0.0,0.0,0.0,0.0,0.0,0.0,0.0,3.1130760722045023,62.0
마마24bb08aa,0.0,0.0,0.0,0.0,0.0,0.0,0.0,0.0,0.0,3.1130760722045023,62.0
마마24bb08ab,0.0,0.0,0.0,0.0,0.0,0.0,0.0,0.0,0.0,3.1130760722045023,62.0
마마24bb08ba,0.0,0.0,0.0,0.0,0.0,0.0,0.0,0.0,0.0,3.1130760722045023,62.0
마마24bb08bb,0.0,0.0,0.0,0.0,0.0,0.0,0.0,0.0,0.0,3.1130760722045023,62.0
마마24bb09aa,0.0,0.0,0.0,0.0,0.0,0.0,0.0,0.0,0.0,3.1130760722045023,62.0
마마24bb09ab,0.0,0.0,0.0,0.0,0.0,0.0,0.0,0.0,0.0,3.1130760722045023,62.0
마마24bb09ba,0.0,0.0,0.0,0.0,0.0,0.0,0.0,0.0,0.0,3.1130760722045023,62.0
마마24bb09bb,0.0,0.0,0.0,0.0,0.0,0.0,0.0,0.0,0.0,3.1130760722045023,62.0
마마24bb10aa,0.0,0.0,0.0,0.0,0.0,0.0,0.0,0.0,0.0,3.1130760722045023,62.0
마마24bb10ab,0.0,0.0,0.0,0.0,0.0,0.0,0.0,0.0,0.0,3.1130760722045023,62.0
마마25aa00aa,0.006622516556291391,0.0,0.0,0.0,0.0,0.0,0.0,0.0,-0.0006068141261048015,2.2628047968481355,74.0
마마25aa00ab,0.0,0.0,0.0,0.0,0.0,0.0,0.0,0.0,0.0,3.1130760722045023,62.0
마마25aa00ba,0.0,0.0,0.0,0.0,0.0,0.0,0.0,0.0,0.0,3.1130760722045023,62.0
마마25aa00bb,0.0,0.0,0.0,0.0,0.0,0.0,0.0,0.0,0.0,3.1130760722045023,62.0
마마25aa01aa,0.11258278145695365,0.0,0.0,0.0,0.0,0.0,0.0,0.0,-0.010315840143781625,2.5908635180669357,396.0
마마25aa01ab,0.2582781456953642,0.0,0.0,0.0,0.0,0.003688902551490931,0.0,0.175,-0.03955722789482175,0.8344991992134855,1095.0
마마25aa01ba,0.2251655629139073,0.0,0.0,0.0,0.0,0.0,0.0,0.0,-0.02063168028756325,1.202700344628916,748.0
마마25aa01bb,0.23178807947019867,0.0,0.0,0.0,0.0,0.0,0.0,0.0,-0.02123849441366805,1.202700344628916,765.0
마마25aa02aa,0.2913907284768212,0.0,0.0,0.0,0.0,0.0,0.0,0.43301420999999995,-0.06482064859892507,2.1250315557458412,1282.0
마마25aa02ab,0.13245033112582782,0.0,0.0,0.0,0.0,0.0,0.0,0.0,-0.012136282522096031,1.1786747273890128,454.0
마마25aa02ba,0.11920529801324503,0.04,0.0,0.0,0.0,0.0,0.0,0.0,-0.014570794698943467,3.4476635943421643,542.0
마마25aa02bb,0.033112582781456956,0.0,0.0,0.0,0.0,0.0018444512757454655,0.0,0.0,-0.003276661531881447,2.5490290602390915,176.0
마마25aa03aa,0.0,0.0,0.0,0.0,0.0,0.0,0.0,0.0,0.0,3.1130760722045023,62.0
마마25aa03ab,0.0,0.0,0.0,0.0,0.0,0.0,0.0,0.0,0.0,3.1130760722045023,62.0
마마25aa03ba,0.0,0.0,0.0,0.0,0.0,0.0,0.0,0.0,0.0,3.1130760722045023,62.0
마마25aa03bb,0.0,0.0,0.0,0.0,0.0,0.0,0.0,0.0,0.0,3.1130760722045023,62.0
마마25aa04aa,0.0,0.0,0.0,0.0,0.0,0.0,0.0,0.0,0.0,3.1130760722045023,62.0
마마25aa04ab,0.0,0.0,0.0,0.0,0.0,0.0,0.0,0.0,0.0,3.1130760722045023,62.0
마마25aa04ba,0.0,0.0,0.0,0.0,0.0,0.0,0.0,0.0,0.0,3.1130760722045023,62.0
마마25aa04bb,0.0,0.0,0.0,0.0,0.0,0.0,0.0,0.0,0.0,3.1130760722045023,62.0
마마25aa05aa,0.0,0.0,0.0,0.0,0.0,0.0,0.0,0.0,0.0,3.1130760722045023,62.0
마마25aa05ab,0.0,0.0,0.0,0.0,0.0,0.0,0.0,0.0,0.0,3.1130760722045023,62.0
마마25aa05ba,0.0,0.0,0.0,0.0,0.0,0.0,0.0,0.0,0.0,3.1130760722045023,62.0
마마25aa05bb,0.0,0.0,0.0,0.0,0.0,0.0,0.0,0.0,0.0,3.1130760722045023,62.0
마마25aa06aa,0.0,0.0,0.0,0.0,0.0,0.0,0.0,0.0,0.0,3.1130760722045023,62.0
마마25aa06ab,0.0,0.0,0.0,0.0,0.0,0.0,0.0,0.0,0.0,3.1130760722045023,62.0
마마25aa06ba,0.0,0.0,0.0,0.0,0.0,0.0,0.0,0.0,0.0,3.1130760722045023,62.0
마마25aa06bb,0.0,0.0,0.0,0.0,0.0,0.0,0.0,0.0,0.0,3.1130760722045023,62.0
마마25aa07aa,0.0,0.0,0.0,0.0,0.0,0.0,0.0,0.0,0.0,3.1130760722045023,62.0
마마25aa07ab,0.0,0.0,0.0,0.0,0.0,0.0,0.0,0.0,0.0,3.1130760722045023,62.0
마마25aa07ba,0.0,0.0,0.0,0.0,0.0,0.0,0.0,0.0,0.0,3.1130760722045023,62.0
마마25aa07bb,0.0,0.0,0.0,0.0,0.0,0.0,0.0,0.0,0.0,3.1130760722045023,62.0
마마25aa08aa,0.0,0.0,0.0,0.0,0.0,0.0,0.0,0.0,0.0,3.1130760722045023,62.0
마마25aa08ab,0.0,0.0,0.0,0.0,0.0,0.0,0.0,0.0,0.0,3.1130760722045023,62.0
마마25aa08ba,0.0,0.0,0.0,0.0,0.0,0.0,0.0,0.0,0.0,3.1130760722045023,62.0
마마25aa08bb,0.0,0.0,0.0,0.0,0.0,0.0,0.0,0.0,0.0,3.1130760722045023,62.0
마마25aa09aa,0.0,0.0,0.0,0.0,0.0,0.0,0.0,0.0,0.0,3.1130760722045023,62.0
마마25aa09ab,0.0,0.0,0.0,0.0,0.0,0.0,0.0,0.0,0.0,3.1130760722045023,62.0
마마25ab00aa,0.006622516556291391,0.0,0.0,0.0,0.0,0.0,0.0,0.0,-0.0006068141261048015,2.2628047968481355,74.0
마마25ab00ab,0.0,0.0,0.0,0.0,0.0,0.0,0.0,0.0,0.0,3.1130760722045023,62.0
마마25ab00ba,0.0,0.0,0.0,0.0,0.0,0.0,0.0,0.12941955683333334,-0.011393576536372234,3.056487806668868,434.0
마마25ab00bb,0.1390728476821192,0.0,0.0,0.0,0.0,0.0,0.015544041450777202,0.0,-0.011189516694311868,2.2715990015275747,426.0
마마25ab01aa,0.059602649006622516,0.0,0.0,0.0,0.0,0.0,0.0,0.19661006741666667,-0.022770085608115005,2.3791428670515438,803.0
마마25ab01ab,0.006622516556291391,0.0,0.0,0.0,0.0,0.0,0.0,0.0,-0.0006068141261048015,2.2628047968481355,74.0
마마25ab01ba,0.046357615894039736,0.0,0.0,0.0,0.0,0.0,0.0,0.0,-0.0042476988827336104,2.011401784288219,208.0
마마25ab01bb,0.026490066225165563,0.0,0.0,0.0,0.0,0.0,0.0,0.0,-0.002427256504419206,2.235757445615273,144.0
마마25ab02aa,0.08609271523178808,0.0,0.0,0.0,0.0,0.0,0.0,0.0,-0.007888583639362418,7.535394101977326,320.0
마마25ab02ab,0.13245033112582782,0.0,0.0,0.0,0.0,0.0,0.0,0.0,-0.012136282522096031,1.1786747273890128,454.0
마마25ab02ba,0.026490066225165563,0.0,0.0,0.0,0.0,0.0,0.0,0.0,-0.002427256504419206,2.235757445615273,144.0
마마25ab02bb,0.039735099337748346,0.0,0.0,0.0,0.0,0.0,0.0,0.0,-0.003640884756628809,2.55175305519838,192.0
마마25ab03aa,0.0,0.0,0.0,0.0,0.0,0.0,0.0,0.0,0.0,3.1130760722045023,62.0
마마25ab03ab,0.0,0.0,0.0,0.0,0.0,0.0,0.0,0.0,0.0,3.1130760722045023,62.0
마마25ab03ba,0.0,0.0,0.0,0.0,0.0,0.0,0.0,0.0,0.0,3.1130760722045023,62.0
마마25ab03bb,0.0,0.0,0.0,0.0,0.0,0.0,0.0,0.0,0.0,3.1130760722045023,62.0
마마25ab04aa,0.0,0.0,0.0,0.0,0.0,0.0,0.0,0.0,0.0,3.1130760722045023,62.0
마마25ab04ab,0.0,0.0,0.0,0.0,0.0,0.0,0.0,0.0,0.0,3.1130760722045023,62.0
마마25ab04ba,0.0,0.0,0.0,0.0,0.0,0.0,0.0,0.0,0.0,3.1130760722045023,62.0
마마25ab04bb,0.0,0.0,0.0,0.0,0.0,0.0,0.0,0.0,0.0,3.1130760722045023,62.0
마마25ab05aa,0.0,0.0,0.0,0.0,0.0,0.0,0.0,0.0,0.0,3.1130760722045023,62.0
마마25ab05ab,0.0,0.0,0.0,0.0,0.0,0.0,0.0,0.0,0.0,3.1130760722045023,62.0
마마25ab05ba,0.0,0.0,0.0,0.0,0.0,0.0,0.0,0.0,0.0,3.1130760722045023,62.0
마마25ab05bb,0.0,0.0,0.0,0.0,0.0,0.0,0.0,0.0,0.0,3.1130760722045023,62.0
마마25ab06aa,0.0,0.0,0.0,0.0,0.0,0.0,0.0,0.0,0.0,3.1130760722045023,62.0
마마25ab06ab,0.0,0.0,0.0,0.0,0.0,0.0,0.0,0.0,0.0,3.1130760722045023,62.0
마마25ab06ba,0.0,0.0,0.0,0.0,0.0,0.0,0.0,0.0,0.0,3.1130760722045023,62.0
마마25ab06bb,0.0,0.0,0.0,0.0,0.0,0.0,0.0,0.0,0.0,3.1130760722045023,62.0
마마25ab07aa,0.0,0.0,0.0,0.0,0.0,0.0,0.0,0.0,0.0,3.1130760722045023,62.0
마마25ab07ab,0.0,0.0,0.0,0.0,0.0,0.0,0.0,0.0,0.0,3.1130760722045023,62.0
마마25ab07ba,0.0,0.0,0.0,0.0,0.0,0.0,0.0,0.0,0.0,3.1130760722045023,62.0
마마25ab07bb,0.0,0.0,0.0,0.0,0.0,0.0,0.0,0.0,0.0,3.1130760722045023,62.0
마마25ab08aa,0.0,0.0,0.0,0.0,0.0,0.0,0.0,0.0,0.0,3.1130760722045023,62.0
마마25ab08ab,0.0,0.0,0.0,0.0,0.0,0.0,0.0,0.0,0.0,3.1130760722045023,62.0
마마25ab08ba,0.0,0.0,0.0,0.0,0.0,0.0,0.0,0.0,0.0,3.1130760722045023,62.0
마마25ab08bb,0.0,0.0,0.0,0.0,0.0,0.0,0.0,0.0,0.0,3.1130760722045023,62.0
마마25ab09aa,0.0,0.0,0.0,0.0,0.0,0.0,0.0,0.0,0.0,3.1130760722045023,62.0
마마25ba00aa,0.019867549668874173,0.0,0.0,0.0,0.0,0.0,0.0,0.0,-0.0018204423783144046,2.235757445615273,118.0
마마25ba00ab,0.09933774834437085,0.0,0.0,0.0,0.0,0.0,0.0,0.0,-0.009102211891572022,8.159066350363856,359.0
마마25ba00ba,0.08609271523178808,0.0,0.0,0.0,0.0,0.0,0.0,0.0,-0.007888583639362418,7.535394101977326,320.0
마마25ba00bb,0.06622516556291391,0.0,0.0,0.0,0.0,0.0,0.0,0.13347182083333334,-0.017818462799174838,2.179760980092032,660.0
마마25ba01aa,0.0,0.0,0.0,0.0,0.0,0.0,0.0,0.0,0.0,3.1130760722045023,62.0
마마25ba01ab,0.0,0.0,0.0,0.0,0.0,0.0,0.0,0.0,0.0,3.1130760722045023,62.0
마마25ba01ba,0.0,0.0,0.0,0.0,0.0,0.0,0.0,0.0,0.0,3.1130760722045023,62.0
마마25ba01bb,0.0,0.0,0.0,0.0,0.0,0.0,0.0,0.0,0.0,3.1130760722045023,62.0
마마25ba02aa,0.0,0.0,0.0,0.0,0.0,0.0,0.0,0.0,0.0,3.1130760722045023,62.0
마마25ba02ab,0.0,0.0,0.0,0.0,0.0,0.0,0.0,0.0,0.0,3.1130760722045023,62.0
마마25ba02ba,0.0,0.0,0.0,0.0,0.0,0.0,0.0,0.0,0.0,3.1130760722045023,62.0
마마25ba02bb,0.0,0.0,0.0,0.0,0.0,0.0,0.0,0.0,0.0,3.1130760722045023,62.0
마마25ba03aa,0.0,0.0,0.0,0.0,0.0,0.0,0.0,0.0,0.0,3.1130760722045023,62.0
마마25ba03ab,0.0,0.0,0.0,0.0,0.0,0.0,0.0,0.0,0.0,3.1130760722045023,62.0
마마25ba03ba,0.0,0.0,0.0,0.0,0.0,0.0,0.0,0.0,0.0,3.1130760722045023,62.0
마마25ba03bb,0.006622516556291391,0.0,0.0,0.0,0.0,0.0,0.0,0.0,-0.0006068141261048015,2.2628047968481355,74.0
마마25ba04aa,0.039735099337748346,0.0,0.0,0.0,0.0,0.0,0.0,0.0,-0.003640884756628809,2.55175305519838,192.0
마마25ba04ab,0.006622516556291391,0.0,0.0,0.0,0.0,0.0,0.0,0.0,-0.0006068141261048015,2.2628047968481355,74.0
마마25ba04ba,0.0,0.0,0.0,0.0,0.0,0.0,0.0,0.0,0.0,3.1130760722045023,62.0
마마25ba04bb,0.0,0.0,0.0,0.0,0.0,0.0,0.0,0.0,0.0,3.1130760722045023,62.0
마마25ba05aa,0.0,0.0,0.0,0.0,0.0,0.0,0.0,0.0,0.0,3.1130760722045023,62.0
마마25ba05ab,0.0,0.0,0.0,0.0,0.0,0.0,0.0,0.0,0.0,3.1130760722045023,62.0
마마25ba05ba,0.0,0.0,0.0,0.0,0.0,0.0,0.0,0.0,0.0,3.1130760722045023,62.0
마마25ba05bb,0.0,0.0,0.0,0.0,0.0,0.0,0.0,0.0,0.0,3.1130760722045023,62.0
마마25ba06aa,0.0,0.0,0.0,0.0,0.0,0.0,0.0,0.0,0.0,3.1130760722045023,62.0
마마25ba06ab,0.0,0.0,0.0,0.0,0.0,0.0,0.0,0.0,0.0,3.1130760722045023,62.0
마마25ba06ba,0.0,0.0,0.0,0.0,0.0,0.0,0.0,0.0,0.0,3.1130760722045023,62.0
마마25ba06bb,0.0,0.0,0.0,0.0,0.0,0.0,0.0,0.0,0.0,3.1130760722045023,62.0
마마25ba07aa,0.0,0.0,0.0,0.0,0.0,0.0,0.0,0.0,0.0,3.1130760722045023,62.0
마마25ba07ab,0.0,0.0,0.0,0.0,0.0,0.0,0.0,0.0,0.0,3.1130760722045023,62.0
마마25ba07ba,0.006622516556291391,0.0,0.0,0.0,0.0,0.0,0.0,0.0,-0.0006068141261048015,2.2628047968481355,74.0
마마25ba07bb,0.0,0.0,0.0,0.0,0.0,0.0,0.0,0.0,0.0,3.1130760722045023,62.0
마마25ba08aa,0.0,0.0,0.0,0.0,0.0,0.0,0.0,0.0,0.0,3.1130760722045023,62.0
마마25ba08ab,0.0,0.0,0.0,0.0,0.0,0.0,0.0,0.0,0.0,3.1130760722045023,62.0
마마25ba08ba,0.0,0.0,0.0,0.0,0.0,0.0,0.0,0.0,0.0,3.1130760722045023,62.0
마마25ba08bb,0.0,0.0,0.0,0.0,0.0,0.0,0.0,0.0,0.0,3.1130760722045023,62.0
마마25bb00aa,0.15894039735099338,0.12,0.0,0.0,0.0,0.0021518598217030436,0.0,0.0,-0.025790983031936703,3.0450608320251167,888.0
마마25bb00ab,0.18543046357615894,0.04,0.0,0.0,0.0,0.002459268367660621,0.0,0.0,-0.020962390495134736,3.5469599976742825,759.0
마마25bb00ba,0.10596026490066225,0.04,0.0,0.0,0.0,0.0178296956655395,0.0,0.0,-0.01570221182652245,7.153248171217262,579.0
마마25bb00bb,0.1390728476821192,0.0,0.0,0.0,0.0,0.0,0.0,0.0,-0.01274309664820083,1.1812259856545568,478.0
마마25bb01aa,0.0728476821192053,0.0,0.0,0.0,0.0,0.0,0.0,0.0,-0.0066749553871528165,2.317230044652193,286.0
마마25bb01ab,0.0,0.0,0.0,0.0,0.0,0.0,0.0,0.0,0.0,3.1130760722045023,62.0
마마25bb01ba,0.006622516556291391,0.0,0.0,0.0,0.0,0.0,0.0,0.0,-0.0006068141261048015,2.2628047968481355,74.0
마마25bb01bb,0.0,0.0,0.0,0.0,0.0,0.0,0.0,0.0,0.0,3.1130760722045023,62.0
마마25bb02aa,0.0,0.0,0.0,0.0,0.0,0.0,0.0,0.0,0.0,3.1130760722045023,62.0
마마25bb02ab,0.0,0.0,0.0,0.0,0.0,0.0,0.0,0.0,0.0,3.1130760722045023,62.0
마마25bb02ba,0.0,0.0,0.0,0.0,0.0,0.0,0.0,0.0,0.0,3.1130760722045023,62.0
마마25bb02bb,0.0,0.0,0.0,0.0,0.0,0.0,0.0,0.0,0.0,3.1130760722045023,62.0
마마25bb03aa,0.0,0.0,0.0,0.0,0.0,0.0,0.0,0.0,0.0,3.1130760722045023,62.0
마마25bb03ab,0.0,0.0,0.0,0.0,0.0,0.0,0.0,0.0,0.0,3.1130760722045023,62.0
마마25bb03ba,0.0,0.0,0.0,0.0,0.0,0.0,0.0,0.0,0.0,3.1130760722045023,62.0
마마25bb03bb,0.0,0.0,0.0,0.0,0.0,0.0,0.0,0.0,0.0,3.1130760722045023,62.0
마마25bb04aa,0.019867549668874173,0.0,0.0,0.0,0.0,0.0,0.0,0.0,-0.0018204423783144046,2.235757445615273,118.0
마마25bb04ab,0.013245033112582781,0.0,0.0,0.0,0.0,0.0,0.0,0.0,-0.001213628252209603,2.2845975411154673,93.0
마마25bb04ba,0.052980132450331126,0.0,0.0,0.0,0.0,0.0,0.0,0.0,-0.004854513008838412,2.092264392579398,222.0
마마25bb04bb,0.0,0.0,0.0,0.0,0.0,0.0,0.0,0.0,0.0,3.1130760722045023,62.0
마마25bb05aa,0.0,0.0,0.0,0.0,0.0,0.0,0.0,0.0,0.0,3.1130760722045023,62.0
마마25bb05ab,0.0,0.0,0.0,0.0,0.0,0.0,0.0,0.0,0.0,3.1130760722045023,62.0
마마25bb05ba,0.0,0.0,0.0,0.0,0.0,0.0,0.0,0.0,0.0,3.1130760722045023,62.0
마마25bb05bb,0.0,0.0,0.0,0.0,0.0,0.0,0.0,0.0,0.0,3.1130760722045023,62.0
마마25bb06aa,0.0,0.0,0.0,0.0,0.0,0.0,0.0,0.0,0.0,3.1130760722045023,62.0
마마25bb06ab,0.0,0.0,0.0,0.0,0.0,0.0,0.0,0.0,0.0,3.1130760722045023,62.0
마마25bb06ba,0.0,0.0,0.0,0.0,0.0,0.0,0.0,0.0,0.0,3.1130760722045023,62.0
마마25bb06bb,0.0,0.0,0.0,0.0,0.0,0.0,0.0,0.0,0.0,3.1130760722045023,62.0
마마25bb07aa,0.0,0.0,0.0,0.0,0.0,0.0,0.0,0.0,0.0,3.1130760722045023,62.0
마마25bb07ab,0.0,0.0,0.0,0.0,0.0,0.0,0.0,0.0,0.0,3.1130760722045023,62.0
마마25bb07ba,0.0,0.0,0.0,0.0,0.0,0.0,0.0,0.0,0.0,3.1130760722045023,62.0
마마25bb07bb,0.0,0.0,0.0,0.0,0.0,0.0,0.0,0.0,0.0,3.1130760722045023,62.0
마마25bb08aa,0.0,0.0,0.0,0.0,0.0,0.0,0.0,0.0,0.0,3.1130760722045023,62.0
마마25bb08ab,0.0,0.0,0.0,0.0,0.0,0.0,0.0,0.0,0.0,3.1130760722045023,62.0
마마25bb08ba,0.0,0.0,0.0,0.0,0.0,0.0,0.0,0.0,0.0,3.1130760722045023,62.0
마마25bb08bb,0.0,0.0,0.0,0.0,0.0,0.0,0.0,0.0,0.0,3.1130760722045023,62.0
마마26aa00aa,0.06622516556291391,0.0,0.0,0.0,0.0,0.0027666769136181985,0.0,0.0,-0.0064320276130841745,2.321450174669792,276.0
마마26aa00ab,0.006622516556291391,0.0,0.0,0.0,0.0,0.0,0.0,0.0,-0.0006068141261048015,2.2628047968481355,74.0
마마26aa00ba,0.06622516556291391,0.0,0.0,0.0,0.0,0.0,0.0,0.0,-0.006068141261048016,2.23893334135549,266.0
마마26aa00bb,0.18543046357615894,0.0,0.0,0.0,0.0,0.0,0.0,0.0,-0.016990795530934442,1.202700344628916,629.0
마마26aa01aa,0.1986754966887417,0.08,0.0,0.0,0.0,0.0,0.0,0.0,-0.025500704641258125,3.340239606953891,882.0
마마26aa01ab,0.16556291390728478,0.0,0.0,0.0,0.0,0.0,0.0,0.0,-0.01517035315262004,1.202700344628916,565.0
마마26aa01ba,0.0,0.0,0.0,0.0,0.0,0.0,0.0,0.18451950866666667,-0.0162443543764785,3.056487806668868,600.0
마마26aa01bb,0.0,0.0,0.0,0.0,0.0,0.0,0.0,0.0,0.0,3.1130760722045023,62.0
마마26aa02aa,0.013245033112582781,0.0,0.0,0.0,0.0,0.0,0.0,0.0,-0.001213628252209603,2.2845975411154673,93.0
마마26aa02ab,0.0,0.0,0.0,0.0,0.0,0.0,0.0,0.0,0.0,3.1130760722045023,62.0
마마26aa02ba,0.0,0.0,0.0,0.0,0.0,0.0,0.0,0.0,0.0,3.1130760722045023,62.0
마마26aa02bb,0.0,0.0,0.0,0.0,0.0,0.0,0.0,0.0,0.0,3.1130760722045023,62.0
마마26aa03aa,0.0,0.0,0.0,0.0,0.0,0.0,0.0,0.0,0.0,3.1130760722045023,62.0
마마26aa03ab,0.0,0.0,0.0,0.0,0.0,0.0,0.0,0.0,0.0,3.1130760722045023,62.0
마마26aa03ba,0.0,0.0,0.0,0.0,0.0,0.0,0.0,0.0,0.0,3.1130760722045023,62.0
마마26aa03bb,0.0,0.0,0.0,0.0,0.0,0.0,0.0,0.0,0.0,3.1130760722045023,62.0
마마26aa04aa,0.0,0.0,0.0,0.0,0.0,0.0,0.0,0.0,0.0,3.1130760722045023,62.0
마마26aa04ab,0.0,0.0,0.0,0.0,0.0,0.0,0.0,0.0,0.0,3.1130760722045023,62.0
마마26aa04ba,0.0,0.0,0.0,0.0,0.0,0.0,0.0,0.0,0.0,3.1130760722045023,62.0
마마26aa04bb,0.0,0.0,0.0,0.0,0.0,0.0,0.0,0.0,0.0,3.1130760722045023,62.0
마마26aa05aa,0.006622516556291391,0.0,0.0,0.0,0.0,0.0,0.0,0.0,-0.0006068141261048015,2.2628047968481355,74.0
마마26aa05ab,0.0,0.0,0.0,0.0,0.0,0.0,0.0,0.0,0.0,3.1130760722045023,62.0
마마26aa05ba,0.0,0.0,0.0,0.0,0.0,0.0,0.0,0.0,0.0,3.1130760722045023,62.0
마마26aa05bb,0.0,0.0,0.0,0.0,0.0,0.0,0.0,0.0,0.0,3.1130760722045023,62.0
마마26aa06aa,0.0,0.0,0.0,0.0,0.0,0.0,0.0,0.0,0.0,3.1130760722045023,62.0
마마26aa06ab,0.0,0.0,0.0,0.0,0.0,0.0,0.0,0.0,0.0,3.1130760722045023,62.0
마마26aa06ba,0.0,0.0,0.0,0.0,0.0,0.0,0.0,0.0,0.0,3.1130760722045023,62.0
마마26aa06bb,0.0,0.0,0.0,0.0,0.0,0.0,0.0,0.0,0.0,3.1130760722045023,62.0
마마26aa07aa,0.0,0.0,0.0,0.0,0.0,0.0,0.0,0.0,0.0,3.1130760722045023,62.0
마마26aa07ab,0.0,0.0,0.0,0.0,0.0,0.0,0.0,0.0,0.0,3.1130760722045023,62.0
마마26aa07ba,0.0,0.0,0.0,0.0,0.0,0.0,0.0,0.0,0.0,3.1130760722045023,62.0
마마26aa07bb,0.0,0.0,0.0,0.0,0.0,0.0,0.0,0.0,0.0,3.1130760722045023,62.0
마마26aa08aa,0.0,0.0,0.0,0.0,0.0,0.0,0.0,0.0,0.0,3.1130760722045023,62.0
마마26aa08ab,0.0,0.0,0.0,0.0,0.0,0.0,0.0,0.0,0.0,3.1130760722045023,62.0
마마26aa08ba,0.0,0.0,0.0,0.0,0.0,0.0,0.0,0.0,0.0,3.1130760722045023,62.0
마마26ab00aa,0.0,0.0,0.0,0.0,0.0,0.0,0.0,0.0,0.0,3.1130760722045023,62.0
마마26ab00ab,0.0,0.0,0.0,0.0,0.0,0.0,0.0,0.0,0.0,3.1130760722045023,62.0
마마26ab00ba,0.046357615894039736,0.0,0.0,0.0,0.0,0.0,0.0,0.0,-0.0042476988827336104,2.011401784288219,208.0
마마26ab00bb,0.152317880794702,0.0,0.0,0.0,0.0,0.0,0.0,0.0,-0.013956724900410434,1.1812259856545568,520.0
마마26ab01aa,0.0728476821192053,0.0,0.0,0.0,0.0,0.0,0.0,0.0,-0.0066749553871528165,2.317230044652193,286.0
마마26ab01ab,0.2251655629139073,0.0,0.0,0.0,0.0,0.0021518598217030436,0.0,0.0,-0.020914703005813596,1.1522790992076704,756.0
마마26ab01ba,0.09271523178807947,0.0,0.0,0.0,0.0,0.0,0.0,0.0,-0.008495397765467221,8.159066350363856,340.0
마마26ab01bb,0.046357615894039736,0.0,0.0,0.0,0.0,0.003381494005533354,0.0,0.0,-0.004692448868555583,2.16217921295138,216.0
마마26ab02aa,0.006622516556291391,0.0,0.0,0.0,0.0,0.00768521364893944,0.0,0.0,-0.0016176095484274659,2.5276213390777396,109.0
마마26ab02ab,0.0,0.0,0.0,0.0,0.0,0.0,0.0,0.0,0.0,3.1130760722045023,62.0
마마26ab02ba,0.0,0.0,0.0,0.0,0.0,0.0,0.0,0.0,0.0,3.1130760722045023,62.0
마마26ab02bb,0.0,0.0,0.0,0.0,0.0,0.0,0.0,0.0,0.0,3.1130760722045023,62.0
마마26ab03aa,0.0,0.0,0.0,0.0,0.0,0.0,0.0,0.0,0.0,3.1130760722045023,62.0
마마26ab03ab,0.0,0.0,0.0,0.0,0.0,0.0,0.0,0.0,0.0,3.1130760722045023,62.0
마마26ab03ba,0.0,0.0,0.0,0.0,0.0,0.0,0.0,0.0,0.0,3.1130760722045023,62.0
마마26ab03bb,0.0,0.0,0.0,0.0,0.0,0.0,0.0,0.0,0.0,3.1130760722045023,62.0
마마26ab04aa,0.0,0.0,0.0,0.0,0.0,0.0,0.0,0.0,0.0,3.1130760722045023,62.0
마마26ab04ab,0.0,0.0,0.0,0.0,0.0,0.0,0.0,0.0,0.0,3.1130760722045023,62.0
마마26ab04ba,0.0,0.0,0.0,0.0,0.0,0.0,0.0,0.0,0.0,3.1130760722045023,62.0
마마26ab04bb,0.0,0.0,0.0,0.0,0.0,0.0,0.0,0.0,0.0,3.1130760722045023,62.0
마마26ab05aa,0.013245033112582781,0.0,0.0,0.0,0.0,0.0,0.0,0.0,-0.001213628252209603,2.2845975411154673,93.0
마마26ab05ab,0.0,0.0,0.0,0.0,0.0,0.0,0.0,0.0,0.0,3.1130760722045023,62.0
마마26ab05ba,0.006622516556291391,0.0,0.0,0.0,0.0,0.0027666769136181985,0.0,0.0,-0.0009707004781409608,2.399348841046791,83.0
마마26ab05bb,0.006622516556291391,0.0,0.0,0.0,0.0,0.0,0.0,0.0,-0.0006068141261048015,2.2628047968481355,74.0
마마26ab06aa,0.013245033112582781,0.0,0.0,0.0,0.0,0.004303719643406086,0.0,0.0,-0.001779673688710295,2.632968131576043,117.0
마마26ab06ab,0.033112582781456956,0.0,0.0,0.0,0.0,0.0021518598217030436,0.0,0.0,-0.0033170933487743537,2.5192182165618506,178.0
마마26ab06ba,0.006622516556291391,0.0,0.0,0.0,0.0,0.0021518598217030436,0.0,0.0,-0.0008898368443551476,2.3357059633829054,81.0
마마26ab06bb,0.0,0.0,0.0,0.0,0.0,0.0,0.0,0.0,0.0,3.1130760722045023,62.0
마마26ab07aa,0.0,0.0,0.0,0.0,0.0,0.0,0.0,0.0,0.0,3.1130760722045023,62.0
마마26ab07ab,0.0,0.0,0.0,0.0,0.0,0.0,0.0,0.0,0.0,3.1130760722045023,62.0
마마26ab07ba,0.0,0.0,0.0,0.0,0.0,0.0,0.0,0.0,0.0,3.1130760722045023,62.0
마마26ab07bb,0.052980132450331126,0.0,0.0,0.0,0.0,0.0,0.0,0.0,-0.004854513008838412,2.092264392579398,222.0
마마26ab08aa,0.0,0.0,0.0,0.0,0.0,0.0,0.0,0.0,0.0,3.1130760722045023,62.0
마마26ab08ab,0.0,0.0,0.0,0.0,0.0,0.0,0.0,0.0,0.0,3.1130760722045023,62.0
마마26ab08ba,0.0,0.0,0.0,0.0,0.0,0.0,0.0,0.0,0.0,3.1130760722045023,62.0
마마26ba00aa,0.019867549668874173,0.0,0.0,0.0,0.0,0.003688902551490931,0.0,0.0,-0.0023056241810292836,2.573964478428775,140.0
마마26ba00ab,0.0,0.0,0.0,0.0,0.0,0.0,0.0,0.0,0.0,3.1130760722045023,62.0
마마26ba00ba,0.0,0.0,0.0,0.0,0.0,0.0,0.0,0.0,0.0,3.1130760722045023,62.0
마마26ba00bb,0.006622516556291391,0.0,0.0,0.0,0.0,0.0,0.0,0.0,-0.0006068141261048015,2.2628047968481355,74.0
마마26ba01aa,0.006622516556291391,0.0,0.0,0.0,0.0,0.0,0.0,0.0,-0.0006068141261048015,2.2628047968481355,74.0
마마26ba01ab,0.0,0.0,0.0,0.0,0.0,0.0,0.0,0.0,0.0,3.1130760722045023,62.0
마마26ba01ba,0.09271523178807947,0.04,0.0,0.0,0.0,0.0027666769136181985,0.0,0.20441955683333332,-0.030503699014655345,4.9018052609529255,979.0
마마26ba01bb,0.09271523178807947,0.0,0.0,0.0,0.0,0.0,0.0,0.0,-0.008495397765467221,8.159066350363856,340.0
마마26ba02aa,0.0,0.0,0.0,0.0,0.0,0.0,0.0,0.0,0.0,3.1130760722045023,62.0
마마26ba02ab,0.0,0.0,0.0,0.0,0.0,0.0,0.0,0.0,0.0,3.1130760722045023,62.0
마마26ba02ba,0.0,0.0,0.0,0.0,0.0,0.0,0.0,0.0,0.0,3.1130760722045023,62.0
마마26ba02bb,0.0,0.0,0.0,0.0,0.0,0.0,0.0,0.0,0.0,3.1130760722045023,62.0
마마26ba03aa,0.0,0.0,0.0,0.0,0.0,0.0,0.0,0.0,0.0,3.1130760722045023,62.0
마마26ba03ab,0.0,0.0,0.0,0.0,0.0,0.0,0.0,0.0,0.0,3.1130760722045023,62.0
마마26ba03ba,0.0,0.0,0.0,0.0,0.0,0.0,0.0,0.0,0.0,3.1130760722045023,62.0
마마26ba03bb,0.0,0.0,0.0,0.0,0.0,0.0,0.0,0.0,0.0,3.1130760722045023,62.0
마마26ba04aa,0.0,0.0,0.0,0.0,0.0,0.0,0.0,0.0,0.0,3.1130760722045023,62.0
마마26ba04ab,0.0,0.0,0.0,0.0,0.0,0.0,0.0,0.0,0.0,3.1130760722045023,62.0
마마26ba04ba,0.0,0.0,0.0,0.0,0.0,0.0,0.0,0.0,0.0,3.1130760722045023,62.0
마마26ba04bb,0.0,0.0,0.0,0.0,0.0,0.0,0.0,0.0,0.0,3.1130760722045023,62.0
마마26ba05aa,0.006622516556291391,0.0,0.0,0.0,0.0,0.0,0.0,0.0,-0.0006068141261048015,2.2628047968481355,74.0
마마26ba05ab,0.026490066225165563,0.0,0.0,0.0,0.0,0.0030740854595757753,0.0,0.0,-0.0028315746733482716,2.362780732793172,162.0
마마26ba05ba,0.026490066225165563,0.0,0.0,0.0,0.0,0.00768521364893944,0.0,0.0,-0.0034380519267418704,2.4575654699077876,186.0
마마26ba05bb,0.019867549668874173,0.0,0.0,0.0,0.0,0.0,0.0,0.0,-0.0018204423783144046,2.235757445615273,118.0
마마26ba06aa,0.019867549668874173,0.0,0.0,0.0,0.0,0.009222256378727329,0.015544041450777202,0.0,-0.0014798169312126395,3.3337941348773112,102.0
마마26ba06ab,0.006622516556291391,0.0,0.0,0.0,0.0,0.009837073470642483,0.0,0.0,-0.001900632266677812,2.7937036125622545,120.0
마마26ba06ba,0.006622516556291391,0.0,0.0,0.0,0.0,0.003688902551490931,0.0,0.175,-0.016498291102839294,2.5537739413386986,613.0
마마26ba06bb,0.0,0.0,0.0,0.0,0.0,0.0,0.0,0.0,0.0,3.1130760722045023,62.0
마마26ba07aa,0.0,0.0,0.0,0.0,0.0,0.0,0.0,0.0,0.0,3.1130760722045023,62.0
마마26ba07ab,0.0,0.0,0.0,0.0,0.0,0.0,0.0,0.0,0.0,3.1130760722045023,62.0
마마26ba07ba,0.0,0.0,0.0,0.0,0.0,0.0,0.0,0.0,0.0,3.1130760722045023,62.0
마마26ba07bb,0.033112582781456956,0.0,0.0,0.0,0.0,0.0,0.0,0.1322856455,-0.014679966069716692,2.347472871858723,547.0
마마26ba08aa,0.0,0.0,0.0,0.0,0.0,0.0,0.0,0.0,0.0,3.1130760722045023,62.0
마마26ba08ab,0.0,0.0,0.0,0.0,0.0,0.0,0.0,0.0,0.0,3.1130760722045023,62.0
마마26ba08ba,0.0,0.0,0.0,0.0,0.0,0.0,0.0,0.0,0.0,3.1130760722045023,62.0
마마26bb00aa,0.013245033112582781,0.0,0.0,0.0,0.0,0.0,0.0,0.0,-0.001213628252209603,2.2845975411154673,93.0
마마26bb00ab,0.0,0.0,0.0,0.0,0.0,0.0,0.0,0.0,0.0,3.1130760722045023,62.0
마마26bb00ba,0.0,0.0,0.0,0.0,0.0,0.0,0.0,0.0,0.0,3.1130760722045023,62.0
마마26bb00bb,0.0,0.0,0.0,0.0,0.0,0.0,0.0,0.0,0.0,3.1130760722045023,62.0
마마26bb01aa,0.0,0.0,0.0,0.0,0.0,0.0,0.0,0.0,0.0,3.1130760722045023,62.0
마마26bb01ab,0.09933774834437085,0.0,0.0,0.0,0.0,0.0,0.0,0.0,-0.009102211891572022,8.159066350363856,359.0
마마26bb01ba,0.23178807947019867,0.0,0.0,0.0,0.0,0.0018444512757454655,0.0,0.0,-0.021481085315025492,1.1522790992076704,770.0
마마26bb01bb,0.09271523178807947,0.0,0.0,0.0,0.0,0.0,0.0,0.0,-0.008495397765467221,8.159066350363856,340.0
마마26bb02aa,0.0,0.0,0.0,0.0,0.0,0.0,0.0,0.0,0.0,3.1130760722045023,62.0
마마26bb02ab,0.0,0.0,0.0,0.0,0.0,0.0,0.0,0.0,0.0,3.1130760722045023,62.0
마마26bb02ba,0.0,0.0,0.0,0.0,0.0,0.0,0.0,0.0,0.0,3.1130760722045023,62.0
마마26bb02bb,0.0,0.0,0.0,0.0,0.0,0.0,0.0,0.0,0.0,3.1130760722045023,62.0
마마26bb03aa,0.0,0.0,0.0,0.0,0.0,0.0,0.0,0.0,0.0,3.1130760722045023,62.0
마마26bb03ab,0.0,0.0,0.0,0.0,0.0,0.0,0.0,0.0,0.0,3.1130760722045023,62.0
마마26bb03ba,0.0,0.0,0.0,0.0,0.0,0.0,0.0,0.0,0.0,3.1130760722045023,62.0
마마26bb03bb,0.0,0.0,0.0,0.0,0.0,0.0,0.0,0.0,0.0,3.1130760722045023,62.0
마마26bb04aa,0.0,0.0,0.0,0.0,0.0,0.0,0.0,0.0,0.0,3.1130760722045023,62.0
마마26bb04ab,0.0,0.0,0.0,0.0,0.0,0.0,0.0,0.0,0.0,3.1130760722045023,62.0
마마26bb04ba,0.0,0.0,0.0,0.0,0.0,0.0,0.0,0.0,0.0,3.1130760722045023,62.0
마마26bb04bb,0.0,0.0,0.0,0.0,0.0,0.0,0.0,0.0,0.0,3.1130760722045023,62.0
마마26bb05aa,0.006622516556291391,0.0,0.0,0.0,0.0,0.0030740854595757753,0.0,0.0,-0.0010111322950338672,2.399348841046791,84.0
마마26bb05ab,0.0,0.0,0.0,0.0,0.0,0.0,0.0,0.0,0.0,3.1130760722045023,62.0
마마26bb05ba,0.0,0.0,0.0,0.0,0.0,0.0018444512757454655,0.0,0.0,-0.00024259090135743942,3.0906401747686045,66.0
마마26bb05bb,0.0,0.0,0.0,0.0,0.0,0.0,0.0,0.0,0.0,3.1130760722045023,62.0
마마26bb06aa,0.026490066225165563,0.0,0.0,0.0,0.0,0.002459268367660621,0.0,0.0,-0.0027507110395624586,2.362780732793172,157.0
마마26bb06ab,0.046357615894039736,0.0,0.0,0.0,0.0,0.0,0.0,0.0,-0.0042476988827336104,2.011401784288219,208.0
마마26bb06ba,0.013245033112582781,0.0,0.0,0.0,0.0,0.003688902551490931,0.0,0.0,-0.0016988100549244819,2.618680642305037,113.0
마마26bb06bb,0.006622516556291391,0.0,0.0,0.0,0.0,0.0,0.0,0.0,-0.0006068141261048015,2.2628047968481355,74.0
마마26bb07aa,0.0,0.0,0.0,0.0,0.0,0.0,0.0,0.0,0.0,3.1130760722045023,62.0
마마26bb07ab,0.0,0.0,0.0,0.0,0.0,0.0,0.0,0.0,0.0,3.1130760722045023,62.0
마마26bb07ba,0.006622516556291391,0.0,0.0,0.0,0.0,0.0,0.0,0.0,-0.0006068141261048015,2.2628047968481355,74.0
마마26bb07bb,0.0,0.0,0.0,0.0,0.0,0.0,0.0,0.10833333333333334,-0.009537230345821667,3.025132495313557,372.0
마마26bb08aa,0.0,0.0,0.0,0.0,0.0,0.0,0.0,0.0,0.0,3.1130760722045023,62.0
마마26bb08ab,0.0,0.0,0.0,0.0,0.0,0.0,0.0,0.0,0.0,3.1130760722045023,62.0
마마26bb08ba,0.0,0.0,0.0,0.0,0.0,0.0,0.0,0.0,0.0,3.1130760722045023,62.0
마마27aa00aa,0.026490066225165563,0.0,0.0,0.0,0.0,0.0,0.0,0.0,-0.002427256504419206,2.235757445615273,144.0
마마27aa00ab,0.039735099337748346,0.0,0.0,0.0,0.0,0.0,0.0,0.0,-0.003640884756628809,2.55175305519838,192.0
마마27aa00ba,0.006622516556291391,0.0,0.0,0.0,0.0,0.0,0.0,0.0,-0.0006068141261048015,2.2628047968481355,74.0
마마27aa00bb,0.0,0.0,0.0,0.0,0.0,0.0,0.0,0.0,0.0,3.1130760722045023,62.0
마마27aa01aa,0.0,0.0,0.0,0.0,0.0,0.0,0.0,0.0,0.0,3.1130760722045023,62.0
마마27aa01ab,0.033112582781456956,0.0,0.0,0.0,0.0,0.0,0.0,0.0,-0.003034070630524008,2.4791925079025385,171.0
마마27aa01ba,0.1390728476821192,0.0,0.0,0.0,0.0,0.0,0.0,0.0,-0.01274309664820083,1.1812259856545568,478.0
마마27aa01bb,0.0728476821192053,0.0,0.0,0.0,0.0,0.0,0.0,0.0,-0.0066749553871528165,2.317230044652193,286.0
마마27aa02aa,0.0,0.0,0.0,0.0,0.0,0.0,0.0,0.0,0.0,3.1130760722045023,62.0
마마27aa02ab,0.0,0.0,0.0,0.0,0.0,0.0,0.0,0.0,0.0,3.1130760722045023,62.0
마마27aa02ba,0.0,0.0,0.0,0.0,0.0,0.0,0.0,0.0,0.0,3.1130760722045023,62.0
마마27aa02bb,0.0,0.0,0.0,0.0,0.0,0.0,0.0,0.0,0.0,3.1130760722045023,62.0
마마27aa03aa,0.0,0.0,0.0,0.0,0.0,0.0,0.0,0.0,0.0,3.1130760722045023,62.0
마마27aa03ab,0.0,0.0,0.0,0.0,0.0,0.0,0.0,0.0,0.0,3.1130760722045023,62.0
마마27aa03ba,0.0,0.0,0.0,0.0,0.0,0.0,0.0,0.0,0.0,3.1130760722045023,62.0
마마27aa03bb,0.0,0.0,0.0,0.0,0.0,0.0,0.0,0.0,0.0,3.1130760722045023,62.0
마마27aa04aa,0.0,0.0,0.0,0.0,0.0,0.0,0.0,0.0,0.0,3.1130760722045023,62.0
마마27aa04ab,0.0,0.0,0.0,0.0,0.0,0.0,0.0,0.0,0.0,3.1130760722045023,62.0
마마27aa04ba,0.046357615894039736,0.0,0.0,0.0,0.0,0.0,0.0,0.0,-0.0042476988827336104,2.011401784288219,208.0
마마27aa04bb,0.006622516556291391,0.0,0.0,0.0,0.0,0.0,0.0,0.0,-0.0006068141261048015,2.2628047968481355,74.0
마마27aa05aa,0.0,0.0,0.0,0.0,0.0,0.0,0.0,0.0,0.0,3.1130760722045023,62.0
마마27aa05ab,0.0,0.0,0.0,0.0,0.0,0.0,0.0,0.0,0.0,3.1130760722045023,62.0
마마27aa05ba,0.0,0.0,0.0,0.0,0.0,0.0,0.0,0.0,0.0,3.1130760722045023,62.0
마마27aa05bb,0.0,0.0,0.0,0.0,0.0,0.0,0.0,0.0,0.0,3.1130760722045023,62.0
마마27aa06aa,0.0,0.0,0.0,0.0,0.0,0.0,0.0,0.0,0.0,3.1130760722045023,62.0
마마27aa06ab,0.0,0.0,0.0,0.0,0.0,0.0,0.0,0.0,0.0,3.1130760722045023,62.0
마마27aa06ba,0.0,0.0,0.0,0.0,0.0,0.0,0.0,0.38104527941666666,-0.033545691710628274,3.276006722177174,1028.0
마마27aa06bb,0.0,0.0,0.0,0.0,0.0,0.0,0.0,0.0,0.0,3.1130760722045023,62.0
마마27aa07aa,0.006622516556291391,0.0,0.0,0.0,0.0,0.0,0.0,0.0,-0.0006068141261048015,2.2628047968481355,74.0
마마27aa07ab,0.0,0.0,0.0,0.0,0.0,0.0,0.0,0.0,0.0,3.1130760722045023,62.0
마마27aa07ba,0.0,0.0,0.0,0.0,0.0,0.0,0.0,0.0,0.0,3.1130760722045023,62.0
마마27aa07bb,0.0,0.0,0.0,0.0,0.0,0.0,0.0,0.13333333333333333,-0.011738129656395898,3.056487806668868,444.0
마마27aa08aa,0.006622516556291391,0.0,0.0,0.0,0.0,0.0,0.0,0.21666666666666667,-0.019681274817748135,2.508932718968633,721.0
마마27aa08ab,0.0,0.0,0.0,0.0,0.0,0.0,0.0,0.0,0.0,3.1130760722045023,62.0
마마27aa08ba,0.0,0.0,0.0,0.0,0.0,0.0,0.0,0.0,0.0,3.1130760722045023,62.0
마마27ab00aa,0.0,0.0,0.0,0.0,0.0,0.0,0.0,0.0,0.0,3.1130760722045023,62.0
마마27ab00ab,0.052980132450331126,0.0,0.0,0.0,0.0,0.0018444512757454655,0.0,0.0,-0.005097103910195851,2.1621009449159505,229.0
마마27ab00ba,0.11258278145695365,0.0,0.0,0.0,0.0,0.0,0.0,0.0,-0.010315840143781625,2.5908635180669357,396.0
마마27ab00bb,0.13245033112582782,0.0,0.0,0.0,0.0,0.0,0.0,0.0,-0.012136282522096031,1.1786747273890128,454.0
마마27ab01aa,0.31788079470198677,0.0,0.0,0.0,0.0,0.0,0.0,0.0,-0.029127078053030473,1.2648083160226018,953.0
마마27ab01ab,0.1986754966887417,0.0,0.0,0.0,0.0,0.0027666769136181985,0.0,0.0,-0.0185683101351802,1.1522790992076704,688.0
마마27ab01ba,0.09271523178807947,0.0,0.0,0.0,0.0,0.0,0.0,0.0,-0.008495397765467221,8.159066350363856,340.0
마마27ab01bb,0.2052980132450331,0.0,0.0,0.0,0.0,0.0,0.0,0.0,-0.018811237909248844,1.202700344628916,695.0
마마27ab02aa,0.0,0.0,0.0,0.0,0.0,0.0,0.0,0.0,0.0,3.1130760722045023,62.0
마마27ab02ab,0.0,0.0,0.0,0.0,0.0,0.0,0.02072538860103627,0.0,0.0020714399385186166,3.3884844660798334,49.0
마마27ab02ba,0.0,0.0,0.0,0.0,0.0,0.0,0.0,0.0,0.0,3.1130760722045023,62.0
마마27ab02bb,0.0,0.0,0.0,0.0,0.0,0.0,0.0,0.0,0.0,3.1130760722045023,62.0
마마27ab03aa,0.052980132450331126,0.0,0.0,0.0,0.0,0.0,0.0,0.0,-0.004854513008838412,2.092264392579398,222.0
마마27ab03ab,0.09933774834437085,0.0,0.0,0.0,0.0,0.0,0.0,0.0,-0.009102211891572022,8.159066350363856,359.0
마마27ab03ba,0.0,0.0,0.0,0.0,0.0,0.0,0.0,0.0,0.0,3.1130760722045023,62.0
마마27ab03bb,0.0,0.0,0.0,0.0,0.0,0.0,0.0,0.0,0.0,3.1130760722045023,62.0
마마27ab04aa,0.0,0.0,0.0,0.0,0.0,0.0,0.0,0.0,0.0,3.1130760722045023,62.0
마마27ab04ab,0.0,0.0,0.0,0.0,0.0,0.0,0.0,0.0,0.0,3.1130760722045023,62.0
마마27ab04ba,0.0,0.0,0.0,0.0,0.0,0.0,0.0,0.0,0.0,3.1130760722045023,62.0
마마27ab04bb,0.0,0.0,0.0,0.0,0.0,0.0,0.0,0.0,0.0,3.1130760722045023,62.0
마마27ab05aa,0.0,0.0,0.0,0.0,0.0,0.0,0.0,0.0,0.0,3.1130760722045023,62.0
마마27ab05ab,0.0,0.0,0.0,0.0,0.0,0.0,0.0,0.0,0.0,3.1130760722045023,62.0
마마27ab05ba,0.0,0.0,0.0,0.0,0.0,0.0,0.0,0.0,0.0,3.1130760722045023,62.0
마마27ab05bb,0.0,0.0,0.0,0.0,0.0,0.0,0.0,0.0,0.0,3.1130760722045023,62.0
마마27ab06aa,0.0,0.0,0.0,0.0,0.0,0.0,0.0,0.0,0.0,3.1130760722045023,62.0
마마27ab06ab,0.0,0.0,0.0,0.0,0.0,0.0,0.0,0.0,0.0,3.1130760722045023,62.0
마마27ab06ba,0.0,0.0,0.0,0.0,0.0,0.0,0.0,0.0,0.0,3.1130760722045023,62.0
마마27ab06bb,0.0,0.0,0.0,0.0,0.0,0.0,0.0,0.0,0.0,3.1130760722045023,62.0
마마27ab07aa,0.0,0.0,0.0,0.0,0.0,0.0,0.0,0.0,0.0,3.1130760722045023,62.0
마마27ab07ab,0.026490066225165563,0.0,0.0,0.125,0.0,0.0,0.0,0.3107707129166667,-0.018269238707630853,2.9967203270203004,681.0
마마27ab07ba,0.019867549668874173,0.0,0.0,0.0,0.0,0.0178296956655395,0.0,0.0,-0.004165487758102986,2.697097071841631,206.0
마마27ab07bb,0.0,0.0,0.0,0.0,0.0,0.0,0.0,0.0,0.0,3.1130760722045023,62.0
마마27ab08aa,0.0,0.0,0.0,0.0,0.0,0.0,0.0,0.0,0.0,3.1130760722045023,62.0
마마27ab08ab,0.013245033112582781,0.0,0.0,0.0,0.0,0.0,0.0,0.175,-0.016619923426229217,2.1900415819744588,616.0
마마27ab08ba,0.0,0.0,0.0,0.0,0.0,0.0,0.0,0.0,0.0,3.1130760722045023,62.0
마마27ba00aa,0.0,0.0,0.0,0.0,0.0,0.0,0.0,0.0,0.0,3.1130760722045023,62.0
마마27ba00ab,0.0,0.0,0.0,0.0,0.0,0.0,0.0,0.0,0.0,3.1130760722045023,62.0
마마27ba00ba,0.0,0.0,0.0,0.0,0.0,0.0,0.0,0.0,0.0,3.1130760722045023,62.0
마마27ba00bb,0.039735099337748346,0.0,0.0,0.0,0.0,0.0,0.0,0.0,-0.003640884756628809,2.55175305519838,192.0
마마27ba01aa,0.1456953642384106,0.0,0.0,0.0,0.0,0.0,0.0,0.0,-0.013349910774305633,1.1812259856545568,502.0
마마27ba01ab,0.019867549668874173,0.0,0.0,0.0,0.0,0.0,0.0,0.0,-0.0018204423783144046,2.235757445615273,118.0
마마27ba01ba,0.052980132450331126,0.0,0.0,0.0,0.0,0.0,0.0,0.0,-0.004854513008838412,2.092264392579398,222.0
마마27ba01bb,0.19205298013245034,0.12,0.0,0.0,0.0,0.0,0.0,0.0,-0.028542030944210366,3.2244323507180637,943.0
마마27ba02aa,0.0,0.0,0.0,0.0,0.0,0.0,0.0,0.0,0.0,3.1130760722045023,62.0
마마27ba02ab,0.0,0.0,0.0,0.0,0.0,0.0,0.0,0.0,0.0,3.1130760722045023,62.0
마마27ba02ba,0.046357615894039736,0.0,0.0,0.0,0.0,0.0,0.0,0.0,-0.0042476988827336104,2.011401784288219,208.0
마마27ba02bb,0.046357615894039736,0.0,0.0,0.0,0.0,0.0,0.0,0.0,-0.0042476988827336104,2.011401784288219,208.0
마마27ba03aa,0.11920529801324503,0.0,0.0,0.0,0.0,0.0,0.0,0.0,-0.010922654269886426,1.1786747273890128,417.0
마마27ba03ab,0.09933774834437085,0.0,0.0,0.0,0.0,0.0,0.0,0.0,-0.009102211891572022,8.159066350363856,359.0
마마27ba03ba,0.0,0.0,0.0,0.0,0.0,0.0,0.0,0.0,0.0,3.1130760722045023,62.0
마마27ba03bb,0.0,0.0,0.0,0.0,0.0,0.0,0.0,0.0,0.0,3.1130760722045023,62.0
마마27ba04aa,0.0,0.0,0.0,0.0,0.0,0.0,0.0,0.0,0.0,3.1130760722045023,62.0
마마27ba04ab,0.0,0.0,0.0,0.0,0.0,0.0,0.0,0.0,0.0,3.1130760722045023,62.0
마마27ba04ba,0.0,0.0,0.0,0.0,0.0,0.0,0.0,0.0,0.0,3.1130760722045023,62.0
마마27ba04bb,0.0,0.0,0.0,0.0,0.0,0.0,0.0,0.0,0.0,3.1130760722045023,62.0
마마27ba05aa,0.0,0.0,0.0,0.0,0.0,0.0,0.0,0.0,0.0,3.1130760722045023,62.0
마마27ba05ab,0.0,0.0,0.0,0.0,0.0,0.0,0.0,0.0,0.0,3.1130760722045023,62.0
마마27ba05ba,0.0,0.0,0.0,0.0,0.0,0.0,0.0,0.0,0.0,3.1130760722045023,62.0
마마27ba05bb,0.0,0.0,0.0,0.0,0.0,0.0,0.0,0.0,0.0,3.1130760722045023,62.0
마마27ba06aa,0.0,0.0,0.0,0.0,0.0,0.0,0.0,0.0,0.0,3.1130760722045023,62.0
마마27ba06ab,0.0,0.0,0.0,0.0,0.0,0.0,0.0,0.0,0.0,3.1130760722045023,62.0
마마27ba06ba,0.0,0.0,0.0,0.0,0.0,0.0,0.0,0.0,0.0,3.1130760722045023,62.0
마마27ba06bb,0.0,0.0,0.0,0.0,0.0,0.0,0.0,0.0,0.0,3.1130760722045023,62.0
마마27ba07aa,0.0,0.0,0.0,0.0,0.0,0.0,0.0,0.0,0.0,3.1130760722045023,62.0
마마27ba07ab,0.0,0.0,0.0,0.0,0.0,0.0,0.0,0.0,0.0,3.1130760722045023,62.0
마마27ba07ba,0.0,0.0,0.0,0.0,0.0,0.0,0.0,0.0,0.0,3.1130760722045023,62.0
마마27ba07bb,0.0,0.0,0.0,0.0,0.0,0.0,0.0,0.0,0.0,3.1130760722045023,62.0
마마27ba08aa,0.0,0.0,0.0,0.0,0.0,0.0,0.0,0.0,0.0,3.1130760722045023,62.0
마마27ba08ab,0.006622516556291391,0.0,0.0,0.0,0.0,0.0,0.0,0.0,-0.0006068141261048015,2.2628047968481355,74.0
마마27ba08ba,0.0,0.0,0.0,0.0,0.0,0.0,0.0,0.0,0.0,3.1130760722045023,62.0
마마27bb00aa,0.0,0.0,0.0,0.0,0.0,0.0,0.0,0.0,0.0,3.1130760722045023,62.0
마마27bb00ab,0.0,0.0,0.0,0.0,0.0,0.0,0.0,0.0,0.0,3.1130760722045023,62.0
마마27bb00ba,0.0,0.0,0.0,0.0,0.0,0.0,0.0,0.0,0.0,3.1130760722045023,62.0
마마27bb00bb,0.0,0.0,0.0,0.0,0.0,0.0,0.0,0.0,0.0,3.1130760722045023,62.0
마마27bb01aa,0.0,0.0,0.0,0.0,0.0,0.0,0.0,0.0,0.0,3.1130760722045023,62.0
마마27bb01ab,0.013245033112582781,0.0,0.0,0.0,0.0,0.0,0.0,0.0,-0.001213628252209603,2.2845975411154673,93.0
마마27bb01ba,0.06622516556291391,0.0,0.0,0.0,0.0,0.0,0.0,0.0,-0.006068141261048016,2.23893334135549,266.0
마마27bb01bb,0.046357615894039736,0.0,0.0,0.0,0.0,0.0,0.0,0.0,-0.0042476988827336104,2.011401784288219,208.0
마마27bb02aa,0.0,0.0,0.0,0.0,0.0,0.0,0.0,0.0,0.0,3.1130760722045023,62.0
마마27bb02ab,0.0,0.0,0.0,0.0,0.0,0.0,0.0,0.0,0.0,3.1130760722045023,62.0
마마27bb02ba,0.006622516556291391,0.0,0.0,0.0,0.0,0.0,0.0,0.0,-0.0006068141261048015,2.2628047968481355,74.0
마마27bb02bb,0.152317880794702,0.0,0.0,0.0,0.008791208791208791,0.007070396557024285,0.0,0.275,-0.040142300372381756,1.6311193806193816,1102.0
마마27bb03aa,0.08609271523178808,0.0,0.0,0.0,0.0,0.0,0.0,0.0,-0.007888583639362418,7.535394101977326,320.0
마마27bb03ab,0.0,0.0,0.0,0.0,0.0,0.0,0.0,0.0,0.0,3.1130760722045023,62.0
마마27bb03ba,0.0,0.0,0.0,0.0,0.0,0.0,0.0,0.0,0.0,3.1130760722045023,62.0
마마27bb03bb,0.0,0.0,0.0,0.0,0.0,0.0,0.0,0.0,0.0,3.1130760722045023,62.0
마마27bb04aa,0.0,0.0,0.0,0.0,0.0,0.0,0.0,0.0,0.0,3.1130760722045023,62.0
마마27bb04ab,0.0,0.0,0.0,0.0,0.0,0.0,0.0,0.0,0.0,3.1130760722045023,62.0
마마27bb04ba,0.0,0.0,0.0,0.0,0.0,0.0,0.0,0.0,0.0,3.1130760722045023,62.0
마마27bb04bb,0.0,0.0,0.0,0.0,0.0,0.0,0.0,0.0,0.0,3.1130760722045023,62.0
마마27bb05aa,0.0,0.0,0.0,0.0,0.0,0.0,0.0,0.0,0.0,3.1130760722045023,62.0
마마27bb05ab,0.0,0.0,0.0,0.0,0.0,0.0,0.0,0.0,0.0,3.1130760722045023,62.0
마마27bb05ba,0.0,0.0,0.0,0.0,0.0,0.0,0.0,0.0,0.0,3.1130760722045023,62.0
마마27bb05bb,0.0,0.0,0.0,0.0,0.0,0.0,0.0,0.0,0.0,3.1130760722045023,62.0
마마27bb06aa,0.0,0.0,0.0,0.0,0.0,0.0,0.0,0.0,0.0,3.1130760722045023,62.0
마마27bb06ab,0.0,0.0,0.0,0.0,0.0,0.0,0.0,0.0,0.0,3.1130760722045023,62.0
마마27bb06ba,0.0,0.0,0.0,0.0,0.0,0.0,0.0,0.0,0.0,3.1130760722045023,62.0
마마27bb06bb,0.0,0.0,0.0,0.0,0.0,0.0,0.0,0.0,0.0,3.1130760722045023,62.0
마마27bb07aa,0.0,0.0,0.0,0.0,0.0,0.0,0.0,0.0,0.0,3.1130760722045023,62.0
마마27bb07ab,0.0,0.0,0.0,0.0,0.0,0.0,0.0,0.0,0.0,3.1130760722045023,62.0
마마27bb07ba,0.0,0.0,0.0,0.0,0.0,0.0,0.0,0.0,0.0,3.1130760722045023,62.0
마마27bb07bb,0.0,0.0,0.0,0.0,0.0,0.0,0.0,0.0,0.0,3.1130760722045023,62.0
마마27bb08aa,0.013245033112582781,0.0,0.0,0.0,0.0,0.0,0.0,0.0,-0.001213628252209603,2.2845975411154673,93.0
마마27bb08ab,0.0,0.0,0.0,0.0,0.0,0.0,0.0,0.0,0.0,3.1130760722045023,62.0
마마27bb08ba,0.0,0.0,0.0,0.0,0.0,0.0,0.0,0.0,0.0,3.1130760722045023,62.0
마마28aa00aa,0.033112582781456956,0.0,0.0,0.0,0.0,0.0,0.0,0.0,-0.003034070630524008,2.4791925079025385,171.0
마마28aa00ab,0.006622516556291391,0.0,0.0,0.0,0.0,0.0,0.0,0.0,-0.0006068141261048015,2.2628047968481355,74.0
마마28aa00ba,0.033112582781456956,0.0,0.0,0.0,0.0,0.0,0.0,0.0,-0.003034070630524008,2.4791925079025385,171.0
마마28aa00bb,0.033112582781456956,0.0,0.0,0.0,0.0,0.0,0.0,0.0,-0.003034070630524008,2.4791925079025385,171.0
마마28aa01aa,0.08609271523178808,0.0,0.0,0.0,0.0,0.0,0.0,0.0,-0.007888583639362418,7.535394101977326,320.0
마마28aa01ab,0.026490066225165563,0.0,0.0,0.0,0.0,0.0,0.0,0.0,-0.002427256504419206,2.235757445615273,144.0
마마28aa01ba,0.0728476821192053,0.0,0.0,0.0,0.0,0.0,0.0,0.12969653183333332,-0.0180929156869869,2.2037994416304936,673.0
마마28aa01bb,0.3708609271523179,0.08,0.0,0.0,0.0,0.0021518598217030436,0.0,0.0,-0.041560894638233314,3.6672734461305914,1117.0
마마28aa02aa,0.039735099337748346,0.0,0.0,0.0,0.0,0.0,0.0,0.0,-0.003640884756628809,2.55175305519838,192.0
마마28aa02ab,0.0,0.0,0.0,0.0,0.0,0.0,0.0,0.0,0.0,3.1130760722045023,62.0
마마28aa02ba,0.36423841059602646,0.0,0.0,0.0,0.0,0.0018444512757454655,0.0,0.0,-0.03361736783712152,1.1837678485535625,1030.0
마마28aa02bb,0.16556291390728478,0.0,0.0,0.0,0.0,0.0,0.0,0.0,-0.01517035315262004,1.202700344628916,565.0
마마28aa03aa,0.0,0.0,0.0,0.0,0.0,0.0,0.0,0.0,0.0,3.1130760722045023,62.0
마마28aa03ab,0.0,0.0,0.0,0.0,0.0,0.0,0.0,0.0,0.0,3.1130760722045023,62.0
마마28aa03ba,0.0,0.0,0.0,0.0,0.0,0.0,0.0,0.0,0.0,3.1130760722045023,62.0
마마28aa03bb,0.0,0.0,0.0,0.0,0.0,0.0,0.0,0.0,0.0,3.1130760722045023,62.0
마마28aa04aa,0.0,0.0,0.0,0.0,0.0,0.0,0.0,0.0,0.0,3.1130760722045023,62.0
마마28aa04ab,0.0,0.0,0.0,0.0,0.0,0.0,0.0,0.0,0.0,3.1130760722045023,62.0
마마28aa04ba,0.0,0.0,0.0,0.0,0.0,0.0,0.0,0.0,0.0,3.1130760722045023,62.0
마마28aa04bb,0.0,0.0,0.0,0.0,0.0,0.0,0.0,0.0,0.0,3.1130760722045023,62.0
마마28aa05aa,0.0,0.0,0.0,0.0,0.0,0.0,0.0,0.0,0.0,3.1130760722045023,62.0
마마28aa05ab,0.0,0.0,0.0,0.0,0.0,0.0,0.0,0.0,0.0,3.1130760722045023,62.0
마마28aa05ba,0.0,0.0,0.0,0.0,0.0,0.0,0.0,0.0,0.0,3.1130760722045023,62.0
마마28aa05bb,0.0,0.0,0.0,0.0,0.0,0.0,0.0,0.0,0.0,3.1130760722045023,62.0
마마28aa06aa,0.0,0.0,0.0,0.0,0.0,0.0,0.0,0.0,0.0,3.1130760722045023,62.0
마마28aa06ab,0.0,0.0,0.0,0.0,0.0,0.0,0.0,0.0,0.0,3.1130760722045023,62.0
마마28aa06ba,0.0,0.0,0.0,0.0,0.0,0.0,0.0,0.0,0.0,3.1130760722045023,62.0
마마28aa06bb,0.0,0.0,0.0,0.0,0.0,0.0,0.0,0.0,0.0,3.1130760722045023,62.0
마마28aa07aa,0.0,0.0,0.0,0.0,0.0,0.0,0.0,0.0,0.0,3.1130760722045023,62.0
마마28aa07ab,0.0,0.0,0.0,0.0,0.0,0.0,0.0,0.0,0.0,3.1130760722045023,62.0
마마28aa07ba,0.0,0.0,0.0,0.0,0.0,0.0,0.0,0.0,0.0,3.1130760722045023,62.0
마마28aa07bb,0.0,0.0,0.0,0.0,0.0,0.0,0.0,0.0,0.0,3.1130760722045023,62.0
마마28aa08aa,0.019867549668874173,0.0,0.0,0.0,0.0,0.0,0.0,0.0,-0.0018204423783144046,2.235757445615273,118.0
마마28aa08ab,0.0,0.0,0.0,0.0,0.0,0.0,0.0,0.0,0.0,3.1130760722045023,62.0
마마28aa08ba,0.0,0.0,0.0,0.0,0.0,0.0,0.0,0.0,0.0,3.1130760722045023,62.0
마마28ab00aa,0.013245033112582781,0.0,0.0,0.0,0.0,0.0,0.0,0.0,-0.001213628252209603,2.2845975411154673,93.0
마마28ab00ab,0.2052980132450331,0.0,0.0,0.0,0.0,0.0,0.0,0.0,-0.018811237909248844,1.202700344628916,695.0
마마28ab00ba,0.039735099337748346,0.0,0.0,0.0,0.0,0.0,0.0,0.0,-0.003640884756628809,2.55175305519838,192.0
마마28ab00bb,0.15894039735099338,0.0,0.0,0.0,0.0,0.0,0.0,0.0,-0.014563539026515237,1.202700344628916,541.0
마마28ab01aa,0.2052980132450331,0.0,0.0,0.0,0.0,0.0,0.0,0.20364884391666666,-0.03673966191626608,1.5344882102024968,1063.0
마마28ab01ab,0.11258278145695365,0.0,0.0,0.0,0.0,0.0,0.0,0.0,-0.010315840143781625,2.5908635180669357,396.0
마마28ab01ba,0.2980132450331126,0.0,0.0,0.0,0.0,0.008300030740854595,0.0,0.0,-0.028398294730824548,1.2146434808577664,940.0
마마28ab01bb,0.271523178807947,0.0,0.0,0.0,0.0,0.0,0.0,0.0,-0.02487937917029686,1.2648083160226018,866.0
마마28ab02aa,0.41721854304635764,0.0,0.0,0.0,0.0,0.0030740854595757753,0.0,0.34414739883333334,-0.0689309590266595,1.973483936698222,1301.0
마마28ab02ab,0.17218543046357615,0.0,0.0,0.0,0.0,0.0,0.0,0.0,-0.015777167278724837,1.202700344628916,584.0
마마28ab02ba,0.2052980132450331,0.0,0.0,0.0,0.0,0.0,0.0,0.0,-0.018811237909248844,1.202700344628916,695.0
마마28ab02bb,0.0,0.0,0.0,0.0,0.0,0.0,0.0,0.0,0.0,3.1130760722045023,62.0
마마28ab03aa,0.0,0.0,0.0,0.0,0.0,0.0,0.0,0.0,0.0,3.1130760722045023,62.0
마마28ab03ab,0.0,0.0,0.0,0.0,0.0,0.0,0.0,0.0,0.0,3.1130760722045023,62.0
마마28ab03ba,0.0,0.0,0.0,0.0,0.0,0.0,0.0,0.0,0.0,3.1130760722045023,62.0
마마28ab03bb,0.0,0.0,0.0,0.0,0.0,0.0,0.0,0.0,0.0,3.1130760722045023,62.0
마마28ab04aa,0.0,0.0,0.0,0.0,0.0,0.0,0.0,0.0,0.0,3.1130760722045023,62.0
마마28ab04ab,0.0,0.0,0.0,0.0,0.0,0.0,0.0,0.0,0.0,3.1130760722045023,62.0
마마28ab04ba,0.0,0.0,0.0,0.0,0.0,0.0,0.0,0.0,0.0,3.1130760722045023,62.0
마마28ab04bb,0.0,0.0,0.0,0.0,0.0,0.0,0.0,0.0,0.0,3.1130760722045023,62.0
마마28ab05aa,0.0,0.0,0.0,0.0,0.0,0.0,0.0,0.0,0.0,3.1130760722045023,62.0
마마28ab05ab,0.0,0.0,0.0,0.0,0.0,0.0,0.0,0.0,0.0,3.1130760722045023,62.0
마마28ab05ba,0.0,0.0,0.0,0.0,0.0,0.0,0.0,0.0,0.0,3.1130760722045023,62.0
마마28ab05bb,0.0,0.0,0.0,0.0,0.0,0.0,0.0,0.0,0.0,3.1130760722045023,62.0
마마28ab06aa,0.0,0.0,0.0,0.0,0.0,0.0,0.0,0.0,0.0,3.1130760722045023,62.0
마마28ab06ab,0.0,0.0,0.0,0.0,0.0,0.0,0.0,0.0,0.0,3.1130760722045023,62.0
마마28ab06ba,0.0,0.0,0.0,0.0,0.0,0.0,0.0,0.0,0.0,3.1130760722045023,62.0
마마28ab06bb,0.0,0.0,0.0,0.0,0.0,0.0,0.0,0.0,0.0,3.1130760722045023,62.0
마마28ab07aa,0.0,0.0,0.0,0.0,0.0,0.0,0.0,0.0,0.0,3.1130760722045023,62.0
마마28ab07ab,0.0,0.0,0.0,0.0,0.0,0.0,0.0,0.0,0.0,3.1130760722045023,62.0
마마28ab07ba,0.0,0.0,0.0,0.0,0.0,0.0,0.0,0.0,0.0,3.1130760722045023,62.0
마마28ab07bb,0.0,0.0,0.0,0.0,0.0,0.0,0.0,0.0,0.0,3.1130760722045023,62.0
마마28ab08aa,0.0,0.0,0.0,0.0,0.0,0.0,0.0,0.0,0.0,3.1130760722045023,62.0
마마28ab08ab,0.0,0.0,0.0,0.0,0.0,0.0,0.0,0.0,0.0,3.1130760722045023,62.0
마마28ab08ba,0.0,0.0,0.0,0.0,0.0,0.0,0.0,0.0,0.0,3.1130760722045023,62.0
마마28ba00aa,0.019867549668874173,0.0,0.0,0.0,0.0,0.0018444512757454655,0.0,0.0,-0.002063033279671844,2.3289486988065264,129.0
마마28ba00ab,0.039735099337748346,0.0,0.0,0.0,0.0,0.0,0.0,0.0,-0.003640884756628809,2.55175305519838,192.0
마마28ba00ba,0.013245033112582781,0.0,0.0,0.0,0.0,0.0,0.0,0.0,-0.001213628252209603,2.2845975411154673,93.0
마마28ba00bb,0.17218543046357615,0.0,0.0,0.0,0.0,0.0,0.0,0.0,-0.015777167278724837,1.202700344628916,584.0
마마28ba01aa,0.10596026490066225,0.0,0.0,0.0,0.0,0.0,0.0,0.0,-0.009709026017676824,8.159066350363856,376.0
마마28ba01ab,0.006622516556291391,0.0,0.0,0.0,0.0,0.0,0.0,0.0,-0.0006068141261048015,2.2628047968481355,74.0
마마28ba01ba,0.0,0.0,0.0,0.0,0.0,0.0,0.0,0.0,0.0,3.1130760722045023,62.0
마마28ba01bb,0.0,0.0,0.0,0.0,0.0,0.0,0.0,0.0,0.0,3.1130760722045023,62.0
마마28ba02aa,0.11258278145695365,0.0,0.0,0.0,0.0,0.0,0.0,0.0,-0.010315840143781625,2.5908635180669357,396.0
마마28ba02ab,0.033112582781456956,0.0,0.0,0.0,0.0,0.0,0.0,0.0,-0.003034070630524008,2.4791925079025385,171.0
마마28ba02ba,0.046357615894039736,0.0,0.0,0.0,0.0,0.0,0.0,0.0,-0.0042476988827336104,2.011401784288219,208.0
마마28ba02bb,0.0,0.0,0.0,0.0,0.0,0.0,0.0,0.0,0.0,3.1130760722045023,62.0
마마28ba03aa,0.0,0.0,0.0,0.0,0.0,0.0,0.0,0.0,0.0,3.1130760722045023,62.0
마마28ba03ab,0.0,0.0,0.0,0.0,0.0,0.0,0.0,0.0,0.0,3.1130760722045023,62.0
마마28ba03ba,0.0,0.0,0.0,0.0,0.0,0.0,0.0,0.0,0.0,3.1130760722045023,62.0
마마28ba03bb,0.0,0.0,0.0,0.0,0.0,0.0,0.0,0.0,0.0,3.1130760722045023,62.0
마마28ba04aa,0.0,0.0,0.0,0.0,0.0,0.0,0.0,0.0,0.0,3.1130760722045023,62.0
마마28ba04ab,0.0,0.0,0.0,0.0,0.0,0.0,0.0,0.0,0.0,3.1130760722045023,62.0
마마28ba04ba,0.0,0.0,0.0,0.0,0.0,0.0,0.0,0.0,0.0,3.1130760722045023,62.0
마마28ba04bb,0.0,0.0,0.0,0.0,0.0,0.0,0.0,0.0,0.0,3.1130760722045023,62.0
마마28ba05aa,0.0,0.0,0.0,0.0,0.0,0.0,0.0,0.0,0.0,3.1130760722045023,62.0
마마28ba05ab,0.0,0.0,0.0,0.0,0.0,0.0,0.0,0.0,0.0,3.1130760722045023,62.0
마마28ba05ba,0.0,0.0,0.0,0.0,0.0,0.0,0.0,0.0,0.0,3.1130760722045023,62.0
마마28ba05bb,0.0,0.0,0.0,0.0,0.0,0.0,0.0,0.0,0.0,3.1130760722045023,62.0
마마28ba06aa,0.0,0.0,0.0,0.0,0.0,0.0,0.0,0.0,0.0,3.1130760722045023,62.0
마마28ba06ab,0.026490066225165563,0.0,0.0,0.0,0.0,0.0,0.0,0.0,-0.002427256504419206,2.235757445615273,144.0
마마28ba06ba,0.006622516556291391,0.0,0.0,0.0,0.0,0.0,0.0,0.0,-0.0006068141261048015,2.2628047968481355,74.0
마마28ba06bb,0.0,0.0,0.0,0.0,0.0,0.0,0.0,0.0,0.0,3.1130760722045023,62.0
마마28ba07aa,0.0,0.0,0.0,0.0,0.0,0.0,0.0,0.0,0.0,3.1130760722045023,62.0
마마28ba07ab,0.0,0.0,0.0,0.0,0.0,0.0,0.0,0.0,0.0,3.1130760722045023,62.0
마마28ba07ba,0.0,0.0,0.0,0.0,0.0,0.0,0.0,0.0,0.0,3.1130760722045023,62.0
마마28ba07bb,0.0,0.0,0.0,0.0,0.0,0.0,0.0,0.0,0.0,3.1130760722045023,62.0
마마28ba08aa,0.0,0.0,0.0,0.0,0.0,0.0,0.0,0.0,0.0,3.1130760722045023,62.0
마마28ba08ab,0.0,0.0,0.0,0.0,0.0,0.0,0.0,0.0,0.0,3.1130760722045023,62.0
마마28bb00aa,0.046357615894039736,0.0,0.0,0.0,0.0,0.0046111281893636644,0.0,0.0,-0.004854176136127209,2.381185430964048,221.0
마마28bb00ab,0.0,0.0,0.0,0.0,0.0,0.0,0.0,0.0,0.0,3.1130760722045023,62.0
마마28bb00ba,0.006622516556291391,0.0,0.0,0.0,0.0,0.0,0.0,0.0,-0.0006068141261048015,2.2628047968481355,74.0
마마28bb00bb,0.0,0.0,0.0,0.0,0.0,0.0,0.0,0.0,0.0,3.1130760722045023,62.0
마마28bb01aa,0.0,0.0,0.0,0.0,0.0,0.0,0.0,0.0,0.0,3.1130760722045023,62.0
마마28bb01ab,0.0,0.0,0.0,0.0,0.0,0.0,0.0,0.0,0.0,3.1130760722045023,62.0
마마28bb01ba,0.0,0.0,0.0,0.0,0.0,0.0,0.0,0.0,0.0,3.1130760722045023,62.0
마마28bb01bb,0.026490066225165563,0.0,0.0,0.0,0.0,0.0,0.0,0.0,-0.002427256504419206,2.235757445615273,144.0
마마28bb02aa,0.06622516556291391,0.0,0.0,0.0,0.0,0.0,0.0,0.0,-0.006068141261048016,2.23893334135549,266.0
마마28bb02ab,0.0,0.0,0.0,0.0,0.0,0.0,0.0,0.0,0.0,3.1130760722045023,62.0
마마28bb02ba,0.0,0.0,0.0,0.0,0.0,0.0,0.0,0.0,0.0,3.1130760722045023,62.0
마마28bb02bb,0.0,0.0,0.0,0.0,0.0,0.0,0.0,0.0,0.0,3.1130760722045023,62.0
마마28bb03aa,0.0,0.0,0.0,0.0,0.0,0.0,0.0,0.0,0.0,3.1130760722045023,62.0
마마28bb03ab,0.0,0.0,0.0,0.0,0.0,0.0,0.0,0.0,0.0,3.1130760722045023,62.0
마마28bb03ba,0.0,0.0,0.0,0.0,0.0,0.0,0.0,0.0,0.0,3.1130760722045023,62.0
마마28bb03bb,0.0,0.0,0.0,0.0,0.0,0.0,0.0,0.0,0.0,3.1130760722045023,62.0
마마28bb04aa,0.0,0.0,0.0,0.0,0.0,0.0,0.0,0.0,0.0,3.1130760722045023,62.0
마마28bb04ab,0.0,0.0,0.0,0.0,0.0,0.0,0.0,0.0,0.0,3.1130760722045023,62.0
마마28bb04ba,0.0,0.0,0.0,0.0,0.0,0.0,0.0,0.0,0.0,3.1130760722045023,62.0
마마28bb04bb,0.0,0.0,0.0,0.0,0.0,0.0,0.0,0.0,0.0,3.1130760722045023,62.0
마마28bb05aa,0.0,0.0,0.0,0.0,0.0,0.0,0.0,0.0,0.0,3.1130760722045023,62.0
마마28bb05ab,0.0,0.0,0.0,0.0,0.0,0.0,0.0,0.0,0.0,3.1130760722045023,62.0
마마28bb05ba,0.0,0.0,0.0,0.0,0.0,0.0,0.0,0.0,0.0,3.1130760722045023,62.0
마마28bb05bb,0.0,0.0,0.0,0.0,0.0,0.0,0.0,0.0,0.0,3.1130760722045023,62.0
마마28bb06aa,0.0,0.0,0.0,0.0,0.0,0.0,0.0,0.0,0.0,3.1130760722045023,62.0
마마28bb06ab,0.08609271523178808,0.0,0.0,0.0,0.0,0.0,0.0,0.0,-0.007888583639362418,7.535394101977326,320.0
마마28bb06ba,0.17880794701986755,0.0,0.0,0.0,0.0,0.0,0.0,0.0,-0.01638398140482964,1.202700344628916,607.0
마마28bb06bb,0.2251655629139073,0.04,0.0,0.0,0.0,0.0,0.0,0.0,-0.02427982071662029,3.5973812430955276,851.0
마마28bb07aa,0.013245033112582781,0.0,0.0,0.0,0.0,0.004303719643406086,0.0,0.0,-0.001779673688710295,2.632968131576043,117.0
마마28bb07ab,0.0,0.0,0.0,0.0,0.0,0.0,0.0,0.0,0.0,3.1130760722045023,62.0
마마28bb07ba,0.0,0.0,0.0,0.0,0.0,0.0,0.0,0.0,0.0,3.1130760722045023,62.0
마마28bb07bb,0.0,0.0,0.0,0.0,0.0,0.0,0.0,0.0,0.0,3.1130760722045023,62.0
마마28bb08aa,0.0,0.0,0.0,0.0,0.0,0.0,0.0,0.0,0.0,3.1130760722045023,62.0
마마29aa00aa,0.006622516556291391,0.0,0.0,0.0,0.0,0.0,0.0,0.0,-0.0006068141261048015,2.2628047968481355,74.0
마마29aa00ab,0.0,0.0,0.0,0.0,0.0,0.0,0.0,0.0,0.0,3.1130760722045023,62.0
마마29aa00ba,0.0,0.0,0.0,0.0,0.0,0.0,0.0,0.0,0.0,3.1130760722045023,62.0
마마29aa00bb,0.0,0.0,0.0,0.0,0.0,0.0,0.0,0.0,0.0,3.1130760722045023,62.0
마마29aa01aa,0.0,0.0,0.0,0.0,0.0,0.0,0.0,0.0,0.0,3.1130760722045023,62.0
마마29aa01ab,0.0,0.0,0.0,0.0,0.0,0.0,0.0,0.0,0.0,3.1130760722045023,62.0
마마29aa01ba,0.0,0.0,0.0,0.0,0.0,0.0,0.0,0.0,0.0,3.1130760722045023,62.0
마마29aa01bb,0.06622516556291391,0.0,0.0,0.0,0.0,0.0,0.0,0.0,-0.006068141261048016,2.23893334135549,266.0
마마29aa02aa,0.033112582781456956,0.08,0.0,0.0,0.0,0.0,0.0,0.0,-0.01033035148863809,4.407126895711237,397.0
마마29aa02ab,0.0,0.0,0.0,0.0,0.0,0.0,0.0,0.0,0.0,3.1130760722045023,62.0
마마29aa02ba,0.0,0.0,0.0,0.0,0.0,0.0,0.0,0.0,0.0,3.1130760722045023,62.0
마마29aa02bb,0.006622516556291391,0.0,0.0,0.0,0.0,0.0,0.0,0.0,-0.0006068141261048015,2.2628047968481355,74.0
마마29aa03aa,0.019867549668874173,0.0,0.0,0.0,0.0,0.0,0.0,0.0,-0.0018204423783144046,2.235757445615273,118.0
마마29aa03ab,0.0,0.0,0.0,0.0,0.0,0.0,0.0,0.0,0.0,3.1130760722045023,62.0
마마29aa03ba,0.0,0.0,0.0,0.0,0.0,0.0,0.0,0.0,0.0,3.1130760722045023,62.0
마마29aa03bb,0.0,0.0,0.0,0.0,0.0,0.0,0.0,0.0,0.0,3.1130760722045023,62.0
마마29aa04aa,0.0,0.0,0.0,0.0,0.0,0.0,0.0,0.0,0.0,3.1130760722045023,62.0
마마29aa04ab,0.0,0.0,0.0,0.0,0.0,0.0,0.0,0.0,0.0,3.1130760722045023,62.0
마마29aa04ba,0.0,0.0,0.0,0.0,0.0,0.0,0.0,0.0,0.0,3.1130760722045023,62.0
마마29aa04bb,0.0,0.0,0.0,0.0,0.0,0.0,0.0,0.0,0.0,3.1130760722045023,62.0
마마29aa05aa,0.0,0.0,0.0,0.0,0.0,0.0,0.0,0.0,0.0,3.1130760722045023,62.0
마마29aa05ab,0.0,0.0,0.0,0.0,0.0,0.0,0.0,0.0,0.0,3.1130760722045023,62.0
마마29aa05ba,0.0,0.0,0.0,0.0,0.0,0.0,0.0,0.0,0.0,3.1130760722045023,62.0
마마29aa05bb,0.0,0.0,0.0,0.0,0.0,0.0,0.0,0.0,0.0,3.1130760722045023,62.0
마마29aa06aa,0.0,0.0,0.0,0.0,0.0,0.0,0.0,0.0,0.0,3.1130760722045023,62.0
마마29aa06ab,0.026490066225165563,0.0,0.0,0.0,0.0,0.0,0.0,0.0,-0.002427256504419206,2.235757445615273,144.0
마마29aa06ba,0.019867549668874173,0.0,0.0,0.0,0.0,0.0,0.0,0.0,-0.0018204423783144046,2.235757445615273,118.0
마마29aa06bb,0.013245033112582781,0.0,0.0,0.0,0.0,0.0,0.0,0.0,-0.001213628252209603,2.2845975411154673,93.0
마마29aa07aa,0.013245033112582781,0.0,0.0,0.0,0.0,0.0,0.0,0.0,-0.001213628252209603,2.2845975411154673,93.0
마마29aa07ab,0.0,0.0,0.0,0.0,0.0,0.0,0.0,0.0,0.0,3.1130760722045023,62.0
마마29aa07ba,0.0,0.0,0.0,0.0,0.0,0.0,0.0,0.0,0.0,3.1130760722045023,62.0
마마29aa07bb,0.0,0.0,0.0,0.0,0.0,0.0,0.0,0.0,0.0,3.1130760722045023,62.0
마마29aa08aa,0.0,0.0,0.0,0.0,0.0,0.0,0.0,0.0,0.0,3.1130760722045023,62.0
마마29ab00aa,0.019867549668874173,0.0,0.0,0.0,0.0,0.0021518598217030436,0.0,0.0,-0.0021034650965647507,2.2991378551292856,130.0
마마29ab00ab,0.0,0.0,0.0,0.0,0.0,0.0,0.0,0.0,0.0,3.1130760722045023,62.0
마마29ab00ba,0.0,0.0,0.0,0.0,0.0,0.0,0.0,0.0,0.0,3.1130760722045023,62.0
마마29ab00bb,0.0,0.0,0.0,0.0,0.0,0.0,0.0,0.0,0.0,3.1130760722045023,62.0
마마29ab01aa,0.0,0.0,0.0,0.0,0.0,0.0,0.0,0.0,0.0,3.1130760722045023,62.0
마마29ab01ab,0.0,0.0,0.0,0.0,0.0,0.0,0.0,0.0,0.0,3.1130760722045023,62.0
마마29ab01ba,0.0,0.0,0.0,0.0,0.0,0.0,0.0,0.0,0.0,3.1130760722045023,62.0
마마29ab01bb,0.0,0.0,0.0,0.0,0.0,0.0,0.0,0.0,0.0,3.1130760722045023,62.0
마마29ab02aa,0.09271523178807947,0.0,0.0,0.0,0.0,0.0,0.0,0.0,-0.008495397765467221,8.159066350363856,340.0
마마29ab02ab,0.0,0.0,0.0,0.0,0.0,0.0,0.0,0.0,0.0,3.1130760722045023,62.0
마마29ab02ba,0.013245033112582781,0.0,0.0,0.0,0.0,0.0,0.0,0.0,-0.001213628252209603,2.2845975411154673,93.0
마마29ab02bb,0.006622516556291391,0.0,0.0,0.0,0.0,0.0,0.0,0.0,-0.0006068141261048015,2.2628047968481355,74.0
마마29ab03aa,0.0,0.0,0.0,0.0,0.0,0.0,0.0,0.0,0.0,3.1130760722045023,62.0
마마29ab03ab,0.0,0.0,0.0,0.0,0.0,0.0,0.0,0.0,0.0,3.1130760722045023,62.0
마마29ab03ba,0.0,0.0,0.0,0.0,0.0,0.0,0.0,0.0,0.0,3.1130760722045023,62.0
마마29ab03bb,0.0,0.0,0.0,0.0,0.0,0.0,0.0,0.0,0.0,3.1130760722045023,62.0
마마29ab04aa,0.0,0.0,0.0,0.0,0.0,0.0,0.0,0.0,0.0,3.1130760722045023,62.0
마마29ab04ab,0.0,0.0,0.0,0.0,0.0,0.0,0.0,0.0,0.0,3.1130760722045023,62.0
마마29ab04ba,0.0,0.0,0.0,0.0,0.0,0.0,0.0,0.0,0.0,3.1130760722045023,62.0
마마29ab04bb,0.0,0.0,0.0,0.0,0.0,0.0,0.0,0.0,0.0,3.1130760722045023,62.0
마마29ab05aa,0.0,0.0,0.0,0.0,0.0,0.0,0.0,0.0,0.0,3.1130760722045023,62.0
마마29ab05ab,0.0,0.0,0.0,0.0,0.0,0.0,0.0,0.0,0.0,3.1130760722045023,62.0
마마29ab05ba,0.0,0.0,0.0,0.0,0.0,0.0,0.0,0.0,0.0,3.1130760722045023,62.0
마마29ab05bb,0.0,0.0,0.0,0.0,0.0,0.0,0.0,0.0,0.0,3.1130760722045023,62.0
마마29ab06aa,0.11258278145695365,0.0,0.0,0.0,0.0,0.0030740854595757753,0.0,0.0,-0.010720158312710691,2.450852529055947,411.0
마마29ab06ab,0.12582781456953643,0.0,0.0,0.0,0.0,0.0064555794651091295,0.0,0.0,-0.012378536550742267,1.0726569356569355,461.0
마마29ab06ba,0.0,0.0,0.0,0.0,0.0,0.0,0.0,0.0,0.0,3.1130760722045023,62.0
마마29ab06bb,0.0,0.0,0.0,0.0,0.0,0.0,0.0,0.0,0.0,3.1130760722045023,62.0
마마29ab07aa,0.0,0.0,0.0,0.0,0.0,0.0,0.0,0.0,0.0,3.1130760722045023,62.0
마마29ab07ab,0.0,0.0,0.0,0.0,0.0,0.0,0.0,0.0,0.0,3.1130760722045023,62.0
마마29ab07ba,0.0,0.0,0.0,0.0,0.0,0.0,0.0,0.0,0.0,3.1130760722045023,62.0
마마29ab07bb,0.0,0.0,0.0,0.0,0.0,0.0,0.0,0.0,0.0,3.1130760722045023,62.0
마마29ba00aa,0.033112582781456956,0.0,0.0,0.0,0.0,0.0,0.0,0.0,-0.003034070630524008,2.4791925079025385,171.0
마마29ba00ab,0.06622516556291391,0.0,0.0,0.0,0.0,0.0,0.0,0.0,-0.006068141261048016,2.23893334135549,266.0
마마29ba00ba,0.006622516556291391,0.0,0.0,0.0,0.0,0.0,0.0,0.0,-0.0006068141261048015,2.2628047968481355,74.0
마마29ba00bb,0.006622516556291391,0.0,0.0,0.0,0.0,0.016292652935751613,0.0,0.0,-0.00274970042142885,2.7937036125622545,156.0
마마29ba01aa,0.0,0.0,0.0,0.0,0.0,0.0,0.0,0.0,0.0,3.1130760722045023,62.0
마마29ba01ab,0.0,0.0,0.0,0.0,0.0,0.0,0.0,0.0,0.0,3.1130760722045023,62.0
마마29ba01ba,0.0,0.0,0.0,0.0,0.0,0.0,0.0,0.0,0.0,3.1130760722045023,62.0
마마29ba01bb,0.0,0.0,0.0,0.0,0.0,0.0,0.0,0.0,0.0,3.1130760722045023,62.0
마마29ba02aa,0.039735099337748346,0.08,0.0,0.0,0.0,0.0,0.0,0.0,-0.01093716561474289,4.427188315150807,418.0
마마29ba02ab,0.06622516556291391,0.0,0.0,0.0,0.0,0.0,0.0,0.0,-0.006068141261048016,2.23893334135549,266.0
마마29ba02ba,0.2119205298013245,0.0,0.0,0.0,0.0,0.007377805102981862,0.0,0.0,-0.020388415640783406,1.0913528825671681,738.0
마마29ba02bb,0.039735099337748346,0.0,0.0,0.0,0.0,0.0,0.0,0.0,-0.003640884756628809,2.55175305519838,192.0
마마29ba03aa,0.013245033112582781,0.0,0.0,0.0,0.0,0.0,0.0,0.0,-0.001213628252209603,2.2845975411154673,93.0
마마29ba03ab,0.013245033112582781,0.0,0.0,0.0,0.0,0.0,0.0,0.0,-0.001213628252209603,2.2845975411154673,93.0
마마29ba03ba,0.0,0.0,0.0,0.0,0.0,0.0,0.0,0.0,0.0,3.1130760722045023,62.0
마마29ba03bb,0.0,0.0,0.0,0.0,0.0,0.0,0.0,0.0,0.0,3.1130760722045023,62.0
마마29ba04aa,0.0,0.0,0.0,0.0,0.0,0.0,0.0,0.0,0.0,3.1130760722045023,62.0
마마29ba04ab,0.0,0.0,0.0,0.0,0.0,0.0,0.0,0.0,0.0,3.1130760722045023,62.0
마마29ba04ba,0.0,0.0,0.0,0.0,0.0,0.0,0.0,0.0,0.0,3.1130760722045023,62.0
마마29ba04bb,0.0,0.0,0.0,0.0,0.0,0.0,0.0,0.0,0.0,3.1130760722045023,62.0
마마29ba05aa,0.0,0.0,0.0,0.0,0.0,0.0,0.0,0.0,0.0,3.1130760722045023,62.0
마마29ba05ab,0.0,0.0,0.0,0.0,0.0,0.0,0.0,0.0,0.0,3.1130760722045023,62.0
마마29ba05ba,0.0,0.0,0.0,0.0,0.0,0.0,0.0,0.0,0.0,3.1130760722045023,62.0
마마29ba05bb,0.0,0.0,0.0,0.0,0.0,0.0,0.0,0.0,0.0,3.1130760722045023,62.0
마마29ba06aa,0.09271523178807947,0.0,0.0,0.0,0.0,0.0,0.0,0.0,-0.008495397765467221,8.159066350363856,340.0
마마29ba06ab,0.2847682119205298,0.0,0.0,0.0,0.0,0.0018444512757454655,0.0,0.0,-0.026335598323863906,1.2146434808577664,898.0
마마29ba06ba,0.026490066225165563,0.0,0.0,0.0,0.0,0.0,0.0,0.0,-0.002427256504419206,2.235757445615273,144.0
마마29ba06bb,0.0,0.0,0.0,0.0,0.0,0.0,0.0,0.0,0.0,3.1130760722045023,62.0
마마29ba07aa,0.0,0.0,0.0,0.0,0.0,0.0,0.0,0.0,0.0,3.1130760722045023,62.0
마마29ba07ab,0.0,0.0,0.0,0.0,0.0,0.0,0.0,0.0,0.0,3.1130760722045023,62.0
마마29ba07ba,0.0,0.0,0.0,0.0,0.0,0.0,0.0,0.0,0.0,3.1130760722045023,62.0
마마29bb00aa,0.0,0.0,0.0,0.0,0.0,0.0,0.0,0.0,0.0,3.1130760722045023,62.0
마마29bb00ab,0.0,0.0,0.0,0.0,0.0,0.0,0.0,0.0,0.0,3.1130760722045023,62.0
마마29bb00ba,0.033112582781456956,0.0,0.0,0.0,0.0,0.0,0.0,0.0,-0.003034070630524008,2.4791925079025385,171.0
마마29bb00bb,0.06622516556291391,0.0,0.0,0.0,0.0,0.0,0.0,0.0,-0.006068141261048016,2.23893334135549,266.0
마마29bb01aa,0.013245033112582781,0.0,0.0,0.0,0.0,0.0,0.0,0.0,-0.001213628252209603,2.2845975411154673,93.0
마마29bb01ab,0.006622516556291391,0.0,0.0,0.0,0.0,0.0,0.0,0.0,-0.0006068141261048015,2.2628047968481355,74.0
마마29bb01ba,0.052980132450331126,0.0,0.0,0.0,0.0,0.002459268367660621,0.0,0.0,-0.005177967543981665,2.195932978902596,233.0
마마29bb01bb,0.033112582781456956,0.0,0.0,0.0,0.0,0.0,0.0,0.0,-0.003034070630524008,2.4791925079025385,171.0
마마29bb02aa,0.09271523178807947,0.0,0.0,0.0,0.0,0.0030740854595757753,0.0,0.0,-0.008899715934396287,7.658376528281179,352.0
마마29bb02ab,0.10596026490066225,0.0,0.0,0.125,0.0,0.005225945281278819,0.0,0.15416666666666667,-0.012451559611077481,3.3278084901972265,465.0
마마29bb02ba,0.08609271523178808,0.0,0.0,0.0,0.0,0.007992622194897018,0.0,0.0,-0.00893981087857799,7.114265336664496,353.0
마마29bb02bb,0.013245033112582781,0.0,0.0,0.0,0.0,0.0,0.0,0.0,-0.001213628252209603,2.2845975411154673,93.0
마마29bb03aa,0.0,0.0,0.0,0.0,0.0,0.0,0.0,0.0,0.0,3.1130760722045023,62.0
마마29bb03ab,0.0,0.0,0.0,0.0,0.0,0.0,0.0,0.0,0.0,3.1130760722045023,62.0
마마29bb03ba,0.0,0.0,0.0,0.0,0.0,0.0,0.0,0.0,0.0,3.1130760722045023,62.0
마마29bb03bb,0.0,0.0,0.0,0.0,0.0,0.0,0.0,0.0,0.0,3.1130760722045023,62.0
마마29bb04aa,0.0,0.0,0.0,0.0,0.0,0.0,0.0,0.0,0.0,3.1130760722045023,62.0
마마29bb04ab,0.0,0.0,0.0,0.0,0.0,0.0,0.0,0.0,0.0,3.1130760722045023,62.0
마마29bb04ba,0.0,0.0,0.0,0.0,0.0,0.0,0.0,0.0,0.0,3.1130760722045023,62.0
마마29bb04bb,0.0,0.0,0.0,0.0,0.0,0.0,0.0,0.0,0.0,3.1130760722045023,62.0
마마29bb05aa,0.0,0.0,0.0,0.0,0.0,0.0,0.0051813471502590676,0.0,0.0005178599846296541,3.1130760722045023,58.0
마마29bb05ab,0.0,0.0,0.0,0.0,0.0,0.0,0.0,0.0,0.0,3.1130760722045023,62.0
마마29bb05ba,0.0,0.0,0.0,0.0,0.0,0.0,0.0,0.0,0.0,3.1130760722045023,62.0
마마29bb05bb,0.0,0.0,0.0,0.0,0.0,0.0,0.0,0.0,0.0,3.1130760722045023,62.0
마마29bb06aa,0.0,0.0,0.0,0.0,0.0,0.0,0.0,0.0,0.0,3.1130760722045023,62.0
마마29bb06ab,0.039735099337748346,0.0,0.0,0.0,0.0,0.0,0.0,0.0,-0.003640884756628809,2.55175305519838,192.0
마마29bb06ba,0.0,0.0,0.0,0.0,0.0,0.0,0.0,0.0,0.0,3.1130760722045023,62.0
마마29bb06bb,0.0,0.0,0.0,0.0,0.0,0.0,0.0,0.0,0.0,3.1130760722045023,62.0
마마29bb07aa,0.0,0.0,0.0,0.0,0.0,0.0,0.0,0.0,0.0,3.1130760722045023,62.0
마마29bb07ab,0.0,0.0,0.0,0.0,0.0,0.0,0.0,0.0,0.0,3.1130760722045023,62.0
마마30aa00aa,0.0,0.0,0.0,0.0,0.0,0.0,0.0,0.0,0.0,3.1130760722045023,62.0
마마30aa00ab,0.0,0.0,0.0,0.0,0.0,0.0,0.0,0.0,0.0,3.1130760722045023,62.0
마마30aa00ba,0.0,0.0,0.0,0.0,0.0,0.0,0.0,0.0,0.0,3.1130760722045023,62.0
마마30aa00bb,0.0,0.0,0.0,0.0,0.0,0.0,0.0,0.0,0.0,3.1130760722045023,62.0
마마30aa01aa,0.0,0.0,0.0,0.0,0.0,0.0,0.0,0.0,0.0,3.1130760722045023,62.0
마마30aa01ab,0.026490066225165563,0.0,0.0,0.0,0.0,0.0,0.0,0.0,-0.002427256504419206,2.235757445615273,144.0
마마30aa01ba,0.09271523178807947,0.0,0.0,0.0,0.0,0.0018444512757454655,0.0,0.0,-0.00873798866682466,7.740977260881912,346.0
마마30aa01bb,0.11920529801324503,0.0,0.0,0.0,0.0,0.0046111281893636644,0.0,0.0,-0.011529131523280025,1.0726569356569355,437.0
마마30aa02aa,0.24503311258278146,0.0,0.0,0.0,0.0,0.018751921303412234,0.0,0.0,-0.024918463496344957,1.114492163920735,867.0
마마30aa02ab,0.2185430463576159,0.04,0.4,0.375,0.0,0.02828158622809714,0.12176165803108809,0.2844532755,-0.005714085696447758,6.066378510378516,252.0
마마30aa02ba,0.006622516556291391,0.0,0.0,0.0,0.0,0.0,0.0,0.0,-0.0006068141261048015,2.2628047968481355,74.0
마마30aa02bb,0.0,0.0,0.0,0.0,0.0,0.0,0.0,0.0,0.0,3.1130760722045023,62.0
마마30aa03aa,0.0,0.0,0.0,0.0,0.0,0.0,0.0,0.0,0.0,3.1130760722045023,62.0
마마30aa03ab,0.0,0.0,0.0,0.0,0.0,0.0,0.0,0.0,0.0,3.1130760722045023,62.0
마마30aa03ba,0.0,0.0,0.0,0.0,0.0,0.0,0.0,0.0,0.0,3.1130760722045023,62.0
마마30aa03bb,0.0,0.0,0.0,0.0,0.0,0.0,0.0,0.0,0.0,3.1130760722045023,62.0
마마30aa04aa,0.0,0.0,0.0,0.0,0.0,0.0,0.0,0.0,0.0,3.1130760722045023,62.0
마마30aa04ab,0.0,0.0,0.0,0.0,0.0,0.0,0.0,0.0,0.0,3.1130760722045023,62.0
마마30aa04ba,0.0,0.0,0.0,0.0,0.0,0.0,0.0,0.0,0.0,3.1130760722045023,62.0
마마30aa04bb,0.0,0.0,0.0,0.0,0.0,0.0,0.0,0.0,0.0,3.1130760722045023,62.0
마마30aa05aa,0.0,0.0,0.0,0.0,0.0,0.0,0.0,0.0,0.0,3.1130760722045023,62.0
마마30aa05ab,0.0,0.0,0.0,0.0,0.0,0.0,0.0,0.0,0.0,3.1130760722045023,62.0
마마30aa05ba,0.0,0.0,0.0,0.0,0.0,0.0,0.0,0.0,0.0,3.1130760722045023,62.0
마마30aa05bb,0.013245033112582781,0.0,0.0,0.0,0.0,0.0,0.0,0.0,-0.001213628252209603,2.2845975411154673,93.0
마마30aa06aa,0.0,0.0,0.0,0.0,0.0,0.0,0.0,0.0,0.0,3.1130760722045023,62.0
마마30aa06ab,0.0,0.0,0.0,0.0,0.0,0.0,0.0,0.0,0.0,3.1130760722045023,62.0
마마30aa06ba,0.0,0.0,0.0,0.0,0.0,0.0,0.0,0.0,0.0,3.1130760722045023,62.0
마마30aa06bb,0.0,0.0,0.0,0.0,0.0,0.0,0.0,0.0,0.0,3.1130760722045023,62.0
마마30aa07aa,0.0,0.0,0.0,0.0,0.0,0.0,0.0,0.0,0.0,3.1130760722045023,62.0
마마30ab00aa,0.0,0.0,0.0,0.0,0.0,0.0,0.0,0.0,0.0,3.1130760722045023,62.0
마마30ab00ab,0.0,0.0,0.0,0.0,0.0,0.0,0.0,0.0,0.0,3.1130760722045023,62.0
마마30ab00ba,0.0,0.0,0.0,0.0,0.0,0.0,0.0,0.0,0.0,3.1130760722045023,62.0
마마30ab00bb,0.0,0.0,0.0,0.0,0.0,0.0,0.0,0.0,0.0,3.1130760722045023,62.0
마마30ab01aa,0.0,0.0,0.0,0.0,0.0,0.0,0.031088082901554404,0.0,0.003107159907777925,3.3884844660798334,43.0
마마30ab01ab,0.0,0.0,0.0,0.0,0.0,0.0,0.0,0.0,0.0,3.1130760722045023,62.0
마마30ab01ba,0.0,0.0,0.0,0.0,0.0,0.0,0.0,0.0,0.0,3.1130760722045023,62.0
마마30ab01bb,0.0,0.0,0.0,0.0,0.0,0.0,0.0,0.0,0.0,3.1130760722045023,62.0
마마30ab02aa,0.013245033112582781,0.0,0.0,0.0,0.0,0.003996311097448509,0.0,0.0,-0.0017392418718173886,2.632968131576043,114.0
마마30ab02ab,0.11920529801324503,0.08,0.0,0.0,0.0,0.0064555794651091295,0.0,0.0,-0.019068003282751544,3.1728685481185477,703.0
마마30ab02ba,0.059602649006622516,0.0,0.0,0.0,0.0,0.0,0.0,0.0,-0.005461327134943213,2.228727806149955,242.0
마마30ab02bb,0.0,0.0,0.0,0.0,0.0,0.0,0.0,0.0,0.0,3.1130760722045023,62.0
마마30ab03aa,0.0,0.0,0.0,0.0,0.0,0.0,0.0,0.0,0.0,3.1130760722045023,62.0
마마30ab03ab,0.0,0.0,0.0,0.0,0.0,0.0,0.0,0.0,0.0,3.1130760722045023,62.0
마마30ab03ba,0.0,0.0,0.0,0.0,0.0,0.0,0.0,0.0,0.0,3.1130760722045023,62.0
마마30ab03bb,0.0,0.0,0.0,0.0,0.0,0.0,0.0,0.0,0.0,3.1130760722045023,62.0
마마30ab04aa,0.0,0.0,0.0,0.0,0.0,0.0,0.0,0.0,0.0,3.1130760722045023,62.0
마마30ab04ab,0.11258278145695365,0.0,0.0,0.0,0.0,0.0,0.0,0.0,-0.010315840143781625,2.5908635180669357,396.0
마마30ab04ba,0.013245033112582781,0.0,0.0,0.0,0.0,0.0,0.0,0.0,-0.001213628252209603,2.2845975411154673,93.0
마마30ab04bb,0.0,0.0,0.0,0.0,0.0,0.0,0.0,0.0,0.0,3.1130760722045023,62.0
마마30ab05aa,0.0,0.0,0.0,0.0,0.0,0.0,0.0,0.0,0.0,3.1130760722045023,62.0
마마30ab05ab,0.0,0.0,0.0,0.0,0.0,0.0,0.0,0.0,0.0,3.1130760722045023,62.0
마마30ab05ba,0.07947019867549669,0.0,0.0,0.0,0.0,0.0046111281893636644,0.0,0.0,-0.007888246766651216,7.114265336664496,319.0
마마30ab05bb,0.0,0.0,0.0,0.0,0.0,0.0,0.0,0.0,0.0,3.1130760722045023,62.0
마마30ab06aa,0.0,0.0,0.0,0.0,0.0,0.0,0.0,0.0,0.0,3.1130760722045023,62.0
마마30ab06ab,0.0,0.0,0.0,0.0,0.0,0.0,0.0,0.0,0.0,3.1130760722045023,62.0
마마30ab06ba,0.0,0.0,0.0,0.0,0.0,0.0,0.0,0.0,0.0,3.1130760722045023,62.0
마마30ab06bb,0.0,0.0,0.0,0.0,0.0,0.0,0.0,0.0,0.0,3.1130760722045023,62.0
마마30ba00aa,0.0,0.0,0.0,0.0,0.0,0.0,0.0,0.0,0.0,3.1130760722045023,62.0
마마30ba00ab,0.0,0.0,0.0,0.0,0.0,0.0,0.0,0.0,0.0,3.1130760722045023,62.0
마마30ba00ba,0.0,0.0,0.0,0.0,0.0,0.0,0.0,0.0,0.0,3.1130760722045023,62.0
마마30ba00bb,0.0,0.0,0.0,0.0,0.0,0.0,0.0,0.0,0.0,3.1130760722045023,62.0
마마30ba01aa,0.0,0.0,0.0,0.0,0.0,0.0,0.0,0.0,0.0,3.1130760722045023,62.0
마마30ba01ab,0.0,0.0,0.0,0.0,0.0,0.0,0.0,0.0,0.0,3.1130760722045023,62.0
마마30ba01ba,0.0,0.0,0.0,0.0,0.0,0.0,0.0,0.0,0.0,3.1130760722045023,62.0
마마30ba01bb,0.0,0.0,0.0,0.0,0.0,0.0,0.0,0.0,0.0,3.1130760722045023,62.0
마마30ba02aa,0.0,0.0,0.0,0.0,0.0,0.0,0.0,0.0,0.0,3.1130760722045023,62.0
마마30ba02ab,0.0,0.0,0.0,0.0,0.0,0.0,0.0,0.0,0.0,3.1130760722045023,62.0
마마30ba02ba,0.0,0.0,0.0,0.0,0.0,0.0,0.0,0.0,0.0,3.1130760722045023,62.0
마마30ba02bb,0.013245033112582781,0.0,0.0,0.125,0.0,0.0,0.0,0.0,0.010303391456776908,2.7322668912219656,26.0
마마30ba03aa,0.0,0.0,0.0,0.0,0.0,0.0,0.0,0.0,0.0,3.1130760722045023,62.0
마마30ba03ab,0.0728476821192053,0.0,0.0,0.0,0.0,0.0021518598217030436,0.0,0.0,-0.006957978105403163,2.3485404210247443,292.0
마마30ba03ba,0.0,0.0,0.0,0.0,0.0,0.0,0.0,0.0,0.0,3.1130760722045023,62.0
마마30ba03bb,0.0,0.0,0.0,0.0,0.0,0.0,0.0,0.0,0.0,3.1130760722045023,62.0
마마30ba04aa,0.019867549668874173,0.0,0.0,0.0,0.0,0.0,0.0,0.0,-0.0018204423783144046,2.235757445615273,118.0
마마30ba04ab,0.152317880794702,0.0,0.0,0.0,0.0,0.0,0.0,0.0,-0.013956724900410434,1.1812259856545568,520.0
마마30ba04ba,0.006622516556291391,0.0,0.0,0.0,0.0,0.0,0.0,0.0,-0.0006068141261048015,2.2628047968481355,74.0
마마30ba04bb,0.0,0.0,0.0,0.0,0.0,0.0,0.0,0.0,0.0,3.1130760722045023,62.0
마마30ba05aa,0.0,0.0,0.0,0.0,0.0,0.0,0.0,0.0,0.0,3.1130760722045023,62.0
마마30ba05ab,0.046357615894039736,0.0,0.0,0.0,0.0,0.0,0.0,0.0,-0.0042476988827336104,2.011401784288219,208.0
마마30ba05ba,0.07947019867549669,0.0,0.0,0.0,0.0,0.0,0.0,0.0,-0.007281769513257618,7.535394101977326,301.0
마마30ba05bb,0.0,0.0,0.0,0.0,0.0,0.0,0.0,0.0,0.0,3.1130760722045023,62.0
마마30ba06aa,0.0,0.0,0.0,0.0,0.0,0.0,0.0,0.0,0.0,3.1130760722045023,62.0
마마30ba06ab,0.0,0.0,0.0,0.0,0.0,0.0,0.0,0.0,0.0,3.1130760722045023,62.0
마마30ba06ba,0.0,0.0,0.0,0.0,0.0,0.0,0.0,0.0,0.0,3.1130760722045023,62.0
마마30bb00aa,0.0,0.0,0.0,0.0,0.0,0.0,0.0,0.0,0.0,3.1130760722045023,62.0
마마30bb00ab,0.0,0.0,0.0,0.0,0.0,0.0,0.0,0.0,0.0,3.1130760722045023,62.0
마마30bb00ba,0.0,0.0,0.0,0.0,0.0,0.0,0.0,0.0,0.0,3.1130760722045023,62.0
마마30bb00bb,0.0,0.0,0.0,0.0,0.0,0.0,0.0,0.0,0.0,3.1130760722045023,62.0
마마30bb01aa,0.0,0.0,0.0,0.0,0.0,0.0,0.0,0.0,0.0,3.1130760722045023,62.0
마마30bb01ab,0.0,0.0,0.0,0.0,0.0,0.0,0.0,0.0,0.0,3.1130760722045023,62.0
마마30bb01ba,0.0,0.0,0.0,0.0,0.0,0.0,0.0,0.0,0.0,3.1130760722045023,62.0
마마30bb01bb,0.0,0.0,0.0,0.0,0.0,0.0,0.0,0.0,0.0,3.1130760722045023,62.0
마마30bb02aa,0.0,0.0,0.0,0.0,0.0,0.0,0.0,0.0,0.0,3.1130760722045023,62.0
마마30bb02ab,0.0,0.0,0.0,0.0,0.0,0.0,0.0,0.0,0.0,3.1130760722045023,62.0
마마30bb02ba,0.006622516556291391,0.0,0.0,0.0,0.0,0.0,0.0,0.0,-0.0006068141261048015,2.2628047968481355,74.0
마마30bb02bb,0.09933774834437085,0.0,0.0,0.0,0.0,0.0,0.0,0.0,-0.009102211891572022,8.159066350363856,359.0
마마30bb03aa,0.033112582781456956,0.0,0.0,0.0,0.0,0.0,0.0,0.13333333333333333,-0.014772200286919905,2.347472871858723,551.0
마마30bb03ab,0.026490066225165563,0.0,0.0,0.0,0.0,0.0,0.0,0.0,-0.002427256504419206,2.235757445615273,144.0
마마30bb03ba,0.033112582781456956,0.0,0.0,0.0,0.0,0.0,0.0,0.0,-0.003034070630524008,2.4791925079025385,171.0
마마30bb03bb,0.11920529801324503,0.0,0.0,0.0,0.0,0.0,0.0,0.0,-0.010922654269886426,1.1786747273890128,417.0
마마30bb04aa,0.4503311258278146,0.0,0.0,0.0,0.0,0.0030740854595757753,0.0,0.0,-0.04166767874405557,1.1435938558795704,1118.0
마마30bb04ab,0.3509933774834437,0.0,0.0,0.0,0.0,0.0030740854595757753,0.0,0.0,-0.03256546685248354,1.2806787154644295,1012.0
마마30bb04ba,0.0,0.0,0.0,0.0,0.0,0.0,0.0,0.0,0.0,3.1130760722045023,62.0
마마30bb04bb,0.0,0.0,0.0,0.0,0.0,0.0,0.0,0.0,0.0,3.1130760722045023,62.0
마마30bb05aa,0.019867549668874173,0.0,0.0,0.0,0.0,0.0,0.0,0.0,-0.0018204423783144046,2.235757445615273,118.0
마마30bb05ab,0.026490066225165563,0.0,0.0,0.0,0.0,0.0,0.0,0.0,-0.002427256504419206,2.235757445615273,144.0
마마30bb05ba,0.0,0.0,0.0,0.0,0.0,0.0,0.0,0.0,0.0,3.1130760722045023,62.0
마마30bb05bb,0.0,0.0,0.0,0.0,0.0,0.0,0.0,0.0,0.0,3.1130760722045023,62.0
마마30bb06aa,0.0,0.0,0.0,0.0,0.0,0.0,0.0,0.0,0.0,3.1130760722045023,62.0
마마31aa00aa,0.006622516556291391,0.0,0.0,0.0,0.0,0.0,0.0,0.0,-0.0006068141261048015,2.2628047968481355,74.0
마마31aa00ab,0.2119205298013245,0.0,0.0,0.0,0.0,0.0,0.0,0.0,-0.01941805203535365,1.202700344628916,714.0
마마31aa00ba,0.11920529801324503,0.0,0.0,0.0,0.0,0.0,0.0,0.0,-0.010922654269886426,1.1786747273890128,417.0
마마31aa00bb,0.25165562913907286,0.0,0.0,0.0,0.0,0.0,0.0,0.0,-0.023058936791982457,1.2391808086093798,810.0
마마31aa01aa,0.046357615894039736,0.0,0.0,0.0,0.0,0.0,0.0,0.0,-0.0042476988827336104,2.011401784288219,208.0
마마31aa01ab,0.0,0.0,0.0,0.0,0.0,0.0,0.0,0.0,0.0,3.1130760722045023,62.0
마마31aa01ba,0.0,0.0,0.0,0.0,0.0,0.0,0.0,0.0,0.0,3.1130760722045023,62.0
마마31aa01bb,0.0,0.0,0.0,0.0,0.0,0.0,0.0,0.0,0.0,3.1130760722045023,62.0
마마31aa02aa,0.0,0.0,0.0,0.0,0.0,0.0,0.0,0.0,0.0,3.1130760722045023,62.0
마마31aa02ab,0.0,0.0,0.0,0.0,0.0,0.0,0.0,0.0,0.0,3.1130760722045023,62.0
마마31aa02ba,0.026490066225165563,0.0,0.0,0.0,0.0,0.0,0.0,0.0,-0.002427256504419206,2.235757445615273,144.0
마마31aa02bb,0.026490066225165563,0.0,0.0,0.0,0.0,0.0,0.0,0.0,-0.002427256504419206,2.235757445615273,144.0
마마31aa03aa,0.09271523178807947,0.04,0.0,0.0,0.0,0.0,0.0,0.0,-0.012143538194524262,7.626606578682812,455.0
마마31aa03ab,0.013245033112582781,0.0,0.0,0.0,0.0,0.0,0.0,0.0,-0.001213628252209603,2.2845975411154673,93.0
마마31aa03ba,0.006622516556291391,0.0,0.0,0.0,0.0,0.0,0.0,0.0,-0.0006068141261048015,2.2628047968481355,74.0
마마31aa03bb,0.11920529801324503,0.0,0.0,0.0,0.0,0.007992622194897018,0.0,0.0,-0.011973881509101997,1.0726569356569355,450.0
마마31aa04aa,0.013245033112582781,0.0,0.0,0.0,0.0,0.0064555794651091295,0.0,0.0,-0.002062696406960641,2.5012416076725956,128.0
마마31aa04ab,0.0,0.0,0.0,0.0,0.0,0.0,0.0,0.0,0.0,3.1130760722045023,62.0
마마31aa04ba,0.0,0.0,0.0,0.0,0.0,0.0,0.0,0.0,0.0,3.1130760722045023,62.0
마마31aa04bb,0.0,0.0,0.0,0.0,0.0,0.0,0.0,0.0,0.0,3.1130760722045023,62.0
마마31aa05aa,0.0,0.0,0.0,0.0,0.0,0.0,0.0,0.0,0.0,3.1130760722045023,62.0
마마31aa05ab,0.033112582781456956,0.0,0.0,0.0,0.0,0.0,0.0,0.0,-0.003034070630524008,2.4791925079025385,171.0
마마31aa05ba,0.0,0.0,0.0,0.0,0.0,0.0,0.0,0.0,0.0,3.1130760722045023,62.0
마마31aa05bb,0.0,0.0,0.0,0.0,0.0,0.0,0.0,0.0,0.0,3.1130760722045023,62.0
마마31ab00aa,0.19205298013245034,0.0,0.0,0.0,0.0,0.0,0.0,0.0,-0.017597609657039243,1.202700344628916,644.0
마마31ab00ab,0.4370860927152318,0.0,0.0,0.0,0.0,0.0027666769136181985,0.0,0.0,-0.04041361867495306,1.1435938558795704,1106.0
마마31ab00ba,0.23178807947019867,0.0,0.0,0.0,0.0,0.004303719643406086,0.0,0.0,-0.021804539850168742,1.0913528825671681,775.0
마마31ab00bb,0.37748344370860926,0.0,0.0,0.0,0.0,0.002459268367660621,0.0,0.0,-0.03491185972311693,1.183877738663453,1044.0
마마31ab01aa,0.4503311258278146,0.0,0.0,0.0,0.0,0.0018444512757454655,0.0,0.0,-0.04150595147648394,1.1435938558795704,1116.0
마마31ab01ab,0.5033112582781457,0.0,0.0,0.0,0.0,0.0027666769136181985,0.0,0.0,-0.04648175993600107,1.0312565265422413,1163.0
마마31ab01ba,0.3509933774834437,0.0,0.0,0.0,0.0,0.0021518598217030436,0.0,0.0,-0.032444171401804826,1.2806787154644295,1010.0
마마31ab01bb,0.09271523178807947,0.0,0.0,0.0,0.0,0.002459268367660621,0.0,0.0,-0.008818852300610474,7.658376528281179,348.0
마마31ab02aa,0.0,0.0,0.0,0.0,0.0,0.0,0.0,0.0,0.0,3.1130760722045023,62.0
마마31ab02ab,0.0,0.0,0.0,0.0,0.0,0.0,0.0,0.0,0.0,3.1130760722045023,62.0
마마31ab02ba,0.019867549668874173,0.0,0.0,0.0,0.0,0.0,0.0,0.0,-0.0018204423783144046,2.235757445615273,118.0
마마31ab02bb,0.0,0.0,0.0,0.0,0.0,0.0,0.0,0.0,0.0,3.1130760722045023,62.0
마마31ab03aa,0.09933774834437085,0.04,0.0,0.0,0.0,0.0018444512757454655,0.0,0.0,-0.012992943221986502,7.258154328551992,490.0
마마31ab03ab,0.0,0.0,0.0,0.0,0.0,0.0,0.0,0.0,0.0,3.1130760722045023,62.0
마마31ab03ba,0.033112582781456956,0.0,0.0,0.0,0.0,0.0,0.0,0.0,-0.003034070630524008,2.4791925079025385,171.0
마마31ab03bb,0.0,0.0,0.0,0.0,0.0,0.0,0.0,0.0,0.0,3.1130760722045023,62.0
마마31ab04aa,0.0,0.0,0.0,0.0,0.0,0.0,0.0,0.0,0.0,3.1130760722045023,62.0
마마31ab04ab,0.0,0.0,0.0,0.0,0.0,0.0,0.0,0.0,0.0,3.1130760722045023,62.0
마마31ab04ba,0.0,0.0,0.0,0.0,0.0,0.0,0.0,0.0,0.0,3.1130760722045023,62.0
마마31ab04bb,0.0,0.0,0.0,0.0,0.0,0.0,0.0,0.0,0.0,3.1130760722045023,62.0
마마31ab05aa,0.0,0.0,0.0,0.0,0.0,0.0,0.0,0.0,0.0,3.1130760722045023,62.0
마마31ab05ab,0.013245033112582781,0.0,0.0,0.0,0.0,0.0,0.0,0.0,-0.001213628252209603,2.2845975411154673,93.0
마마31ab05ba,0.0,0.0,0.0,0.0,0.0,0.0,0.0,0.0,0.0,3.1130760722045023,62.0
마마31ba00aa,0.059602649006622516,0.0,0.0,0.0,0.0,0.0,0.0,0.0,-0.005461327134943213,2.228727806149955,242.0
마마31ba00ab,0.0,0.0,0.0,0.0,0.0,0.0,0.0,0.0,0.0,3.1130760722045023,62.0
마마31ba00ba,0.0,0.0,0.0,0.0,0.0,0.0,0.0,0.0,0.0,3.1130760722045023,62.0
마마31ba00bb,0.0,0.0,0.0,0.0,0.0,0.0,0.0,0.0,0.0,3.1130760722045023,62.0
마마31ba01aa,0.0,0.0,0.0,0.0,0.0,0.0,0.0,0.0,0.0,3.1130760722045023,62.0
마마31ba01ab,0.11920529801324503,0.0,0.0,0.0,0.0,0.0,0.0,0.0,-0.010922654269886426,1.1786747273890128,417.0
마마31ba01ba,0.3443708609271523,0.0,0.0,0.0,0.0,0.0021518598217030436,0.0,0.125,-0.042841853828571176,0.7083566909281198,1131.0
마마31ba01bb,0.2251655629139073,0.0,0.0,0.0,0.0,0.0,0.0,0.0,-0.02063168028756325,1.202700344628916,748.0
마마31ba02aa,0.08609271523178808,0.0,0.0,0.0,0.0,0.0,0.0,0.0,-0.007888583639362418,7.535394101977326,320.0
마마31ba02ab,0.0,0.0,0.0,0.0,0.0,0.0,0.0,0.0,0.0,3.1130760722045023,62.0
마마31ba02ba,0.0,0.0,0.0,0.0,0.0,0.0,0.0,0.0,0.0,3.1130760722045023,62.0
마마31ba02bb,0.0,0.0,0.0,0.0,0.0,0.0,0.0,0.0,0.0,3.1130760722045023,62.0
마마31ba03aa,0.24503311258278146,0.0,0.0,0.0,0.0,0.0,0.0,0.0,-0.022452122665877657,1.2391808086093798,798.0
마마31ba03ab,0.0,0.0,0.0,0.0,0.0,0.0,0.0,0.0,0.0,3.1130760722045023,62.0
마마31ba03ba,0.0,0.0,0.0,0.0,0.0,0.0,0.0,0.0,0.0,3.1130760722045023,62.0
마마31ba03bb,0.0,0.0,0.0,0.0,0.0,0.0,0.0,0.0,0.0,3.1130760722045023,62.0
마마31ba04aa,0.0,0.0,0.0,0.0,0.0,0.0,0.0,0.0,0.0,3.1130760722045023,62.0
마마31ba04ab,0.0,0.0,0.0,0.0,0.0,0.0,0.0,0.0,0.0,3.1130760722045023,62.0
마마31ba04ba,0.0,0.0,0.0,0.0,0.0,0.0,0.0,0.0,0.0,3.1130760722045023,62.0
마마31ba04bb,0.0,0.0,0.0,0.0,0.0,0.0,0.0,0.0,0.0,3.1130760722045023,62.0
마마31ba05aa,0.0,0.0,0.0,0.0,0.0,0.0,0.0,0.0,0.0,3.1130760722045023,62.0
마마31ba05ab,0.0,0.0,0.0,0.0,0.0,0.0,0.0,0.0,0.0,3.1130760722045023,62.0
마마31ba05ba,0.0,0.0,0.0,0.0,0.0,0.0,0.0,0.0,0.0,3.1130760722045023,62.0
마마31bb00aa,0.0,0.0,0.0,0.0,0.0,0.0,0.0,0.0,0.0,3.1130760722045023,62.0
마마31bb00ab,0.0,0.0,0.0,0.0,0.0,0.0,0.0,0.0,0.0,3.1130760722045023,62.0
마마31bb00ba,0.0,0.0,0.0,0.0,0.0,0.0,0.0,0.0,0.0,3.1130760722045023,62.0
마마31bb00bb,0.0,0.0,0.0,0.0,0.0,0.0,0.0,0.0,0.0,3.1130760722045023,62.0
마마31bb01aa,0.0,0.0,0.0,0.0,0.0,0.0,0.0,0.0,0.0,3.1130760722045023,62.0
마마31bb01ab,0.0,0.0,0.0,0.0,0.0,0.0,0.0,0.0,0.0,3.1130760722045023,62.0
마마31bb01ba,0.006622516556291391,0.0,0.0,0.0,0.0,0.0,0.0,0.0,-0.0006068141261048015,2.2628047968481355,74.0
마마31bb01bb,0.2781456953642384,0.0,0.0,0.0,0.0,0.0,0.0,0.0,-0.02548619329640166,1.2648083160226018,881.0
마마31bb02aa,0.2185430463576159,0.0,0.0,0.0,0.0,0.0,0.0,0.0,-0.02002486616145845,1.202700344628916,729.0
마마31bb02ab,0.0,0.0,0.0,0.0,0.0,0.0,0.0,0.0,0.0,3.1130760722045023,62.0
마마31bb02ba,0.0,0.0,0.0,0.0,0.0,0.0,0.0,0.0,0.0,3.1130760722045023,62.0
마마31bb02bb,0.019867549668874173,0.0,0.0,0.0,0.0,0.0,0.0,0.0,-0.0018204423783144046,2.235757445615273,118.0
마마31bb03aa,0.2251655629139073,0.0,0.0,0.0,0.0,0.0,0.0,0.0,-0.02063168028756325,1.202700344628916,748.0
마마31bb03ab,0.0,0.0,0.0,0.0,0.0,0.0,0.0,0.0,0.0,3.1130760722045023,62.0
마마31bb03ba,0.019867549668874173,0.0,0.0,0.0,0.0,0.0,0.0,0.0,-0.0018204423783144046,2.235757445615273,118.0
마마31bb03bb,0.006622516556291391,0.0,0.0,0.0,0.0,0.0,0.0,0.0,-0.0006068141261048015,2.2628047968481355,74.0
마마31bb04aa,0.0,0.0,0.0,0.0,0.0,0.0,0.0,0.0,0.0,3.1130760722045023,62.0
마마31bb04ab,0.0,0.0,0.0,0.0,0.0,0.0,0.0,0.0,0.0,3.1130760722045023,62.0
마마31bb04ba,0.0,0.0,0.0,0.0,0.0,0.0,0.0,0.0,0.0,3.1130760722045023,62.0
마마31bb04bb,0.0,0.0,0.0,0.0,0.0,0.0,0.0,0.0,0.0,3.1130760722045023,62.0
마마31bb05aa,0.0,0.0,0.0,0.0,0.0,0.0,0.0,0.0,0.0,3.1130760722045023,62.0
마마31bb05ab,0.0,0.0,0.0,0.0,0.0,0.0,0.0,0.0,0.0,3.1130760722045023,62.0
마마31bb05ba,0.0,0.0,0.0,0.0,0.0,0.0,0.0,0.0,0.0,3.1130760722045023,62.0
마마32aa00aa,0.0,0.0,0.0,0.0,0.0,0.0,0.0,0.0,0.0,3.1130760722045023,62.0
마마32aa00ab,0.0,0.0,0.0,0.0,0.0,0.0,0.0,0.0,0.0,3.1130760722045023,62.0
마마32aa00ba,0.0,0.0,0.0,0.0,0.0,0.0,0.0,0.0,0.0,3.1130760722045023,62.0
마마32aa00bb,0.0,0.0,0.0,0.0,0.0,0.0,0.0,0.0,0.0,3.1130760722045023,62.0
마마32aa01aa,0.0,0.0,0.0,0.0,0.0,0.0,0.0,0.0,0.0,3.1130760722045023,62.0
마마32aa01ab,0.0,0.0,0.0,0.0,0.0,0.0,0.0,0.0,0.0,3.1130760722045023,62.0
마마32aa01ba,0.0,0.0,0.0,0.0,0.0,0.0,0.0,0.0,0.0,3.1130760722045023,62.0
마마32aa01bb,0.013245033112582781,0.0,0.0,0.0,0.0,0.0,0.0,0.0,-0.001213628252209603,2.2845975411154673,93.0
마마32aa02aa,0.2052980132450331,0.0,0.0,0.0,0.0,0.0,0.0,0.0,-0.018811237909248844,1.202700344628916,695.0
마마32aa02ab,0.006622516556291391,0.0,0.0,0.0,0.0,0.0,0.0,0.0,-0.0006068141261048015,2.2628047968481355,74.0
마마32aa02ba,0.0,0.0,0.0,0.0,0.0,0.0,0.0,0.0,0.0,3.1130760722045023,62.0
마마32aa02bb,0.026490066225165563,0.0,0.0,0.0,0.0,0.0,0.0,0.0,-0.002427256504419206,2.235757445615273,144.0
마마32aa03aa,0.11920529801324503,0.04,0.0,0.0,0.0,0.0,0.0,0.0,-0.014570794698943467,3.4476635943421643,542.0
마마32aa03ab,0.0,0.0,0.0,0.0,0.0,0.0,0.0,0.0,0.0,3.1130760722045023,62.0
마마32aa03ba,0.0,0.0,0.0,0.0,0.0,0.0021518598217030436,0.0,0.0,-0.00028302271825034604,3.1019183702573265,67.0
마마32aa03bb,0.07947019867549669,0.0,0.0,0.0,0.0,0.0,0.0,0.0,-0.007281769513257618,7.535394101977326,301.0
마마32aa04aa,0.0,0.0,0.0,0.0,0.0,0.0,0.0,0.0,0.0,3.1130760722045023,62.0
마마32aa04ab,0.0,0.0,0.0,0.0,0.0,0.0,0.0,0.0,0.0,3.1130760722045023,62.0
마마32aa04ba,0.0,0.0,0.0,0.0,0.0,0.0,0.0,0.0,0.0,3.1130760722045023,62.0
마마32aa04bb,0.0,0.0,0.0,0.0,0.0,0.0,0.0,0.0,0.0,3.1130760722045023,62.0
마마32aa05aa,0.0,0.0,0.0,0.0,0.0,0.0,0.0,0.0,0.0,3.1130760722045023,62.0
마마32aa05ab,0.0,0.0,0.0,0.0,0.0,0.0,0.0,0.0,0.0,3.1130760722045023,62.0
마마32aa05ba,0.0,0.0,0.0,0.0,0.0,0.0,0.0,0.0,0.0,3.1130760722045023,62.0
마마32ab00aa,0.0,0.0,0.0,0.0,0.0,0.0,0.0,0.0,0.0,3.1130760722045023,62.0
마마32ab00ab,0.0,0.0,0.0,0.0,0.0,0.0,0.0,0.0,0.0,3.1130760722045023,62.0
마마32ab00ba,0.0,0.0,0.0,0.0,0.0,0.0,0.0,0.0,0.0,3.1130760722045023,62.0
마마32ab00bb,0.0,0.0,0.0,0.0,0.0,0.0,0.0,0.0,0.0,3.1130760722045023,62.0
마마32ab01aa,0.0,0.0,0.0,0.0,0.0,0.0,0.0,0.0,0.0,3.1130760722045023,62.0
마마32ab01ab,0.0,0.0,0.0,0.0,0.0,0.0,0.0,0.0,0.0,3.1130760722045023,62.0
마마32ab01ba,0.0,0.0,0.0,0.0,0.0,0.0,0.0,0.0,0.0,3.1130760722045023,62.0
마마32ab01bb,0.013245033112582781,0.0,0.0,0.0,0.0,0.0,0.0,0.0,-0.001213628252209603,2.2845975411154673,93.0
마마32ab02aa,0.11258278145695365,0.0,0.0,0.0,0.0,0.007377805102981862,0.018134715025906738,0.0,-0.009473693803007593,3.5128323825357985,370.0
마마32ab02ab,0.039735099337748346,0.0,0.0,0.0,0.0,0.0,0.0,0.3,-0.030051676483519578,2.8349762942402803,968.0
마마32ab02ba,0.0,0.0,0.0,0.0,0.0,0.0,0.0,0.0,0.0,3.1130760722045023,62.0
마마32ab02bb,0.0,0.0,0.0,0.0,0.0,0.0,0.0,0.0,0.0,3.1130760722045023,62.0
마마32ab03aa,0.1390728476821192,0.0,0.0,0.0,0.0,0.0,0.0,0.0,-0.01274309664820083,1.1812259856545568,478.0
마마32ab03ab,0.0,0.0,0.0,0.0,0.0,0.0,0.0,0.0,0.0,3.1130760722045023,62.0
마마32ab03ba,0.0,0.0,0.0,0.0,0.0,0.0,0.0,0.0,0.0,3.1130760722045023,62.0
마마32ab03bb,0.0,0.0,0.0,0.0,0.0,0.0,0.0,0.0,0.0,3.1130760722045023,62.0
마마32ab04aa,0.0,0.0,0.0,0.0,0.0,0.0,0.0,0.0,0.0,3.1130760722045023,62.0
마마32ab04ab,0.0,0.0,0.0,0.0,0.0,0.0,0.0,0.0,0.0,3.1130760722045023,62.0
마마32ab04ba,0.0,0.0,0.0,0.0,0.0,0.0,0.0,0.0,0.0,3.1130760722045023,62.0
마마32ab04bb,0.013245033112582781,0.0,0.0,0.0,0.0,0.0,0.0,0.0,-0.001213628252209603,2.2845975411154673,93.0
마마32ab05aa,0.0,0.0,0.0,0.0,0.0,0.0,0.0,0.0,0.0,3.1130760722045023,62.0
마마32ab05ab,0.0,0.0,0.0,0.0,0.0,0.0,0.0,0.0,0.0,3.1130760722045023,62.0
마마32ba00aa,0.0,0.0,0.0,0.0,0.0,0.0,0.0,0.0,0.0,3.1130760722045023,62.0
마마32ba00ab,0.0,0.0,0.0,0.0,0.0,0.0,0.0,0.0,0.0,3.1130760722045023,62.0
마마32ba00ba,0.0,0.0,0.0,0.0,0.0,0.0,0.0,0.0,0.0,3.1130760722045023,62.0
마마32ba00bb,0.0,0.0,0.0,0.0,0.0,0.0,0.0,0.0,0.0,3.1130760722045023,62.0
마마32ba01aa,0.019867549668874173,0.0,0.0,0.0,0.0,0.0,0.0,0.0,-0.0018204423783144046,2.235757445615273,118.0
마마32ba01ab,0.06622516556291391,0.0,0.0,0.0,0.0,0.0,0.0,0.0,-0.006068141261048016,2.23893334135549,266.0
마마32ba01ba,0.0728476821192053,0.0,0.0,0.0,0.0,0.0,0.0,0.0,-0.0066749553871528165,2.317230044652193,286.0
마마32ba01bb,0.1390728476821192,0.0,0.0,0.0,0.0,0.0,0.0,0.0,-0.01274309664820083,1.1812259856545568,478.0
마마32ba02aa,0.026490066225165563,0.0,0.0,0.0,0.0,0.0,0.0,0.0,-0.002427256504419206,2.235757445615273,144.0
마마32ba02ab,0.2582781456953642,0.0,0.0,0.0,0.0,0.0,0.0,0.4583333333333333,-0.06401557161194815,2.1552147059289917,1278.0
마마32ba02ba,0.006622516556291391,0.0,0.0,0.0,0.0,0.0,0.0,0.0,-0.0006068141261048015,2.2628047968481355,74.0
마마32ba02bb,0.0,0.0,0.0,0.0,0.0,0.0,0.0,0.0,0.0,3.1130760722045023,62.0
마마32ba03aa,0.11258278145695365,0.0,0.0,0.0,0.0,0.0,0.0,0.0,-0.010315840143781625,2.5908635180669357,396.0
마마32ba03ab,0.039735099337748346,0.0,0.0,0.0,0.0,0.0,0.0,0.0,-0.003640884756628809,2.55175305519838,192.0
마마32ba03ba,0.0,0.0,0.0,0.0,0.0,0.0,0.0,0.0,0.0,3.1130760722045023,62.0
마마32ba03bb,0.0728476821192053,0.0,0.0,0.0,0.0,0.0,0.0,0.0,-0.0066749553871528165,2.317230044652193,286.0
마마32ba04aa,0.0,0.0,0.0,0.0,0.0,0.0,0.0,0.0,0.0,3.1130760722045023,62.0
마마32ba04ab,0.0,0.0,0.0,0.0,0.0,0.0,0.0,0.0,0.0,3.1130760722045023,62.0
마마32ba04ba,0.0,0.0,0.0,0.0,0.0,0.0,0.0,0.0,0.0,3.1130760722045023,62.0
마마32ba04bb,0.0,0.0,0.0,0.0,0.0,0.0,0.0,0.0,0.0,3.1130760722045023,62.0
마마32ba05aa,0.0,0.0,0.0,0.0,0.0,0.0,0.0,0.0,0.0,3.1130760722045023,62.0
마마32ba05ab,0.0,0.0,0.0,0.0,0.0,0.0,0.0,0.0,0.0,3.1130760722045023,62.0
마마32bb00aa,0.0,0.0,0.0,0.0,0.0,0.0,0.0,0.0,0.0,3.1130760722045023,62.0
마마32bb00ab,0.0,0.0,0.0,0.0,0.0,0.0,0.0,0.0,0.0,3.1130760722045023,62.0
마마32bb00ba,0.0,0.0,0.0,0.0,0.0,0.0,0.0,0.0,0.0,3.1130760722045023,62.0
마마32bb00bb,0.0,0.0,0.0,0.0,0.0,0.0,0.0,0.0,0.0,3.1130760722045023,62.0
마마32bb01aa,0.0,0.0,0.0,0.0,0.0,0.0,0.0,0.0,0.0,3.1130760722045023,62.0
마마32bb01ab,0.0,0.0,0.0,0.0,0.0,0.0,0.0,0.0,0.0,3.1130760722045023,62.0
마마32bb01ba,0.11920529801324503,0.0,0.0,0.0,0.0,0.0,0.0,0.0,-0.010922654269886426,1.1786747273890128,417.0
마마32bb01bb,0.12582781456953643,0.0,0.0,0.0,0.0,0.0,0.0,0.0,-0.011529468395991229,1.1786747273890128,438.0
마마32bb02aa,0.10596026490066225,0.0,0.0,0.0,0.0,0.0,0.0,0.0,-0.009709026017676824,8.159066350363856,376.0
마마32bb02ab,0.17880794701986755,0.08,0.0,0.0,0.0,0.0,0.0,0.0,-0.023680262262943723,3.301975870690155,832.0
마마32bb02ba,0.2781456953642384,0.0,0.0,0.0,0.0,0.0,0.0,0.0,-0.02548619329640166,1.2648083160226018,881.0
마마32bb02bb,0.006622516556291391,0.0,0.0,0.0,0.0,0.0,0.0,0.0,-0.0006068141261048015,2.2628047968481355,74.0
마마32bb03aa,0.006622516556291391,0.0,0.0,0.0,0.0,0.0,0.0,0.0,-0.0006068141261048015,2.2628047968481355,74.0
마마32bb03ab,0.08609271523178808,0.0,0.0,0.0,0.0,0.0,0.0,0.0,-0.007888583639362418,7.535394101977326,320.0
마마32bb03ba,0.039735099337748346,0.0,0.0,0.0,0.0,0.0,0.0,0.0,-0.003640884756628809,2.55175305519838,192.0
마마32bb03bb,0.11258278145695365,0.0,0.0,0.0,0.0,0.0018444512757454655,0.0,0.0,-0.010558431045139064,2.450852529055947,403.0
마마32bb04aa,0.0,0.0,0.0,0.0,0.0,0.0,0.0,0.0,0.0,3.1130760722045023,62.0
마마32bb04ab,0.0,0.0,0.0,0.0,0.0,0.003381494005533354,0.0,0.0,-0.0004447499858219723,3.1871151246852025,71.0
마마32bb04ba,0.006622516556291391,0.0,0.0,0.0,0.0,0.007992622194897018,0.0,0.0,-0.0016580413653203725,2.70861966872831,111.0
마마32bb04bb,0.039735099337748346,0.0,0.0,0.0,0.0,0.0,0.0,0.0,-0.003640884756628809,2.55175305519838,192.0
마마32bb05aa,0.0,0.0,0.0,0.0,0.0,0.0,0.0,0.0,0.0,3.1130760722045023,62.0
마마33aa00aa,0.0,0.0,0.0,0.0,0.0,0.0,0.0,0.0,0.0,3.1130760722045023,62.0
마마33aa00ab,0.0,0.0,0.0,0.0,0.0,0.0,0.0,0.0,0.0,3.1130760722045023,62.0
마마33aa00ba,0.0,0.0,0.0,0.0,0.0,0.0,0.0,0.0,0.0,3.1130760722045023,62.0
마마33aa00bb,0.0,0.0,0.0,0.0,0.0,0.0,0.0,0.0,0.0,3.1130760722045023,62.0
마마33aa01aa,0.0,0.0,0.0,0.0,0.0,0.0,0.0,0.0,0.0,3.1130760722045023,62.0
마마33aa01ab,0.0,0.0,0.0,0.0,0.0,0.0,0.0,0.0,0.0,3.1130760722045023,62.0
마마33aa01ba,0.0,0.0,0.0,0.0,0.0,0.0,0.0,0.0,0.0,3.1130760722045023,62.0
마마33aa01bb,0.0,0.0,0.0,0.0,0.0,0.0,0.0,0.0,0.0,3.1130760722045023,62.0
마마33aa02aa,0.0,0.0,0.0,0.0,0.0,0.0,0.0,0.0,0.0,3.1130760722045023,62.0
마마33aa02ab,0.2185430463576159,0.0,0.0,0.0,0.0,0.0,0.0,0.0,-0.02002486616145845,1.202700344628916,729.0
마마33aa02ba,0.23178807947019867,0.0,0.0,0.0,0.0,0.0,0.0,0.0,-0.02123849441366805,1.202700344628916,765.0
마마33aa02bb,0.07947019867549669,0.0,0.0,0.0,0.0,0.0,0.0,0.0,-0.007281769513257618,7.535394101977326,301.0
마마33aa03aa,0.006622516556291391,0.0,0.0,0.0,0.0,0.0,0.0,0.0,-0.0006068141261048015,2.2628047968481355,74.0
마마33aa03ab,0.17218543046357615,0.0,0.0,0.0,0.0,0.0,0.0,0.0,-0.015777167278724837,1.202700344628916,584.0
마마33aa03ba,0.08609271523178808,0.0,0.0,0.0,0.0,0.0,0.0,0.0,-0.007888583639362418,7.535394101977326,320.0
마마33aa03bb,0.0,0.0,0.0,0.0,0.0,0.0,0.0,0.0,0.0,3.1130760722045023,62.0
마마33aa04aa,0.006622516556291391,0.0,0.0,0.0,0.0,0.004303719643406086,0.0,0.0,-0.0011728595626054935,2.6248200759533997,92.0
마마33aa04ab,0.033112582781456956,0.0,0.0,0.0,0.0,0.003381494005533354,0.0,0.0,-0.00347882061634598,2.6299699365657,189.0
마마33aa04ba,0.0,0.0,0.0,0.0,0.0,0.0,0.0,0.0,0.0,3.1130760722045023,62.0
마마33aa04bb,0.0,0.0,0.0,0.0,0.0,0.0,0.0,0.0,0.0,3.1130760722045023,62.0
마마33aa05aa,0.0,0.0,0.0,0.0,0.0,0.0,0.0,0.0,0.0,3.1130760722045023,62.0
마마33ab00aa,0.0,0.0,0.0,0.0,0.0,0.0,0.0,0.0,0.0,3.1130760722045023,62.0
마마33ab00ab,0.0,0.0,0.0,0.0,0.0,0.0,0.0,0.0,0.0,3.1130760722045023,62.0
마마33ab00ba,0.0,0.0,0.0,0.0,0.0,0.0,0.0,0.0,0.0,3.1130760722045023,62.0
마마33ab00bb,0.0,0.0,0.0,0.0,0.0,0.0,0.0,0.0,0.0,3.1130760722045023,62.0
마마33ab01aa,0.0,0.0,0.0,0.0,0.0,0.0,0.0,0.0,0.0,3.1130760722045023,62.0
마마33ab01ab,0.0,0.0,0.0,0.0,0.0,0.0,0.0,0.0,0.0,3.1130760722045023,62.0
마마33ab01ba,0.0,0.0,0.0,0.0,0.0,0.0,0.0,0.0,0.0,3.1130760722045023,62.0
마마33ab01bb,0.0,0.0,0.0,0.0,0.0,0.0,0.0,0.0,0.0,3.1130760722045023,62.0
마마33ab02aa,0.0,0.0,0.0,0.0,0.0,0.0,0.0,0.0,0.0,3.1130760722045023,62.0
마마33ab02ab,0.0,0.0,0.0,0.0,0.0,0.0,0.0,0.0,0.0,3.1130760722045023,62.0
마마33ab02ba,0.16556291390728478,0.0,0.0,0.0,0.0,0.0,0.0,0.0,-0.01517035315262004,1.202700344628916,565.0
마마33ab02bb,0.1986754966887417,0.0,0.0,0.0,0.0,0.0,0.0,0.0,-0.018204423783144043,1.202700344628916,678.0
마마33ab03aa,0.2052980132450331,0.0,0.0,0.0,0.0,0.005533353827236397,0.0,0.0,-0.019539010613321164,1.0913528825671681,715.0
마마33ab03ab,0.19205298013245034,0.04,0.0,0.0,0.0,0.0,0.0,0.0,-0.021245750086096284,3.5973812430955276,766.0
마마33ab03ba,0.039735099337748346,0.0,0.0,0.0,0.0,0.0046111281893636644,0.0,0.18840317916666666,-0.020833619095538804,2.836076885447678,751.0
마마33ab03bb,0.0,0.0,0.0,0.0,0.0,0.0,0.0,0.0,0.0,3.1130760722045023,62.0
마마33ab04aa,0.0,0.0,0.0,0.0,0.0,0.0,0.0,0.0,0.0,3.1130760722045023,62.0
마마33ab04ab,0.0,0.0,0.0,0.0,0.0,0.0,0.0,0.0,0.0,3.1130760722045023,62.0
마마33ab04ba,0.0,0.0,0.0,0.0,0.0,0.0,0.0,0.0,0.0,3.1130760722045023,62.0
마마33ab04bb,0.0,0.0,0.0,0.0,0.0,0.0,0.0,0.0,0.0,3.1130760722045023,62.0
마마33ba00aa,0.0,0.0,0.0,0.0,0.0,0.0,0.0,0.0,0.0,3.1130760722045023,62.0
마마33ba00ab,0.0,0.0,0.0,0.0,0.0,0.0,0.0,0.0,0.0,3.1130760722045023,62.0
마마33ba00ba,0.0,0.0,0.0,0.0,0.0,0.0,0.0,0.0,0.0,3.1130760722045023,62.0
마마33ba00bb,0.0,0.0,0.0,0.0,0.0,0.0,0.0,0.0,0.0,3.1130760722045023,62.0
마마33ba01aa,0.0,0.0,0.0,0.0,0.0,0.0,0.0,0.0,0.0,3.1130760722045023,62.0
마마33ba01ab,0.0,0.0,0.0,0.0,0.0,0.0,0.0,0.0,0.0,3.1130760722045023,62.0
마마33ba01ba,0.0,0.0,0.0,0.0,0.0,0.0,0.0,0.0,0.0,3.1130760722045023,62.0
마마33ba01bb,0.0,0.0,0.0,0.0,0.0,0.0,0.0,0.0,0.0,3.1130760722045023,62.0
마마33ba02aa,0.0,0.0,0.0,0.0,0.0,0.0,0.0,0.0,0.0,3.1130760722045023,62.0
마마33ba02ab,0.039735099337748346,0.0,0.0,0.0,0.0,0.002459268367660621,0.0,0.0,-0.003964339291772062,2.655421641521578,201.0
마마33ba02ba,0.019867549668874173,0.0,0.0,0.0,0.0,0.0021518598217030436,0.0,0.0,-0.0021034650965647507,2.2991378551292856,130.0
마마33ba02bb,0.026490066225165563,0.0,0.0,0.0,0.0,0.0,0.0,0.14166666666666666,-0.014899019264339848,2.126716526989305,556.0
마마33ba03aa,0.0,0.0,0.0,0.0,0.0,0.0,0.0,0.0,0.0,3.1130760722045023,62.0
마마33ba03ab,0.0,0.0,0.0,0.0,0.0,0.0,0.0,0.0,0.0,3.1130760722045023,62.0
마마33ba03ba,0.0,0.0,0.0,0.0,0.0,0.0,0.0,0.0,0.0,3.1130760722045023,62.0
마마33ba03bb,0.0,0.0,0.0,0.0,0.0,0.0,0.0,0.0,0.0,3.1130760722045023,62.0
마마33ba04aa,0.0,0.0,0.0,0.0,0.0,0.0,0.0,0.0,0.0,3.1130760722045023,62.0
마마33ba04ab,0.0,0.0,0.0,0.0,0.0,0.0,0.0,0.0,0.0,3.1130760722045023,62.0
마마33ba04ba,0.0,0.0,0.0,0.0,0.0,0.0,0.0,0.0,0.0,3.1130760722045023,62.0
마마33bb00aa,0.0,0.0,0.0,0.0,0.0,0.0,0.0,0.0,0.0,3.1130760722045023,62.0
마마33bb00ab,0.0,0.0,0.0,0.0,0.0,0.0,0.0,0.0,0.0,3.1130760722045023,62.0
마마33bb00ba,0.0,0.0,0.0,0.0,0.0,0.0,0.0,0.0,0.0,3.1130760722045023,62.0
마마33bb00bb,0.0,0.0,0.0,0.0,0.0,0.0,0.0,0.0,0.0,3.1130760722045023,62.0
마마33bb01aa,0.0,0.0,0.0,0.0,0.0,0.0,0.0,0.0,0.0,3.1130760722045023,62.0
마마33bb01ab,0.0,0.0,0.0,0.0,0.0,0.0,0.0,0.0,0.0,3.1130760722045023,62.0
마마33bb01ba,0.0,0.0,0.0,0.0,0.0,0.0,0.0,0.0,0.0,3.1130760722045023,62.0
마마33bb01bb,0.0,0.0,0.0,0.0,0.0,0.0,0.0,0.0,0.0,3.1130760722045023,62.0
마마33bb02aa,0.013245033112582781,0.0,0.0,0.0,0.0,0.0,0.0,0.0,-0.001213628252209603,2.2845975411154673,93.0
마마33bb02ab,0.052980132450331126,0.0,0.0,0.0,0.0,0.0,0.0,0.0,-0.004854513008838412,2.092264392579398,222.0
마마33bb02ba,0.0,0.0,0.0,0.0,0.0,0.0,0.0,0.0,0.0,3.1130760722045023,62.0
마마33bb02bb,0.0,0.0,0.0,0.0,0.0,0.0,0.0,0.0,0.0,3.1130760722045023,62.0
마마33bb03aa,0.0,0.0,0.0,0.0,0.0,0.0,0.0,0.0,0.0,3.1130760722045023,62.0
마마33bb03ab,0.0,0.0,0.0,0.0,0.0,0.0,0.0,0.0,0.0,3.1130760722045023,62.0
마마33bb03ba,0.0,0.0,0.0,0.0,0.0,0.0,0.0,0.0,0.0,3.1130760722045023,62.0
마마33bb03bb,0.0,0.0,0.0,0.0,0.0,0.0,0.0,0.0,0.0,3.1130760722045023,62.0
마마33bb04aa,0.0,0.0,0.0,0.0,0.0,0.0,0.0,0.0,0.0,3.1130760722045023,62.0
마마34aa00aa,0.0,0.0,0.0,0.0,0.0,0.0,0.0,0.0,0.0,3.1130760722045023,62.0
마마34aa00ab,0.0,0.0,0.0,0.0,0.0,0.0,0.0,0.0,0.0,3.1130760722045023,62.0
마마34aa00ba,0.0,0.0,0.0,0.0,0.0,0.0,0.02072538860103627,0.0,0.0020714399385186166,3.3884844660798334,49.0
마마34aa00bb,0.15894039735099338,0.0,0.0,0.0,0.0,0.0,0.0,0.0,-0.014563539026515237,1.202700344628916,541.0
마마34aa01aa,0.006622516556291391,0.0,0.0,0.0,0.0,0.0,0.0,0.0,-0.0006068141261048015,2.2628047968481355,74.0
마마34aa01ab,0.0,0.0,0.0,0.0,0.0,0.0,0.0,0.0,0.0,3.1130760722045023,62.0
마마34aa01ba,0.019867549668874173,0.0,0.0,0.0,0.0,0.0,0.0,0.0,-0.0018204423783144046,2.235757445615273,118.0
마마34aa01bb,0.019867549668874173,0.0,0.0,0.0,0.0,0.0,0.0,0.0,-0.0018204423783144046,2.235757445615273,118.0
마마34aa02aa,0.0,0.0,0.0,0.0,0.0,0.0,0.0,0.0,0.0,3.1130760722045023,62.0
마마34aa02ab,0.0,0.0,0.0,0.0,0.0,0.0,0.0,0.0,0.0,3.1130760722045023,62.0
마마34aa02ba,0.0,0.0,0.0,0.0,0.0,0.0,0.0,0.0,0.0,3.1130760722045023,62.0
마마34ab00aa,0.0,0.0,0.0,0.0,0.0,0.0,0.0,0.0,0.0,3.1130760722045023,62.0
마마34ab00ab,0.0,0.0,0.0,0.0,0.0,0.0,0.0,0.0,0.0,3.1130760722045023,62.0
마마34ab00ba,0.059602649006622516,0.0,0.0,0.0,0.0,0.0,0.0,0.0,-0.005461327134943213,2.228727806149955,242.0
마마34ab00bb,0.39072847682119205,0.0,0.0,0.0,0.0,0.007377805102981862,0.0,0.0,-0.036772397045613046,1.1658649181506324,1064.0
마마34ab01aa,0.17880794701986755,0.0,0.0,0.0,0.0,0.004303719643406086,0.0,0.0,-0.016950026841330332,1.0913528825671681,627.0
마마34ab01ab,0.059602649006622516,0.0,0.0,0.0,0.0,0.0,0.0,0.0,-0.005461327134943213,2.228727806149955,242.0
마마34ab01ba,0.006622516556291391,0.0,0.0,0.0,0.0,0.0,0.0,0.0,-0.0006068141261048015,2.2628047968481355,74.0
마마34ab01bb,0.0,0.0,0.0,0.0,0.0,0.0,0.0,0.0,0.0,3.1130760722045023,62.0
마마34ab02aa,0.0,0.0,0.0,0.0,0.0,0.0,0.0,0.0,0.0,3.1130760722045023,62.0
마마34ab02ab,0.0,0.0,0.0,0.0,0.0,0.0,0.0,0.0,0.0,3.1130760722045023,62.0
마마34ba00aa,0.0,0.0,0.0,0.0,0.0,0.0,0.0,0.0,0.0,3.1130760722045023,62.0
마마34ba00ab,0.0728476821192053,0.0,0.0,0.0,0.0,0.0,0.0,0.0,-0.0066749553871528165,2.317230044652193,286.0
마마34ba00ba,0.2119205298013245,0.0,0.0,0.0,0.0,0.004918536735321242,0.0,0.0,-0.020064961105640156,1.0913528825671681,731.0
마마34ba00bb,0.052980132450331126,0.0,0.0,0.0,0.0,0.0,0.0,0.0,-0.004854513008838412,2.092264392579398,222.0
마마34ba01aa,0.0,0.0,0.0,0.0,0.0,0.0,0.0,0.0,0.0,3.1130760722045023,62.0
마마34ba01ab,0.0,0.0,0.0,0.0,0.0,0.0,0.0,0.0,0.0,3.1130760722045023,62.0
마마34ba01ba,0.0,0.0,0.0,0.0,0.0,0.0,0.0,0.0,0.0,3.1130760722045023,62.0
마마34ba01bb,0.0,0.0,0.0,0.0,0.0,0.0,0.0,0.0,0.0,3.1130760722045023,62.0
마마34bb00aa,0.013245033112582781,0.0,0.0,0.0,0.0,0.0,0.0,0.0,-0.001213628252209603,2.2845975411154673,93.0
마마34bb00ab,0.052980132450331126,0.0,0.0,0.0,0.0,0.0,0.0,0.0,-0.004854513008838412,2.092264392579398,222.0
마마34bb00ba,0.0,0.0,0.0,0.0,0.0,0.0,0.0,0.0,0.0,3.1130760722045023,62.0
마마34bb00bb,0.0,0.0,0.0,0.0,0.0,0.0,0.0,0.0,0.0,3.1130760722045023,62.0
마마34bb01aa,0.0,0.0,0.0,0.0,0.0,0.0,0.0,0.0,0.0,3.1130760722045023,62.0
마마34bb01ab,0.0,0.0,0.0,0.0,0.0,0.0,0.0,0.0,0.0,3.1130760722045023,62.0
마마35aa00aa,0.0,0.0,0.0,0.0,0.0,0.0,0.0,0.0,0.0,3.1130760722045023,62.0
마마35aa00ab,0.0,0.0,0.0,0.0,0.0,0.0,0.0,0.0,0.0,3.1130760722045023,62.0
마마35aa00ba,0.0,0.0,0.0,0.0,0.0,0.0,0.0,0.0,0.0,3.1130760722045023,62.0
마마35aa00bb,0.0,0.0,0.0,0.0,0.0,0.0,0.0,0.0,0.0,3.1130760722045023,62.0
마마35ab00aa,0.0,0.0,0.0,0.0,0.0,0.0,0.0,0.0,0.0,3.1130760722045023,62.0
마마35ab00ab,0.006622516556291391,0.0,0.0,0.0,0.0,0.0,0.0,0.0,-0.0006068141261048015,2.2628047968481355,74.0
마마35ab00ba,0.0,0.0,0.0,0.0,0.0,0.0,0.0,0.0,0.0,3.1130760722045023,62.0
마마35ab00bb,0.0,0.0,0.0,0.0,0.0,0.0,0.0,0.0,0.0,3.1130760722045023,62.0
마마35ba00aa,0.0,0.0,0.0,0.0,0.0,0.0,0.0,0.0,0.0,3.1130760722045023,62.0
마마35ba00ab,0.006622516556291391,0.0,0.0,0.0,0.0,0.0,0.0,0.0,-0.0006068141261048015,2.2628047968481355,74.0
마마35ba00ba,0.0,0.0,0.0,0.0,0.0,0.0,0.0,0.0,0.0,3.1130760722045023,62.0
마마35bb00aa,0.052980132450331126,0.0,0.0,0.0,0.0,0.0046111281893636644,0.0,0.0,-0.005460990262232011,2.4620480392552273,241.0
마마35bb00ab,0.0,0.0,0.0,0.0,0.0,0.0,0.0,0.0,0.0,3.1130760722045023,62.0
마마35bb00ba,0.0,0.0,0.0,0.0,0.0,0.0,0.0,0.0,0.0,3.1130760722045023,62.0
마마36aa00aa,0.0,0.0,0.0,0.0,0.0,0.0,0.0,0.0,0.0,3.1130760722045023,62.0
마마36aa00ab,0.0,0.0,0.0,0.0,0.0,0.0,0.0,0.0,0.0,3.1130760722045023,62.0
마마36ab00aa,0.0,0.0,0.0,0.0,0.0,0.0,0.0,0.0,0.0,3.1130760722045023,62.0
마마36ab00ab,0.0,0.0,0.0,0.0,0.0,0.0,0.0,0.0,0.0,3.1130760722045023,62.0
마마36ba00aa,0.0,0.0,0.0,0.0,0.0,0.0,0.0,0.0,0.0,3.1130760722045023,62.0
