gid,주차장,경도,위도,건물1,건물2,건물3,관공서,경제인구,전기차,충전소,차량속도,입지총점,총점순위
마라27ab96aa,0.0,128.9001324,35.25247019,0.0,0.16,0.0,3.0,0.012296341838303101,0.0,-0.0,-0.0,3.1722963418383032,1
마라23bb96ba,0.0,128.8617449,35.25741642,0.0,0.12,0.0,3.0,0.0,0.0,-0.0,-0.1955924855833333,2.924407514416667,2
마라28ba93ab,0.0,128.9134387,35.22752104,0.6225165562913907,0.0,2.0,0.0,0.0,0.0,-0.0,-0.0,2.622516556291391,3
마라26bb93ba,0.0,128.8942519,35.22999764,0.4304635761589404,0.52,1.0,0.0,0.3110974485090685,0.0,-0.0,-0.0,2.261561024668009,4
마라23ba93bb,0.0,128.8585838,35.23265735,0.5695364238410596,0.0,0.2,0.75,0.15247463879495848,0.5414507772020726,-0.0,-0.0,2.2134618398380908,5
마라24ab97aa,0.1054945054945055,128.8673157,35.26186169,0.2251655629139073,0.0,0.0,1.875,0.05717798954810943,0.0,-0.0,-0.0,2.1573435524620166,6
마라19bb90aa,0.0,128.8168366,35.19930761,0.271523178807947,0.4,1.0,0.0,0.3778051029818629,0.0,-0.0,-0.0,2.0493282817898097,7
마마30aa02ab,0.0,128.9313439,35.30845548,0.2185430463576159,0.04,0.8,1.125,0.02828158622809714,0.12176165803108809,-0.0,-0.2844532755,2.0491330151168006,8
마라24aa98aa,0.0,128.8647192,35.27090719,0.013245033112582781,0.28,0.0,0.375,0.35874577313249306,1.0,-0.0,-0.0,2.0269908062450757,9
마라27ab93bb,0.0,128.8997838,35.23218783,0.2913907284768212,0.04,0.6000000000000001,0.75,0.2978788810328927,0.0,-0.0,-0.0,1.979269609509714,10
마라24bb98aa,0.0,128.8729631,35.2708139,0.0,0.08,0.0,1.875,0.0030740854595757753,0.0,-0.0,-0.0,1.958074085459576,11
마마12aa01ba,0.0,128.7332898,35.30387563,0.543046357615894,0.08,0.6000000000000001,0.75,0.08054103904088533,0.0,-0.0,-0.1,1.9535873966567792,12
마라20ba98bb,0.0,128.8263572,35.27809607,0.2052980132450331,0.12,1.6,0.0,0.0,0.0,-0.0,-0.0,1.9252980132450332,13
마라23bb93bb,0.0,128.8613305,35.23262649,0.2185430463576159,0.56,0.0,0.75,0.31632339379034735,0.0,-0.0,-0.0,1.8448664401479633,14
마라27aa93bb,0.0,128.8970372,35.23221957,0.4768211920529801,0.04,0.8,0.375,0.14601905932984935,0.0,-0.0,-0.0,1.8378402513828296,15
마라26aa93ab,0.0,128.8859739,35.22783867,0.5231788079470199,0.32,0.2,0.375,0.06363356901321857,0.34196891191709844,-0.0,-0.0,1.823781288877337,16
마라24ab97bb,0.0,128.8674293,35.26862254,0.039735099337748346,0.72,0.0,0.0,1.0,0.0,-0.0,-0.0,1.7597350993377483,17
마라22ba93ba,0.0,128.8475596,35.23052654,0.07947019867549669,0.8,0.0,0.0,0.857362434675684,0.0,-0.0,-0.0,1.7368326333511805,18
마라28bb94ba,0.0,128.9163811,35.23875685,0.08609271523178808,0.6,0.0,0.375,0.7267138026437134,0.0,-0.0,-0.08075626204166667,1.7070502558338347,19
마라19ba90ab,0.5274725274725274,128.8141273,35.20159114,0.19205298013245034,0.6,0.0,0.75,0.2591454042422379,0.0,-0.0,-0.1,1.701198384374688,20
마라18bb91aa,0.0,128.8059984,35.20844135,0.10596026490066225,0.04,1.6,0.0,0.0,0.0,-0.0,-0.08333333333333333,1.662626931567329,21
마라27ab95aa,0.0,128.8999774,35.24345582,0.10596026490066225,0.24,0.0,0.375,0.9219182293267753,0.0,-0.0,-0.0,1.6428784942274375,22
마라27ab94bb,0.0,128.8999387,35.24120222,0.2980132450331126,0.4,0.0,0.0,0.6633876421764525,0.2772020725388601,-0.0,-0.0,1.6386029597484253,23
마라21aa94aa,0.07252747252747253,128.8311534,35.23521624,0.2251655629139073,0.0,0.0,1.125,0.011681524746387948,0.6088082901554405,-0.0,-0.3416666666666667,1.628988711149069,24
마라24ab97ba,0.0,128.8673914,35.26636893,0.059602649006622516,0.68,0.0,0.0,0.8438364586535505,0.0,-0.0,-0.0,1.583439107660173,25
마라18ba90ab,0.0,128.8031444,35.20170985,0.059602649006622516,0.44,0.0,0.75,0.540731632339379,0.0,-0.0,-0.21666666666666667,1.573667614679335,26
마라18aa89bb,0.0,128.7975813,35.19726142,0.19205298013245034,0.12,0.2,0.75,0.2920381186596987,0.0,-0.0,-0.0,1.554091098792149,27
마라25bb94aa,1.2197802197802199,128.8833422,35.23463094,1.0,0.12,0.0,0.375,0.05256686135874577,0.0,-0.0,-0.0,1.5475668613587459,28
마라23bb97ab,0.0,128.861858,35.2641773,0.026490066225165563,0.16,1.4000000000000001,0.0,0.05102981862895788,0.0,-0.0,-0.09166666666666666,1.5458532181874571,29
마라24ba94aa,0.0,128.8696084,35.23478714,0.019867549668874173,0.4,0.0,0.75,0.37227174915462646,0.0,-0.0,-0.0,1.5421392988235008,30
마마12ab01ab,0.0,128.7360047,35.30159384,0.4768211920529801,0.12,0.8,0.0,0.13802643713495236,0.0,-0.0,-0.0,1.5348476291879327,31
마마12ab01ba,0.0,128.736039,35.30384756,0.31125827814569534,0.32,0.2,0.375,0.062096526283430674,0.22020725388601037,-0.0,-0.0,1.4885620583151367,32
마마11aa02aa,0.0,128.7223606,35.30849476,0.0,0.32,0.0,0.0,0.5680909929296034,0.5906735751295337,-0.0,-0.0,1.478764568059137,33
마라13ba95ba,0.14505494505494507,128.7489544,35.249617,0.5496688741721855,0.16,0.0,0.75,0.08545957577620657,0.19689119170984457,-0.0,-0.2695989884166667,1.47242065324157,34
마마12aa02ab,0.0,128.7333924,35.3106368,0.304635761589404,0.56,0.0,0.0,0.5886873655087611,0.0,-0.0,-0.0,1.453323127098165,35
마라25bb93ba,0.0,128.8832656,35.23012371,0.7549668874172185,0.08,0.0,0.75,0.05010759299108515,0.0,-0.0,-0.20910404624999998,1.4259704341583037,36
마라18ba90bb,0.0,128.8032165,35.20621725,0.11258278145695365,0.48,0.0,0.375,0.45250537964955423,0.0,-0.0,-0.0,1.420088161106508,37
마라21bb98ba,0.0,128.8400614,35.27569097,0.2185430463576159,0.0,1.2000000000000002,0.0,0.0,0.0,-0.0,-0.0,1.418543046357616,38
마라26aa93ba,0.0,128.8860122,35.23009228,0.5298013245033113,0.2,0.0,0.75,0.09683369197663695,0.0,-0.0,-0.17577071291666665,1.4008643035632817,39
마라24ba94bb,0.0,128.8697221,35.24154802,0.019867549668874173,0.2,1.0,0.0,0.16661543190900707,0.0,-0.0,-0.0,1.3864829815778812,40
마라19aa90ab,0.0,128.8086359,35.20165062,0.039735099337748346,1.0,0.0,0.0,0.4980018444512757,0.0,-0.0,-0.15954961466666667,1.3781873291223574,41
마라28aa95ba,0.0,128.9082964,35.24786736,0.4370860927152318,0.0,0.0,0.75,0.1746080541039041,0.0,-0.0,-0.0,1.361694146819136,42
마라28ab95bb,0.0,128.9110826,35.25008894,0.3509933774834437,0.44,0.0,0.0,0.7162619120811559,0.0,-0.0,-0.15416666666666667,1.3530886228979329,43
마라28ab95ab,0.0,128.9110045,35.24558178,0.1390728476821192,0.44,0.0,0.75,0.2468490624039348,0.0,-0.0,-0.23333333333333334,1.3425885767527206,44
마라24ba94ba,0.0,128.8696842,35.2392944,0.1390728476821192,0.48,0.0,0.375,0.4294497387027359,0.0,-0.0,-0.10338391133333333,1.3201386750515218,45
마라25ba94aa,0.0,128.8805954,35.2346623,0.6622516556291391,0.2,0.0,0.375,0.04949277589916999,0.018134715025906738,-0.0,-0.0,1.3048791465542158,46
마라18bb90ba,0.0,128.8059262,35.20393396,0.11920529801324503,0.52,0.0,0.0,0.6600061481709191,0.0,-0.0,-0.0,1.299211446184164,47
마라24bb95bb,0.0,128.872621,35.25053138,0.271523178807947,0.32,0.0,0.0,0.26867506916692285,0.42487046632124353,-0.0,-0.0,1.2850687142961135,48
마라28bb94ab,0.0,128.9163419,35.23650327,0.37748344370860926,0.08,0.4,0.375,0.04303719643406086,0.0,-0.0,-0.0,1.27552064014267,49
마라23aa93ba,0.0,128.8530529,35.23046525,0.19205298013245034,0.56,0.0,0.0,0.5229019366738396,0.0,-0.0,-0.0,1.27495491680629,50
마라34ba95aa,0.0,128.9796391,35.24250794,0.09933774834437085,0.0,0.0,1.125,0.011374116200430372,0.038860103626943004,-0.0,-0.0,1.2745719681717442,51
마라24ba97ba,0.0,128.8701393,35.26633784,0.046357615894039736,0.56,0.0,0.0,0.6667691361819859,0.0,-0.0,-0.0,1.2731267520760257,52
마라17bb87bb,0.0,128.7945497,35.17926111,0.09271523178807947,0.4,0.0,0.375,0.3904088533661236,0.0,-0.0,-0.0,1.258124085154203,53
마마11bb02ba,0.0,128.7306771,35.31291854,0.019867549668874173,0.24,0.0,0.75,0.23240086074392866,0.0,-0.0,-0.0,1.242268410412803,54
마라23ba93ba,0.0,128.8585462,35.23040371,0.18543046357615894,0.8,0.0,0.0,0.2566861358745773,0.0,-0.0,-0.0,1.2421165994507364,55
마라27bb94aa,0.0,128.9053159,35.23437776,0.4370860927152318,0.4,0.0,0.375,0.02828158622809714,0.0,-0.0,-0.0,1.2403676789433289,56
마라23bb94ba,0.15824175824175823,128.8614434,35.23938739,0.5827814569536424,0.16,0.0,0.375,0.11958192437749769,0.0,-0.0,-0.0,1.23736338133114,57
마라24aa93ba,0.0,128.8640394,35.23034192,0.13245033112582782,0.48,0.0,0.0,0.6157393175530279,0.0,-0.0,-0.0,1.2281896486788557,58
마라24ab98ab,0.0,128.8675051,35.27312977,0.006622516556291391,0.6,0.0,0.0,0.6185059944666461,0.0,-0.0,-0.0,1.2251285110229375,59
마마11bb01ba,0.0,128.7305405,35.30390364,0.423841059602649,0.0,0.0,0.75,0.05010759299108515,0.0,-0.0,-0.0,1.2239486525937342,60
마라20aa87ba,0.0,128.8192179,35.17674081,0.006622516556291391,0.48,0.0,0.0,0.7368582846603136,0.0,-0.0,-0.0,1.223480801216605,61
마마12bb01ab,0.0,128.741503,35.30153752,0.36423841059602646,0.4,0.0,0.0,0.4546572394712573,0.0,-0.0,-0.0,1.2188956500672838,62
마라22ba93bb,0.0,128.8475969,35.23278019,0.033112582781456956,0.56,0.0,0.0,0.6175837688287734,0.0,-0.0,-0.0,1.2106963516102303,63
마라24ba94ab,0.0,128.8696463,35.23704077,0.052980132450331126,0.4,0.0,0.375,0.3805717798954811,0.0,-0.0,-0.0,1.2085519123458122,64
마라21ba94aa,0.0,128.836647,35.23515569,0.013245033112582781,0.52,0.0,0.0,0.8152474638794958,0.0,-0.0,-0.15,1.1984924969920785,65
마라24aa97bb,0.0,128.8646814,35.26865357,0.2119205298013245,0.24,0.0,0.375,0.37134952351675377,0.0,-0.0,-0.0,1.1982700533180783,66
마라24bb97ba,0.0,128.8728871,35.26630668,0.033112582781456956,0.0,0.0,1.125,0.039963110974485086,0.0,-0.0,-0.0,1.198075693755942,67
마라24ab93ba,0.0,128.866786,35.23031094,0.11920529801324503,0.56,0.0,0.0,0.5121426375653243,0.0,-0.0,-0.0,1.1913479355785692,68
마라25ba93bb,0.0,128.8805572,35.23240869,0.7019867549668874,0.4,0.0,0.0,0.08822625268982477,0.0,-0.0,-0.0,1.1902130076567121,69
마라27bb95ba,0.0,128.9055493,35.24789931,0.44370860927152317,0.04,0.4,0.0,0.3003381494005533,0.0,-0.0,-0.0,1.1840467586720764,70
마라20bb86ab,0.0,128.8272693,35.16538238,0.013245033112582781,0.56,0.0,0.0,0.6043652013525975,0.0,-0.0,-0.0,1.1776102344651802,71
마마12aa02ba,0.0,128.7334266,35.31289052,0.08609271523178808,0.4,0.2,0.0,0.4909314478942514,0.0,-0.0,-0.0,1.1770241631260396,72
마라24ab98aa,0.0,128.8674672,35.27087616,0.033112582781456956,0.44,0.0,0.0,0.7021211189671073,0.0,-0.0,-0.0,1.1752337017485641,73
마라27ba95ab,0.0,128.9027633,35.2456776,0.31125827814569534,0.36,0.0,0.0,0.5871503227789733,0.0,-0.0,-0.08333333333333333,1.1750752675913352,74
마라25aa95ab,0.0,128.8752922,35.24599295,0.09271523178807947,0.68,0.0,0.0,0.3974792499231478,0.0,-0.0,-0.0,1.1701944817112273,75
마라19ab89ab,0.0,128.8112367,35.19260613,0.052980132450331126,0.56,0.0,0.0,0.5554872425453428,0.0,-0.0,-0.0,1.168467374995674,76
마라22bb93ba,0.0,128.8503063,35.23049593,0.17880794701986755,0.6,0.0,0.0,0.384260682446972,0.0,-0.0,-0.0,1.1630686294668395,77
마라18bb90ab,0.0,128.8058902,35.20168026,0.06622516556291391,0.2,0.0,0.75,0.28435290501075927,0.0,-0.0,-0.13881262041666667,1.1617654501570067,78
마라25bb94ab,0.18461538461538463,128.8833804,35.23688455,0.40397350993377484,0.16,0.0,0.375,0.09252997233323086,0.12435233160621761,-0.0,-0.0,1.1558558138732233,79
마라18aa88ab,0.0,128.7973663,35.18373916,0.033112582781456956,0.48,0.0,0.0,0.6400245926836766,0.0,-0.0,-0.0,1.1531371754651336,80
마마12ab00ab,0.0,128.7358676,35.29257895,0.026490066225165563,0.0,1.4000000000000001,0.0,0.0030740854595757753,0.0,-0.0,-0.27678106933333335,1.1527830823514083,81
마라19bb86bb,0.0,128.816364,35.17000958,0.006622516556291391,0.48,0.0,0.0,0.661543190900707,0.0,-0.0,-0.0,1.1481657074569984,82
마라19ab87aa,0.0,128.8109109,35.17232282,0.006622516556291391,0.48,0.0,0.0,0.6606209652628343,0.0,-0.0,-0.0,1.1472434818191257,83
마라25ba93ba,0.0,128.880519,35.23015507,0.9470198675496688,0.08,0.0,0.0,0.11865969873962495,0.0,-0.0,-0.0,1.1456795662892938,84
마라24ab97ab,0.0,128.8673536,35.26411531,0.059602649006622516,0.44,0.0,0.0,0.6452505379649554,0.0,-0.0,-0.0,1.144853186971578,85
마라24ba97ab,0.0,128.8701013,35.26408422,0.2185430463576159,0.4,0.0,0.0,0.5238241623117122,0.0,-0.0,-0.0,1.1423672086693282,86
마라29ab94aa,0.0,128.9217961,35.23418527,0.2781456953642384,0.32,0.0,0.375,0.16169689517368582,0.0,-0.0,-0.0,1.1348425905379242,87
마라24aa96bb,0.0,128.8645302,35.25963909,0.11920529801324503,0.52,0.0,0.0,0.49185367353212417,0.0,-0.0,-0.0,1.1310589715453692,88
마라27ba93ab,0.0,128.9024529,35.22764884,0.11258278145695365,0.04,0.2,0.75,0.02705195204426683,0.0,-0.0,-0.0,1.1296347335012207,89
마라28bb93ab,0.0,128.9161852,35.22748893,0.6887417218543046,0.04,0.4,0.0,0.0,0.0,-0.0,-0.0,1.1287417218543045,90
마라27bb93bb,0.0,128.9052771,35.23212417,0.44370860927152317,0.12,0.8,0.0,0.062096526283430674,0.0,-0.0,-0.30002408475,1.125781050804954,91
마라24ab94ba,0.0,128.8669373,35.23932546,0.13245033112582782,0.28,0.2,0.375,0.2926529357516139,0.0,-0.0,-0.16302986516666668,1.117073401710775,92
마라24aa94aa,0.0,128.8641149,35.23484919,0.033112582781456956,0.44,0.0,0.375,0.5837688287734398,0.0,-0.0,-0.32233622349999996,1.1095451880548968,93
마라17ba87bb,0.0,128.7918047,35.17929042,0.019867549668874173,0.36,0.0,0.375,0.32616046726098985,0.0,-0.0,-0.0,1.081028016929864,94
마라23ab94aa,0.0,128.8558746,35.23494179,0.31125827814569534,0.04,0.6000000000000001,0.0,0.1278819551183523,0.0,-0.0,-0.0,1.0791402332640476,95
마라24ab96ab,0.0,128.8672021,35.25510083,0.16556291390728478,0.52,0.0,0.0,0.3934829388256992,0.0,-0.0,-0.0,1.079045852732984,96
마라21ab99ab,0.0,128.834676,35.28251266,0.36423841059602646,0.0,1.0,0.0,0.003996311097448509,0.0,-0.0,-0.2916666666666667,1.0765680550268082,97
마라20ba86bb,0.0,128.8245979,35.16991981,0.052980132450331126,0.24,0.0,0.375,0.4063940977559176,0.0,-0.0,-0.0,1.074374230206249,98
마라24ab95bb,0.0,128.8671264,35.25059358,0.033112582781456956,0.44,0.0,0.375,0.38764217645250537,0.0,-0.0,-0.16187379575,1.0738809634839623,99
마라18aa88ba,0.0,128.7974021,35.18599287,0.09271523178807947,0.28,0.0,0.375,0.32339379034737165,0.0,-0.0,-0.0,1.0711090221354511,100
마라18ab90ba,0.0,128.8004347,35.20399307,0.09933774834437085,0.44,0.0,0.0,0.5284352905010758,0.0,-0.0,-0.0,1.0677730388454467,101
마마22ba04ab,0.0,128.8491662,35.32743264,0.13245033112582782,0.08,0.0,0.75,0.021211189671072855,0.06994818652849741,-0.0,-0.0,1.053609707325398,102
마라23bb94aa,0.0,128.8613681,35.23488012,0.3509933774834437,0.64,0.0,0.0,0.4654165385797725,0.0,-0.0,-0.4174253371666667,1.0389845788965495,103
마라29ba93ba,0.0,128.924464,35.22964582,0.15894039735099338,0.44,0.0,0.0,0.4377497694435905,0.0,-0.0,-0.0,1.0366901667945838,104
마라25bb93ab,0.0,128.8832274,35.22787009,0.5894039735099338,0.16,0.0,0.0,0.27820473409160773,0.0,-0.0,-0.0,1.0276087076015417,105
마마18aa03bb,0.0,128.7995949,35.32346765,0.12582781456953643,0.12,0.0,0.75,0.03135567168767291,0.0,-0.0,-0.0,1.0271834862572093,106
마라19ab87ab,0.0,128.8109471,35.17457653,0.046357615894039736,0.28,0.0,0.375,0.32554565016907466,0.0,-0.0,-0.0,1.0269032660631146,107
마라18ab90bb,0.0,128.8004706,35.20624677,0.09271523178807947,0.32,0.0,0.375,0.4008607439286812,0.0,-0.0,-0.16925578033333333,1.0193201953834272,108
마라24ba93bb,0.0,128.8695705,35.23253352,0.0728476821192053,0.24,0.0,0.375,0.32554565016907466,0.0,-0.0,-0.0,1.0133933322882798,109
마라24ba96ab,0.0,128.8699496,35.25506975,0.152317880794702,0.32,0.2,0.0,0.33538272363971716,0.0,-0.0,-0.0,1.0077006044344192,110
마마12aa02aa,0.0,128.7333582,35.30838308,0.2052980132450331,0.2,0.0,0.375,0.22717491546264984,0.0,-0.0,-0.0,1.007472928707683,111
마라19bb90ab,0.0,128.816873,35.2015613,0.152317880794702,0.48,0.0,0.0,0.4478942514601906,0.0,-0.0,-0.075,1.0052121322548926,112
마라27ab93ba,0.0,128.8997451,35.22993423,0.26490066225165565,0.12,0.2,0.375,0.29173071011374113,0.0,-0.0,-0.24718208091666666,1.0044492914487302,113
마라28ab93ab,0.0,128.9106923,35.22755308,0.3973509933774834,0.0,0.6000000000000001,0.0,0.005840762373193974,0.0,-0.0,-0.0,1.0031917557506775,114
마라24ab95aa,0.0,128.8670129,35.24383271,0.3708609271523179,0.16,0.0,0.375,0.09037811251152782,0.0,-0.0,-0.0,0.9962390396638457,115
마라24aa95aa,0.0,128.8642659,35.24386371,0.40397350993377484,0.0,0.0,0.0,0.19458960959114663,0.45595854922279794,-0.0,-0.058333333333333334,0.9961883354143861,116
마라19aa90ba,0.0,128.808672,35.20390431,0.2913907284768212,0.24,0.2,0.0,0.2557639102367046,0.0,-0.0,-0.0,0.9871546387135257,117
마라20ba90ba,0.0,128.8251467,35.20372511,0.0,0.48,0.0,0.0,0.49830925299723317,0.0,-0.0,-0.0,0.9783092529972331,118
마라35bb94ba,0.0,128.9932909,35.23783221,0.5827814569536424,0.0,0.0,0.375,0.019674146941284967,0.0,-0.0,-0.0,0.9774556038949274,119
마라22ab94aa,0.0,128.8448874,35.23506439,0.09933774834437085,0.2,0.0,0.375,0.2981862895788503,0.0,-0.0,-0.0,0.9725240379232212,120
마라28aa95aa,0.0,128.9082185,35.24336019,0.17880794701986755,0.08,0.2,0.375,0.13218567476175838,0.0,-0.0,-0.0,0.965993621781626,121
마라24ba97bb,0.0,128.8701772,35.26859145,0.06622516556291391,0.44,0.0,0.0,0.45896095911466334,0.0,-0.0,-0.0,0.9651861246775773,122
마라24ba96aa,0.0,128.8699116,35.25281613,0.12582781456953643,0.2,0.0,0.375,0.26129726406394094,0.0,-0.0,-0.0,0.9621250786334774,123
마라19aa87ab,0.0,128.8082023,35.17460621,0.006622516556291391,0.08,0.0,0.75,0.12542268675069165,0.0,-0.0,-0.0,0.9620452033069831,124
마라25ba94ab,0.0,128.8806336,35.23691592,0.48344370860927155,0.04,0.0,0.375,0.06271134337534583,0.0,-0.0,-0.0,0.9611550519846174,125
마라24ab96ba,0.0,128.86724,35.25735445,0.2052980132450331,0.28,0.0,0.0,0.47279434368275436,0.0,-0.0,-0.0,0.9580923569277875,126
마라17ba89ba,0.0,128.7920544,35.19506643,0.006622516556291391,0.44,0.0,0.0,0.5093759606517061,0.0,-0.0,-0.0,0.9559984772079975,127
마라28ba94ba,0.0,128.9136342,35.23878897,0.18543046357615894,0.44,0.0,0.0,0.6636950507224101,0.0,-0.0,-0.3378552505,0.9512702637985689,128
마마10bb01bb,0.0,128.7195773,35.30626879,0.013245033112582781,0.56,0.0,0.0,0.37657546879803255,0.0,-0.0,-0.0,0.9498205019106154,129
마라23bb93ba,0.0,128.8612928,35.23037285,0.2251655629139073,0.28,0.0,0.0,0.44297571472486935,0.0,-0.0,-0.0,0.9481412776387768,130
마라25ab93ab,0.0,128.8777343,35.22793274,0.5364238410596026,0.12,0.0,0.0,0.1746080541039041,0.11658031088082901,-0.0,-0.0,0.9476122060443357,131
마라21aa86ab,0.0,128.8300138,35.16535228,0.0,0.08,0.0,0.75,0.11589302182600676,0.0,-0.0,-0.0,0.9458930218260068,132
마라24ab94bb,0.0,128.8669751,35.24157908,0.2251655629139073,0.32,0.0,0.0,0.39870888410697813,0.0,-0.0,-0.0,0.9438744470208854,133
마라24ab95ba,0.0,128.8670886,35.24833996,0.0,0.4,0.0,0.0,0.6873655087611436,0.0,-0.0,-0.15077071291666666,0.9365947958444769,134
마라23bb98aa,0.0,128.8619712,35.27093816,0.052980132450331126,0.36,0.0,0.0,0.5127574546572394,0.0,-0.0,-0.0,0.9257375871075706,135
마라25ab93bb,0.0,128.8778106,35.23243999,0.4503311258278146,0.04,0.0,0.375,0.0562557639102367,0.0,-0.0,-0.0,0.9215868897380513,136
마라18ab89bb,0.0,128.8003269,35.19723196,0.06622516556291391,0.44,0.0,0.0,0.41500153704272974,0.0,-0.0,-0.0,0.9212267026056438,137
마라24ba96ba,0.0,128.8699875,35.25732337,0.09271523178807947,0.4,0.2,0.0,0.22194897018137102,0.0,-0.0,-0.0,0.9146642019694506,138
마마18ab03ba,0.06593406593406592,128.8023086,35.3211844,0.3576158940397351,0.0,0.0,0.75,0.03596679987703658,0.0,-0.0,-0.23333333333333334,0.9102493605834383,139
마라27aa94aa,0.0,128.8970758,35.23447317,0.2847682119205298,0.28,0.0,0.0,0.34521979711035966,0.0,-0.0,-0.0,0.9099880090308895,140
마라28ab96aa,0.0,128.9111217,35.25234252,0.039735099337748346,0.36,0.0,0.0,0.5023055640946819,0.0,-0.0,-0.0,0.9020406634324302,141
마라18aa89ba,0.0,128.7975454,35.19500771,0.026490066225165563,0.4,0.0,0.0,0.475253612050415,0.0,-0.0,-0.0,0.9017436782755806,142
마라20bb86aa,0.0,128.8272327,35.16312869,0.006622516556291391,0.44,0.0,0.0,0.45219797110359666,0.0,-0.0,-0.0,0.898820487659888,143
마라29ab93ba,0.0,128.9217174,35.22967811,0.41721854304635764,0.0,0.6000000000000001,0.0,0.0064555794651091295,0.0,-0.0,-0.125,0.8986741225114669,144
마라19ba87ab,0.22417582417582416,128.8136919,35.17454679,0.08609271523178808,0.16,0.0,0.375,0.2760528742699047,0.0,-0.0,-0.0,0.8971455895016929,145
마라23aa94aa,0.0,128.8531278,35.23497254,0.5298013245033113,0.16,0.0,0.0,0.24777128804180754,0.0,-0.0,-0.041666666666666664,0.8959059458784523,146
마라20bb98bb,0.0,128.8291055,35.2780659,0.08609271523178808,0.0,0.8,0.0,0.007377805102981862,0.0,-0.0,-0.0,0.89347052033477,147
마라20bb86bb,0.0,128.8273425,35.16988977,0.013245033112582781,0.36,0.0,0.0,0.5192130341223485,0.0,-0.0,-0.0,0.8924580672349314,148
마라28ba94ab,0.0,128.9135951,35.23653538,0.18543046357615894,0.12,0.2,0.0,0.3854903166308023,0.0,-0.0,-0.0,0.8909207802069612,149
마라23bb94ab,0.0,128.8614058,35.23713375,0.33112582781456956,0.24,0.0,0.375,0.37934214571165076,0.0,-0.0,-0.4364884393333333,0.888979534192887,150
마라24aa96ba,0.0,128.8644925,35.25738547,0.052980132450331126,0.44,0.0,0.0,0.3897940362742084,0.0,-0.0,-0.0,0.8827741687245395,151
마라17ba89bb,0.0,128.7920901,35.19732014,0.019867549668874173,0.24,0.0,0.0,0.25115278204734093,0.37046632124352336,-0.0,-0.0,0.8814866529597385,152
마라23bb97ba,0.0,128.8618958,35.26643092,0.152317880794702,0.36,0.0,0.0,0.36458653550568704,0.0,-0.0,-0.0,0.876904416300389,153
마라18ba88bb,0.0,128.8029285,35.18818763,0.0728476821192053,0.0,0.0,0.75,0.050722410083000304,0.0,-0.0,-0.0,0.8735700922022056,154
마라24bb96ab,0.0,128.872697,35.25503861,0.09933774834437085,0.52,0.0,0.0,0.4749462035044574,0.0,-0.0,-0.225,0.8692839518488281,155
마라23ba94ab,0.0,128.8586589,35.23716463,0.6556291390728477,0.04,0.0,0.0,0.17337841992007377,0.0,-0.0,-0.0,0.8690075589929215,156
마라26ba94aa,0.0,128.8915824,35.23453646,0.2251655629139073,0.04,0.4,0.0,0.20073778051029817,0.0,-0.0,-0.0,0.8659033434242054,157
마라28ab95ba,0.0,128.9110436,35.24783536,0.31788079470198677,0.4,0.0,0.0,0.4561942822010452,0.0,-0.0,-0.30833333333333335,0.8657417435696986,158
마라23ba94bb,0.0,128.8587341,35.2416719,0.07947019867549669,0.0,0.0,0.75,0.032277897325545646,0.0,-0.0,-0.0,0.8617480960010423,159
마라26ab93bb,0.0,128.8887972,35.23231441,0.039735099337748346,0.2,0.0,0.75,0.17737473101752227,0.0,-0.0,-0.30833333333333335,0.8587764970219374,160
마라17ba87ba,0.0,128.791769,35.1770367,0.046357615894039736,0.4,0.0,0.0,0.40977559176145095,0.0,-0.0,-0.0,0.8561332076554907,161
마라18bb90bb,0.0,128.8059623,35.20618766,0.08609271523178808,0.44,0.0,0.0,0.483246234245312,0.0,-0.0,-0.15833333333333333,0.8510056161437668,162
마마12bb01ba,0.0,128.7415375,35.30379123,0.059602649006622516,0.04,0.0,0.75,0.0,0.0,-0.0,-0.0,0.8496026490066225,163
마라20bb86ba,0.0,128.8273059,35.16763607,0.0728476821192053,0.2,0.0,0.375,0.19920073778051028,0.0,-0.0,-0.0,0.8470484198997156,164
마라18ab88bb,0.0,128.8001832,35.18821714,0.06622516556291391,0.08,0.2,0.375,0.12142637565324316,0.0,-0.0,-0.0,0.842651541216157,165
마라24bb92bb,0.0,128.8721654,35.22348789,0.31125827814569534,0.44,0.0,0.0,0.2526898247771288,0.0,-0.0,-0.16275289016666666,0.8411952127561575,166
마라23aa94ab,0.0,128.8531652,35.23722618,0.09271523178807947,0.0,0.0,0.75,0.10544113126344912,0.0,-0.0,-0.10833333333333334,0.8398230297181952,167
마라17bb89ba,0.0,128.7947999,35.1950371,0.059602649006622516,0.32,0.0,0.0,0.45896095911466334,0.0,-0.0,-0.0,0.8385636081212859,168
마라19ba89ba,0.0,128.8140184,35.19483006,0.046357615894039736,0.36,0.0,0.0,0.43160159852443897,0.0,-0.0,-0.0,0.8379592144184786,169
마라20aa86ba,0.0,128.8190722,35.16772602,0.039735099337748346,0.36,0.0,0.0,0.4380571779895481,0.0,-0.0,-0.0,0.8377922773272963,170
마라19ba90ba,0.0,128.8141636,35.20384483,0.31125827814569534,0.24,0.0,0.0,0.2797417768213956,0.0,-0.0,-0.0,0.8310000549670911,171
마라19aa89aa,0.0,128.8084551,35.19038213,0.019867549668874173,0.36,0.0,0.0,0.449738702735936,0.0,-0.0,-0.0,0.8296062524048102,172
마라26aa94bb,0.0,128.8862039,35.24136034,0.09271523178807947,0.48,0.0,0.0,0.2563787273286197,0.0,-0.0,-0.0,0.8290939591166993,173
마라25bb93bb,0.0,128.8833039,35.23237732,0.5364238410596026,0.2,0.0,0.375,0.0863818014140793,0.0,-0.0,-0.3700927264166667,0.8277129160570154,174
마라25ba93ab,0.0,128.8804809,35.22790145,0.6688741721854304,0.04,0.0,0.0,0.11712265600983707,0.0,-0.0,-0.0,0.8259968281952675,175
마라24bb95ab,0.0,128.872545,35.24602414,0.33112582781456956,0.2,0.2,0.0,0.3193974792499231,0.0,-0.0,-0.225,0.8255233070644926,176
마라21aa86ba,0.0,128.8300505,35.16760597,0.026490066225165563,0.36,0.0,0.0,0.43897940362742083,0.0,-0.0,-0.0,0.8254694698525864,177
마라24aa95ab,0.0,128.8643036,35.24611734,0.2052980132450331,0.32,0.0,0.0,0.30003074085459575,0.0,-0.0,-0.0,0.8253287540996288,178
마라27bb95ab,0.0,128.9055104,35.24564572,0.5231788079470199,0.12,0.0,0.0,0.1810636335690132,0.0,-0.0,-0.0,0.8242424415160331,179
마라18aa90bb,0.0,128.7977247,35.20627624,0.0728476821192053,0.4,0.0,0.0,0.34644943129419,0.0,-0.0,-0.0,0.8192971134133953,180
마라28aa95ab,0.0,128.9082574,35.24561378,0.543046357615894,0.08,0.0,0.0,0.19428220104518903,0.0,-0.0,-0.0,0.817328558661083,181
마라28aa96ab,0.0,128.9084134,35.25462812,0.046357615894039736,0.0,0.0,0.75,0.01721487857362435,0.0,-0.0,-0.0,0.8135724944676641,182
마라19aa90aa,0.0,128.8085997,35.19939692,0.019867549668874173,0.2,0.0,0.375,0.21364893944051644,0.0,-0.0,-0.0,0.8085164891093907,183
마라14aa94ab,0.0,128.7542756,35.23829152,0.046357615894039736,0.0,0.0,0.75,0.011988933292345526,0.0,-0.0,-0.0,0.8083465491863853,184
마라22aa98ba,0.0,128.8428096,35.27566049,0.2052980132450331,0.0,0.6000000000000001,0.0,0.0021518598217030436,0.0,-0.0,-0.0,0.8074498730667362,185
마라18bb90aa,0.0,128.8058541,35.19942656,0.052980132450331126,0.36,0.0,0.0,0.3894866277282508,0.0,-0.0,-0.0,0.802466760178582,186
마라18ab91ab,0.0,128.8005425,35.21075417,0.304635761589404,0.2,0.4,0.0,0.11466338764217644,0.0,-0.0,-0.220761079,0.7985380702315804,187
마라18bb87ba,0.0,128.8054935,35.17688953,0.07947019867549669,0.16,0.0,0.375,0.18198585920688595,0.0,-0.0,-0.0,0.7964560578823826,188
마라23ba94aa,0.0,128.8586213,35.23491099,0.5364238410596026,0.0,0.0,0.0,0.25760836151245003,0.0,-0.0,-0.0,0.7940322025720526,189
마라25aa95bb,0.0,128.8753683,35.25050018,0.052980132450331126,0.32,0.0,0.375,0.2818936366430987,0.0,-0.0,-0.23886079,0.7910129790934299,190
마라27ba95aa,0.0,128.9027245,35.243424,0.16556291390728478,0.36,0.0,0.0,0.26252689824777126,0.0,-0.0,-0.0,0.7880898121550561,191
마라19ab87bb,0.0,128.8110195,35.17908393,0.019867549668874173,0.44,0.0,0.0,0.32769750999077774,0.0,-0.0,-0.0,0.787565059659652,192
마마09bb00ab,0.0,128.7083789,35.29285673,0.12582781456953643,0.16,0.0,0.375,0.1235782354749462,0.0,-0.0,-0.0,0.7844060500444826,193
마라24aa97ab,0.0,128.8646058,35.26414633,0.1456953642384106,0.12,0.0,0.375,0.1417153396864433,0.0,-0.0,-0.0,0.7824107039248538,194
마마10bb01ba,0.0,128.7195435,35.30401505,0.0728476821192053,0.6,0.0,0.0,0.35382723639717184,0.0,-0.0,-0.24438824666666664,0.7822866718497103,195
마라26aa94ba,0.0,128.8861656,35.23910673,0.2185430463576159,0.28,0.2,0.0,0.23240086074392866,0.0,-0.0,-0.15169797691666667,0.7792459301848779,196
마마12ba01bb,0.0,128.7388226,35.30607315,0.039735099337748346,0.36,0.0,0.0,0.37596065170611725,0.0,-0.0,-0.0,0.7756957510438656,197
마라24aa94ba,0.0,128.8641904,35.23935645,0.2582781456953642,0.32,0.0,0.0,0.5275130648632032,0.0,-0.0,-0.33094532758333334,0.774845882975234,198
마마13aa01ab,0.0,128.7442522,35.30150926,0.06622516556291391,0.4,0.0,0.0,0.3074085459575776,0.0,-0.0,-0.0,0.7736337115204915,199
마라19ba87bb,0.0,128.8137644,35.17905419,0.013245033112582781,0.48,0.0,0.0,0.36181985859206883,0.0,-0.0,-0.08333333333333333,0.7717315583713182,200
마라19ab90ab,0.0,128.8113816,35.20162091,0.11920529801324503,0.52,0.0,0.0,0.34675683984014755,0.0,-0.0,-0.21470375725000002,0.7712583806033925,201
마라19ab90ba,0.0,128.8114178,35.2038746,0.10596026490066225,0.32,0.0,0.0,0.342760528742699,0.0,-0.0,-0.0,0.7687207936433613,202
마라18ab91ba,0.0,128.8005784,35.21300787,0.3509933774834437,0.0,0.4,0.0,0.0027666769136181985,0.0,-0.0,-0.0,0.753760054397062,203
마라18aa87bb,0.0,128.7972947,35.17923173,0.033112582781456956,0.36,0.0,0.0,0.3605902244082385,0.0,-0.0,-0.0,0.7537028071896954,204
마마11ab02ab,0.0,128.725144,35.31072066,0.046357615894039736,0.44,0.0,0.0,0.481094374423609,0.0,-0.0,-0.21483622349999998,0.7526157668176487,205
마마11ba02aa,0.0,128.7278594,35.30843904,0.17218543046357615,0.24,0.0,0.375,0.2253304641869044,0.0,-0.0,-0.2622856455,0.7502302491504804,206
마라23ba92ba,0.0,128.8583959,35.22138915,0.2582781456953642,0.04,0.0,0.375,0.0756225023055641,0.0,-0.0,-0.0,0.7489006480009284,207
마라24aa94bb,0.0,128.8642281,35.24161008,0.5298013245033113,0.0,0.0,0.0,0.21887488472179525,0.0,-0.0,-0.0,0.7486762092251066,208
마라19bb87ba,0.0,128.816473,35.17677068,0.033112582781456956,0.28,0.0,0.375,0.2797417768213956,0.0,-0.0,-0.22144508666666665,0.746409272936186,209
마라20aa87ab,0.0,128.8191815,35.17448712,0.019867549668874173,0.28,0.0,0.0,0.4442053489086996,0.0,-0.0,-0.0,0.7440728985775737,210
마라22bb93bb,0.0,128.8503436,35.23274957,0.23841059602649006,0.24,0.0,0.0,0.265600983707347,0.0,-0.0,-0.0,0.7440115797338371,211
마라17bb88ab,0.0,128.7946212,35.18376854,0.026490066225165563,0.16,0.0,0.375,0.18075622502305563,0.0,-0.0,-0.0,0.7422462912482213,212
마라21ba98ba,0.0,128.8373132,35.27572138,0.1390728476821192,0.0,0.6000000000000001,0.0,0.0,0.0,-0.0,-0.0,0.7390728476821193,213
마라27ab94ba,0.0,128.8999,35.23894863,0.17880794701986755,0.12,0.0,0.375,0.33046418690439594,0.0,-0.0,-0.26594412333333334,0.7383280105909302,214
마라27ab94aa,0.0,128.8998225,35.23444143,0.2980132450331126,0.24,0.0,0.0,0.19858592068859512,0.0,-0.0,-0.0,0.7365991657217077,215
마라24ab98ba,0.0,128.8675429,35.27538339,0.07947019867549669,0.4,0.0,0.0,0.2563787273286197,0.0,-0.0,-0.0,0.7358489260041164,216
마라18ba91aa,0.0,128.8032525,35.20847094,0.13245033112582782,0.4,0.0,0.0,0.35321241930525665,0.0,-0.0,-0.15,0.7356627504310845,217
마라19bb89ba,0.0,128.8167639,35.19480023,0.046357615894039736,0.36,0.0,0.0,0.518905625576391,0.0,-0.0,-0.19089595375,0.7343672877204307,218
마라23ab93bb,0.0,128.8558371,35.23268815,0.5099337748344371,0.0,0.0,0.0,0.22410083000307407,0.0,-0.0,-0.0,0.7340346048375113,219
마라24ba97aa,0.3824175824175824,128.8700634,35.2618306,0.5298013245033113,0.12,0.0,0.0,0.07500768521364894,0.0,-0.0,-0.0,0.7248090097169603,220
마라18ab91aa,0.0,128.8005065,35.20850047,0.1456953642384106,0.36,0.0,0.0,0.43436827543805717,0.0,-0.0,-0.21666666666666667,0.723396973009801,221
마라20ba86ba,0.0,128.8245614,35.16766612,0.013245033112582781,0.28,0.0,0.0,0.4269904703350753,0.0,-0.0,-0.0,0.7202355034476582,222
마라20aa87aa,0.0,128.8191451,35.17223342,0.019867549668874173,0.24,0.0,0.375,0.318782662158008,0.0,-0.0,-0.2340799615,0.7195702503268822,223
마라21ba93bb,0.0,128.83661,35.23290203,0.06622516556291391,0.28,0.0,0.0,0.4795573316938211,0.0,-0.0,-0.10910404624999999,0.716678451006735,224
마라27ba94aa,0.0,128.9025692,35.23440963,0.2980132450331126,0.04,0.2,0.375,0.1377190285889948,0.0,-0.0,-0.33793954716666663,0.7127927264554408,225
마라24aa98ab,0.0,128.864757,35.27316081,0.033112582781456956,0.36,0.0,0.0,0.31909007070396556,0.0,-0.0,-0.0,0.7122026534854224,226
마라28ba94bb,0.0,128.9136734,35.24104255,0.23178807947019867,0.24,0.0,0.0,0.2373193974792499,0.0,-0.0,-0.0,0.7091074769494485,227
마라28ba95aa,0.0,128.9137125,35.24329613,0.36423841059602646,0.12,0.0,0.0,0.22440823854903166,0.0,-0.0,-0.0,0.7086466491450581,228
마라20aa87bb,0.0,128.8192543,35.17899451,0.046357615894039736,0.32,0.0,0.0,0.33569013218567473,0.0,-0.0,-0.0,0.7020477480797145,229
마라25ab93aa,0.0,128.8776962,35.22567912,0.2582781456953642,0.28,0.0,0.0,0.15985244389794034,0.0,-0.0,-0.0,0.6981305895933045,230
마라27ab94ab,0.0,128.8998612,35.23669503,0.19205298013245034,0.16,0.0,0.0,0.34399016292652934,0.0,-0.0,-0.0,0.6960431430589797,231
마라27ba93bb,0.0,128.9025304,35.23215603,0.2119205298013245,0.08,0.2,0.0,0.2840454964648017,0.0,-0.0,-0.08333333333333333,0.6926326929327928,232
마라18aa88aa,0.0,128.7973305,35.18148545,0.006622516556291391,0.32,0.0,0.0,0.3605902244082385,0.0,-0.0,-0.0,0.6872127409645299,233
마라27ba94bb,0.0,128.9026856,35.24117041,0.2582781456953642,0.16,0.0,0.0,0.2677528435290501,0.0,-0.0,-0.0,0.6860309892244143,234
마라24aa93bb,0.0,128.8640771,35.23259556,0.06622516556291391,0.48,0.0,0.0,0.612050415001537,0.0,-0.0,-0.472772158,0.685503422564451,235
마마22ab05aa,0.0,128.8465284,35.33422414,0.2251655629139073,0.08,0.0,0.375,0.003996311097448509,0.0,-0.0,-0.0,0.6841618740113558,236
마라27bb94bb,0.0,128.9054326,35.24113854,0.41721854304635764,0.24,0.0,0.0,0.026437134952351674,0.0,-0.0,-0.0,0.6836556779987093,237
마마12ab01bb,0.0,128.7360733,35.30610128,0.2052980132450331,0.0,0.4,0.375,0.07070396557024285,0.0,-0.0,-0.3690582851666666,0.6819436936486094,238
마라21ab86ab,0.0,128.8327582,35.16532211,0.006622516556291391,0.0,0.0,0.0,0.003996311097448509,0.6709844559585493,-0.0,-0.0,0.6816032836122892,239
마라26bb93bb,0.0,128.8942905,35.23225124,0.271523178807947,0.16,0.0,0.0,0.24592683676606208,0.0,-0.0,-0.0,0.6774500155740091,240
마라24aa98ba,0.0,128.8647948,35.27541443,0.006622516556291391,0.36,0.0,0.0,0.30494927758991697,0.0,-0.0,-0.0,0.6715717941462083,241
마라21aa86aa,0.0,128.8299771,35.16309859,0.006622516556291391,0.28,0.0,0.0,0.3827236397171841,0.0,-0.0,-0.0,0.6693461562734755,242
마라24ba93ba,0.0,128.8695326,35.23027989,0.1456953642384106,0.16,0.2,0.0,0.1620043037196434,0.0,-0.0,-0.0,0.6676996679580539,243
마라19aa87aa,0.0,128.8081662,35.1723525,0.059602649006622516,0.16,0.0,0.375,0.24316015985244388,0.0,-0.0,-0.17135717725,0.6664056316090664,244
마라20ab86bb,0.0,128.8218533,35.1699498,0.033112582781456956,0.32,0.0,0.0,0.312941899784814,0.0,-0.0,-0.0,0.666054482566271,245
마라25aa94ab,0.0,128.87514,35.23697847,0.019867549668874173,0.52,0.0,0.0,0.12542268675069165,0.0,-0.0,-0.0,0.6652902364195659,246
마라18ab89ba,0.0,128.8002909,35.19497826,0.12582781456953643,0.24,0.0,0.0,0.29849369812480786,0.0,-0.0,-0.0,0.6643215126943443,247
마라23bb98ab,0.0,128.8620089,35.27319178,0.052980132450331126,0.24,0.0,0.0,0.47802028896403315,0.0,-0.0,-0.10833333333333334,0.6626670880810308,248
마라19bb87aa,0.0,128.8164003,35.17226328,0.052980132450331126,0.4,0.0,0.0,0.5376575468798033,0.0,-0.0,-0.3333333333333333,0.6573043459968011,249
마라19bb89ab,0.0,128.8167275,35.19254654,0.033112582781456956,0.28,0.0,0.0,0.33415308945588684,0.0,-0.0,-0.0,0.6472656722373438,250
마라13ba95ab,0.0,128.7489198,35.24736326,0.1986754966887417,0.04,0.0,0.375,0.03197048877958807,0.0,-0.0,-0.0,0.6456459854683297,251
마마12ab02bb,0.0,128.7362104,35.31511616,0.0,0.4,0.0,0.0,0.2400860743928681,0.0,-0.0,-0.0,0.6400860743928681,252
마라19ab90aa,0.0,128.8113454,35.19936721,0.052980132450331126,0.28,0.0,0.0,0.30433446049800184,0.0,-0.0,-0.0,0.637314592948333,253
마라18ba89bb,0.0,128.8030724,35.19720244,0.013245033112582781,0.44,0.0,0.375,0.36458653550568704,0.0,-0.0,-0.5566233140833333,0.6362082545349365,254
마라20aa86bb,0.0,128.8191086,35.16997972,0.019867549668874173,0.24,0.0,0.375,0.24807869658776513,0.0,-0.0,-0.24683285166666666,0.6361133945899726,255
마라28ab95aa,0.0,128.9109655,35.24332819,0.10596026490066225,0.12,0.0,0.375,0.14202274823240085,0.0,-0.0,-0.11512524083333332,0.6278577722997297,256
마마11aa01ba,0.0,128.7222928,35.30398729,0.10596026490066225,0.28,0.0,0.0,0.24070089148478327,0.0,-0.0,-0.0,0.6266611563854455,257
마라24bb96aa,0.0,128.872659,35.25278499,0.0728476821192053,0.48,0.0,0.0,0.32984936981248075,0.0,-0.0,-0.2571652215833333,0.6255318303483528,258
마마10ba01bb,0.0,128.716828,35.30629648,0.17218543046357615,0.24,0.0,0.0,0.21334153089455885,0.0,-0.0,-0.0,0.625526961358135,259
마라27ba93ba,0.0,128.9024916,35.22990244,0.25165562913907286,0.16,0.0,0.0,0.3387642176452505,0.0,-0.0,-0.125,0.6254198467843233,260
마라18ba90ba,0.0,128.8031804,35.20396355,0.09933774834437085,0.4,0.0,0.0,0.3409160774669534,0.0,-0.0,-0.21666666666666667,0.6235871591446577,261
마라21ba93ba,0.0,128.836573,35.23064837,0.07947019867549669,0.24,0.0,0.0,0.30156778358438363,0.0,-0.0,-0.0,0.6210379822598804,262
마마09bb00bb,0.0,128.7084459,35.29736422,0.4966887417218543,0.12,0.0,0.0,0.0,0.0,-0.0,-0.0,0.6166887417218543,263
마마13aa02ba,0.0,128.7444248,35.31277782,0.6158940397350994,0.0,0.0,0.0,0.0,0.0,-0.0,-0.0,0.6158940397350994,264
마라17bb87ba,0.0,128.7945139,35.17700739,0.059602649006622516,0.28,0.0,0.0,0.3882569935444205,0.0,-0.0,-0.113800578,0.6140590645510431,265
마라29aa93ba,0.0,128.9189709,35.22971035,0.5165562913907285,0.08,0.0,0.0,0.009837073470642483,0.0,-0.0,-0.0,0.6063933648613709,266
마마11ab01ba,0.0,128.725042,35.30395947,0.1986754966887417,0.0,0.0,0.375,0.030126037503842604,0.0,-0.0,-0.0,0.6038015341925843,267
마라24bb97ab,0.0,128.8728491,35.26405307,0.4370860927152318,0.0,0.0,0.0,0.1660006148170919,0.0,-0.0,-0.0,0.6030867075323237,268
마마11ba02ab,0.0,128.7278934,35.31069277,0.039735099337748346,0.44,0.0,0.0,0.3882569935444205,0.0,-0.0,-0.2659248555,0.6020672373821688,269
마라25ab94ba,0.178021978021978,128.8779249,35.23920084,0.2980132450331126,0.0,0.0,0.375,0.10759299108515216,0.05181347150259068,-0.0,-0.23294797691666666,0.5994717307041887,270
마마12ba01ab,0.0,128.7387539,35.30156571,0.31125827814569534,0.04,0.0,0.375,0.03504457423916384,0.0,-0.0,-0.161849711,0.5994531413848592,271
마라24aa93ab,0.0,128.8640017,35.22808829,0.10596026490066225,0.2,0.0,0.375,0.22840454964648016,0.0,-0.0,-0.3109465318333333,0.5984182827138091,272
마라26ab94ab,0.0,128.8888741,35.23682163,0.1390728476821192,0.24,0.0,0.0,0.21918229326775282,0.0,-0.0,-0.0,0.598255140949872,273
마마18ab03bb,0.0,128.8023447,35.32343805,0.2119205298013245,0.04,0.8,0.0,0.020288964033200123,0.0,-0.0,-0.47422928708333334,0.5979802067511912,274
마라25aa93aa,0.0,128.8749498,35.22571035,0.2913907284768212,0.12,0.2,0.0,0.16261912081155855,0.0,-0.0,-0.1817618015,0.5922480477883798,275
마라18bb89ab,0.0,128.8057459,35.19266546,0.271523178807947,0.0,0.2,0.0,0.11958192437749769,0.0,-0.0,-0.0,0.5911051031854447,276
마라29ab93bb,0.0,128.9217568,35.23193169,0.40397350993377484,0.16,0.2,0.0,0.22932677528435289,0.0,-0.0,-0.403775289,0.5895249962181277,277
마라22ab93ba,0.0,128.844813,35.23055709,0.09933774834437085,0.36,0.0,0.0,0.29449738702735934,0.0,-0.0,-0.17135115608333334,0.5824839792883969,278
마마12ab02ab,0.0,128.7361419,35.31060872,0.11258278145695365,0.12,0.0,0.375,0.17399323701198893,0.0,-0.0,-0.20573217724999998,0.5758438412189426,279
마라20ab94aa,0.0,128.8229129,35.2353066,0.0728476821192053,0.12,0.0,0.375,0.007992622194897018,0.0,-0.0,-0.0,0.5758403043141024,280
마라24ba95bb,0.0,128.8698737,35.25056251,0.2251655629139073,0.0,0.0,0.375,0.08791884414386719,0.0,-0.0,-0.11641979766666666,0.5716646093911079,281
마라17bb89bb,0.0,128.7948357,35.19729081,0.12582781456953643,0.0,0.0,0.75,0.08730402705195205,0.0,-0.0,-0.391980973,0.5711508686214885,282
마라25ba94bb,0.0,128.88071,35.24142315,0.059602649006622516,0.0,0.0,0.375,0.13618198585920688,0.0,-0.0,-0.0,0.5707846348658294,283
마라28aa95bb,0.6659340659340659,128.9083354,35.25012095,0.3576158940397351,0.04,0.0,0.0,0.16968951736858284,0.0,-0.0,-0.0,0.5673054114083179,284
마라26aa94ab,0.0,128.8861272,35.23685312,0.07947019867549669,0.04,0.0,0.375,0.06885951429449738,0.0,-0.0,-0.0,0.5633297129699941,285
마마12ba01ba,0.0,128.7387882,35.30381943,0.006622516556291391,0.32,0.0,0.0,0.2348601291115893,0.0,-0.0,-0.0,0.5614826456678806,286
마라22ab89bb,0.0,128.8442555,35.19675222,0.5099337748344371,0.04,0.0,0.0,0.010451890562557638,0.0,-0.0,-0.0,0.5603856653969949,287
마라27ba94ba,0.0,128.9026468,35.23891682,0.23841059602649006,0.16,0.0,0.0,0.27236397171841376,0.0,-0.0,-0.11437861275,0.5563959549949038,288
마라19bb86ba,0.0,128.8163277,35.16775588,0.019867549668874173,0.08,0.0,0.375,0.08146326467875807,0.0,-0.0,-0.0,0.5563308143476322,289
마라27bb93ba,0.0,128.9052382,35.22987058,0.3443708609271523,0.16,0.2,0.0,0.08422994159237626,0.0,-0.0,-0.23333333333333334,0.5552674691861954,290
마라20ba86aa,0.0,128.8244883,35.16315873,0.006622516556291391,0.24,0.0,0.0,0.30710113741162004,0.0,-0.0,-0.0,0.5537236539679115,291
마라19aa86ba,0.0,128.808094,35.16784508,0.006622516556291391,0.0,0.0,0.0,0.0,0.5466321243523317,-0.0,-0.0,0.5532546409086231,292
마라21ab98bb,0.0,128.834602,35.27800538,0.12582781456953643,0.0,0.4,0.0,0.0046111281893636644,0.02072538860103627,-0.0,-0.0,0.5511643313599364,293
마라24ab94aa,0.210989010989011,128.8668616,35.2348182,0.15894039735099338,0.24,0.0,0.375,0.16907470027666768,0.0,-0.0,-0.3928347784166667,0.5501803192109944,294
마라13bb97bb,0.0,128.7520137,35.26987212,0.5496688741721855,0.0,0.0,0.0,0.0,0.0,-0.0,-0.0,0.5496688741721855,295
마라14bb96ba,0.0,128.7628311,35.25848929,0.16556291390728478,0.0,0.0,0.375,0.007377805102981862,0.0,-0.0,-0.0,0.5479407190102666,296
마라28bb93bb,0.0,128.9162635,35.2319961,0.3509933774834437,0.0,0.0,0.0,0.0,0.19689119170984457,-0.0,-0.0,0.5478845691932883,297
마마11bb02ab,0.0,128.7306429,35.31066481,0.08609271523178808,0.36,0.0,0.0,0.43406086689209955,0.0,-0.0,-0.3333333333333333,0.5468202487905542,298
마라25bb93aa,0.0,128.8831891,35.22561647,0.046357615894039736,0.16,0.4,0.0,0.4377497694435905,0.0,-0.5,-0.0,0.5441073853376304,299
마라14aa95ab,0.0,128.7544144,35.24730643,0.1456953642384106,0.32,0.0,0.0,0.07838917921918229,0.0,-0.0,-0.0,0.5440845434575929,300
마라18bb89aa,0.0,128.8057098,35.19041176,0.12582781456953643,0.2,0.0,0.375,0.2591454042422379,0.0,-0.0,-0.41589595375,0.5440772650617745,301
마라28aa94ba,0.0,128.9081405,35.23885302,0.543046357615894,0.0,0.0,0.0,0.0,0.0,-0.0,-0.0,0.543046357615894,302
마라15ab99aa,0.0,128.7686778,35.28096887,0.3443708609271523,0.12,0.0,0.0,0.0780817706732247,0.0,-0.0,-0.0,0.542452631600377,303
마라24aa94ab,0.0,128.8641526,35.23710282,0.07947019867549669,0.4,0.0,0.0,0.45312019674146936,0.0,-0.0,-0.39090799616666666,0.5416823992502995,304
마라17bb88bb,0.0,128.7946927,35.18827597,0.16556291390728478,0.12,0.0,0.0,0.2542268675069167,0.0,-0.0,-0.0,0.5397897814142014,305
마라24aa97aa,0.0,128.864568,35.26189271,0.12582781456953643,0.2,0.0,0.0,0.213956347986474,0.0,-0.0,-0.0,0.5397841625560105,306
마라23bb97bb,0.0,128.8619335,35.26868454,0.1390728476821192,0.28,0.0,0.0,0.3074085459575776,0.0,-0.0,-0.18698217725,0.5394992163896968,307
마라18bb87aa,0.0,128.8054214,35.17238211,0.0,0.24,0.0,0.0,0.2954196126652321,0.0,-0.0,-0.0,0.5354196126652321,308
마라28aa96aa,0.0,128.9083744,35.25237453,0.32450331125827814,0.0,0.0,0.0,0.20688595142944974,0.0,-0.0,-0.0,0.5313892626877279,309
마라15ab95ab,0.0,128.7681509,35.24716325,0.32450331125827814,0.0,0.2,0.0,0.005533353827236397,0.0,-0.0,-0.0,0.5300366650855146,310
마라17ab90aa,0.0,128.7893802,35.19960312,0.0,0.24,0.0,0.0,0.28588994774054716,0.0,-0.0,-0.0,0.5258899477405472,311
마라25aa95ba,0.0,128.8753302,35.24824656,0.12582781456953643,0.2,0.2,0.0,0.1813710421149708,0.0,-0.0,-0.18256262041666668,0.5246362362678406,312
마라31bb94ab,0.0,128.9493027,35.23611301,0.1456953642384106,0.0,0.0,0.375,0.0030740854595757753,0.0,-0.0,-0.0,0.5237694496979863,313
마라17aa87aa,0.0,128.7862082,35.17258768,0.0,0.0,0.0,0.0,0.0,0.5233160621761658,-0.0,-0.0,0.5233160621761658,314
마라16aa97bb,0.0,128.7767462,35.26961362,0.5231788079470199,0.0,0.0,0.0,0.0,0.0,-0.0,-0.0,0.5231788079470199,315
마라25bb94bb,0.0,128.883457,35.24139177,0.23178807947019867,0.12,0.0,0.0,0.170304334460498,0.0,-0.0,-0.0,0.5220924139306966,316
마라28ab94ba,0.0,128.9108874,35.23882102,0.08609271523178808,0.16,0.0,0.0,0.27513064863203196,0.0,-0.0,-0.0,0.5212233638638201,317
마마18aa04aa,0.0,128.799631,35.32572131,0.12582781456953643,0.0,0.0,0.375,0.020288964033200123,0.0,-0.0,-0.0,0.5211167786027365,318
마마11aa02ab,0.0,128.7223945,35.31074849,0.006622516556291391,0.28,0.0,0.0,0.2320934521979711,0.0,-0.0,-0.0,0.5187159687542625,319
마라24ab96aa,0.0,128.8671643,35.25284721,0.08609271523178808,0.24,0.0,0.0,0.3470642483861051,0.0,-0.0,-0.15508188825,0.5180750753678931,320
마라18ab87bb,0.0,128.8000396,35.1792023,0.09271523178807947,0.0,0.0,0.375,0.04887795880725484,0.0,-0.0,-0.0,0.5165931905953344,321
마라22ba90aa,0.0,128.8470382,35.19897536,0.46357615894039733,0.04,0.0,0.0,0.011681524746387948,0.0,-0.0,-0.0,0.5152576836867853,322
마라19ba93ab,0.0,128.8145633,35.22863536,0.5099337748344371,0.0,0.0,0.0,0.0,0.0,-0.0,-0.0,0.5099337748344371,323
마라23ab94ba,0.0,128.8559496,35.23944907,0.24503311258278146,0.04,0.0,0.0,0.2234860129111589,0.0,-0.0,-0.0,0.5085191254939404,324
마마31ab01ab,0.0,128.9449294,35.29927786,0.5033112582781457,0.0,0.0,0.0,0.0027666769136181985,0.0,-0.0,-0.0,0.5060779351917639,325
마라20bb95ba,0.0,128.8286271,35.24876839,0.5033112582781457,0.0,0.0,0.0,0.0027666769136181985,0.0,-0.0,-0.0,0.5060779351917639,325
마라24aa96ab,0.0,128.8644547,35.25513184,0.09271523178807947,0.28,0.0,0.0,0.2542268675069167,0.0,-0.0,-0.12135115608333333,0.5055909432116629,326
마라25aa94aa,0.356043956043956,128.8751019,35.23472485,0.09271523178807947,0.32,0.0,0.0,0.09283738087918844,0.0,-0.0,-0.0,0.5055526126672679,327
마라19ab94ab,0.0,128.8119618,35.23767988,0.4966887417218543,0.0,0.0,0.0,0.008300030740854595,0.0,-0.0,-0.0,0.5049887724627089,328
마라26bb93ab,0.0,128.8942134,35.22774403,0.3841059602649007,0.04,0.4,0.0,0.085152167230249,0.0,-0.0,-0.4125072254166666,0.49675090207848305,329
마라19aa88bb,0.0,128.808419,35.18812843,0.09271523178807947,0.0,0.4,0.0,0.0,0.0,-0.0,-0.0,0.4927152317880795,330
마라27aa94ab,0.0,128.8971145,35.23672677,0.09933774834437085,0.04,0.0,0.0,0.3525976022133415,0.0,-0.0,-0.0,0.49193535055771237,331
마라17bb88ba,0.0,128.7946569,35.18602225,0.019867549668874173,0.24,0.0,0.0,0.2305564094681832,0.0,-0.0,-0.0,0.4904239591370574,332
마라28ab94ab,0.0,128.9108484,35.23656744,0.07947019867549669,0.12,0.0,0.0,0.2895788502920381,0.0,-0.0,-0.0,0.4890490489675348,333
마라24bb97aa,0.0,128.872811,35.26179946,0.2847682119205298,0.04,0.0,0.0,0.16261912081155855,0.0,-0.0,-0.0,0.48738733273208834,334
마라23bb93ab,0.0,128.8612551,35.22811921,0.026490066225165563,0.24,0.0,0.0,0.21948970181371041,0.0,-0.0,-0.0,0.485979768038876,335
마라18bb87ab,0.0,128.8054575,35.17463582,0.026490066225165563,0.24,0.0,0.0,0.21948970181371041,0.0,-0.0,-0.0,0.485979768038876,335
마마16ba00ab,0.0,128.7825977,35.29209238,0.48344370860927155,0.0,0.0,0.0,0.0021518598217030436,0.0,-0.0,-0.0,0.48559556843097457,336
마라28aa93bb,0.0,128.9080237,35.23209225,0.48344370860927155,0.0,0.0,0.0,0.0,0.0,-0.0,-0.0,0.48344370860927155,337
마라23ba94ba,0.11868131868131868,128.8586965,35.23941826,0.3841059602649007,0.0,0.0,0.0,0.18905625576391022,0.0,-0.0,-0.09022158,0.4829406360288109,338
마마22ba07aa,0.0,128.8495784,35.35222232,0.09933774834437085,0.0,0.0,0.375,0.008300030740854595,0.0,-0.0,-0.0,0.4826377790852255,339
마라27ab97aa,0.0,128.9002875,35.26148455,0.0,0.48,0.0,0.0,0.0,0.0,-0.0,-0.0,0.48,340
마라15ab98bb,0.0,128.7686427,35.27871517,0.33112582781456956,0.28,0.0,0.0,0.0,0.0,-0.0,-0.13333333333333333,0.4777924944812363,341
마라18bb88bb,0.0,128.8056737,35.18815806,0.06622516556291391,0.16,0.2,0.0,0.05010759299108515,0.0,-0.0,-0.0,0.47633275855399904,342
마라34bb95aa,0.0,128.982386,35.24247432,0.12582781456953643,0.08,0.0,0.375,0.005225945281278819,0.03367875647668394,-0.0,-0.14453275533333332,0.47519976099416594,343
마라13ba97bb,0.0,128.7492656,35.26990053,0.47019867549668876,0.0,0.0,0.0,0.004918536735321242,0.0,-0.0,-0.0,0.47511721223201,344
마라18ba87ba,0.0,128.8027486,35.17691909,0.09933774834437085,0.2,0.0,0.0,0.17553027974177682,0.0,-0.0,-0.0,0.4748680280861477,345
마라19ab94aa,0.0,128.8119255,35.23542621,0.47019867549668876,0.0,0.0,0.0,0.0046111281893636644,0.0,-0.0,-0.0,0.4748098036860524,346
마라25aa94ba,0.27692307692307694,128.875178,35.23923209,0.11258278145695365,0.04,0.0,0.375,0.05502612972640639,0.0,-0.0,-0.10833333333333334,0.47427557785002666,347
마라24ab93ab,0.0,128.8667482,35.22805731,0.039735099337748346,0.2,0.0,0.0,0.23393790347371657,0.0,-0.0,-0.0,0.47367300281146496,348
마라18aa87ba,0.0,128.7972588,35.17697802,0.013245033112582781,0.4,0.0,0.0,0.37719028588994774,0.0,-0.0,-0.3170761079166667,0.47335921108586393,349
마라22bb92ba,0.0,128.8501569,35.22148133,0.3841059602649007,0.04,0.0,0.0,0.049185367353212404,0.0,-0.0,-0.0,0.47329132761811304,350
마라23ba98aa,0.0,128.8592232,35.27096907,0.45695364238410596,0.0,0.0,0.0,0.016292652935751613,0.0,-0.0,-0.0,0.47324629531985757,351
마마11bb02aa,0.0,128.7306088,35.30841109,0.12582781456953643,0.32,0.0,0.0,0.3664309867814325,0.0,-0.0,-0.3403143063333333,0.47194449501763563,352
마라24ab94ab,0.0,128.8668995,35.23707183,0.18543046357615894,0.2,0.2,0.0,0.11128189363664309,0.0,-0.0,-0.225,0.471712357212802,353
마라28bb94aa,0.0,128.9163027,35.23424968,0.47019867549668876,0.0,0.0,0.0,0.0,0.0,-0.0,-0.0,0.47019867549668876,354
마마12aa01ab,0.0,128.7332555,35.30162191,0.33112582781456956,0.04,0.0,0.0,0.09867814325238242,0.0,-0.0,-0.0,0.46980397106695193,355
마라27bb94ab,0.0,128.9053548,35.23663136,0.37748344370860926,0.08,0.0,0.0,0.010144482016600061,0.0,-0.0,-0.0,0.46762792572520934,356
마라15ba99ba,0.0,128.7714967,35.2854474,0.46357615894039733,0.0,0.0,0.0,0.0,0.0,-0.0,-0.0,0.46357615894039733,357
마라26aa94aa,0.0,128.8860889,35.23459951,0.33774834437086093,0.04,0.0,0.0,0.08484475868429142,0.0,-0.0,-0.0,0.46259310305515233,358
마라24bb96ba,0.0,128.872735,35.25729223,0.10596026490066225,0.32,0.0,0.0,0.036581616968951736,0.0,-0.0,-0.0,0.462541881869614,359
마마11ba01bb,0.0,128.7278253,35.30618532,0.19205298013245034,0.24,0.0,0.0,0.030126037503842604,0.0,-0.0,-0.0,0.46217901763629293,360
마라21ab99ba,0.0,128.834713,35.2847663,0.45695364238410596,0.0,0.0,0.0,0.003688902551490931,0.0,-0.0,-0.0,0.4606425449355969,361
마라28ba93ba,0.0,128.9134778,35.22977462,0.45695364238410596,0.0,0.0,0.0,0.0,0.0,-0.0,-0.0,0.45695364238410596,362
마라24aa95ba,0.0,128.8643414,35.24837097,0.059602649006622516,0.36,0.0,0.0,0.20381186596987394,0.0,-0.0,-0.16666666666666666,0.45674784830982984,363
마라24ba96bb,0.0,128.8700254,35.25957699,0.15894039735099338,0.28,0.0,0.0,0.3295419612665232,0.0,-0.0,-0.31197013483333336,0.4565122237841833,364
마마13aa01ba,0.0,128.7442867,35.30376297,0.039735099337748346,0.0,0.0,0.375,0.04150015370427298,0.0,-0.0,-0.0,0.4562352530420213,365
마라21aa99bb,0.0,128.8320014,35.28705025,0.4503311258278146,0.0,0.0,0.0,0.005840762373193974,0.0,-0.0,-0.0,0.45617188820100857,366
마마10aa01ba,0.0,128.7112957,35.30409795,0.12582781456953643,0.24,0.0,0.0,0.08914847832769751,0.0,-0.0,-0.0,0.4549762928972339,367
마라25bb94ba,0.0,128.8834187,35.23913816,0.18543046357615894,0.04,0.0,0.375,0.10267445434983093,0.0,-0.0,-0.24910886316666667,0.45399605475932314,368
마마12bb02bb,0.0,128.7417097,35.3150598,0.23841059602649006,0.2,0.0,0.0,0.01537042729787888,0.0,-0.0,-0.0,0.453781023324369,369
마라27bb95aa,0.0,128.9054715,35.24339213,0.2119205298013245,0.16,0.0,0.0,0.08177067322471564,0.0,-0.0,-0.0,0.45369120302604016,370
마마30bb04aa,0.0,128.9398711,35.32413226,0.4503311258278146,0.0,0.0,0.0,0.0030740854595757753,0.0,-0.0,-0.0,0.45340521128739036,371
마마28aa01bb,0.0,128.9092722,35.30420672,0.3708609271523179,0.08,0.0,0.0,0.0021518598217030436,0.0,-0.0,-0.0,0.4530127869740209,372
마마31ab01aa,0.0,128.9448894,35.29702433,0.4503311258278146,0.0,0.0,0.0,0.0018444512757454655,0.0,-0.0,-0.0,0.45217557710356004,373
마라28ab93bb,0.0,128.9107703,35.23206026,0.4768211920529801,0.0,0.2,0.0,0.0,0.0,-0.0,-0.225,0.4518211920529801,374
마라14aa97ab,0.0,128.7546923,35.26533621,0.33112582781456956,0.12,0.0,0.0,0.0,0.0,-0.0,-0.0,0.45112582781456956,375
마마19aa01ba,0.0,128.810267,35.30306603,0.06622516556291391,0.0,0.0,0.375,0.005840762373193974,0.0,-0.0,-0.0,0.4470659279361079,376
마라28aa94ab,0.0,128.9081016,35.23659943,0.32450331125827814,0.12,0.0,0.0,0.0,0.0,-0.0,-0.0,0.44450331125827813,377
마마22ba07ab,0.0,128.8496159,35.35447592,0.059602649006622516,0.0,0.0,0.375,0.006762988011066708,0.0,-0.0,-0.0,0.4413656370176892,378
마라24bb94bb,0.0,128.8724691,35.2415169,0.06622516556291391,0.0,0.0,0.375,0.0,0.0,-0.0,-0.0,0.4412251655629139,379
마라24ba92bb,0.0,128.869419,35.223519,0.11920529801324503,0.0,0.0,0.375,0.06271134337534583,0.0,-0.0,-0.11666666666666667,0.4402499747219242,380
마라24ba91bb,0.0,128.8692676,35.21450447,0.013245033112582781,0.0,0.0,0.375,0.0,0.05181347150259068,-0.0,-0.0,0.4400585046151735,381
마마31ab00ab,0.0,128.9447692,35.29026373,0.4370860927152318,0.0,0.0,0.0,0.0027666769136181985,0.0,-0.0,-0.0,0.43985276962885,382
마라20bb87aa,0.0,128.8273792,35.17214346,0.0,0.2,0.0,0.0,0.23977866584691054,0.0,-0.0,-0.0,0.43977866584691055,383
마라18aa90aa,0.0,128.7976171,35.19951512,0.046357615894039736,0.0,0.0,0.375,0.016292652935751613,0.0,-0.0,-0.0,0.43765026882979136,384
마라18bb89bb,0.0,128.805818,35.19717286,0.006622516556291391,0.2,0.0,0.0,0.23024900092222564,0.0,-0.0,-0.0,0.43687151747851705,385
마라19ba93ba,0.0,128.8145996,35.23088904,0.4304635761589404,0.0,0.0,0.0,0.004303719643406086,0.0,-0.0,-0.0,0.43476729580234647,386
마라20aa90ab,0.0,128.8196187,35.20153141,0.046357615894039736,0.24,0.0,0.0,0.18690439594220717,0.20984455958549222,-0.0,-0.249289499,0.43381707242173917,387
마라26bb94aa,0.0,128.8943291,35.23450485,0.25165562913907286,0.4,0.0,0.0,0.2111896710728558,0.0,-0.0,-0.42914258191666665,0.4337027182952621,388
마라19ba90aa,0.0,128.814091,35.19933744,0.33774834437086093,0.2,0.2,0.0,0.19581924377497692,0.0,-0.5,-0.0,0.43356758814583796,389
마라28bb93ba,0.0,128.9162244,35.22974252,0.41721854304635764,0.2,0.4,0.0,0.0,0.0,-0.0,-0.5848265895833333,0.4323919534630245,390
마라20bb98ba,0.0,128.8290687,35.27581225,0.23178807947019867,0.0,0.2,0.0,0.0,0.0,-0.0,-0.0,0.4317880794701987,391
마마10bb02aa,0.0,128.7196111,35.30852252,0.019867549668874173,0.2,0.0,0.0,0.21180448816477096,0.0,-0.0,-0.0,0.43167203783364516,392
마라28ab93ba,0.0,128.9107313,35.22980667,0.4304635761589404,0.0,0.0,0.0,0.0,0.0,-0.0,-0.0,0.4304635761589404,393
마라27bb96aa,0.0,128.9056271,35.25240648,0.26490066225165565,0.0,0.0,0.0,0.3612050415001537,0.0,-0.0,-0.19922928708333335,0.4268764166684761,394
마라23aa93bb,0.0,128.8530903,35.23271889,0.5364238410596026,0.04,0.0,0.0,0.12419305256686135,0.0,-0.0,-0.275,0.42561689362646393,395
마라14bb98ab,0.0,128.763076,35.27426528,0.37748344370860926,0.04,0.0,0.0,0.00768521364893944,0.0,-0.0,-0.0,0.42516865735754866,396
마라24ab93bb,0.0,128.8668238,35.23256457,0.2119205298013245,0.16,0.0,0.0,0.2520750076852136,0.0,-0.0,-0.2,0.4239955374865381,397
마라19aa89ab,0.0,128.8084913,35.19263583,0.11258278145695365,0.16,0.0,0.0,0.15063018751921303,0.0,-0.0,-0.0,0.42321296897616667,398
마라28bb94bb,0.0,128.9164203,35.24101043,0.152317880794702,0.0,0.0,0.0,0.27021211189671074,0.0,-0.0,-0.0,0.4225299926914127,399
마마20ba01bb,0.0,128.8267985,35.30513981,0.046357615894039736,0.0,0.0,0.375,0.0,0.0,-0.0,-0.0,0.42135761589403975,400
마라27ba94ab,0.0,128.902608,35.23666322,0.4304635761589404,0.08,0.0,0.0,0.06793728865662466,0.0,-0.0,-0.15833333333333333,0.42006753148223164,401
마라20aa89aa,0.0,128.8194364,35.19026297,0.033112582781456956,0.0,0.0,0.375,0.011374116200430372,0.0,-0.0,-0.0,0.41948669898188734,402
마라15ab94aa,0.0,128.7679755,35.23589466,0.2980132450331126,0.12,0.0,0.0,0.0,0.0,-0.0,-0.0,0.4180132450331126,403
마마12bb02aa,0.0,128.7416063,35.30829866,0.0,0.2,0.0,0.0,0.2154933907162619,0.0,-0.0,-0.0,0.4154933907162619,404
마라22ba93ab,0.0,128.8475224,35.22827289,0.033112582781456956,0.32,0.0,0.0,0.3867199508146326,0.0,-0.0,-0.3245183044166666,0.41531422917942296,405
마라19aa91aa,0.0,128.8087444,35.2084117,0.013245033112582781,0.0,0.4,0.0,0.0,0.0,-0.0,-0.0,0.4132450331125828,406
마마19aa05ab,0.0,128.8108125,35.33687078,0.013245033112582781,0.0,0.4,0.0,0.0,0.0,-0.0,-0.0,0.4132450331125828,406
마라15ba99bb,0.0,128.771532,35.2877011,0.4105960264900662,0.0,0.0,0.0,0.0,0.0,-0.0,-0.0,0.4105960264900662,407
마라29aa93ab,0.0,128.9189317,35.22745676,0.4105960264900662,0.0,0.0,0.0,0.0,0.0,-0.0,-0.0,0.4105960264900662,407
마라25ba94ba,0.0,128.8806718,35.23916953,0.4105960264900662,0.0,0.0,0.0,0.0740854595757762,0.0,-0.0,-0.07461464354166666,0.4100668425241757,408
마라13bb98aa,0.0,128.7520484,35.27212584,0.40397350993377484,0.0,0.0,0.0,0.0046111281893636644,0.0,-0.0,-0.0,0.4085846381231385,409
마라21ab99bb,0.0,128.83475,35.28701994,0.40397350993377484,0.0,0.0,0.0,0.004303719643406086,0.0,-0.0,-0.0,0.40827722957718093,410
마라23ba98ab,0.0,128.8592609,35.27322269,0.24503311258278146,0.16,0.0,0.0,0.0030740854595757753,0.0,-0.0,-0.0,0.40810719804235723,411
마라27ba96ab,0.0,128.9029186,35.25469195,0.059602649006622516,0.04,0.0,0.375,0.0,0.0,-0.0,-0.06666666666666667,0.40793598233995587,412
마라22aa89ab,0.0,128.8414359,35.19227533,0.36423841059602646,0.04,0.0,0.0,0.0030740854595757753,0.0,-0.0,-0.0,0.4073124960556022,413
마라25bb95aa,0.0,128.8834953,35.24364539,0.09271523178807947,0.2,0.0,0.0,0.11128189363664309,0.0,-0.0,-0.0,0.40399712542472255,414
마라17ab87bb,0.0,128.7890597,35.17931967,0.0,0.0,0.0,0.375,0.028896403320012296,0.0,-0.0,-0.0,0.4038964033200123,415
마마09bb00ba,0.0,128.7084124,35.29511048,0.23178807947019867,0.16,0.0,0.0,0.011681524746387948,0.0,-0.0,-0.0,0.4034696042165866,416
마라35bb94ab,0.0,128.9932495,35.23557871,0.1456953642384106,0.0,0.0,0.375,0.0178296956655395,0.0,-0.0,-0.13775289016666664,0.4007721697372834,417
마마12aa01bb,0.0,128.733324,35.30612936,0.16556291390728478,0.0,0.2,0.0,0.03412234860129111,0.0,-0.0,-0.0,0.3996852625085759,418
마마34ab00bb,0.0,128.9778333,35.2943722,0.39072847682119205,0.0,0.0,0.0,0.007377805102981862,0.0,-0.0,-0.0,0.3981062819241739,419
마라19ba94aa,0.03956043956043956,128.8146724,35.2353964,0.3973509933774834,0.0,0.0,0.0,0.0,0.0,-0.0,-0.0,0.3973509933774834,420
마라27bb95bb,0.0,128.9055882,35.25015289,0.052980132450331126,0.0,0.0,0.0,0.34399016292652934,0.0,-0.0,-0.0,0.39697029537686046,421
마라18aa88bb,0.0,128.7974379,35.18824658,0.09271523178807947,0.16,0.0,0.0,0.1441746080541039,0.0,-0.0,-0.0,0.3968898398421834,422
마라24bb94ab,0.0,128.8723931,35.23700965,0.019867549668874173,0.0,0.0,0.375,0.0,0.0,-0.0,-0.0,0.39486754966887416,423
마라25aa96ab,0.0,128.8754445,35.25500741,0.019867549668874173,0.0,0.0,0.375,0.0,0.0,-0.0,-0.0,0.39486754966887416,423
마라23aa94ba,0.0,128.8532026,35.23947982,0.0,0.0,0.0,0.375,0.019674146941284967,0.0,-0.0,-0.0,0.39467414694128494,424
마라22ab93bb,0.0,128.8448502,35.23281074,0.013245033112582781,0.0,0.0,0.375,0.003381494005533354,0.0,-0.0,-0.0,0.39162652711811613,425
마라27ba95bb,0.0,128.9028409,35.25018478,0.039735099337748346,0.28,0.0,0.0,0.07162619120811559,0.0,-0.0,-0.0,0.39136129054586394,426
마라18ba89ab,0.0,128.8030005,35.19269504,0.13245033112582782,0.0,0.2,0.0,0.05656317245619428,0.0,-0.0,-0.0,0.38901350358202214,427
마라23aa91ab,0.0,128.8527163,35.21018242,0.26490066225165565,0.0,0.0,0.375,0.007377805102981862,0.0,-0.0,-0.25892341041666667,0.3883550569379709,428
마라14ab95ba,0.0,128.7571965,35.24953164,0.013245033112582781,0.0,0.0,0.375,0.0,0.0,-0.0,-0.0,0.3882450331125828,429
마마30ba02bb,0.0,128.936922,35.31289733,0.013245033112582781,0.0,0.0,0.375,0.0,0.0,-0.0,-0.0,0.3882450331125828,429
마라16aa98aa,0.0,128.7767816,35.27186732,0.26490066225165565,0.12,0.0,0.0,0.0030740854595757753,0.0,-0.0,-0.0,0.3879747477112314,430
마라23ab92ba,0.0,128.8556496,35.22141994,0.26490066225165565,0.0,0.0,0.0,0.12234860129111588,0.0,-0.0,-0.0,0.38724926354277156,431
마라22ab94ab,0.0,128.8449246,35.23731804,0.0,0.16,0.0,0.0,0.22717491546264984,0.0,-0.0,-0.0,0.3871749154626498,432
마라29aa93bb,0.0,128.9190102,35.23196393,0.33774834437086093,0.0,0.0,0.375,0.051952044266830616,0.0,-0.0,-0.378835501,0.3858648876376915,433
마라22ab95ab,0.0,128.8450735,35.24633263,0.3841059602649007,0.0,0.0,0.0,0.0,0.0,-0.0,-0.0,0.3841059602649007,434
마라15ab99bb,0.0,128.7687833,35.28772997,0.3841059602649007,0.0,0.0,0.0,0.0,0.0,-0.0,-0.0,0.3841059602649007,434
마마13bb02bb,0.0,128.7527081,35.31494635,0.3841059602649007,0.0,0.0,0.0,0.0,0.0,-0.0,-0.0,0.3841059602649007,434
마라28ba96ab,0.0,128.9139081,35.25456403,0.006622516556291391,0.0,0.0,0.375,0.0018444512757454655,0.0,-0.0,-0.0,0.3834669678320368,435
마라25aa97ba,0.0,128.8756349,35.26627547,0.006622516556291391,0.0,0.0,0.375,0.0,0.0,-0.0,-0.0,0.38162251655629137,436
마라20ba87ba,0.0,128.8247076,35.17668089,0.006622516556291391,0.0,0.0,0.375,0.0,0.0,-0.0,-0.0,0.38162251655629137,436
마라22bb94aa,0.0,128.850381,35.23500322,0.0,0.24,0.0,0.0,0.14110052259452813,0.0,-0.0,-0.0,0.3811005225945281,437
마라19bb87ab,0.0,128.8164367,35.17451698,0.09933774834437085,0.2,0.0,0.0,0.24746387949584997,0.0,-0.0,-0.16666666666666666,0.38013496117355416,438
마마11aa01bb,0.0,128.7223267,35.30624102,0.046357615894039736,0.16,0.0,0.0,0.17368582846603134,0.0,-0.0,-0.0,0.3800434443600711,439
마마31ab00bb,0.0,128.9448493,35.2947708,0.37748344370860926,0.0,0.0,0.0,0.002459268367660621,0.0,-0.0,-0.0,0.3799427120762699,440
마라24bb95ba,0.0,128.872583,35.24827776,0.46357615894039733,0.08,0.0,0.0,0.12480786965877651,0.0,-0.0,-0.2916666666666667,0.3767173619325072,441
마라27aa95aa,0.0,128.8972304,35.24348757,0.0,0.0,0.0,0.375,0.0,0.0,-0.0,-0.0,0.375,442
마마21ab08aa,0.0,128.8359731,35.36138958,0.0,0.0,0.0,0.375,0.0,0.0,-0.0,-0.0,0.375,442
마라34ba98ba,0.0,128.9802127,35.27405708,0.0,0.0,0.0,0.375,0.0,0.0,-0.0,-0.0,0.375,442
마라23bb92ba,0.0,128.8611422,35.2213583,0.23178807947019867,0.04,0.0,0.0,0.10236704580387335,0.0,-0.0,-0.0,0.374155125274072,443
마라26aa93bb,0.0,128.8860506,35.2323459,0.12582781456953643,0.04,0.0,0.375,0.09898555179833998,0.0,-0.0,-0.26666666666666666,0.3731466997012098,444
마라23ab94ab,0.0,128.8559121,35.23719543,0.06622516556291391,0.0,0.0,0.375,0.054718721180448814,0.0,-0.0,-0.125,0.3709438867433627,445
마마12ba01aa,0.0,128.7387195,35.29931199,0.0728476821192053,0.04,0.2,0.0,0.055640946818321546,0.0,-0.0,-0.0,0.3684886289375269,446
마마10bb01ab,0.0,128.7195097,35.30176132,0.09933774834437085,0.16,0.0,0.0,0.10851521672302489,0.0,-0.0,-0.0,0.36785296506739573,447
마라16ba97ba,0.0,128.7822068,35.26730179,0.36423841059602646,0.0,0.0,0.0,0.003381494005533354,0.0,-0.0,-0.0,0.3676199046015598,448
마마28aa02ba,0.0,128.9093895,35.3109674,0.36423841059602646,0.0,0.0,0.0,0.0018444512757454655,0.0,-0.0,-0.0,0.3660828618717719,449
마마11ba01ba,0.0,128.7277913,35.30393159,0.33112582781456956,0.0,0.0,0.0,0.03412234860129111,0.0,-0.0,-0.0,0.36524817641586066,450
마라19bb96ba,0.0,128.8177839,35.25790323,0.36423841059602646,0.0,0.0,0.0,0.0,0.0,-0.0,-0.0,0.36423841059602646,451
마라19ab93ba,0.0,128.811853,35.23091884,0.36423841059602646,0.0,0.0,0.0,0.0,0.0,-0.0,-0.0,0.36423841059602646,451
마라15ab93ab,0.0,128.7678703,35.2291335,0.23841059602649006,0.12,0.0,0.0,0.005533353827236397,0.0,-0.0,-0.0,0.36394394985372647,452
마라22bb92bb,0.0,128.8501943,35.22373498,0.15894039735099338,0.16,0.0,0.0,0.044266830617891176,0.0,-0.0,-0.0,0.36320722796888455,453
마라21bb93bb,0.0,128.8393567,35.23287166,0.10596026490066225,0.0,0.0,0.375,0.007070396557024285,0.0,-0.0,-0.125,0.36303066145768653,454
마마14aa01aa,0.0,128.7552139,35.29914191,0.152317880794702,0.2,0.0,0.0,0.010451890562557638,0.0,-0.0,-0.0,0.36276977135725963,455
마라14aa97bb,0.0,128.7547618,35.26984365,0.3576158940397351,0.0,0.0,0.0,0.003688902551490931,0.0,-0.0,-0.0,0.36130479659122605,456
마라23aa91ba,0.0,128.8527537,35.21243607,0.31125827814569534,0.08,0.2,0.375,0.004303719643406086,0.0,-0.0,-0.6102239884166667,0.36033800937243476,457
마라23bb98ba,0.0,128.8620467,35.2754454,0.0,0.36,0.0,0.0,0.0,0.0,-0.0,-0.0,0.36,458
마라24bb97bb,0.0,128.8729251,35.26856029,0.0,0.36,0.0,0.0,0.0,0.0,-0.0,-0.0,0.36,458
마라19bb91ab,0.0,128.8170186,35.21057605,0.0,0.36,0.0,0.0,0.0,0.0,-0.0,-0.0,0.36,458
마마09bb01aa,0.0,128.7084794,35.29961797,0.07947019867549669,0.28,0.0,0.0,0.0,0.0,-0.0,-0.0,0.35947019867549673,459
마마13bb02ba,0.0,128.7526733,35.31269265,0.3576158940397351,0.0,0.0,0.0,0.0,0.0,-0.0,-0.0,0.3576158940397351,460
마라22aa98ab,0.0,128.8427724,35.27340685,0.152317880794702,0.0,0.2,0.0,0.002459268367660621,0.0,-0.0,-0.0,0.35477714916236264,461
마마30bb04ab,0.0,128.939911,35.32638579,0.3509933774834437,0.0,0.0,0.0,0.0030740854595757753,0.0,-0.0,-0.0,0.3540674629430195,462
마마31ab01ba,0.0,128.9449695,35.30153139,0.3509933774834437,0.0,0.0,0.0,0.0021518598217030436,0.0,-0.0,-0.0,0.35314523730514674,463
마라22bb90ba,0.0,128.8498584,35.2034521,0.2582781456953642,0.08,0.0,0.0,0.013218567476175837,0.0,-0.0,-0.0,0.3514967131715401,464
마라13bb97ba,0.0,128.751979,35.2676184,0.3509933774834437,0.0,0.0,0.0,0.0,0.0,-0.0,-0.0,0.3509933774834437,465
마라28aa94aa,0.0,128.9080626,35.23434584,0.3509933774834437,0.0,0.0,0.0,0.0,0.0,-0.0,-0.0,0.3509933774834437,465
마마18aa01ba,0.0,128.7992705,35.30318469,0.3509933774834437,0.0,0.0,0.0,0.0,0.0,-0.0,-0.0,0.3509933774834437,465
마마12ba02ab,0.0,128.7388913,35.31058058,0.3509933774834437,0.0,0.0,0.0,0.0,0.0,-0.0,-0.0,0.3509933774834437,465
마라24bb96bb,0.0,128.872773,35.25954584,0.3443708609271523,0.04,0.0,0.0,0.10390408853366123,0.0,-0.0,-0.14061897883333332,0.3476559706274802,466
마라20aa96ba,0.0,128.8205315,35.25787327,0.3443708609271523,0.0,0.0,0.0,0.0027666769136181985,0.0,-0.0,-0.0,0.3471375378407705,467
마라14aa98aa,0.0,128.7547965,35.27209737,0.3443708609271523,0.0,0.0,0.0,0.0027666769136181985,0.0,-0.0,-0.0,0.3471375378407705,467
마라22bb91aa,0.0,128.849933,35.20795942,0.37748344370860926,0.0,0.0,0.0,0.024900092222563786,0.0,-0.0,-0.05552504816666667,0.3468584877645064,468
마마21aa00aa,0.0,128.8320383,35.28930389,0.33774834437086093,0.0,0.0,0.0,0.005225945281278819,0.0,-0.0,-0.0,0.3429742896521398,469
마라27ba95ba,0.0,128.9028021,35.24793119,0.019867549668874173,0.32,0.0,0.0,0.0018444512757454655,0.0,-0.0,-0.0,0.3417120009446196,470
마라25aa92bb,0.0,128.8749118,35.22345673,0.1456953642384106,0.24,0.0,0.375,0.3046418690439594,0.0,-0.5,-0.225,0.34033723328236987,471
마라20ab88ab,0.0,128.8220722,35.18347195,0.019867549668874173,0.32,0.0,0.0,0.0,0.0,-0.0,-0.0,0.33986754966887417,472
마라22aa90bb,0.0,128.8416583,35.20579733,0.13245033112582782,0.0,0.2,0.0,0.0046111281893636644,0.0,-0.0,-0.0,0.3370614593151915,473
마라14aa97ba,0.0,128.754727,35.26758993,0.25165562913907286,0.08,0.0,0.0,0.0027666769136181985,0.0,-0.0,-0.0,0.3344223060526911,474
마라20ba88bb,0.0,128.8248905,35.18794933,0.0,0.0,0.0,0.0,0.0,0.33419689119170987,-0.0,-0.0,0.33419689119170987,475
마라18ba89aa,0.0,128.8029645,35.19044133,0.23178807947019867,0.04,0.0,0.0,0.06117430064555794,0.0,-0.0,-0.0,0.33296238011575663,476
마라21ba98bb,0.0,128.8373503,35.27797502,0.31788079470198677,0.0,0.0,0.0,0.01414079311404857,0.0,-0.0,-0.0,0.33202158781603536,477
마마29bb02ab,0.0,128.9285947,35.30848799,0.10596026490066225,0.0,0.0,0.375,0.005225945281278819,0.0,-0.0,-0.15416666666666667,0.3320195435152744,478
마라15bb96ba,0.0,128.7738218,35.25837408,0.33112582781456956,0.0,0.0,0.0,0.0,0.0,-0.0,-0.0,0.33112582781456956,479
마라19ba91aa,0.0,128.8142362,35.2083522,0.33112582781456956,0.0,0.0,0.0,0.0,0.0,-0.0,-0.0,0.33112582781456956,479
마라16aa99bb,0.0,128.7770293,35.28764318,0.33112582781456956,0.0,0.0,0.0,0.0,0.0,-0.0,-0.0,0.33112582781456956,479
마라21bb95bb,0.0,128.8396533,35.25090088,0.32450331125827814,0.0,0.0,0.0,0.004918536735321242,0.0,-0.0,-0.0,0.32942184799359936,480
마라27bb94ba,0.0,128.9053937,35.23888495,0.5231788079470199,0.0,0.0,0.0,0.005533353827236397,0.0,-0.0,-0.19971098266666668,0.32900117910758964,481
마라28ba95ab,0.0,128.9137516,35.24554971,0.152317880794702,0.0,0.0,0.0,0.17645250537964954,0.0,-0.0,-0.0,0.3287703861743515,482
마라19ab90bb,0.0,128.8114541,35.20612829,0.08609271523178808,0.0,0.0,0.375,0.006762988011066708,0.0,-0.0,-0.14166666666666666,0.32618903657618814,483
마라11ba99ba,0.0,128.727519,35.28590174,0.32450331125827814,0.0,0.0,0.0,0.0,0.0,-0.0,-0.0,0.32450331125827814,484
마라16aa88ba,0.0,128.7754404,35.18622618,0.08609271523178808,0.0,0.0,0.0,0.0,0.2383419689119171,-0.0,-0.0,0.3244346841437052,485
마마17bb00ba,0.0,128.7963775,35.29419951,0.15894039735099338,0.16,0.0,0.0,0.005225945281278819,0.0,-0.0,-0.0,0.32416634263227223,486
마라29bb92bb,0.0,128.9270921,35.22285274,0.3443708609271523,0.08,0.0,0.375,0.012603750384260681,0.010362694300518135,-0.5,-0.0,0.3223373056119312,487
마마10ab01ba,0.0,128.714045,35.30407038,0.039735099337748346,0.12,0.0,0.0,0.16231171226560098,0.0,-0.0,-0.0,0.32204681160334936,488
마라25aa93bb,0.0,128.8750639,35.23247123,0.13245033112582782,0.08,0.0,0.0,0.10943744236089763,0.0,-0.0,-0.0,0.3218877734867255,489
마라29ba93bb,0.0,128.9245034,35.23189939,0.046357615894039736,0.2,0.0,0.0,0.21211189671072855,0.1683937823834197,-0.0,-0.30568400766666665,0.3211792873215214,490
마라16aa98ab,0.0,128.776817,35.27412102,0.31125827814569534,0.0,0.0,0.0,0.00891484783276975,0.0,-0.0,-0.0,0.3201731259784651,491
마마27ab01aa,0.0,128.9009084,35.29754184,0.31788079470198677,0.0,0.0,0.0,0.0,0.0,-0.0,-0.0,0.31788079470198677,492
마라16aa94ba,0.0,128.7762868,35.24031546,0.31788079470198677,0.0,0.0,0.0,0.0,0.0,-0.0,-0.0,0.31788079470198677,492
마라24bb94aa,0.0,128.8723552,35.23475603,0.07947019867549669,0.16,0.0,0.0,0.07777436212726713,0.0,-0.0,-0.0,0.3172445608027638,493
마라20bb91ab,0.0,128.8280025,35.21045605,0.019867549668874173,0.16,0.0,0.0,0.1371042114970796,0.0,-0.0,-0.0,0.31697176116595377,494
마라19ba90bb,0.0,128.8141999,35.20609852,0.33112582781456956,0.04,0.0,0.0,0.0946818321549339,0.0,-0.0,-0.15,0.31580765996950344,495
마라25ab94bb,0.0,128.877963,35.24145446,0.1986754966887417,0.24,0.0,0.0,0.1620043037196434,0.0,-0.0,-0.2852902215833333,0.3153895788250518,496
마마14aa00aa,0.0,128.7550748,35.29012707,0.304635761589404,0.0,0.0,0.0,0.009222256378727329,0.0,-0.0,-0.0,0.3138580179681313,497
마마24ba03aa,0.0,128.8709751,35.31591715,0.271523178807947,0.04,0.0,0.0,0.0021518598217030436,0.0,-0.0,-0.0,0.31367503862965,498
마라29aa94aa,0.0,128.9190494,35.23421751,0.6423841059602649,0.0,0.0,0.0,0.059944666461727636,0.0,-0.0,-0.38916184975,0.3131669226719924,499
마라21aa92ba,0.0,128.8309325,35.22169425,0.304635761589404,0.0,0.0,0.0,0.008300030740854595,0.0,-0.0,-0.0,0.3129357923302586,500
마라35aa94ab,0.0,128.9850096,35.23568011,0.11258278145695365,0.0,0.2,0.0,0.0,0.0,-0.0,-0.0,0.3125827814569537,501
마마11bb01ab,0.0,128.7305064,35.30164992,0.2582781456953642,0.0,0.0,0.0,0.05379649554257608,0.0,-0.0,-0.0,0.3120746412379403,502
마마27ba01bb,0.0,128.9037741,35.30427067,0.19205298013245034,0.12,0.0,0.0,0.0,0.0,-0.0,-0.0,0.3120529801324503,503
마라20aa90ba,0.0,128.8196552,35.20378509,0.026490066225165563,0.16,0.0,0.0,0.12480786965877651,0.0,-0.0,-0.0,0.31129793588394206,504
마라18ba91ab,0.0,128.8032885,35.21072464,0.304635761589404,0.0,0.0,0.0,0.006148170919151552,0.0,-0.0,-0.0,0.3107839325085555,505
마라17ab99ba,0.0,128.7907367,35.28524361,0.304635761589404,0.0,0.0,0.0,0.003381494005533354,0.0,-0.0,-0.0,0.3080172555949373,506
마마19ab01aa,0.0,128.8129433,35.2985289,0.2980132450331126,0.0,0.0,0.0,0.009529664924684905,0.0,-0.0,-0.0,0.30754290995779754,507
마마28ab01ba,0.0,128.9119821,35.30192108,0.2980132450331126,0.0,0.0,0.0,0.008300030740854595,0.0,-0.0,-0.0,0.3063132757739672,508
마라15bb99bb,0.0,128.7742806,35.28767217,0.304635761589404,0.0,0.0,0.0,0.0,0.0,-0.0,-0.0,0.304635761589404,509
마마16ab00aa,0.0,128.7798134,35.28986782,0.304635761589404,0.0,0.0,0.0,0.0,0.0,-0.0,-0.0,0.304635761589404,509
마라18ab87ba,0.0,128.8000037,35.17694858,0.059602649006622516,0.08,0.0,0.0,0.1647709806332616,0.0,-0.0,-0.0,0.3043736296398841,510
마라27bb96ab,0.0,128.905666,35.25466007,0.026490066225165563,0.0,0.0,0.375,0.027359360590224407,0.0,-0.0,-0.12577071291666667,0.3030787138987233,511
마라21ba94ab,0.0,128.836684,35.23740934,0.026490066225165563,0.12,0.0,0.0,0.15554872425453425,0.0,-0.0,-0.0,0.30203879047969984,512
마마11aa03ab,0.0,128.7225301,35.3197634,0.2119205298013245,0.08,0.0,0.0,0.009222256378727329,0.0,-0.0,-0.0,0.3011427861800518,513
마마20bb01aa,0.0,128.8294371,35.2983487,0.2185430463576159,0.08,0.0,0.0,0.0021518598217030436,0.0,-0.0,-0.0,0.30069490617931893,514
마마13bb01ba,0.0,128.7525344,35.30367782,0.052980132450331126,0.24,0.0,0.0,0.006148170919151552,0.0,-0.0,-0.0,0.29912830336948265,515
마라16aa98ba,0.0,128.7768523,35.27637471,0.40397350993377484,0.04,0.0,0.0,0.0,0.0,-0.0,-0.14490004816666666,0.29907346176710814,516
마라19ab89ba,0.0,128.8112729,35.19485982,0.019867549668874173,0.12,0.0,0.0,0.15862280971411005,0.0,-0.0,-0.0,0.2984903593829842,517
마라29aa94ab,0.0,128.9190887,35.23647109,0.17218543046357615,0.12,0.0,0.0,0.006148170919151552,0.0,-0.0,-0.0,0.2983336013827277,518
마마18bb00ba,0.0,128.8073729,35.29408115,0.2582781456953642,0.04,0.0,0.0,0.0,0.0,-0.0,-0.0,0.2982781456953642,519
마라13ab96bb,0.0,128.7463795,35.26091397,0.11258278145695365,0.12,0.0,0.0,0.06547802028896403,0.0,-0.0,-0.0,0.2980608017459177,520
마라28aa93ba,0.0,128.9079847,35.22983865,0.2980132450331126,0.0,0.0,0.0,0.0,0.0,-0.0,-0.0,0.2980132450331126,521
마라15ab99ba,0.0,128.7687481,35.28547627,0.2980132450331126,0.0,0.0,0.0,0.0,0.0,-0.0,-0.0,0.2980132450331126,521
마라16aa95aa,0.0,128.7763574,35.24482288,0.2980132450331126,0.0,0.0,0.0,0.0,0.0,-0.0,-0.0,0.2980132450331126,521
마마14aa03aa,0.0,128.7554925,35.31717153,0.2980132450331126,0.0,0.0,0.0,0.0,0.0,-0.0,-0.0,0.2980132450331126,521
마라11aa99ba,0.0,128.7220217,35.2859574,0.2980132450331126,0.0,0.0,0.0,0.0,0.0,-0.0,-0.0,0.2980132450331126,521
마라28ab94bb,0.0,128.9109264,35.24107461,0.16556291390728478,0.12,0.0,0.0,0.012296341838303101,0.0,-0.0,-0.0,0.29785925574558786,522
마라25ab94ab,0.0,128.8778868,35.23694722,0.09271523178807947,0.08,0.0,0.0,0.12480786965877651,0.0,-0.0,-0.0,0.29752310144685595,523
마라10bb99ba,0.0,128.719273,35.28598514,0.2913907284768212,0.0,0.0,0.0,0.005840762373193974,0.0,-0.0,-0.0,0.29723149085001516,524
마라24bb93aa,0.0,128.8722033,35.22574152,0.2185430463576159,0.12,0.0,0.0,0.1251152782047341,0.0,-0.0,-0.16666666666666666,0.2969916578956834,525
마라24ab95ab,0.0,128.8670508,35.24608634,0.09933774834437085,0.36,0.0,0.0,0.1905932984936981,0.0,-0.0,-0.3532032755,0.296727771338069,526
마라27ba92ab,0.0,128.9022977,35.21863444,0.09933774834437085,0.0,0.0,0.0,0.004918536735321242,0.1917098445595855,-0.0,-0.0,0.2959661296392776,527
마라19bb87bb,0.0,128.8165094,35.17902438,0.06622516556291391,0.2,0.0,0.0,0.12818936366430986,0.0,-0.0,-0.1,0.2944145292272238,528
마라19bb90bb,0.0,128.8169458,35.20606868,0.06622516556291391,0.0,0.0,0.375,0.036581616968951736,0.0,-0.0,-0.1843810211666667,0.29342576136519893,529
마라36aa98bb,0.0,128.9967418,35.27610768,0.013245033112582781,0.28,0.0,0.0,0.0,0.0,-0.0,-0.0,0.2932450331125828,530
마라18aa91ba,0.0,128.7978323,35.21303735,0.052980132450331126,0.04,0.2,0.0,0.0,0.0,-0.0,-0.0,0.29298013245033117,531
마라25ab95ab,0.0,128.8780393,35.24596169,0.046357615894039736,0.2,0.0,0.0,0.04518905625576391,0.0,-0.0,-0.0,0.2915466721498037,532
마라16aa97ba,0.0,128.7767109,35.26735992,0.2913907284768212,0.0,0.0,0.0,0.0,0.0,-0.0,-0.0,0.2913907284768212,533
마마15bb00aa,0.0,128.7743159,35.28992587,0.2913907284768212,0.0,0.0,0.0,0.0,0.0,-0.0,-0.0,0.2913907284768212,533
마라19aa94aa,0.0,128.8091787,35.23545595,0.2913907284768212,0.0,0.0,0.0,0.0,0.0,-0.0,-0.0,0.2913907284768212,533
마마13ab01ab,0.0,128.7470013,35.30148094,0.11920529801324503,0.08,0.0,0.0,0.0919151552413157,0.0,-0.0,-0.0,0.29112045325456076,534
마라21ab93ba,0.0,128.8338264,35.23067867,0.17218543046357615,0.04,0.0,0.0,0.07838917921918229,0.0,-0.0,-0.0,0.29057460968275844,535
마라24ab96bb,0.0,128.8672778,35.25960807,0.13245033112582782,0.28,0.0,0.0,0.1580079926221949,0.0,-0.0,-0.28008790941666667,0.2903704143313561,536
마마17ba01ab,0.0,128.7937363,35.30098997,0.271523178807947,0.0,0.0,0.0,0.0021518598217030436,0.015544041450777202,-0.0,-0.0,0.28921908008042724,537
마라26ab93ab,0.0,128.8887204,35.22780719,0.17880794701986755,0.0,0.2,0.375,0.03320012296341838,0.0,-0.5,-0.0,0.2870080699832859,538
마라25aa93ab,0.0,128.8749878,35.22796398,0.09933774834437085,0.08,0.0,0.0,0.10728558253919458,0.0,-0.0,-0.0,0.28662333088356545,539
마마29ba06ab,0.0,128.9264789,35.34457706,0.2847682119205298,0.0,0.0,0.0,0.0018444512757454655,0.0,-0.0,-0.0,0.28661266319627526,540
마마12bb02ab,0.0,128.7416408,35.31055238,0.2052980132450331,0.08,0.0,0.0,0.0,0.0,-0.0,-0.0,0.2852980132450331,541
마라20ba95bb,0.0,128.8259165,35.25105219,0.2847682119205298,0.0,0.0,0.0,0.0,0.0,-0.0,-0.0,0.2847682119205298,542
마라18ab92aa,0.0,128.8006503,35.21751527,0.2847682119205298,0.0,0.0,0.0,0.0,0.0,-0.0,-0.0,0.2847682119205298,542
마마19ba01ab,0.0,128.8157288,35.30075268,0.2847682119205298,0.0,0.0,0.0,0.0,0.0,-0.0,-0.0,0.2847682119205298,542
마라16ba97ab,0.0,128.7821713,35.2650481,0.2847682119205298,0.0,0.0,0.0,0.0,0.0,-0.0,-0.0,0.2847682119205298,542
마라25ab94aa,0.0,128.8778487,35.23469361,0.23841059602649006,0.04,0.0,0.0,0.003996311097448509,0.0,-0.0,-0.0,0.28240690712393857,543
마라15aa96aa,0.0,128.7655087,35.25395316,0.39072847682119205,0.04,0.0,0.0,0.0,0.0,-0.0,-0.14895231216666666,0.2817761646545254,544
마마22ab04bb,0.0,128.846491,35.33197053,0.08609271523178808,0.0,0.0,0.375,0.006148170919151552,0.0,-0.0,-0.18551902699999998,0.2817218591509396,545
마마16ab04ba,0.0,128.7804526,35.33043407,0.2781456953642384,0.0,0.0,0.0,0.003381494005533354,0.0,-0.0,-0.0,0.2815271893697717,546
마마25bb00aa,0.0,128.8842618,35.28871742,0.15894039735099338,0.12,0.0,0.0,0.0021518598217030436,0.0,-0.0,-0.0,0.2810922571726964,547
마라16ab94ba,0.0,128.7790339,35.24028646,0.2781456953642384,0.0,0.0,0.0,0.0027666769136181985,0.0,-0.0,-0.0,0.2809123722778566,548
마마26aa01aa,0.0,128.8871642,35.29770028,0.1986754966887417,0.08,0.0,0.0,0.0,0.0,-0.0,-0.0,0.2786754966887417,549
마마31bb01bb,0.0,128.9505076,35.30371909,0.2781456953642384,0.0,0.0,0.0,0.0,0.0,-0.0,-0.0,0.2781456953642384,550
마라18aa92aa,0.0,128.7979041,35.21754475,0.2781456953642384,0.0,0.0,0.0,0.0,0.0,-0.0,-0.0,0.2781456953642384,550
마마32bb02ba,0.0,128.9616251,35.31034721,0.2781456953642384,0.0,0.0,0.0,0.0,0.0,-0.0,-0.0,0.2781456953642384,550
마라15bb96bb,0.0,128.7738571,35.26062778,0.2781456953642384,0.0,0.0,0.0,0.0,0.0,-0.0,-0.0,0.2781456953642384,550
마라20ba86ab,0.0,128.8245248,35.16541243,0.019867549668874173,0.16,0.0,0.0,0.0974485090685521,0.0,-0.0,-0.0,0.27731605873742626,551
마라16ab97bb,0.0,128.7794943,35.26958459,0.271523178807947,0.0,0.0,0.0,0.005225945281278819,0.0,-0.0,-0.0,0.27674912408922586,552
마라26ba93ba,0.0,128.8915054,35.23002925,0.039735099337748346,0.16,0.0,0.0,0.07654472794343682,0.0,-0.0,-0.0,0.27627982728118516,553
마라19ba87aa,0.0,128.8136556,35.17229308,0.12582781456953643,0.24,0.0,0.0,0.2514601905932985,0.0,-0.0,-0.3416666666666667,0.2756213384961682,554
마라23aa92ba,0.0,128.8529033,35.22145067,0.36423841059602646,0.04,0.0,0.0,0.06055948355364279,0.0,-0.0,-0.19018424858333333,0.2746136455663359,555
마라21bb90ba,0.0,128.8388755,35.20357406,0.23178807947019867,0.04,0.0,0.0,0.0021518598217030436,0.0,-0.0,-0.0,0.2739399392919017,556
마라18ba90aa,0.0,128.8031084,35.19945615,0.013245033112582781,0.12,0.0,0.0,0.13956347986474024,0.0,-0.0,-0.0,0.272808512977323,557
마라13bb94ab,0.0,128.7515286,35.23831996,0.26490066225165565,0.0,0.0,0.0,0.00768521364893944,0.0,-0.0,-0.0,0.2725858759005951,558
마라26ab92aa,0.0,128.8885284,35.21653912,0.10596026490066225,0.16,0.0,0.0,0.005840762373193974,0.0,-0.0,-0.0,0.27180102727385624,559
마라21bb95ab,0.0,128.8395791,35.24639358,0.271523178807947,0.0,0.0,0.0,0.0,0.0,-0.0,-0.0,0.271523178807947,560
마마22aa01aa,0.0,128.8431818,35.29819681,0.271523178807947,0.0,0.0,0.0,0.0,0.0,-0.0,-0.0,0.271523178807947,560
마라19aa93ab,0.0,128.80907,35.2286949,0.271523178807947,0.0,0.0,0.0,0.0,0.0,-0.0,-0.0,0.271523178807947,560
마마28ab01bb,0.0,128.9120212,35.30417464,0.271523178807947,0.0,0.0,0.0,0.0,0.0,-0.0,-0.0,0.271523178807947,560
마라23aa98ab,0.0,128.8537647,35.27328433,0.271523178807947,0.0,0.0,0.0,0.0,0.0,-0.0,-0.0,0.271523178807947,560
마라20bb90bb,0.0,128.8279291,35.2059487,0.26490066225165565,0.0,0.0,0.0,0.005840762373193974,0.0,-0.0,-0.0,0.2707414246248496,561
마마11bb01bb,0.0,128.7305746,35.30615737,0.11258278145695365,0.12,0.0,0.0,0.03781125115278205,0.0,-0.0,-0.0,0.2703940326097357,562
마라14bb93ab,0.0,128.7623769,35.22919093,0.2251655629139073,0.04,0.0,0.0,0.003688902551490931,0.0,-0.0,-0.0,0.26885446546539826,563
마라15aa98bb,0.0,128.7658943,35.27874396,0.26490066225165565,0.0,0.0,0.0,0.0027666769136181985,0.0,-0.0,-0.0,0.26766733916527385,564
마마18ab01ab,0.0,128.8019835,35.30090145,0.26490066225165565,0.0,0.0,0.0,0.0021518598217030436,0.0,-0.0,-0.0,0.26705252207335867,565
마마12aa02bb,0.0,128.7334608,35.31514424,0.0,0.12,0.0,0.0,0.1469412849677221,0.0,-0.0,-0.0,0.26694128496772207,566
마마13ba02bb,0.0,128.7499585,35.31497481,0.26490066225165565,0.0,0.0,0.0,0.0018444512757454655,0.0,-0.0,-0.0,0.2667451135274011,567
마마28bb06bb,0.0,128.9183065,35.34918124,0.2251655629139073,0.04,0.0,0.0,0.0,0.0,-0.0,-0.0,0.2651655629139073,568
마라21ba91ba,0.0,128.8362774,35.21261907,0.2251655629139073,0.04,0.0,0.0,0.0,0.0,-0.0,-0.0,0.2651655629139073,568
마마14ba03ab,0.0,128.7610268,35.31936799,0.26490066225165565,0.0,0.0,0.0,0.0,0.0,-0.0,-0.0,0.26490066225165565,569
마라19bb93ab,0.0,128.8173099,35.2286055,0.26490066225165565,0.0,0.0,0.0,0.0,0.0,-0.0,-0.0,0.26490066225165565,569
마라15ba96bb,0.0,128.7711093,35.26065668,0.26490066225165565,0.0,0.0,0.0,0.0,0.0,-0.0,-0.0,0.26490066225165565,569
마라22aa94ab,0.0,128.8421777,35.23734854,0.2582781456953642,0.0,0.0,0.0,0.0064555794651091295,0.0,-0.0,-0.0,0.26473372516047333,570
마라24ba93ab,0.0,128.8694948,35.22802626,0.07947019867549669,0.04,0.0,0.0,0.14509683369197662,0.0,-0.0,-0.0,0.2645670323674733,571
마마30aa02aa,0.0,128.9313042,35.30620194,0.24503311258278146,0.0,0.0,0.0,0.018751921303412234,0.0,-0.0,-0.0,0.2637850338861937,572
마라15ab96ba,0.0,128.7683265,35.25843181,0.17218543046357615,0.08,0.0,0.0,0.010451890562557638,0.0,-0.0,-0.0,0.2626373210261338,573
마라18ba89ba,0.0,128.8030364,35.19494874,0.09933774834437085,0.08,0.0,0.0,0.08300030740854596,0.0,-0.0,-0.0,0.2623380557529168,574
마라16aa96ba,0.0,128.7765694,35.25834512,0.25165562913907286,0.0,0.0,0.0,0.0,0.010362694300518135,-0.0,-0.0,0.26201832343959097,575
마라19bb93aa,0.0,128.8172735,35.22635182,0.2582781456953642,0.0,0.0,0.0,0.0021518598217030436,0.0,-0.0,-0.0,0.26043000551706724,576
마라16ab97ba,0.0,128.7794588,35.26733089,0.3973509933774834,0.0,0.0,0.0,0.003996311097448509,0.0,-0.0,-0.14166666666666666,0.2596806378082653,577
마라26ab93ba,0.0,128.8887588,35.2300608,0.1456953642384106,0.16,0.0,0.0,0.23516753765754686,0.0,-0.0,-0.28123795758333336,0.25962494431262406,578
마라21aa98bb,0.0,128.8318538,35.27803567,0.052980132450331126,0.0,0.2,0.0,0.0064555794651091295,0.0,-0.0,-0.0,0.25943571191544024,579
마마14bb00ba,0.0,128.763391,35.29454862,0.17880794701986755,0.08,0.0,0.0,0.0,0.0,-0.0,-0.0,0.25880794701986753,580
마라20aa93aa,0.0,128.82002,35.2263219,0.17880794701986755,0.08,0.0,0.0,0.0,0.0,-0.0,-0.0,0.25880794701986753,580
마마32bb02ab,0.0,128.9615846,35.3080937,0.17880794701986755,0.08,0.0,0.0,0.0,0.0,-0.0,-0.0,0.25880794701986753,580
마마16ba00bb,0.0,128.7826688,35.29659975,0.2582781456953642,0.0,0.0,0.0,0.0,0.0,-0.0,-0.0,0.2582781456953642,581
마마24bb01bb,0.0,128.8735341,35.30461796,0.2582781456953642,0.0,0.0,0.0,0.0,0.0,-0.0,-0.0,0.2582781456953642,581
마라28ba94aa,0.0,128.913556,35.2342818,0.2582781456953642,0.0,0.0,0.0,0.0,0.0,-0.0,-0.0,0.2582781456953642,581
마마14ab01aa,0.0,128.757963,35.29911334,0.23841059602649006,0.0,0.0,0.0,0.018137104211497078,0.0,-0.0,-0.0,0.2565477002379871,582
마라20ab86ba,0.0,128.8218168,35.1676961,0.0,0.12,0.0,0.0,0.13648939440516444,0.0,-0.0,-0.0,0.25648939440516444,583
마라25ba93aa,0.0,128.8804427,35.22564783,0.12582781456953643,0.12,0.0,0.0,0.008607439286812174,0.0,-0.0,-0.0,0.2544352538563486,584
마마19ba01aa,0.0,128.8156923,35.29849902,0.25165562913907286,0.0,0.0,0.0,0.0027666769136181985,0.0,-0.0,-0.0,0.25442230605269106,585
마마19ab00bb,0.0,128.8129069,35.29627525,0.25165562913907286,0.0,0.0,0.0,0.0027666769136181985,0.0,-0.0,-0.0,0.25442230605269106,585
마마11bb02bb,0.0,128.7307112,35.31517226,0.013245033112582781,0.12,0.0,0.0,0.120811558561328,0.0,-0.0,-0.0,0.2540565916739108,586
마라21ba93ab,0.0,128.8365361,35.22839471,0.24503311258278146,0.0,0.0,0.0,0.00891484783276975,0.0,-0.0,-0.0,0.25394796041555123,587
마라21ba95ab,0.0,128.8368319,35.24642396,0.25165562913907286,0.0,0.0,0.0,0.0021518598217030436,0.0,-0.0,-0.0,0.2538074889607759,588
마라19ab94ba,0.0,128.8119981,35.23993356,0.25165562913907286,0.0,0.0,0.0,0.0018444512757454655,0.0,-0.0,-0.0,0.2535000804148183,589
마라15ab99ab,0.0,128.768713,35.28322257,0.11258278145695365,0.12,0.0,0.0,0.0205963725791577,0.0,-0.0,-0.0,0.25317915403611135,590
마라21bb94aa,0.0,128.8393938,35.23512532,0.052980132450331126,0.0,0.2,0.0,0.0,0.0,-0.0,-0.0,0.25298013245033113,591
마마31aa00bb,0.0,128.9421006,35.29480361,0.25165562913907286,0.0,0.0,0.0,0.0,0.0,-0.0,-0.0,0.25165562913907286,592
마라21aa93bb,0.0,128.8311165,35.23296257,0.25165562913907286,0.0,0.0,0.0,0.0,0.0,-0.0,-0.0,0.25165562913907286,592
마마21ba01ba,0.0,128.8377581,35.30276502,0.25165562913907286,0.0,0.0,0.0,0.0,0.0,-0.0,-0.0,0.25165562913907286,592
마라19ba92aa,0.0,128.8143816,35.21736695,0.25165562913907286,0.0,0.0,0.0,0.0,0.0,-0.0,-0.0,0.25165562913907286,592
마라19aa92ba,0.0,128.8089615,35.22193384,0.24503311258278146,0.0,0.0,0.0,0.006148170919151552,0.0,-0.0,-0.0,0.25118128350193303,593
마마21bb01ba,0.0,128.8405072,35.30273457,0.24503311258278146,0.0,0.0,0.0,0.0027666769136181985,0.0,-0.0,-0.0,0.24779978949639966,594
마라18ba92ba,0.0,128.8034687,35.22199312,0.36423841059602646,0.0,0.0,0.0,0.0,0.0,-0.0,-0.11666666666666667,0.2475717439293598,595
마마22ab03ba,0.0,128.8463042,35.32070246,0.24503311258278146,0.0,0.0,0.0,0.0,0.0,-0.0,-0.0,0.24503311258278146,596
마마31ba03aa,0.0,128.9479594,35.31501965,0.24503311258278146,0.0,0.0,0.0,0.0,0.0,-0.0,-0.0,0.24503311258278146,596
마라15ba96ba,0.0,128.7710741,35.25840297,0.24503311258278146,0.0,0.0,0.0,0.0,0.0,-0.0,-0.0,0.24503311258278146,596
마라13ba96bb,0.0,128.7491273,35.26088564,0.2251655629139073,0.0,0.0,0.0,0.018444512757454658,0.0,-0.0,-0.0,0.24361007567136195,597
마라22ab91aa,0.0,128.8444412,35.20802053,0.11920529801324503,0.12,0.0,0.0,0.0030740854595757753,0.0,-0.0,-0.0,0.2422793834728208,598
마라14ba98aa,0.0,128.7602928,35.27204023,0.15894039735099338,0.08,0.0,0.0,0.002459268367660621,0.0,-0.0,-0.0,0.24139966571865398,599
마마14bb00aa,0.0,128.763321,35.29004122,0.11920529801324503,0.12,0.0,0.0,0.0021518598217030436,0.0,-0.0,-0.0,0.24135715783494807,600
마라19bb94ab,0.0,128.8174557,35.2376202,0.23841059602649006,0.0,0.0,0.0,0.0027666769136181985,0.0,-0.0,-0.0,0.24117727294010827,601
마라10ab99ba,0.0,128.7137757,35.28604044,0.2251655629139073,0.0,0.0,0.0,0.015063018751921302,0.0,-0.0,-0.0,0.2402285816658286,602
마라10ab98bb,0.0,128.7136748,35.27927919,0.0,0.24,0.0,0.0,0.0,0.0,-0.0,-0.0,0.24,603
마라17bb90aa,0.0,128.7948715,35.19954452,0.0,0.16,0.0,0.0,0.07931140485705503,0.0,-0.0,-0.0,0.23931140485705504,604
마라22ba91ab,0.0,128.8472244,35.21024366,0.11258278145695365,0.12,0.0,0.0,0.006148170919151552,0.0,-0.0,-0.0,0.2387309523761052,605
마마19aa01aa,0.0,128.8101943,35.29855872,0.31125827814569534,0.0,0.0,0.0,0.01905932984936981,0.0,-0.0,-0.09166666666666666,0.23865094132839848,606
마마12bb02ba,0.0,128.7416752,35.31280609,0.23841059602649006,0.0,0.0,0.0,0.0,0.0,-0.0,-0.0,0.23841059602649006,607
마마14ab03ba,0.0,128.758312,35.32165034,0.23841059602649006,0.0,0.0,0.0,0.0,0.0,-0.0,-0.0,0.23841059602649006,607
마라19ba93aa,0.0,128.8145269,35.22638168,0.23841059602649006,0.0,0.0,0.0,0.0,0.0,-0.0,-0.0,0.23841059602649006,607
마마11ab03aa,0.0,128.7252459,35.31748184,0.23841059602649006,0.0,0.0,0.0,0.0,0.0,-0.0,-0.0,0.23841059602649006,607
마마13aa02ab,0.0,128.7443902,35.31052411,0.23841059602649006,0.0,0.0,0.0,0.0,0.0,-0.0,-0.0,0.23841059602649006,607
마라19ab89aa,0.0,128.8112005,35.19035243,0.0,0.08,0.0,0.0,0.15831540116815246,0.0,-0.0,-0.0,0.23831540116815247,608
마마14ba00bb,0.0,128.7606771,35.29683101,0.11258278145695365,0.12,0.0,0.0,0.004918536735321242,0.0,-0.0,-0.0,0.2375013181922749,609
마라21aa93ba,0.0,128.8310797,35.23070891,0.23178807947019867,0.0,0.0,0.0,0.005225945281278819,0.0,-0.0,-0.0,0.23701402475147748,610
마마31ab00ba,0.0,128.9448093,35.29251726,0.23178807947019867,0.0,0.0,0.0,0.004303719643406086,0.0,-0.0,-0.0,0.23609179911360476,611
마라21aa95ab,0.0,128.8313375,35.24648454,0.23178807947019867,0.0,0.0,0.0,0.0030740854595757753,0.0,-0.0,-0.0,0.23486216492977444,612
마라24ab92ba,0.0,128.8666349,35.22129641,0.2251655629139073,0.2,0.0,0.0,0.07439286812173378,0.0,-0.0,-0.26476396916666667,0.2347944618689744,613
마마20ba02ab,0.0,128.8268721,35.30964709,0.23178807947019867,0.0,0.0,0.0,0.0021518598217030436,0.0,-0.0,-0.0,0.2339399392919017,614
마마26bb01ba,0.0,128.8954881,35.30211256,0.23178807947019867,0.0,0.0,0.0,0.0018444512757454655,0.0,-0.0,-0.0,0.23363253074594414,615
마라19ba93bb,0.0,128.814636,35.23314272,0.23178807947019867,0.0,0.0,0.0,0.0018444512757454655,0.0,-0.0,-0.0,0.23363253074594414,615
마마22bb06ba,0.0,128.852254,35.34768437,0.152317880794702,0.08,0.0,0.0,0.0,0.0,-0.0,-0.0,0.232317880794702,616
마마33ab03ab,0.0,128.9672456,35.31704112,0.19205298013245034,0.04,0.0,0.0,0.0,0.0,-0.0,-0.0,0.23205298013245035,617
마마33aa02ba,0.0,128.9643743,35.31031394,0.23178807947019867,0.0,0.0,0.0,0.0,0.0,-0.0,-0.0,0.23178807947019867,618
마라23aa98aa,0.0,128.8537272,35.2710307,0.23178807947019867,0.0,0.0,0.0,0.0,0.0,-0.0,-0.0,0.23178807947019867,618
마라18bb91ab,0.0,128.8060345,35.21069505,0.23178807947019867,0.0,0.0,0.0,0.0,0.0,-0.0,-0.0,0.23178807947019867,618
마마25aa01bb,0.0,128.8762832,35.3045867,0.23178807947019867,0.0,0.0,0.0,0.0,0.0,-0.0,-0.0,0.23178807947019867,618
마마13ab03ba,0.0,128.7473127,35.32176432,0.23178807947019867,0.0,0.0,0.0,0.0,0.0,-0.0,-0.0,0.23178807947019867,618
마마13bb03aa,0.0,128.7527429,35.31720005,0.23178807947019867,0.0,0.0,0.0,0.0,0.0,-0.0,-0.0,0.23178807947019867,618
마라15bb99aa,0.0,128.7741747,35.28091109,0.23178807947019867,0.0,0.0,0.0,0.0,0.0,-0.0,-0.0,0.23178807947019867,618
마마14bb03ba,0.0,128.7638117,35.32159297,0.23178807947019867,0.0,0.0,0.0,0.0,0.0,-0.0,-0.0,0.23178807947019867,618
마라20ba98ba,0.0,128.8263205,35.27584241,0.23178807947019867,0.0,0.0,0.0,0.0,0.0,-0.0,-0.0,0.23178807947019867,618
마라26ba93bb,0.0,128.8915439,35.23228286,0.059602649006622516,0.04,0.0,0.0,0.13126344912388563,0.0,-0.0,-0.0,0.23086609813050815,619
마라25ab92bb,0.0,128.8776581,35.2234255,0.052980132450331126,0.04,0.0,0.0,0.1377190285889948,0.0,-0.0,-0.0,0.23069916103932592,620
마라15aa95ba,0.0,128.7654386,35.24944573,0.1456953642384106,0.08,0.0,0.0,0.0030740854595757753,0.0,-0.0,-0.0,0.22876944969798635,621
마마25bb00ab,0.0,128.8843002,35.29097101,0.18543046357615894,0.04,0.0,0.0,0.002459268367660621,0.0,-0.0,-0.0,0.22788973194381956,622
마마22aa01ab,0.0,128.8432191,35.30045044,0.2251655629139073,0.0,0.0,0.0,0.002459268367660621,0.0,-0.0,-0.0,0.2276248312815679,623
마마13aa02aa,0.0,128.7443557,35.3082704,0.0,0.12,0.0,0.0,0.10759299108515216,0.0,-0.0,-0.0,0.22759299108515216,624
마마26ab01ab,0.0,128.8899516,35.2999223,0.2251655629139073,0.0,0.0,0.0,0.0021518598217030436,0.0,-0.0,-0.0,0.22731742273561034,625
마라26ab94aa,0.0,128.8888356,35.23456802,0.1986754966887417,0.2,0.0,0.0,0.1469412849677221,0.0,-0.0,-0.31837066475,0.2272461169064638,626
마마10aa00ba,0.0,128.7111613,35.29508298,0.2251655629139073,0.0,0.0,0.0,0.0018444512757454655,0.0,-0.0,-0.0,0.22701001418965278,627
마마13ba03aa,0.0,128.7499932,35.31722851,0.10596026490066225,0.12,0.0,0.0,0.0,0.0,-0.0,-0.0,0.22596026490066223,628
마라19ba91ba,0.0,128.8143089,35.21285958,0.10596026490066225,0.12,0.0,0.0,0.0,0.0,-0.0,-0.0,0.22596026490066223,628
마마12ba02aa,0.0,128.7388569,35.30832686,0.07947019867549669,0.08,0.0,0.0,0.06609283738087919,0.0,-0.0,-0.0,0.2255630360563759,629
마라14aa94aa,0.0,128.7542409,35.23603779,0.2185430463576159,0.0,0.0,0.0,0.006762988011066708,0.0,-0.0,-0.0,0.2253060343686826,630
마마14ab03bb,0.0,128.7583469,35.32390403,0.2251655629139073,0.0,0.0,0.0,0.0,0.0,-0.0,-0.0,0.2251655629139073,631
마라28ab93aa,0.0,128.9106533,35.22529949,0.2251655629139073,0.0,0.0,0.0,0.0,0.0,-0.0,-0.0,0.2251655629139073,631
마라20aa93ab,0.0,128.8200565,35.22857557,0.2251655629139073,0.0,0.0,0.0,0.0,0.0,-0.0,-0.0,0.2251655629139073,631
마마31bb03aa,0.0,128.9507088,35.31498669,0.2251655629139073,0.0,0.0,0.0,0.0,0.0,-0.0,-0.0,0.2251655629139073,631
마라16ab97ab,0.0,128.7794234,35.26507719,0.2251655629139073,0.0,0.0,0.0,0.0,0.0,-0.0,-0.0,0.2251655629139073,631
마마31ba01bb,0.0,128.9477586,35.30375203,0.2251655629139073,0.0,0.0,0.0,0.0,0.0,-0.0,-0.0,0.2251655629139073,631
마마25aa01ba,0.0,128.876245,35.30233311,0.2251655629139073,0.0,0.0,0.0,0.0,0.0,-0.0,-0.0,0.2251655629139073,631
마라19aa94bb,0.0,128.8092874,35.24221699,0.2251655629139073,0.0,0.0,0.0,0.0,0.0,-0.0,-0.0,0.2251655629139073,631
마라16ab95ba,0.0,128.7791754,35.24930128,0.2185430463576159,0.0,0.0,0.0,0.003996311097448509,0.0,-0.0,-0.0,0.2225393574550644,632
마라15ba94ab,0.0,128.7707575,35.23811957,0.2185430463576159,0.0,0.0,0.0,0.003381494005533354,0.0,-0.0,-0.0,0.22192454036314926,633
마마16bb00aa,0.0,128.7853108,35.28980952,0.2185430463576159,0.0,0.0,0.0,0.0030740854595757753,0.0,-0.0,-0.0,0.22161713181719167,634
마마31ba01ba,0.0,128.9477184,35.30149851,0.3443708609271523,0.0,0.0,0.0,0.0021518598217030436,0.0,-0.0,-0.125,0.22152272074885532,635
마라23aa91aa,0.0,128.8526789,35.20792877,0.2913907284768212,0.08,0.0,0.0,0.015985244389794036,0.0,-0.0,-0.16589595375,0.22148001911661525,636
마라28ba95ba,0.0,128.9137907,35.24780329,0.019867549668874173,0.08,0.0,0.0,0.120811558561328,0.0,-0.0,-0.0,0.22067910823020218,637
마마17ba01bb,0.0,128.793808,35.30549731,0.2185430463576159,0.0,0.0,0.0,0.0018444512757454655,0.0,-0.0,-0.0,0.22038749763336138,638
마마23ab03ba,0.0,128.8573029,35.32057947,0.2185430463576159,0.0,0.0,0.0,0.0018444512757454655,0.0,-0.0,-0.0,0.22038749763336138,638
마라22ab98ba,0.0,128.8455577,35.27562995,0.019867549668874173,0.0,0.2,0.0,0.0,0.0,-0.0,-0.0,0.21986754966887417,639
마마29ba02ba,0.0,128.9258851,35.31077399,0.2119205298013245,0.0,0.0,0.0,0.007377805102981862,0.0,-0.0,-0.0,0.21929833490430636,640
마라14aa95aa,0.0,128.7543797,35.2450527,0.10596026490066225,0.08,0.0,0.0,0.03320012296341838,0.0,-0.0,-0.0,0.21916038786408062,641
마마20ba00bb,0.0,128.8266514,35.29612525,0.17218543046357615,0.0,0.0,0.0,0.0,0.046632124352331605,-0.0,-0.0,0.21881755481590776,642
마마33aa02ab,0.0,128.9643337,35.30806043,0.2185430463576159,0.0,0.0,0.0,0.0,0.0,-0.0,-0.0,0.2185430463576159,643
마라21bb98aa,0.0,128.8399872,35.27118369,0.2185430463576159,0.0,0.0,0.0,0.0,0.0,-0.0,-0.0,0.2185430463576159,643
마라26aa99aa,0.0,128.8868566,35.27967156,0.2185430463576159,0.0,0.0,0.0,0.0,0.0,-0.0,-0.0,0.2185430463576159,643
마라21ba98ab,0.0,128.8372762,35.27346774,0.2185430463576159,0.0,0.0,0.0,0.0,0.0,-0.0,-0.0,0.2185430463576159,643
마라19ba92ab,0.0,128.8144179,35.21962063,0.2185430463576159,0.0,0.0,0.0,0.0,0.0,-0.0,-0.0,0.2185430463576159,643
마라15ba97aa,0.0,128.7711445,35.26291039,0.2185430463576159,0.0,0.0,0.0,0.0,0.0,-0.0,-0.0,0.2185430463576159,643
마라20bb95bb,0.0,128.8286639,35.25102205,0.2185430463576159,0.0,0.0,0.0,0.0,0.0,-0.0,-0.0,0.2185430463576159,643
마마31bb02aa,0.0,128.9505478,35.30597261,0.2185430463576159,0.0,0.0,0.0,0.0,0.0,-0.0,-0.0,0.2185430463576159,643
마라19ba89ab,0.0,128.8139821,35.19257637,0.0,0.12,0.0,0.0,0.22287119581924375,0.0,-0.0,-0.12461464358333334,0.2182565522359104,644
마라20bb94bb,0.0,128.8285168,35.24200741,0.2119205298013245,0.0,0.0,0.0,0.006148170919151552,0.0,-0.0,-0.0,0.21806870072047604,645
마라27ba97ab,0.0,128.903074,35.2637063,0.0,0.0,0.0,0.0,0.0,0.21761658031088082,-0.0,-0.0,0.21761658031088082,646
마마34ba00ba,0.0,128.9805409,35.29208508,0.2119205298013245,0.0,0.0,0.0,0.004918536735321242,0.0,-0.0,-0.0,0.21683906653664575,647
마라23bb94bb,0.0,128.8614811,35.24164102,0.2847682119205298,0.0,0.0,0.0,0.24777128804180754,0.0,-0.0,-0.31666666666666665,0.21587283329567075,648
마라24aa92ba,0.0,128.8638885,35.22132738,0.2582781456953642,0.04,0.0,0.0,0.09252997233323086,0.0,-0.0,-0.175,0.21580811802859506,649
마라22ba89bb,0.0,128.847001,35.1967217,0.2119205298013245,0.0,0.0,0.0,0.003688902551490931,0.0,-0.0,-0.0,0.21560943235281543,650
마라19bb92bb,0.0,128.817237,35.22409814,0.17218543046357615,0.04,0.0,0.0,0.0018444512757454655,0.0,-0.0,-0.0,0.21402988173932164,651
마라22ba91bb,0.0,128.8472988,35.21475097,0.006622516556291391,0.0,0.0,0.0,0.0,0.2072538860103627,-0.0,-0.0,0.2138764025666541,652
마마12bb01bb,0.0,128.7415719,35.30604495,0.0,0.12,0.0,0.0,0.09375960651706117,0.0,-0.0,-0.0,0.21375960651706116,653
마라25aa97ab,0.0,128.8755968,35.26402186,0.12582781456953643,0.0,0.0,0.0,0.08761143559790961,0.0,-0.0,-0.0,0.21343925016744603,654
마라18ba91ba,0.0,128.8033245,35.21297834,0.2119205298013245,0.0,0.0,0.0,0.0,0.0,-0.0,-0.0,0.2119205298013245,655
마라16bb99bb,0.0,128.7852752,35.28755583,0.2119205298013245,0.0,0.0,0.0,0.0,0.0,-0.0,-0.0,0.2119205298013245,655
마라18ba91bb,0.0,128.8033605,35.21523203,0.2119205298013245,0.0,0.0,0.0,0.0,0.0,-0.0,-0.0,0.2119205298013245,655
마라21bb98ab,0.0,128.8400243,35.27343733,0.2119205298013245,0.0,0.0,0.0,0.0,0.0,-0.0,-0.0,0.2119205298013245,655
마라18bb93ab,0.0,128.8063234,35.22872458,0.2119205298013245,0.0,0.0,0.0,0.0,0.0,-0.0,-0.0,0.2119205298013245,655
마마22ab03bb,0.0,128.8463415,35.32295608,0.2119205298013245,0.0,0.0,0.0,0.0,0.0,-0.0,-0.0,0.2119205298013245,655
마마31aa00ab,0.0,128.9420207,35.29029653,0.2119205298013245,0.0,0.0,0.0,0.0,0.0,-0.0,-0.0,0.2119205298013245,655
마라10bb99ab,0.0,128.7192392,35.2837314,0.2119205298013245,0.0,0.0,0.0,0.0,0.0,-0.0,-0.0,0.2119205298013245,655
마마18aa03aa,0.0,128.7994867,35.31670667,0.2119205298013245,0.0,0.0,0.0,0.0,0.0,-0.0,-0.0,0.2119205298013245,655
마마21aa01ab,0.0,128.832223,35.30057208,0.2119205298013245,0.0,0.0,0.0,0.0,0.0,-0.0,-0.0,0.2119205298013245,655
마마16ab00ab,0.0,128.7798489,35.2921215,0.2119205298013245,0.0,0.0,0.0,0.0,0.0,-0.0,-0.0,0.2119205298013245,655
마라21ab94aa,0.0,128.8339002,35.23518599,0.006622516556291391,0.08,0.0,0.0,0.12450046111281893,0.0,-0.0,-0.0,0.2111229776691103,656
마마33ab03aa,0.0,128.9672049,35.31478762,0.2052980132450331,0.0,0.0,0.0,0.005533353827236397,0.0,-0.0,-0.0,0.21083136707226952,657
마라15aa99aa,0.0,128.7659294,35.28099766,0.2052980132450331,0.0,0.0,0.0,0.004303719643406086,0.0,-0.0,-0.0,0.2096017328884392,658
마마19bb01ba,0.0,128.8185144,35.30297638,0.2052980132450331,0.0,0.0,0.0,0.003688902551490931,0.0,-0.0,-0.0,0.20898691579652404,659
마마12ab01aa,0.0,128.7359704,35.29934012,0.013245033112582781,0.12,0.0,0.0,0.0756225023055641,0.0,-0.0,-0.0,0.2088675354181469,660
마라28bb92ab,0.0,128.9160286,35.21847458,0.08609271523178808,0.12,0.0,0.0,0.0027666769136181985,0.0,-0.0,-0.0,0.20885939214540628,661
마마16aa04ba,0.0,128.7777025,35.33046316,0.006622516556291391,0.0,0.2,0.0,0.0,0.0,-0.0,-0.0,0.2066225165562914,662
마마12ba02bb,0.0,128.7389601,35.31508801,0.11258278145695365,0.04,0.0,0.0,0.05379649554257608,0.0,-0.0,-0.0,0.20637927699952974,663
마마30ab02ab,0.0,128.9340931,35.3084229,0.11920529801324503,0.08,0.0,0.0,0.0064555794651091295,0.0,-0.0,-0.0,0.20566087747835418,664
마라15ba98aa,0.0,128.7712853,35.2719252,0.16556291390728478,0.04,0.0,0.0,0.0,0.0,-0.0,-0.0,0.2055629139072848,665
마마28ab02ba,0.0,128.9121388,35.31093532,0.2052980132450331,0.0,0.0,0.0,0.0,0.0,-0.0,-0.0,0.2052980132450331,666
마라23aa98ba,0.0,128.8538022,35.27553796,0.2052980132450331,0.0,0.0,0.0,0.0,0.0,-0.0,-0.0,0.2052980132450331,666
마라18ab93aa,0.0,128.8007942,35.22653005,0.2052980132450331,0.0,0.0,0.0,0.0,0.0,-0.0,-0.0,0.2052980132450331,666
마마15ba00aa,0.0,128.7715672,35.2899548,0.2052980132450331,0.0,0.0,0.0,0.0,0.0,-0.0,-0.0,0.2052980132450331,666
마마27ab01bb,0.0,128.901025,35.30430256,0.2052980132450331,0.0,0.0,0.0,0.0,0.0,-0.0,-0.0,0.2052980132450331,666
마마28ab00ab,0.0,128.9117864,35.29065327,0.2052980132450331,0.0,0.0,0.0,0.0,0.0,-0.0,-0.0,0.2052980132450331,666
마마32aa02aa,0.0,128.9532969,35.3059396,0.2052980132450331,0.0,0.0,0.0,0.0,0.0,-0.0,-0.0,0.2052980132450331,666
마라16aa99aa,0.0,128.7769231,35.2808821,0.2052980132450331,0.0,0.0,0.0,0.0,0.0,-0.0,-0.0,0.2052980132450331,666
마라14ab98aa,0.0,128.7575447,35.27206883,0.2052980132450331,0.0,0.0,0.0,0.0,0.0,-0.0,-0.0,0.2052980132450331,666
마라17aa99bb,0.0,128.7880238,35.28752659,0.2052980132450331,0.0,0.0,0.0,0.0,0.0,-0.0,-0.0,0.2052980132450331,666
마라21aa94ba,0.0,128.831227,35.23972356,0.2052980132450331,0.0,0.0,0.0,0.0,0.0,-0.0,-0.0,0.2052980132450331,666
마마18aa03ab,0.0,128.7995228,35.31896033,0.2052980132450331,0.0,0.0,0.0,0.0,0.0,-0.0,-0.0,0.2052980132450331,666
마라21aa92ab,0.0,128.8308957,35.21944058,0.2052980132450331,0.0,0.0,0.0,0.0,0.0,-0.0,-0.0,0.2052980132450331,666
마라20ba90bb,0.0,128.8251833,35.20597879,0.11258278145695365,0.04,0.0,0.0,0.052259452812788196,0.0,-0.0,-0.0,0.20484223426974185,667
마라34ba97ab,0.0,128.9800078,35.26278955,0.1986754966887417,0.0,0.0,0.0,0.006148170919151552,0.0,-0.0,-0.0,0.20482366760789325,668
마라23bb96bb,0.0,128.8617826,35.25967005,0.0,0.08,0.0,0.0,0.12480786965877651,0.0,-0.0,-0.0,0.2048078696587765,669
마라13ab95ba,0.0,128.746207,35.24964532,0.17880794701986755,0.0,0.0,0.0,0.024900092222563786,0.0,-0.0,-0.0,0.20370803924243133,670
마라19ab91ab,0.0,128.8115265,35.21063567,0.1986754966887417,0.0,0.0,0.0,0.004918536735321242,0.0,-0.0,-0.0,0.20359403342406296,671
마마20bb00ba,0.0,128.8293634,35.29384142,0.1986754966887417,0.0,0.0,0.0,0.0030740854595757753,0.0,-0.0,-0.0,0.20174958214831748,672
마마27ab01ab,0.0,128.9009473,35.29979541,0.1986754966887417,0.0,0.0,0.0,0.0027666769136181985,0.0,-0.0,-0.0,0.20144217360235991,673
마라16ba95ba,0.0,128.7819228,35.24927221,0.1986754966887417,0.0,0.0,0.0,0.002459268367660621,0.0,-0.0,-0.0,0.20113476505640232,674
마라15aa95bb,0.0,128.7654737,35.25169944,0.1986754966887417,0.0,0.0,0.0,0.0021518598217030436,0.0,-0.0,-0.0,0.20082735651044475,675
마라27ba97aa,0.0,128.9030351,35.26145271,0.0,0.2,0.0,0.0,0.0,0.0,-0.0,-0.0,0.2,676
마라21aa88ba,0.0,128.8303442,35.18563545,0.0,0.0,0.2,0.0,0.0,0.0,-0.0,-0.0,0.2,676
마마18bb05ab,0.0,128.8080623,35.33690057,0.0,0.0,0.2,0.0,0.0,0.0,-0.0,-0.0,0.2,676
마라27ba96bb,0.0,128.9029963,35.25919913,0.0,0.2,0.0,0.0,0.0,0.0,-0.0,-0.0,0.2,676
마라16aa97aa,0.0,128.7766401,35.26285252,0.19205298013245034,0.0,0.0,0.0,0.006762988011066708,0.0,-0.0,-0.0,0.19881596814351704,677
마라15aa99bb,0.0,128.7660346,35.28775877,0.1986754966887417,0.0,0.0,0.0,0.0,0.0,-0.0,-0.0,0.1986754966887417,678
마라22aa91ab,0.0,128.8417324,35.21030466,0.1986754966887417,0.0,0.0,0.0,0.0,0.0,-0.0,-0.0,0.1986754966887417,678
마라20ba96aa,0.0,128.8259532,35.25330585,0.1986754966887417,0.0,0.0,0.0,0.0,0.0,-0.0,-0.0,0.1986754966887417,678
마라13bb98ab,0.0,128.7520831,35.27437956,0.1986754966887417,0.0,0.0,0.0,0.0,0.0,-0.0,-0.0,0.1986754966887417,678
마라19ab93bb,0.0,128.8118892,35.23317252,0.1986754966887417,0.0,0.0,0.0,0.0,0.0,-0.0,-0.0,0.1986754966887417,678
마마19aa00ab,0.0,128.8100854,35.29179774,0.1986754966887417,0.0,0.0,0.0,0.0,0.0,-0.0,-0.0,0.1986754966887417,678
마마22ba05bb,0.0,128.849391,35.3409543,0.1986754966887417,0.0,0.0,0.0,0.0,0.0,-0.0,-0.0,0.1986754966887417,678
마라18bb92aa,0.0,128.8061428,35.21745613,0.1986754966887417,0.0,0.0,0.0,0.0,0.0,-0.0,-0.0,0.1986754966887417,678
마라15bb97aa,0.0,128.7738923,35.26288149,0.1986754966887417,0.0,0.0,0.0,0.0,0.0,-0.0,-0.0,0.1986754966887417,678
마마33ab02bb,0.0,128.9671642,35.31253412,0.1986754966887417,0.0,0.0,0.0,0.0,0.0,-0.0,-0.0,0.1986754966887417,678
마라16ab98ba,0.0,128.7796006,35.27634567,0.1986754966887417,0.0,0.0,0.0,0.0,0.0,-0.0,-0.0,0.1986754966887417,678
마마20bb00aa,0.0,128.8292897,35.28933413,0.1986754966887417,0.0,0.0,0.0,0.0,0.0,-0.0,-0.0,0.1986754966887417,678
마라15ba93bb,0.0,128.7706872,35.23361214,0.1986754966887417,0.0,0.0,0.0,0.0,0.0,-0.0,-0.0,0.1986754966887417,678
마마15aa03ba,0.0,128.7665615,35.32156419,0.11258278145695365,0.08,0.0,0.0,0.004303719643406086,0.0,-0.0,-0.0,0.19688650110035974,679
마마22ba04aa,0.0,128.8491287,35.32517903,0.18543046357615894,0.0,0.0,0.0,0.011374116200430372,0.0,-0.0,-0.0,0.19680457977658933,680
마라18aa90ba,0.0,128.7976888,35.20402253,0.013245033112582781,0.08,0.0,0.0,0.10298186289578849,0.0,-0.0,-0.0,0.1962268960083713,681
마마10ba03bb,0.0,128.7170981,35.32432635,0.152317880794702,0.04,0.0,0.0,0.0030740854595757753,0.0,-0.0,-0.0,0.19539196625427777,682
마라11bb99bb,0.0,128.7303017,35.28812754,0.19205298013245034,0.0,0.0,0.0,0.0030740854595757753,0.0,-0.0,-0.0,0.1951270655920261,683
마라15ba98ba,0.0,128.7713558,35.27643261,0.19205298013245034,0.0,0.0,0.0,0.0027666769136181985,0.0,-0.0,-0.0,0.19481965704606855,684
마마14ab00aa,0.0,128.7578235,35.29009852,0.19205298013245034,0.0,0.0,0.0,0.0018444512757454655,0.0,-0.0,-0.0,0.19389743140819582,685
마라29ba92ba,0.0,128.9243064,35.22063151,0.18543046357615894,0.0,0.0,0.0,0.007992622194897018,0.0,-0.0,-0.0,0.19342308577105596,686
마라24ab99ba,0.0,128.8676945,35.28439784,0.033112582781456956,0.16,0.0,0.0,0.0,0.0,-0.0,-0.0,0.19311258278145696,687
마마12ab00bb,0.0,128.7359362,35.2970864,0.019867549668874173,0.12,0.0,0.0,0.05318167845066093,0.0,-0.0,-0.0,0.1930492281195351,688
마라20bb94ab,0.0,128.8284433,35.23750008,0.0728476821192053,0.12,0.0,0.0,0.0,0.0,-0.0,-0.0,0.19284768211920528,689
마마24bb02ba,0.0,128.8736484,35.31137875,0.11258278145695365,0.08,0.0,0.0,0.0,0.0,-0.0,-0.0,0.19258278145695365,690
마마10bb03ba,0.0,128.7198142,35.3220449,0.19205298013245034,0.0,0.0,0.0,0.0,0.0,-0.0,-0.0,0.19205298013245034,691
마라16aa97ab,0.0,128.7766755,35.26510622,0.19205298013245034,0.0,0.0,0.0,0.0,0.0,-0.0,-0.0,0.19205298013245034,691
마라28ab94aa,0.0,128.9108093,35.23431385,0.19205298013245034,0.0,0.0,0.0,0.0,0.0,-0.0,-0.0,0.19205298013245034,691
마마22bb06aa,0.0,128.8521789,35.34317716,0.19205298013245034,0.0,0.0,0.0,0.0,0.0,-0.0,-0.0,0.19205298013245034,691
마마31ab00aa,0.0,128.9447292,35.2880102,0.19205298013245034,0.0,0.0,0.0,0.0,0.0,-0.0,-0.0,0.19205298013245034,691
마라22ab94ba,0.0,128.8449618,35.23957169,0.0,0.0,0.0,0.0,0.0,0.1917098445595855,-0.0,-0.0,0.1917098445595855,692
마라15ab95ba,0.0,128.768186,35.24941696,0.1456953642384106,0.04,0.0,0.0,0.005840762373193974,0.0,-0.0,-0.0,0.19153612661160457,693
마라19ba94ab,0.0,128.8147087,35.23765007,0.18543046357615894,0.0,0.0,0.0,0.005840762373193974,0.0,-0.0,-0.0,0.19127122594935292,694
마라18ab88aa,0.0,128.8000755,35.18145601,0.039735099337748346,0.08,0.0,0.0,0.071318782662158,0.0,-0.0,-0.0,0.19105388199990636,695
마라17ab88ba,0.0,128.7891665,35.18608083,0.10596026490066225,0.08,0.0,0.0,0.004918536735321242,0.0,-0.0,-0.0,0.1908788016359835,696
마라20ab90bb,0.0,128.8224375,35.20600881,0.052980132450331126,0.0,0.0,0.0,0.046726098985551794,0.09067357512953368,-0.0,-0.0,0.1903798065654166,697
마라17ab99ab,0.0,128.7907009,35.28298993,0.18543046357615894,0.0,0.0,0.0,0.004918536735321242,0.0,-0.0,-0.0,0.1903490003114802,698
마라23bb97aa,0.0,128.8618203,35.26192367,0.006622516556291391,0.2,0.0,0.0,0.24346756839840147,0.0,-0.0,-0.261199422,0.18889066295469287,699
마마16aa04ab,0.0,128.777667,35.32820949,0.18543046357615894,0.0,0.0,0.0,0.0030740854595757753,0.0,-0.0,-0.0,0.18850454903573471,700
마라21aa96aa,0.0,128.8314481,35.25324551,0.17880794701986755,0.0,0.0,0.0,0.009529664924684905,0.0,-0.0,-0.0,0.18833761194455245,701
마라27ba96ba,0.0,128.9029574,35.25694554,0.1390728476821192,0.04,0.0,0.0,0.009222256378727329,0.0,-0.0,-0.0,0.18829510406084654,702
마라27ab93ab,0.0,128.8997064,35.22768063,0.2251655629139073,0.0,0.0,0.0,0.04549646480172149,0.0,-0.0,-0.08333333333333333,0.1873286943822955,703
마라24ba92ba,0.0,128.8693812,35.22126537,0.10596026490066225,0.04,0.0,0.0,0.0411927451583154,0.0,-0.0,-0.0,0.18715301005897764,704
마라27aa93ab,0.0,128.8969599,35.22771236,0.17880794701986755,0.28,0.0,0.0,0.06978173993237012,0.0,-0.0,-0.3416666666666667,0.18692302028557106,705
마라22ba92aa,0.0,128.8473361,35.21700463,0.026490066225165563,0.16,0.0,0.0,0.0,0.0,-0.0,-0.0,0.18649006622516556,706
마라15bb98ba,0.0,128.7741041,35.27640369,0.2980132450331126,0.0,0.0,0.0,0.0,0.0,-0.0,-0.11198217725000001,0.1860310677831126,707
마라25ba95aa,0.0,128.8807482,35.24367676,0.033112582781456956,0.08,0.0,0.0,0.07285582539194589,0.0,-0.0,-0.0,0.18596840817340285,708
마마26aa00bb,0.0,128.8871257,35.2954467,0.18543046357615894,0.0,0.0,0.0,0.0,0.0,-0.0,-0.0,0.18543046357615894,709
마라19aa92ab,0.0,128.8089253,35.21968015,0.18543046357615894,0.0,0.0,0.0,0.0,0.0,-0.0,-0.0,0.18543046357615894,709
마라21ba94bb,0.0,128.8367579,35.24191666,0.18543046357615894,0.0,0.0,0.0,0.0,0.0,-0.0,-0.0,0.18543046357615894,709
마라15ba99aa,0.0,128.7714262,35.28094001,0.18543046357615894,0.0,0.0,0.0,0.0,0.0,-0.0,-0.0,0.18543046357615894,709
마라25aa96aa,0.0,128.8754064,35.25275379,0.026490066225165563,0.08,0.0,0.0,0.07838917921918229,0.0,-0.0,-0.0,0.18487924544434786,710
마라13ab96aa,0.0,128.746276,35.25415279,0.17880794701986755,0.0,0.0,0.0,0.005840762373193974,0.0,-0.0,-0.0,0.18464870939306152,711
마마21ab00aa,0.0,128.834787,35.28927358,0.17880794701986755,0.0,0.0,0.0,0.0046111281893636644,0.0,-0.0,-0.0,0.1834190752092312,712
마마34ab01aa,0.0,128.9778743,35.2966257,0.17880794701986755,0.0,0.0,0.0,0.004303719643406086,0.0,-0.0,-0.0,0.18311166666327364,713
마라21ba90aa,0.0,128.8360559,35.19909705,0.17880794701986755,0.0,0.0,0.0,0.003688902551490931,0.0,-0.0,-0.0,0.18249684957135848,714
마라20aa96bb,0.0,128.820568,35.26012694,0.17880794701986755,0.0,0.0,0.0,0.0030740854595757753,0.0,-0.0,-0.0,0.18188203247944332,715
마라13ab97ba,0.0,128.746483,35.26767516,0.17880794701986755,0.0,0.0,0.0,0.002459268367660621,0.0,-0.0,-0.0,0.18126721538752816,716
마라18aa91bb,0.0,128.7978682,35.21529105,0.059602649006622516,0.12,0.0,0.0,0.0,0.0,-0.0,-0.0,0.1796026490066225,717
마마24ba00bb,0.0,128.8706329,35.29563475,0.09933774834437085,0.08,0.0,0.0,0.0,0.0,-0.0,-0.0,0.17933774834437086,718
마라22ab91ab,0.0,128.8444784,35.21027419,0.09933774834437085,0.08,0.0,0.0,0.0,0.0,-0.0,-0.0,0.17933774834437086,718
마라20aa89ab,0.0,128.8194729,35.19251666,0.06622516556291391,0.08,0.0,0.0,0.032892714417460805,0.0,-0.0,-0.0,0.17911787998037473,719
마마18ab00ab,0.0,128.8018391,35.29188679,0.17880794701986755,0.0,0.0,0.0,0.0,0.0,-0.0,-0.0,0.17880794701986755,720
마라15ba97bb,0.0,128.7712501,35.2696715,0.17880794701986755,0.0,0.0,0.0,0.0,0.0,-0.0,-0.0,0.17880794701986755,720
마마18ba00ba,0.0,128.804624,35.29411083,0.17880794701986755,0.0,0.0,0.0,0.0,0.0,-0.0,-0.0,0.17880794701986755,720
마마28bb06ba,0.0,128.9182671,35.3469277,0.17880794701986755,0.0,0.0,0.0,0.0,0.0,-0.0,-0.0,0.17880794701986755,720
마마21aa01ba,0.0,128.8322599,35.30282572,0.17880794701986755,0.0,0.0,0.0,0.0,0.0,-0.0,-0.0,0.17880794701986755,720
마라15bb99ba,0.0,128.7742453,35.28541848,0.17880794701986755,0.0,0.0,0.0,0.0,0.0,-0.0,-0.0,0.17880794701986755,720
마라11ab99aa,0.0,128.7247024,35.28142212,0.17880794701986755,0.0,0.0,0.0,0.0,0.0,-0.0,-0.0,0.17880794701986755,720
마라11ab99ba,0.0,128.7247703,35.2859296,0.17880794701986755,0.0,0.0,0.0,0.0,0.0,-0.0,-0.0,0.17880794701986755,720
마마19ab00aa,0.0,128.8127977,35.28951427,0.17880794701986755,0.0,0.0,0.0,0.0,0.0,-0.0,-0.0,0.17880794701986755,720
마라16aa98bb,0.0,128.7768877,35.27862841,0.17880794701986755,0.0,0.0,0.0,0.0,0.0,-0.0,-0.0,0.17880794701986755,720
마마17ba00ab,0.0,128.7935928,35.29197528,0.17880794701986755,0.0,0.0,0.0,0.0,0.0,-0.0,-0.0,0.17880794701986755,720
마라16ab95bb,0.0,128.7792109,35.25155499,0.17880794701986755,0.0,0.0,0.0,0.0,0.0,-0.0,-0.0,0.17880794701986755,720
마마13ab01bb,0.0,128.7470705,35.30598836,0.0,0.0,0.0,0.0,0.0,0.17875647668393782,-0.0,-0.0,0.17875647668393782,721
마라19aa87ba,0.0,128.8082384,35.17685991,0.08609271523178808,0.0,0.0,0.0,0.09222256378727328,0.0,-0.0,-0.0,0.17831527901906136,722
마마13ab02ba,0.0,128.7471743,35.31274949,0.31125827814569534,0.0,0.0,0.0,0.0,0.0,-0.0,-0.13333333333333333,0.177924944812362,723
마라21bb98bb,0.0,128.8400985,35.2779446,0.17218543046357615,0.0,0.0,0.0,0.005225945281278819,0.0,-0.0,-0.0,0.17741137574485497,724
마라16ab94bb,0.0,128.7790692,35.24254017,0.15894039735099338,0.0,0.0,0.0,0.0,0.018134715025906738,-0.0,-0.0,0.17707511237690013,725
마라16aa95ba,0.0,128.7764281,35.2493303,0.17218543046357615,0.0,0.0,0.0,0.0046111281893636644,0.0,-0.0,-0.0,0.1767965586529398,726
마마18aa03ba,0.0,128.7995588,35.32121399,0.052980132450331126,0.0,0.0,0.375,0.0064555794651091295,0.0,-0.0,-0.2583333333333333,0.17610237858210692,727
마라26ab91bb,0.0,128.88849,35.2142855,0.046357615894039736,0.12,0.0,0.0,0.009529664924684905,0.0,-0.0,-0.0,0.17588728081872465,728
마라14ba88ab,0.0,128.7589342,35.1841448,0.13245033112582782,0.04,0.0,0.0,0.0030740854595757753,0.0,-0.0,-0.0,0.1755244165854036,729
마라25aa97aa,0.0,128.8755587,35.26176825,0.046357615894039736,0.0,0.0,0.0,0.12911158930218258,0.0,-0.0,-0.0,0.17546920519622233,730
마라15aa93ab,0.0,128.7651236,35.22916225,0.16556291390728478,0.0,0.0,0.0,0.008607439286812174,0.0,-0.0,-0.0,0.17417035319409696,731
마라18bb89ba,0.0,128.8057819,35.19491916,0.09933774834437085,0.0,0.0,0.0,0.0740854595757762,0.0,-0.0,-0.0,0.17342320792014704,732
마라20bb87ab,0.0,128.8274158,35.17439714,0.013245033112582781,0.16,0.0,0.0,0.0,0.0,-0.0,-0.0,0.1732450331125828,733
마마22bb04aa,0.0,128.8518786,35.32514831,0.013245033112582781,0.16,0.0,0.0,0.0,0.0,-0.0,-0.0,0.1732450331125828,733
마라20ab87bb,0.0,128.8219992,35.17896457,0.052980132450331126,0.12,0.0,0.0,0.0,0.0,-0.0,-0.0,0.17298013245033111,734
마라34ba97bb,0.0,128.9800897,35.26729657,0.09271523178807947,0.08,0.0,0.0,0.0,0.0,-0.0,-0.0,0.17271523178807946,735
마마11ba01ab,0.0,128.7277572,35.30167786,0.10596026490066225,0.0,0.0,0.0,0.06670765447279434,0.0,-0.0,-0.0,0.1726679193734566,736
마라22aa95ab,0.0,128.8423263,35.24636314,0.17218543046357615,0.0,0.0,0.0,0.0,0.0,-0.0,-0.0,0.17218543046357615,737
마마22bb06ab,0.0,128.8522164,35.34543077,0.17218543046357615,0.0,0.0,0.0,0.0,0.0,-0.0,-0.0,0.17218543046357615,737
마마23aa03bb,0.0,128.8545908,35.32286392,0.17218543046357615,0.0,0.0,0.0,0.0,0.0,-0.0,-0.0,0.17218543046357615,737
마마17bb03aa,0.0,128.7967371,35.31673619,0.17218543046357615,0.0,0.0,0.0,0.0,0.0,-0.0,-0.0,0.17218543046357615,737
마마28ab02ab,0.0,128.9120996,35.30868176,0.17218543046357615,0.0,0.0,0.0,0.0,0.0,-0.0,-0.0,0.17218543046357615,737
마마28ba00bb,0.0,128.9146134,35.29512827,0.17218543046357615,0.0,0.0,0.0,0.0,0.0,-0.0,-0.0,0.17218543046357615,737
마마21ab01ba,0.0,128.835009,35.3027954,0.17218543046357615,0.0,0.0,0.0,0.0,0.0,-0.0,-0.0,0.17218543046357615,737
마마33aa03ab,0.0,128.9644962,35.31707446,0.17218543046357615,0.0,0.0,0.0,0.0,0.0,-0.0,-0.0,0.17218543046357615,737
마라19ab93ab,0.0,128.8118167,35.22866516,0.17218543046357615,0.0,0.0,0.0,0.0,0.0,-0.0,-0.0,0.17218543046357615,737
마마15aa04aa,0.0,128.7666318,35.32607157,0.17218543046357615,0.0,0.0,0.0,0.0,0.0,-0.0,-0.0,0.17218543046357615,737
마마15ab04aa,0.0,128.7693817,35.32604272,0.17218543046357615,0.0,0.0,0.0,0.0,0.0,-0.0,-0.0,0.17218543046357615,737
마라12aa99bb,0.0,128.7330504,35.28809955,0.16556291390728478,0.0,0.0,0.0,0.006148170919151552,0.0,-0.0,-0.0,0.17171108482643632,738
마라35ba94ba,0.0,128.9905441,35.23786608,0.15894039735099338,0.0,0.0,0.0,0.012296341838303101,0.0,-0.0,-0.0,0.1712367391892965,739
마라13ab94ab,0.0,128.7460345,35.23837665,0.16556291390728478,0.0,0.0,0.0,0.005533353827236397,0.0,-0.0,-0.0,0.1710962677345212,740
마라23bb95aa,0.0,128.8615188,35.24389465,0.2119205298013245,0.0,0.0,0.0,0.1604672609898555,0.0,-0.0,-0.20287210983333334,0.16951568095784667,741
마라15ab96bb,0.0,128.7683616,35.26068552,0.16556291390728478,0.0,0.0,0.0,0.0027666769136181985,0.0,-0.0,-0.0,0.16832959082090299,742
마마22ab00ab,0.0,128.8458188,35.29140537,0.15894039735099338,0.0,0.0,0.0,0.008607439286812174,0.0,-0.0,-0.0,0.16754783663780556,743
마라16ba95ab,0.0,128.7818873,35.24701851,0.16556291390728478,0.0,0.0,0.0,0.0018444512757454655,0.0,-0.0,-0.0,0.16740736518303026,744
마마10bb02ab,0.0,128.719645,35.31077625,0.026490066225165563,0.08,0.0,0.0,0.06055948355364279,0.0,-0.0,-0.0,0.16704954977880834,745
마라15aa99ba,0.0,128.7659996,35.28550507,0.08609271523178808,0.08,0.0,0.0,0.0,0.0,-0.0,-0.0,0.1660927152317881,746
마마24ab03aa,0.0,128.8682256,35.31594829,0.08609271523178808,0.08,0.0,0.0,0.0,0.0,-0.0,-0.0,0.1660927152317881,746
마마20ab09ab,0.0,128.8251529,35.37277884,0.15894039735099338,0.0,0.0,0.0,0.007070396557024285,0.0,-0.0,-0.0,0.16601079390801768,747
마마16aa00aa,0.0,128.7770647,35.28989687,0.16556291390728478,0.0,0.0,0.0,0.0,0.0,-0.0,-0.0,0.16556291390728478,748
마마18aa00ba,0.0,128.7991264,35.29417002,0.16556291390728478,0.0,0.0,0.0,0.0,0.0,-0.0,-0.0,0.16556291390728478,748
마마18aa00ab,0.0,128.7990903,35.29191635,0.16556291390728478,0.0,0.0,0.0,0.0,0.0,-0.0,-0.0,0.16556291390728478,748
마라19bb92ab,0.0,128.8171642,35.21959078,0.16556291390728478,0.0,0.0,0.0,0.0,0.0,-0.0,-0.0,0.16556291390728478,748
마마28aa02bb,0.0,128.9094286,35.31322096,0.16556291390728478,0.0,0.0,0.0,0.0,0.0,-0.0,-0.0,0.16556291390728478,748
마마26aa01ab,0.0,128.8872026,35.29995387,0.16556291390728478,0.0,0.0,0.0,0.0,0.0,-0.0,-0.0,0.16556291390728478,748
마마33ab02ba,0.0,128.9671235,35.31028061,0.16556291390728478,0.0,0.0,0.0,0.0,0.0,-0.0,-0.0,0.16556291390728478,748
마라11aa99aa,0.0,128.7219539,35.28144992,0.16556291390728478,0.0,0.0,0.0,0.0,0.0,-0.0,-0.0,0.16556291390728478,748
마마13ab03bb,0.0,128.7473473,35.32401802,0.16556291390728478,0.0,0.0,0.0,0.0,0.0,-0.0,-0.0,0.16556291390728478,748
마라11ba99aa,0.0,128.7274509,35.28139426,0.16556291390728478,0.0,0.0,0.0,0.0,0.0,-0.0,-0.0,0.16556291390728478,748
마마23aa03ba,0.0,128.8545532,35.32061031,0.16556291390728478,0.0,0.0,0.0,0.0,0.0,-0.0,-0.0,0.16556291390728478,748
마마25bb00ba,0.0,128.8843386,35.2932246,0.10596026490066225,0.04,0.0,0.0,0.0178296956655395,0.0,-0.0,-0.0,0.16378996056620174,749
마라21ba95bb,0.0,128.8369059,35.25093127,0.15894039735099338,0.0,0.0,0.0,0.0046111281893636644,0.0,-0.0,-0.0,0.16355152554035704,750
마라15aa96ab,0.0,128.7655437,35.25620687,0.25165562913907286,0.0,0.0,0.0,0.0030740854595757753,0.0,-0.0,-0.09141979766666666,0.16330991693198196,751
마라22ab90aa,0.0,128.8442927,35.19900588,0.152317880794702,0.0,0.0,0.0,0.010144482016600061,0.0,-0.0,-0.0,0.16246236281130205,752
마라17aa99ba,0.0,128.7879881,35.28527291,0.15894039735099338,0.0,0.0,0.0,0.003381494005533354,0.0,-0.0,-0.0,0.16232189135652675,753
마마15aa00bb,0.0,128.766175,35.29677357,0.152317880794702,0.0,0.0,0.0,0.009837073470642483,0.0,-0.0,-0.0,0.16215495426534446,754
마라22bb90bb,0.0,128.8498957,35.20570576,0.09271523178807947,0.04,0.0,0.0,0.02828158622809714,0.0,-0.0,-0.0,0.16099681801617663,755
마라22bb91ab,0.0,128.8499703,35.21021307,0.47019867549668876,0.0,0.0,0.0,0.027974177682139563,0.0,-0.0,-0.33724710983333334,0.16092574334549498,756
마마16ba00aa,0.0,128.7825621,35.2898387,0.15894039735099338,0.0,0.0,0.0,0.0018444512757454655,0.0,-0.0,-0.0,0.16078484862673886,757
마라27ab95bb,0.0,128.9000937,35.2502166,0.0,0.16,0.0,0.0,0.0,0.0,-0.0,-0.0,0.16,758
마라19bb91ba,0.0,128.817055,35.21282973,0.0,0.16,0.0,0.0,0.0,0.0,-0.0,-0.0,0.16,758
마라21bb93aa,0.0,128.8392456,35.22611069,0.07947019867549669,0.08,0.0,0.0,0.0,0.0,-0.0,-0.0,0.1594701986754967,759
마라27aa93ba,0.0,128.8969985,35.22996597,0.23178807947019867,0.04,0.0,0.0,0.21733784199200737,0.0,-0.0,-0.32968448941666667,0.15944143204553934,760
마마25aa02ba,0.0,128.8763977,35.31134748,0.11920529801324503,0.04,0.0,0.0,0.0,0.0,-0.0,-0.0,0.15920529801324504,761
마마32aa03aa,0.0,128.9534581,35.31495367,0.11920529801324503,0.04,0.0,0.0,0.0,0.0,-0.0,-0.0,0.15920529801324504,761
마라22ab91ba,0.0,128.8445156,35.21252785,0.11920529801324503,0.04,0.0,0.0,0.0,0.0,-0.0,-0.0,0.15920529801324504,761
마라21bb92bb,0.0,128.8392086,35.22385703,0.11920529801324503,0.04,0.0,0.0,0.0,0.0,-0.0,-0.0,0.15920529801324504,761
마라15ab93bb,0.0,128.7679404,35.23364094,0.152317880794702,0.0,0.0,0.0,0.006762988011066708,0.0,-0.0,-0.0,0.1590808688057687,762
마라26ba99ba,0.0,128.8924303,35.28411559,0.152317880794702,0.0,0.0,0.0,0.006762988011066708,0.0,-0.0,-0.0,0.1590808688057687,762
마라20ab98bb,0.0,128.823609,35.27812617,0.15894039735099338,0.0,0.0,0.0,0.0,0.0,-0.0,-0.0,0.15894039735099338,763
마마24bb02bb,0.0,128.8736865,35.31363234,0.15894039735099338,0.0,0.0,0.0,0.0,0.0,-0.0,-0.0,0.15894039735099338,763
마라22ab96ab,0.0,128.8452224,35.25534721,0.15894039735099338,0.0,0.0,0.0,0.0,0.0,-0.0,-0.0,0.15894039735099338,763
마마34aa00bb,0.0,128.9750847,35.29440576,0.15894039735099338,0.0,0.0,0.0,0.0,0.0,-0.0,-0.0,0.15894039735099338,763
마라13ab97ab,0.0,128.7464485,35.26542143,0.15894039735099338,0.0,0.0,0.0,0.0,0.0,-0.0,-0.0,0.15894039735099338,763
마라18ab92bb,0.0,128.8007582,35.22427636,0.15894039735099338,0.0,0.0,0.0,0.0,0.0,-0.0,-0.0,0.15894039735099338,763
마라21aa92aa,0.0,128.8308589,35.21718691,0.15894039735099338,0.0,0.0,0.0,0.0,0.0,-0.0,-0.0,0.15894039735099338,763
마라28aa94bb,0.0,128.9081795,35.2411066,0.15894039735099338,0.0,0.0,0.0,0.0,0.0,-0.0,-0.0,0.15894039735099338,763
마마28ab00bb,0.0,128.9118646,35.2951604,0.15894039735099338,0.0,0.0,0.0,0.0,0.0,-0.0,-0.0,0.15894039735099338,763
마마21bb01ab,0.0,128.8404701,35.30048095,0.15894039735099338,0.0,0.0,0.0,0.0,0.0,-0.0,-0.0,0.15894039735099338,763
마라17ba88bb,0.0,128.7919474,35.18830529,0.10596026490066225,0.0,0.0,0.0,0.051952044266830616,0.0,-0.0,-0.0,0.15791230916749288,764
마라23bb95ab,0.0,128.8615565,35.24614828,0.09271523178807947,0.0,0.0,0.0,0.06517061174300645,0.0,-0.0,-0.0,0.15788584353108592,765
마라13aa94ab,0.0,128.7432875,35.2384049,0.152317880794702,0.0,0.0,0.0,0.005225945281278819,0.0,-0.0,-0.0,0.1575438260759808,766
마라34bb98ba,0.0,128.9829607,35.27402342,0.033112582781456956,0.12,0.0,0.0,0.004303719643406086,0.0,-0.0,-0.0,0.15741630242486304,767
마마13ba01ab,0.0,128.7497505,35.30145256,0.13245033112582782,0.0,0.0,0.0,0.024592683676606202,0.0,-0.0,-0.0,0.15704301480243402,768
마마22ab04aa,0.0,128.8463789,35.32520969,0.13245033112582782,0.0,0.0,0.0,0.02428527513064863,0.0,-0.0,-0.0,0.15673560625647645,769
마라20ab96aa,0.0,128.8232058,35.25333593,0.152317880794702,0.0,0.0,0.0,0.003996311097448509,0.0,-0.0,-0.0,0.15631419189215048,770
마마14bb00ab,0.0,128.763356,35.29229492,0.11258278145695365,0.04,0.0,0.0,0.003381494005533354,0.0,-0.0,-0.0,0.155964275462487,771
마라20aa92bb,0.0,128.8199835,35.22406822,0.152317880794702,0.0,0.0,0.0,0.003381494005533354,0.0,-0.0,-0.0,0.15569937480023535,772
마마10aa00ab,0.0,128.7111278,35.29282923,0.0,0.08,0.0,0.0,0.0756225023055641,0.0,-0.0,-0.0,0.1556225023055641,773
마마12bb03aa,0.0,128.7417441,35.31731352,0.152317880794702,0.0,0.0,0.0,0.0030740854595757753,0.0,-0.0,-0.0,0.15539196625427776,774
마마13bb01bb,0.0,128.7525691,35.30593153,0.033112582781456956,0.12,0.0,0.0,0.0021518598217030436,0.0,-0.0,-0.0,0.15526444260316,775
마마22ba06aa,0.0,128.8494284,35.3432079,0.152317880794702,0.0,0.0,0.0,0.002459268367660621,0.0,-0.0,-0.0,0.1547771491623626,776
마라19bb94aa,0.0,128.8174192,35.23536653,0.152317880794702,0.0,0.0,0.0,0.002459268367660621,0.0,-0.0,-0.0,0.1547771491623626,776
마마25ab00bb,0.0,128.8788793,35.29554101,0.1390728476821192,0.0,0.0,0.0,0.0,0.015544041450777202,-0.0,-0.0,0.1546168891328964,777
마마14bb00bb,0.0,128.7634261,35.29680232,0.13245033112582782,0.0,0.0,0.0,0.002459268367660621,0.018134715025906738,-0.0,-0.0,0.15304431451939518,778
마라21aa90bb,0.0,128.830675,35.20591855,0.0728476821192053,0.08,0.0,0.0,0.0,0.0,-0.0,-0.0,0.1528476821192053,779
마라15bb97ba,0.0,128.7739629,35.26738889,0.152317880794702,0.0,0.0,0.0,0.0,0.0,-0.0,-0.0,0.152317880794702,780
마라17aa99ab,0.0,128.7879524,35.28301923,0.152317880794702,0.0,0.0,0.0,0.0,0.0,-0.0,-0.0,0.152317880794702,780
마라20bb94ba,0.0,128.82848,35.23975375,0.152317880794702,0.0,0.0,0.0,0.0,0.0,-0.0,-0.0,0.152317880794702,780
마라15ba99ab,0.0,128.7714615,35.28319371,0.152317880794702,0.0,0.0,0.0,0.0,0.0,-0.0,-0.0,0.152317880794702,780
마마09bb00aa,0.0,128.7083454,35.29060298,0.152317880794702,0.0,0.0,0.0,0.0,0.0,-0.0,-0.0,0.152317880794702,780
마마17bb01bb,0.0,128.7965573,35.30546786,0.152317880794702,0.0,0.0,0.0,0.0,0.0,-0.0,-0.0,0.152317880794702,780
마마16bb03bb,0.0,128.7858457,35.32361467,0.152317880794702,0.0,0.0,0.0,0.0,0.0,-0.0,-0.0,0.152317880794702,780
마라15ab98aa,0.0,128.7685372,35.27195405,0.152317880794702,0.0,0.0,0.0,0.0,0.0,-0.0,-0.0,0.152317880794702,780
마마26ab00bb,0.0,128.8898745,35.29541513,0.152317880794702,0.0,0.0,0.0,0.0,0.0,-0.0,-0.0,0.152317880794702,780
마마30ba04ab,0.0,128.9371612,35.32641851,0.152317880794702,0.0,0.0,0.0,0.0,0.0,-0.0,-0.0,0.152317880794702,780
마라18aa92ab,0.0,128.79794,35.21979844,0.152317880794702,0.0,0.0,0.0,0.0,0.0,-0.0,-0.0,0.152317880794702,780
마라20ab92ba,0.0,128.8226934,35.22178456,0.1456953642384106,0.0,0.0,0.0,0.006148170919151552,0.0,-0.0,-0.0,0.15184353515756213,781
마라18ab88ba,0.0,128.8001473,35.18596343,0.09271523178807947,0.0,0.0,0.0,0.059022440823854896,0.0,-0.0,-0.0,0.15173767261193438,782
마라21ba92aa,0.0,128.8363513,35.2171264,0.1456953642384106,0.0,0.0,0.0,0.005840762373193974,0.0,-0.0,-0.0,0.15153612661160457,783
마라16aa94bb,0.0,128.7763221,35.24256917,0.1456953642384106,0.0,0.0,0.0,0.004303719643406086,0.0,-0.0,-0.0,0.14999908388181668,784
마라19bb99ba,0.0,128.818222,35.28494717,0.10596026490066225,0.04,0.0,0.0,0.003688902551490931,0.0,-0.0,-0.0,0.14964916745215318,785
마라29bb92ba,0.0,128.9270526,35.22059916,0.1390728476821192,0.0,0.0,0.0,0.010451890562557638,0.0,-0.0,-0.0,0.14952473824467682,786
마라13ab96ab,0.0,128.7463105,35.25640652,0.1456953642384106,0.0,0.0,0.0,0.003381494005533354,0.0,-0.0,-0.0,0.14907685824394395,787
마라23bb92aa,0.0,128.861067,35.21685102,0.06622516556291391,0.0,0.0,0.0,0.014755610205963724,0.06735751295336788,-0.0,-0.0,0.14833828872224553,788
마라29ab94ab,0.0,128.9218354,35.23643885,0.039735099337748346,0.04,0.0,0.0,0.06824469720258222,0.0,-0.0,-0.0,0.14797979654033055,789
마마22ba00aa,0.0,128.8485301,35.28912112,0.1456953642384106,0.0,0.0,0.0,0.0021518598217030436,0.0,-0.0,-0.0,0.14784722406011364,790
마마16ab05ba,0.0,128.7805948,35.33944875,0.019867549668874173,0.12,0.0,0.0,0.00768521364893944,0.0,-0.0,-0.0,0.14755276331781358,791
마마13aa01bb,0.0,128.7443212,35.30601669,0.006622516556291391,0.04,0.0,0.0,0.10052259452812788,0.0,-0.0,-0.0,0.14714511108441927,792
마라13ba98aa,0.0,128.7493002,35.27215425,0.1390728476821192,0.0,0.0,0.0,0.007992622194897018,0.0,-0.0,-0.0,0.1470654698770162,793
마라19ab86bb,0.0,128.8108747,35.17006912,0.033112582781456956,0.12,0.0,0.0,0.1976636950507224,0.0,-0.0,-0.20441955683333332,0.14635672099884603,794
마라23aa90bb,0.0,128.8526415,35.20567511,0.19205298013245034,0.0,0.0,0.0,0.012603750384260681,0.0,-0.0,-0.058333333333333334,0.14632339718337767,795
마마15ba00bb,0.0,128.771673,35.29671588,0.06622516556291391,0.08,0.0,0.0,0.0,0.0,-0.0,-0.0,0.14622516556291393,796
마마13bb01aa,0.0,128.7524649,35.29917041,0.059602649006622516,0.08,0.0,0.0,0.0064555794651091295,0.0,-0.0,-0.0,0.14605822847173164,797
마라33bb95aa,0.0,128.9713984,35.24260843,0.1390728476821192,0.0,0.0,0.0,0.006762988011066708,0.0,-0.0,-0.0,0.1458358356931859,798
마라18ab91bb,0.0,128.8006144,35.21526157,0.1456953642384106,0.0,0.0,0.0,0.0,0.0,-0.0,-0.0,0.1456953642384106,799
마마20aa00bb,0.0,128.8211536,35.29618543,0.1456953642384106,0.0,0.0,0.0,0.0,0.0,-0.0,-0.0,0.1456953642384106,799
마마14ba00aa,0.0,128.7605723,35.2900699,0.1456953642384106,0.0,0.0,0.0,0.0,0.0,-0.0,-0.0,0.1456953642384106,799
마마21ab01bb,0.0,128.8350461,35.30504903,0.1456953642384106,0.0,0.0,0.0,0.0,0.0,-0.0,-0.0,0.1456953642384106,799
마라19ab92aa,0.0,128.8116353,35.21739674,0.1456953642384106,0.0,0.0,0.0,0.0,0.0,-0.0,-0.0,0.1456953642384106,799
마마17bb03ab,0.0,128.7967731,35.31898985,0.1456953642384106,0.0,0.0,0.0,0.0,0.0,-0.0,-0.0,0.1456953642384106,799
마마19ab01ab,0.0,128.8129797,35.30078256,0.1456953642384106,0.0,0.0,0.0,0.0,0.0,-0.0,-0.0,0.1456953642384106,799
마마27ba01aa,0.0,128.9036573,35.29750996,0.1456953642384106,0.0,0.0,0.0,0.0,0.0,-0.0,-0.0,0.1456953642384106,799
마라13ab94aa,0.0,128.7460001,35.23612291,0.1456953642384106,0.0,0.0,0.0,0.0,0.0,-0.0,-0.0,0.1456953642384106,799
마마20bb02ab,0.0,128.8296215,35.30961689,0.1456953642384106,0.0,0.0,0.0,0.0,0.0,-0.0,-0.0,0.1456953642384106,799
마라15bb99ab,0.0,128.77421,35.28316478,0.1456953642384106,0.0,0.0,0.0,0.0,0.0,-0.0,-0.0,0.1456953642384106,799
마라16bb95ab,0.0,128.7846346,35.24698937,0.1456953642384106,0.0,0.0,0.0,0.0,0.0,-0.0,-0.0,0.1456953642384106,799
마라19bb93ba,0.0,128.8173463,35.23085917,0.31788079470198677,0.0,0.0,0.0,0.0,0.0,-0.0,-0.17265775533333333,0.14522303936865344,800
마라22aa98bb,0.0,128.8428468,35.27791413,0.1390728476821192,0.0,0.0,0.0,0.005840762373193974,0.0,-0.0,-0.0,0.14491361005531317,801
마라35bb94bb,0.0,128.9933322,35.24008572,0.13245033112582782,0.0,0.0,0.0,0.010451890562557638,0.0,-0.0,-0.0,0.14290222168838546,802
마라18aa91ab,0.0,128.7977964,35.21078364,0.1390728476821192,0.0,0.0,0.0,0.003381494005533354,0.0,-0.0,-0.0,0.14245434168765256,803
마마17bb01ba,0.0,128.7965213,35.3032142,0.1390728476821192,0.0,0.0,0.0,0.0027666769136181985,0.0,-0.0,-0.0,0.1418395245957374,804
마라13ab95bb,0.0,128.7462415,35.25189905,0.1390728476821192,0.0,0.0,0.0,0.0027666769136181985,0.0,-0.0,-0.0,0.1418395245957374,804
마라20bb92ba,0.0,128.8281861,35.22172441,0.1390728476821192,0.0,0.0,0.0,0.0,0.0025906735751295338,-0.0,-0.0,0.14166352125724874,805
마라15bb95ab,0.0,128.7736455,35.24710554,0.1390728476821192,0.0,0.0,0.0,0.002459268367660621,0.0,-0.0,-0.0,0.1415321160497798,806
마라20bb99bb,0.0,128.8292528,35.28708049,0.1390728476821192,0.0,0.0,0.0,0.002459268367660621,0.0,-0.0,-0.0,0.1415321160497798,806
마라15ab95aa,0.0,128.7681158,35.24490953,0.1390728476821192,0.0,0.0,0.0,0.002459268367660621,0.0,-0.0,-0.0,0.1415321160497798,806
마라19bb99ab,0.0,128.8181855,35.28269351,0.1390728476821192,0.0,0.0,0.0,0.0021518598217030436,0.0,-0.0,-0.0,0.14122470750382224,807
마마31ab03aa,0.0,128.94521,35.31505254,0.09933774834437085,0.04,0.0,0.0,0.0018444512757454655,0.0,-0.0,-0.0,0.14118219962011633,808
마라16ba97bb,0.0,128.7822423,35.26955549,0.1390728476821192,0.0,0.0,0.0,0.0018444512757454655,0.0,-0.0,-0.0,0.14091729895786467,809
마라21aa99ba,0.0,128.8319645,35.2847966,0.1390728476821192,0.0,0.0,0.0,0.0018444512757454655,0.0,-0.0,-0.0,0.14091729895786467,809
마라13ba94aa,0.0,128.748747,35.2360946,0.1390728476821192,0.0,0.0,0.0,0.0018444512757454655,0.0,-0.0,-0.0,0.14091729895786467,809
마라20aa93ba,0.0,128.820093,35.23082925,0.2052980132450331,0.0,0.0,0.0,0.0021518598217030436,0.0,-0.0,-0.06666666666666667,0.14078320640006947,810
마마14ba01aa,0.0,128.7607121,35.29908471,0.059602649006622516,0.08,0.0,0.0,0.0,0.0,-0.0,-0.0,0.1396026490066225,811
마마18ab04aa,0.0,128.8023809,35.32569171,0.12582781456953643,0.0,0.0,0.0,0.013525976022133415,0.0,-0.0,-0.0,0.13935379059166986,812
마라20ab87ab,0.0,128.8219262,35.17445719,0.039735099337748346,0.0,0.0,0.0,0.09960036889025514,0.0,-0.0,-0.0,0.1393354682280035,813
마라20ab90aa,0.0,128.8223279,35.19924776,0.013245033112582781,0.04,0.0,0.0,0.08607439286812173,0.0,-0.0,-0.0,0.13931942598070451,814
마마18aa01bb,0.0,128.7993065,35.30543835,0.1390728476821192,0.0,0.0,0.0,0.0,0.0,-0.0,-0.0,0.1390728476821192,815
마라21bb90bb,0.0,128.8389125,35.20582773,0.1390728476821192,0.0,0.0,0.0,0.0,0.0,-0.0,-0.0,0.1390728476821192,815
마마32ba01bb,0.0,128.9587545,35.30361987,0.1390728476821192,0.0,0.0,0.0,0.0,0.0,-0.0,-0.0,0.1390728476821192,815
마라18ab93ab,0.0,128.8008302,35.22878374,0.1390728476821192,0.0,0.0,0.0,0.0,0.0,-0.0,-0.0,0.1390728476821192,815
마라17ba99ba,0.0,128.7934852,35.28521425,0.1390728476821192,0.0,0.0,0.0,0.0,0.0,-0.0,-0.0,0.1390728476821192,815
마라22bb99bb,0.0,128.8512413,35.28683682,0.1390728476821192,0.0,0.0,0.0,0.0,0.0,-0.0,-0.0,0.1390728476821192,815
마라22bb99ba,0.0,128.8512038,35.28458319,0.1390728476821192,0.0,0.0,0.0,0.0,0.0,-0.0,-0.0,0.1390728476821192,815
마라15bb97ab,0.0,128.7739276,35.26513519,0.1390728476821192,0.0,0.0,0.0,0.0,0.0,-0.0,-0.0,0.1390728476821192,815
마마27aa01ba,0.0,128.8982371,35.3020808,0.1390728476821192,0.0,0.0,0.0,0.0,0.0,-0.0,-0.0,0.1390728476821192,815
마마32ab03aa,0.0,128.9562075,35.31492058,0.1390728476821192,0.0,0.0,0.0,0.0,0.0,-0.0,-0.0,0.1390728476821192,815
마마22aa00aa,0.0,128.8430329,35.28918229,0.1390728476821192,0.0,0.0,0.0,0.0,0.0,-0.0,-0.0,0.1390728476821192,815
마마25bb00bb,0.0,128.8843769,35.29547819,0.1390728476821192,0.0,0.0,0.0,0.0,0.0,-0.0,-0.0,0.1390728476821192,815
마라18ba92aa,0.0,128.8033966,35.21748573,0.1390728476821192,0.0,0.0,0.0,0.0,0.0,-0.0,-0.0,0.1390728476821192,815
마라15ba93ab,0.0,128.7706169,35.2291047,0.1390728476821192,0.0,0.0,0.0,0.0,0.0,-0.0,-0.0,0.1390728476821192,815
마라20ab90ab,0.0,128.8223644,35.20150145,0.0,0.08,0.0,0.0,0.058100215185982164,0.0,-0.0,-0.0,0.13810021518598217,816
마마32ab02aa,0.0,128.9560459,35.30590652,0.11258278145695365,0.0,0.0,0.0,0.007377805102981862,0.018134715025906738,-0.0,-0.0,0.13809530158584224,817
마라24ba92ab,0.0,128.8693433,35.21901173,0.13245033112582782,0.0,0.0,0.0,0.005225945281278819,0.0,-0.0,-0.0,0.13767627640710664,818
마마18bb01bb,0.0,128.8075541,35.30534945,0.039735099337748346,0.08,0.0,0.0,0.01690747002766677,0.0,-0.0,-0.0,0.1366425693654151,819
마라28ab92bb,0.0,128.9106143,35.2230459,0.12582781456953643,0.0,0.0,0.0,0.010759299108515216,0.0,-0.0,-0.0,0.13658711367805165,820
마라20ab88ba,0.0,128.8221087,35.18572564,0.052980132450331126,0.2,0.0,0.0,0.0,0.0,-0.0,-0.11666666666666667,0.13631346578366446,821
마라15bb94bb,0.0,128.773575,35.24259812,0.13245033112582782,0.0,0.0,0.0,0.0027666769136181985,0.0,-0.0,-0.0,0.13521700803944603,822
마마14ba00ab,0.0,128.7606072,35.2923236,0.13245033112582782,0.0,0.0,0.0,0.0027666769136181985,0.0,-0.0,-0.0,0.13521700803944603,822
마마16aa04aa,0.0,128.7776316,35.32595581,0.13245033112582782,0.0,0.0,0.0,0.002459268367660621,0.0,-0.0,-0.0,0.13490959949348844,823
마마17ba01ba,0.0,128.7937721,35.30324364,0.13245033112582782,0.0,0.0,0.0,0.0021518598217030436,0.0,-0.0,-0.0,0.13460219094753087,824
마마24bb03ab,0.0,128.8737627,35.31813953,0.13245033112582782,0.0,0.0,0.0,0.0021518598217030436,0.0,-0.0,-0.0,0.13460219094753087,824
마라21ab92aa,0.0,128.8336051,35.21715668,0.12582781456953643,0.0,0.0,0.0,0.008607439286812174,0.0,-0.0,-0.0,0.1344352538563486,825
마라12bb96bb,0.0,128.7408839,35.26097046,0.13245033112582782,0.0,0.0,0.0,0.0018444512757454655,0.0,-0.0,-0.0,0.1342947824015733,826
마라36aa99ba,0.0,128.9968663,35.28286813,0.11920529801324503,0.0,0.0,0.0,0.015063018751921302,0.0,-0.0,-0.0,0.13426831676516635,827
마마17ab00ab,0.0,128.790844,35.29200465,0.12582781456953643,0.0,0.0,0.0,0.00768521364893944,0.0,-0.0,-0.0,0.13351302821847588,828
마라22ba92bb,0.0,128.8474478,35.22376559,0.0728476821192053,0.12,0.0,0.0,0.023977866584691053,0.0,-0.0,-0.08333333333333333,0.133492215370563,829
마마13ba03ba,0.0,128.7500626,35.32173592,0.11258278145695365,0.0,0.0,0.0,0.0,0.02072538860103627,-0.0,-0.0,0.13330817005798992,830
마마13bb00ab,0.0,128.7523607,35.29240928,0.013245033112582781,0.12,0.0,0.0,0.0,0.0,-0.0,-0.0,0.1332450331125828,831
마마24ba02ba,0.0,128.870899,35.31140995,0.013245033112582781,0.12,0.0,0.0,0.0,0.0,-0.0,-0.0,0.1332450331125828,831
마라27ab95ab,0.0,128.9000162,35.24570941,0.0,0.08,0.0,0.0,0.05287426990470335,0.0,-0.0,-0.0,0.13287426990470336,832
마라13bb97ab,0.0,128.7519444,35.26536468,0.09271523178807947,0.04,0.0,0.0,0.0,0.0,-0.0,-0.0,0.13271523178807948,833
마마31aa03aa,0.0,128.9424606,35.31508538,0.09271523178807947,0.04,0.0,0.0,0.0,0.0,-0.0,-0.0,0.13271523178807948,833
마라36ab98ba,0.0,128.9994483,35.27382016,0.13245033112582782,0.0,0.0,0.0,0.0,0.0,-0.0,-0.0,0.13245033112582782,834
마라19aa92aa,0.0,128.8088891,35.21742646,0.13245033112582782,0.0,0.0,0.0,0.0,0.0,-0.0,-0.0,0.13245033112582782,834
마라19ba91ab,0.0,128.8142726,35.21060589,0.13245033112582782,0.0,0.0,0.0,0.0,0.0,-0.0,-0.0,0.13245033112582782,834
마마24bb00bb,0.0,128.8733817,35.29560357,0.13245033112582782,0.0,0.0,0.0,0.0,0.0,-0.0,-0.0,0.13245033112582782,834
마마22aa09ba,0.0,128.8444505,35.37481966,0.13245033112582782,0.0,0.0,0.0,0.0,0.0,-0.0,-0.0,0.13245033112582782,834
마라21aa94bb,0.0,128.8312639,35.24197722,0.13245033112582782,0.0,0.0,0.0,0.0,0.0,-0.0,-0.0,0.13245033112582782,834
마라22aa99bb,0.0,128.8429956,35.28692866,0.13245033112582782,0.0,0.0,0.0,0.0,0.0,-0.0,-0.0,0.13245033112582782,834
마마25ab02ab,0.0,128.8791088,35.30906256,0.13245033112582782,0.0,0.0,0.0,0.0,0.0,-0.0,-0.0,0.13245033112582782,834
마마27ab00bb,0.0,128.9008696,35.29528826,0.13245033112582782,0.0,0.0,0.0,0.0,0.0,-0.0,-0.0,0.13245033112582782,834
마마21aa00ab,0.0,128.8320753,35.29155753,0.13245033112582782,0.0,0.0,0.0,0.0,0.0,-0.0,-0.0,0.13245033112582782,834
마마20ab00bb,0.0,128.8239025,35.29615537,0.13245033112582782,0.0,0.0,0.0,0.0,0.0,-0.0,-0.0,0.13245033112582782,834
마라20bb98ab,0.0,128.8290319,35.2735586,0.13245033112582782,0.0,0.0,0.0,0.0,0.0,-0.0,-0.0,0.13245033112582782,834
마마25aa02ab,0.0,128.8763595,35.30909389,0.13245033112582782,0.0,0.0,0.0,0.0,0.0,-0.0,-0.0,0.13245033112582782,834
마마29ab06ab,0.0,128.9237285,35.34460949,0.12582781456953643,0.0,0.0,0.0,0.0064555794651091295,0.0,-0.0,-0.0,0.13228339403464556,835
마라21ab92ab,0.0,128.833642,35.21941035,0.11920529801324503,0.0,0.0,0.0,0.012911158930218259,0.0,-0.0,-0.0,0.1321164569434633,836
마라22aa89ba,0.0,128.841473,35.194529,0.37748344370860926,0.04,0.0,0.0,0.01690747002766677,0.0,-0.0,-0.3026734104166667,0.13171750331960935,837
마라19ba86ba,0.0,128.8135831,35.16778568,0.039735099337748346,0.0,0.0,0.0,0.0919151552413157,0.0,-0.0,-0.0,0.13165025457906404,838
마라17ba88ba,0.0,128.7919117,35.18605157,0.08609271523178808,0.04,0.0,0.0,0.005225945281278819,0.0,-0.0,-0.0,0.1313186605130669,839
마라24bb92ba,0.23736263736263735,128.8721275,35.22123426,0.11258278145695365,0.0,0.0,0.0,0.01752228711958192,0.0,-0.0,-0.0,0.13010506857653556,840
마마20aa01ba,0.0,128.8212635,35.30294638,0.12582781456953643,0.0,0.0,0.0,0.003381494005533354,0.0,-0.0,-0.0,0.1292093085750698,841
마라17ba90aa,0.0,128.7921258,35.19957385,0.0,0.36,0.0,0.0,0.3897940362742084,0.0,-0.0,-0.6222218208333333,0.12757221544087505,842
마마31aa03bb,0.0,128.9425807,35.32184595,0.11920529801324503,0.0,0.0,0.0,0.007992622194897018,0.0,-0.0,-0.0,0.12719792020814205,843
마마10ba01ba,0.0,128.7167942,35.30404275,0.09933774834437085,0.0,0.0,0.0,0.027359360590224407,0.0,-0.0,-0.0,0.12669710893459527,844
마라19aa93ba,0.0,128.8091063,35.23094858,0.25165562913907286,0.0,0.0,0.0,0.0,0.0,-0.0,-0.125,0.12665562913907286,845
마라19aa86bb,0.0,128.8081301,35.17009879,0.026490066225165563,0.08,0.0,0.0,0.019981555487242543,0.0,-0.0,-0.0,0.1264716217124081,846
마라15ab94ab,0.0,128.7680106,35.23814838,0.046357615894039736,0.08,0.0,0.0,0.0,0.0,-0.0,-0.0,0.12635761589403974,847
마라34bb95bb,0.0,128.9825091,35.24923486,0.046357615894039736,0.08,0.0,0.0,0.0,0.0,-0.0,-0.0,0.12635761589403974,847
마라32aa94ab,0.0,128.9520495,35.23608008,0.046357615894039736,0.08,0.0,0.0,0.0,0.0,-0.0,-0.0,0.12635761589403974,847
마마21ba08ab,0.0,128.8387613,35.36361275,0.046357615894039736,0.08,0.0,0.0,0.0,0.0,-0.0,-0.0,0.12635761589403974,847
마라20ba92ba,0.0,128.8254397,35.22175452,0.08609271523178808,0.04,0.0,0.0,0.0,0.0,-0.0,-0.0,0.12609271523178808,848
마라18bb92ba,0.0,128.8062151,35.22196351,0.08609271523178808,0.04,0.0,0.0,0.0,0.0,-0.0,-0.0,0.12609271523178808,848
마라17ba89ab,0.0,128.7920187,35.19281272,0.006622516556291391,0.04,0.0,0.0,0.07931140485705503,0.0,-0.0,-0.0,0.12593392141334642,849
마라20bb99ba,0.0,128.829216,35.28482684,0.12582781456953643,0.0,0.0,0.0,0.0,0.0,-0.0,-0.0,0.12582781456953643,850
마마24ba01aa,0.0,128.8706709,35.29788836,0.12582781456953643,0.0,0.0,0.0,0.0,0.0,-0.0,-0.0,0.12582781456953643,850
마라21ba93aa,0.0,128.8364991,35.22614105,0.12582781456953643,0.0,0.0,0.0,0.0,0.0,-0.0,-0.0,0.12582781456953643,850
마마16ab00bb,0.0,128.7799198,35.29662888,0.12582781456953643,0.0,0.0,0.0,0.0,0.0,-0.0,-0.0,0.12582781456953643,850
마마20bb02aa,0.0,128.8295846,35.30736325,0.12582781456953643,0.0,0.0,0.0,0.0,0.0,-0.0,-0.0,0.12582781456953643,850
마마32bb01bb,0.0,128.9615035,35.30358668,0.12582781456953643,0.0,0.0,0.0,0.0,0.0,-0.0,-0.0,0.12582781456953643,850
마마20aa02aa,0.0,128.8213368,35.30745367,0.12582781456953643,0.0,0.0,0.0,0.0,0.0,-0.0,-0.0,0.12582781456953643,850
마라23ba93ab,0.0,128.8585086,35.22815007,0.12582781456953643,0.0,0.0,0.0,0.0,0.0,-0.0,-0.0,0.12582781456953643,850
마마16ba01aa,0.0,128.7827043,35.29885343,0.12582781456953643,0.0,0.0,0.0,0.0,0.0,-0.0,-0.0,0.12582781456953643,850
마마23ba03ba,0.0,128.8600525,35.32054857,0.12582781456953643,0.0,0.0,0.0,0.0,0.0,-0.0,-0.0,0.12582781456953643,850
마마24bb01aa,0.0,128.8734198,35.29785717,0.12582781456953643,0.0,0.0,0.0,0.0,0.0,-0.0,-0.0,0.12582781456953643,850
마라15bb98ab,0.0,128.7740688,35.27414999,0.12582781456953643,0.0,0.0,0.0,0.0,0.0,-0.0,-0.0,0.12582781456953643,850
마라19bb89bb,0.0,128.8168002,35.19705392,0.2582781456953642,0.16,0.0,0.0,0.2797417768213956,0.0,-0.0,-0.5722627649166667,0.1257571576000931,851
마라26ab98ba,0.0,128.8895279,35.27513283,0.11920529801324503,0.0,0.0,0.0,0.005840762373193974,0.0,-0.0,-0.0,0.125046060386439,852
마마22bb06bb,0.0,128.8522916,35.34993797,0.11920529801324503,0.0,0.0,0.0,0.005533353827236397,0.0,-0.0,-0.0,0.12473865184048143,853
마마17ab04aa,0.0,128.7913812,35.32580971,0.059602649006622516,0.0,0.0,0.0,0.0,0.06476683937823835,-0.0,-0.0,0.12436948838486087,854
마마30aa01bb,0.0,128.9312645,35.3039484,0.11920529801324503,0.0,0.0,0.0,0.0046111281893636644,0.0,-0.0,-0.0,0.1238164262026087,855
마마15ab00bb,0.0,128.768924,35.29674476,0.11920529801324503,0.0,0.0,0.0,0.003688902551490931,0.0,-0.0,-0.0,0.12289420056473596,856
마라22ab96ba,0.0,128.8452597,35.25760085,0.11920529801324503,0.0,0.0,0.0,0.003688902551490931,0.0,-0.0,-0.0,0.12289420056473596,856
마라21bb94ab,0.0,128.8394309,35.23737897,0.2582781456953642,0.0,0.0,0.0,0.003381494005533354,0.0,-0.0,-0.13931840075000002,0.12234123895089755,857
마마22ba07ba,0.0,128.8496534,35.35672952,0.09271523178807947,0.0,0.0,0.0,0.0030740854595757753,0.02590673575129534,-0.0,-0.0,0.12169605299895059,858
마마17bb00bb,0.0,128.7964134,35.29645319,0.11920529801324503,0.0,0.0,0.0,0.002459268367660621,0.0,-0.0,-0.0,0.12166456638090566,859
마라16ab88aa,0.0,128.778115,35.18168977,0.039735099337748346,0.08,0.0,0.0,0.0018444512757454655,0.0,-0.0,-0.0,0.1215795506134938,860
마마20bb01ba,0.0,128.8295108,35.30285598,0.11920529801324503,0.0,0.0,0.0,0.0021518598217030436,0.0,-0.0,-0.0,0.12135715783494808,861
마라25bb99bb,0.0,128.8842234,35.28646383,0.11920529801324503,0.0,0.0,0.0,0.0021518598217030436,0.0,-0.0,-0.0,0.12135715783494808,861
마마18ab01aa,0.0,128.8019474,35.29864779,0.11920529801324503,0.0,0.0,0.0,0.0021518598217030436,0.0,-0.0,-0.0,0.12135715783494808,861
마라34ba99ab,0.0,128.9803358,35.28081759,0.10596026490066225,0.0,0.0,0.0,0.01537042729787888,0.0,-0.0,-0.0,0.12133069219854113,862
마마09bb01ba,0.0,128.7085464,35.30412546,0.0,0.08,0.0,0.0,0.0411927451583154,0.0,-0.0,-0.0,0.12119274515831541,863
마라20ab89aa,0.0,128.8221818,35.19023302,0.033112582781456956,0.08,0.0,0.0,0.007070396557024285,0.0,-0.0,-0.0,0.12018297933848124,864
마마29ba02aa,0.0,128.925806,35.3062669,0.039735099337748346,0.08,0.0,0.0,0.0,0.0,-0.0,-0.0,0.11973509933774834,865
마마30bb03bb,0.0,128.9398311,35.32187873,0.11920529801324503,0.0,0.0,0.0,0.0,0.0,-0.0,-0.0,0.11920529801324503,866
마라11bb99ba,0.0,128.7302676,35.28587381,0.11920529801324503,0.0,0.0,0.0,0.0,0.0,-0.0,-0.0,0.11920529801324503,866
마마24bb03aa,0.0,128.8737246,35.31588594,0.11920529801324503,0.0,0.0,0.0,0.0,0.0,-0.0,-0.0,0.11920529801324503,866
마마31ba01ab,0.0,128.9476783,35.29924498,0.11920529801324503,0.0,0.0,0.0,0.0,0.0,-0.0,-0.0,0.11920529801324503,866
마마15bb04aa,0.0,128.7748816,35.32598484,0.11920529801324503,0.0,0.0,0.0,0.0,0.0,-0.0,-0.0,0.11920529801324503,866
마라19ab92ba,0.0,128.8117078,35.22190411,0.11920529801324503,0.0,0.0,0.0,0.0,0.0,-0.0,-0.0,0.11920529801324503,866
마마31aa00ba,0.0,128.9420606,35.29255007,0.11920529801324503,0.0,0.0,0.0,0.0,0.0,-0.0,-0.0,0.11920529801324503,866
마마18ba02ab,0.0,128.8048773,35.30988646,0.11920529801324503,0.0,0.0,0.0,0.0,0.0,-0.0,-0.0,0.11920529801324503,866
마마20ab03ab,0.0,128.8242698,35.31869179,0.11920529801324503,0.0,0.0,0.0,0.0,0.0,-0.0,-0.0,0.11920529801324503,866
마라15bb98bb,0.0,128.7741394,35.27865739,0.11920529801324503,0.0,0.0,0.0,0.0,0.0,-0.0,-0.0,0.11920529801324503,866
마라12bb97aa,0.0,128.7409183,35.2632242,0.11920529801324503,0.0,0.0,0.0,0.0,0.0,-0.0,-0.0,0.11920529801324503,866
마라19ba99aa,0.0,128.8154006,35.28046977,0.11920529801324503,0.0,0.0,0.0,0.0,0.0,-0.0,-0.0,0.11920529801324503,866
마마22aa03ba,0.0,128.8435545,35.32073305,0.11920529801324503,0.0,0.0,0.0,0.0,0.0,-0.0,-0.0,0.11920529801324503,866
마라22aa98aa,0.0,128.8427352,35.27115321,0.11920529801324503,0.0,0.0,0.0,0.0,0.0,-0.0,-0.0,0.11920529801324503,866
마마11ab03ab,0.0,128.7252799,35.31973556,0.11920529801324503,0.0,0.0,0.0,0.0,0.0,-0.0,-0.0,0.11920529801324503,866
마마32bb01ba,0.0,128.961463,35.30133316,0.11920529801324503,0.0,0.0,0.0,0.0,0.0,-0.0,-0.0,0.11920529801324503,866
마마27ba03aa,0.0,128.9039688,35.3155385,0.11920529801324503,0.0,0.0,0.0,0.0,0.0,-0.0,-0.0,0.11920529801324503,866
마마18aa00bb,0.0,128.7991624,35.29642369,0.11920529801324503,0.0,0.0,0.0,0.0,0.0,-0.0,-0.0,0.11920529801324503,866
마라15ba98bb,0.0,128.771391,35.27868631,0.11920529801324503,0.0,0.0,0.0,0.0,0.0,-0.0,-0.0,0.11920529801324503,866
마라21ba95aa,0.0,128.8367949,35.24417031,0.11258278145695365,0.0,0.0,0.0,0.005533353827236397,0.0,-0.0,-0.0,0.11811613528419004,867
마라17ab87ba,0.0,128.7890241,35.17706594,0.033112582781456956,0.04,0.0,0.0,0.043959422071933596,0.0,-0.0,-0.0,0.11707200485339056,868
마라21aa98ba,0.0,128.8318169,35.27578202,0.11258278145695365,0.0,0.0,0.0,0.004303719643406086,0.0,-0.0,-0.0,0.11688650110035974,869
마라18ba92bb,0.0,128.8035047,35.22424681,0.2582781456953642,0.0,0.0,0.0,0.0,0.0,-0.0,-0.14166666666666666,0.11661147902869756,870
마라29ab92ab,0.0,128.9215209,35.21841021,0.09933774834437085,0.0,0.0,0.0,0.01690747002766677,0.0,-0.0,-0.0,0.11624521837203762,871
마마29ab06aa,0.0,128.923689,35.34235595,0.11258278145695365,0.0,0.0,0.0,0.0030740854595757753,0.0,-0.0,-0.0,0.11565686691652942,872
마마14bb05aa,0.0,128.7640222,35.3351151,0.11258278145695365,0.0,0.0,0.0,0.0030740854595757753,0.0,-0.0,-0.0,0.11565686691652942,872
마마20ba00ba,0.0,128.8266146,35.2938716,0.11258278145695365,0.0,0.0,0.0,0.0027666769136181985,0.0,-0.0,-0.0,0.11534945837057185,873
마라16aa88ab,0.0,128.7754052,35.18397244,0.11258278145695365,0.0,0.0,0.0,0.002459268367660621,0.0,-0.0,-0.0,0.11504204982461427,874
마라14bb96bb,0.0,128.7628661,35.26074301,0.10596026490066225,0.0,0.0,0.0,0.00891484783276975,0.0,-0.0,-0.0,0.114875112733432,875
마마32bb03bb,0.0,128.9618279,35.32161474,0.11258278145695365,0.0,0.0,0.0,0.0018444512757454655,0.0,-0.0,-0.0,0.11442723273269911,876
마라20aa91aa,0.0,128.8197281,35.20829246,0.09933774834437085,0.0,0.0,0.0,0.015063018751921302,0.0,-0.0,-0.0,0.11440076709629216,877
마마29aa02aa,0.0,128.9203078,35.30633161,0.033112582781456956,0.08,0.0,0.0,0.0,0.0,-0.0,-0.0,0.11311258278145696,878
마라14ab98ab,0.0,128.7575795,35.27432254,0.11258278145695365,0.0,0.0,0.0,0.0,0.0,-0.0,-0.0,0.11258278145695365,879
마마30ab04ab,0.0,128.9344115,35.32645117,0.11258278145695365,0.0,0.0,0.0,0.0,0.0,-0.0,-0.0,0.11258278145695365,879
마라19ba99ab,0.0,128.815437,35.28272343,0.11258278145695365,0.0,0.0,0.0,0.0,0.0,-0.0,-0.0,0.11258278145695365,879
마마10ba03ba,0.0,128.7170643,35.32207262,0.11258278145695365,0.0,0.0,0.0,0.0,0.0,-0.0,-0.0,0.11258278145695365,879
마마14aa04aa,0.0,128.7556319,35.32618632,0.11258278145695365,0.0,0.0,0.0,0.0,0.0,-0.0,-0.0,0.11258278145695365,879
마마20ba04aa,0.0,128.8271299,35.32542254,0.11258278145695365,0.0,0.0,0.0,0.0,0.0,-0.0,-0.0,0.11258278145695365,879
마라20ab93ab,0.0,128.8228031,35.22854558,0.11258278145695365,0.0,0.0,0.0,0.0,0.0,-0.0,-0.0,0.11258278145695365,879
마라20ba92ab,0.0,128.8254031,35.21950085,0.11258278145695365,0.0,0.0,0.0,0.0,0.0,-0.0,-0.0,0.11258278145695365,879
마마23bb03ba,0.0,128.8628022,35.32051761,0.11258278145695365,0.0,0.0,0.0,0.0,0.0,-0.0,-0.0,0.11258278145695365,879
마마24ab02ba,0.0,128.8681497,35.3114411,0.11258278145695365,0.0,0.0,0.0,0.0,0.0,-0.0,-0.0,0.11258278145695365,879
마마27ab00ba,0.0,128.9008308,35.29303469,0.11258278145695365,0.0,0.0,0.0,0.0,0.0,-0.0,-0.0,0.11258278145695365,879
마마09ba00bb,0.0,128.7056968,35.29739166,0.11258278145695365,0.0,0.0,0.0,0.0,0.0,-0.0,-0.0,0.11258278145695365,879
마라23aa98bb,0.0,128.8538397,35.27779158,0.11258278145695365,0.0,0.0,0.0,0.0,0.0,-0.0,-0.0,0.11258278145695365,879
마마32ba03aa,0.0,128.9589569,35.31488743,0.11258278145695365,0.0,0.0,0.0,0.0,0.0,-0.0,-0.0,0.11258278145695365,879
마마28ab01ab,0.0,128.9119429,35.29966752,0.11258278145695365,0.0,0.0,0.0,0.0,0.0,-0.0,-0.0,0.11258278145695365,879
마마20ba03ab,0.0,128.8270194,35.31866164,0.11258278145695365,0.0,0.0,0.0,0.0,0.0,-0.0,-0.0,0.11258278145695365,879
마마25aa01aa,0.0,128.8761687,35.29782591,0.11258278145695365,0.0,0.0,0.0,0.0,0.0,-0.0,-0.0,0.11258278145695365,879
마라22bb93aa,0.0,128.8502316,35.22598863,0.11258278145695365,0.0,0.0,0.0,0.0,0.0,-0.0,-0.0,0.11258278145695365,879
마라36aa98ba,0.0,128.9967004,35.27385419,0.11258278145695365,0.0,0.0,0.0,0.0,0.0,-0.0,-0.0,0.11258278145695365,879
마라16ab96ba,0.0,128.7793171,35.25831609,0.11258278145695365,0.0,0.0,0.0,0.0,0.0,-0.0,-0.0,0.11258278145695365,879
마마19ba01ba,0.0,128.8157653,35.30300633,0.11258278145695365,0.0,0.0,0.0,0.0,0.0,-0.0,-0.0,0.11258278145695365,879
마라16bb97ba,0.0,128.7849547,35.26727264,0.11258278145695365,0.0,0.0,0.0,0.0,0.0,-0.0,-0.0,0.11258278145695365,879
마라15ba97ba,0.0,128.7712149,35.2674178,0.11258278145695365,0.0,0.0,0.0,0.0,0.0,-0.0,-0.0,0.11258278145695365,879
마마18bb01ab,0.0,128.8074816,35.30084213,0.11258278145695365,0.0,0.0,0.0,0.0,0.0,-0.0,-0.0,0.11258278145695365,879
마마28ba02aa,0.0,128.9148095,35.30639607,0.11258278145695365,0.0,0.0,0.0,0.0,0.0,-0.0,-0.0,0.11258278145695365,879
마라20ba89ab,0.0,128.8249637,35.1924567,0.11258278145695365,0.0,0.0,0.0,0.0,0.0,-0.0,-0.0,0.11258278145695365,879
마마18bb00ab,0.0,128.8073366,35.29182749,0.11258278145695365,0.0,0.0,0.0,0.0,0.0,-0.0,-0.0,0.11258278145695365,879
마마11ba03aa,0.0,128.7279956,35.31745394,0.11258278145695365,0.0,0.0,0.0,0.0,0.0,-0.0,-0.0,0.11258278145695365,879
마라20ab92bb,0.0,128.82273,35.22403824,0.11258278145695365,0.0,0.0,0.0,0.0,0.0,-0.0,-0.0,0.11258278145695365,879
마라18aa89ab,0.0,128.7975096,35.192754,0.10596026490066225,0.0,0.0,0.0,0.0064555794651091295,0.0,-0.0,-0.0,0.11241584436577139,880
마마19ba00bb,0.0,128.8156558,35.29624537,0.25165562913907286,0.0,0.0,0.0,0.0021518598217030436,0.0,-0.0,-0.14166666666666666,0.11214082229410921,881
마라21aa95bb,0.0,128.8314112,35.25099185,0.10596026490066225,0.0,0.0,0.0,0.006148170919151552,0.0,-0.0,-0.0,0.1121084358198138,882
마마14bb05ab,0.0,128.7640573,35.33736878,0.10596026490066225,0.0,0.0,0.0,0.006148170919151552,0.0,-0.0,-0.0,0.1121084358198138,882
마라35aa94ba,0.0,128.9850507,35.23793362,0.10596026490066225,0.0,0.0,0.0,0.005533353827236397,0.0,-0.0,-0.0,0.11149361872789865,883
마라24bb93ab,0.0,128.8722413,35.22799515,0.09271523178807947,0.0,0.0,0.0,0.018137104211497078,0.0,-0.0,-0.0,0.11085233599957656,884
마라24ba92aa,0.0,128.8693054,35.2167581,0.09933774834437085,0.0,0.0,0.0,0.011374116200430372,0.0,-0.0,-0.0,0.11071186454480123,885
마마21bb10aa,0.0,128.8417736,35.37935745,0.10596026490066225,0.0,0.0,0.0,0.0046111281893636644,0.0,-0.0,-0.0,0.11057139309002592,886
마라18ab88ab,0.0,128.8001114,35.18370972,0.026490066225165563,0.04,0.0,0.0,0.043959422071933596,0.0,-0.0,-0.0,0.11044948829709916,887
마라20aa89ba,0.0,128.8195093,35.19477035,0.019867549668874173,0.08,0.0,0.0,0.010451890562557638,0.0,-0.0,-0.0,0.11031944023143181,888
마라18ba93aa,0.0,128.8035407,35.2265005,0.10596026490066225,0.0,0.0,0.0,0.003688902551490931,0.0,-0.0,-0.0,0.10964916745215318,889
마라15bb94ba,0.0,128.7735398,35.24034441,0.10596026490066225,0.0,0.0,0.0,0.0027666769136181985,0.0,-0.0,-0.0,0.10872694181428046,890
마마22ab05bb,0.0,128.8466406,35.34098497,0.10596026490066225,0.0,0.0,0.0,0.002459268367660621,0.0,-0.0,-0.0,0.10841953326832288,891
마마22ab04ba,0.0,128.8464536,35.32971692,0.10596026490066225,0.0,0.0,0.0,0.002459268367660621,0.0,-0.0,-0.0,0.10841953326832288,891
마마20ab02aa,0.0,128.8240861,35.30742359,0.06622516556291391,0.04,0.0,0.0,0.0018444512757454655,0.0,-0.0,-0.0,0.10806961683865939,892
마마18bb01ba,0.0,128.8075179,35.30309579,0.10596026490066225,0.0,0.0,0.0,0.0018444512757454655,0.0,-0.0,-0.0,0.10780471617640772,893
마라16ab97aa,0.0,128.779388,35.26282349,0.09271523178807947,0.0,0.0,0.0,0.015063018751921302,0.0,-0.0,-0.0,0.10777825054000077,894
마마13ab03aa,0.0,128.7472435,35.31725691,0.08609271523178808,0.0,0.0,0.0,0.02151859821703043,0.0,-0.0,-0.0,0.10761131344881851,895
마라22aa93ab,0.0,128.8420292,35.22833392,0.019867549668874173,0.08,0.0,0.0,0.006762988011066708,0.0,-0.0,-0.0,0.10663053767994088,896
마라20aa93bb,0.0,128.8201295,35.23308292,0.06622516556291391,0.04,0.0,0.0,0.0,0.0,-0.0,-0.0,0.10622516556291392,897
마라21aa86bb,0.0,128.8300872,35.16985966,0.013245033112582781,0.04,0.0,0.0,0.05287426990470335,0.0,-0.0,-0.0,0.10611930301728613,898
마마32bb02aa,0.0,128.961544,35.30584019,0.10596026490066225,0.0,0.0,0.0,0.0,0.0,-0.0,-0.0,0.10596026490066225,899
마라15ab98ab,0.0,128.7685724,35.27420776,0.10596026490066225,0.0,0.0,0.0,0.0,0.0,-0.0,-0.0,0.10596026490066225,899
마마13aa03ab,0.0,128.7445283,35.31953895,0.10596026490066225,0.0,0.0,0.0,0.0,0.0,-0.0,-0.0,0.10596026490066225,899
마마17ab01ba,0.0,128.791023,35.30327302,0.10596026490066225,0.0,0.0,0.0,0.0,0.0,-0.0,-0.0,0.10596026490066225,899
마마22ab00aa,0.0,128.8457815,35.28915174,0.10596026490066225,0.0,0.0,0.0,0.0,0.0,-0.0,-0.0,0.10596026490066225,899
마라20ab92aa,0.0,128.8226202,35.21727721,0.10596026490066225,0.0,0.0,0.0,0.0,0.0,-0.0,-0.0,0.10596026490066225,899
마마18ba00bb,0.0,128.8046602,35.2963645,0.10596026490066225,0.0,0.0,0.0,0.0,0.0,-0.0,-0.0,0.10596026490066225,899
마마17bb01aa,0.0,128.7964494,35.29870686,0.10596026490066225,0.0,0.0,0.0,0.0,0.0,-0.0,-0.0,0.10596026490066225,899
마라15aa96bb,0.0,128.7656138,35.26071429,0.10596026490066225,0.0,0.0,0.0,0.0,0.0,-0.0,-0.0,0.10596026490066225,899
마마14bb04aa,0.0,128.7638818,35.32610035,0.10596026490066225,0.0,0.0,0.0,0.0,0.0,-0.0,-0.0,0.10596026490066225,899
마마10aa00bb,0.0,128.7111949,35.29733672,0.10596026490066225,0.0,0.0,0.0,0.0,0.0,-0.0,-0.0,0.10596026490066225,899
마라20ba93aa,0.0,128.8255131,35.22626186,0.10596026490066225,0.0,0.0,0.0,0.0,0.0,-0.0,-0.0,0.10596026490066225,899
마라20bb92bb,0.0,128.8282228,35.22397808,0.10596026490066225,0.0,0.0,0.0,0.0,0.0,-0.0,-0.0,0.10596026490066225,899
마마23aa06aa,0.0,128.8549293,35.34314636,0.10596026490066225,0.0,0.0,0.0,0.0,0.0,-0.0,-0.0,0.10596026490066225,899
마라15bb98aa,0.0,128.7740335,35.27189629,0.10596026490066225,0.0,0.0,0.0,0.0,0.0,-0.0,-0.0,0.10596026490066225,899
마마28ba01aa,0.0,128.9146526,35.29738183,0.10596026490066225,0.0,0.0,0.0,0.0,0.0,-0.0,-0.0,0.10596026490066225,899
마라19ba96ba,0.0,128.8150363,35.25793313,0.10596026490066225,0.0,0.0,0.0,0.0,0.0,-0.0,-0.0,0.10596026490066225,899
마라15ab97aa,0.0,128.7683967,35.26293923,0.10596026490066225,0.0,0.0,0.0,0.0,0.0,-0.0,-0.0,0.10596026490066225,899
마라20ab96ba,0.0,128.8232791,35.25784325,0.09933774834437085,0.0,0.0,0.0,0.006148170919151552,0.0,-0.0,-0.0,0.10548591926352241,900
마라20ba94ba,0.0,128.8257331,35.23978387,0.09933774834437085,0.0,0.0,0.0,0.003688902551490931,0.0,-0.0,-0.0,0.10302665089586178,901
마라19ab87ba,0.0,128.8109833,35.17683023,0.09933774834437085,0.0,0.0,0.0,0.10328927144174607,0.0,-0.0,-0.1,0.10262701978611691,902
마마24ba03ab,0.0,128.8710131,35.31817074,0.09933774834437085,0.0,0.0,0.0,0.0030740854595757753,0.0,-0.0,-0.0,0.10241183380394663,903
마라15ab93ba,0.0,128.7679053,35.23138722,0.09933774834437085,0.0,0.0,0.0,0.0030740854595757753,0.0,-0.0,-0.0,0.10241183380394663,903
마라27ab97ab,0.0,128.9003263,35.26373813,0.09933774834437085,0.0,0.0,0.0,0.0030740854595757753,0.0,-0.0,-0.0,0.10241183380394663,903
마마21aa01aa,0.0,128.8321861,35.29831845,0.09933774834437085,0.0,0.0,0.0,0.0027666769136181985,0.0,-0.0,-0.0,0.10210442525798906,904
마마17aa01ba,0.0,128.7882738,35.30330234,0.09933774834437085,0.0,0.0,0.0,0.0027666769136181985,0.0,-0.0,-0.0,0.10210442525798906,904
마마11ba02bb,0.0,128.7279616,35.31520022,0.10596026490066225,0.16,0.0,0.0,0.0021518598217030436,0.0,-0.0,-0.16644990366666665,0.10166222105569864,905
마라29aa93aa,0.0,128.9188924,35.22520318,0.25165562913907286,0.0,0.0,0.0,0.0,0.0,-0.0,-0.15,0.10165562913907286,906
마마18ba03ba,0.0,128.8050584,35.32115475,0.006622516556291391,0.04,0.0,0.0,0.05502612972640639,0.0,-0.0,-0.0,0.10164864628269779,907
마마17bb00ab,0.0,128.7963416,35.29194584,0.09933774834437085,0.0,0.0,0.0,0.0021518598217030436,0.0,-0.0,-0.0,0.1014896081660739,908
마라14ab97bb,0.0,128.7575099,35.26981511,0.09933774834437085,0.0,0.0,0.0,0.0018444512757454655,0.0,-0.0,-0.0,0.10118219962011632,909
마라23ab97bb,0.0,128.8564376,35.26874629,0.09933774834437085,0.0,0.0,0.0,0.0018444512757454655,0.0,-0.0,-0.0,0.10118219962011632,909
마라28bb95aa,0.0,128.9164595,35.24326401,0.0,0.0,0.0,0.0,0.1002151859821703,0.0,-0.0,-0.0,0.1002151859821703,910
마라15ba94ba,0.0,128.7707927,35.24037328,0.09271523178807947,0.0,0.0,0.0,0.007377805102981862,0.0,-0.0,-0.0,0.10009303689106133,911
마라17bb89ab,0.0,128.7947642,35.19278339,0.006622516556291391,0.04,0.0,0.0,0.05318167845066093,0.0,-0.0,-0.0,0.09980419500695231,912
마라18bb86bb,0.0,128.8053854,35.1701284,0.026490066225165563,0.0,0.0,0.375,0.002459268367660621,0.0,-0.0,-0.30416666666666664,0.09978266792615959,913
마라13ba97aa,0.0,128.7491618,35.26313936,0.09933774834437085,0.0,0.0,0.0,0.0,0.0,-0.0,-0.0,0.09933774834437085,914
마마25ba00ab,0.0,128.8815515,35.29100244,0.09933774834437085,0.0,0.0,0.0,0.0,0.0,-0.0,-0.0,0.09933774834437085,914
마마17ab00aa,0.0,128.7908082,35.28975097,0.09933774834437085,0.0,0.0,0.0,0.0,0.0,-0.0,-0.0,0.09933774834437085,914
마마26bb01ab,0.0,128.8954494,35.29985898,0.09933774834437085,0.0,0.0,0.0,0.0,0.0,-0.0,-0.0,0.09933774834437085,914
마라13aa96ba,0.0,128.7435973,35.25868852,0.09933774834437085,0.0,0.0,0.0,0.0,0.0,-0.0,-0.0,0.09933774834437085,914
마라16ab95aa,0.0,128.7791046,35.24479388,0.09933774834437085,0.0,0.0,0.0,0.0,0.0,-0.0,-0.0,0.09933774834437085,914
마마27ba03ab,0.0,128.9040077,35.31779207,0.09933774834437085,0.0,0.0,0.0,0.0,0.0,-0.0,-0.0,0.09933774834437085,914
마라15aa97ab,0.0,128.7656839,35.26522172,0.09933774834437085,0.0,0.0,0.0,0.0,0.0,-0.0,-0.0,0.09933774834437085,914
마라22aa91ba,0.0,128.8417695,35.21255832,0.09933774834437085,0.0,0.0,0.0,0.0,0.0,-0.0,-0.0,0.09933774834437085,914
마마19bb03ba,0.0,128.8188071,35.32100555,0.09933774834437085,0.0,0.0,0.0,0.0,0.0,-0.0,-0.0,0.09933774834437085,914
마마10bb03ab,0.0,128.7197804,35.31979117,0.09933774834437085,0.0,0.0,0.0,0.0,0.0,-0.0,-0.0,0.09933774834437085,914
마라15bb97bb,0.0,128.7739982,35.26964259,0.09933774834437085,0.0,0.0,0.0,0.0,0.0,-0.0,-0.0,0.09933774834437085,914
마마20bb01ab,0.0,128.829474,35.30060234,0.09933774834437085,0.0,0.0,0.0,0.0,0.0,-0.0,-0.0,0.09933774834437085,914
마라36aa98ab,0.0,128.9966589,35.2716007,0.09933774834437085,0.0,0.0,0.0,0.0,0.0,-0.0,-0.0,0.09933774834437085,914
마라19bb92aa,0.0,128.8171278,35.2173371,0.09933774834437085,0.0,0.0,0.0,0.0,0.0,-0.0,-0.0,0.09933774834437085,914
마마30bb02bb,0.0,128.9396713,35.31286462,0.09933774834437085,0.0,0.0,0.0,0.0,0.0,-0.0,-0.0,0.09933774834437085,914
마마23aa06ab,0.0,128.854967,35.34539996,0.09933774834437085,0.0,0.0,0.0,0.0,0.0,-0.0,-0.0,0.09933774834437085,914
마라21aa92bb,0.0,128.8309693,35.22394791,0.09933774834437085,0.0,0.0,0.0,0.0,0.0,-0.0,-0.0,0.09933774834437085,914
마라10aa99bb,0.0,128.7110606,35.28832174,0.09933774834437085,0.0,0.0,0.0,0.0,0.0,-0.0,-0.0,0.09933774834437085,914
마라18bb91bb,0.0,128.8061067,35.21520244,0.09933774834437085,0.0,0.0,0.0,0.0,0.0,-0.0,-0.0,0.09933774834437085,914
마마14ba03ba,0.0,128.7610618,35.32162168,0.09933774834437085,0.0,0.0,0.0,0.0,0.0,-0.0,-0.0,0.09933774834437085,914
마마18ba01ab,0.0,128.8047326,35.30087182,0.09933774834437085,0.0,0.0,0.0,0.0,0.0,-0.0,-0.0,0.09933774834437085,914
마마27ab03ab,0.0,128.9012582,35.31782397,0.09933774834437085,0.0,0.0,0.0,0.0,0.0,-0.0,-0.0,0.09933774834437085,914
마라20ba91bb,0.0,128.8253298,35.2149935,0.09933774834437085,0.0,0.0,0.0,0.0,0.0,-0.0,-0.0,0.09933774834437085,914
마라22aa96ab,0.0,128.8424749,35.25537772,0.09933774834437085,0.0,0.0,0.0,0.0,0.0,-0.0,-0.0,0.09933774834437085,914
마라20bb89ab,0.0,128.827709,35.19242663,0.09933774834437085,0.0,0.0,0.0,0.0,0.0,-0.0,-0.0,0.09933774834437085,914
마라12bb96ab,0.0,128.7408152,35.256463,0.08609271523178808,0.0,0.0,0.0,0.012603750384260681,0.0,-0.0,-0.0,0.09869646561604875,915
마라25ab92aa,0.0,128.8775439,35.21666462,0.08609271523178808,0.0,0.0,0.0,0.012603750384260681,0.0,-0.0,-0.0,0.09869646561604875,915
마마17ba00ba,0.0,128.7936287,35.29422895,0.09271523178807947,0.0,0.0,0.0,0.005840762373193974,0.0,-0.0,-0.0,0.09855599416127345,916
마라23ba95aa,0.0,128.8587717,35.24392553,0.09271523178807947,0.0,0.0,0.0,0.005225945281278819,0.0,-0.0,-0.0,0.09794117706935829,917
마마10aa01ab,0.0,128.7112621,35.30184421,0.09271523178807947,0.0,0.0,0.0,0.004918536735321242,0.0,-0.0,-0.0,0.09763376852340071,918
마라13ab96ba,0.0,128.746345,35.25866025,0.09271523178807947,0.0,0.0,0.0,0.0046111281893636644,0.0,-0.0,-0.0,0.09732635997744314,919
마마12ba02ba,0.0,128.7389257,35.3128343,0.033112582781456956,0.04,0.0,0.0,0.023670458038733477,0.0,-0.0,-0.0,0.09678304082019044,920
마마22bb08ab,0.0,128.852517,35.36345955,0.09271523178807947,0.0,0.0,0.0,0.003996311097448509,0.0,-0.0,-0.0,0.09671154288552798,921
마라21bb93ba,0.0,128.8393197,35.23061801,0.07947019867549669,0.0,0.0,0.0,0.01721487857362435,0.0,-0.0,-0.0,0.09668507724912104,922
마마10aa01aa,0.0,128.7112285,35.29959047,0.052980132450331126,0.04,0.0,0.0,0.003688902551490931,0.0,-0.0,-0.0,0.09666903500182206,923
마라27aa97ab,0.0,128.8975786,35.26376991,0.09271523178807947,0.0,0.0,0.0,0.003688902551490931,0.0,-0.0,-0.0,0.0964041343395704,924
마라21bb89aa,0.0,128.8386536,35.19005204,0.09271523178807947,0.0,0.0,0.0,0.003381494005533354,0.0,-0.0,-0.0,0.09609672579361282,925
마마22ba03bb,0.0,128.8490913,35.32292542,0.08609271523178808,0.0,0.0,0.0,0.009837073470642483,0.0,-0.0,-0.0,0.09592978870243056,926
마라20bb93bb,0.0,128.8283698,35.23299275,0.08609271523178808,0.0,0.0,0.0,0.009837073470642483,0.0,-0.0,-0.0,0.09592978870243056,926
마라15bb95aa,0.0,128.7736102,35.24485183,0.09271523178807947,0.0,0.0,0.0,0.0030740854595757753,0.0,-0.0,-0.0,0.09578931724765524,927
마마29bb02aa,0.0,128.9285551,35.30623445,0.09271523178807947,0.0,0.0,0.0,0.0030740854595757753,0.0,-0.0,-0.0,0.09578931724765524,927
마마22ba08ab,0.0,128.8497659,35.36349032,0.09271523178807947,0.0,0.0,0.0,0.0027666769136181985,0.0,-0.0,-0.0,0.09548190870169768,928
마마20bb00bb,0.0,128.8294002,35.29609506,0.09271523178807947,0.0,0.0,0.0,0.0027666769136181985,0.0,-0.0,-0.0,0.09548190870169768,928
마라19aa94ba,0.0,128.8092511,35.23996331,0.09271523178807947,0.0,0.0,0.0,0.0027666769136181985,0.0,-0.0,-0.0,0.09548190870169768,928
마마31ab01bb,0.0,128.9450096,35.30378491,0.09271523178807947,0.0,0.0,0.0,0.002459268367660621,0.0,-0.0,-0.0,0.0951745001557401,929
마마30aa01ba,0.0,128.9312248,35.30169485,0.09271523178807947,0.0,0.0,0.0,0.0018444512757454655,0.0,-0.0,-0.0,0.09455968306382494,930
마마16ba04bb,0.0,128.7832383,35.33265857,0.07947019867549669,0.0,0.0,0.0,0.015063018751921302,0.0,-0.0,-0.0,0.09453321742741799,931
마마29bb02ba,0.0,128.9286344,35.31074153,0.08609271523178808,0.0,0.0,0.0,0.007992622194897018,0.0,-0.0,-0.0,0.0940853374266851,932
마마29ba06aa,0.0,128.9264393,35.34232352,0.09271523178807947,0.0,0.0,0.0,0.0,0.0,-0.0,-0.0,0.09271523178807947,933
마라18ab92ab,0.0,128.8006863,35.21976897,0.09271523178807947,0.0,0.0,0.0,0.0,0.0,-0.0,-0.0,0.09271523178807947,933
마마14ba03aa,0.0,128.7609919,35.3171143,0.09271523178807947,0.0,0.0,0.0,0.0,0.0,-0.0,-0.0,0.09271523178807947,933
마라22aa91aa,0.0,128.8416954,35.20805099,0.09271523178807947,0.0,0.0,0.0,0.0,0.0,-0.0,-0.0,0.09271523178807947,933
마마26bb01bb,0.0,128.8955268,35.30436614,0.09271523178807947,0.0,0.0,0.0,0.0,0.0,-0.0,-0.0,0.09271523178807947,933
마마22ab05ba,0.0,128.8466032,35.33873136,0.09271523178807947,0.0,0.0,0.0,0.0,0.0,-0.0,-0.0,0.09271523178807947,933
마라26ab98bb,0.0,128.8895664,35.27738643,0.09271523178807947,0.0,0.0,0.0,0.0,0.0,-0.0,-0.0,0.09271523178807947,933
마마29ab02aa,0.0,128.9230569,35.30629928,0.09271523178807947,0.0,0.0,0.0,0.0,0.0,-0.0,-0.0,0.09271523178807947,933
마마20ab02ab,0.0,128.8241228,35.30967723,0.09271523178807947,0.0,0.0,0.0,0.0,0.0,-0.0,-0.0,0.09271523178807947,933
마마23aa05bb,0.0,128.8548917,35.34089276,0.09271523178807947,0.0,0.0,0.0,0.0,0.0,-0.0,-0.0,0.09271523178807947,933
마마27ab01ba,0.0,128.9009861,35.30204898,0.09271523178807947,0.0,0.0,0.0,0.0,0.0,-0.0,-0.0,0.09271523178807947,933
마라21ab90aa,0.0,128.8333103,35.19912732,0.09271523178807947,0.0,0.0,0.0,0.0,0.0,-0.0,-0.0,0.09271523178807947,933
마마15aa05ab,0.0,128.7668076,35.33733999,0.09271523178807947,0.0,0.0,0.0,0.0,0.0,-0.0,-0.0,0.09271523178807947,933
마마26ba01bb,0.0,128.8927778,35.30439783,0.09271523178807947,0.0,0.0,0.0,0.0,0.0,-0.0,-0.0,0.09271523178807947,933
마라36ab98ab,0.0,128.9994068,35.27156667,0.09271523178807947,0.0,0.0,0.0,0.0,0.0,-0.0,-0.0,0.09271523178807947,933
마라17aa95ab,0.0,128.7873818,35.24696018,0.09271523178807947,0.0,0.0,0.0,0.0,0.0,-0.0,-0.0,0.09271523178807947,933
마라19ba92ba,0.0,128.8144542,35.22187432,0.09271523178807947,0.0,0.0,0.0,0.0,0.0,-0.0,-0.0,0.09271523178807947,933
마마21ab01ab,0.0,128.834972,35.30054177,0.09271523178807947,0.0,0.0,0.0,0.0,0.0,-0.0,-0.0,0.09271523178807947,933
마마22ba05ba,0.0,128.8493535,35.33870069,0.09271523178807947,0.0,0.0,0.0,0.0,0.0,-0.0,-0.0,0.09271523178807947,933
마라35bb98ab,0.0,128.9939111,35.27163467,0.09271523178807947,0.0,0.0,0.0,0.0,0.0,-0.0,-0.0,0.09271523178807947,933
마라35ab99ab,0.0,128.9885803,35.2807164,0.09271523178807947,0.0,0.0,0.0,0.0,0.0,-0.0,-0.0,0.09271523178807947,933
마마26ab01ba,0.0,128.8899901,35.30217589,0.09271523178807947,0.0,0.0,0.0,0.0,0.0,-0.0,-0.0,0.09271523178807947,933
마라26bb99ba,0.0,128.8951787,35.28408391,0.09271523178807947,0.0,0.0,0.0,0.0,0.0,-0.0,-0.0,0.09271523178807947,933
마라18bb92ab,0.0,128.8061789,35.21970982,0.09271523178807947,0.0,0.0,0.0,0.0,0.0,-0.0,-0.0,0.09271523178807947,933
마라32bb95ba,0.0,128.9604916,35.24724861,0.09271523178807947,0.0,0.0,0.0,0.0,0.0,-0.0,-0.0,0.09271523178807947,933
마마19ab01ba,0.0,128.8130161,35.30303621,0.09271523178807947,0.0,0.0,0.0,0.0,0.0,-0.0,-0.0,0.09271523178807947,933
마라18bb93aa,0.0,128.8062873,35.22647089,0.09271523178807947,0.0,0.0,0.0,0.0,0.0,-0.0,-0.0,0.09271523178807947,933
마라15aa98ab,0.0,128.7658242,35.27423655,0.09271523178807947,0.0,0.0,0.0,0.0,0.0,-0.0,-0.0,0.09271523178807947,933
마마13aa03bb,0.0,128.7445974,35.32404637,0.09271523178807947,0.0,0.0,0.0,0.0,0.0,-0.0,-0.0,0.09271523178807947,933
마라19bb90ba,0.0,128.8169094,35.20381499,0.046357615894039736,0.04,0.0,0.0,0.005533353827236397,0.0,-0.0,-0.0,0.09189096972127613,934
마라30ba93ba,0.0,128.93545,35.22951601,0.046357615894039736,0.04,0.0,0.0,0.004918536735321242,0.0,-0.0,-0.0,0.09127615262936097,935
마마27ab07ab,0.0,128.9018809,35.35388091,0.026490066225165563,0.0,0.0,0.375,0.0,0.0,-0.0,-0.3107707129166667,0.0907193533084989,936
마라25bb99ba,0.0,128.8841851,35.28421023,0.08609271523178808,0.0,0.0,0.0,0.004303719643406086,0.0,-0.0,-0.0,0.09039643487519416,937
마마14aa04ab,0.0,128.7556668,35.32844001,0.07947019867549669,0.0,0.0,0.0,0.010759299108515216,0.0,-0.0,-0.0,0.0902294977840119,938
마마22bb07aa,0.0,128.8523291,35.35219157,0.07947019867549669,0.0,0.0,0.0,0.010759299108515216,0.0,-0.0,-0.0,0.0902294977840119,938
마라21ab98ba,0.0,128.8345651,35.27575173,0.08609271523178808,0.0,0.0,0.0,0.003996311097448509,0.0,-0.0,-0.0,0.09008902632923659,939
마라26bb97ba,0.0,128.8948695,35.26605521,0.08609271523178808,0.0,0.0,0.0,0.0030740854595757753,0.0,-0.0,-0.0,0.08916680069136385,940
마마14aa02bb,0.0,128.7554577,35.31491783,0.37748344370860926,0.0,0.0,0.0,0.0,0.0,-0.0,-0.28881262041666667,0.08867082329194259,941
마라19bb97aa,0.0,128.8178569,35.26241056,0.08609271523178808,0.0,0.0,0.0,0.002459268367660621,0.0,-0.0,-0.0,0.0885519835994487,942
마라21ab92ba,0.0,128.8336788,35.22166402,0.08609271523178808,0.0,0.0,0.0,0.002459268367660621,0.0,-0.0,-0.0,0.0885519835994487,942
마라18ba87ab,0.0,128.8027127,35.17466538,0.046357615894039736,0.0,0.0,0.0,0.04180756225023055,0.0,-0.0,-0.0,0.08816517814427029,943
마마22ba00ab,0.0,128.8485675,35.29137475,0.08609271523178808,0.0,0.0,0.0,0.0018444512757454655,0.0,-0.0,-0.0,0.08793716650753354,944
마라36aa96aa,0.0,128.996286,35.25131928,0.07947019867549669,0.0,0.0,0.0,0.007992622194897018,0.0,-0.0,-0.0,0.08746282087039371,945
마마10bb01aa,0.0,128.7194759,35.29950758,0.0728476821192053,0.0,0.0,0.0,0.014448201660006148,0.0,-0.0,-0.0,0.08729588377921144,946
마마25aa01ab,0.0,128.8762069,35.30007951,0.2582781456953642,0.0,0.0,0.0,0.003688902551490931,0.0,-0.0,-0.175,0.0869670482468552,947
마마13ba03ab,0.0,128.7500279,35.31948221,0.0728476821192053,0.0,0.0,0.0,0.013833384568090992,0.0,-0.0,-0.0,0.08668106668729629,948
마마22ba06bb,0.0,128.8495409,35.34996872,0.006622516556291391,0.08,0.0,0.0,0.0,0.0,-0.0,-0.0,0.0866225165562914,949
마라13ba96ab,0.0,128.7490581,35.25637818,0.006622516556291391,0.08,0.0,0.0,0.0,0.0,-0.0,-0.0,0.0866225165562914,949
마라31ba94aa,0.0,128.946516,35.23389232,0.046357615894039736,0.04,0.0,0.0,0.0,0.0,-0.0,-0.0,0.08635761589403973,950
마라26aa99ab,0.0,128.886895,35.28192515,0.046357615894039736,0.04,0.0,0.0,0.0,0.0,-0.0,-0.0,0.08635761589403973,950
마라15ab93aa,0.0,128.7678352,35.22687978,0.046357615894039736,0.04,0.0,0.0,0.0,0.0,-0.0,-0.0,0.08635761589403973,950
마라21bb91aa,0.0,128.8389495,35.20808139,0.046357615894039736,0.04,0.0,0.0,0.0,0.0,-0.0,-0.0,0.08635761589403973,950
마마25ab02aa,0.0,128.8790705,35.30680897,0.08609271523178808,0.0,0.0,0.0,0.0,0.0,-0.0,-0.0,0.08609271523178808,951
마마25ba00ba,0.0,128.8815898,35.29325604,0.08609271523178808,0.0,0.0,0.0,0.0,0.0,-0.0,-0.0,0.08609271523178808,951
마라21ab90ba,0.0,128.833384,35.20363467,0.08609271523178808,0.0,0.0,0.0,0.0,0.0,-0.0,-0.0,0.08609271523178808,951
마마28aa01aa,0.0,128.909155,35.29744602,0.08609271523178808,0.0,0.0,0.0,0.0,0.0,-0.0,-0.0,0.08609271523178808,951
마라36ba98bb,0.0,129.0022378,35.27603954,0.08609271523178808,0.0,0.0,0.0,0.0,0.0,-0.0,-0.0,0.08609271523178808,951
마마17ab02aa,0.0,128.7910946,35.30778037,0.08609271523178808,0.0,0.0,0.0,0.0,0.0,-0.0,-0.0,0.08609271523178808,951
마마28bb06ab,0.0,128.9182277,35.34467416,0.08609271523178808,0.0,0.0,0.0,0.0,0.0,-0.0,-0.0,0.08609271523178808,951
마라17aa95aa,0.0,128.7873462,35.24470648,0.08609271523178808,0.0,0.0,0.0,0.0,0.0,-0.0,-0.0,0.08609271523178808,951
마라16ab95ab,0.0,128.77914,35.24704758,0.08609271523178808,0.0,0.0,0.0,0.0,0.0,-0.0,-0.0,0.08609271523178808,951
마마10bb03bb,0.0,128.7198481,35.32429863,0.08609271523178808,0.0,0.0,0.0,0.0,0.0,-0.0,-0.0,0.08609271523178808,951
마라35bb99ab,0.0,128.9940766,35.28064863,0.08609271523178808,0.0,0.0,0.0,0.0,0.0,-0.0,-0.0,0.08609271523178808,951
마마31ba02aa,0.0,128.9477987,35.30600556,0.08609271523178808,0.0,0.0,0.0,0.0,0.0,-0.0,-0.0,0.08609271523178808,951
마라15ba94aa,0.0,128.7707224,35.23586585,0.08609271523178808,0.0,0.0,0.0,0.0,0.0,-0.0,-0.0,0.08609271523178808,951
마마33aa03ba,0.0,128.9645368,35.31932796,0.08609271523178808,0.0,0.0,0.0,0.0,0.0,-0.0,-0.0,0.08609271523178808,951
마라16aa95ab,0.0,128.7763928,35.24707659,0.08609271523178808,0.0,0.0,0.0,0.0,0.0,-0.0,-0.0,0.08609271523178808,951
마라15bb95ba,0.0,128.7736807,35.24935925,0.08609271523178808,0.0,0.0,0.0,0.0,0.0,-0.0,-0.0,0.08609271523178808,951
마마19ab04bb,0.0,128.8134899,35.33233364,0.08609271523178808,0.0,0.0,0.0,0.0,0.0,-0.0,-0.0,0.08609271523178808,951
마라20bb92aa,0.0,128.8281127,35.21721707,0.08609271523178808,0.0,0.0,0.0,0.0,0.0,-0.0,-0.0,0.08609271523178808,951
마라13ab97bb,0.0,128.7465176,35.26992888,0.08609271523178808,0.0,0.0,0.0,0.0,0.0,-0.0,-0.0,0.08609271523178808,951
마라13aa95ba,0.0,128.7434596,35.24967359,0.08609271523178808,0.0,0.0,0.0,0.0,0.0,-0.0,-0.0,0.08609271523178808,951
마마32bb03ab,0.0,128.9617468,35.31710773,0.08609271523178808,0.0,0.0,0.0,0.0,0.0,-0.0,-0.0,0.08609271523178808,951
마라35bb98ba,0.0,128.9939525,35.27388816,0.08609271523178808,0.0,0.0,0.0,0.0,0.0,-0.0,-0.0,0.08609271523178808,951
마마18bb02ab,0.0,128.8076267,35.30985676,0.08609271523178808,0.0,0.0,0.0,0.0,0.0,-0.0,-0.0,0.08609271523178808,951
마라18ba93ab,0.0,128.8035768,35.22875419,0.08609271523178808,0.0,0.0,0.0,0.0,0.0,-0.0,-0.0,0.08609271523178808,951
마라19ba91bb,0.0,128.8143452,35.21511326,0.08609271523178808,0.0,0.0,0.0,0.0,0.0,-0.0,-0.0,0.08609271523178808,951
마라35bb99aa,0.0,128.9940352,35.27839514,0.08609271523178808,0.0,0.0,0.0,0.0,0.0,-0.0,-0.0,0.08609271523178808,951
마마24ba02bb,0.0,128.8709371,35.31366355,0.08609271523178808,0.0,0.0,0.0,0.0,0.0,-0.0,-0.0,0.08609271523178808,951
마라15ba97ab,0.0,128.7711797,35.26516409,0.08609271523178808,0.0,0.0,0.0,0.0,0.0,-0.0,-0.0,0.08609271523178808,951
마마27bb03aa,0.0,128.9067182,35.31550654,0.08609271523178808,0.0,0.0,0.0,0.0,0.0,-0.0,-0.0,0.08609271523178808,951
마라16ab98ab,0.0,128.7795651,35.27409198,0.07947019867549669,0.0,0.0,0.0,0.0064555794651091295,0.0,-0.0,-0.0,0.08592577814060583,952
마라13aa95aa,0.0,128.7433907,35.24516612,0.07947019867549669,0.0,0.0,0.0,0.006148170919151552,0.0,-0.0,-0.0,0.08561836959464825,953
마라34ba96aa,0.0,128.9798029,35.251522,0.0728476821192053,0.0,0.0,0.0,0.011988933292345526,0.0,-0.0,-0.0,0.08483661541155083,954
마마30ab05ba,0.0,128.9346106,35.33771881,0.07947019867549669,0.0,0.0,0.0,0.0046111281893636644,0.0,-0.0,-0.0,0.08408132686486036,955
마마14bb04ba,0.0,128.763952,35.33060772,0.07947019867549669,0.0,0.0,0.0,0.004303719643406086,0.0,-0.0,-0.0,0.08377391831890278,956
마라15ba88ab,0.0,128.7699149,35.18403014,0.07947019867549669,0.0,0.0,0.0,0.003996311097448509,0.0,-0.0,-0.0,0.0834665097729452,957
마라34bb95ab,0.0,128.982427,35.24472784,0.07947019867549669,0.0,0.0,0.0,0.003688902551490931,0.0,-0.0,-0.0,0.08315910122698762,958
마라36ab96aa,0.0,128.9990331,35.25128527,0.07947019867549669,0.0,0.0,0.0,0.003381494005533354,0.0,-0.0,-0.0,0.08285169268103004,959
마마22ba05aa,0.0,128.8492785,35.33419348,0.039735099337748346,0.04,0.0,0.0,0.0027666769136181985,0.0,-0.0,-0.0,0.08250177625136655,960
마라31bb94aa,0.0,128.9492627,35.23385946,0.039735099337748346,0.04,0.0,0.0,0.0027666769136181985,0.0,-0.0,-0.0,0.08250177625136655,960
마마16ab04aa,0.0,128.7803815,35.32592672,0.07947019867549669,0.0,0.0,0.0,0.0027666769136181985,0.0,-0.0,-0.0,0.0822368755891149,961
마라28bb99bb,0.0,128.917205,35.28608185,0.07947019867549669,0.0,0.0,0.0,0.0027666769136181985,0.0,-0.0,-0.0,0.0822368755891149,961
마마24aa03ab,0.0,128.865514,35.31823298,0.07947019867549669,0.0,0.0,0.0,0.0027666769136181985,0.0,-0.0,-0.0,0.0822368755891149,961
마라36aa95ab,0.0,128.9961618,35.24455879,0.0728476821192053,0.0,0.0,0.0,0.00768521364893944,0.0,-0.0,-0.0,0.08053289576814474,962
마라35ab97bb,0.0,128.9883329,35.26719543,0.06622516556291391,0.0,0.0,0.0,0.013525976022133415,0.0,-0.0,-0.0,0.07975114158504733,963
마마22ab05ab,0.0,128.8465658,35.33647775,0.07947019867549669,0.0,0.0,0.0,0.0,0.0,-0.0,-0.0,0.07947019867549669,964
마마33aa02bb,0.0,128.9644149,35.31256745,0.07947019867549669,0.0,0.0,0.0,0.0,0.0,-0.0,-0.0,0.07947019867549669,964
마마32aa03bb,0.0,128.9535791,35.32171421,0.07947019867549669,0.0,0.0,0.0,0.0,0.0,-0.0,-0.0,0.07947019867549669,964
마마14ab03ab,0.0,128.7582771,35.31939664,0.07947019867549669,0.0,0.0,0.0,0.0,0.0,-0.0,-0.0,0.07947019867549669,964
마라16aa94aa,0.0,128.7762162,35.23580804,0.07947019867549669,0.0,0.0,0.0,0.0,0.0,-0.0,-0.0,0.07947019867549669,964
마라21aa95ba,0.0,128.8313744,35.2487382,0.07947019867549669,0.0,0.0,0.0,0.0,0.0,-0.0,-0.0,0.07947019867549669,964
마라28aa93aa,0.0,128.9079069,35.22533147,0.07947019867549669,0.0,0.0,0.0,0.0,0.0,-0.0,-0.0,0.07947019867549669,964
마마14bb04ab,0.0,128.7639169,35.32835404,0.07947019867549669,0.0,0.0,0.0,0.0,0.0,-0.0,-0.0,0.07947019867549669,964
마마19aa00bb,0.0,128.810158,35.29630506,0.07947019867549669,0.0,0.0,0.0,0.0,0.0,-0.0,-0.0,0.07947019867549669,964
마마22aa05aa,0.0,128.8437783,35.33425475,0.07947019867549669,0.0,0.0,0.0,0.0,0.0,-0.0,-0.0,0.07947019867549669,964
마라19bb99aa,0.0,128.8181489,35.28043985,0.07947019867549669,0.0,0.0,0.0,0.0,0.0,-0.0,-0.0,0.07947019867549669,964
마라11ab99ab,0.0,128.7247364,35.28367586,0.07947019867549669,0.0,0.0,0.0,0.0,0.0,-0.0,-0.0,0.07947019867549669,964
마라13aa97ba,0.0,128.743735,35.26770344,0.07947019867549669,0.0,0.0,0.0,0.0,0.0,-0.0,-0.0,0.07947019867549669,964
마라20aa92aa,0.0,128.819874,35.21730718,0.07947019867549669,0.0,0.0,0.0,0.0,0.0,-0.0,-0.0,0.07947019867549669,964
마라16ab96ab,0.0,128.7792817,35.25606239,0.07947019867549669,0.0,0.0,0.0,0.0,0.0,-0.0,-0.0,0.07947019867549669,964
마라16aa99ab,0.0,128.7769585,35.2831358,0.07947019867549669,0.0,0.0,0.0,0.0,0.0,-0.0,-0.0,0.07947019867549669,964
마마22ba08aa,0.0,128.8497284,35.36123672,0.07947019867549669,0.0,0.0,0.0,0.0,0.0,-0.0,-0.0,0.07947019867549669,964
마마18bb00bb,0.0,128.8074091,35.29633481,0.07947019867549669,0.0,0.0,0.0,0.0,0.0,-0.0,-0.0,0.07947019867549669,964
마마23ab05aa,0.0,128.857529,35.3341011,0.07947019867549669,0.0,0.0,0.0,0.0,0.0,-0.0,-0.0,0.07947019867549669,964
마마16ba04ba,0.0,128.7832027,35.3304049,0.07947019867549669,0.0,0.0,0.0,0.0,0.0,-0.0,-0.0,0.07947019867549669,964
마마30ba05ba,0.0,128.9373608,35.33768614,0.07947019867549669,0.0,0.0,0.0,0.0,0.0,-0.0,-0.0,0.07947019867549669,964
마마24ab02bb,0.0,128.8681876,35.3136947,0.07947019867549669,0.0,0.0,0.0,0.0,0.0,-0.0,-0.0,0.07947019867549669,964
마라16bb95ba,0.0,128.7846701,35.24924307,0.07947019867549669,0.0,0.0,0.0,0.0,0.0,-0.0,-0.0,0.07947019867549669,964
마라21ba91bb,0.0,128.8363144,35.21487273,0.07947019867549669,0.0,0.0,0.0,0.0,0.0,-0.0,-0.0,0.07947019867549669,964
마마15ba04aa,0.0,128.7721317,35.32601381,0.07947019867549669,0.0,0.0,0.0,0.0,0.0,-0.0,-0.0,0.07947019867549669,964
마마22bb03ab,0.0,128.851766,35.31838748,0.07947019867549669,0.0,0.0,0.0,0.0,0.0,-0.0,-0.0,0.07947019867549669,964
마라20ba89ba,0.0,128.8250003,35.19471038,0.07947019867549669,0.0,0.0,0.0,0.0,0.0,-0.0,-0.0,0.07947019867549669,964
마마13bb01ab,0.0,128.7524996,35.30142412,0.07947019867549669,0.0,0.0,0.0,0.0,0.0,-0.0,-0.0,0.07947019867549669,964
마마16ba01ba,0.0,128.7827755,35.3033608,0.07947019867549669,0.0,0.0,0.0,0.0,0.0,-0.0,-0.0,0.07947019867549669,964
마라11bb98bb,0.0,128.7301653,35.27911261,0.07947019867549669,0.0,0.0,0.0,0.0,0.0,-0.0,-0.0,0.07947019867549669,964
마마17aa00ab,0.0,128.7880952,35.29203395,0.07947019867549669,0.0,0.0,0.0,0.0,0.0,-0.0,-0.0,0.07947019867549669,964
마마12ab02ba,0.0,128.7361761,35.31286244,0.13245033112582782,0.08,0.0,0.0,0.1002151859821703,0.0,-0.0,-0.23333333333333334,0.07933218377466483,965
마마14ab00ba,0.0,128.7578932,35.29460593,0.0728476821192053,0.0,0.0,0.0,0.006148170919151552,0.0,-0.0,-0.0,0.07899585303835685,966
마라23ba92bb,0.0,128.8584335,35.22364279,0.013245033112582781,0.04,0.0,0.0,0.024900092222563786,0.0,-0.0,-0.0,0.07814512533514656,967
마마16bb05bb,0.0,128.7861313,35.34164401,0.0728476821192053,0.0,0.0,0.0,0.005225945281278819,0.0,-0.0,-0.0,0.07807362740048411,968
마라13aa96bb,0.0,128.7436317,35.26094225,0.0728476821192053,0.0,0.0,0.0,0.005225945281278819,0.0,-0.0,-0.0,0.07807362740048411,968
마마14ab02ab,0.0,128.7581375,35.31038185,0.0728476821192053,0.0,0.0,0.0,0.0046111281893636644,0.0,-0.0,-0.0,0.07745881030856896,969
마라32bb95aa,0.0,128.9604108,35.24274154,0.0728476821192053,0.0,0.0,0.0,0.003996311097448509,0.0,-0.0,-0.0,0.0768439932166538,970
마라27aa97ba,0.0,128.8976173,35.2660235,0.0728476821192053,0.0,0.0,0.0,0.003688902551490931,0.0,-0.0,-0.0,0.07653658467069623,971
마마28ab02aa,0.0,128.9120604,35.3064282,0.41721854304635764,0.0,0.0,0.0,0.0030740854595757753,0.0,-0.0,-0.34414739883333334,0.07614522967260007,972
마마13ab01ba,0.0,128.7470359,35.30373465,0.026490066225165563,0.04,0.0,0.0,0.009529664924684905,0.0,-0.0,-0.0,0.07601973114985047,973
마라34bb93bb,0.0,128.982181,35.23120675,0.0728476821192053,0.0,0.0,0.0,0.0030740854595757753,0.0,-0.0,-0.0,0.07592176757878107,974
마라12ba96ab,0.0,128.7380676,35.25649114,0.059602649006622516,0.0,0.0,0.0,0.011066707654472794,0.0051813471502590676,-0.0,-0.0,0.07585070381135438,975
마라24aa89ab,0.0,128.8633987,35.19203002,0.026490066225165563,0.0,0.0,0.0,0.0,0.04922279792746114,-0.0,-0.0,0.07571286415262671,976
마라16aa96ab,0.0,128.7765341,35.25609141,0.0728476821192053,0.0,0.0,0.0,0.0021518598217030436,0.0,-0.0,-0.0,0.07499954194090834,977
마마30ba03ab,0.0,128.9370017,35.31740439,0.0728476821192053,0.0,0.0,0.0,0.0021518598217030436,0.0,-0.0,-0.0,0.07499954194090834,977
마라18ab99ba,0.0,128.8017308,35.28512578,0.0728476821192053,0.0,0.0,0.0,0.0021518598217030436,0.0,-0.0,-0.0,0.07499954194090834,977
마라29ba92ab,0.0,128.924267,35.21837793,0.059602649006622516,0.0,0.0,0.0,0.01537042729787888,0.0,-0.0,-0.0,0.0749730763045014,978
마마20ba01aa,0.0,128.8266882,35.29837889,0.0728476821192053,0.0,0.0,0.0,0.0018444512757454655,0.0,-0.0,-0.0,0.07469213339495076,979
마마16bb00ba,0.0,128.7853821,35.29431688,0.0728476821192053,0.0,0.0,0.0,0.0018444512757454655,0.0,-0.0,-0.0,0.07469213339495076,979
마라24ab89aa,0.4021978021978022,128.8661062,35.18974543,0.0728476821192053,0.0,0.0,0.0,0.0018444512757454655,0.0,-0.0,-0.0,0.07469213339495076,979
마라27ab93aa,0.0,128.8996677,35.22542703,0.013245033112582781,0.0,0.2,0.0,0.0,0.0,-0.0,-0.139324422,0.0739206111125828,980
마마13ab02bb,0.0,128.7472089,35.3150032,0.304635761589404,0.0,0.0,0.0,0.002459268367660621,0.0,-0.0,-0.23333333333333334,0.07376169662373128,981
마라13bb94ba,0.0,128.7515632,35.24057369,0.06622516556291391,0.0,0.0,0.0,0.007070396557024285,0.0,-0.0,-0.0,0.07329556211993819,982
마라27ab99ba,0.0,128.9006755,35.28402038,0.026490066225165563,0.04,0.0,0.0,0.006762988011066708,0.0,-0.0,-0.0,0.07325305423623227,983
마라20ba94aa,0.0,128.8256597,35.23527654,0.033112582781456956,0.04,0.0,0.0,0.0,0.0,-0.0,-0.0,0.07311258278145696,984
마라22bb90aa,0.0,128.8497838,35.19894479,0.033112582781456956,0.04,0.0,0.0,0.0,0.0,-0.0,-0.0,0.07311258278145696,984
마라14aa95bb,0.0,128.7544839,35.25181388,0.052980132450331126,0.0,0.0,0.0,0.019981555487242543,0.0,-0.0,-0.0,0.07296168793757367,985
마마10aa00aa,0.0,128.7110942,35.29057548,0.0728476821192053,0.0,0.0,0.0,0.0,0.0,-0.0,-0.0,0.0728476821192053,986
마마32ba03bb,0.0,128.9590783,35.32164796,0.0728476821192053,0.0,0.0,0.0,0.0,0.0,-0.0,-0.0,0.0728476821192053,986
마라29ab99ab,0.0,128.922623,35.28151019,0.0728476821192053,0.0,0.0,0.0,0.0,0.0,-0.0,-0.0,0.0728476821192053,986
마마24bb01ba,0.0,128.873496,35.30236436,0.0728476821192053,0.0,0.0,0.0,0.0,0.0,-0.0,-0.0,0.0728476821192053,986
마라25bb99ab,0.0,128.8841467,35.28195664,0.0728476821192053,0.0,0.0,0.0,0.0,0.0,-0.0,-0.0,0.0728476821192053,986
마마14aa04bb,0.0,128.7557365,35.3329474,0.0728476821192053,0.0,0.0,0.0,0.0,0.0,-0.0,-0.0,0.0728476821192053,986
마라21aa97bb,0.0,128.8317062,35.26902108,0.0728476821192053,0.0,0.0,0.0,0.0,0.0,-0.0,-0.0,0.0728476821192053,986
마마32ba01ba,0.0,128.9587141,35.30136636,0.0728476821192053,0.0,0.0,0.0,0.0,0.0,-0.0,-0.0,0.0728476821192053,986
마마24bb00ba,0.0,128.8733437,35.29334996,0.0728476821192053,0.0,0.0,0.0,0.0,0.0,-0.0,-0.0,0.0728476821192053,986
마마21bb01bb,0.0,128.8405444,35.3049882,0.0728476821192053,0.0,0.0,0.0,0.0,0.0,-0.0,-0.0,0.0728476821192053,986
마마20aa03bb,0.0,128.8215935,35.32322916,0.0728476821192053,0.0,0.0,0.0,0.0,0.0,-0.0,-0.0,0.0728476821192053,986
마마25bb01aa,0.0,128.8844153,35.29773178,0.0728476821192053,0.0,0.0,0.0,0.0,0.0,-0.0,-0.0,0.0728476821192053,986
마마27aa01bb,0.0,128.8982759,35.30433438,0.0728476821192053,0.0,0.0,0.0,0.0,0.0,-0.0,-0.0,0.0728476821192053,986
마마24ab01aa,0.0,128.867922,35.29791948,0.0728476821192053,0.0,0.0,0.0,0.0,0.0,-0.0,-0.0,0.0728476821192053,986
마마13aa03aa,0.0,128.7444938,35.31728524,0.0728476821192053,0.0,0.0,0.0,0.0,0.0,-0.0,-0.0,0.0728476821192053,986
마라22aa97bb,0.0,128.842698,35.26889957,0.0728476821192053,0.0,0.0,0.0,0.0,0.0,-0.0,-0.0,0.0728476821192053,986
마라15aa97aa,0.0,128.7656489,35.26296801,0.0728476821192053,0.0,0.0,0.0,0.0,0.0,-0.0,-0.0,0.0728476821192053,986
마마34ba00ab,0.0,128.9804999,35.28983159,0.0728476821192053,0.0,0.0,0.0,0.0,0.0,-0.0,-0.0,0.0728476821192053,986
마라15ba96aa,0.0,128.7710037,35.25389556,0.0728476821192053,0.0,0.0,0.0,0.0,0.0,-0.0,-0.0,0.0728476821192053,986
마마12aa00aa,0.0,128.7330846,35.29035328,0.0728476821192053,0.0,0.0,0.0,0.0,0.0,-0.0,-0.0,0.0728476821192053,986
마라20bb93aa,0.0,128.8282596,35.22623175,0.0728476821192053,0.0,0.0,0.0,0.0,0.0,-0.0,-0.0,0.0728476821192053,986
마마17aa01ab,0.0,128.7882381,35.30104867,0.0728476821192053,0.0,0.0,0.0,0.0,0.0,-0.0,-0.0,0.0728476821192053,986
마마13ba03bb,0.0,128.7500972,35.32398962,0.0728476821192053,0.0,0.0,0.0,0.0,0.0,-0.0,-0.0,0.0728476821192053,986
마라21bb91ab,0.0,128.8389865,35.21033506,0.0728476821192053,0.0,0.0,0.0,0.0,0.0,-0.0,-0.0,0.0728476821192053,986
마라36ab99aa,0.0,128.9995314,35.27832713,0.0728476821192053,0.0,0.0,0.0,0.0,0.0,-0.0,-0.0,0.0728476821192053,986
마라36ab96ab,0.0,128.9990746,35.25353877,0.0728476821192053,0.0,0.0,0.0,0.0,0.0,-0.0,-0.0,0.0728476821192053,986
마마22bb10bb,0.0,128.8528932,35.38599546,0.0728476821192053,0.0,0.0,0.0,0.0,0.0,-0.0,-0.0,0.0728476821192053,986
마마26ab01aa,0.0,128.889913,35.29766872,0.0728476821192053,0.0,0.0,0.0,0.0,0.0,-0.0,-0.0,0.0728476821192053,986
마마21ab03ab,0.0,128.8352683,35.31857082,0.0728476821192053,0.0,0.0,0.0,0.0,0.0,-0.0,-0.0,0.0728476821192053,986
마라23bb99aa,0.0,128.8621221,35.27995264,0.0728476821192053,0.0,0.0,0.0,0.0,0.0,-0.0,-0.0,0.0728476821192053,986
마라35ba98ab,0.0,128.9911632,35.27166858,0.0728476821192053,0.0,0.0,0.0,0.0,0.0,-0.0,-0.0,0.0728476821192053,986
마라30aa92bb,0.0,128.9298384,35.22282032,0.32450331125827814,0.0,0.0,0.0,0.014755610205963724,0.0,-0.0,-0.26766618499999995,0.07159273646424191,987
마라19ba96bb,0.0,128.8150727,35.2601868,0.06622516556291391,0.0,0.0,0.0,0.0,0.0051813471502590676,-0.0,-0.0,0.07140651271317298,988
마라26aa93aa,1.6087912087912088,128.8859356,35.22558506,0.019867549668874173,0.08,0.0,0.0,0.10513372271749154,0.0,-0.0,-0.13361030824999998,0.07139096413636575,989
마라23aa93ab,0.0,128.8530155,35.22821161,0.0,0.04,0.0,0.0,0.03135567168767291,0.0,-0.0,-0.0,0.07135567168767291,990
마라20bb90aa,0.0,128.8278191,35.19918767,0.06622516556291391,0.0,0.0,0.0,0.004918536735321242,0.0,-0.0,-0.0,0.07114370229823515,991
마라21ab95aa,0.0,128.8340478,35.24420063,0.13245033112582782,0.0,0.0,0.0,0.0,0.0,-0.0,-0.06159682080833333,0.0708535103174945,992
마라14bb98ba,0.0,128.7631109,35.27651898,0.06622516556291391,0.0,0.0,0.0,0.0046111281893636644,0.0,-0.0,-0.0,0.07083629375227758,993
마라24ba87aa,0.0,128.8685492,35.17168525,0.06622516556291391,0.0,0.0,0.0,0.0046111281893636644,0.0,-0.0,-0.0,0.07083629375227758,993
마라17bb91ab,0.0,128.7950504,35.21081305,0.026490066225165563,0.04,0.0,0.0,0.004303719643406086,0.0,-0.0,-0.0,0.07079378586857166,994
마라25aa95aa,0.0,128.8752541,35.24373933,0.006622516556291391,0.04,0.0,0.0,0.023977866584691053,0.0,-0.0,-0.0,0.07060038314098244,995
마라22aa96aa,0.0,128.8424378,35.25312408,0.06622516556291391,0.0,0.0,0.0,0.004303719643406086,0.0,-0.0,-0.0,0.07052888520632,996
마라21bb89ab,0.0,128.8386905,35.19230571,0.06622516556291391,0.0,0.0,0.0,0.004303719643406086,0.0,-0.0,-0.0,0.07052888520632,996
마라25ab92ab,0.13186813186813184,128.877582,35.21891825,0.019867549668874173,0.04,0.0,0.0,0.010451890562557638,0.0,-0.0,-0.0,0.0703194402314318,997
마라30bb93ba,0.0,128.9381965,35.22948341,0.06622516556291391,0.0,0.0,0.0,0.003688902551490931,0.0,-0.0,-0.0,0.06991406811440484,998
마라17aa92ba,0.0,128.7869902,35.22216945,0.06622516556291391,0.0,0.0,0.0,0.0030740854595757753,0.0,-0.0,-0.0,0.06929925102248968,999
마라34bb97aa,0.0,128.9827143,35.2605024,0.06622516556291391,0.0,0.0,0.0,0.0030740854595757753,0.0,-0.0,-0.0,0.06929925102248968,999
마마26aa00aa,0.0,128.8870104,35.28868593,0.06622516556291391,0.0,0.0,0.0,0.0027666769136181985,0.0,-0.0,-0.0,0.06899184247653212,1000
마라26bb94ab,0.0,128.8943677,35.23675845,0.026490066225165563,0.0,0.0,0.0,0.04242237934214571,0.0,-0.0,-0.0,0.06891244556731127,1001
마라23ab92bb,0.0,128.8556871,35.22367358,0.033112582781456956,0.12,0.0,0.0,0.040577928066400246,0.0,-0.0,-0.125,0.06869051084785721,1002
마라15aa97ba,0.0,128.765719,35.26747543,0.06622516556291391,0.0,0.0,0.0,0.0021518598217030436,0.0,-0.0,-0.0,0.06837702538461696,1003
마마11ab01ab,0.0,128.725008,35.30170574,0.026490066225165563,0.0,0.0,0.0,0.04150015370427298,0.0,-0.0,-0.0,0.06799021992943854,1004
마마13ab02ab,0.0,128.7471397,35.31049578,0.24503311258278146,0.0,0.0,0.0,0.0,0.0,-0.0,-0.17734826591666666,0.0676848466661148,1005
마마20bb01bb,0.0,128.8295477,35.30510962,0.059602649006622516,0.0,0.0,0.0,0.00768521364893944,0.0,-0.0,-0.0,0.06728786265556196,1006
마라26ab94bb,0.0,128.8889509,35.24132884,0.006622516556291391,0.04,0.0,0.0,0.019981555487242543,0.0,-0.0,-0.0,0.06660407204353394,1007
마마16bb05ba,0.0,128.7860956,35.33939034,0.052980132450331126,0.0,0.0,0.0,0.013525976022133415,0.0,-0.0,-0.0,0.06650610847246455,1008
마라22ba92ab,0.0,128.8473733,35.21925828,0.026490066225165563,0.04,0.0,0.0,0.0,0.0,-0.0,-0.0,0.06649006622516557,1009
마마24ab03ab,0.0,128.8682636,35.31820189,0.06622516556291391,0.0,0.0,0.0,0.0,0.0,-0.0,-0.0,0.06622516556291391,1010
마라15ab98ba,0.0,128.7686075,35.27646146,0.06622516556291391,0.0,0.0,0.0,0.0,0.0,-0.0,-0.0,0.06622516556291391,1010
마마11aa03aa,0.0,128.7224962,35.31750967,0.06622516556291391,0.0,0.0,0.0,0.0,0.0,-0.0,-0.0,0.06622516556291391,1010
마마22ba08ba,0.0,128.8498034,35.36574391,0.06622516556291391,0.0,0.0,0.0,0.0,0.0,-0.0,-0.0,0.06622516556291391,1010
마마14aa00ba,0.0,128.7551443,35.29463449,0.06622516556291391,0.0,0.0,0.0,0.0,0.0,-0.0,-0.0,0.06622516556291391,1010
마라11ba99ab,0.0,128.7274849,35.283648,0.06622516556291391,0.0,0.0,0.0,0.0,0.0,-0.0,-0.0,0.06622516556291391,1010
마라13aa96aa,0.0,128.7435284,35.25418106,0.06622516556291391,0.0,0.0,0.0,0.0,0.0,-0.0,-0.0,0.06622516556291391,1010
마마22ba09bb,0.0,128.8499911,35.37701189,0.06622516556291391,0.0,0.0,0.0,0.0,0.0,-0.0,-0.0,0.06622516556291391,1010
마마29ba00ab,0.0,128.9255293,35.29049205,0.06622516556291391,0.0,0.0,0.0,0.0,0.0,-0.0,-0.0,0.06622516556291391,1010
마마13ab03ab,0.0,128.7472781,35.31951061,0.06622516556291391,0.0,0.0,0.0,0.0,0.0,-0.0,-0.0,0.06622516556291391,1010
마마15aa03ab,0.0,128.7665263,35.3193105,0.06622516556291391,0.0,0.0,0.0,0.0,0.0,-0.0,-0.0,0.06622516556291391,1010
마마29bb00bb,0.0,128.9283571,35.29496672,0.06622516556291391,0.0,0.0,0.0,0.0,0.0,-0.0,-0.0,0.06622516556291391,1010
마마22bb03aa,0.0,128.8517285,35.31613387,0.06622516556291391,0.0,0.0,0.0,0.0,0.0,-0.0,-0.0,0.06622516556291391,1010
마마29ba02ab,0.0,128.9258456,35.30852044,0.06622516556291391,0.0,0.0,0.0,0.0,0.0,-0.0,-0.0,0.06622516556291391,1010
마라21bb99aa,0.0,128.8401357,35.28019824,0.06622516556291391,0.0,0.0,0.0,0.0,0.0,-0.0,-0.0,0.06622516556291391,1010
마마22aa09bb,0.0,128.8444879,35.37707326,0.06622516556291391,0.0,0.0,0.0,0.0,0.0,-0.0,-0.0,0.06622516556291391,1010
마라22bb98ba,0.0,128.8510541,35.27556868,0.06622516556291391,0.0,0.0,0.0,0.0,0.0,-0.0,-0.0,0.06622516556291391,1010
마마26aa00ba,0.0,128.8870873,35.29319311,0.06622516556291391,0.0,0.0,0.0,0.0,0.0,-0.0,-0.0,0.06622516556291391,1010
마라19ab92ab,0.0,128.8116716,35.21965042,0.06622516556291391,0.0,0.0,0.0,0.0,0.0,-0.0,-0.0,0.06622516556291391,1010
마마16ba03bb,0.0,128.7830958,35.32364389,0.06622516556291391,0.0,0.0,0.0,0.0,0.0,-0.0,-0.0,0.06622516556291391,1010
마라36aa95ba,0.0,128.9962032,35.24681229,0.06622516556291391,0.0,0.0,0.0,0.0,0.0,-0.0,-0.0,0.06622516556291391,1010
마라22ab98ab,0.0,128.8455205,35.27337632,0.06622516556291391,0.0,0.0,0.0,0.0,0.0,-0.0,-0.0,0.06622516556291391,1010
마라21ba92bb,0.0,128.8364622,35.22388739,0.06622516556291391,0.0,0.0,0.0,0.0,0.0,-0.0,-0.0,0.06622516556291391,1010
마라26aa99ba,0.0,128.8869335,35.28417875,0.06622516556291391,0.0,0.0,0.0,0.0,0.0,-0.0,-0.0,0.06622516556291391,1010
마마15ab00aa,0.0,128.7688185,35.28998367,0.06622516556291391,0.0,0.0,0.0,0.0,0.0,-0.0,-0.0,0.06622516556291391,1010
마라19aa92bb,0.0,128.8089976,35.22418753,0.06622516556291391,0.0,0.0,0.0,0.0,0.0,-0.0,-0.0,0.06622516556291391,1010
마마28bb02aa,0.0,128.9175587,35.30636387,0.06622516556291391,0.0,0.0,0.0,0.0,0.0,-0.0,-0.0,0.06622516556291391,1010
마마29aa01bb,0.0,128.9202684,35.30407806,0.06622516556291391,0.0,0.0,0.0,0.0,0.0,-0.0,-0.0,0.06622516556291391,1010
마마23aa05aa,0.0,128.8547788,35.33413195,0.06622516556291391,0.0,0.0,0.0,0.0,0.0,-0.0,-0.0,0.06622516556291391,1010
마라35aa98ba,0.0,128.9857086,35.2739897,0.06622516556291391,0.0,0.0,0.0,0.0,0.0,-0.0,-0.0,0.06622516556291391,1010
마마16bb01ba,0.0,128.7855247,35.3033316,0.06622516556291391,0.0,0.0,0.0,0.0,0.0,-0.0,-0.0,0.06622516556291391,1010
마마16bb00bb,0.0,128.7854177,35.29657056,0.06622516556291391,0.0,0.0,0.0,0.0,0.0,-0.0,-0.0,0.06622516556291391,1010
마마19aa00aa,0.0,128.8100491,35.28954408,0.06622516556291391,0.0,0.0,0.0,0.0,0.0,-0.0,-0.0,0.06622516556291391,1010
마라15ab97ba,0.0,128.768467,35.26744664,0.06622516556291391,0.0,0.0,0.0,0.0,0.0,-0.0,-0.0,0.06622516556291391,1010
마라15ba98ab,0.0,128.7713206,35.27417891,0.06622516556291391,0.0,0.0,0.0,0.0,0.0,-0.0,-0.0,0.06622516556291391,1010
마라20bb98aa,0.0,128.828995,35.27130495,0.06622516556291391,0.0,0.0,0.0,0.0,0.0,-0.0,-0.0,0.06622516556291391,1010
마마18ab00ba,0.0,128.8018752,35.29414046,0.06622516556291391,0.0,0.0,0.0,0.0,0.0,-0.0,-0.0,0.06622516556291391,1010
마마27bb01ba,0.0,128.9064841,35.30198516,0.06622516556291391,0.0,0.0,0.0,0.0,0.0,-0.0,-0.0,0.06622516556291391,1010
마라15aa98aa,0.0,128.7657891,35.27198284,0.06622516556291391,0.0,0.0,0.0,0.0,0.0,-0.0,-0.0,0.06622516556291391,1010
마라12ba98ba,0.0,128.7383762,35.27677474,0.06622516556291391,0.0,0.0,0.0,0.0,0.0,-0.0,-0.0,0.06622516556291391,1010
마라19bb96bb,0.0,128.8178204,35.2601569,0.06622516556291391,0.0,0.0,0.0,0.0,0.0,-0.0,-0.0,0.06622516556291391,1010
마라15aa95aa,0.0,128.7653686,35.24493829,0.06622516556291391,0.0,0.0,0.0,0.0,0.0,-0.0,-0.0,0.06622516556291391,1010
마라14bb93aa,0.0,128.762342,35.2269372,0.06622516556291391,0.0,0.0,0.0,0.0,0.0,-0.0,-0.0,0.06622516556291391,1010
마라14bb95aa,0.0,128.7626214,35.24496699,0.06622516556291391,0.0,0.0,0.0,0.0,0.0,-0.0,-0.0,0.06622516556291391,1010
마마11ab02bb,0.0,128.7252119,35.31522811,0.06622516556291391,0.0,0.0,0.0,0.0,0.0,-0.0,-0.0,0.06622516556291391,1010
마마32ba01ab,0.0,128.9586736,35.29911284,0.06622516556291391,0.0,0.0,0.0,0.0,0.0,-0.0,-0.0,0.06622516556291391,1010
마라20ba98ab,0.0,128.8262837,35.27358876,0.06622516556291391,0.0,0.0,0.0,0.0,0.0,-0.0,-0.0,0.06622516556291391,1010
마라20bb92ab,0.0,128.8281494,35.21947074,0.06622516556291391,0.0,0.0,0.0,0.0,0.0,-0.0,-0.0,0.06622516556291391,1010
마라16ba94bb,0.0,128.7818164,35.2425111,0.06622516556291391,0.0,0.0,0.0,0.0,0.0,-0.0,-0.0,0.06622516556291391,1010
마라21ba87ba,0.0,128.835687,35.17656029,0.059602649006622516,0.0,0.0,0.0,0.005840762373193974,0.0,-0.0,-0.0,0.06544341137981649,1011
마라34aa94ba,0.0,128.9740637,35.23806795,0.059602649006622516,0.0,0.0,0.0,0.005533353827236397,0.0,-0.0,-0.0,0.06513600283385891,1012
마라29bb93aa,0.0,128.9271315,35.22510631,0.09933774834437085,0.12,0.0,0.0,0.03504457423916384,0.0,-0.0,-0.18931840075,0.06506392183353471,1013
마라21ba99aa,0.0,128.8373873,35.28022866,0.059602649006622516,0.0,0.0,0.0,0.005225945281278819,0.0,-0.0,-0.0,0.06482859428790133,1014
마마13ba01ba,0.0,128.7497851,35.30370627,0.033112582781456956,0.0,0.0,0.0,0.031048263141715337,0.0,-0.0,-0.0,0.0641608459231723,1015
마마16ab03bb,0.0,128.780346,35.32367304,0.059602649006622516,0.0,0.0,0.0,0.003688902551490931,0.0,-0.0,-0.0,0.06329155155811345,1016
마마21bb04aa,0.0,128.8408792,35.32527082,0.059602649006622516,0.0,0.0,0.0,0.003688902551490931,0.0,-0.0,-0.0,0.06329155155811345,1016
마라21bb94ba,0.0,128.8394679,35.23963263,0.059602649006622516,0.0,0.0,0.0,0.003688902551490931,0.0,-0.0,-0.0,0.06329155155811345,1016
마라20bb95aa,0.0,128.8285536,35.24426107,0.059602649006622516,0.0,0.0,0.0,0.003381494005533354,0.0,-0.0,-0.0,0.06298414301215587,1017
마라12aa92ab,0.0,128.7320268,35.22048727,0.059602649006622516,0.0,0.0,0.0,0.003381494005533354,0.0,-0.0,-0.0,0.06298414301215587,1017
마라24bb91ba,0.0,128.8719757,35.21221974,0.059602649006622516,0.0,0.0,0.0,0.003381494005533354,0.0,-0.0,-0.0,0.06298414301215587,1017
마라23aa88ba,0.0,128.8523053,35.18539219,0.019867549668874173,0.04,0.0,0.0,0.0030740854595757753,0.0,-0.0,-0.0,0.06294163512844994,1018
마라22aa93bb,0.0,128.8421035,35.23284123,0.052980132450331126,0.0,0.0,0.0,0.009837073470642483,0.0,-0.0,-0.0,0.0628172059209736,1019
마라14ba98ab,0.0,128.7603277,35.27429394,0.059602649006622516,0.0,0.0,0.0,0.0030740854595757753,0.0,-0.0,-0.0,0.06267673446619829,1020
마라34bb96aa,0.0,128.9825501,35.25148837,0.059602649006622516,0.0,0.0,0.0,0.0027666769136181985,0.0,-0.0,-0.0,0.06236932592024071,1021
마마14aa03ab,0.0,128.7555274,35.31942523,0.19205298013245034,0.0,0.0,0.0,0.0,0.0,-0.0,-0.12968448941666666,0.06236849071578368,1022
마라21ba95ba,0.0,128.8368689,35.24867762,0.059602649006622516,0.0,0.0,0.0,0.002459268367660621,0.0,-0.0,-0.0,0.06206191737428313,1023
마마20ab03aa,0.0,128.824233,35.31643815,0.059602649006622516,0.0,0.0,0.0,0.0021518598217030436,0.0,-0.0,-0.0,0.06175450882832556,1024
마라35ab94ba,0.0,128.9877974,35.23789988,0.052980132450331126,0.0,0.0,0.0,0.008607439286812174,0.0,-0.0,-0.0,0.0615875717371433,1025
마마14ba05aa,0.0,128.7612719,35.33514383,0.052980132450331126,0.0,0.0,0.0,0.008607439286812174,0.0,-0.0,-0.0,0.0615875717371433,1025
마마09ba01aa,0.0,128.7057303,35.29964541,0.006622516556291391,0.0,0.0,0.0,0.0,0.054404145077720206,-0.0,-0.0,0.061026661634011596,1026
마마20ba08ba,0.0,128.8277936,35.36598779,0.013245033112582781,0.04,0.0,0.0,0.007070396557024285,0.0,-0.0,-0.0,0.06031542966960707,1027
마마14ab04ba,0.0,128.7584517,35.33066511,0.052980132450331126,0.0,0.0,0.0,0.006762988011066708,0.0,-0.0,-0.0,0.05974312046139783,1028
마라15bb94aa,0.0,128.7734693,35.23583698,0.059602649006622516,0.0,0.0,0.0,0.0,0.0,-0.0,-0.0,0.059602649006622516,1029
마라28ba93bb,0.0,128.9135169,35.23202821,0.059602649006622516,0.0,0.0,0.0,0.0,0.0,-0.0,-0.0,0.059602649006622516,1029
마라35ba99ab,0.0,128.9913285,35.28068255,0.059602649006622516,0.0,0.0,0.0,0.0,0.0,-0.0,-0.0,0.059602649006622516,1029
마라36ba98ba,0.0,129.0021962,35.27378606,0.059602649006622516,0.0,0.0,0.0,0.0,0.0,-0.0,-0.0,0.059602649006622516,1029
마라14ab93bb,0.0,128.756953,35.23375556,0.059602649006622516,0.0,0.0,0.0,0.0,0.0,-0.0,-0.0,0.059602649006622516,1029
마라19aa94ab,0.0,128.8092149,35.23770963,0.059602649006622516,0.0,0.0,0.0,0.0,0.0,-0.0,-0.0,0.059602649006622516,1029
마마14bb03bb,0.0,128.7638467,35.32384666,0.059602649006622516,0.0,0.0,0.0,0.0,0.0,-0.0,-0.0,0.059602649006622516,1029
마마15aa03bb,0.0,128.7665966,35.32381788,0.059602649006622516,0.0,0.0,0.0,0.0,0.0,-0.0,-0.0,0.059602649006622516,1029
마마30ab02ba,0.0,128.9341329,35.31067644,0.059602649006622516,0.0,0.0,0.0,0.0,0.0,-0.0,-0.0,0.059602649006622516,1029
마라18bb91ba,0.0,128.8060706,35.21294874,0.059602649006622516,0.0,0.0,0.0,0.0,0.0,-0.0,-0.0,0.059602649006622516,1029
마라13ab98aa,0.0,128.7465521,35.2721826,0.059602649006622516,0.0,0.0,0.0,0.0,0.0,-0.0,-0.0,0.059602649006622516,1029
마라20ba94ab,0.0,128.8256964,35.23753021,0.059602649006622516,0.0,0.0,0.0,0.0,0.0,-0.0,-0.0,0.059602649006622516,1029
마마34ab01ab,0.0,128.9779153,35.2988792,0.059602649006622516,0.0,0.0,0.0,0.0,0.0,-0.0,-0.0,0.059602649006622516,1029
마마22bb05bb,0.0,128.8521413,35.34092356,0.059602649006622516,0.0,0.0,0.0,0.0,0.0,-0.0,-0.0,0.059602649006622516,1029
마마15aa05aa,0.0,128.7667724,35.3350863,0.059602649006622516,0.0,0.0,0.0,0.0,0.0,-0.0,-0.0,0.059602649006622516,1029
마라36aa95aa,0.0,128.9961204,35.24230529,0.059602649006622516,0.0,0.0,0.0,0.0,0.0,-0.0,-0.0,0.059602649006622516,1029
마마23ab03bb,0.0,128.8573405,35.32283308,0.059602649006622516,0.0,0.0,0.0,0.0,0.0,-0.0,-0.0,0.059602649006622516,1029
마라17bb99bb,0.0,128.7962697,35.28743849,0.059602649006622516,0.0,0.0,0.0,0.0,0.0,-0.0,-0.0,0.059602649006622516,1029
마라18bb94bb,0.0,128.8065403,35.24224669,0.059602649006622516,0.0,0.0,0.0,0.0,0.0,-0.0,-0.0,0.059602649006622516,1029
마라17ab88ab,0.0,128.7891309,35.18382711,0.059602649006622516,0.0,0.0,0.0,0.0,0.0,-0.0,-0.0,0.059602649006622516,1029
마마15ab03bb,0.0,128.7693465,35.32378904,0.059602649006622516,0.0,0.0,0.0,0.0,0.0,-0.0,-0.0,0.059602649006622516,1029
마라22ba95ab,0.0,128.8478206,35.24630206,0.059602649006622516,0.0,0.0,0.0,0.0,0.0,-0.0,-0.0,0.059602649006622516,1029
마마16bb05aa,0.0,128.7860242,35.33488301,0.059602649006622516,0.0,0.0,0.0,0.0,0.0,-0.0,-0.0,0.059602649006622516,1029
마라16ba95bb,0.0,128.7819583,35.25152591,0.059602649006622516,0.0,0.0,0.0,0.0,0.0,-0.0,-0.0,0.059602649006622516,1029
마마34ab00ba,0.0,128.9777924,35.2921187,0.059602649006622516,0.0,0.0,0.0,0.0,0.0,-0.0,-0.0,0.059602649006622516,1029
마마18bb01aa,0.0,128.8074454,35.29858847,0.059602649006622516,0.0,0.0,0.0,0.0,0.0,-0.0,-0.0,0.059602649006622516,1029
마마18ab01ba,0.0,128.8020196,35.30315512,0.059602649006622516,0.0,0.0,0.0,0.0,0.0,-0.0,-0.0,0.059602649006622516,1029
마마18ab01bb,0.0,128.8020557,35.30540878,0.059602649006622516,0.0,0.0,0.0,0.0,0.0,-0.0,-0.0,0.059602649006622516,1029
마라16bb95aa,0.0,128.784599,35.24473567,0.059602649006622516,0.0,0.0,0.0,0.0,0.0,-0.0,-0.0,0.059602649006622516,1029
마마16ba05ab,0.0,128.7833096,35.33716591,0.059602649006622516,0.0,0.0,0.0,0.0,0.0,-0.0,-0.0,0.059602649006622516,1029
마마31ba00aa,0.0,128.9474776,35.28797733,0.059602649006622516,0.0,0.0,0.0,0.0,0.0,-0.0,-0.0,0.059602649006622516,1029
마라15ab97bb,0.0,128.7685021,35.26970035,0.059602649006622516,0.0,0.0,0.0,0.0,0.0,-0.0,-0.0,0.059602649006622516,1029
마마17bb01ab,0.0,128.7964853,35.30096053,0.17218543046357615,0.0,0.0,0.0,0.007377805102981862,0.0,-0.0,-0.12031551058333334,0.05924772498322467,1030
마라20ba92aa,0.0,128.8253665,35.21724717,0.12582781456953643,0.0,0.0,0.0,0.0,0.0,-0.0,-0.06666666666666667,0.05916114790286976,1031
마라17aa87ab,0.0,128.7862437,35.1748414,0.052980132450331126,0.0,0.0,0.0,0.006148170919151552,0.0,-0.0,-0.0,0.05912830336948268,1032
마라30ab93aa,0.0,128.9326243,35.22504142,0.052980132450331126,0.0,0.0,0.0,0.005840762373193974,0.0,-0.0,-0.0,0.0588208948235251,1033
마마12ab00aa,0.0,128.7358334,35.29032522,0.052980132450331126,0.0,0.0,0.0,0.005840762373193974,0.0,-0.0,-0.0,0.0588208948235251,1033
마라20ab87ba,0.0,128.8219627,35.17671088,0.026490066225165563,0.0,0.0,0.0,0.03197048877958807,0.0,-0.0,-0.0,0.05846055500475364,1034
마마20ba00ab,0.0,128.8265778,35.29161796,0.052980132450331126,0.0,0.0,0.0,0.005225945281278819,0.0,-0.0,-0.0,0.05820607773160995,1035
마라24ab92bb,0.0,128.8666726,35.22355004,0.033112582781456956,0.0,0.0,0.0,0.024900092222563786,0.0,-0.0,-0.0,0.05801267500402074,1036
마마35bb00aa,0.0,128.9942009,35.28740909,0.052980132450331126,0.0,0.0,0.0,0.0046111281893636644,0.0,-0.0,-0.0,0.05759126063969479,1037
마라15ba95ab,0.0,128.7708982,35.24713442,0.052980132450331126,0.0,0.0,0.0,0.0046111281893636644,0.0,-0.0,-0.0,0.05759126063969479,1037
마라26aa98bb,0.0,128.8868182,35.27741797,0.052980132450331126,0.0,0.0,0.0,0.003996311097448509,0.0,-0.0,-0.0,0.056976443547779636,1038
마마13bb03ab,0.0,128.7527776,35.31945375,0.052980132450331126,0.0,0.0,0.0,0.003381494005533354,0.0,-0.0,-0.0,0.05636162645586448,1039
마라34ba99ba,0.0,128.9803768,35.28307109,0.052980132450331126,0.0,0.0,0.0,0.0030740854595757753,0.0,-0.0,-0.0,0.0560542179099069,1040
마라34aa95aa,0.0,128.9741453,35.242575,0.052980132450331126,0.0,0.0,0.0,0.0030740854595757753,0.0,-0.0,-0.0,0.0560542179099069,1040
마라22aa94aa,0.0,128.8421406,35.23509489,0.039735099337748346,0.0,0.0,0.0,0.016292652935751613,0.0,-0.0,-0.0,0.05602775227349996,1041
마라23bb92ab,0.0,128.8611046,35.21910466,0.052980132450331126,0.0,0.0,0.0,0.0027666769136181985,0.0,-0.0,-0.0,0.05574680936394932,1042
마라25aa92ab,0.0,128.8748357,35.21894947,0.052980132450331126,0.0,0.0,0.0,0.002459268367660621,0.0,-0.0,-0.0,0.055439400817991744,1043
마마29bb01ba,0.0,128.9284759,35.30172736,0.052980132450331126,0.0,0.0,0.0,0.002459268367660621,0.0,-0.0,-0.0,0.055439400817991744,1043
마마16ba05ba,0.0,128.7833452,35.33941958,0.039735099337748346,0.0,0.0,0.0,0.015677835843836457,0.0,-0.0,-0.0,0.0554129351815848,1044
마마21aa01bb,0.0,128.8322969,35.30507936,0.046357615894039736,0.0,0.0,0.0,0.00891484783276975,0.0,-0.0,-0.0,0.05527246372680949,1045
마마16ab04bb,0.0,128.7804881,35.33268774,0.052980132450331126,0.0,0.0,0.0,0.0021518598217030436,0.0,-0.0,-0.0,0.05513199227203417,1046
마마17bb04ba,0.0,128.7969531,35.33025816,0.052980132450331126,0.0,0.0,0.0,0.0021518598217030436,0.0,-0.0,-0.0,0.05513199227203417,1046
마라22ba93aa,0.0,128.8474851,35.22601924,0.046357615894039736,0.0,0.0,0.0,0.008607439286812174,0.0,-0.0,-0.0,0.05496505518085191,1047
마라34aa94ab,0.0,128.974023,35.23581443,0.046357615894039736,0.0,0.0,0.0,0.008607439286812174,0.0,-0.0,-0.0,0.05496505518085191,1047
마라20ab96bb,0.0,128.8233157,35.26009692,0.052980132450331126,0.0,0.0,0.0,0.0018444512757454655,0.0,-0.0,-0.0,0.05482458372607659,1048
마마27ab00ab,0.0,128.9007919,35.29078111,0.052980132450331126,0.0,0.0,0.0,0.0018444512757454655,0.0,-0.0,-0.0,0.05482458372607659,1048
마라26aa95aa,0.0,128.8862423,35.24361395,0.052980132450331126,0.0,0.0,0.0,0.0018444512757454655,0.0,-0.0,-0.0,0.05482458372607659,1048
마라20aa97aa,0.0,128.8206046,35.2623806,0.052980132450331126,0.0,0.0,0.0,0.0018444512757454655,0.0,-0.0,-0.0,0.05482458372607659,1048
마마22aa01ba,0.0,128.8432563,35.30270407,0.052980132450331126,0.0,0.0,0.0,0.0018444512757454655,0.0,-0.0,-0.0,0.05482458372607659,1048
마라22ab95bb,0.0,128.8451479,35.25083992,0.052980132450331126,0.0,0.0,0.0,0.0018444512757454655,0.0,-0.0,-0.0,0.05482458372607659,1048
마라32bb95ab,0.0,128.9604512,35.24499507,0.046357615894039736,0.0,0.0,0.0,0.00768521364893944,0.0,-0.0,-0.0,0.054042829542979176,1049
마마19bb03bb,0.0,128.8188437,35.32325919,0.046357615894039736,0.0,0.0,0.0,0.007070396557024285,0.0,-0.0,-0.0,0.05342801245106402,1050
마라26aa92ab,0.0,128.8858206,35.21882421,0.013245033112582781,0.04,0.0,0.0,0.0,0.0,-0.0,-0.0,0.05324503311258278,1051
마마22ba05ab,0.0,128.849316,35.33644708,0.013245033112582781,0.04,0.0,0.0,0.0,0.0,-0.0,-0.0,0.05324503311258278,1051
마라24aa98bb,0.0,128.8648326,35.27766804,0.013245033112582781,0.04,0.0,0.0,0.0,0.0,-0.0,-0.0,0.05324503311258278,1051
마라25aa96bb,0.0,128.8755206,35.25951463,0.013245033112582781,0.04,0.0,0.0,0.0,0.0,-0.0,-0.0,0.05324503311258278,1051
마라22ba91ba,0.0,128.8472616,35.21249732,0.013245033112582781,0.04,0.0,0.0,0.0,0.0,-0.0,-0.0,0.05324503311258278,1051
마라26ab99aa,0.0,128.8896049,35.27964002,0.013245033112582781,0.04,0.0,0.0,0.0,0.0,-0.0,-0.0,0.05324503311258278,1051
마마11ab02ba,0.0,128.7251779,35.31297439,0.013245033112582781,0.04,0.0,0.0,0.0,0.0,-0.0,-0.0,0.05324503311258278,1051
마마34bb00ab,0.0,128.9832484,35.28979791,0.052980132450331126,0.0,0.0,0.0,0.0,0.0,-0.0,-0.0,0.052980132450331126,1052
마마34ba00bb,0.0,128.980582,35.29433858,0.052980132450331126,0.0,0.0,0.0,0.0,0.0,-0.0,-0.0,0.052980132450331126,1052
마마20ab02bb,0.0,128.8241963,35.31418451,0.052980132450331126,0.0,0.0,0.0,0.0,0.0,-0.0,-0.0,0.052980132450331126,1052
마마20ab03bb,0.0,128.8243433,35.32319907,0.052980132450331126,0.0,0.0,0.0,0.0,0.0,-0.0,-0.0,0.052980132450331126,1052
마마20aa03ba,0.0,128.8215568,35.32097552,0.052980132450331126,0.0,0.0,0.0,0.0,0.0,-0.0,-0.0,0.052980132450331126,1052
마라15aa97bb,0.0,128.765754,35.26972913,0.052980132450331126,0.0,0.0,0.0,0.0,0.0,-0.0,-0.0,0.052980132450331126,1052
마마10ab03ba,0.0,128.7143145,35.32210027,0.052980132450331126,0.0,0.0,0.0,0.0,0.0,-0.0,-0.0,0.052980132450331126,1052
마라21ba89ab,0.0,128.8359452,35.19233604,0.052980132450331126,0.0,0.0,0.0,0.0,0.0,-0.0,-0.0,0.052980132450331126,1052
마라15ab97ab,0.0,128.7684318,35.26519294,0.052980132450331126,0.0,0.0,0.0,0.0,0.0,-0.0,-0.0,0.052980132450331126,1052
마마14ba04ba,0.0,128.7612019,35.33063645,0.052980132450331126,0.0,0.0,0.0,0.0,0.0,-0.0,-0.0,0.052980132450331126,1052
마마21ab04aa,0.0,128.8353795,35.3253317,0.052980132450331126,0.0,0.0,0.0,0.0,0.0,-0.0,-0.0,0.052980132450331126,1052
마라22aa90ab,0.0,128.8415841,35.20129,0.052980132450331126,0.0,0.0,0.0,0.0,0.0,-0.0,-0.0,0.052980132450331126,1052
마마22aa05ba,0.0,128.8438529,35.33876197,0.052980132450331126,0.0,0.0,0.0,0.0,0.0,-0.0,-0.0,0.052980132450331126,1052
마마21bb10ab,0.0,128.8418109,35.38161104,0.052980132450331126,0.0,0.0,0.0,0.0,0.0,-0.0,-0.0,0.052980132450331126,1052
마라21bb95aa,0.0,128.839542,35.24413993,0.052980132450331126,0.0,0.0,0.0,0.0,0.0,-0.0,-0.0,0.052980132450331126,1052
마마22aa07bb,0.0,128.8441889,35.35904445,0.052980132450331126,0.0,0.0,0.0,0.0,0.0,-0.0,-0.0,0.052980132450331126,1052
마마22ba03aa,0.0,128.848979,35.31616458,0.052980132450331126,0.0,0.0,0.0,0.0,0.0,-0.0,-0.0,0.052980132450331126,1052
마마15ab03ba,0.0,128.7693113,35.32153535,0.052980132450331126,0.0,0.0,0.0,0.0,0.0,-0.0,-0.0,0.052980132450331126,1052
마마22bb03ba,0.0,128.8518035,35.32064109,0.052980132450331126,0.0,0.0,0.0,0.0,0.0,-0.0,-0.0,0.052980132450331126,1052
마라16aa96bb,0.0,128.7766048,35.26059882,0.052980132450331126,0.0,0.0,0.0,0.0,0.0,-0.0,-0.0,0.052980132450331126,1052
마마15ba03bb,0.0,128.7720964,35.32376013,0.052980132450331126,0.0,0.0,0.0,0.0,0.0,-0.0,-0.0,0.052980132450331126,1052
마마18ab00bb,0.0,128.8019113,35.29639412,0.052980132450331126,0.0,0.0,0.0,0.0,0.0,-0.0,-0.0,0.052980132450331126,1052
마라16aa99ba,0.0,128.7769939,35.28538949,0.052980132450331126,0.0,0.0,0.0,0.0,0.0,-0.0,-0.0,0.052980132450331126,1052
마마15aa04ab,0.0,128.7666669,35.32832525,0.052980132450331126,0.0,0.0,0.0,0.0,0.0,-0.0,-0.0,0.052980132450331126,1052
마라20ab92ab,0.0,128.8226568,35.21953089,0.052980132450331126,0.0,0.0,0.0,0.0,0.0,-0.0,-0.0,0.052980132450331126,1052
마마16ab04ab,0.0,128.7804171,35.32818039,0.052980132450331126,0.0,0.0,0.0,0.0,0.0,-0.0,-0.0,0.052980132450331126,1052
마마25bb04ba,0.0,128.8849531,35.32928195,0.052980132450331126,0.0,0.0,0.0,0.0,0.0,-0.0,-0.0,0.052980132450331126,1052
마라34bb97ab,0.0,128.9827553,35.26275591,0.052980132450331126,0.0,0.0,0.0,0.0,0.0,-0.0,-0.0,0.052980132450331126,1052
마마15bb01ab,0.0,128.7744926,35.30119432,0.052980132450331126,0.0,0.0,0.0,0.0,0.0,-0.0,-0.0,0.052980132450331126,1052
마마27ab03aa,0.0,128.9012193,35.3155704,0.052980132450331126,0.0,0.0,0.0,0.0,0.0,-0.0,-0.0,0.052980132450331126,1052
마마27ba01ba,0.0,128.9037351,35.3020171,0.052980132450331126,0.0,0.0,0.0,0.0,0.0,-0.0,-0.0,0.052980132450331126,1052
마마13ba01aa,0.0,128.7497158,35.29919885,0.052980132450331126,0.0,0.0,0.0,0.0,0.0,-0.0,-0.0,0.052980132450331126,1052
마라16ab98bb,0.0,128.7796361,35.27859936,0.052980132450331126,0.0,0.0,0.0,0.0,0.0,-0.0,-0.0,0.052980132450331126,1052
마마26ab07bb,0.0,128.8909552,35.35851517,0.052980132450331126,0.0,0.0,0.0,0.0,0.0,-0.0,-0.0,0.052980132450331126,1052
마라24ba89aa,0.0,128.8688515,35.18971443,0.052980132450331126,0.0,0.0,0.0,0.0,0.0,-0.0,-0.0,0.052980132450331126,1052
마마16ab05ab,0.0,128.7805593,35.33719508,0.052980132450331126,0.0,0.0,0.0,0.0,0.0,-0.0,-0.0,0.052980132450331126,1052
마마33bb02ab,0.0,128.972581,35.30796027,0.052980132450331126,0.0,0.0,0.0,0.0,0.0,-0.0,-0.0,0.052980132450331126,1052
마라31ab94ba,0.0,128.9438493,35.23843223,0.033112582781456956,0.0,0.0,0.0,0.019674146941284967,0.0,-0.0,-0.0,0.052786729722741926,1053
마라29ab93aa,0.0,128.9216388,35.22517095,0.33774834437086093,0.04,0.0,0.0,0.0,0.0,-0.0,-0.325,0.0527483443708609,1054
마라29aa92ab,0.0,128.9187747,35.21844243,0.046357615894039736,0.0,0.0,0.0,0.006148170919151552,0.0,-0.0,-0.0,0.05250578681319129,1055
마마19ba03bb,0.0,128.8160939,35.32328916,0.046357615894039736,0.0,0.0,0.0,0.006148170919151552,0.0,-0.0,-0.0,0.05250578681319129,1055
마라22aa90ba,0.0,128.8416212,35.20354366,0.046357615894039736,0.0,0.0,0.0,0.005840762373193974,0.0,-0.0,-0.0,0.05219837826723371,1056
마마19ba01bb,0.0,128.8158018,35.30525998,0.046357615894039736,0.0,0.0,0.0,0.005225945281278819,0.0,-0.0,-0.0,0.05158356117531855,1057
마라13ab95ab,0.0,128.7461725,35.24739159,0.046357615894039736,0.0,0.0,0.0,0.005225945281278819,0.0,-0.0,-0.0,0.05158356117531855,1057
마라34ba93bb,0.0,128.9794344,35.23124035,0.046357615894039736,0.0,0.0,0.0,0.004918536735321242,0.0,-0.0,-0.0,0.05127615262936098,1058
마마13aa02bb,0.0,128.7444593,35.31503153,0.31788079470198677,0.0,0.0,0.0,0.0,0.0,-0.0,-0.26666666666666666,0.051214128035320106,1059
마라35ab94ab,0.0,128.9877563,35.23564637,0.046357615894039736,0.0,0.0,0.0,0.0046111281893636644,0.0,-0.0,-0.0,0.0509687440834034,1060
마마28bb00aa,0.0,128.9172443,35.28833541,0.046357615894039736,0.0,0.0,0.0,0.0046111281893636644,0.0,-0.0,-0.0,0.0509687440834034,1060
마라13aa95ab,0.0,128.7434251,35.24741985,0.046357615894039736,0.0,0.0,0.0,0.004303719643406086,0.0,-0.0,-0.0,0.050661335537445826,1061
마라22ab93aa,0.0,128.8447386,35.22604979,0.026490066225165563,0.0,0.0,0.0,0.023977866584691053,0.0,-0.0,-0.0,0.05046793280985662,1062
마라35ab94aa,0.0,128.9877151,35.23339286,0.046357615894039736,0.0,0.0,0.0,0.003996311097448509,0.0,-0.0,-0.0,0.050353926991488246,1063
마마21aa04aa,0.0,128.8326296,35.32536204,0.046357615894039736,0.0,0.0,0.0,0.003996311097448509,0.0,-0.0,-0.0,0.050353926991488246,1063
마라32ba93bb,0.0,128.9574622,35.23150696,0.046357615894039736,0.0,0.0,0.0,0.003996311097448509,0.0,-0.0,-0.0,0.050353926991488246,1063
마라23ba89aa,0.0,128.8578705,35.18983807,0.046357615894039736,0.0,0.0,0.0,0.003381494005533354,0.0,-0.0,-0.0,0.049739109899573086,1064
마라20ba94bb,0.0,128.8257698,35.24203754,0.046357615894039736,0.0,0.0,0.0,0.003381494005533354,0.0,-0.0,-0.0,0.049739109899573086,1064
마마26ab01bb,0.0,128.8900287,35.30442947,0.046357615894039736,0.0,0.0,0.0,0.003381494005533354,0.0,-0.0,-0.0,0.049739109899573086,1064
마마17ab03bb,0.0,128.7913454,35.32355605,0.046357615894039736,0.0,0.0,0.0,0.003381494005533354,0.0,-0.0,-0.0,0.049739109899573086,1064
마마19ab02bb,0.0,128.8131983,35.31430447,0.046357615894039736,0.0,0.0,0.0,0.0030740854595757753,0.0,-0.0,-0.0,0.04943170135361551,1065
마마22bb03bb,0.0,128.851841,35.3228947,0.046357615894039736,0.0,0.0,0.0,0.002459268367660621,0.0,-0.0,-0.0,0.048816884261700354,1066
마라16ba88ab,0.0,128.7808955,35.1839145,0.046357615894039736,0.0,0.0,0.0,0.002459268367660621,0.0,-0.0,-0.0,0.048816884261700354,1066
마마20ab01ba,0.0,128.8240126,35.30291631,0.046357615894039736,0.0,0.0,0.0,0.0021518598217030436,0.0,-0.0,-0.0,0.04850947571574278,1067
마라29ba92bb,0.0,128.9243458,35.22288509,0.046357615894039736,0.0,0.0,0.0,0.0021518598217030436,0.0,-0.0,-0.0,0.04850947571574278,1067
마라22aa94ba,0.0,128.8422149,35.23960219,0.046357615894039736,0.0,0.0,0.0,0.0021518598217030436,0.0,-0.0,-0.0,0.04850947571574278,1067
마마17ab00ba,0.0,128.7908798,35.29425832,0.046357615894039736,0.0,0.0,0.0,0.0021518598217030436,0.0,-0.0,-0.0,0.04850947571574278,1067
마마27ba02bb,0.0,128.9039298,35.31328494,0.046357615894039736,0.0,0.0,0.0,0.0,0.0,-0.0,-0.0,0.046357615894039736,1068
마마26bb06ab,0.0,128.8962242,35.34493037,0.046357615894039736,0.0,0.0,0.0,0.0,0.0,-0.0,-0.0,0.046357615894039736,1068
마마25ab01ba,0.0,128.878994,35.30230179,0.046357615894039736,0.0,0.0,0.0,0.0,0.0,-0.0,-0.0,0.046357615894039736,1068
마라22bb98aa,0.0,128.8509792,35.27106142,0.046357615894039736,0.0,0.0,0.0,0.0,0.0,-0.0,-0.0,0.046357615894039736,1068
마라26bb96ab,0.0,128.8946764,35.25478725,0.046357615894039736,0.0,0.0,0.0,0.0,0.0,-0.0,-0.0,0.046357615894039736,1068
마마27aa04ba,0.0,128.8987028,35.32912364,0.046357615894039736,0.0,0.0,0.0,0.0,0.0,-0.0,-0.0,0.046357615894039736,1068
마라11aa99bb,0.0,128.7220555,35.28821114,0.046357615894039736,0.0,0.0,0.0,0.0,0.0,-0.0,-0.0,0.046357615894039736,1068
마마23ba11aa,0.0,128.8611867,35.38815629,0.046357615894039736,0.0,0.0,0.0,0.0,0.0,-0.0,-0.0,0.046357615894039736,1068
마라20aa97ab,0.0,128.8206412,35.26463426,0.046357615894039736,0.0,0.0,0.0,0.0,0.0,-0.0,-0.0,0.046357615894039736,1068
마마24bb02ab,0.0,128.8736103,35.30912515,0.046357615894039736,0.0,0.0,0.0,0.0,0.0,-0.0,-0.0,0.046357615894039736,1068
마마27bb01bb,0.0,128.9065231,35.30423873,0.046357615894039736,0.0,0.0,0.0,0.0,0.0,-0.0,-0.0,0.046357615894039736,1068
마마23ab03ab,0.0,128.8572652,35.31832587,0.046357615894039736,0.0,0.0,0.0,0.0,0.0,-0.0,-0.0,0.046357615894039736,1068
마마28ba02ba,0.0,128.914888,35.31090318,0.046357615894039736,0.0,0.0,0.0,0.0,0.0,-0.0,-0.0,0.046357615894039736,1068
마라36ba99aa,0.0,129.0022795,35.27829302,0.046357615894039736,0.0,0.0,0.0,0.0,0.0,-0.0,-0.0,0.046357615894039736,1068
마마18ba02aa,0.0,128.8048411,35.30763281,0.046357615894039736,0.0,0.0,0.0,0.0,0.0,-0.0,-0.0,0.046357615894039736,1068
마마18ab05aa,0.0,128.8025255,35.33470632,0.046357615894039736,0.0,0.0,0.0,0.0,0.0,-0.0,-0.0,0.046357615894039736,1068
마라21bb94bb,0.0,128.839505,35.24188628,0.046357615894039736,0.0,0.0,0.0,0.0,0.0,-0.0,-0.0,0.046357615894039736,1068
마라36aa99ab,0.0,128.9968248,35.28061465,0.046357615894039736,0.0,0.0,0.0,0.0,0.0,-0.0,-0.0,0.046357615894039736,1068
마라22aa87bb,0.0,128.8412137,35.1787533,0.046357615894039736,0.0,0.0,0.0,0.0,0.0,-0.0,-0.0,0.046357615894039736,1068
마라28aa93ab,0.0,128.9079458,35.22758506,0.046357615894039736,0.0,0.0,0.0,0.0,0.0,-0.0,-0.0,0.046357615894039736,1068
마라20ab94ab,0.0,128.8229495,35.23756027,0.046357615894039736,0.0,0.0,0.0,0.0,0.0,-0.0,-0.0,0.046357615894039736,1068
마마22bb02bb,0.0,128.851691,35.31388025,0.046357615894039736,0.0,0.0,0.0,0.0,0.0,-0.0,-0.0,0.046357615894039736,1068
마라21ba96aa,0.0,128.8369429,35.25318492,0.046357615894039736,0.0,0.0,0.0,0.0,0.0,-0.0,-0.0,0.046357615894039736,1068
마마09ab02aa,0.0,128.7031146,35.30868779,0.046357615894039736,0.0,0.0,0.0,0.0,0.0,-0.0,-0.0,0.046357615894039736,1068
마마26ab00ba,0.0,128.889836,35.29316155,0.046357615894039736,0.0,0.0,0.0,0.0,0.0,-0.0,-0.0,0.046357615894039736,1068
마라10ba99ba,0.0,128.7165244,35.28601282,0.046357615894039736,0.0,0.0,0.0,0.0,0.0,-0.0,-0.0,0.046357615894039736,1068
마라19ba99bb,0.0,128.8155099,35.28723075,0.046357615894039736,0.0,0.0,0.0,0.0,0.0,-0.0,-0.0,0.046357615894039736,1068
마마27ba02ba,0.0,128.9038909,35.31103137,0.046357615894039736,0.0,0.0,0.0,0.0,0.0,-0.0,-0.0,0.046357615894039736,1068
마라19ab93aa,0.0,128.8117804,35.22641148,0.046357615894039736,0.0,0.0,0.0,0.0,0.0,-0.0,-0.0,0.046357615894039736,1068
마라16ab94ab,0.0,128.7789985,35.23803275,0.046357615894039736,0.0,0.0,0.0,0.0,0.0,-0.0,-0.0,0.046357615894039736,1068
마라35ab98bb,0.0,128.9884978,35.27620941,0.046357615894039736,0.0,0.0,0.0,0.0,0.0,-0.0,-0.0,0.046357615894039736,1068
마라23aa92aa,0.0,128.8528284,35.21694337,0.046357615894039736,0.0,0.0,0.0,0.0,0.0,-0.0,-0.0,0.046357615894039736,1068
마마30ba05ab,0.0,128.9373208,35.33543261,0.046357615894039736,0.0,0.0,0.0,0.0,0.0,-0.0,-0.0,0.046357615894039736,1068
마라11bb99aa,0.0,128.7301994,35.28136634,0.046357615894039736,0.0,0.0,0.0,0.0,0.0,-0.0,-0.0,0.046357615894039736,1068
마마19bb01ab,0.0,128.8184778,35.30072273,0.046357615894039736,0.0,0.0,0.0,0.0,0.0,-0.0,-0.0,0.046357615894039736,1068
마마31aa01aa,0.0,128.9421406,35.29705714,0.046357615894039736,0.0,0.0,0.0,0.0,0.0,-0.0,-0.0,0.046357615894039736,1068
마라21ba90bb,0.0,128.8361666,35.20585806,0.046357615894039736,0.0,0.0,0.0,0.0,0.0,-0.0,-0.0,0.046357615894039736,1068
마라14aa99bb,0.0,128.75504,35.28787336,0.033112582781456956,0.0,0.0,0.0,0.0,0.01295336787564767,-0.0,-0.0,0.04606595065710463,1069
마라22bb87ba,0.0,128.8494111,35.17640815,0.033112582781456956,0.0,0.0,0.0,0.012911158930218259,0.0,-0.0,-0.0,0.04602374171167521,1070
마라24ba98ab,0.0,128.8702531,35.27309868,0.039735099337748346,0.0,0.0,0.0,0.006148170919151552,0.0,-0.0,-0.0,0.0458832702568999,1071
마라21bb87bb,0.0,128.8384688,35.17878367,0.039735099337748346,0.0,0.0,0.0,0.005533353827236397,0.0,-0.0,-0.0,0.04526845316498474,1072
마라36ab96bb,0.0,128.9991576,35.25804575,0.039735099337748346,0.0,0.0,0.0,0.004918536735321242,0.0,-0.0,-0.0,0.04465363607306959,1073
마마26ba06aa,0.0,128.8934351,35.34270855,0.019867549668874173,0.0,0.0,0.0,0.009222256378727329,0.015544041450777202,-0.0,-0.0,0.044633847498378704,1074
마라29aa94ba,0.0,128.9191279,35.23872466,0.026490066225165563,0.0,0.0,0.0,0.018137104211497078,0.0,-0.0,-0.0,0.044627170436662644,1075
마라18ba88ba,0.0,128.8028925,35.18593392,0.039735099337748346,0.0,0.0,0.0,0.0046111281893636644,0.0,-0.0,-0.0,0.04434622752711201,1076
마라36ab99ab,0.0,128.9995729,35.28058061,0.033112582781456956,0.0,0.0,0.0,0.0,0.010362694300518135,-0.0,-0.0,0.04347527708197509,1077
마라16ab96bb,0.0,128.7793525,35.26056979,0.039735099337748346,0.0,0.0,0.0,0.003381494005533354,0.0,-0.0,-0.0,0.0431165933432817,1078
마라34ba98ab,0.0,128.9801717,35.27180358,0.039735099337748346,0.0,0.0,0.0,0.0030740854595757753,0.0,-0.0,-0.0,0.042809184797324124,1079
마마18ba05aa,0.0,128.8052757,35.33467666,0.039735099337748346,0.0,0.0,0.0,0.0027666769136181985,0.0,-0.0,-0.0,0.042501776251366544,1080
마라15aa93ba,0.0,128.7651586,35.23141597,0.039735099337748346,0.0,0.0,0.0,0.002459268367660621,0.0,-0.0,-0.0,0.042194367705408964,1081
마마33ba02ab,0.0,128.9698319,35.30799372,0.039735099337748346,0.0,0.0,0.0,0.002459268367660621,0.0,-0.0,-0.0,0.042194367705408964,1081
마라17bb99ba,0.0,128.7962338,35.28518482,0.039735099337748346,0.0,0.0,0.0,0.002459268367660621,0.0,-0.0,-0.0,0.042194367705408964,1081
마마14ba02ab,0.0,128.7608869,35.31035321,0.039735099337748346,0.0,0.0,0.0,0.002459268367660621,0.0,-0.0,-0.0,0.042194367705408964,1081
마라22aa95bb,0.0,128.8424006,35.25087043,0.039735099337748346,0.0,0.0,0.0,0.002459268367660621,0.0,-0.0,-0.0,0.042194367705408964,1081
마마22aa03bb,0.0,128.8435918,35.32298667,0.039735099337748346,0.0,0.0,0.0,0.002459268367660621,0.0,-0.0,-0.0,0.042194367705408964,1081
마마18ba01aa,0.0,128.8046964,35.29861816,0.039735099337748346,0.0,0.0,0.0,0.002459268367660621,0.0,-0.0,-0.0,0.042194367705408964,1081
마마13ba04ba,0.0,128.7502014,35.33075072,0.039735099337748346,0.0,0.0,0.0,0.0021518598217030436,0.0,-0.0,-0.0,0.04188695915945139,1082
마마12ab00ba,0.0,128.7359019,35.29483267,0.039735099337748346,0.0,0.0,0.0,0.0021518598217030436,0.0,-0.0,-0.0,0.04188695915945139,1082
마라23ab94bb,0.0,128.8559871,35.24170271,0.013245033112582781,0.0,0.0,0.0,0.028588994774054716,0.0,-0.0,-0.0,0.041834027886637495,1083
마라18ab92ba,0.0,128.8007222,35.22202266,0.039735099337748346,0.0,0.0,0.0,0.0018444512757454655,0.0,-0.0,-0.0,0.04157955061349381,1084
마라35ba94ab,0.0,128.9905029,35.23561257,0.039735099337748346,0.0,0.0,0.0,0.0018444512757454655,0.0,-0.0,-0.0,0.04157955061349381,1084
마마22ab01ab,0.0,128.8459681,35.30041987,0.039735099337748346,0.0,0.0,0.0,0.0018444512757454655,0.0,-0.0,-0.0,0.04157955061349381,1084
마라36aa94bb,0.0,128.996079,35.24005179,0.033112582781456956,0.0,0.0,0.0,0.007992622194897018,0.0,-0.0,-0.0,0.041105204976353976,1085
마라27ab92ab,0.0,128.8995516,35.21866622,0.033112582781456956,0.0,0.0,0.0,0.007992622194897018,0.0,-0.0,-0.0,0.041105204976353976,1085
마라27ab95ba,0.0,128.9000549,35.24796301,0.0,0.04,0.0,0.0,0.0,0.0,-0.0,-0.0,0.04,1086
마라25aa98aa,0.0,128.8757111,35.27078268,0.0,0.04,0.0,0.0,0.0,0.0,-0.0,-0.0,0.04,1086
마라17ab89bb,0.0,128.7893445,35.19734941,0.0,0.04,0.0,0.0,0.0,0.0,-0.0,-0.0,0.04,1086
마라12ba96ba,0.0,128.7381018,35.25874488,0.033112582781456956,0.0,0.0,0.0,0.006762988011066708,0.0,-0.0,-0.0,0.039875570792523664,1087
마마32ba03ab,0.0,128.9589973,35.31714094,0.039735099337748346,0.0,0.0,0.0,0.0,0.0,-0.0,-0.0,0.039735099337748346,1088
마라24aa95bb,0.0,128.8643791,35.25062459,0.039735099337748346,0.0,0.0,0.0,0.0,0.0,-0.0,-0.0,0.039735099337748346,1088
마마17ab05ba,0.0,128.7915964,35.33933169,0.039735099337748346,0.0,0.0,0.0,0.0,0.0,-0.0,-0.0,0.039735099337748346,1088
마라12bb98ba,0.0,128.7411245,35.27674657,0.039735099337748346,0.0,0.0,0.0,0.0,0.0,-0.0,-0.0,0.039735099337748346,1088
마마17ba00aa,0.0,128.7935569,35.2897216,0.039735099337748346,0.0,0.0,0.0,0.0,0.0,-0.0,-0.0,0.039735099337748346,1088
마마32bb03ba,0.0,128.9617873,35.31936124,0.039735099337748346,0.0,0.0,0.0,0.0,0.0,-0.0,-0.0,0.039735099337748346,1088
마라10ab97bb,0.0,128.7135403,35.27026419,0.039735099337748346,0.0,0.0,0.0,0.0,0.0,-0.0,-0.0,0.039735099337748346,1088
마마14aa03bb,0.0,128.7555971,35.32393262,0.039735099337748346,0.0,0.0,0.0,0.0,0.0,-0.0,-0.0,0.039735099337748346,1088
마마20ab04aa,0.0,128.82438,35.3254527,0.039735099337748346,0.0,0.0,0.0,0.0,0.0,-0.0,-0.0,0.039735099337748346,1088
마라21aa98ab,0.0,128.83178,35.27352838,0.039735099337748346,0.0,0.0,0.0,0.0,0.0,-0.0,-0.0,0.039735099337748346,1088
마라21ab87ba,0.0,128.8329421,35.17659054,0.039735099337748346,0.0,0.0,0.0,0.0,0.0,-0.0,-0.0,0.039735099337748346,1088
마마20ba00aa,0.0,128.826541,35.28936431,0.039735099337748346,0.0,0.0,0.0,0.0,0.0,-0.0,-0.0,0.039735099337748346,1088
마라24bb90bb,0.0,128.871862,35.20545884,0.039735099337748346,0.0,0.0,0.0,0.0,0.0,-0.0,-0.0,0.039735099337748346,1088
마라34ab95ab,0.0,128.9769331,35.24479502,0.039735099337748346,0.0,0.0,0.0,0.0,0.0,-0.0,-0.0,0.039735099337748346,1088
마마20ab01ab,0.0,128.8239759,35.30066266,0.039735099337748346,0.0,0.0,0.0,0.0,0.0,-0.0,-0.0,0.039735099337748346,1088
마마32bb04bb,0.0,128.9619902,35.33062875,0.039735099337748346,0.0,0.0,0.0,0.0,0.0,-0.0,-0.0,0.039735099337748346,1088
마마27aa00ab,0.0,128.8980433,35.29081292,0.039735099337748346,0.0,0.0,0.0,0.0,0.0,-0.0,-0.0,0.039735099337748346,1088
마라26bb99bb,0.0,128.8952174,35.2863375,0.039735099337748346,0.0,0.0,0.0,0.0,0.0,-0.0,-0.0,0.039735099337748346,1088
마마29ba02bb,0.0,128.9259247,35.31302753,0.039735099337748346,0.0,0.0,0.0,0.0,0.0,-0.0,-0.0,0.039735099337748346,1088
마마21ba01ab,0.0,128.837721,35.30051139,0.039735099337748346,0.0,0.0,0.0,0.0,0.0,-0.0,-0.0,0.039735099337748346,1088
마라20ab98ba,0.0,128.8235723,35.27587252,0.039735099337748346,0.0,0.0,0.0,0.0,0.0,-0.0,-0.0,0.039735099337748346,1088
마라22ab97bb,0.0,128.8454459,35.26886904,0.039735099337748346,0.0,0.0,0.0,0.0,0.0,-0.0,-0.0,0.039735099337748346,1088
마라36ba99ab,0.0,129.0023211,35.2805465,0.039735099337748346,0.0,0.0,0.0,0.0,0.0,-0.0,-0.0,0.039735099337748346,1088
마마28aa02aa,0.0,128.9093113,35.30646028,0.039735099337748346,0.0,0.0,0.0,0.0,0.0,-0.0,-0.0,0.039735099337748346,1088
마라36ab98bb,0.0,128.9994898,35.27607364,0.039735099337748346,0.0,0.0,0.0,0.0,0.0,-0.0,-0.0,0.039735099337748346,1088
마마18ba00ab,0.0,128.8045879,35.29185717,0.039735099337748346,0.0,0.0,0.0,0.0,0.0,-0.0,-0.0,0.039735099337748346,1088
마마18ba00aa,0.0,128.8045517,35.2896035,0.039735099337748346,0.0,0.0,0.0,0.0,0.0,-0.0,-0.0,0.039735099337748346,1088
마라22ab91bb,0.0,128.8445527,35.21478151,0.039735099337748346,0.0,0.0,0.0,0.0,0.0,-0.0,-0.0,0.039735099337748346,1088
마마29bb06ab,0.0,128.9292293,35.34454456,0.039735099337748346,0.0,0.0,0.0,0.0,0.0,-0.0,-0.0,0.039735099337748346,1088
마라20ba96ba,0.0,128.8260266,35.25781317,0.039735099337748346,0.0,0.0,0.0,0.0,0.0,-0.0,-0.0,0.039735099337748346,1088
마마14bb04bb,0.0,128.7639871,35.33286141,0.039735099337748346,0.0,0.0,0.0,0.0,0.0,-0.0,-0.0,0.039735099337748346,1088
마라20bb96ab,0.0,128.8287374,35.25552937,0.039735099337748346,0.0,0.0,0.0,0.0,0.0,-0.0,-0.0,0.039735099337748346,1088
마라21ba88ab,0.0,128.8357976,35.18332133,0.039735099337748346,0.0,0.0,0.0,0.0,0.0,-0.0,-0.0,0.039735099337748346,1088
마마21aa03ab,0.0,128.8325187,35.31860115,0.039735099337748346,0.0,0.0,0.0,0.0,0.0,-0.0,-0.0,0.039735099337748346,1088
마라14aa94bb,0.0,128.754345,35.24279897,0.039735099337748346,0.0,0.0,0.0,0.0,0.0,-0.0,-0.0,0.039735099337748346,1088
마라21ba90ba,0.0,128.8361297,35.2036044,0.039735099337748346,0.0,0.0,0.0,0.0,0.0,-0.0,-0.0,0.039735099337748346,1088
마라18aa99ab,0.0,128.7989463,35.28290166,0.039735099337748346,0.0,0.0,0.0,0.0,0.0,-0.0,-0.0,0.039735099337748346,1088
마라16ab94aa,0.0,128.7789631,35.23577905,0.039735099337748346,0.0,0.0,0.0,0.0,0.0,-0.0,-0.0,0.039735099337748346,1088
마마28ab00ba,0.0,128.9118255,35.29290683,0.039735099337748346,0.0,0.0,0.0,0.0,0.0,-0.0,-0.0,0.039735099337748346,1088
마라34ba97ba,0.0,128.9800488,35.26504306,0.039735099337748346,0.0,0.0,0.0,0.0,0.0,-0.0,-0.0,0.039735099337748346,1088
마마24ab00ba,0.0,128.8678462,35.29341227,0.039735099337748346,0.0,0.0,0.0,0.0,0.0,-0.0,-0.0,0.039735099337748346,1088
마마25ab02bb,0.0,128.8791853,35.31356974,0.039735099337748346,0.0,0.0,0.0,0.0,0.0,-0.0,-0.0,0.039735099337748346,1088
마라19ba86ab,0.0,128.8135469,35.16553197,0.039735099337748346,0.0,0.0,0.0,0.0,0.0,-0.0,-0.0,0.039735099337748346,1088
마라18ba92ab,0.0,128.8034326,35.21973942,0.039735099337748346,0.0,0.0,0.0,0.0,0.0,-0.0,-0.0,0.039735099337748346,1088
마마10ab03bb,0.0,128.7143482,35.324354,0.039735099337748346,0.0,0.0,0.0,0.0,0.0,-0.0,-0.0,0.039735099337748346,1088
마라20bb96aa,0.0,128.8287007,35.25327571,0.039735099337748346,0.0,0.0,0.0,0.0,0.0,-0.0,-0.0,0.039735099337748346,1088
마마28ba00ab,0.0,128.914535,35.29062115,0.039735099337748346,0.0,0.0,0.0,0.0,0.0,-0.0,-0.0,0.039735099337748346,1088
마마14ba02ba,0.0,128.7609219,35.3126069,0.039735099337748346,0.0,0.0,0.0,0.0,0.0,-0.0,-0.0,0.039735099337748346,1088
마마22ab08ba,0.0,128.8470522,35.36577462,0.039735099337748346,0.0,0.0,0.0,0.0,0.0,-0.0,-0.0,0.039735099337748346,1088
마라21bb96aa,0.0,128.8396903,35.25315453,0.039735099337748346,0.0,0.0,0.0,0.0,0.0,-0.0,-0.0,0.039735099337748346,1088
마마17ab01ab,0.0,128.7909872,35.30101935,0.039735099337748346,0.0,0.0,0.0,0.0,0.0,-0.0,-0.0,0.039735099337748346,1088
마마25ba04aa,0.0,128.8821265,35.32480627,0.039735099337748346,0.0,0.0,0.0,0.0,0.0,-0.0,-0.0,0.039735099337748346,1088
마마27ba00bb,0.0,128.9036184,35.29525639,0.039735099337748346,0.0,0.0,0.0,0.0,0.0,-0.0,-0.0,0.039735099337748346,1088
마라34ab97bb,0.0,128.977342,35.26733016,0.013245033112582781,0.0,0.0,0.0,0.0,0.02590673575129534,-0.0,-0.0,0.03915176886387812,1089
마마20aa02ab,0.0,128.8213735,35.30970731,0.013245033112582781,0.0,0.0,0.0,0.0,0.02590673575129534,-0.0,-0.0,0.03915176886387812,1089
마마24ba01ab,0.0,128.8707089,35.30014196,0.033112582781456956,0.0,0.0,0.0,0.005840762373193974,0.0,-0.0,-0.0,0.03895334515465093,1090
마라20bb95ab,0.0,128.8285903,35.24651473,0.033112582781456956,0.0,0.0,0.0,0.005533353827236397,0.0,-0.0,-0.0,0.03864593660869335,1091
마라32bb95bb,0.0,128.960532,35.24950214,0.033112582781456956,0.0,0.0,0.0,0.005533353827236397,0.0,-0.0,-0.0,0.03864593660869335,1091
마라18ba87bb,0.0,128.8027846,35.1791728,0.033112582781456956,0.0,0.0,0.0,0.005533353827236397,0.0,-0.0,-0.0,0.03864593660869335,1091
마마22ab09ba,0.0,128.847202,35.37478901,0.24503311258278146,0.0,0.0,0.0,0.0018444512757454655,0.0,-0.0,-0.20833333333333334,0.038544230525193596,1092
마라21ab93bb,0.0,128.8338633,35.23293233,0.013245033112582781,0.12,0.0,0.0,0.2016600061481709,0.0,-0.0,-0.29651493258333333,0.03839010667742032,1093
마마16bb04bb,0.0,128.7859885,35.33262935,0.033112582781456956,0.0,0.0,0.0,0.005225945281278819,0.0,-0.0,-0.0,0.03833852806273577,1094
마마27ab07ba,0.0,128.9019198,35.35613446,0.019867549668874173,0.0,0.0,0.0,0.0178296956655395,0.0,-0.0,-0.0,0.037697245334413675,1095
마라16ab88ab,0.0,128.7781503,35.1839435,0.033112582781456956,0.0,0.0,0.0,0.004303719643406086,0.0,-0.0,-0.0,0.037416302424863046,1096
마마33aa04ab,0.0,128.9646588,35.32608846,0.033112582781456956,0.0,0.0,0.0,0.003381494005533354,0.0,-0.0,-0.0,0.03649407678699031,1097
마마14ba04bb,0.0,128.7612369,35.33289014,0.033112582781456956,0.0,0.0,0.0,0.0030740854595757753,0.0,-0.0,-0.0,0.036186668241032734,1098
마라24bb91bb,0.0,128.8720137,35.21447337,0.033112582781456956,0.0,0.0,0.0,0.0030740854595757753,0.0,-0.0,-0.0,0.036186668241032734,1098
마라13bb94aa,0.0,128.7514939,35.23606622,0.033112582781456956,0.0,0.0,0.0,0.0030740854595757753,0.0,-0.0,-0.0,0.036186668241032734,1098
마라19ba89bb,0.0,128.8140547,35.19708375,0.09271523178807947,0.16,0.0,0.0,0.2834306793728866,0.0,-0.5,-0.0,0.036145911160966104,1099
마라34ba99aa,0.0,128.9802948,35.27856409,0.033112582781456956,0.0,0.0,0.0,0.0027666769136181985,0.0,-0.0,-0.0,0.035879259695075154,1100
마라14aa98ab,0.0,128.7548313,35.27435108,0.033112582781456956,0.0,0.0,0.0,0.0,0.0025906735751295338,-0.0,-0.0,0.03570325635658649,1101
마라23aa87ba,0.0,128.8521559,35.17637754,0.033112582781456956,0.0,0.0,0.0,0.002459268367660621,0.0,-0.0,-0.0,0.035571851149117574,1102
마마22ab09aa,0.0,128.8471271,35.37028181,0.033112582781456956,0.0,0.0,0.0,0.002459268367660621,0.0,-0.0,-0.0,0.035571851149117574,1102
마라21ab96aa,0.0,128.8341955,35.25321525,0.033112582781456956,0.0,0.0,0.0,0.002459268367660621,0.0,-0.0,-0.0,0.035571851149117574,1102
마라14aa94ba,0.0,128.7543103,35.24054525,0.033112582781456956,0.0,0.0,0.0,0.0021518598217030436,0.0,-0.0,-0.0,0.03526444260316,1103
마마26ab06ab,0.0,128.8907233,35.34499379,0.033112582781456956,0.0,0.0,0.0,0.0021518598217030436,0.0,-0.0,-0.0,0.03526444260316,1103
마라23aa88ab,0.0,128.8522679,35.18313853,0.033112582781456956,0.0,0.0,0.0,0.0018444512757454655,0.0,-0.0,-0.0,0.03495703405720242,1104
마마25aa02bb,0.0,128.8764359,35.31360107,0.033112582781456956,0.0,0.0,0.0,0.0018444512757454655,0.0,-0.0,-0.0,0.03495703405720242,1104
마마22ab06aa,0.0,128.846678,35.34323858,0.033112582781456956,0.0,0.0,0.0,0.0018444512757454655,0.0,-0.0,-0.0,0.03495703405720242,1104
마라22aa88ba,0.0,128.8413248,35.18551432,0.033112582781456956,0.0,0.0,0.0,0.0018444512757454655,0.0,-0.0,-0.0,0.03495703405720242,1104
마마13ab01aa,0.0,128.7469668,35.29922723,0.026490066225165563,0.0,0.0,0.0,0.00768521364893944,0.0,-0.0,-0.0,0.034175279874105,1105
마마26ba05ba,0.0,128.8933577,35.33820142,0.026490066225165563,0.0,0.0,0.0,0.00768521364893944,0.0,-0.0,-0.0,0.034175279874105,1105
마라14ba95ab,0.0,128.759909,35.24724934,0.013245033112582781,0.0,0.0,0.0,0.0,0.02072538860103627,-0.0,-0.0,0.03397042171361905,1106
마라27aa99ba,0.0,128.8979271,35.28405218,0.026490066225165563,0.0,0.0,0.0,0.007377805102981862,0.0,-0.0,-0.0,0.03386787132814743,1107
마마15aa00ba,0.0,128.7661399,35.29451987,0.026490066225165563,0.0,0.0,0.0,0.007070396557024285,0.0,-0.0,-0.0,0.03356046278218985,1108
마라35ba97bb,0.0,128.9910806,35.26716159,0.026490066225165563,0.0,0.0,0.0,0.007070396557024285,0.0,-0.0,-0.0,0.03356046278218985,1108
마라17bb88aa,0.0,128.7945854,35.18151482,0.033112582781456956,0.0,0.0,0.0,0.0,0.0,-0.0,-0.0,0.033112582781456956,1109
마마13bb04aa,0.0,128.7528819,35.32621485,0.033112582781456956,0.0,0.0,0.0,0.0,0.0,-0.0,-0.0,0.033112582781456956,1109
마라30aa98ab,0.0,128.9307092,35.27239873,0.033112582781456956,0.0,0.0,0.0,0.0,0.0,-0.0,-0.0,0.033112582781456956,1109
마라21aa97ba,0.0,128.8316693,35.26676743,0.033112582781456956,0.0,0.0,0.0,0.0,0.0,-0.0,-0.0,0.033112582781456956,1109
마라21aa91bb,0.0,128.8308221,35.21493324,0.033112582781456956,0.0,0.0,0.0,0.0,0.0,-0.0,-0.0,0.033112582781456956,1109
마마12bb03ab,0.0,128.7417786,35.31956723,0.033112582781456956,0.0,0.0,0.0,0.0,0.0,-0.0,-0.0,0.033112582781456956,1109
마마17aa05ab,0.0,128.7888102,35.33710738,0.033112582781456956,0.0,0.0,0.0,0.0,0.0,-0.0,-0.0,0.033112582781456956,1109
마마11aa03ba,0.0,128.7225641,35.32201713,0.033112582781456956,0.0,0.0,0.0,0.0,0.0,-0.0,-0.0,0.033112582781456956,1109
마마17aa03ba,0.0,128.7885598,35.32133172,0.033112582781456956,0.0,0.0,0.0,0.0,0.0,-0.0,-0.0,0.033112582781456956,1109
마라23aa97bb,0.0,128.8536897,35.26877707,0.033112582781456956,0.0,0.0,0.0,0.0,0.0,-0.0,-0.0,0.033112582781456956,1109
마마30bb03ba,0.0,128.9397911,35.31962521,0.033112582781456956,0.0,0.0,0.0,0.0,0.0,-0.0,-0.0,0.033112582781456956,1109
마라24aa90aa,0.0,128.8635116,35.19879096,0.033112582781456956,0.0,0.0,0.0,0.0,0.0,-0.0,-0.0,0.033112582781456956,1109
마마21bb04bb,0.0,128.8409909,35.33203167,0.033112582781456956,0.0,0.0,0.0,0.0,0.0,-0.0,-0.0,0.033112582781456956,1109
마라20ba95aa,0.0,128.8258064,35.2442912,0.033112582781456956,0.0,0.0,0.0,0.0,0.0,-0.0,-0.0,0.033112582781456956,1109
마마29bb01bb,0.0,128.9285155,35.3039809,0.033112582781456956,0.0,0.0,0.0,0.0,0.0,-0.0,-0.0,0.033112582781456956,1109
마마15aa04bb,0.0,128.7667373,35.33283262,0.033112582781456956,0.0,0.0,0.0,0.0,0.0,-0.0,-0.0,0.033112582781456956,1109
마마20aa03aa,0.0,128.8214834,35.31646824,0.033112582781456956,0.0,0.0,0.0,0.0,0.0,-0.0,-0.0,0.033112582781456956,1109
마마22ab01aa,0.0,128.8459307,35.29816625,0.033112582781456956,0.0,0.0,0.0,0.0,0.0,-0.0,-0.0,0.033112582781456956,1109
마라20ab99aa,0.0,128.8236456,35.28037982,0.033112582781456956,0.0,0.0,0.0,0.0,0.0,-0.0,-0.0,0.033112582781456956,1109
마라22aa97ba,0.0,128.8426608,35.26664594,0.033112582781456956,0.0,0.0,0.0,0.0,0.0,-0.0,-0.0,0.033112582781456956,1109
마라15bb96ab,0.0,128.7737865,35.25612037,0.033112582781456956,0.0,0.0,0.0,0.0,0.0,-0.0,-0.0,0.033112582781456956,1109
마라16ab98aa,0.0,128.7795297,35.27183828,0.033112582781456956,0.0,0.0,0.0,0.0,0.0,-0.0,-0.0,0.033112582781456956,1109
마마20ba03bb,0.0,128.8270931,35.32316891,0.033112582781456956,0.0,0.0,0.0,0.0,0.0,-0.0,-0.0,0.033112582781456956,1109
마라22ab90ab,0.0,128.8443298,35.20125954,0.033112582781456956,0.0,0.0,0.0,0.0,0.0,-0.0,-0.0,0.033112582781456956,1109
마마27aa01ab,0.0,128.8981984,35.29982723,0.033112582781456956,0.0,0.0,0.0,0.0,0.0,-0.0,-0.0,0.033112582781456956,1109
마라16bb97ab,0.0,128.7849191,35.26501895,0.033112582781456956,0.0,0.0,0.0,0.0,0.0,-0.0,-0.0,0.033112582781456956,1109
마라35aa95ab,0.0,128.985174,35.24469415,0.033112582781456956,0.0,0.0,0.0,0.0,0.0,-0.0,-0.0,0.033112582781456956,1109
마라26bb93aa,0.0,128.8941748,35.22549043,0.033112582781456956,0.0,0.0,0.0,0.0,0.0,-0.0,-0.0,0.033112582781456956,1109
마라14bb93ba,0.0,128.7624118,35.23144465,0.033112582781456956,0.0,0.0,0.0,0.0,0.0,-0.0,-0.0,0.033112582781456956,1109
마마22ab06ab,0.0,128.8467154,35.34549219,0.033112582781456956,0.0,0.0,0.0,0.0,0.0,-0.0,-0.0,0.033112582781456956,1109
마라17ab99aa,0.0,128.7906651,35.28073625,0.033112582781456956,0.0,0.0,0.0,0.0,0.0,-0.0,-0.0,0.033112582781456956,1109
마마22aa00bb,0.0,128.8431446,35.29594318,0.033112582781456956,0.0,0.0,0.0,0.0,0.0,-0.0,-0.0,0.033112582781456956,1109
마라19bb97ab,0.0,128.8178933,35.26466423,0.033112582781456956,0.0,0.0,0.0,0.0,0.0,-0.0,-0.0,0.033112582781456956,1109
마마29ba00aa,0.0,128.9254898,35.2882385,0.033112582781456956,0.0,0.0,0.0,0.0,0.0,-0.0,-0.0,0.033112582781456956,1109
마마31ab03ba,0.0,128.9452902,35.31955959,0.033112582781456956,0.0,0.0,0.0,0.0,0.0,-0.0,-0.0,0.033112582781456956,1109
마라19ab91aa,0.0,128.8114903,35.20838198,0.033112582781456956,0.0,0.0,0.0,0.0,0.0,-0.0,-0.0,0.033112582781456956,1109
마라25ab91ab,0.0,128.8774297,35.20990374,0.033112582781456956,0.0,0.0,0.0,0.0,0.0,-0.0,-0.0,0.033112582781456956,1109
마라25ab95ba,0.0,128.8780774,35.24821531,0.033112582781456956,0.0,0.0,0.0,0.0,0.0,-0.0,-0.0,0.033112582781456956,1109
마마28ba02ab,0.0,128.9148488,35.30864962,0.033112582781456956,0.0,0.0,0.0,0.0,0.0,-0.0,-0.0,0.033112582781456956,1109
마라10ab99ab,0.0,128.7137421,35.28378669,0.033112582781456956,0.0,0.0,0.0,0.0,0.0,-0.0,-0.0,0.033112582781456956,1109
마마17aa01bb,0.0,128.7883096,35.30555602,0.033112582781456956,0.0,0.0,0.0,0.0,0.0,-0.0,-0.0,0.033112582781456956,1109
마마31aa05ab,0.0,128.942821,35.33536708,0.033112582781456956,0.0,0.0,0.0,0.0,0.0,-0.0,-0.0,0.033112582781456956,1109
마라35ab98ba,0.0,128.9884566,35.27395592,0.033112582781456956,0.0,0.0,0.0,0.0,0.0,-0.0,-0.0,0.033112582781456956,1109
마라21ab88ab,0.0,128.8330525,35.18335158,0.033112582781456956,0.0,0.0,0.0,0.0,0.0,-0.0,-0.0,0.033112582781456956,1109
마라24ba91ba,0.0,128.8692297,35.21225083,0.033112582781456956,0.0,0.0,0.0,0.0,0.0,-0.0,-0.0,0.033112582781456956,1109
마마13aa04aa,0.0,128.744632,35.32630007,0.033112582781456956,0.0,0.0,0.0,0.0,0.0,-0.0,-0.0,0.033112582781456956,1109
마마20aa01bb,0.0,128.8213002,35.30520002,0.033112582781456956,0.0,0.0,0.0,0.0,0.0,-0.0,-0.0,0.033112582781456956,1109
마라25ba99ba,0.0,128.8814367,35.28424166,0.033112582781456956,0.0,0.0,0.0,0.0,0.0,-0.0,-0.0,0.033112582781456956,1109
마라22ab92aa,0.0,128.8445899,35.21703516,0.033112582781456956,0.0,0.0,0.0,0.0,0.0,-0.0,-0.0,0.033112582781456956,1109
마라22ab95ba,0.0,128.8451107,35.24858628,0.033112582781456956,0.0,0.0,0.0,0.0,0.0,-0.0,-0.0,0.033112582781456956,1109
마라20bb90ba,0.0,128.8278925,35.20369502,0.033112582781456956,0.0,0.0,0.0,0.0,0.0,-0.0,-0.0,0.033112582781456956,1109
마마28aa00aa,0.0,128.9089987,35.28843175,0.033112582781456956,0.0,0.0,0.0,0.0,0.0,-0.0,-0.0,0.033112582781456956,1109
마라13ba96ba,0.0,128.7490927,35.25863191,0.033112582781456956,0.0,0.0,0.0,0.0,0.0,-0.0,-0.0,0.033112582781456956,1109
마라13ba95bb,0.0,128.7489889,35.25187073,0.033112582781456956,0.0,0.0,0.0,0.0,0.0,-0.0,-0.0,0.033112582781456956,1109
마마16ab01aa,0.0,128.7799553,35.29888256,0.033112582781456956,0.0,0.0,0.0,0.0,0.0,-0.0,-0.0,0.033112582781456956,1109
마마23ba03bb,0.0,128.8600903,35.32280217,0.033112582781456956,0.0,0.0,0.0,0.0,0.0,-0.0,-0.0,0.033112582781456956,1109
마마19bb00bb,0.0,128.8184047,35.29621543,0.033112582781456956,0.0,0.0,0.0,0.0,0.0,-0.0,-0.0,0.033112582781456956,1109
마라18bb94ba,0.0,128.8065041,35.239993,0.033112582781456956,0.0,0.0,0.0,0.0,0.0,-0.0,-0.0,0.033112582781456956,1109
마마29bb00ba,0.0,128.9283175,35.29271317,0.033112582781456956,0.0,0.0,0.0,0.0,0.0,-0.0,-0.0,0.033112582781456956,1109
마라14ba97ba,0.0,128.760223,35.2675328,0.033112582781456956,0.0,0.0,0.0,0.0,0.0,-0.0,-0.0,0.033112582781456956,1109
마라31bb93ba,0.0,128.9491825,35.22935236,0.033112582781456956,0.0,0.0,0.0,0.0,0.0,-0.0,-0.0,0.033112582781456956,1109
마라15ba93aa,0.0,128.7705818,35.22685098,0.033112582781456956,0.0,0.0,0.0,0.0,0.0,-0.0,-0.0,0.033112582781456956,1109
마마17ba06ab,0.0,128.7944546,35.34606323,0.033112582781456956,0.0,0.0,0.0,0.0,0.0,-0.0,-0.0,0.033112582781456956,1109
마라34bb98ab,0.0,128.9829196,35.27176992,0.033112582781456956,0.0,0.0,0.0,0.0,0.0,-0.0,-0.0,0.033112582781456956,1109
마라21ab93ab,0.0,128.8337895,35.22842501,0.033112582781456956,0.0,0.0,0.0,0.0,0.0,-0.0,-0.0,0.033112582781456956,1109
마마20ab00ab,0.0,128.8238291,35.29164808,0.033112582781456956,0.0,0.0,0.0,0.0,0.0,-0.0,-0.0,0.033112582781456956,1109
마라35ab99aa,0.0,128.9885391,35.27846291,0.033112582781456956,0.0,0.0,0.0,0.0,0.0,-0.0,-0.0,0.033112582781456956,1109
마라24aa92aa,0.0,128.8638131,35.21682011,0.033112582781456956,0.0,0.0,0.0,0.0,0.0,-0.0,-0.0,0.033112582781456956,1109
마마28aa00ba,0.0,128.9090768,35.29293889,0.033112582781456956,0.0,0.0,0.0,0.0,0.0,-0.0,-0.0,0.033112582781456956,1109
마마28aa00bb,0.0,128.9091159,35.29519246,0.033112582781456956,0.0,0.0,0.0,0.0,0.0,-0.0,-0.0,0.033112582781456956,1109
마라31bb94ba,0.0,128.9493428,35.23836656,0.026490066225165563,0.0,0.0,0.0,0.0064555794651091295,0.0,-0.0,-0.0,0.032945645690274694,1110
마라24ba88ba,0.0,128.8687759,35.18520714,0.026490066225165563,0.0,0.0,0.0,0.0064555794651091295,0.0,-0.0,-0.0,0.032945645690274694,1110
마라29aa99bb,0.0,128.9199534,35.28604961,0.026490066225165563,0.0,0.0,0.0,0.005840762373193974,0.0,-0.0,-0.0,0.032330828598359534,1111
마라35bb99ba,0.0,128.994118,35.28290212,0.019867549668874173,0.0,0.0,0.0,0.012296341838303101,0.0,-0.0,-0.0,0.03216389150717727,1112
마라14bb95ab,0.0,128.7626563,35.24722071,0.026490066225165563,0.0,0.0,0.0,0.005533353827236397,0.0,-0.0,-0.0,0.03202342005240196,1113
마라34ab93bb,0.0,128.9766879,35.2312739,0.026490066225165563,0.0,0.0,0.0,0.005533353827236397,0.0,-0.0,-0.0,0.03202342005240196,1113
마라26ba94ab,0.0,128.8916209,35.23679007,0.013245033112582781,0.0,0.0,0.0,0.018751921303412234,0.0,-0.0,-0.0,0.03199695441599502,1114
마라13bb93ba,0.0,128.7514247,35.23155876,0.026490066225165563,0.0,0.0,0.0,0.005225945281278819,0.0,-0.0,-0.0,0.03171601150644438,1115
마마22ba08bb,0.0,128.849841,35.36799751,0.026490066225165563,0.0,0.0,0.0,0.005225945281278819,0.0,-0.0,-0.0,0.03171601150644438,1115
마라21ab86ba,0.0,128.832795,35.1675758,0.019867549668874173,0.0,0.0,0.0,0.011681524746387948,0.0,-0.0,-0.0,0.03154907441526212,1116
마라36ab96ba,0.0,128.9991161,35.25579226,0.019867549668874173,0.0,0.0,0.0,0.011681524746387948,0.0,-0.0,-0.0,0.03154907441526212,1116
마마20ab09ba,0.0,128.8251897,35.37503246,0.019867549668874173,0.0,0.0,0.0,0.011374116200430372,0.0,-0.0,-0.0,0.031241665869304547,1117
마마23aa04aa,0.0,128.8546284,35.32511753,0.0,0.0,0.0,0.0,0.0,0.031088082901554404,-0.0,-0.0,0.031088082901554404,1118
마마30ab01aa,0.0,128.9338942,35.2971552,0.0,0.0,0.0,0.0,0.0,0.031088082901554404,-0.0,-0.0,0.031088082901554404,1118
마라32ba96aa,0.0,128.9578252,35.25178881,0.0,0.0,0.0,0.0,0.0,0.031088082901554404,-0.0,-0.0,0.031088082901554404,1118
마라13ba97ba,0.0,128.749231,35.26764681,0.17880794701986755,0.0,0.0,0.0,0.0021518598217030436,0.0,-0.0,-0.15,0.030959806841570597,1119
마마10ba02ba,0.19780219780219782,128.7169292,35.31305769,0.026490066225165563,0.0,0.0,0.0,0.004303719643406086,0.0,-0.0,-0.0,0.03079378586857165,1120
마라13ab99bb,0.0,128.7467939,35.28795865,0.026490066225165563,0.0,0.0,0.0,0.004303719643406086,0.0,-0.0,-0.0,0.03079378586857165,1120
마마09bb01ab,0.0,128.7085129,35.30187172,0.026490066225165563,0.0,0.0,0.0,0.004303719643406086,0.0,-0.0,-0.0,0.03079378586857165,1120
마라20aa96ab,0.0,128.8204949,35.25561961,0.09933774834437085,0.08,0.0,0.0,0.005840762373193974,0.0,-0.0,-0.15469653183333335,0.030481978884231486,1121
마마20ab01aa,0.0,128.8239392,35.29840902,0.026490066225165563,0.0,0.0,0.0,0.003688902551490931,0.0,-0.0,-0.0,0.030178968776656493,1122
마라23ab88ba,0.0,128.8550504,35.18536151,0.026490066225165563,0.0,0.0,0.0,0.003688902551490931,0.0,-0.0,-0.0,0.030178968776656493,1122
마라10bb99bb,0.0,128.7193068,35.28823888,0.026490066225165563,0.0,0.0,0.0,0.003688902551490931,0.0,-0.0,-0.0,0.030178968776656493,1122
마라35ba94aa,0.0,128.9904617,35.23335906,0.026490066225165563,0.0,0.0,0.0,0.003688902551490931,0.0,-0.0,-0.0,0.030178968776656493,1122
마라32aa93ba,0.0,128.951929,35.22931944,0.026490066225165563,0.0,0.0,0.0,0.003688902551490931,0.0,-0.0,-0.0,0.030178968776656493,1122
마라33bb94ab,0.0,128.9712763,35.23584785,0.026490066225165563,0.0,0.0,0.0,0.003381494005533354,0.0,-0.0,-0.0,0.029871560230698917,1123
마라29aa94bb,0.0,128.9191672,35.24097824,0.026490066225165563,0.0,0.0,0.0,0.003381494005533354,0.0,-0.0,-0.0,0.029871560230698917,1123
마마26ba05ab,0.0,128.893319,35.33594785,0.026490066225165563,0.0,0.0,0.0,0.0030740854595757753,0.0,-0.0,-0.0,0.029564151684741337,1124
마라30ab92bb,0.0,128.9325847,35.22278785,0.026490066225165563,0.0,0.0,0.0,0.0030740854595757753,0.0,-0.0,-0.0,0.029564151684741337,1124
마마21ba08aa,0.0,128.8387241,35.36135914,0.026490066225165563,0.0,0.0,0.0,0.0027666769136181985,0.0,-0.0,-0.0,0.02925674313878376,1125
마마19ba00ab,0.0,128.8155829,35.29173806,0.026490066225165563,0.0,0.0,0.0,0.0027666769136181985,0.0,-0.0,-0.0,0.02925674313878376,1125
마마19bb09ab,0.0,128.8196499,35.37283908,0.026490066225165563,0.0,0.0,0.0,0.0027666769136181985,0.0,-0.0,-0.0,0.02925674313878376,1125
마마09bb01bb,0.0,128.7085799,35.3063792,0.026490066225165563,0.0,0.0,0.0,0.0027666769136181985,0.0,-0.0,-0.0,0.02925674313878376,1125
마마24ab03ba,0.0,128.8683015,35.32045549,0.019867549668874173,0.0,0.0,0.0,0.009222256378727329,0.0,-0.0,-0.0,0.029089806047601502,1126
마라21ab91ba,0.0,128.8335314,35.21264935,0.026490066225165563,0.0,0.0,0.0,0.0,0.0025906735751295338,-0.0,-0.0,0.029080739800295095,1127
마라11bb92ba,0.0,128.7293143,35.22276895,0.026490066225165563,0.0,0.0,0.0,0.002459268367660621,0.0,-0.0,-0.0,0.028949334592826184,1128
마라26aa98ba,0.0,128.8867798,35.27516437,0.026490066225165563,0.0,0.0,0.0,0.002459268367660621,0.0,-0.0,-0.0,0.028949334592826184,1128
마마09ba00ba,0.0,128.7056634,35.29513791,0.026490066225165563,0.0,0.0,0.0,0.002459268367660621,0.0,-0.0,-0.0,0.028949334592826184,1128
마마26bb06aa,0.0,128.8961854,35.34267681,0.026490066225165563,0.0,0.0,0.0,0.002459268367660621,0.0,-0.0,-0.0,0.028949334592826184,1128
마라15aa96ba,0.0,128.7655788,35.25846058,0.026490066225165563,0.0,0.0,0.0,0.002459268367660621,0.0,-0.0,-0.0,0.028949334592826184,1128
마마15ab01ab,0.0,128.7689944,35.30125214,0.026490066225165563,0.0,0.0,0.0,0.002459268367660621,0.0,-0.0,-0.0,0.028949334592826184,1128
마라14bb88ab,0.0,128.7616794,35.18411623,0.026490066225165563,0.0,0.0,0.0,0.002459268367660621,0.0,-0.0,-0.0,0.028949334592826184,1128
마라12ab96ab,0.0,128.7353199,35.25651923,0.026490066225165563,0.0,0.0,0.0,0.002459268367660621,0.0,-0.0,-0.0,0.028949334592826184,1128
마라34ba93ba,0.0,128.9793935,35.22898683,0.026490066225165563,0.0,0.0,0.0,0.0021518598217030436,0.0,-0.0,-0.0,0.028641926046868608,1129
마마19ab03bb,0.0,128.813344,35.32331906,0.026490066225165563,0.0,0.0,0.0,0.0021518598217030436,0.0,-0.0,-0.0,0.028641926046868608,1129
마마22ab00bb,0.0,128.8458934,35.29591262,0.026490066225165563,0.0,0.0,0.0,0.0021518598217030436,0.0,-0.0,-0.0,0.028641926046868608,1129
마라14ab94aa,0.0,128.7569878,35.23600929,0.026490066225165563,0.0,0.0,0.0,0.0018444512757454655,0.0,-0.0,-0.0,0.028334517500911028,1130
마마14ba01bb,0.0,128.760817,35.30584581,0.019867549668874173,0.0,0.0,0.0,0.008300030740854595,0.0,-0.0,-0.0,0.02816758040972877,1131
마마14aa02ba,0.0,128.7554229,35.31266413,0.2185430463576159,0.0,0.0,0.0,0.0,0.0,-0.0,-0.1906189788333333,0.027924067524282586,1132
마라22ba87ba,0.0,128.8466663,35.17643871,0.019867549668874173,0.0,0.0,0.0,0.007992622194897018,0.0,-0.0,-0.0,0.02786017186377119,1133
마라18aa93ba,0.0,128.7981194,35.23106693,0.019867549668874173,0.0,0.0,0.0,0.0,0.007772020725388601,-0.0,-0.0,0.027639570394262774,1134
마라24bb93ba,0.0,128.8722792,35.23024878,0.019867549668874173,0.0,0.0,0.0,0.00768521364893944,0.0,-0.0,-0.0,0.027552763317813613,1135
마라31aa95ab,0.0,128.9412221,35.24522564,0.019867549668874173,0.0,0.0,0.0,0.007377805102981862,0.0,-0.0,-0.0,0.027245354771856037,1136
마라22aa93ba,0.0,128.8420664,35.23058758,0.13245033112582782,0.0,0.0,0.0,0.0,0.0,-0.0,-0.10546724466666667,0.026983086459161157,1137
마라25ab95aa,0.0,128.8780012,35.24370808,0.013245033112582781,0.0,0.0,0.0,0.013525976022133415,0.0,-0.0,-0.0,0.026771009134716195,1138
마마11ab01bb,0.0,128.725076,35.3062132,0.2185430463576159,0.08,0.0,0.0,0.11466338764217644,0.0,-0.0,-0.386632948,0.026573485999792368,1139
마라12bb96aa,0.0,128.7407809,35.25420926,0.026490066225165563,0.0,0.0,0.0,0.0,0.0,-0.0,-0.0,0.026490066225165563,1140
마라23aa90ba,0.0,128.8526041,35.20342146,0.026490066225165563,0.0,0.0,0.0,0.0,0.0,-0.0,-0.0,0.026490066225165563,1140
마마17aa02aa,0.0,128.7883453,35.30780969,0.026490066225165563,0.0,0.0,0.0,0.0,0.0,-0.0,-0.0,0.026490066225165563,1140
마라12bb94ab,0.0,128.7405405,35.23843309,0.026490066225165563,0.0,0.0,0.0,0.0,0.0,-0.0,-0.0,0.026490066225165563,1140
마마19ba03ba,0.0,128.8160573,35.32103551,0.026490066225165563,0.0,0.0,0.0,0.0,0.0,-0.0,-0.0,0.026490066225165563,1140
마마17bb05aa,0.0,128.7970251,35.33476547,0.026490066225165563,0.0,0.0,0.0,0.0,0.0,-0.0,-0.0,0.026490066225165563,1140
마마17aa00aa,0.0,128.7880595,35.28978027,0.026490066225165563,0.0,0.0,0.0,0.0,0.0,-0.0,-0.0,0.026490066225165563,1140
마마28aa01ab,0.0,128.909194,35.29969959,0.026490066225165563,0.0,0.0,0.0,0.0,0.0,-0.0,-0.0,0.026490066225165563,1140
마라17bb99aa,0.0,128.7961619,35.28067747,0.026490066225165563,0.0,0.0,0.0,0.0,0.0,-0.0,-0.0,0.026490066225165563,1140
마라17aa88ba,0.0,128.7864213,35.18611002,0.026490066225165563,0.0,0.0,0.0,0.0,0.0,-0.0,-0.0,0.026490066225165563,1140
마라25ba99bb,0.0,128.8814749,35.28649525,0.026490066225165563,0.0,0.0,0.0,0.0,0.0,-0.0,-0.0,0.026490066225165563,1140
마마13ba01bb,0.0,128.7498198,35.30595998,0.026490066225165563,0.0,0.0,0.0,0.0,0.0,-0.0,-0.0,0.026490066225165563,1140
마마16aa01ab,0.0,128.7772417,35.30116532,0.026490066225165563,0.0,0.0,0.0,0.0,0.0,-0.0,-0.0,0.026490066225165563,1140
마마15bb00ba,0.0,128.7743866,35.29443325,0.026490066225165563,0.0,0.0,0.0,0.0,0.0,-0.0,-0.0,0.026490066225165563,1140
마라19ab92bb,0.0,128.8117441,35.22415779,0.026490066225165563,0.0,0.0,0.0,0.0,0.0,-0.0,-0.0,0.026490066225165563,1140
마마17bb02aa,0.0,128.7965932,35.30772153,0.026490066225165563,0.0,0.0,0.0,0.0,0.0,-0.0,-0.0,0.026490066225165563,1140
마라36aa99aa,0.0,128.9967833,35.27836116,0.026490066225165563,0.0,0.0,0.0,0.0,0.0,-0.0,-0.0,0.026490066225165563,1140
마라34bb94aa,0.0,128.9822219,35.23346026,0.026490066225165563,0.0,0.0,0.0,0.0,0.0,-0.0,-0.0,0.026490066225165563,1140
마라34bb95ba,0.0,128.982468,35.24698135,0.026490066225165563,0.0,0.0,0.0,0.0,0.0,-0.0,-0.0,0.026490066225165563,1140
마마14ab03aa,0.0,128.7582422,35.31714294,0.026490066225165563,0.0,0.0,0.0,0.0,0.0,-0.0,-0.0,0.026490066225165563,1140
마마14ba03bb,0.0,128.7610968,35.32387538,0.026490066225165563,0.0,0.0,0.0,0.0,0.0,-0.0,-0.0,0.026490066225165563,1140
마마19bb01aa,0.0,128.8184413,35.29846908,0.026490066225165563,0.0,0.0,0.0,0.0,0.0,-0.0,-0.0,0.026490066225165563,1140
마라15ab95bb,0.0,128.7682211,35.25167067,0.026490066225165563,0.0,0.0,0.0,0.0,0.0,-0.0,-0.0,0.026490066225165563,1140
마마17ba03ab,0.0,128.7940234,35.31901932,0.026490066225165563,0.0,0.0,0.0,0.0,0.0,-0.0,-0.0,0.026490066225165563,1140
마라23ba89bb,0.0,128.857983,35.19659903,0.026490066225165563,0.0,0.0,0.0,0.0,0.0,-0.0,-0.0,0.026490066225165563,1140
마라23ba92aa,0.0,128.8583208,35.21688186,0.026490066225165563,0.0,0.0,0.0,0.0,0.0,-0.0,-0.0,0.026490066225165563,1140
마라22ab92ab,0.0,128.8446271,35.21928882,0.026490066225165563,0.0,0.0,0.0,0.0,0.0,-0.0,-0.0,0.026490066225165563,1140
마라20bb91bb,0.0,128.828076,35.2149634,0.026490066225165563,0.0,0.0,0.0,0.0,0.0,-0.0,-0.0,0.026490066225165563,1140
마마20bb02ba,0.0,128.8296584,35.31187053,0.026490066225165563,0.0,0.0,0.0,0.0,0.0,-0.0,-0.0,0.026490066225165563,1140
마라21ba94ba,0.0,128.8367209,35.239663,0.026490066225165563,0.0,0.0,0.0,0.0,0.0,-0.0,-0.0,0.026490066225165563,1140
마라20aa99ab,0.0,128.8209339,35.28266352,0.026490066225165563,0.0,0.0,0.0,0.0,0.0,-0.0,-0.0,0.026490066225165563,1140
마마18aa02bb,0.0,128.7994507,35.31445301,0.026490066225165563,0.0,0.0,0.0,0.0,0.0,-0.0,-0.0,0.026490066225165563,1140
마라21ba98aa,0.0,128.8372391,35.2712141,0.026490066225165563,0.0,0.0,0.0,0.0,0.0,-0.0,-0.0,0.026490066225165563,1140
마마28bb01bb,0.0,128.9175193,35.30411031,0.026490066225165563,0.0,0.0,0.0,0.0,0.0,-0.0,-0.0,0.026490066225165563,1140
마마28ba06ab,0.0,128.9154773,35.34470641,0.026490066225165563,0.0,0.0,0.0,0.0,0.0,-0.0,-0.0,0.026490066225165563,1140
마라12aa99ba,0.0,128.7330162,35.28584582,0.026490066225165563,0.0,0.0,0.0,0.0,0.0,-0.0,-0.0,0.026490066225165563,1140
마라35bb94aa,0.0,128.9932082,35.2333252,0.026490066225165563,0.0,0.0,0.0,0.0,0.0,-0.0,-0.0,0.026490066225165563,1140
마라27bb96bb,0.0,128.9057438,35.25916723,0.026490066225165563,0.0,0.0,0.0,0.0,0.0,-0.0,-0.0,0.026490066225165563,1140
마라16bb93aa,0.0,128.7843148,35.22670604,0.026490066225165563,0.0,0.0,0.0,0.0,0.0,-0.0,-0.0,0.026490066225165563,1140
마마27aa00aa,0.0,128.8980046,35.28855934,0.026490066225165563,0.0,0.0,0.0,0.0,0.0,-0.0,-0.0,0.026490066225165563,1140
마라11ba98ba,0.0,128.7273829,35.27688679,0.026490066225165563,0.0,0.0,0.0,0.0,0.0,-0.0,-0.0,0.026490066225165563,1140
마라17ba91ab,0.0,128.7923044,35.2108424,0.026490066225165563,0.0,0.0,0.0,0.0,0.0,-0.0,-0.0,0.026490066225165563,1140
마라21bb99ba,0.0,128.8402099,35.28470552,0.026490066225165563,0.0,0.0,0.0,0.0,0.0,-0.0,-0.0,0.026490066225165563,1140
마마31aa02bb,0.0,128.9424206,35.31283185,0.026490066225165563,0.0,0.0,0.0,0.0,0.0,-0.0,-0.0,0.026490066225165563,1140
마마30bb05ab,0.0,128.9400709,35.33539988,0.026490066225165563,0.0,0.0,0.0,0.0,0.0,-0.0,-0.0,0.026490066225165563,1140
마마19aa04aa,0.0,128.8106306,35.32560255,0.026490066225165563,0.0,0.0,0.0,0.0,0.0,-0.0,-0.0,0.026490066225165563,1140
마라22aa89aa,0.0,128.8413989,35.19002166,0.026490066225165563,0.0,0.0,0.0,0.0,0.0,-0.0,-0.0,0.026490066225165563,1140
마라14aa93ba,0.0,128.7541715,35.23153032,0.026490066225165563,0.0,0.0,0.0,0.0,0.0,-0.0,-0.0,0.026490066225165563,1140
마라34aa95bb,0.0,128.9742677,35.24933556,0.026490066225165563,0.0,0.0,0.0,0.0,0.0,-0.0,-0.0,0.026490066225165563,1140
마라20ab98ab,0.0,128.8235356,35.27361886,0.026490066225165563,0.0,0.0,0.0,0.0,0.0,-0.0,-0.0,0.026490066225165563,1140
마라20ab88bb,0.0,128.8221452,35.18797933,0.026490066225165563,0.0,0.0,0.0,0.0,0.0,-0.0,-0.0,0.026490066225165563,1140
마마18ab02aa,0.0,128.8020918,35.30766244,0.026490066225165563,0.0,0.0,0.0,0.0,0.0,-0.0,-0.0,0.026490066225165563,1140
마마22ba10aa,0.0,128.8500286,35.37926548,0.026490066225165563,0.0,0.0,0.0,0.0,0.0,-0.0,-0.0,0.026490066225165563,1140
마라22aa96ba,0.0,128.8425121,35.25763137,0.026490066225165563,0.0,0.0,0.0,0.0,0.0,-0.0,-0.0,0.026490066225165563,1140
마라33ab94ab,0.0,128.9657829,35.23591452,0.026490066225165563,0.0,0.0,0.0,0.0,0.0,-0.0,-0.0,0.026490066225165563,1140
마마15ab04ab,0.0,128.769417,35.32829641,0.026490066225165563,0.0,0.0,0.0,0.0,0.0,-0.0,-0.0,0.026490066225165563,1140
마라31ba93bb,0.0,128.946476,35.23163877,0.026490066225165563,0.0,0.0,0.0,0.0,0.0,-0.0,-0.0,0.026490066225165563,1140
마마19bb00aa,0.0,128.8182951,35.28945448,0.026490066225165563,0.0,0.0,0.0,0.0,0.0,-0.0,-0.0,0.026490066225165563,1140
마라19bb99bb,0.0,128.8182585,35.28720082,0.026490066225165563,0.0,0.0,0.0,0.0,0.0,-0.0,-0.0,0.026490066225165563,1140
마라19ab97aa,0.0,128.8123613,35.2624703,0.026490066225165563,0.0,0.0,0.0,0.0,0.0,-0.0,-0.0,0.026490066225165563,1140
마마32aa02bb,0.0,128.9534178,35.31270015,0.026490066225165563,0.0,0.0,0.0,0.0,0.0,-0.0,-0.0,0.026490066225165563,1140
마마21ba04bb,0.0,128.8382408,35.33206215,0.026490066225165563,0.0,0.0,0.0,0.0,0.0,-0.0,-0.0,0.026490066225165563,1140
마마19ab07bb,0.0,128.8139278,35.35937728,0.026490066225165563,0.0,0.0,0.0,0.0,0.0,-0.0,-0.0,0.026490066225165563,1140
마라32ba96ba,0.0,128.9579059,35.25629587,0.026490066225165563,0.0,0.0,0.0,0.0,0.0,-0.0,-0.0,0.026490066225165563,1140
마마29ba06ba,0.0,128.9265186,35.34683059,0.026490066225165563,0.0,0.0,0.0,0.0,0.0,-0.0,-0.0,0.026490066225165563,1140
마라20ba92bb,0.0,128.8254764,35.22400819,0.026490066225165563,0.0,0.0,0.0,0.0,0.0,-0.0,-0.0,0.026490066225165563,1140
마마19ba00aa,0.0,128.8155464,35.28948441,0.026490066225165563,0.0,0.0,0.0,0.0,0.0,-0.0,-0.0,0.026490066225165563,1140
마라14bb97ab,0.0,128.762936,35.26525043,0.026490066225165563,0.0,0.0,0.0,0.0,0.0,-0.0,-0.0,0.026490066225165563,1140
마라14ab97ba,0.0,128.757475,35.2675614,0.026490066225165563,0.0,0.0,0.0,0.0,0.0,-0.0,-0.0,0.026490066225165563,1140
마마30bb03ab,0.0,128.9397512,35.31737168,0.026490066225165563,0.0,0.0,0.0,0.0,0.0,-0.0,-0.0,0.026490066225165563,1140
마마25ab02ba,0.0,128.8791471,35.31131615,0.026490066225165563,0.0,0.0,0.0,0.0,0.0,-0.0,-0.0,0.026490066225165563,1140
마마30aa01ab,0.0,128.9311851,35.29944131,0.026490066225165563,0.0,0.0,0.0,0.0,0.0,-0.0,-0.0,0.026490066225165563,1140
마마31aa02ba,0.0,128.9423806,35.31057832,0.026490066225165563,0.0,0.0,0.0,0.0,0.0,-0.0,-0.0,0.026490066225165563,1140
마라35ba99aa,0.0,128.9912871,35.27842906,0.026490066225165563,0.0,0.0,0.0,0.0,0.0,-0.0,-0.0,0.026490066225165563,1140
마라19aa93aa,0.0,128.8090338,35.22644121,0.026490066225165563,0.0,0.0,0.0,0.0,0.0,-0.0,-0.0,0.026490066225165563,1140
마마22ab08bb,0.0,128.8470897,35.36802822,0.026490066225165563,0.0,0.0,0.0,0.0,0.0,-0.0,-0.0,0.026490066225165563,1140
마라17ba91ba,0.0,128.7923401,35.2130961,0.026490066225165563,0.0,0.0,0.0,0.0,0.0,-0.0,-0.0,0.026490066225165563,1140
마마17aa04bb,0.0,128.7887386,35.33260006,0.026490066225165563,0.0,0.0,0.0,0.0,0.0,-0.0,-0.0,0.026490066225165563,1140
마라26ab99ab,0.0,128.8896434,35.28189361,0.026490066225165563,0.0,0.0,0.0,0.0,0.0,-0.0,-0.0,0.026490066225165563,1140
마마29aa06ab,0.0,128.9209781,35.34464186,0.026490066225165563,0.0,0.0,0.0,0.0,0.0,-0.0,-0.0,0.026490066225165563,1140
마마25ab01bb,0.0,128.8790323,35.30455538,0.026490066225165563,0.0,0.0,0.0,0.0,0.0,-0.0,-0.0,0.026490066225165563,1140
마라24aa99aa,0.0,128.8648704,35.27992166,0.026490066225165563,0.0,0.0,0.0,0.0,0.0,-0.0,-0.0,0.026490066225165563,1140
마마32ba02aa,0.0,128.958795,35.30587339,0.026490066225165563,0.0,0.0,0.0,0.0,0.0,-0.0,-0.0,0.026490066225165563,1140
마마17aa05aa,0.0,128.7887744,35.33485372,0.026490066225165563,0.0,0.0,0.0,0.0,0.0,-0.0,-0.0,0.026490066225165563,1140
마라26ab95ab,0.0,128.8890278,35.24583605,0.026490066225165563,0.0,0.0,0.0,0.0,0.0,-0.0,-0.0,0.026490066225165563,1140
마라18aa99ba,0.0,128.7989823,35.28515533,0.026490066225165563,0.0,0.0,0.0,0.0,0.0,-0.0,-0.0,0.026490066225165563,1140
마라10ba99ab,0.0,128.7164907,35.28375908,0.026490066225165563,0.0,0.0,0.0,0.0,0.0,-0.0,-0.0,0.026490066225165563,1140
마라32aa94ba,0.0,128.9520896,35.23833363,0.019867549668874173,0.0,0.0,0.0,0.0064555794651091295,0.0,-0.0,-0.0,0.026323129133983304,1141
마라32aa93bb,0.0,128.9519691,35.23157299,0.019867549668874173,0.0,0.0,0.0,0.0064555794651091295,0.0,-0.0,-0.0,0.026323129133983304,1141
마라22ba92ba,0.0,128.8474106,35.22151194,0.1390728476821192,0.0,0.0,0.0,0.003688902551490931,0.0,-0.0,-0.11666666666666667,0.026095083566943456,1142
마라35ab98aa,0.0,128.9883741,35.26944893,0.019867549668874173,0.0,0.0,0.0,0.006148170919151552,0.0,-0.0,-0.0,0.026015720588025724,1143
마라36ba96ba,0.0,129.0018635,35.25575818,0.0,0.0,0.0,0.0,0.0,0.02590673575129534,-0.0,-0.0,0.02590673575129534,1144
마라17ba88ab,0.0,128.791876,35.18379785,0.013245033112582781,0.0,0.0,0.0,0.012603750384260681,0.0,-0.0,-0.0,0.025848783496843462,1145
마라23bb90aa,0.0,128.8607661,35.19882185,0.019867549668874173,0.0,0.0,0.0,0.005840762373193974,0.0,-0.0,-0.0,0.025708312042068148,1146
마라27ab97ba,0.0,128.9003651,35.26599172,0.019867549668874173,0.0,0.0,0.0,0.005533353827236397,0.0,-0.0,-0.0,0.025400903496110572,1147
마라33ba93ba,0.0,128.9684078,35.22912062,0.019867549668874173,0.0,0.0,0.0,0.005533353827236397,0.0,-0.0,-0.0,0.025400903496110572,1147
마마24ba03bb,0.0,128.8710892,35.32267793,0.0,0.0,0.0,0.0,0.0018444512757454655,0.023316062176165803,-0.0,-0.0,0.025160513451911268,1148
마라14aa95ba,0.0,128.7544491,35.24956015,0.08609271523178808,0.0,0.0,0.0,0.08422994159237626,0.0,-0.0,-0.14558044316666668,0.024742213657497653,1149
마라15ab92bb,0.0,128.7678001,35.22462606,0.019867549668874173,0.0,0.0,0.0,0.0046111281893636644,0.0,-0.0,-0.0,0.02447867785823784,1150
마라32bb96aa,0.0,128.9605724,35.25175567,0.019867549668874173,0.0,0.0,0.0,0.004303719643406086,0.0,-0.0,-0.0,0.02417126931228026,1151
마라36ab97aa,0.0,128.9991992,35.26029924,0.013245033112582781,0.0,0.0,0.0,0.010759299108515216,0.0,-0.0,-0.0,0.024004332221097997,1152
마라24bb92ab,0.0,128.8720895,35.21898063,0.019867549668874173,0.0,0.0,0.0,0.003996311097448509,0.0,-0.0,-0.0,0.023863860766322683,1153
마라15aa99ab,0.0,128.7659645,35.28325137,0.013245033112582781,0.0,0.0,0.0,0.0,0.010362694300518135,-0.0,-0.0,0.023607727413100917,1154
마마26ba00aa,0.0,128.8925075,35.28862276,0.019867549668874173,0.0,0.0,0.0,0.003688902551490931,0.0,-0.0,-0.0,0.023556452220365103,1155
마마22ab09ab,0.0,128.8471646,35.37253541,0.019867549668874173,0.0,0.0,0.0,0.003688902551490931,0.0,-0.0,-0.0,0.023556452220365103,1155
마마22bb07bb,0.0,128.8524419,35.35895236,0.019867549668874173,0.0,0.0,0.0,0.003688902551490931,0.0,-0.0,-0.0,0.023556452220365103,1155
마라12bb94bb,0.0,128.7406092,35.24294057,0.0,0.0,0.0,0.0,0.0,0.023316062176165803,-0.0,-0.0,0.023316062176165803,1156
마마14bb01bb,0.0,128.7635662,35.30581711,0.019867549668874173,0.0,0.0,0.0,0.003381494005533354,0.0,-0.0,-0.0,0.023249043674407527,1157
마라20aa94aa,0.0,128.8201661,35.23533659,0.019867549668874173,0.0,0.0,0.0,0.003381494005533354,0.0,-0.0,-0.0,0.023249043674407527,1157
마라14ba92bb,0.0,128.7595605,35.22471208,0.019867549668874173,0.0,0.0,0.0,0.003381494005533354,0.0,-0.0,-0.0,0.023249043674407527,1157
마라15aa93aa,0.0,128.7650886,35.22690852,0.013245033112582781,0.0,0.0,0.0,0.009837073470642483,0.0,-0.0,-0.0,0.023082106583225265,1158
마라24ab89ab,0.0,128.866144,35.19199908,0.019867549668874173,0.0,0.0,0.0,0.0030740854595757753,0.0,-0.0,-0.0,0.022941635128449947,1159
마마29ba00bb,0.0,128.9256083,35.29499915,0.006622516556291391,0.0,0.0,0.0,0.016292652935751613,0.0,-0.0,-0.0,0.022915169492043003,1160
마라31ba94ba,0.0,128.9465961,35.23839942,0.006622516556291391,0.0,0.0,0.0,0.015985244389794036,0.0,-0.0,-0.0,0.022607760946085426,1161
마마24aa03ba,0.0,128.8655519,35.32048658,0.006622516556291391,0.0,0.0,0.0,0.015985244389794036,0.0,-0.0,-0.0,0.022607760946085426,1161
마마16ba04ab,0.0,128.7831671,35.32815123,0.019867549668874173,0.0,0.0,0.0,0.002459268367660621,0.0,-0.0,-0.0,0.022326818036534794,1162
마라13bb93ab,0.0,128.7513901,35.22930502,0.019867549668874173,0.0,0.0,0.0,0.002459268367660621,0.0,-0.0,-0.0,0.022326818036534794,1162
마라23ba89ba,0.0,128.8579455,35.19434538,0.019867549668874173,0.0,0.0,0.0,0.002459268367660621,0.0,-0.0,-0.0,0.022326818036534794,1162
마마17bb00aa,0.0,128.7963056,35.28969217,0.019867549668874173,0.0,0.0,0.0,0.002459268367660621,0.0,-0.0,-0.0,0.022326818036534794,1162
마라20bb94aa,0.0,128.8284065,35.23524642,0.019867549668874173,0.0,0.0,0.0,0.002459268367660621,0.0,-0.0,-0.0,0.022326818036534794,1162
마마18ba05ab,0.0,128.805312,35.3369303,0.019867549668874173,0.0,0.0,0.0,0.0021518598217030436,0.0,-0.0,-0.0,0.022019409490577218,1163
마마16ba05bb,0.0,128.7833809,35.34167324,0.019867549668874173,0.0,0.0,0.0,0.0021518598217030436,0.0,-0.0,-0.0,0.022019409490577218,1163
마마33ba02ba,0.0,128.9698727,35.31024722,0.019867549668874173,0.0,0.0,0.0,0.0021518598217030436,0.0,-0.0,-0.0,0.022019409490577218,1163
마라24ab90bb,0.0,128.8663704,35.20552094,0.019867549668874173,0.0,0.0,0.0,0.0021518598217030436,0.0,-0.0,-0.0,0.022019409490577218,1163
마마29ab00aa,0.0,128.9227413,35.28827086,0.019867549668874173,0.0,0.0,0.0,0.0021518598217030436,0.0,-0.0,-0.0,0.022019409490577218,1163
마라24ab88ba,0.0,128.8660308,35.18523814,0.019867549668874173,0.0,0.0,0.0,0.0021518598217030436,0.0,-0.0,-0.0,0.022019409490577218,1163
마라20bb90ab,0.0,128.8278558,35.20144135,0.019867549668874173,0.0,0.0,0.0,0.0021518598217030436,0.0,-0.0,-0.0,0.022019409490577218,1163
마라26ab94ba,0.0,128.8889125,35.23907523,0.10596026490066225,0.04,0.0,0.0,0.14755610205963726,0.0,-0.0,-0.2717967245,0.021719642460299504,1164
마마28ba00aa,0.0,128.9144957,35.28836758,0.019867549668874173,0.0,0.0,0.0,0.0018444512757454655,0.0,-0.0,-0.0,0.021712000944619638,1165
마라20ba99aa,0.0,128.826394,35.28034972,0.019867549668874173,0.0,0.0,0.0,0.0018444512757454655,0.0,-0.0,-0.0,0.021712000944619638,1165
마라14ba92ba,0.0,128.7595257,35.22245835,0.019867549668874173,0.0,0.0,0.0,0.0018444512757454655,0.0,-0.0,-0.0,0.021712000944619638,1165
마마22ba07bb,0.0,128.8496909,35.35898312,0.019867549668874173,0.0,0.0,0.0,0.0018444512757454655,0.0,-0.0,-0.0,0.021712000944619638,1165
마라18ab99ab,0.0,128.8016948,35.28287211,0.019867549668874173,0.0,0.0,0.0,0.0018444512757454655,0.0,-0.0,-0.0,0.021712000944619638,1165
마라36ab97ab,0.0,128.9992407,35.26255273,0.013245033112582781,0.0,0.0,0.0,0.008300030740854595,0.0,-0.0,-0.0,0.021545063853437376,1166
마마14ab04ab,0.0,128.7584168,35.32841142,0.006622516556291391,0.0,0.0,0.0,0.003996311097448509,0.010362694300518135,-0.0,-0.0,0.020981521954258037,1167
마라15bb94ab,0.0,128.7735045,35.23809069,0.11920529801324503,0.0,0.0,0.0,0.0,0.0,-0.0,-0.09827793833333334,0.02092735967991169,1168
마라20ab86ab,0.0,128.8217803,35.16544241,0.006622516556291391,0.0,0.0,0.0,0.01414079311404857,0.0,-0.0,-0.0,0.02076330967033996,1169
마마34aa00ba,0.0,128.9750438,35.29215226,0.0,0.0,0.0,0.0,0.0,0.02072538860103627,-0.0,-0.0,0.02072538860103627,1170
마라34ba96ba,0.0,128.9798848,35.25602902,0.0,0.0,0.0,0.0,0.0,0.02072538860103627,-0.0,-0.0,0.02072538860103627,1170
마라17bb98bb,0.0,128.796126,35.27842379,0.0,0.0,0.0,0.0,0.0,0.02072538860103627,-0.0,-0.0,0.02072538860103627,1170
마마27ab02ab,0.0,128.9011027,35.3088097,0.0,0.0,0.0,0.0,0.0,0.02072538860103627,-0.0,-0.0,0.02072538860103627,1170
마라28ba99ab,0.0,128.9143781,35.28160689,0.0,0.0,0.0,0.0,0.0,0.02072538860103627,-0.0,-0.0,0.02072538860103627,1170
마라27ba96aa,0.0,128.9028798,35.25243837,0.052980132450331126,0.0,0.0,0.0,0.20934521979711035,0.0,-0.0,-0.24166666666666667,0.0206586855807748,1171
마라31ab94ab,0.0,128.9438093,35.23617867,0.013245033112582781,0.0,0.0,0.0,0.007377805102981862,0.0,-0.0,-0.0,0.020622838215564643,1172
마라21bb90aa,0.0,128.8388015,35.19906672,0.013245033112582781,0.0,0.0,0.0,0.007070396557024285,0.0,-0.0,-0.0,0.020315429669607067,1173
마마13bb03ba,0.0,128.7528124,35.32170745,0.019867549668874173,0.0,0.0,0.0,0.0,0.0,-0.0,-0.0,0.019867549668874173,1174
마라24ba98aa,0.0,128.8702152,35.27084506,0.019867549668874173,0.0,0.0,0.0,0.0,0.0,-0.0,-0.0,0.019867549668874173,1174
마라30bb95aa,0.0,128.9384353,35.24300477,0.019867549668874173,0.0,0.0,0.0,0.0,0.0,-0.0,-0.0,0.019867549668874173,1174
마라18ba95aa,0.0,128.8038293,35.24453,0.019867549668874173,0.0,0.0,0.0,0.0,0.0,-0.0,-0.0,0.019867549668874173,1174
마마34aa01bb,0.0,128.9752483,35.30341976,0.019867549668874173,0.0,0.0,0.0,0.0,0.0,-0.0,-0.0,0.019867549668874173,1174
마라12bb96ba,0.0,128.7408496,35.25871673,0.019867549668874173,0.0,0.0,0.0,0.0,0.0,-0.0,-0.0,0.019867549668874173,1174
마마21bb09ba,0.0,128.841699,35.37485025,0.019867549668874173,0.0,0.0,0.0,0.0,0.0,-0.0,-0.0,0.019867549668874173,1174
마마21bb07ba,0.0,128.8414006,35.35682141,0.019867549668874173,0.0,0.0,0.0,0.0,0.0,-0.0,-0.0,0.019867549668874173,1174
마마22aa00ab,0.0,128.8430701,35.29143592,0.019867549668874173,0.0,0.0,0.0,0.0,0.0,-0.0,-0.0,0.019867549668874173,1174
마마29aa06ba,0.0,128.9210176,35.34689539,0.019867549668874173,0.0,0.0,0.0,0.0,0.0,-0.0,-0.0,0.019867549668874173,1174
마라20ba93ab,0.0,128.8255497,35.22851553,0.019867549668874173,0.0,0.0,0.0,0.0,0.0,-0.0,-0.0,0.019867549668874173,1174
마마22aa09ab,0.0,128.8444131,35.37256606,0.019867549668874173,0.0,0.0,0.0,0.0,0.0,-0.0,-0.0,0.019867549668874173,1174
마라23ba99aa,0.0,128.8593739,35.27998356,0.019867549668874173,0.0,0.0,0.0,0.0,0.0,-0.0,-0.0,0.019867549668874173,1174
마마29aa03aa,0.0,128.9204654,35.31534581,0.019867549668874173,0.0,0.0,0.0,0.0,0.0,-0.0,-0.0,0.019867549668874173,1174
마마14bb02ab,0.0,128.7636363,35.31032451,0.019867549668874173,0.0,0.0,0.0,0.0,0.0,-0.0,-0.0,0.019867549668874173,1174
마라28aa92ba,0.0,128.907829,35.22082428,0.019867549668874173,0.0,0.0,0.0,0.0,0.0,-0.0,-0.0,0.019867549668874173,1174
마라17ab87aa,0.0,128.788953,35.1725585,0.019867549668874173,0.0,0.0,0.0,0.0,0.0,-0.0,-0.0,0.019867549668874173,1174
마라16aa93ba,0.0,128.7761456,35.23130062,0.019867549668874173,0.0,0.0,0.0,0.0,0.0,-0.0,-0.0,0.019867549668874173,1174
마라32bb93bb,0.0,128.9602088,35.23147385,0.019867549668874173,0.0,0.0,0.0,0.0,0.0,-0.0,-0.0,0.019867549668874173,1174
마라22aa99ba,0.0,128.8429584,35.28467503,0.019867549668874173,0.0,0.0,0.0,0.0,0.0,-0.0,-0.0,0.019867549668874173,1174
마라23bb89ab,0.0,128.8606533,35.1920609,0.019867549668874173,0.0,0.0,0.0,0.0,0.0,-0.0,-0.0,0.019867549668874173,1174
마마15aa02ab,0.0,128.7663858,35.31029574,0.019867549668874173,0.0,0.0,0.0,0.0,0.0,-0.0,-0.0,0.019867549668874173,1174
마라17aa93aa,0.0,128.7870613,35.22667686,0.019867549668874173,0.0,0.0,0.0,0.0,0.0,-0.0,-0.0,0.019867549668874173,1174
마라19ab86aa,0.0,128.8107662,35.163308,0.019867549668874173,0.0,0.0,0.0,0.0,0.0,-0.0,-0.0,0.019867549668874173,1174
마마15ab01bb,0.0,128.7690648,35.30575953,0.019867549668874173,0.0,0.0,0.0,0.0,0.0,-0.0,-0.0,0.019867549668874173,1174
마라36ba97aa,0.0,129.0019466,35.26026516,0.019867549668874173,0.0,0.0,0.0,0.0,0.0,-0.0,-0.0,0.019867549668874173,1174
마마19ba07bb,0.0,128.8166788,35.35934734,0.019867549668874173,0.0,0.0,0.0,0.0,0.0,-0.0,-0.0,0.019867549668874173,1174
마마21ba01bb,0.0,128.8377952,35.30501865,0.019867549668874173,0.0,0.0,0.0,0.0,0.0,-0.0,-0.0,0.019867549668874173,1174
마라20bb89ba,0.0,128.8277457,35.19468031,0.019867549668874173,0.0,0.0,0.0,0.0,0.0,-0.0,-0.0,0.019867549668874173,1174
마라20bb85bb,0.0,128.827196,35.160875,0.019867549668874173,0.0,0.0,0.0,0.0,0.0,-0.0,-0.0,0.019867549668874173,1174
마라32ba97aa,0.0,128.9579867,35.26080294,0.019867549668874173,0.0,0.0,0.0,0.0,0.0,-0.0,-0.0,0.019867549668874173,1174
마라12aa98bb,0.0,128.7329137,35.27908462,0.019867549668874173,0.0,0.0,0.0,0.0,0.0,-0.0,-0.0,0.019867549668874173,1174
마마31ab02ba,0.0,128.9451298,35.3105455,0.019867549668874173,0.0,0.0,0.0,0.0,0.0,-0.0,-0.0,0.019867549668874173,1174
마마28aa08aa,0.0,128.9102507,35.36054552,0.019867549668874173,0.0,0.0,0.0,0.0,0.0,-0.0,-0.0,0.019867549668874173,1174
마라19ab91ba,0.0,128.8115628,35.21288936,0.019867549668874173,0.0,0.0,0.0,0.0,0.0,-0.0,-0.0,0.019867549668874173,1174
마마19ba02bb,0.0,128.8159478,35.31427457,0.019867549668874173,0.0,0.0,0.0,0.0,0.0,-0.0,-0.0,0.019867549668874173,1174
마라28ba96aa,0.0,128.913869,35.25231045,0.019867549668874173,0.0,0.0,0.0,0.0,0.0,-0.0,-0.0,0.019867549668874173,1174
마마17bb06ab,0.0,128.7972052,35.34603374,0.019867549668874173,0.0,0.0,0.0,0.0,0.0,-0.0,-0.0,0.019867549668874173,1174
마마15bb00ab,0.0,128.7743513,35.29217956,0.019867549668874173,0.0,0.0,0.0,0.0,0.0,-0.0,-0.0,0.019867549668874173,1174
마라17aa99aa,0.0,128.7879167,35.28076554,0.019867549668874173,0.0,0.0,0.0,0.0,0.0,-0.0,-0.0,0.019867549668874173,1174
마마15bb03bb,0.0,128.7748462,35.32373117,0.019867549668874173,0.0,0.0,0.0,0.0,0.0,-0.0,-0.0,0.019867549668874173,1174
마라18ba99bb,0.0,128.8045155,35.28734984,0.019867549668874173,0.0,0.0,0.0,0.0,0.0,-0.0,-0.0,0.019867549668874173,1174
마라23ba88bb,0.0,128.857833,35.18758441,0.019867549668874173,0.0,0.0,0.0,0.0,0.0,-0.0,-0.0,0.019867549668874173,1174
마라25ab88ab,0.0,128.8769731,35.18286013,0.019867549668874173,0.0,0.0,0.0,0.0,0.0,-0.0,-0.0,0.019867549668874173,1174
마라34ab99aa,0.0,128.9775467,35.27859769,0.019867549668874173,0.0,0.0,0.0,0.0,0.0,-0.0,-0.0,0.019867549668874173,1174
마마20bb00ab,0.0,128.8293265,35.29158777,0.019867549668874173,0.0,0.0,0.0,0.0,0.0,-0.0,-0.0,0.019867549668874173,1174
마마20ba09aa,0.0,128.8278674,35.37049502,0.019867549668874173,0.0,0.0,0.0,0.0,0.0,-0.0,-0.0,0.019867549668874173,1174
마라14bb88aa,0.0,128.7616445,35.18186248,0.019867549668874173,0.0,0.0,0.0,0.0,0.0,-0.0,-0.0,0.019867549668874173,1174
마마27ba01ab,0.0,128.9036962,35.29976353,0.019867549668874173,0.0,0.0,0.0,0.0,0.0,-0.0,-0.0,0.019867549668874173,1174
마마31bb03ba,0.0,128.9507893,35.31949372,0.019867549668874173,0.0,0.0,0.0,0.0,0.0,-0.0,-0.0,0.019867549668874173,1174
마라14bb94ab,0.0,128.7625166,35.23820582,0.019867549668874173,0.0,0.0,0.0,0.0,0.0,-0.0,-0.0,0.019867549668874173,1174
마마24ba03ba,0.0,128.8710512,35.32042434,0.019867549668874173,0.0,0.0,0.0,0.0,0.0,-0.0,-0.0,0.019867549668874173,1174
마라11aa99ab,0.0,128.7219878,35.28370366,0.019867549668874173,0.0,0.0,0.0,0.0,0.0,-0.0,-0.0,0.019867549668874173,1174
마라22ba95aa,0.0,128.8477833,35.24404842,0.019867549668874173,0.0,0.0,0.0,0.0,0.0,-0.0,-0.0,0.019867549668874173,1174
마라27aa92aa,0.0,128.8967668,35.21644434,0.019867549668874173,0.0,0.0,0.0,0.0,0.0,-0.0,-0.0,0.019867549668874173,1174
마마31bb02bb,0.0,128.9506685,35.31273317,0.019867549668874173,0.0,0.0,0.0,0.0,0.0,-0.0,-0.0,0.019867549668874173,1174
마라14ba96bb,0.0,128.7601183,35.26077166,0.019867549668874173,0.0,0.0,0.0,0.0,0.0,-0.0,-0.0,0.019867549668874173,1174
마마17ba03bb,0.0,128.7940952,35.32352664,0.019867549668874173,0.0,0.0,0.0,0.0,0.0,-0.0,-0.0,0.019867549668874173,1174
마라18bb97bb,0.0,128.8069744,35.26929081,0.019867549668874173,0.0,0.0,0.0,0.0,0.0,-0.0,-0.0,0.019867549668874173,1174
마마10ab03ab,0.0,128.7142808,35.31984654,0.019867549668874173,0.0,0.0,0.0,0.0,0.0,-0.0,-0.0,0.019867549668874173,1174
마라16ab96aa,0.0,128.7792463,35.25380869,0.019867549668874173,0.0,0.0,0.0,0.0,0.0,-0.0,-0.0,0.019867549668874173,1174
마라18bb92bb,0.0,128.8062512,35.2242172,0.019867549668874173,0.0,0.0,0.0,0.0,0.0,-0.0,-0.0,0.019867549668874173,1174
마라13ba93aa,0.0,128.7486089,35.22707965,0.019867549668874173,0.0,0.0,0.0,0.0,0.0,-0.0,-0.0,0.019867549668874173,1174
마마16ab00ba,0.0,128.7798843,35.29437519,0.019867549668874173,0.0,0.0,0.0,0.0,0.0,-0.0,-0.0,0.019867549668874173,1174
마라18aa93ab,0.0,128.7980835,35.22881323,0.019867549668874173,0.0,0.0,0.0,0.0,0.0,-0.0,-0.0,0.019867549668874173,1174
마라10aa97bb,0.0,128.7107922,35.27029173,0.019867549668874173,0.0,0.0,0.0,0.0,0.0,-0.0,-0.0,0.019867549668874173,1174
마마32ba01aa,0.0,128.9586332,35.29685933,0.019867549668874173,0.0,0.0,0.0,0.0,0.0,-0.0,-0.0,0.019867549668874173,1174
마마16bb03ba,0.0,128.78581,35.321361,0.019867549668874173,0.0,0.0,0.0,0.0,0.0,-0.0,-0.0,0.019867549668874173,1174
마마26ba05bb,0.0,128.8933964,35.34045498,0.019867549668874173,0.0,0.0,0.0,0.0,0.0,-0.0,-0.0,0.019867549668874173,1174
마마30bb05aa,0.0,128.9400309,35.33314636,0.019867549668874173,0.0,0.0,0.0,0.0,0.0,-0.0,-0.0,0.019867549668874173,1174
마라26ba91bb,0.0,128.8912361,35.21425397,0.019867549668874173,0.0,0.0,0.0,0.0,0.0,-0.0,-0.0,0.019867549668874173,1174
마마20bb03bb,0.0,128.8298429,35.32313869,0.019867549668874173,0.0,0.0,0.0,0.0,0.0,-0.0,-0.0,0.019867549668874173,1174
마마17aa03bb,0.0,128.7885955,35.32358539,0.019867549668874173,0.0,0.0,0.0,0.0,0.0,-0.0,-0.0,0.019867549668874173,1174
마라21aa91aa,0.0,128.8307118,35.20817222,0.019867549668874173,0.0,0.0,0.0,0.0,0.0,-0.0,-0.0,0.019867549668874173,1174
마마25bb04aa,0.0,128.8848763,35.32477479,0.019867549668874173,0.0,0.0,0.0,0.0,0.0,-0.0,-0.0,0.019867549668874173,1174
마라16ba97aa,0.0,128.7821358,35.2627944,0.019867549668874173,0.0,0.0,0.0,0.0,0.0,-0.0,-0.0,0.019867549668874173,1174
마라21aa93ab,0.0,128.8310429,35.22845525,0.019867549668874173,0.0,0.0,0.0,0.0,0.0,-0.0,-0.0,0.019867549668874173,1174
마마16ba05aa,0.0,128.7832739,35.33491224,0.019867549668874173,0.0,0.0,0.0,0.0,0.0,-0.0,-0.0,0.019867549668874173,1174
마라20bb99ab,0.0,128.8291792,35.28257319,0.019867549668874173,0.0,0.0,0.0,0.0,0.0,-0.0,-0.0,0.019867549668874173,1174
마라20bb97bb,0.0,128.8289582,35.2690513,0.019867549668874173,0.0,0.0,0.0,0.0,0.0,-0.0,-0.0,0.019867549668874173,1174
마라35bb95aa,0.0,128.9933735,35.24233922,0.019867549668874173,0.0,0.0,0.0,0.0,0.0,-0.0,-0.0,0.019867549668874173,1174
마라35aa96ba,0.0,128.9853795,35.25596169,0.019867549668874173,0.0,0.0,0.0,0.0,0.0,-0.0,-0.0,0.019867549668874173,1174
마마25ba00aa,0.0,128.8815132,35.28874885,0.019867549668874173,0.0,0.0,0.0,0.0,0.0,-0.0,-0.0,0.019867549668874173,1174
마마16ab03ba,0.0,128.7803104,35.32141937,0.019867549668874173,0.0,0.0,0.0,0.0,0.0,-0.0,-0.0,0.019867549668874173,1174
마마16ab05aa,0.0,128.7805237,35.33494141,0.019867549668874173,0.0,0.0,0.0,0.0,0.0,-0.0,-0.0,0.019867549668874173,1174
마라26bb97ab,0.0,128.8948309,35.26380162,0.019867549668874173,0.0,0.0,0.0,0.0,0.0,-0.0,-0.0,0.019867549668874173,1174
마라13ab93aa,0.0,128.7458622,35.22710795,0.019867549668874173,0.0,0.0,0.0,0.0,0.0,-0.0,-0.0,0.019867549668874173,1174
마라35aa95aa,0.0,128.9851329,35.24244064,0.019867549668874173,0.0,0.0,0.0,0.0,0.0,-0.0,-0.0,0.019867549668874173,1174
마라35bb95ab,0.0,128.9934148,35.24459272,0.019867549668874173,0.0,0.0,0.0,0.0,0.0,-0.0,-0.0,0.019867549668874173,1174
마라23ab90ba,0.0,128.8553499,35.20339075,0.019867549668874173,0.0,0.0,0.0,0.0,0.0,-0.0,-0.0,0.019867549668874173,1174
마라22ba98ba,0.0,128.8483059,35.27559935,0.019867549668874173,0.0,0.0,0.0,0.0,0.0,-0.0,-0.0,0.019867549668874173,1174
마마30ba04aa,0.0,128.9371214,35.32416498,0.019867549668874173,0.0,0.0,0.0,0.0,0.0,-0.0,-0.0,0.019867549668874173,1174
마라16ba95aa,0.0,128.7818518,35.2447648,0.019867549668874173,0.0,0.0,0.0,0.0,0.0,-0.0,-0.0,0.019867549668874173,1174
마마17ab01bb,0.0,128.7910588,35.3055267,0.019867549668874173,0.0,0.0,0.0,0.0,0.0,-0.0,-0.0,0.019867549668874173,1174
마라26aa91bb,0.0,128.885744,35.21431697,0.019867549668874173,0.0,0.0,0.0,0.0,0.0,-0.0,-0.0,0.019867549668874173,1174
마라23aa99aa,0.0,128.8538773,35.28004521,0.019867549668874173,0.0,0.0,0.0,0.0,0.0,-0.0,-0.0,0.019867549668874173,1174
마마34aa01ba,0.0,128.9752074,35.30116626,0.019867549668874173,0.0,0.0,0.0,0.0,0.0,-0.0,-0.0,0.019867549668874173,1174
마라10ab99aa,0.0,128.7137084,35.28153294,0.019867549668874173,0.0,0.0,0.0,0.0,0.0,-0.0,-0.0,0.019867549668874173,1174
마마17aa05bb,0.0,128.7888818,35.34161471,0.019867549668874173,0.0,0.0,0.0,0.0,0.0,-0.0,-0.0,0.019867549668874173,1174
마마17aa05ba,0.0,128.788846,35.33936105,0.019867549668874173,0.0,0.0,0.0,0.0,0.0,-0.0,-0.0,0.019867549668874173,1174
마라35ba97aa,0.0,128.9909567,35.2604011,0.019867549668874173,0.0,0.0,0.0,0.0,0.0,-0.0,-0.0,0.019867549668874173,1174
마라21ba87bb,0.0,128.8357239,35.17881397,0.019867549668874173,0.0,0.0,0.0,0.0,0.0,-0.0,-0.0,0.019867549668874173,1174
마마31aa04aa,0.0,128.9426207,35.32409948,0.013245033112582781,0.0,0.0,0.0,0.0064555794651091295,0.0,-0.0,-0.0,0.01970061257769191,1175
마라32ba95bb,0.0,128.9577849,35.24953527,0.013245033112582781,0.0,0.0,0.0,0.005840762373193974,0.0,-0.0,-0.0,0.019085795485776755,1176
마라28bb93aa,0.0,128.916146,35.22523535,0.152317880794702,0.0,0.0,0.0,0.0,0.0,-0.0,-0.13333333333333333,0.018984547461368656,1177
마마18bb05bb,0.0,128.8081349,35.34140786,0.013245033112582781,0.0,0.0,0.0,0.005533353827236397,0.0,-0.0,-0.0,0.01877838693981918,1178
마마24ab03bb,0.0,128.8683395,35.32270908,0.013245033112582781,0.0,0.0,0.0,0.005533353827236397,0.0,-0.0,-0.0,0.01877838693981918,1178
마라26ba99bb,0.0,128.8924689,35.28636917,0.013245033112582781,0.0,0.0,0.0,0.005533353827236397,0.0,-0.0,-0.0,0.01877838693981918,1178
마마21ba07bb,0.0,128.8386869,35.35910553,0.006622516556291391,0.0,0.0,0.0,0.011988933292345526,0.0,-0.0,-0.0,0.018611449848636916,1179
마라20aa94ab,0.0,128.8202026,35.23759027,0.046357615894039736,0.0,0.0,0.0,0.005840762373193974,0.0,-0.0,-0.03382707129166666,0.018371306975567048,1180
마라19bb92ba,0.0,128.8172006,35.22184446,0.013245033112582781,0.0,0.0,0.0,0.004918536735321242,0.0,-0.0,-0.0,0.018163569847904022,1181
마라24aa92bb,0.0,128.8639263,35.22358102,0.006622516556291391,0.0,0.0,0.0,0.011066707654472794,0.0,-0.0,-0.0,0.017689224210764184,1182
마마28bb07aa,0.0,128.9183459,35.35143478,0.013245033112582781,0.0,0.0,0.0,0.004303719643406086,0.0,-0.0,-0.0,0.01754875275598887,1183
마마26ab06aa,0.0,128.8906847,35.34274023,0.013245033112582781,0.0,0.0,0.0,0.004303719643406086,0.0,-0.0,-0.0,0.01754875275598887,1183
마라33ab93ba,0.0,128.9656613,35.22915391,0.013245033112582781,0.0,0.0,0.0,0.004303719643406086,0.0,-0.0,-0.0,0.01754875275598887,1183
마라21bb90ab,0.0,128.8388385,35.20132039,0.013245033112582781,0.0,0.0,0.0,0.004303719643406086,0.0,-0.0,-0.0,0.01754875275598887,1183
마마30ab02aa,0.0,128.9340533,35.30616936,0.013245033112582781,0.0,0.0,0.0,0.003996311097448509,0.0,-0.0,-0.0,0.01724134421003129,1184
마라23bb89aa,0.0,128.8606157,35.18980725,0.013245033112582781,0.0,0.0,0.0,0.003688902551490931,0.0,-0.0,-0.0,0.016933935664073713,1185
마마23aa07aa,0.0,128.8550799,35.35216075,0.013245033112582781,0.0,0.0,0.0,0.003688902551490931,0.0,-0.0,-0.0,0.016933935664073713,1185
마라33aa93bb,0.0,128.9629553,35.23144068,0.013245033112582781,0.0,0.0,0.0,0.003688902551490931,0.0,-0.0,-0.0,0.016933935664073713,1185
마마20aa01aa,0.0,128.8211902,35.29843908,0.013245033112582781,0.0,0.0,0.0,0.003688902551490931,0.0,-0.0,-0.0,0.016933935664073713,1185
마마26bb06ba,0.0,128.896263,35.34718393,0.013245033112582781,0.0,0.0,0.0,0.003688902551490931,0.0,-0.0,-0.0,0.016933935664073713,1185
마마24ab01ab,0.0,128.86796,35.30017309,0.013245033112582781,0.0,0.0,0.0,0.003381494005533354,0.0,-0.0,-0.0,0.016626527118116137,1186
마라22aa93aa,0.0,128.8419921,35.22608027,0.013245033112582781,0.0,0.0,0.0,0.003381494005533354,0.0,-0.0,-0.0,0.016626527118116137,1186
마마26ba06ab,0.0,128.8934738,35.34496211,0.006622516556291391,0.0,0.0,0.0,0.009837073470642483,0.0,-0.0,-0.0,0.016459590026933875,1187
마마12ba00ab,0.0,128.7386165,35.29255082,0.013245033112582781,0.0,0.0,0.0,0.0030740854595757753,0.0,-0.0,-0.0,0.016319118572158557,1188
마라24ba95ba,0.0,128.8698358,35.24830889,0.271523178807947,0.0,0.0,0.0,0.044574239163848756,0.0,-0.0,-0.3,0.016097417971795813,1189
마라21ab94bb,0.0,128.8340109,35.24194697,0.013245033112582781,0.0,0.0,0.0,0.0027666769136181985,0.0,-0.0,-0.0,0.01601171002620098,1190
마라35aa94aa,0.0,128.9849685,35.23342659,0.013245033112582781,0.0,0.0,0.0,0.0027666769136181985,0.0,-0.0,-0.0,0.01601171002620098,1190
마라34aa93bb,0.0,128.9739414,35.23130738,0.013245033112582781,0.0,0.0,0.0,0.0027666769136181985,0.0,-0.0,-0.0,0.01601171002620098,1190
마라34ab98ab,0.0,128.9774239,35.27183717,0.013245033112582781,0.0,0.0,0.0,0.002459268367660621,0.0,-0.0,-0.0,0.0157043014802434,1191
마라17ab92ba,0.0,128.7897366,35.22214022,0.013245033112582781,0.0,0.0,0.0,0.002459268367660621,0.0,-0.0,-0.0,0.0157043014802434,1191
마마13bb00aa,0.0,128.752326,35.29015557,0.013245033112582781,0.0,0.0,0.0,0.002459268367660621,0.0,-0.0,-0.0,0.0157043014802434,1191
마라18ba99ab,0.0,128.8044432,35.2828425,0.013245033112582781,0.0,0.0,0.0,0.002459268367660621,0.0,-0.0,-0.0,0.0157043014802434,1191
마마20aa05ba,0.0,128.8218503,35.33900461,0.0,0.0,0.0,0.0,0.0,0.015544041450777202,-0.0,-0.0,0.015544041450777202,1192
마라18bb95ab,0.0,128.8066126,35.24675405,0.0,0.0,0.0,0.0,0.0,0.015544041450777202,-0.0,-0.0,0.015544041450777202,1192
마라13aa97ab,0.0,128.7437006,35.26544971,0.0,0.0,0.0,0.0,0.0,0.015544041450777202,-0.0,-0.0,0.015544041450777202,1192
마라13bb99bb,0.0,128.7522913,35.28790185,0.006622516556291391,0.0,0.0,0.0,0.00891484783276975,0.0,-0.0,-0.0,0.015537364389061142,1193
마마17aa04aa,0.0,128.7886313,35.32583906,0.013245033112582781,0.0,0.0,0.0,0.0021518598217030436,0.0,-0.0,-0.0,0.015396892934285825,1194
마마21bb04ba,0.0,128.8409536,35.32977806,0.013245033112582781,0.0,0.0,0.0,0.0021518598217030436,0.0,-0.0,-0.0,0.015396892934285825,1194
마라13aa96ab,0.0,128.7435628,35.25643479,0.013245033112582781,0.0,0.0,0.0,0.0021518598217030436,0.0,-0.0,-0.0,0.015396892934285825,1194
마라34ab99ab,0.0,128.9775876,35.2808512,0.013245033112582781,0.0,0.0,0.0,0.0021518598217030436,0.0,-0.0,-0.0,0.015396892934285825,1194
마마14ba04ab,0.0,128.7611669,35.32838276,0.013245033112582781,0.0,0.0,0.0,0.0021518598217030436,0.0,-0.0,-0.0,0.015396892934285825,1194
마마19bb00ab,0.0,128.8183316,35.29170813,0.013245033112582781,0.0,0.0,0.0,0.0021518598217030436,0.0,-0.0,-0.0,0.015396892934285825,1194
마라24ba87ab,0.0,128.868587,35.1739389,0.013245033112582781,0.0,0.0,0.0,0.0021518598217030436,0.0,-0.0,-0.0,0.015396892934285825,1194
마라29ba94aa,0.0,128.9245428,35.23415297,0.0,0.0,0.0,0.0,0.01537042729787888,0.0,-0.0,-0.0,0.01537042729787888,1195
마라19ab86ab,0.0,128.8108024,35.16556171,0.013245033112582781,0.0,0.0,0.0,0.0018444512757454655,0.0,-0.0,-0.0,0.015089484388328247,1196
마라15ab88ab,0.0,128.7671697,35.1840589,0.013245033112582781,0.0,0.0,0.0,0.0018444512757454655,0.0,-0.0,-0.0,0.015089484388328247,1196
마라16ab92ba,0.0,128.7787509,35.22225677,0.013245033112582781,0.0,0.0,0.0,0.0018444512757454655,0.0,-0.0,-0.0,0.015089484388328247,1196
마라17aa92bb,0.0,128.7870257,35.22442316,0.013245033112582781,0.0,0.0,0.0,0.0018444512757454655,0.0,-0.0,-0.0,0.015089484388328247,1196
마라24aa88bb,0.0,128.8633233,35.18752272,0.013245033112582781,0.0,0.0,0.0,0.0018444512757454655,0.0,-0.0,-0.0,0.015089484388328247,1196
마라15bb92ba,0.0,128.773258,35.22231468,0.013245033112582781,0.0,0.0,0.0,0.0018444512757454655,0.0,-0.0,-0.0,0.015089484388328247,1196
마마24aa03bb,0.0,128.8655898,35.32274018,0.013245033112582781,0.0,0.0,0.0,0.0018444512757454655,0.0,-0.0,-0.0,0.015089484388328247,1196
마마18bb02aa,0.0,128.8075904,35.30760311,0.0,0.0,0.0,0.0,0.014755610205963724,0.0,-0.0,-0.0,0.014755610205963724,1197
마마32bb04ba,0.0,128.9619496,35.32837525,0.006622516556291391,0.0,0.0,0.0,0.007992622194897018,0.0,-0.0,-0.0,0.01461513875118841,1198
마라29ba93ab,0.0,128.9244246,35.22739224,0.11258278145695365,0.16,0.0,0.0,0.024900092222563786,0.0,-0.0,-0.28302023125000003,0.014462642429517392,1199
마마26ab02aa,0.0,128.8900672,35.30668305,0.006622516556291391,0.0,0.0,0.0,0.00768521364893944,0.0,-0.0,-0.0,0.01430773020523083,1200
마라27bb93aa,0.0,128.9051605,35.22536339,0.006622516556291391,0.0,0.0,0.0,0.007377805102981862,0.0,-0.0,-0.0,0.014000321659273254,1201
마마10ba01ab,0.0,128.7167605,35.30178901,0.006622516556291391,0.0,0.0,0.0,0.007070396557024285,0.0,-0.0,-0.0,0.013692913113315676,1202
마마16aa03bb,0.0,128.7775961,35.32370214,0.006622516556291391,0.0,0.0,0.0,0.007070396557024285,0.0,-0.0,-0.0,0.013692913113315676,1202
마마14bb03ab,0.0,128.7637766,35.31933928,0.2052980132450331,0.0,0.0,0.0,0.0,0.0,-0.0,-0.19166666666666665,0.013631346578366454,1203
마라09bb99aa,0.0,128.7082114,35.28158798,0.006622516556291391,0.0,0.0,0.0,0.006762988011066708,0.0,-0.0,-0.0,0.013385504567358097,1204
마라34aa98ab,0.0,128.974676,35.2718707,0.006622516556291391,0.0,0.0,0.0,0.006762988011066708,0.0,-0.0,-0.0,0.013385504567358097,1204
마마13ba00aa,0.0,128.7495772,35.290184,0.013245033112582781,0.0,0.0,0.0,0.0,0.0,-0.0,-0.0,0.013245033112582781,1205
마라24ab90aa,0.0,128.8662572,35.19876001,0.013245033112582781,0.0,0.0,0.0,0.0,0.0,-0.0,-0.0,0.013245033112582781,1205
마마32ab01bb,0.0,128.9560055,35.30365301,0.013245033112582781,0.0,0.0,0.0,0.0,0.0,-0.0,-0.0,0.013245033112582781,1205
마마32aa01bb,0.0,128.9532566,35.30368608,0.013245033112582781,0.0,0.0,0.0,0.0,0.0,-0.0,-0.0,0.013245033112582781,1205
마마32ab04bb,0.0,128.9564904,35.33069515,0.013245033112582781,0.0,0.0,0.0,0.0,0.0,-0.0,-0.0,0.013245033112582781,1205
마라18ab99bb,0.0,128.8017669,35.28737945,0.013245033112582781,0.0,0.0,0.0,0.0,0.0,-0.0,-0.0,0.013245033112582781,1205
마마12ba00ba,0.5934065934065934,128.7386508,35.29480455,0.013245033112582781,0.0,0.0,0.0,0.0,0.0,-0.0,-0.0,0.013245033112582781,1205
마라18aa97bb,0.0,128.7987304,35.2693796,0.013245033112582781,0.0,0.0,0.0,0.0,0.0,-0.0,-0.0,0.013245033112582781,1205
마마29ab02ba,0.0,128.9231358,35.31080638,0.013245033112582781,0.0,0.0,0.0,0.0,0.0,-0.0,-0.0,0.013245033112582781,1205
마마10bb03aa,0.0,128.7197465,35.31753744,0.013245033112582781,0.0,0.0,0.0,0.0,0.0,-0.0,-0.0,0.013245033112582781,1205
마라21aa91ab,0.0,128.8307485,35.2104259,0.013245033112582781,0.0,0.0,0.0,0.0,0.0,-0.0,-0.0,0.013245033112582781,1205
마라31aa95ba,0.0,128.941262,35.24747919,0.013245033112582781,0.0,0.0,0.0,0.0,0.0,-0.0,-0.0,0.013245033112582781,1205
마라14bb96ab,0.0,128.7627961,35.25623558,0.013245033112582781,0.0,0.0,0.0,0.0,0.0,-0.0,-0.0,0.013245033112582781,1205
마라11bb96aa,0.0,128.7297906,35.25432147,0.013245033112582781,0.0,0.0,0.0,0.0,0.0,-0.0,-0.0,0.013245033112582781,1205
마마29ba03aa,0.0,128.9259642,35.31528107,0.013245033112582781,0.0,0.0,0.0,0.0,0.0,-0.0,-0.0,0.013245033112582781,1205
마마10aa02aa,0.0,128.7113629,35.30860543,0.013245033112582781,0.0,0.0,0.0,0.0,0.0,-0.0,-0.0,0.013245033112582781,1205
마라21aa99ab,0.0,128.8319276,35.28254296,0.013245033112582781,0.0,0.0,0.0,0.0,0.0,-0.0,-0.0,0.013245033112582781,1205
마마23aa07ba,0.0,128.8551552,35.35666795,0.013245033112582781,0.0,0.0,0.0,0.0,0.0,-0.0,-0.0,0.013245033112582781,1205
마라34ab94aa,0.0,128.9767288,35.23352742,0.013245033112582781,0.0,0.0,0.0,0.0,0.0,-0.0,-0.0,0.013245033112582781,1205
마라20aa97ba,0.0,128.8206777,35.26688792,0.013245033112582781,0.0,0.0,0.0,0.0,0.0,-0.0,-0.0,0.013245033112582781,1205
마마24ab02ab,0.0,128.8681117,35.3091875,0.013245033112582781,0.0,0.0,0.0,0.0,0.0,-0.0,-0.0,0.013245033112582781,1205
마마17bb02ba,0.0,128.7966652,35.31222886,0.013245033112582781,0.0,0.0,0.0,0.0,0.0,-0.0,-0.0,0.013245033112582781,1205
마마15aa00aa,0.0,128.7660697,35.29001247,0.013245033112582781,0.0,0.0,0.0,0.0,0.0,-0.0,-0.0,0.013245033112582781,1205
마마20ba09ab,0.0,128.8279044,35.37274863,0.013245033112582781,0.0,0.0,0.0,0.0,0.0,-0.0,-0.0,0.013245033112582781,1205
마마29ba03ab,0.0,128.9260038,35.31753462,0.013245033112582781,0.0,0.0,0.0,0.0,0.0,-0.0,-0.0,0.013245033112582781,1205
마라36bb98ba,0.0,129.0049441,35.2737519,0.013245033112582781,0.0,0.0,0.0,0.0,0.0,-0.0,-0.0,0.013245033112582781,1205
마라19aa91bb,0.0,128.8088529,35.21517277,0.013245033112582781,0.0,0.0,0.0,0.0,0.0,-0.0,-0.0,0.013245033112582781,1205
마라14bb99bb,0.0,128.763286,35.28778751,0.013245033112582781,0.0,0.0,0.0,0.0,0.0,-0.0,-0.0,0.013245033112582781,1205
마라13ba96aa,0.0,128.7490235,35.25412445,0.013245033112582781,0.0,0.0,0.0,0.0,0.0,-0.0,-0.0,0.013245033112582781,1205
마마23aa08ba,0.0,128.8553058,35.36568232,0.013245033112582781,0.0,0.0,0.0,0.0,0.0,-0.0,-0.0,0.013245033112582781,1205
마마23bb10ba,0.0,128.8638628,35.3836181,0.013245033112582781,0.0,0.0,0.0,0.0,0.0,-0.0,-0.0,0.013245033112582781,1205
마라24ba89ab,0.0,128.8688893,35.19196807,0.013245033112582781,0.0,0.0,0.0,0.0,0.0,-0.0,-0.0,0.013245033112582781,1205
마마15ba02bb,0.0,128.7719552,35.3147454,0.013245033112582781,0.0,0.0,0.0,0.0,0.0,-0.0,-0.0,0.013245033112582781,1205
마마29aa07aa,0.0,128.9210965,35.35140246,0.013245033112582781,0.0,0.0,0.0,0.0,0.0,-0.0,-0.0,0.013245033112582781,1205
마마29aa06bb,0.0,128.9210571,35.34914893,0.013245033112582781,0.0,0.0,0.0,0.0,0.0,-0.0,-0.0,0.013245033112582781,1205
마라15ab96aa,0.0,128.7682562,35.25392439,0.013245033112582781,0.0,0.0,0.0,0.0,0.0,-0.0,-0.0,0.013245033112582781,1205
마마20bb09bb,0.0,128.8307298,35.37722558,0.013245033112582781,0.0,0.0,0.0,0.0,0.0,-0.0,-0.0,0.013245033112582781,1205
마마21aa04ab,0.0,128.8326666,35.32761567,0.013245033112582781,0.0,0.0,0.0,0.0,0.0,-0.0,-0.0,0.013245033112582781,1205
마마15ab05aa,0.0,128.7695227,35.33505745,0.013245033112582781,0.0,0.0,0.0,0.0,0.0,-0.0,-0.0,0.013245033112582781,1205
마마15ab04bb,0.0,128.7694874,35.33280377,0.013245033112582781,0.0,0.0,0.0,0.0,0.0,-0.0,-0.0,0.013245033112582781,1205
마마19bb02ab,0.0,128.8186241,35.30973733,0.013245033112582781,0.0,0.0,0.0,0.0,0.0,-0.0,-0.0,0.013245033112582781,1205
마라21aa89aa,0.0,128.8304177,35.19014281,0.013245033112582781,0.0,0.0,0.0,0.0,0.0,-0.0,-0.0,0.013245033112582781,1205
마마20bb04aa,0.0,128.8298798,35.32539232,0.013245033112582781,0.0,0.0,0.0,0.0,0.0,-0.0,-0.0,0.013245033112582781,1205
마라19aa91ab,0.0,128.8087805,35.21066539,0.013245033112582781,0.0,0.0,0.0,0.0,0.0,-0.0,-0.0,0.013245033112582781,1205
마마29bb01aa,0.0,128.9283967,35.29722027,0.013245033112582781,0.0,0.0,0.0,0.0,0.0,-0.0,-0.0,0.013245033112582781,1205
마마20bb03ab,0.0,128.829769,35.31863143,0.013245033112582781,0.0,0.0,0.0,0.0,0.0,-0.0,-0.0,0.013245033112582781,1205
마라31ab96ab,0.0,128.944129,35.25420708,0.013245033112582781,0.0,0.0,0.0,0.0,0.0,-0.0,-0.0,0.013245033112582781,1205
마라25ba92aa,0.0,128.88029,35.21663334,0.013245033112582781,0.0,0.0,0.0,0.0,0.0,-0.0,-0.0,0.013245033112582781,1205
마라36aa95bb,0.0,128.9962446,35.24906578,0.013245033112582781,0.0,0.0,0.0,0.0,0.0,-0.0,-0.0,0.013245033112582781,1205
마라35bb99bb,0.0,128.9941594,35.2851556,0.013245033112582781,0.0,0.0,0.0,0.0,0.0,-0.0,-0.0,0.013245033112582781,1205
마마21aa02aa,0.0,128.8323338,35.30733299,0.013245033112582781,0.0,0.0,0.0,0.0,0.0,-0.0,-0.0,0.013245033112582781,1205
마마16aa02aa,0.0,128.777348,35.30792637,0.013245033112582781,0.0,0.0,0.0,0.0,0.0,-0.0,-0.0,0.013245033112582781,1205
마라32aa94aa,0.0,128.9520093,35.23382653,0.013245033112582781,0.0,0.0,0.0,0.0,0.0,-0.0,-0.0,0.013245033112582781,1205
마마19ba05ba,0.0,128.8163496,35.33906464,0.013245033112582781,0.0,0.0,0.0,0.0,0.0,-0.0,-0.0,0.013245033112582781,1205
마마21ab10aa,0.0,128.8362702,35.37941845,0.013245033112582781,0.0,0.0,0.0,0.0,0.0,-0.0,-0.0,0.013245033112582781,1205
마라32ab94ba,0.0,128.9548364,35.23830064,0.013245033112582781,0.0,0.0,0.0,0.0,0.0,-0.0,-0.0,0.013245033112582781,1205
마라36aa99bb,0.0,128.9969078,35.28512162,0.013245033112582781,0.0,0.0,0.0,0.0,0.0,-0.0,-0.0,0.013245033112582781,1205
마마15ba00ba,0.0,128.7716377,35.29446219,0.013245033112582781,0.0,0.0,0.0,0.0,0.0,-0.0,-0.0,0.013245033112582781,1205
마마28ab00aa,0.0,128.9117472,35.2883997,0.013245033112582781,0.0,0.0,0.0,0.0,0.0,-0.0,-0.0,0.013245033112582781,1205
마마28ba00ba,0.0,128.9145742,35.29287471,0.013245033112582781,0.0,0.0,0.0,0.0,0.0,-0.0,-0.0,0.013245033112582781,1205
마마16aa00ba,0.0,128.7771355,35.29440425,0.013245033112582781,0.0,0.0,0.0,0.0,0.0,-0.0,-0.0,0.013245033112582781,1205
마마16aa00bb,0.0,128.7771709,35.29665794,0.013245033112582781,0.0,0.0,0.0,0.0,0.0,-0.0,-0.0,0.013245033112582781,1205
마마15bb02ba,0.0,128.7746694,35.31246275,0.013245033112582781,0.0,0.0,0.0,0.0,0.0,-0.0,-0.0,0.013245033112582781,1205
마마20aa00ba,0.0,128.821117,35.29393178,0.013245033112582781,0.0,0.0,0.0,0.0,0.0,-0.0,-0.0,0.013245033112582781,1205
마마16bb01ab,0.0,128.785489,35.30107792,0.013245033112582781,0.0,0.0,0.0,0.0,0.0,-0.0,-0.0,0.013245033112582781,1205
마라12bb95ba,0.0,128.7407122,35.24970179,0.013245033112582781,0.0,0.0,0.0,0.0,0.0,-0.0,-0.0,0.013245033112582781,1205
마라26aa99bb,0.0,128.8869719,35.28643234,0.013245033112582781,0.0,0.0,0.0,0.0,0.0,-0.0,-0.0,0.013245033112582781,1205
마마21ba10aa,0.0,128.8390219,35.37938798,0.013245033112582781,0.0,0.0,0.0,0.0,0.0,-0.0,-0.0,0.013245033112582781,1205
마마16aa00ab,0.0,128.7771001,35.29215056,0.013245033112582781,0.0,0.0,0.0,0.0,0.0,-0.0,-0.0,0.013245033112582781,1205
마마27bb08aa,0.0,128.9074997,35.36057759,0.013245033112582781,0.0,0.0,0.0,0.0,0.0,-0.0,-0.0,0.013245033112582781,1205
마마16aa05ab,0.0,128.7778089,35.33722419,0.013245033112582781,0.0,0.0,0.0,0.0,0.0,-0.0,-0.0,0.013245033112582781,1205
마라23ab88bb,0.0,128.8550878,35.18761516,0.013245033112582781,0.0,0.0,0.0,0.0,0.0,-0.0,-0.0,0.013245033112582781,1205
마마19aa02ab,0.0,128.810376,35.309827,0.013245033112582781,0.0,0.0,0.0,0.0,0.0,-0.0,-0.0,0.013245033112582781,1205
마라12ba96bb,0.0,128.7381361,35.26099862,0.013245033112582781,0.0,0.0,0.0,0.0,0.0,-0.0,-0.0,0.013245033112582781,1205
마마26bb00aa,0.0,128.895256,35.28859108,0.013245033112582781,0.0,0.0,0.0,0.0,0.0,-0.0,-0.0,0.013245033112582781,1205
마마19aa03bb,0.0,128.8105942,35.3233489,0.013245033112582781,0.0,0.0,0.0,0.0,0.0,-0.0,-0.0,0.013245033112582781,1205
마마19aa02ba,0.0,128.8104124,35.31208065,0.013245033112582781,0.0,0.0,0.0,0.0,0.0,-0.0,-0.0,0.013245033112582781,1205
마마21bb01aa,0.0,128.8404329,35.29822732,0.013245033112582781,0.0,0.0,0.0,0.0,0.0,-0.0,-0.0,0.013245033112582781,1205
마라14ba87bb,0.0,128.7588647,35.1796373,0.013245033112582781,0.0,0.0,0.0,0.0,0.0,-0.0,-0.0,0.013245033112582781,1205
마라33aa95ab,0.0,128.9631982,35.24496189,0.013245033112582781,0.0,0.0,0.0,0.0,0.0,-0.0,-0.0,0.013245033112582781,1205
마라12bb95aa,0.0,128.7406435,35.24519431,0.013245033112582781,0.0,0.0,0.0,0.0,0.0,-0.0,-0.0,0.013245033112582781,1205
마라12ab95bb,0.0,128.7352515,35.25201175,0.013245033112582781,0.0,0.0,0.0,0.0,0.0,-0.0,-0.0,0.013245033112582781,1205
마라14ba88aa,0.0,128.7588994,35.18189105,0.013245033112582781,0.0,0.0,0.0,0.0,0.0,-0.0,-0.0,0.013245033112582781,1205
마라20bb87bb,0.0,128.8274891,35.17890452,0.013245033112582781,0.0,0.0,0.0,0.0,0.0,-0.0,-0.0,0.013245033112582781,1205
마마19ab04ab,0.0,128.8134169,35.32782635,0.013245033112582781,0.0,0.0,0.0,0.0,0.0,-0.0,-0.0,0.013245033112582781,1205
마라21ba99ab,0.0,128.8374244,35.2824823,0.013245033112582781,0.0,0.0,0.0,0.0,0.0,-0.0,-0.0,0.013245033112582781,1205
마라12ab98bb,0.0,128.7356621,35.27905658,0.013245033112582781,0.0,0.0,0.0,0.0,0.0,-0.0,-0.0,0.013245033112582781,1205
마라12ab98ab,0.0,128.7355937,35.27454912,0.013245033112582781,0.0,0.0,0.0,0.0,0.0,-0.0,-0.0,0.013245033112582781,1205
마라23ab89ab,0.0,128.8551627,35.19212248,0.013245033112582781,0.0,0.0,0.0,0.0,0.0,-0.0,-0.0,0.013245033112582781,1205
마라25ba88ba,0.0,128.8797562,35.18508252,0.013245033112582781,0.0,0.0,0.0,0.0,0.0,-0.0,-0.0,0.013245033112582781,1205
마라25ab92ba,0.0,128.8776201,35.22117188,0.013245033112582781,0.0,0.0,0.0,0.0,0.0,-0.0,-0.0,0.013245033112582781,1205
마마15bb03ba,0.0,128.7748109,35.32147748,0.013245033112582781,0.0,0.0,0.0,0.0,0.0,-0.0,-0.0,0.013245033112582781,1205
마마27bb01ab,0.0,128.9064451,35.29973159,0.013245033112582781,0.0,0.0,0.0,0.0,0.0,-0.0,-0.0,0.013245033112582781,1205
마라25ab97aa,0.0,128.8783064,35.26173697,0.013245033112582781,0.0,0.0,0.0,0.0,0.0,-0.0,-0.0,0.013245033112582781,1205
마마21ba03aa,0.0,128.8379808,35.31628679,0.013245033112582781,0.0,0.0,0.0,0.0,0.0,-0.0,-0.0,0.013245033112582781,1205
마라20ba98aa,0.0,128.826247,35.27133511,0.013245033112582781,0.0,0.0,0.0,0.0,0.0,-0.0,-0.0,0.013245033112582781,1205
마마22aa05bb,0.0,128.8438902,35.34101559,0.013245033112582781,0.0,0.0,0.0,0.0,0.0,-0.0,-0.0,0.013245033112582781,1205
마마22ab07aa,0.0,128.8468276,35.35225301,0.013245033112582781,0.0,0.0,0.0,0.0,0.0,-0.0,-0.0,0.013245033112582781,1205
마라22aa87ba,0.0,128.8411766,35.17649962,0.013245033112582781,0.0,0.0,0.0,0.0,0.0,-0.0,-0.0,0.013245033112582781,1205
마라12bb95ab,0.0,128.7406778,35.24744805,0.013245033112582781,0.0,0.0,0.0,0.0,0.0,-0.0,-0.0,0.013245033112582781,1205
마마21bb05bb,0.0,128.8411398,35.34104614,0.013245033112582781,0.0,0.0,0.0,0.0,0.0,-0.0,-0.0,0.013245033112582781,1205
마라23aa89ab,0.0,128.8524173,35.19215317,0.013245033112582781,0.0,0.0,0.0,0.0,0.0,-0.0,-0.0,0.013245033112582781,1205
마라16bb95bb,0.0,128.7847057,35.25149677,0.013245033112582781,0.0,0.0,0.0,0.0,0.0,-0.0,-0.0,0.013245033112582781,1205
마마16ba03ba,0.0,128.7830602,35.32139022,0.013245033112582781,0.0,0.0,0.0,0.0,0.0,-0.0,-0.0,0.013245033112582781,1205
마라12bb92bb,0.0,128.7403346,35.22491063,0.013245033112582781,0.0,0.0,0.0,0.0,0.0,-0.0,-0.0,0.013245033112582781,1205
마라33aa95ba,0.0,128.9632387,35.24721542,0.013245033112582781,0.0,0.0,0.0,0.0,0.0,-0.0,-0.0,0.013245033112582781,1205
마라22aa88bb,0.0,128.8413618,35.18776799,0.013245033112582781,0.0,0.0,0.0,0.0,0.0,-0.0,-0.0,0.013245033112582781,1205
마라14ab87bb,0.0,128.7561196,35.1796658,0.013245033112582781,0.0,0.0,0.0,0.0,0.0,-0.0,-0.0,0.013245033112582781,1205
마라14ab88ab,0.0,128.756189,35.1841733,0.013245033112582781,0.0,0.0,0.0,0.0,0.0,-0.0,-0.0,0.013245033112582781,1205
마마30aa05bb,0.0,128.9319002,35.34000495,0.013245033112582781,0.0,0.0,0.0,0.0,0.0,-0.0,-0.0,0.013245033112582781,1205
마라35ba96bb,0.0,128.9909155,35.2581476,0.013245033112582781,0.0,0.0,0.0,0.0,0.0,-0.0,-0.0,0.013245033112582781,1205
마마16bb04ab,0.0,128.7859171,35.32812201,0.013245033112582781,0.0,0.0,0.0,0.0,0.0,-0.0,-0.0,0.013245033112582781,1205
마라16ba87bb,0.0,128.7808248,35.17940704,0.013245033112582781,0.0,0.0,0.0,0.0,0.0,-0.0,-0.0,0.013245033112582781,1205
마마24ab00aa,0.0,128.8677703,35.28890506,0.013245033112582781,0.0,0.0,0.0,0.0,0.0,-0.0,-0.0,0.013245033112582781,1205
마마24aa10bb,0.0,128.8666526,35.38584057,0.013245033112582781,0.0,0.0,0.0,0.0,0.0,-0.0,-0.0,0.013245033112582781,1205
마라22bb88ba,0.0,128.8495601,35.18542282,0.013245033112582781,0.0,0.0,0.0,0.0,0.0,-0.0,-0.0,0.013245033112582781,1205
마라13bb93bb,0.0,128.7514593,35.23381249,0.013245033112582781,0.0,0.0,0.0,0.0,0.0,-0.0,-0.0,0.013245033112582781,1205
마마17ba03aa,0.0,128.7939875,35.31676565,0.013245033112582781,0.0,0.0,0.0,0.0,0.0,-0.0,-0.0,0.013245033112582781,1205
마라26bb97bb,0.0,128.8949081,35.2683088,0.013245033112582781,0.0,0.0,0.0,0.0,0.0,-0.0,-0.0,0.013245033112582781,1205
마라34aa99aa,0.0,128.9747985,35.27863123,0.013245033112582781,0.0,0.0,0.0,0.0,0.0,-0.0,-0.0,0.013245033112582781,1205
마마17ba04ba,0.0,128.794203,35.33028763,0.013245033112582781,0.0,0.0,0.0,0.0,0.0,-0.0,-0.0,0.013245033112582781,1205
마마17ba04aa,0.0,128.7941312,35.32578031,0.013245033112582781,0.0,0.0,0.0,0.0,0.0,-0.0,-0.0,0.013245033112582781,1205
마마24bb03ba,0.0,128.8738008,35.32039312,0.013245033112582781,0.0,0.0,0.0,0.0,0.0,-0.0,-0.0,0.013245033112582781,1205
마라35aa98bb,0.0,128.9857498,35.2762432,0.013245033112582781,0.0,0.0,0.0,0.0,0.0,-0.0,-0.0,0.013245033112582781,1205
마라19bb86ab,0.0,128.8162914,35.16550218,0.013245033112582781,0.0,0.0,0.0,0.0,0.0,-0.0,-0.0,0.013245033112582781,1205
마라35aa99aa,0.0,128.985791,35.2784967,0.013245033112582781,0.0,0.0,0.0,0.0,0.0,-0.0,-0.0,0.013245033112582781,1205
마라35ab99ba,0.0,128.9886216,35.28296989,0.013245033112582781,0.0,0.0,0.0,0.0,0.0,-0.0,-0.0,0.013245033112582781,1205
마마22aa08bb,0.0,128.8443384,35.36805886,0.013245033112582781,0.0,0.0,0.0,0.0,0.0,-0.0,-0.0,0.013245033112582781,1205
마라10ab99bb,0.0,128.7138094,35.28829418,0.013245033112582781,0.0,0.0,0.0,0.0,0.0,-0.0,-0.0,0.013245033112582781,1205
마라15aa94ba,0.0,128.7652986,35.24043085,0.013245033112582781,0.0,0.0,0.0,0.0,0.0,-0.0,-0.0,0.013245033112582781,1205
마라10aa99aa,0.0,128.7109599,35.28156049,0.013245033112582781,0.0,0.0,0.0,0.0,0.0,-0.0,-0.0,0.013245033112582781,1205
마라34ba98aa,0.0,128.9801307,35.26955007,0.013245033112582781,0.0,0.0,0.0,0.0,0.0,-0.0,-0.0,0.013245033112582781,1205
마라24aa90bb,0.0,128.8636247,35.2055519,0.013245033112582781,0.0,0.0,0.0,0.0,0.0,-0.0,-0.0,0.013245033112582781,1205
마마31ab05ab,0.0,128.9455711,35.33533422,0.013245033112582781,0.0,0.0,0.0,0.0,0.0,-0.0,-0.0,0.013245033112582781,1205
마라13aa97bb,0.0,128.7437695,35.26995717,0.013245033112582781,0.0,0.0,0.0,0.0,0.0,-0.0,-0.0,0.013245033112582781,1205
마마22ba06ba,0.0,128.8495034,35.34771511,0.013245033112582781,0.0,0.0,0.0,0.0,0.0,-0.0,-0.0,0.013245033112582781,1205
마라24ab87ab,0.0,128.8658423,35.17396988,0.013245033112582781,0.0,0.0,0.0,0.0,0.0,-0.0,-0.0,0.013245033112582781,1205
마라21ab88ba,0.0,128.8330893,35.18560526,0.013245033112582781,0.0,0.0,0.0,0.0,0.0,-0.0,-0.0,0.013245033112582781,1205
마마33bb02aa,0.0,128.9725402,35.30570677,0.013245033112582781,0.0,0.0,0.0,0.0,0.0,-0.0,-0.0,0.013245033112582781,1205
마라24ab88aa,0.0,128.8659554,35.18073084,0.013245033112582781,0.0,0.0,0.0,0.0,0.0,-0.0,-0.0,0.013245033112582781,1205
마마31aa03ab,0.0,128.9425006,35.31733891,0.013245033112582781,0.0,0.0,0.0,0.0,0.0,-0.0,-0.0,0.013245033112582781,1205
마라13bb96aa,0.0,128.751771,35.25409606,0.013245033112582781,0.0,0.0,0.0,0.0,0.0,-0.0,-0.0,0.013245033112582781,1205
마마14bb01ab,0.0,128.7634961,35.30130972,0.013245033112582781,0.0,0.0,0.0,0.0,0.0,-0.0,-0.0,0.013245033112582781,1205
마마29bb02bb,0.0,128.928674,35.31299507,0.013245033112582781,0.0,0.0,0.0,0.0,0.0,-0.0,-0.0,0.013245033112582781,1205
마라34ba96bb,0.0,128.9799258,35.25828253,0.013245033112582781,0.0,0.0,0.0,0.0,0.0,-0.0,-0.0,0.013245033112582781,1205
마마18aa04ba,0.0,128.7997031,35.33022862,0.013245033112582781,0.0,0.0,0.0,0.0,0.0,-0.0,-0.0,0.013245033112582781,1205
마마18aa04ab,0.0,128.7996671,35.32797496,0.013245033112582781,0.0,0.0,0.0,0.0,0.0,-0.0,-0.0,0.013245033112582781,1205
마마34bb00aa,0.0,128.9832073,35.28754441,0.013245033112582781,0.0,0.0,0.0,0.0,0.0,-0.0,-0.0,0.013245033112582781,1205
마라21aa99aa,0.0,128.8318907,35.28028931,0.013245033112582781,0.0,0.0,0.0,0.0,0.0,-0.0,-0.0,0.013245033112582781,1205
마마11bb00aa,0.0,128.7303358,35.29038127,0.013245033112582781,0.0,0.0,0.0,0.0,0.0,-0.0,-0.0,0.013245033112582781,1205
마라24ba98ba,0.0,128.8702911,35.27535229,0.013245033112582781,0.0,0.0,0.0,0.0,0.0,-0.0,-0.0,0.013245033112582781,1205
마마13ba04aa,0.0,128.7501319,35.32624332,0.013245033112582781,0.0,0.0,0.0,0.0,0.0,-0.0,-0.0,0.013245033112582781,1205
마마13bb04bb,0.0,128.7529863,35.33297594,0.013245033112582781,0.0,0.0,0.0,0.0,0.0,-0.0,-0.0,0.013245033112582781,1205
마마14aa05aa,0.0,128.7557713,35.3352011,0.013245033112582781,0.0,0.0,0.0,0.0,0.0,-0.0,-0.0,0.013245033112582781,1205
마마14ab05aa,0.0,128.7585216,35.33517249,0.013245033112582781,0.0,0.0,0.0,0.0,0.0,-0.0,-0.0,0.013245033112582781,1205
마마30ab04ba,0.0,128.9344513,35.3287047,0.013245033112582781,0.0,0.0,0.0,0.0,0.0,-0.0,-0.0,0.013245033112582781,1205
마마14ab04aa,0.0,128.7583819,35.32615772,0.013245033112582781,0.0,0.0,0.0,0.0,0.0,-0.0,-0.0,0.013245033112582781,1205
마마20ba02ba,0.0,128.826909,35.31190073,0.013245033112582781,0.0,0.0,0.0,0.0,0.0,-0.0,-0.0,0.013245033112582781,1205
마라14bb97ba,0.0,128.762971,35.26750415,0.013245033112582781,0.0,0.0,0.0,0.0,0.0,-0.0,-0.0,0.013245033112582781,1205
마라17ba94aa,0.0,128.7926975,35.23563312,0.013245033112582781,0.0,0.0,0.0,0.0,0.0,-0.0,-0.0,0.013245033112582781,1205
마라15bb96aa,0.0,128.7737513,35.25386666,0.013245033112582781,0.0,0.0,0.0,0.0,0.0,-0.0,-0.0,0.013245033112582781,1205
마라33ba94bb,0.0,128.9686109,35.24038827,0.013245033112582781,0.0,0.0,0.0,0.0,0.0,-0.0,-0.0,0.013245033112582781,1205
마라34bb96bb,0.0,128.9826732,35.2582489,0.013245033112582781,0.0,0.0,0.0,0.0,0.0,-0.0,-0.0,0.013245033112582781,1205
마마20ba01ab,0.0,128.8267249,35.30063253,0.013245033112582781,0.0,0.0,0.0,0.0,0.0,-0.0,-0.0,0.013245033112582781,1205
마라29ab92ba,0.0,128.9215602,35.22066379,0.013245033112582781,0.0,0.0,0.0,0.0,0.0,-0.0,-0.0,0.013245033112582781,1205
마라29aa99ba,0.0,128.9199141,35.28379605,0.013245033112582781,0.0,0.0,0.0,0.0,0.0,-0.0,-0.0,0.013245033112582781,1205
마마26aa02aa,0.0,128.8873181,35.30671462,0.013245033112582781,0.0,0.0,0.0,0.0,0.0,-0.0,-0.0,0.013245033112582781,1205
마마26ab05aa,0.0,128.8905302,35.33372595,0.013245033112582781,0.0,0.0,0.0,0.0,0.0,-0.0,-0.0,0.013245033112582781,1205
마라23aa87ab,0.0,128.8521186,35.17412387,0.013245033112582781,0.0,0.0,0.0,0.0,0.0,-0.0,-0.0,0.013245033112582781,1205
마라26ab95ba,0.0,128.8890662,35.24808965,0.013245033112582781,0.0,0.0,0.0,0.0,0.0,-0.0,-0.0,0.013245033112582781,1205
마라26ab92ab,0.0,128.8885668,35.21879273,0.013245033112582781,0.0,0.0,0.0,0.0,0.0,-0.0,-0.0,0.013245033112582781,1205
마마25bb04ab,0.0,128.8849147,35.32702837,0.013245033112582781,0.0,0.0,0.0,0.0,0.0,-0.0,-0.0,0.013245033112582781,1205
마라13aa93ab,0.0,128.74315,35.22938994,0.013245033112582781,0.0,0.0,0.0,0.0,0.0,-0.0,-0.0,0.013245033112582781,1205
마마22ab07bb,0.0,128.8469399,35.35901382,0.013245033112582781,0.0,0.0,0.0,0.0,0.0,-0.0,-0.0,0.013245033112582781,1205
마마22ba01ba,0.0,128.8487545,35.30264287,0.013245033112582781,0.0,0.0,0.0,0.0,0.0,-0.0,-0.0,0.013245033112582781,1205
마라14aa93bb,0.0,128.7542062,35.23378405,0.013245033112582781,0.0,0.0,0.0,0.0,0.0,-0.0,-0.0,0.013245033112582781,1205
마마17ab04bb,0.0,128.7914888,35.3325707,0.013245033112582781,0.0,0.0,0.0,0.0,0.0,-0.0,-0.0,0.013245033112582781,1205
마라22aa95aa,0.0,128.8422891,35.24410949,0.013245033112582781,0.0,0.0,0.0,0.0,0.0,-0.0,-0.0,0.013245033112582781,1205
마마22ab09bb,0.0,128.8472395,35.3770426,0.013245033112582781,0.0,0.0,0.0,0.0,0.0,-0.0,-0.0,0.013245033112582781,1205
마라35aa97aa,0.0,128.9854618,35.2604687,0.013245033112582781,0.0,0.0,0.0,0.0,0.0,-0.0,-0.0,0.013245033112582781,1205
마라35aa94bb,0.0,128.9850918,35.24018713,0.013245033112582781,0.0,0.0,0.0,0.0,0.0,-0.0,-0.0,0.013245033112582781,1205
마라13ab92bb,0.0,128.7458278,35.22485421,0.013245033112582781,0.0,0.0,0.0,0.0,0.0,-0.0,-0.0,0.013245033112582781,1205
마라16ba96aa,0.0,128.7819938,35.25377961,0.013245033112582781,0.0,0.0,0.0,0.0,0.0,-0.0,-0.0,0.013245033112582781,1205
마라16ba94ba,0.0,128.7817809,35.2402574,0.013245033112582781,0.0,0.0,0.0,0.0,0.0,-0.0,-0.0,0.013245033112582781,1205
마라16ab99aa,0.0,128.7796715,35.28085306,0.013245033112582781,0.0,0.0,0.0,0.0,0.0,-0.0,-0.0,0.013245033112582781,1205
마마18ba03bb,0.0,128.8050946,35.3234084,0.013245033112582781,0.0,0.0,0.0,0.0,0.0,-0.0,-0.0,0.013245033112582781,1205
마라22ba99bb,0.0,128.8484927,35.2868675,0.013245033112582781,0.0,0.0,0.0,0.0,0.0,-0.0,-0.0,0.013245033112582781,1205
마라22ab87bb,0.0,128.8439586,35.17872287,0.013245033112582781,0.0,0.0,0.0,0.0,0.0,-0.0,-0.0,0.013245033112582781,1205
마라22ab88ba,0.0,128.8440699,35.18548388,0.013245033112582781,0.0,0.0,0.0,0.0,0.0,-0.0,-0.0,0.013245033112582781,1205
마마18ba04ba,0.0,128.8052033,35.33016936,0.013245033112582781,0.0,0.0,0.0,0.0,0.0,-0.0,-0.0,0.013245033112582781,1205
마마17ba05ab,0.0,128.7943108,35.33704861,0.013245033112582781,0.0,0.0,0.0,0.0,0.0,-0.0,-0.0,0.013245033112582781,1205
마라19bb97ba,0.0,128.8179298,35.26691789,0.013245033112582781,0.0,0.0,0.0,0.0,0.0,-0.0,-0.0,0.013245033112582781,1205
마마23aa02bb,0.0,128.8544405,35.31384948,0.013245033112582781,0.0,0.0,0.0,0.0,0.0,-0.0,-0.0,0.013245033112582781,1205
마마22bb08ba,0.0,128.8525546,35.36571315,0.013245033112582781,0.0,0.0,0.0,0.0,0.0,-0.0,-0.0,0.013245033112582781,1205
마마23aa02ba,0.0,128.8544029,35.31159587,0.013245033112582781,0.0,0.0,0.0,0.0,0.0,-0.0,-0.0,0.013245033112582781,1205
마라17bb97ba,0.0,128.7959465,35.26715539,0.013245033112582781,0.0,0.0,0.0,0.0,0.0,-0.0,-0.0,0.013245033112582781,1205
마마12ba00bb,0.0,128.7386852,35.29705827,0.013245033112582781,0.0,0.0,0.0,0.0,0.0,-0.0,-0.0,0.013245033112582781,1205
마마20aa06ab,0.0,128.8219605,35.3457655,0.006622516556291391,0.0,0.0,0.0,0.0064555794651091295,0.0,-0.0,-0.0,0.013078096021400521,1206
마라22ab87ab,0.0,128.8438844,35.17421552,0.0,0.0,0.0,0.0,0.0,0.01295336787564767,-0.0,-0.0,0.01295336787564767,1207
마라17ba89aa,0.0,128.7919831,35.190559,0.006622516556291391,0.0,0.0,0.0,0.006148170919151552,0.0,-0.0,-0.0,0.012770687475442943,1208
마마23aa08ab,0.0,128.8552682,35.36342873,0.006622516556291391,0.0,0.0,0.0,0.005840762373193974,0.0,-0.0,-0.0,0.012463278929485365,1209
마마19bb01bb,0.0,128.818551,35.30523003,0.006622516556291391,0.0,0.0,0.0,0.005840762373193974,0.0,-0.0,-0.0,0.012463278929485365,1209
마라20aa91bb,0.0,128.8198375,35.2150535,0.006622516556291391,0.0,0.0,0.0,0.005840762373193974,0.0,-0.0,-0.0,0.012463278929485365,1209
마마18ab06ba,0.0,128.8027426,35.34822822,0.006622516556291391,0.0,0.0,0.0,0.005840762373193974,0.0,-0.0,-0.0,0.012463278929485365,1209
마라14bb92bb,0.0,128.7623071,35.22468347,0.006622516556291391,0.0,0.0,0.0,0.005225945281278819,0.0,-0.0,-0.0,0.011848461837570209,1210
마마17ba06aa,0.0,128.7944187,35.34380958,0.006622516556291391,0.0,0.0,0.0,0.0,0.0051813471502590676,-0.0,-0.0,0.011803863706550458,1211
마마22ba04bb,0.0,128.8492411,35.33193987,0.006622516556291391,0.0,0.0,0.0,0.004918536735321242,0.0,-0.0,-0.0,0.011541053291612632,1212
마마22bb07ab,0.0,128.8523667,35.35444517,0.006622516556291391,0.0,0.0,0.0,0.004303719643406086,0.0,-0.0,-0.0,0.010926236199697476,1213
마라15aa92bb,0.0,128.7650536,35.2246548,0.006622516556291391,0.0,0.0,0.0,0.004303719643406086,0.0,-0.0,-0.0,0.010926236199697476,1213
마마33aa04aa,0.0,128.9646181,35.32383496,0.006622516556291391,0.0,0.0,0.0,0.004303719643406086,0.0,-0.0,-0.0,0.010926236199697476,1213
마마21ab07bb,0.0,128.8359359,35.35913597,0.006622516556291391,0.0,0.0,0.0,0.004303719643406086,0.0,-0.0,-0.0,0.010926236199697476,1213
마라13bb95bb,0.0,128.7517364,35.25184233,0.09271523178807947,0.0,0.0,0.0,0.010759299108515216,0.0,-0.0,-0.0927143545,0.010760176396594684,1214
마마19bb04bb,0.0,128.8189901,35.33227374,0.006622516556291391,0.0,0.0,0.0,0.003996311097448509,0.0,-0.0,-0.0,0.0106188276537399,1215
마마20ba09bb,0.0,128.8279782,35.37725586,0.006622516556291391,0.0,0.0,0.0,0.003996311097448509,0.0,-0.0,-0.0,0.0106188276537399,1215
마마22ba09aa,0.0,128.8498785,35.37025111,0.006622516556291391,0.0,0.0,0.0,0.003996311097448509,0.0,-0.0,-0.0,0.0106188276537399,1215
마라16ba98aa,0.0,128.7822778,35.27180918,0.0,0.0,0.0,0.0,0.0,0.010362694300518135,-0.0,-0.0,0.010362694300518135,1216
마라22ab88bb,0.0,128.844107,35.18773755,0.0,0.0,0.0,0.0,0.0,0.010362694300518135,-0.0,-0.0,0.010362694300518135,1216
마라21bb96ab,0.0,128.8397274,35.25540818,0.0,0.0,0.0,0.0,0.0,0.010362694300518135,-0.0,-0.0,0.010362694300518135,1216
마라31aa94aa,0.0,128.9410227,35.23395786,0.0,0.0,0.0,0.0,0.0,0.010362694300518135,-0.0,-0.0,0.010362694300518135,1216
마마19bb08bb,0.0,128.8195765,35.36833183,0.0,0.0,0.0,0.0,0.0,0.010362694300518135,-0.0,-0.0,0.010362694300518135,1216
마마20bb09aa,0.0,128.8306188,35.37046475,0.006622516556291391,0.0,0.0,0.0,0.003688902551490931,0.0,-0.0,-0.0,0.010311419107782322,1217
마라24ba90aa,0.0,128.8690027,35.198729,0.006622516556291391,0.0,0.0,0.0,0.003688902551490931,0.0,-0.0,-0.0,0.010311419107782322,1217
마마22ba09ab,0.0,128.849916,35.3725047,0.006622516556291391,0.0,0.0,0.0,0.003688902551490931,0.0,-0.0,-0.0,0.010311419107782322,1217
마마20aa09ab,0.0,128.8224014,35.37280899,0.006622516556291391,0.0,0.0,0.0,0.003688902551490931,0.0,-0.0,-0.0,0.010311419107782322,1217
마라12ba95ab,0.0,128.7379305,35.24747619,0.006622516556291391,0.0,0.0,0.0,0.003381494005533354,0.0,-0.0,-0.0,0.010004010561824744,1218
마마26bb05aa,0.0,128.8960304,35.33366255,0.006622516556291391,0.0,0.0,0.0,0.0030740854595757753,0.0,-0.0,-0.0,0.009696602015867166,1219
마마19ab08aa,0.0,128.8139643,35.36163091,0.006622516556291391,0.0,0.0,0.0,0.0030740854595757753,0.0,-0.0,-0.0,0.009696602015867166,1219
마마19aa08ab,0.0,128.8112496,35.36391443,0.006622516556291391,0.0,0.0,0.0,0.0030740854595757753,0.0,-0.0,-0.0,0.009696602015867166,1219
마마24ba00ab,0.0,128.8705569,35.29112754,0.006622516556291391,0.0,0.0,0.0,0.0030740854595757753,0.0,-0.0,-0.0,0.009696602015867166,1219
마라24ab88bb,0.0,128.8660685,35.18749178,0.006622516556291391,0.0,0.0,0.0,0.0030740854595757753,0.0,-0.0,-0.0,0.009696602015867166,1219
마라22ba87ab,0.0,128.8466291,35.17418504,0.006622516556291391,0.0,0.0,0.0,0.0030740854595757753,0.0,-0.0,-0.0,0.009696602015867166,1219
마라25aa94bb,0.0,128.8752161,35.24148571,0.006622516556291391,0.0,0.0,0.0,0.0030740854595757753,0.0,-0.0,-0.0,0.009696602015867166,1219
마라24ba88ab,0.0,128.8687381,35.18295349,0.006622516556291391,0.0,0.0,0.0,0.0027666769136181985,0.0,-0.0,-0.0,0.00938919346990959,1220
마라17ba93bb,0.0,128.7926617,35.23337942,0.006622516556291391,0.0,0.0,0.0,0.0027666769136181985,0.0,-0.0,-0.0,0.00938919346990959,1220
마마18bb05ba,0.0,128.8080986,35.33915422,0.006622516556291391,0.0,0.0,0.0,0.0027666769136181985,0.0,-0.0,-0.0,0.00938919346990959,1220
마마14ab00ab,0.0,128.7578584,35.29235222,0.006622516556291391,0.0,0.0,0.0,0.0027666769136181985,0.0,-0.0,-0.0,0.00938919346990959,1220
마라16bb92ba,0.0,128.7842437,35.22219862,0.006622516556291391,0.0,0.0,0.0,0.0027666769136181985,0.0,-0.0,-0.0,0.00938919346990959,1220
마라26bb96ba,0.0,128.894715,35.25704084,0.006622516556291391,0.0,0.0,0.0,0.0027666769136181985,0.0,-0.0,-0.0,0.00938919346990959,1220
마마26ab05ba,0.0,128.8906074,35.33823309,0.006622516556291391,0.0,0.0,0.0,0.0027666769136181985,0.0,-0.0,-0.0,0.00938919346990959,1220
마라33ba94aa,0.0,128.968489,35.23362768,0.006622516556291391,0.0,0.0,0.0,0.002459268367660621,0.0,-0.0,-0.0,0.009081784923952011,1221
마마17ba04ab,0.0,128.7941671,35.32803397,0.006622516556291391,0.0,0.0,0.0,0.002459268367660621,0.0,-0.0,-0.0,0.009081784923952011,1221
마라35bb98aa,0.0,128.9938697,35.26938118,0.006622516556291391,0.0,0.0,0.0,0.002459268367660621,0.0,-0.0,-0.0,0.009081784923952011,1221
마마21bb04ab,0.0,128.8409164,35.32752444,0.006622516556291391,0.0,0.0,0.0,0.002459268367660621,0.0,-0.0,-0.0,0.009081784923952011,1221
마라13ab95aa,0.0,128.746138,35.24513786,0.006622516556291391,0.0,0.0,0.0,0.002459268367660621,0.0,-0.0,-0.0,0.009081784923952011,1221
마라32ab93bb,0.0,128.9547157,35.23154,0.006622516556291391,0.0,0.0,0.0,0.002459268367660621,0.0,-0.0,-0.0,0.009081784923952011,1221
마라31ab94bb,0.0,128.9438892,35.24068578,0.0,0.0,0.0,0.0,0.00891484783276975,0.0,-0.0,-0.0,0.00891484783276975,1222
마마14ba01ba,0.0,128.760782,35.30359211,0.0,0.0,0.0,0.0,0.003688902551490931,0.0051813471502590676,-0.0,-0.0,0.008870249701749999,1223
마라22ba96ba,0.0,128.8480072,35.25757027,0.006622516556291391,0.0,0.0,0.0,0.0021518598217030436,0.0,-0.0,-0.0,0.008774376377994435,1224
마라27ab99ab,0.0,128.9006366,35.2817668,0.006622516556291391,0.0,0.0,0.0,0.0021518598217030436,0.0,-0.0,-0.0,0.008774376377994435,1224
마마21ab07ba,0.0,128.8358988,35.35688236,0.006622516556291391,0.0,0.0,0.0,0.0021518598217030436,0.0,-0.0,-0.0,0.008774376377994435,1224
마마19ab06aa,0.0,128.8136723,35.34360184,0.006622516556291391,0.0,0.0,0.0,0.0021518598217030436,0.0,-0.0,-0.0,0.008774376377994435,1224
마마20ba08ab,0.0,128.8277567,35.36373417,0.006622516556291391,0.0,0.0,0.0,0.0021518598217030436,0.0,-0.0,-0.0,0.008774376377994435,1224
마마26ab06ba,0.0,128.8907619,35.34724736,0.006622516556291391,0.0,0.0,0.0,0.0021518598217030436,0.0,-0.0,-0.0,0.008774376377994435,1224
마마12ba03aa,0.0,128.7389944,35.31734173,0.0,0.0,0.0,0.0,0.008607439286812174,0.0,-0.0,-0.0,0.008607439286812174,1225
마라19bb89aa,0.0,128.8166911,35.19029285,0.006622516556291391,0.0,0.0,0.0,0.0018444512757454655,0.0,-0.0,-0.0,0.008466967832036857,1226
마라15bb92ab,0.0,128.7732228,35.22006096,0.006622516556291391,0.0,0.0,0.0,0.0018444512757454655,0.0,-0.0,-0.0,0.008466967832036857,1226
마라20bb99aa,0.0,128.8291423,35.28031955,0.006622516556291391,0.0,0.0,0.0,0.0018444512757454655,0.0,-0.0,-0.0,0.008466967832036857,1226
마라32ba95ba,0.0,128.9577445,35.24728174,0.006622516556291391,0.0,0.0,0.0,0.0018444512757454655,0.0,-0.0,-0.0,0.008466967832036857,1226
마라36ab95bb,0.0,128.9989917,35.24903178,0.006622516556291391,0.0,0.0,0.0,0.0018444512757454655,0.0,-0.0,-0.0,0.008466967832036857,1226
마라15ba94bb,0.0,128.7708279,35.242627,0.006622516556291391,0.0,0.0,0.0,0.0018444512757454655,0.0,-0.0,-0.0,0.008466967832036857,1226
마라34ab97ab,0.0,128.9772602,35.26282314,0.0,0.0,0.0,0.0,0.008300030740854595,0.0,-0.0,-0.0,0.008300030740854595,1227
마마22ba01aa,0.0,128.8486797,35.29813562,0.0,0.0,0.0,0.0,0.0,0.007772020725388601,-0.0,-0.0,0.007772020725388601,1228
마마22bb08bb,0.0,128.8525922,35.36796674,0.0,0.0,0.0,0.0,0.0,0.007772020725388601,-0.0,-0.0,0.007772020725388601,1228
마마21ba03bb,0.0,128.8380922,35.32304767,0.0,0.0,0.0,0.0,0.0,0.007772020725388601,-0.0,-0.0,0.007772020725388601,1228
마라15aa94aa,0.0,128.7652286,35.23592341,0.006622516556291391,0.0,0.0,0.0,0.0,0.0,-0.0,-0.0,0.006622516556291391,1229
마라10ba98aa,0.0,128.7163221,35.27249034,0.006622516556291391,0.0,0.0,0.0,0.0,0.0,-0.0,-0.0,0.006622516556291391,1229
마라24ab91bb,0.0,128.8665215,35.2145355,0.006622516556291391,0.0,0.0,0.0,0.0,0.0,-0.0,-0.0,0.006622516556291391,1229
마라10ab98aa,0.0,128.7135739,35.27251794,0.006622516556291391,0.0,0.0,0.0,0.0,0.0,-0.0,-0.0,0.006622516556291391,1229
마라22ba91aa,0.0,128.8471871,35.20799,0.006622516556291391,0.0,0.0,0.0,0.0,0.0,-0.0,-0.0,0.006622516556291391,1229
마라22ba88ba,0.0,128.846815,35.18545338,0.006622516556291391,0.0,0.0,0.0,0.0,0.0,-0.0,-0.0,0.006622516556291391,1229
마라22ba88ab,0.0,128.8467778,35.18319971,0.006622516556291391,0.0,0.0,0.0,0.0,0.0,-0.0,-0.0,0.006622516556291391,1229
마마23bb03bb,0.0,128.86284,35.32277121,0.006622516556291391,0.0,0.0,0.0,0.0,0.0,-0.0,-0.0,0.006622516556291391,1229
마마23bb03ab,0.0,128.8627644,35.318264,0.006622516556291391,0.0,0.0,0.0,0.0,0.0,-0.0,-0.0,0.006622516556291391,1229
마마31bb01ba,0.0,128.9504673,35.30146556,0.006622516556291391,0.0,0.0,0.0,0.0,0.0,-0.0,-0.0,0.006622516556291391,1229
마마24aa02ba,0.0,128.8654003,35.31147218,0.006622516556291391,0.0,0.0,0.0,0.0,0.0,-0.0,-0.0,0.006622516556291391,1229
마마24aa00bb,0.0,128.8651353,35.29569694,0.006622516556291391,0.0,0.0,0.0,0.0,0.0,-0.0,-0.0,0.006622516556291391,1229
마마32aa02ab,0.0,128.9533372,35.30819311,0.006622516556291391,0.0,0.0,0.0,0.0,0.0,-0.0,-0.0,0.006622516556291391,1229
마라13ba98ab,0.0,128.7493349,35.27440798,0.006622516556291391,0.0,0.0,0.0,0.0,0.0,-0.0,-0.0,0.006622516556291391,1229
마마31aa00aa,0.0,128.9419807,35.288043,0.006622516556291391,0.0,0.0,0.0,0.0,0.0,-0.0,-0.0,0.006622516556291391,1229
마라10ab97ba,0.0,128.7135067,35.26801044,0.006622516556291391,0.0,0.0,0.0,0.0,0.0,-0.0,-0.0,0.006622516556291391,1229
마라24ba89ba,0.0,128.8689271,35.19422172,0.006622516556291391,0.0,0.0,0.0,0.0,0.0,-0.0,-0.0,0.006622516556291391,1229
마마10bb00ba,0.0,128.7194082,35.2950001,0.006622516556291391,0.0,0.0,0.0,0.0,0.0,-0.0,-0.0,0.006622516556291391,1229
마마12bb01aa,0.0,128.7414686,35.2992838,0.006622516556291391,0.0,0.0,0.0,0.0,0.0,-0.0,-0.0,0.006622516556291391,1229
마라11ab97bb,0.0,128.7245328,35.27015342,0.006622516556291391,0.0,0.0,0.0,0.0,0.0,-0.0,-0.0,0.006622516556291391,1229
마라24ab89bb,0.0,128.8662195,35.19650637,0.006622516556291391,0.0,0.0,0.0,0.0,0.0,-0.0,-0.0,0.006622516556291391,1229
마마32bb03aa,0.0,128.9617062,35.31485422,0.006622516556291391,0.0,0.0,0.0,0.0,0.0,-0.0,-0.0,0.006622516556291391,1229
마마33aa03aa,0.0,128.9644556,35.31482095,0.006622516556291391,0.0,0.0,0.0,0.0,0.0,-0.0,-0.0,0.006622516556291391,1229
마라24bb85ab,0.0,128.871029,35.15587864,0.006622516556291391,0.0,0.0,0.0,0.0,0.0,-0.0,-0.0,0.006622516556291391,1229
마마32ba02ba,0.0,128.9588759,35.31038041,0.006622516556291391,0.0,0.0,0.0,0.0,0.0,-0.0,-0.0,0.006622516556291391,1229
마라21ab89ba,0.0,128.8332366,35.19461997,0.006622516556291391,0.0,0.0,0.0,0.0,0.0,-0.0,-0.0,0.006622516556291391,1229
마마20ab00aa,0.0,128.8237924,35.28939443,0.006622516556291391,0.0,0.0,0.0,0.0,0.0,-0.0,-0.0,0.006622516556291391,1229
마라30ab95bb,0.0,128.9330603,35.24983063,0.006622516556291391,0.0,0.0,0.0,0.0,0.0,-0.0,-0.0,0.006622516556291391,1229
마마20aa06ba,0.0,128.8219972,35.34801913,0.006622516556291391,0.0,0.0,0.0,0.0,0.0,-0.0,-0.0,0.006622516556291391,1229
마라30ba94aa,0.0,128.9355294,35.23402314,0.006622516556291391,0.0,0.0,0.0,0.0,0.0,-0.0,-0.0,0.006622516556291391,1229
마라30bb93ab,0.0,128.9381567,35.22722984,0.006622516556291391,0.0,0.0,0.0,0.0,0.0,-0.0,-0.0,0.006622516556291391,1229
마마20aa04bb,0.0,128.8217402,35.3322437,0.006622516556291391,0.0,0.0,0.0,0.0,0.0,-0.0,-0.0,0.006622516556291391,1229
마마18aa04bb,0.0,128.7997392,35.33248227,0.006622516556291391,0.0,0.0,0.0,0.0,0.0,-0.0,-0.0,0.006622516556291391,1229
마라34ba97aa,0.0,128.9799668,35.26053604,0.006622516556291391,0.0,0.0,0.0,0.0,0.0,-0.0,-0.0,0.006622516556291391,1229
마마22bb08aa,0.0,128.8524795,35.36120596,0.006622516556291391,0.0,0.0,0.0,0.0,0.0,-0.0,-0.0,0.006622516556291391,1229
마마23aa03ab,0.0,128.8545156,35.3183567,0.006622516556291391,0.0,0.0,0.0,0.0,0.0,-0.0,-0.0,0.006622516556291391,1229
마라22ab97ab,0.0,128.8453714,35.26436177,0.006622516556291391,0.0,0.0,0.0,0.0,0.0,-0.0,-0.0,0.006622516556291391,1229
마라22ab95aa,0.0,128.8450363,35.24407898,0.006622516556291391,0.0,0.0,0.0,0.0,0.0,-0.0,-0.0,0.006622516556291391,1229
마라31aa93ba,0.0,128.940943,35.22945074,0.006622516556291391,0.0,0.0,0.0,0.0,0.0,-0.0,-0.0,0.006622516556291391,1229
마마24aa10ba,0.0,128.8666146,35.383587,0.006622516556291391,0.0,0.0,0.0,0.0,0.0,-0.0,-0.0,0.006622516556291391,1229
마마17bb03bb,0.0,128.7968451,35.32349718,0.006622516556291391,0.0,0.0,0.0,0.0,0.0,-0.0,-0.0,0.006622516556291391,1229
마마17bb03ba,0.0,128.7968091,35.32124352,0.006622516556291391,0.0,0.0,0.0,0.0,0.0,-0.0,-0.0,0.006622516556291391,1229
마마17bb02bb,0.0,128.7967011,35.31448253,0.006622516556291391,0.0,0.0,0.0,0.0,0.0,-0.0,-0.0,0.006622516556291391,1229
마라16ab88ba,0.0,128.7781856,35.18619723,0.006622516556291391,0.0,0.0,0.0,0.0,0.0,-0.0,-0.0,0.006622516556291391,1229
마라20aa88ab,0.0,128.8193271,35.18350189,0.006622516556291391,0.0,0.0,0.0,0.0,0.0,-0.0,-0.0,0.006622516556291391,1229
마라16ab87bb,0.0,128.7780798,35.17943604,0.006622516556291391,0.0,0.0,0.0,0.0,0.0,-0.0,-0.0,0.006622516556291391,1229
마라29ba98bb,0.0,128.9252923,35.27697072,0.006622516556291391,0.0,0.0,0.0,0.0,0.0,-0.0,-0.0,0.006622516556291391,1229
마라29bb98ab,0.0,128.9279613,35.2724312,0.006622516556291391,0.0,0.0,0.0,0.0,0.0,-0.0,-0.0,0.006622516556291391,1229
마라29bb99aa,0.0,128.92808,35.27919186,0.006622516556291391,0.0,0.0,0.0,0.0,0.0,-0.0,-0.0,0.006622516556291391,1229
마라15aa92ba,0.0,128.7650186,35.22240107,0.006622516556291391,0.0,0.0,0.0,0.0,0.0,-0.0,-0.0,0.006622516556291391,1229
마라16aa93bb,0.0,128.7761809,35.23355433,0.006622516556291391,0.0,0.0,0.0,0.0,0.0,-0.0,-0.0,0.006622516556291391,1229
마라16aa91bb,0.0,128.7758986,35.2155246,0.006622516556291391,0.0,0.0,0.0,0.0,0.0,-0.0,-0.0,0.006622516556291391,1229
마라34ab94ab,0.0,128.9767696,35.23578094,0.006622516556291391,0.0,0.0,0.0,0.0,0.0,-0.0,-0.0,0.006622516556291391,1229
마라20ab90ba,0.0,128.8224009,35.20375513,0.006622516556291391,0.0,0.0,0.0,0.0,0.0,-0.0,-0.0,0.006622516556291391,1229
마라20ab89ab,0.0,128.8222183,35.19248671,0.006622516556291391,0.0,0.0,0.0,0.0,0.0,-0.0,-0.0,0.006622516556291391,1229
마라29ab99bb,0.0,128.9227018,35.28601731,0.006622516556291391,0.0,0.0,0.0,0.0,0.0,-0.0,-0.0,0.006622516556291391,1229
마라27aa97aa,0.0,128.8975399,35.26151632,0.006622516556291391,0.0,0.0,0.0,0.0,0.0,-0.0,-0.0,0.006622516556291391,1229
마라22ba94ab,0.0,128.8476715,35.23728748,0.006622516556291391,0.0,0.0,0.0,0.0,0.0,-0.0,-0.0,0.006622516556291391,1229
마라22ba94aa,0.0,128.8476342,35.23503384,0.006622516556291391,0.0,0.0,0.0,0.0,0.0,-0.0,-0.0,0.006622516556291391,1229
마마17ba04bb,0.0,128.7942389,35.33254129,0.006622516556291391,0.0,0.0,0.0,0.0,0.0,-0.0,-0.0,0.006622516556291391,1229
마마17ba03ba,0.0,128.7940593,35.32127298,0.006622516556291391,0.0,0.0,0.0,0.0,0.0,-0.0,-0.0,0.006622516556291391,1229
마라34bb96ba,0.0,128.9826322,35.25599539,0.006622516556291391,0.0,0.0,0.0,0.0,0.0,-0.0,-0.0,0.006622516556291391,1229
마라34bb96ab,0.0,128.9825911,35.25374188,0.006622516556291391,0.0,0.0,0.0,0.0,0.0,-0.0,-0.0,0.006622516556291391,1229
마라13bb93aa,0.0,128.7513555,35.22705128,0.006622516556291391,0.0,0.0,0.0,0.0,0.0,-0.0,-0.0,0.006622516556291391,1229
마라22ab90bb,0.0,128.8444041,35.20576687,0.006622516556291391,0.0,0.0,0.0,0.0,0.0,-0.0,-0.0,0.006622516556291391,1229
마마22bb04ab,0.0,128.8519161,35.32740192,0.006622516556291391,0.0,0.0,0.0,0.0,0.0,-0.0,-0.0,0.006622516556291391,1229
마마22bb10ba,0.0,128.8528556,35.38374187,0.006622516556291391,0.0,0.0,0.0,0.0,0.0,-0.0,-0.0,0.006622516556291391,1229
마마22bb09bb,0.0,128.8527427,35.37698111,0.006622516556291391,0.0,0.0,0.0,0.0,0.0,-0.0,-0.0,0.006622516556291391,1229
마라21ab90ab,0.0,128.8333471,35.20138099,0.006622516556291391,0.0,0.0,0.0,0.0,0.0,-0.0,-0.0,0.006622516556291391,1229
마라34ab93ba,0.0,128.9766471,35.22902037,0.006622516556291391,0.0,0.0,0.0,0.0,0.0,-0.0,-0.0,0.006622516556291391,1229
마라34aa99ab,0.0,128.9748394,35.28088474,0.006622516556291391,0.0,0.0,0.0,0.0,0.0,-0.0,-0.0,0.006622516556291391,1229
마라20ab94ba,0.0,128.8229861,35.23981394,0.006622516556291391,0.0,0.0,0.0,0.0,0.0,-0.0,-0.0,0.006622516556291391,1229
마라20ab93aa,0.0,128.8227665,35.22629191,0.006622516556291391,0.0,0.0,0.0,0.0,0.0,-0.0,-0.0,0.006622516556291391,1229
마라34ab97ba,0.0,128.9773011,35.26507665,0.006622516556291391,0.0,0.0,0.0,0.0,0.0,-0.0,-0.0,0.006622516556291391,1229
마라22bb89bb,0.0,128.8497465,35.19669113,0.006622516556291391,0.0,0.0,0.0,0.0,0.0,-0.0,-0.0,0.006622516556291391,1229
마라22bb89aa,0.0,128.8496347,35.18993014,0.006622516556291391,0.0,0.0,0.0,0.0,0.0,-0.0,-0.0,0.006622516556291391,1229
마라22bb88aa,0.0,128.8494856,35.18091549,0.006622516556291391,0.0,0.0,0.0,0.0,0.0,-0.0,-0.0,0.006622516556291391,1229
마마25aa00aa,0.0,128.8760161,35.28881152,0.006622516556291391,0.0,0.0,0.0,0.0,0.0,-0.0,-0.0,0.006622516556291391,1229
마마25ab00aa,0.0,128.8787647,35.28878021,0.006622516556291391,0.0,0.0,0.0,0.0,0.0,-0.0,-0.0,0.006622516556291391,1229
마라34bb99bb,0.0,128.9831662,35.28529092,0.006622516556291391,0.0,0.0,0.0,0.0,0.0,-0.0,-0.0,0.006622516556291391,1229
마라34bb99ab,0.0,128.983084,35.28078392,0.006622516556291391,0.0,0.0,0.0,0.0,0.0,-0.0,-0.0,0.006622516556291391,1229
마마18ba04bb,0.0,128.8052395,35.33242301,0.006622516556291391,0.0,0.0,0.0,0.0,0.0,-0.0,-0.0,0.006622516556291391,1229
마라22ab89ab,0.0,128.8441813,35.19224488,0.006622516556291391,0.0,0.0,0.0,0.0,0.0,-0.0,-0.0,0.006622516556291391,1229
마라22ab89aa,0.0,128.8441441,35.18999122,0.006622516556291391,0.0,0.0,0.0,0.0,0.0,-0.0,-0.0,0.006622516556291391,1229
마라22ab88ab,0.0,128.8440328,35.18323021,0.006622516556291391,0.0,0.0,0.0,0.0,0.0,-0.0,-0.0,0.006622516556291391,1229
마라27bb92bb,0.0,128.9051216,35.22310979,0.006622516556291391,0.0,0.0,0.0,0.0,0.0,-0.0,-0.0,0.006622516556291391,1229
마라27bb92ba,0.0,128.9050828,35.22085619,0.006622516556291391,0.0,0.0,0.0,0.0,0.0,-0.0,-0.0,0.006622516556291391,1229
마마32bb02bb,0.0,128.9616657,35.31260072,0.006622516556291391,0.0,0.0,0.0,0.0,0.0,-0.0,-0.0,0.006622516556291391,1229
마마25bb01ba,0.0,128.8844921,35.30223896,0.006622516556291391,0.0,0.0,0.0,0.0,0.0,-0.0,-0.0,0.006622516556291391,1229
마라18aa90ab,0.0,128.797653,35.20176883,0.006622516556291391,0.0,0.0,0.0,0.0,0.0,-0.0,-0.0,0.006622516556291391,1229
마마11aa02ba,0.0,128.7224284,35.31300222,0.006622516556291391,0.0,0.0,0.0,0.0,0.0,-0.0,-0.0,0.006622516556291391,1229
마라16ba92ab,0.0,128.7814619,35.21997402,0.006622516556291391,0.0,0.0,0.0,0.0,0.0,-0.0,-0.0,0.006622516556291391,1229
마마17ba02ba,0.0,128.7939157,35.31225832,0.006622516556291391,0.0,0.0,0.0,0.0,0.0,-0.0,-0.0,0.006622516556291391,1229
마라35aa97ab,0.0,128.9855029,35.2627222,0.006622516556291391,0.0,0.0,0.0,0.0,0.0,-0.0,-0.0,0.006622516556291391,1229
마라35aa96ab,0.0,128.9853384,35.25370818,0.006622516556291391,0.0,0.0,0.0,0.0,0.0,-0.0,-0.0,0.006622516556291391,1229
마마17ba02aa,0.0,128.7938439,35.30775098,0.006622516556291391,0.0,0.0,0.0,0.0,0.0,-0.0,-0.0,0.006622516556291391,1229
마마17ba01aa,0.0,128.7937004,35.2987363,0.006622516556291391,0.0,0.0,0.0,0.0,0.0,-0.0,-0.0,0.006622516556291391,1229
마마26aa00ab,0.0,128.8870488,35.29093952,0.006622516556291391,0.0,0.0,0.0,0.0,0.0,-0.0,-0.0,0.006622516556291391,1229
마마26aa05aa,0.0,128.8877801,35.33375756,0.006622516556291391,0.0,0.0,0.0,0.0,0.0,-0.0,-0.0,0.006622516556291391,1229
마라16ba96ba,0.0,128.7820648,35.25828701,0.006622516556291391,0.0,0.0,0.0,0.0,0.0,-0.0,-0.0,0.006622516556291391,1229
마마17ab02ba,0.0,128.7911662,35.31228771,0.006622516556291391,0.0,0.0,0.0,0.0,0.0,-0.0,-0.0,0.006622516556291391,1229
마라19bb88bb,0.0,128.8166548,35.18803916,0.006622516556291391,0.0,0.0,0.0,0.0,0.0,-0.0,-0.0,0.006622516556291391,1229
마마17ab05ab,0.0,128.7915605,35.33707803,0.006622516556291391,0.0,0.0,0.0,0.0,0.0,-0.0,-0.0,0.006622516556291391,1229
마마17ab05aa,0.0,128.7915246,35.33482437,0.006622516556291391,0.0,0.0,0.0,0.0,0.0,-0.0,-0.0,0.006622516556291391,1229
마마17ab04ab,0.0,128.7914171,35.32806338,0.006622516556291391,0.0,0.0,0.0,0.0,0.0,-0.0,-0.0,0.006622516556291391,1229
마마25ab01ab,0.0,128.8789558,35.30004819,0.006622516556291391,0.0,0.0,0.0,0.0,0.0,-0.0,-0.0,0.006622516556291391,1229
마마25ba03bb,0.0,128.8820881,35.32255268,0.006622516556291391,0.0,0.0,0.0,0.0,0.0,-0.0,-0.0,0.006622516556291391,1229
마마25ba07ba,0.0,128.882664,35.35635632,0.006622516556291391,0.0,0.0,0.0,0.0,0.0,-0.0,-0.0,0.006622516556291391,1229
마마25ba04ab,0.0,128.8821648,35.32705985,0.006622516556291391,0.0,0.0,0.0,0.0,0.0,-0.0,-0.0,0.006622516556291391,1229
마마22ba04ba,0.0,128.8492036,35.32968626,0.006622516556291391,0.0,0.0,0.0,0.0,0.0,-0.0,-0.0,0.006622516556291391,1229
마마22ba10bb,0.0,128.8501413,35.38602625,0.006622516556291391,0.0,0.0,0.0,0.0,0.0,-0.0,-0.0,0.006622516556291391,1229
마마13ab04aa,0.0,128.747382,35.32627173,0.006622516556291391,0.0,0.0,0.0,0.0,0.0,-0.0,-0.0,0.006622516556291391,1229
마마18bb00aa,0.0,128.8073004,35.28957382,0.006622516556291391,0.0,0.0,0.0,0.0,0.0,-0.0,-0.0,0.006622516556291391,1229
마라33ba98ab,0.0,128.9691802,35.27193758,0.006622516556291391,0.0,0.0,0.0,0.0,0.0,-0.0,-0.0,0.006622516556291391,1229
마라20ab97ab,0.0,128.823389,35.26460423,0.006622516556291391,0.0,0.0,0.0,0.0,0.0,-0.0,-0.0,0.006622516556291391,1229
마라20ab97aa,0.0,128.8233523,35.26235058,0.006622516556291391,0.0,0.0,0.0,0.0,0.0,-0.0,-0.0,0.006622516556291391,1229
마라34aa95ab,0.0,128.9741861,35.24482852,0.006622516556291391,0.0,0.0,0.0,0.0,0.0,-0.0,-0.0,0.006622516556291391,1229
마마18ba08ab,0.0,128.8057472,35.36397402,0.006622516556291391,0.0,0.0,0.0,0.0,0.0,-0.0,-0.0,0.006622516556291391,1229
마라16ba96bb,0.0,128.7821003,35.26054071,0.006622516556291391,0.0,0.0,0.0,0.0,0.0,-0.0,-0.0,0.006622516556291391,1229
마마35ab00ab,0.0,128.9887453,35.28973036,0.006622516556291391,0.0,0.0,0.0,0.0,0.0,-0.0,-0.0,0.006622516556291391,1229
마라23aa87aa,0.0,128.8520813,35.17187021,0.006622516556291391,0.0,0.0,0.0,0.0,0.0,-0.0,-0.0,0.006622516556291391,1229
마라13aa94aa,0.0,128.7432531,35.23615116,0.006622516556291391,0.0,0.0,0.0,0.0,0.0,-0.0,-0.0,0.006622516556291391,1229
마라13aa93ba,0.0,128.7431843,35.23164368,0.006622516556291391,0.0,0.0,0.0,0.0,0.0,-0.0,-0.0,0.006622516556291391,1229
마라09bb99bb,0.0,128.7083119,35.28834923,0.006622516556291391,0.0,0.0,0.0,0.0,0.0,-0.0,-0.0,0.006622516556291391,1229
마라26ba96aa,0.0,128.8918905,35.25256529,0.006622516556291391,0.0,0.0,0.0,0.0,0.0,-0.0,-0.0,0.006622516556291391,1229
마라22bb98ab,0.0,128.8510166,35.27331505,0.006622516556291391,0.0,0.0,0.0,0.0,0.0,-0.0,-0.0,0.006622516556291391,1229
마라33ba95ab,0.0,128.9686921,35.24489533,0.006622516556291391,0.0,0.0,0.0,0.0,0.0,-0.0,-0.0,0.006622516556291391,1229
마라20ba88aa,0.0,128.8247807,35.18118827,0.006622516556291391,0.0,0.0,0.0,0.0,0.0,-0.0,-0.0,0.006622516556291391,1229
마라20ab99ba,0.0,128.823719,35.28488713,0.006622516556291391,0.0,0.0,0.0,0.0,0.0,-0.0,-0.0,0.006622516556291391,1229
마라33bb94ba,0.0,128.971317,35.23810138,0.006622516556291391,0.0,0.0,0.0,0.0,0.0,-0.0,-0.0,0.006622516556291391,1229
마라09bb99ba,0.0,128.7082784,35.28609548,0.006622516556291391,0.0,0.0,0.0,0.0,0.0,-0.0,-0.0,0.006622516556291391,1229
마라09bb99ab,0.0,128.7082449,35.28384173,0.006622516556291391,0.0,0.0,0.0,0.0,0.0,-0.0,-0.0,0.006622516556291391,1229
마마35ba00ab,0.0,128.9914938,35.2896965,0.006622516556291391,0.0,0.0,0.0,0.0,0.0,-0.0,-0.0,0.006622516556291391,1229
마마18bb07bb,0.0,128.8084257,35.35943698,0.006622516556291391,0.0,0.0,0.0,0.0,0.0,-0.0,-0.0,0.006622516556291391,1229
마라12bb95bb,0.0,128.7407465,35.25195553,0.006622516556291391,0.0,0.0,0.0,0.0,0.0,-0.0,-0.0,0.006622516556291391,1229
마라35ab97ba,0.0,128.9882917,35.26494193,0.006622516556291391,0.0,0.0,0.0,0.0,0.0,-0.0,-0.0,0.006622516556291391,1229
마라35ab96aa,0.0,128.9880445,35.25142092,0.006622516556291391,0.0,0.0,0.0,0.0,0.0,-0.0,-0.0,0.006622516556291391,1229
마라19ba94ba,0.0,128.8147451,35.23990375,0.006622516556291391,0.0,0.0,0.0,0.0,0.0,-0.0,-0.0,0.006622516556291391,1229
마마17aa00ba,0.0,128.7881309,35.29428763,0.006622516556291391,0.0,0.0,0.0,0.0,0.0,-0.0,-0.0,0.006622516556291391,1229
마라16ba99bb,0.0,128.7825266,35.28758501,0.006622516556291391,0.0,0.0,0.0,0.0,0.0,-0.0,-0.0,0.006622516556291391,1229
마라18ab98bb,0.0,128.8016226,35.27836476,0.006622516556291391,0.0,0.0,0.0,0.0,0.0,-0.0,-0.0,0.006622516556291391,1229
마라35ab95aa,0.0,128.9878797,35.2424069,0.006622516556291391,0.0,0.0,0.0,0.0,0.0,-0.0,-0.0,0.006622516556291391,1229
마라18ab93ba,0.0,128.8008661,35.23103743,0.006622516556291391,0.0,0.0,0.0,0.0,0.0,-0.0,-0.0,0.006622516556291391,1229
마마17aa02ba,0.0,128.7884168,35.31231704,0.006622516556291391,0.0,0.0,0.0,0.0,0.0,-0.0,-0.0,0.006622516556291391,1229
마마18bb07ba,0.0,128.8083893,35.35718335,0.006622516556291391,0.0,0.0,0.0,0.0,0.0,-0.0,-0.0,0.006622516556291391,1229
마라22aa92ba,0.0,128.8419179,35.22157295,0.006622516556291391,0.0,0.0,0.0,0.0,0.0,-0.0,-0.0,0.006622516556291391,1229
마라22aa92ab,0.0,128.8418808,35.2193193,0.006622516556291391,0.0,0.0,0.0,0.0,0.0,-0.0,-0.0,0.006622516556291391,1229
마라14aa96aa,0.0,128.7545186,35.2540676,0.006622516556291391,0.0,0.0,0.0,0.0,0.0,-0.0,-0.0,0.006622516556291391,1229
마마22ab10aa,0.0,128.847277,35.3792962,0.006622516556291391,0.0,0.0,0.0,0.0,0.0,-0.0,-0.0,0.006622516556291391,1229
마라18aa99aa,0.0,128.7989103,35.28064798,0.006622516556291391,0.0,0.0,0.0,0.0,0.0,-0.0,-0.0,0.006622516556291391,1229
마라33aa95aa,0.0,128.9631577,35.24270836,0.006622516556291391,0.0,0.0,0.0,0.0,0.0,-0.0,-0.0,0.006622516556291391,1229
마라18aa98aa,0.0,128.7987664,35.27163328,0.006622516556291391,0.0,0.0,0.0,0.0,0.0,-0.0,-0.0,0.006622516556291391,1229
마라33aa97ab,0.0,128.9635223,35.26299011,0.006622516556291391,0.0,0.0,0.0,0.0,0.0,-0.0,-0.0,0.006622516556291391,1229
마라24ba87ba,0.0,128.8686247,35.17619255,0.006622516556291391,0.0,0.0,0.0,0.0,0.0,-0.0,-0.0,0.006622516556291391,1229
마라12bb93aa,0.0,128.7403689,35.22716437,0.006622516556291391,0.0,0.0,0.0,0.0,0.0,-0.0,-0.0,0.006622516556291391,1229
마마34aa01aa,0.0,128.9751256,35.29665926,0.006622516556291391,0.0,0.0,0.0,0.0,0.0,-0.0,-0.0,0.006622516556291391,1229
마마34ab01ba,0.0,128.9779563,35.30113269,0.006622516556291391,0.0,0.0,0.0,0.0,0.0,-0.0,-0.0,0.006622516556291391,1229
마마16bb04aa,0.0,128.7858814,35.32586834,0.006622516556291391,0.0,0.0,0.0,0.0,0.0,-0.0,-0.0,0.006622516556291391,1229
마라16bb87ba,0.0,128.7835343,35.17712425,0.006622516556291391,0.0,0.0,0.0,0.0,0.0,-0.0,-0.0,0.006622516556291391,1229
마라21bb92ab,0.0,128.8391345,35.21934971,0.006622516556291391,0.0,0.0,0.0,0.0,0.0,-0.0,-0.0,0.006622516556291391,1229
마라23aa92ab,0.0,128.8528658,35.21919702,0.006622516556291391,0.0,0.0,0.0,0.0,0.0,-0.0,-0.0,0.006622516556291391,1229
마마26ab05bb,0.0,128.8906461,35.34048666,0.006622516556291391,0.0,0.0,0.0,0.0,0.0,-0.0,-0.0,0.006622516556291391,1229
마라12bb97ab,0.0,128.7409526,35.26547793,0.006622516556291391,0.0,0.0,0.0,0.0,0.0,-0.0,-0.0,0.006622516556291391,1229
마라16bb98ab,0.0,128.7850615,35.27403371,0.006622516556291391,0.0,0.0,0.0,0.0,0.0,-0.0,-0.0,0.006622516556291391,1229
마마16ba02ba,0.0,128.7829178,35.31237551,0.006622516556291391,0.0,0.0,0.0,0.0,0.0,-0.0,-0.0,0.006622516556291391,1229
마라35ba93bb,0.0,128.9904204,35.23110555,0.006622516556291391,0.0,0.0,0.0,0.0,0.0,-0.0,-0.0,0.006622516556291391,1229
마마16ba01ab,0.0,128.7827399,35.30110712,0.006622516556291391,0.0,0.0,0.0,0.0,0.0,-0.0,-0.0,0.006622516556291391,1229
마라16bb92bb,0.0,128.7842792,35.22445233,0.006622516556291391,0.0,0.0,0.0,0.0,0.0,-0.0,-0.0,0.006622516556291391,1229
마마11bb03aa,0.0,128.7307453,35.31742598,0.006622516556291391,0.0,0.0,0.0,0.0,0.0,-0.0,-0.0,0.006622516556291391,1229
마마26ba01aa,0.0,128.8926619,35.29763709,0.006622516556291391,0.0,0.0,0.0,0.0,0.0,-0.0,-0.0,0.006622516556291391,1229
마마26ba00bb,0.0,128.8926233,35.29538351,0.006622516556291391,0.0,0.0,0.0,0.0,0.0,-0.0,-0.0,0.006622516556291391,1229
마마19aa06aa,0.0,128.8109218,35.3436317,0.006622516556291391,0.0,0.0,0.0,0.0,0.0,-0.0,-0.0,0.006622516556291391,1229
마마19aa04bb,0.0,128.8107398,35.33236349,0.006622516556291391,0.0,0.0,0.0,0.0,0.0,-0.0,-0.0,0.006622516556291391,1229
마마19aa04ab,0.0,128.810667,35.3278562,0.006622516556291391,0.0,0.0,0.0,0.0,0.0,-0.0,-0.0,0.006622516556291391,1229
마마22aa07ab,0.0,128.8441142,35.35453724,0.006622516556291391,0.0,0.0,0.0,0.0,0.0,-0.0,-0.0,0.006622516556291391,1229
마마22ab00ba,0.0,128.8458561,35.293659,0.006622516556291391,0.0,0.0,0.0,0.0,0.0,-0.0,-0.0,0.006622516556291391,1229
마라21bb99bb,0.0,128.8402471,35.28695915,0.006622516556291391,0.0,0.0,0.0,0.0,0.0,-0.0,-0.0,0.006622516556291391,1229
마마11bb01aa,0.0,128.7304723,35.29939619,0.006622516556291391,0.0,0.0,0.0,0.0,0.0,-0.0,-0.0,0.006622516556291391,1229
마마22ab03ab,0.0,128.8462668,35.31844884,0.006622516556291391,0.0,0.0,0.0,0.0,0.0,-0.0,-0.0,0.006622516556291391,1229
마라14ab95bb,0.0,128.7572313,35.25178536,0.006622516556291391,0.0,0.0,0.0,0.0,0.0,-0.0,-0.0,0.006622516556291391,1229
마라14ab95aa,0.0,128.7571269,35.24502419,0.006622516556291391,0.0,0.0,0.0,0.0,0.0,-0.0,-0.0,0.006622516556291391,1229
마라15aa93bb,0.0,128.7651936,35.23366969,0.006622516556291391,0.0,0.0,0.0,0.0,0.0,-0.0,-0.0,0.006622516556291391,1229
마라25bb95ab,0.0,128.8835335,35.245899,0.006622516556291391,0.0,0.0,0.0,0.0,0.0,-0.0,-0.0,0.006622516556291391,1229
마마27aa04bb,0.0,128.8987416,35.3313772,0.006622516556291391,0.0,0.0,0.0,0.0,0.0,-0.0,-0.0,0.006622516556291391,1229
마라17aa88aa,0.0,128.7863503,35.18160258,0.006622516556291391,0.0,0.0,0.0,0.0,0.0,-0.0,-0.0,0.006622516556291391,1229
마라16bb99ba,0.0,128.7852396,35.28530215,0.006622516556291391,0.0,0.0,0.0,0.0,0.0,-0.0,-0.0,0.006622516556291391,1229
마라35ba98bb,0.0,128.9912458,35.27617556,0.006622516556291391,0.0,0.0,0.0,0.0,0.0,-0.0,-0.0,0.006622516556291391,1229
마라35ba98ba,0.0,128.9912045,35.27392207,0.006622516556291391,0.0,0.0,0.0,0.0,0.0,-0.0,-0.0,0.006622516556291391,1229
마라35bb96ab,0.0,128.9935802,35.25360672,0.006622516556291391,0.0,0.0,0.0,0.0,0.0,-0.0,-0.0,0.006622516556291391,1229
마마26ba05aa,0.0,128.8932803,35.33369429,0.006622516556291391,0.0,0.0,0.0,0.0,0.0,-0.0,-0.0,0.006622516556291391,1229
마마26bb07ba,0.0,128.8964182,35.35619816,0.006622516556291391,0.0,0.0,0.0,0.0,0.0,-0.0,-0.0,0.006622516556291391,1229
마마26bb06bb,0.0,128.8963018,35.34943749,0.006622516556291391,0.0,0.0,0.0,0.0,0.0,-0.0,-0.0,0.006622516556291391,1229
마라10ba98ab,0.0,128.7163558,35.27474409,0.006622516556291391,0.0,0.0,0.0,0.0,0.0,-0.0,-0.0,0.006622516556291391,1229
마마19aa06bb,0.0,128.811031,35.35039262,0.006622516556291391,0.0,0.0,0.0,0.0,0.0,-0.0,-0.0,0.006622516556291391,1229
마라15ba95bb,0.0,128.7709686,35.25164185,0.006622516556291391,0.0,0.0,0.0,0.0,0.0,-0.0,-0.0,0.006622516556291391,1229
마라32bb94bb,0.0,128.9603704,35.240488,0.006622516556291391,0.0,0.0,0.0,0.0,0.0,-0.0,-0.0,0.006622516556291391,1229
마라32bb94ba,0.0,128.96033,35.23823447,0.006622516556291391,0.0,0.0,0.0,0.0,0.0,-0.0,-0.0,0.006622516556291391,1229
마마21bb05aa,0.0,128.8410281,35.33428529,0.006622516556291391,0.0,0.0,0.0,0.0,0.0,-0.0,-0.0,0.006622516556291391,1229
마라19ab96ba,0.0,128.8122887,35.25796296,0.006622516556291391,0.0,0.0,0.0,0.0,0.0,-0.0,-0.0,0.006622516556291391,1229
마라17aa88ab,0.0,128.7863858,35.1838563,0.006622516556291391,0.0,0.0,0.0,0.0,0.0,-0.0,-0.0,0.006622516556291391,1229
마마27aa07aa,0.0,128.8990913,35.35165923,0.006622516556291391,0.0,0.0,0.0,0.0,0.0,-0.0,-0.0,0.006622516556291391,1229
마라10ba98ba,0.0,128.7163895,35.27699784,0.006622516556291391,0.0,0.0,0.0,0.0,0.0,-0.0,-0.0,0.006622516556291391,1229
마마23ba03ab,0.0,128.8600148,35.31829497,0.006622516556291391,0.0,0.0,0.0,0.0,0.0,-0.0,-0.0,0.006622516556291391,1229
마라25ba88ab,0.0,128.8797181,35.18282889,0.006622516556291391,0.0,0.0,0.0,0.0,0.0,-0.0,-0.0,0.006622516556291391,1229
마라25ba88aa,0.0,128.87968,35.18057525,0.006622516556291391,0.0,0.0,0.0,0.0,0.0,-0.0,-0.0,0.006622516556291391,1229
마라12ab99ba,0.0,128.7357649,35.28581777,0.006622516556291391,0.0,0.0,0.0,0.0,0.0,-0.0,-0.0,0.006622516556291391,1229
마라15aa95ab,0.0,128.7654036,35.24719201,0.006622516556291391,0.0,0.0,0.0,0.0,0.0,-0.0,-0.0,0.006622516556291391,1229
마마27aa00ba,0.0,128.8980821,35.2930665,0.006622516556291391,0.0,0.0,0.0,0.0,0.0,-0.0,-0.0,0.006622516556291391,1229
마라23ab90bb,0.0,128.8553873,35.2056444,0.006622516556291391,0.0,0.0,0.0,0.0,0.0,-0.0,-0.0,0.006622516556291391,1229
마라23ab89ba,0.0,128.8552001,35.19437614,0.006622516556291391,0.0,0.0,0.0,0.0,0.0,-0.0,-0.0,0.006622516556291391,1229
마라21bb92ba,0.0,128.8391716,35.22160337,0.006622516556291391,0.0,0.0,0.0,0.0,0.0,-0.0,-0.0,0.006622516556291391,1229
마마15ab02ba,0.0,128.7691704,35.3125206,0.006622516556291391,0.0,0.0,0.0,0.0,0.0,-0.0,-0.0,0.006622516556291391,1229
마라28ab97ab,0.0,128.911317,35.26361041,0.006622516556291391,0.0,0.0,0.0,0.0,0.0,-0.0,-0.0,0.006622516556291391,1229
마라20ba97bb,0.0,128.8262103,35.26908146,0.006622516556291391,0.0,0.0,0.0,0.0,0.0,-0.0,-0.0,0.006622516556291391,1229
마라32bb97aa,0.0,128.9607342,35.2607698,0.006622516556291391,0.0,0.0,0.0,0.0,0.0,-0.0,-0.0,0.006622516556291391,1229
마라15ba95ba,0.0,128.7709334,35.24938814,0.006622516556291391,0.0,0.0,0.0,0.0,0.0,-0.0,-0.0,0.006622516556291391,1229
마마21ab09ba,0.0,128.8361959,35.37491124,0.006622516556291391,0.0,0.0,0.0,0.0,0.0,-0.0,-0.0,0.006622516556291391,1229
마마21ab08bb,0.0,128.8360845,35.36815041,0.006622516556291391,0.0,0.0,0.0,0.0,0.0,-0.0,-0.0,0.006622516556291391,1229
마라21bb89bb,0.0,128.8387645,35.19681306,0.006622516556291391,0.0,0.0,0.0,0.0,0.0,-0.0,-0.0,0.006622516556291391,1229
마라25ab91bb,0.0,128.8775058,35.214411,0.006622516556291391,0.0,0.0,0.0,0.0,0.0,-0.0,-0.0,0.006622516556291391,1229
마라25ab88bb,0.0,128.8770492,35.18736741,0.006622516556291391,0.0,0.0,0.0,0.0,0.0,-0.0,-0.0,0.006622516556291391,1229
마라23ab97ba,0.0,128.8564001,35.26649267,0.006622516556291391,0.0,0.0,0.0,0.0,0.0,-0.0,-0.0,0.006622516556291391,1229
마마27ba08ab,0.0,128.9047878,35.36286315,0.006622516556291391,0.0,0.0,0.0,0.0,0.0,-0.0,-0.0,0.006622516556291391,1229
마마27bb02ba,0.0,128.9066402,35.31099942,0.006622516556291391,0.0,0.0,0.0,0.0,0.0,-0.0,-0.0,0.006622516556291391,1229
마마15bb05ba,0.0,128.775094,35.3395069,0.006622516556291391,0.0,0.0,0.0,0.0,0.0,-0.0,-0.0,0.006622516556291391,1229
마라17aa92ab,0.0,128.7869546,35.21991574,0.006622516556291391,0.0,0.0,0.0,0.0,0.0,-0.0,-0.0,0.006622516556291391,1229
마라32ab94ab,0.0,128.9547962,35.23604709,0.006622516556291391,0.0,0.0,0.0,0.0,0.0,-0.0,-0.0,0.006622516556291391,1229
마라20bb88aa,0.0,128.8275257,35.18115821,0.006622516556291391,0.0,0.0,0.0,0.0,0.0,-0.0,-0.0,0.006622516556291391,1229
마라32ba96bb,0.0,128.9579463,35.25854941,0.006622516556291391,0.0,0.0,0.0,0.0,0.0,-0.0,-0.0,0.006622516556291391,1229
마마19ab04aa,0.0,128.8133805,35.32557271,0.006622516556291391,0.0,0.0,0.0,0.0,0.0,-0.0,-0.0,0.006622516556291391,1229
마라14ba95aa,0.0,128.7598742,35.24499562,0.006622516556291391,0.0,0.0,0.0,0.0,0.0,-0.0,-0.0,0.006622516556291391,1229
마마21aa09bb,0.0,128.8334815,35.37719524,0.006622516556291391,0.0,0.0,0.0,0.0,0.0,-0.0,-0.0,0.006622516556291391,1229
마라28ba92bb,0.0,128.9133606,35.22301386,0.006622516556291391,0.0,0.0,0.0,0.0,0.0,-0.0,-0.0,0.006622516556291391,1229
마마21aa09ba,0.0,128.8334444,35.37494164,0.006622516556291391,0.0,0.0,0.0,0.0,0.0,-0.0,-0.0,0.006622516556291391,1229
마마21aa09aa,0.0,128.8333702,35.37043442,0.006622516556291391,0.0,0.0,0.0,0.0,0.0,-0.0,-0.0,0.006622516556291391,1229
마라12ab98ba,0.0,128.7356279,35.27680285,0.006622516556291391,0.0,0.0,0.0,0.0,0.0,-0.0,-0.0,0.006622516556291391,1229
마라25ab88aa,0.0,128.8769351,35.18060649,0.006622516556291391,0.0,0.0,0.0,0.0,0.0,-0.0,-0.0,0.006622516556291391,1229
마라23ab99aa,0.0,128.8566256,35.28001441,0.006622516556291391,0.0,0.0,0.0,0.0,0.0,-0.0,-0.0,0.006622516556291391,1229
마마15bb02ab,0.0,128.774634,35.31020907,0.006622516556291391,0.0,0.0,0.0,0.0,0.0,-0.0,-0.0,0.006622516556291391,1229
마마15bb01bb,0.0,128.7745633,35.3057017,0.006622516556291391,0.0,0.0,0.0,0.0,0.0,-0.0,-0.0,0.006622516556291391,1229
마마15bb01aa,0.0,128.7744573,35.29894063,0.006622516556291391,0.0,0.0,0.0,0.0,0.0,-0.0,-0.0,0.006622516556291391,1229
마마28aa00ab,0.0,128.9090378,35.29068532,0.006622516556291391,0.0,0.0,0.0,0.0,0.0,-0.0,-0.0,0.006622516556291391,1229
마라12ab93ba,0.0,128.7349439,35.23172804,0.006622516556291391,0.0,0.0,0.0,0.0,0.0,-0.0,-0.0,0.006622516556291391,1229
마라12ab92ba,0.0,128.7348073,35.22271304,0.006622516556291391,0.0,0.0,0.0,0.0,0.0,-0.0,-0.0,0.006622516556291391,1229
마마28ba01ab,0.0,128.9146918,35.29963539,0.006622516556291391,0.0,0.0,0.0,0.0,0.0,-0.0,-0.0,0.006622516556291391,1229
마라17aa97aa,0.0,128.7876314,35.26273604,0.006622516556291391,0.0,0.0,0.0,0.0,0.0,-0.0,-0.0,0.006622516556291391,1229
마라36aa97bb,0.0,128.996576,35.26709373,0.006622516556291391,0.0,0.0,0.0,0.0,0.0,-0.0,-0.0,0.006622516556291391,1229
마마15ba04ab,0.0,128.772167,35.3282675,0.006622516556291391,0.0,0.0,0.0,0.0,0.0,-0.0,-0.0,0.006622516556291391,1229
마마15ba03ba,0.0,128.7720611,35.32150645,0.006622516556291391,0.0,0.0,0.0,0.0,0.0,-0.0,-0.0,0.006622516556291391,1229
마마21ab02ab,0.0,128.8351201,35.3095563,0.006622516556291391,0.0,0.0,0.0,0.0,0.0,-0.0,-0.0,0.006622516556291391,1229
마라14ba93ab,0.0,128.7596302,35.22921954,0.006622516556291391,0.0,0.0,0.0,0.0,0.0,-0.0,-0.0,0.006622516556291391,1229
마라15ba88aa,0.0,128.7698798,35.18177641,0.006622516556291391,0.0,0.0,0.0,0.0,0.0,-0.0,-0.0,0.006622516556291391,1229
마라20bb93ba,0.0,128.828333,35.23073909,0.006622516556291391,0.0,0.0,0.0,0.0,0.0,-0.0,-0.0,0.006622516556291391,1229
마마19ba02ba,0.0,128.8159113,35.31202093,0.006622516556291391,0.0,0.0,0.0,0.0,0.0,-0.0,-0.0,0.006622516556291391,1229
마마21aa00bb,0.0,128.8321491,35.29606481,0.006622516556291391,0.0,0.0,0.0,0.0,0.0,-0.0,-0.0,0.006622516556291391,1229
마마21aa03bb,0.0,128.8325926,35.32310841,0.006622516556291391,0.0,0.0,0.0,0.0,0.0,-0.0,-0.0,0.006622516556291391,1229
마마29aa00aa,0.0,128.9199928,35.28830317,0.006622516556291391,0.0,0.0,0.0,0.0,0.0,-0.0,-0.0,0.006622516556291391,1229
마라17ab87ab,0.0,128.7889886,35.17481222,0.006622516556291391,0.0,0.0,0.0,0.0,0.0,-0.0,-0.0,0.006622516556291391,1229
마마15ab04ba,0.0,128.7694522,35.33055009,0.006622516556291391,0.0,0.0,0.0,0.0,0.0,-0.0,-0.0,0.006622516556291391,1229
마라19aa95ab,0.0,128.8093598,35.24672435,0.006622516556291391,0.0,0.0,0.0,0.0,0.0,-0.0,-0.0,0.006622516556291391,1229
마라36bb98aa,0.0,129.0048608,35.26924495,0.006622516556291391,0.0,0.0,0.0,0.0,0.0,-0.0,-0.0,0.006622516556291391,1229
마라19aa97ab,0.0,128.8096498,35.26475375,0.006622516556291391,0.0,0.0,0.0,0.0,0.0,-0.0,-0.0,0.006622516556291391,1229
마라36ba98ab,0.0,129.0021546,35.27153258,0.006622516556291391,0.0,0.0,0.0,0.0,0.0,-0.0,-0.0,0.006622516556291391,1229
마라36ba96bb,0.0,129.001905,35.25801167,0.006622516556291391,0.0,0.0,0.0,0.0,0.0,-0.0,-0.0,0.006622516556291391,1229
마마15ab02aa,0.0,128.7691,35.30801322,0.006622516556291391,0.0,0.0,0.0,0.0,0.0,-0.0,-0.0,0.006622516556291391,1229
마마15ab01ba,0.0,128.7690296,35.30350584,0.006622516556291391,0.0,0.0,0.0,0.0,0.0,-0.0,-0.0,0.006622516556291391,1229
마마15ba02ba,0.0,128.7719199,35.31249171,0.006622516556291391,0.0,0.0,0.0,0.0,0.0,-0.0,-0.0,0.006622516556291391,1229
마마15ba01ba,0.0,128.7717788,35.30347695,0.006622516556291391,0.0,0.0,0.0,0.0,0.0,-0.0,-0.0,0.006622516556291391,1229
마마29aa02bb,0.0,128.920426,35.31309226,0.006622516556291391,0.0,0.0,0.0,0.0,0.0,-0.0,-0.0,0.006622516556291391,1229
마라23ba97ba,0.0,128.8591479,35.26646182,0.006622516556291391,0.0,0.0,0.0,0.0,0.0,-0.0,-0.0,0.006622516556291391,1229
마라25aa89ab,0.0,128.8743799,35.19190588,0.006622516556291391,0.0,0.0,0.0,0.0,0.0,-0.0,-0.0,0.006622516556291391,1229
마라25aa89aa,0.0,128.874342,35.18965224,0.006622516556291391,0.0,0.0,0.0,0.0,0.0,-0.0,-0.0,0.006622516556291391,1229
마라25aa88bb,0.0,128.874304,35.1873986,0.006622516556291391,0.0,0.0,0.0,0.0,0.0,-0.0,-0.0,0.006622516556291391,1229
마마29ab02bb,0.0,128.9231753,35.31305993,0.006622516556291391,0.0,0.0,0.0,0.0,0.0,-0.0,-0.0,0.006622516556291391,1229
마라25aa88ba,0.0,128.8742661,35.18514496,0.006622516556291391,0.0,0.0,0.0,0.0,0.0,-0.0,-0.0,0.006622516556291391,1229
마라25aa88ab,0.0,128.8742281,35.18289131,0.006622516556291391,0.0,0.0,0.0,0.0,0.0,-0.0,-0.0,0.006622516556291391,1229
마라23ba95ab,0.0,128.8588093,35.24617916,0.006622516556291391,0.0,0.0,0.0,0.0,0.0,-0.0,-0.0,0.006622516556291391,1229
마마28bb00ba,0.0,128.9173228,35.29284253,0.006622516556291391,0.0,0.0,0.0,0.0,0.0,-0.0,-0.0,0.006622516556291391,1229
마마28ba06ba,0.0,128.9155166,35.34695995,0.006622516556291391,0.0,0.0,0.0,0.0,0.0,-0.0,-0.0,0.006622516556291391,1229
마라15ab94ba,0.0,128.7680456,35.2404021,0.006622516556291391,0.0,0.0,0.0,0.0,0.0,-0.0,-0.0,0.006622516556291391,1229
마라31bb93bb,0.0,128.9492226,35.23160591,0.006622516556291391,0.0,0.0,0.0,0.0,0.0,-0.0,-0.0,0.006622516556291391,1229
마마20ba05ab,0.0,128.8273141,35.3366907,0.006622516556291391,0.0,0.0,0.0,0.0,0.0,-0.0,-0.0,0.006622516556291391,1229
마라23bb90ba,0.0,128.8608413,35.20332915,0.006622516556291391,0.0,0.0,0.0,0.0,0.0,-0.0,-0.0,0.006622516556291391,1229
마라23bb89bb,0.0,128.8607285,35.1965682,0.006622516556291391,0.0,0.0,0.0,0.0,0.0,-0.0,-0.0,0.006622516556291391,1229
마라23bb88ba,0.0,128.8605406,35.18529995,0.006622516556291391,0.0,0.0,0.0,0.0,0.0,-0.0,-0.0,0.006622516556291391,1229
마라36bb98bb,0.0,129.0049858,35.27600538,0.006622516556291391,0.0,0.0,0.0,0.0,0.0,-0.0,-0.0,0.006622516556291391,1229
마라19aa89bb,0.0,128.8085636,35.19714322,0.006622516556291391,0.0,0.0,0.0,0.0,0.0,-0.0,-0.0,0.006622516556291391,1229
마마15aa01bb,0.0,128.7663155,35.30578835,0.006622516556291391,0.0,0.0,0.0,0.0,0.0,-0.0,-0.0,0.006622516556291391,1229
마라17ab92bb,0.0,128.7897723,35.22439392,0.006622516556291391,0.0,0.0,0.0,0.0,0.0,-0.0,-0.0,0.006622516556291391,1229
마라17ab92ab,0.0,128.7897009,35.21988651,0.006622516556291391,0.0,0.0,0.0,0.0,0.0,-0.0,-0.0,0.006622516556291391,1229
마마15ab00ba,0.0,128.7688888,35.29449106,0.006622516556291391,0.0,0.0,0.0,0.0,0.0,-0.0,-0.0,0.006622516556291391,1229
마라12aa94ba,0.0,128.7323335,35.24077104,0.006622516556291391,0.0,0.0,0.0,0.0,0.0,-0.0,-0.0,0.006622516556291391,1229
마라21ba91aa,0.0,128.8362036,35.20811173,0.006622516556291391,0.0,0.0,0.0,0.0,0.0,-0.0,-0.0,0.006622516556291391,1229
마라31aa95aa,0.0,128.9411822,35.24297208,0.006622516556291391,0.0,0.0,0.0,0.0,0.0,-0.0,-0.0,0.006622516556291391,1229
마라31ab95ba,0.0,128.9440091,35.24744644,0.006622516556291391,0.0,0.0,0.0,0.0,0.0,-0.0,-0.0,0.006622516556291391,1229
마라31ab94aa,0.0,128.9437694,35.23392512,0.006622516556291391,0.0,0.0,0.0,0.0,0.0,-0.0,-0.0,0.006622516556291391,1229
마라31ab93ba,0.0,128.9436895,35.22941801,0.006622516556291391,0.0,0.0,0.0,0.0,0.0,-0.0,-0.0,0.006622516556291391,1229
마라21aa88ab,0.0,128.8303075,35.18338177,0.006622516556291391,0.0,0.0,0.0,0.0,0.0,-0.0,-0.0,0.006622516556291391,1229
마라21aa88aa,0.0,128.8302707,35.18112808,0.006622516556291391,0.0,0.0,0.0,0.0,0.0,-0.0,-0.0,0.006622516556291391,1229
마마20aa03ab,0.0,128.8215201,35.31872188,0.006622516556291391,0.0,0.0,0.0,0.0,0.0,-0.0,-0.0,0.006622516556291391,1229
마마29bb01ab,0.0,128.9284363,35.29947381,0.006622516556291391,0.0,0.0,0.0,0.0,0.0,-0.0,-0.0,0.006622516556291391,1229
마라23bb93aa,0.0,128.8612175,35.22586557,0.006622516556291391,0.0,0.0,0.0,0.0,0.0,-0.0,-0.0,0.006622516556291391,1229
마라24bb92aa,0.0,128.8720516,35.216727,0.006622516556291391,0.0,0.0,0.0,0.0,0.0,-0.0,-0.0,0.006622516556291391,1229
마마09ba00aa,0.0,128.7055966,35.29063041,0.006622516556291391,0.0,0.0,0.0,0.0,0.0,-0.0,-0.0,0.006622516556291391,1229
마마09bb02aa,0.0,128.7086135,35.30863295,0.006622516556291391,0.0,0.0,0.0,0.0,0.0,-0.0,-0.0,0.006622516556291391,1229
마마15aa02bb,0.0,128.766456,35.31480312,0.006622516556291391,0.0,0.0,0.0,0.0,0.0,-0.0,-0.0,0.006622516556291391,1229
마마29ba00ba,0.0,128.9255688,35.2927456,0.006622516556291391,0.0,0.0,0.0,0.0,0.0,-0.0,-0.0,0.006622516556291391,1229
마라24bb91aa,0.0,128.8718999,35.20771247,0.006622516556291391,0.0,0.0,0.0,0.0,0.0,-0.0,-0.0,0.006622516556291391,1229
마라24bb89bb,0.0,128.8717104,35.19644429,0.006622516556291391,0.0,0.0,0.0,0.0,0.0,-0.0,-0.0,0.006622516556291391,1229
마라24bb89ab,0.0,128.8716346,35.19193701,0.006622516556291391,0.0,0.0,0.0,0.0,0.0,-0.0,-0.0,0.006622516556291391,1229
마라24bb88ba,0.0,128.871521,35.18517608,0.006622516556291391,0.0,0.0,0.0,0.0,0.0,-0.0,-0.0,0.006622516556291391,1229
마라24bb88ab,0.0,128.8714831,35.18292243,0.006622516556291391,0.0,0.0,0.0,0.0,0.0,-0.0,-0.0,0.006622516556291391,1229
마라24bb88aa,0.0,128.8714453,35.18066879,0.006622516556291391,0.0,0.0,0.0,0.0,0.0,-0.0,-0.0,0.006622516556291391,1229
마마10ab01bb,0.0,128.7140786,35.30632412,0.006622516556291391,0.0,0.0,0.0,0.0,0.0,-0.0,-0.0,0.006622516556291391,1229
마마10ab00ba,0.0,128.7139103,35.29505542,0.006622516556291391,0.0,0.0,0.0,0.0,0.0,-0.0,-0.0,0.006622516556291391,1229
마라18bb97ab,0.0,128.806902,35.26478347,0.006622516556291391,0.0,0.0,0.0,0.0,0.0,-0.0,-0.0,0.006622516556291391,1229
마라18bb94ab,0.0,128.806468,35.23773932,0.006622516556291391,0.0,0.0,0.0,0.0,0.0,-0.0,-0.0,0.006622516556291391,1229
마라14bb94bb,0.0,128.7625864,35.24271327,0.006622516556291391,0.0,0.0,0.0,0.0,0.0,-0.0,-0.0,0.006622516556291391,1229
마마20ba06aa,0.0,128.8274247,35.34345158,0.006622516556291391,0.0,0.0,0.0,0.0,0.0,-0.0,-0.0,0.006622516556291391,1229
마마20ba05ba,0.0,128.827351,35.33894432,0.006622516556291391,0.0,0.0,0.0,0.0,0.0,-0.0,-0.0,0.006622516556291391,1229
마라21ba89ba,0.0,128.8359821,35.19458971,0.006622516556291391,0.0,0.0,0.0,0.0,0.0,-0.0,-0.0,0.006622516556291391,1229
마라21ba88bb,0.0,128.8358714,35.18782869,0.006622516556291391,0.0,0.0,0.0,0.0,0.0,-0.0,-0.0,0.006622516556291391,1229
마라29aa92ba,0.0,128.918814,35.22069601,0.006622516556291391,0.0,0.0,0.0,0.0,0.0,-0.0,-0.0,0.006622516556291391,1229
마마20aa02bb,0.0,128.8214468,35.3142146,0.006622516556291391,0.0,0.0,0.0,0.0,0.0,-0.0,-0.0,0.006622516556291391,1229
마라21aa93aa,0.0,128.8310061,35.22620158,0.006622516556291391,0.0,0.0,0.0,0.0,0.0,-0.0,-0.0,0.006622516556291391,1229
마마20aa07bb,0.0,128.8221809,35.35928726,0.006622516556291391,0.0,0.0,0.0,0.0,0.0,-0.0,-0.0,0.006622516556291391,1229
마라15aa86ba,0.0,128.7641802,35.16831138,0.006622516556291391,0.0,0.0,0.0,0.0,0.0,-0.0,-0.0,0.006622516556291391,1229
마라14bb99aa,0.0,128.7631809,35.2810264,0.006622516556291391,0.0,0.0,0.0,0.0,0.0,-0.0,-0.0,0.006622516556291391,1229
마라17ba92ab,0.0,128.7924473,35.21985722,0.006622516556291391,0.0,0.0,0.0,0.0,0.0,-0.0,-0.0,0.006622516556291391,1229
마라24bb87bb,0.0,128.8714074,35.17841514,0.006622516556291391,0.0,0.0,0.0,0.0,0.0,-0.0,-0.0,0.006622516556291391,1229
마라24bb87ba,0.0,128.8713695,35.1761615,0.006622516556291391,0.0,0.0,0.0,0.0,0.0,-0.0,-0.0,0.006622516556291391,1229
마라24bb87aa,0.0,128.8712938,35.1716542,0.006622516556291391,0.0,0.0,0.0,0.0,0.0,-0.0,-0.0,0.006622516556291391,1229
마라24aa89bb,0.0,128.863474,35.19653732,0.006622516556291391,0.0,0.0,0.0,0.0,0.0,-0.0,-0.0,0.006622516556291391,1229
마라24aa88aa,0.0,128.8632104,35.18076177,0.006622516556291391,0.0,0.0,0.0,0.0,0.0,-0.0,-0.0,0.006622516556291391,1229
마라24aa87ab,0.0,128.8630975,35.1740008,0.006622516556291391,0.0,0.0,0.0,0.0,0.0,-0.0,-0.0,0.006622516556291391,1229
마마30ba04ba,0.0,128.9372011,35.32867204,0.006622516556291391,0.0,0.0,0.0,0.0,0.0,-0.0,-0.0,0.006622516556291391,1229
마마30bb02ba,0.0,128.9396314,35.31061109,0.006622516556291391,0.0,0.0,0.0,0.0,0.0,-0.0,-0.0,0.006622516556291391,1229
마라11bb92ab,0.0,128.7292803,35.2205152,0.006622516556291391,0.0,0.0,0.0,0.0,0.0,-0.0,-0.0,0.006622516556291391,1229
마마30aa02ba,0.0,128.9313836,35.31070902,0.006622516556291391,0.0,0.0,0.0,0.0,0.0,-0.0,-0.0,0.006622516556291391,1229
마라23bb95ba,0.0,128.8615941,35.24840191,0.006622516556291391,0.0,0.0,0.0,0.0,0.0,-0.0,-0.0,0.006622516556291391,1229
마라17bb91bb,0.0,128.795122,35.21532046,0.006622516556291391,0.0,0.0,0.0,0.0,0.0,-0.0,-0.0,0.006622516556291391,1229
마라17bb90bb,0.0,128.7949788,35.20630564,0.006622516556291391,0.0,0.0,0.0,0.0,0.0,-0.0,-0.0,0.006622516556291391,1229
마라17ba99bb,0.0,128.7935211,35.28746792,0.006622516556291391,0.0,0.0,0.0,0.0,0.0,-0.0,-0.0,0.006622516556291391,1229
마마14aa02ab,0.0,128.755388,35.31041043,0.006622516556291391,0.0,0.0,0.0,0.0,0.0,-0.0,-0.0,0.006622516556291391,1229
마마14ab01ba,0.0,128.7580328,35.30362075,0.006622516556291391,0.0,0.0,0.0,0.0,0.0,-0.0,-0.0,0.006622516556291391,1229
마마10ba02ab,0.0,128.7168955,35.31080395,0.006622516556291391,0.0,0.0,0.0,0.0,0.0,-0.0,-0.0,0.006622516556291391,1229
마마14ab05ab,0.0,128.7585566,35.33742618,0.006622516556291391,0.0,0.0,0.0,0.0,0.0,-0.0,-0.0,0.006622516556291391,1229
마마20ba03ba,0.0,128.8270562,35.32091528,0.006622516556291391,0.0,0.0,0.0,0.0,0.0,-0.0,-0.0,0.006622516556291391,1229
마마20ba02aa,0.0,128.8268353,35.30739345,0.006622516556291391,0.0,0.0,0.0,0.0,0.0,-0.0,-0.0,0.006622516556291391,1229
마라21ab98ab,0.0,128.8345281,35.27349809,0.006622516556291391,0.0,0.0,0.0,0.0,0.0,-0.0,-0.0,0.006622516556291391,1229
마라21ab97aa,0.0,128.8343433,35.26222985,0.006622516556291391,0.0,0.0,0.0,0.0,0.0,-0.0,-0.0,0.006622516556291391,1229
마라21ab96ab,0.0,128.8342324,35.2554689,0.006622516556291391,0.0,0.0,0.0,0.0,0.0,-0.0,-0.0,0.006622516556291391,1229
마라15aa94ab,0.0,128.7652636,35.23817713,0.006622516556291391,0.0,0.0,0.0,0.0,0.0,-0.0,-0.0,0.006622516556291391,1229
마라15aa88ab,0.0,128.7644245,35.18408759,0.006622516556291391,0.0,0.0,0.0,0.0,0.0,-0.0,-0.0,0.006622516556291391,1229
마마20ab06aa,0.0,128.8246742,35.34348175,0.006622516556291391,0.0,0.0,0.0,0.0,0.0,-0.0,-0.0,0.006622516556291391,1229
마마13ba04ab,0.0,128.7501666,35.32849702,0.006622516556291391,0.0,0.0,0.0,0.0,0.0,-0.0,-0.0,0.006622516556291391,1229
마마31aa03ba,0.0,128.9425407,35.31959243,0.006622516556291391,0.0,0.0,0.0,0.0,0.0,-0.0,-0.0,0.006622516556291391,1229
마마31bb03bb,0.0,128.9508295,35.32174724,0.006622516556291391,0.0,0.0,0.0,0.0,0.0,-0.0,-0.0,0.006622516556291391,1229
마라19ab89bb,0.0,128.8113091,35.19711352,0.0728476821192053,0.0,0.0,0.0,0.04518905625576391,0.0,-0.0,-0.11142702308333334,0.0066097152916358565,1230
마라13ba99bb,0.0,128.7495426,35.28793028,0.0,0.0,0.0,0.0,0.0064555794651091295,0.0,-0.0,-0.0,0.0064555794651091295,1231
마라20aa99ba,0.0,128.8209705,35.28491718,0.0,0.0,0.0,0.0,0.006148170919151552,0.0,-0.0,-0.0,0.006148170919151552,1232
마라27bb92ab,0.0,128.9050439,35.21860259,0.0,0.0,0.0,0.0,0.006148170919151552,0.0,-0.0,-0.0,0.006148170919151552,1232
마라33bb93ba,0.0,128.9711542,35.22908727,0.0,0.0,0.0,0.0,0.005533353827236397,0.0,-0.0,-0.0,0.005533353827236397,1233
마라19ba99ba,0.0,128.8154735,35.28497709,0.0,0.0,0.0,0.0,0.005225945281278819,0.0,-0.0,-0.0,0.005225945281278819,1234
마라34ab98ba,0.0,128.9774648,35.27409068,0.0,0.0,0.0,0.0,0.005225945281278819,0.0,-0.0,-0.0,0.005225945281278819,1234
마라26ab99ba,0.0,128.8896819,35.2841472,0.0,0.0,0.0,0.0,0.005225945281278819,0.0,-0.0,-0.0,0.005225945281278819,1234
마마29bb05aa,0.0,128.9290309,35.33327691,0.0,0.0,0.0,0.0,0.0,0.0051813471502590676,-0.0,-0.0,0.0051813471502590676,1235
마라12ab99aa,0.0,128.7356964,35.28131031,0.0,0.0,0.0,0.0,0.0,0.0051813471502590676,-0.0,-0.0,0.0051813471502590676,1235
마라12bb99ba,0.0,128.7412621,35.28576147,0.0,0.0,0.0,0.0,0.004918536735321242,0.0,-0.0,-0.0,0.004918536735321242,1236
마라11aa98ab,0.0,128.7218524,35.27468869,0.0,0.0,0.0,0.0,0.0046111281893636644,0.0,-0.0,-0.0,0.0046111281893636644,1237
마라34ab98bb,0.0,128.9775057,35.27634419,0.0,0.0,0.0,0.0,0.003688902551490931,0.0,-0.0,-0.0,0.003688902551490931,1238
마마16bb05ab,0.0,128.7860599,35.33713668,0.0,0.0,0.0,0.0,0.003688902551490931,0.0,-0.0,-0.0,0.003688902551490931,1238
마라33bb94aa,0.0,128.9712356,35.23359432,0.0,0.0,0.0,0.0,0.003688902551490931,0.0,-0.0,-0.0,0.003688902551490931,1238
마마32bb04ab,0.0,128.9619091,35.32612175,0.0,0.0,0.0,0.0,0.003381494005533354,0.0,-0.0,-0.0,0.003381494005533354,1239
마라11bb98ba,0.0,128.7301312,35.27685887,0.0,0.0,0.0,0.0,0.003381494005533354,0.0,-0.0,-0.0,0.003381494005533354,1239
마마19bb05ab,0.0,128.8190634,35.33678102,0.0,0.0,0.0,0.0,0.003381494005533354,0.0,-0.0,-0.0,0.003381494005533354,1239
마라35ab94bb,0.0,128.9878386,35.24015339,0.0,0.0,0.0,0.0,0.003381494005533354,0.0,-0.0,-0.0,0.003381494005533354,1239
마라27aa99ab,0.0,128.8978883,35.2817986,0.0,0.0,0.0,0.0,0.003381494005533354,0.0,-0.0,-0.0,0.003381494005533354,1239
마마18ba05bb,0.0,128.8053845,35.3414376,0.0,0.0,0.0,0.0,0.0030740854595757753,0.0,-0.0,-0.0,0.0030740854595757753,1240
마라30ab93bb,0.0,128.9327431,35.23180213,0.0,0.0,0.0,0.0,0.0030740854595757753,0.0,-0.0,-0.0,0.0030740854595757753,1240
마라25ba92ab,0.0,128.8803282,35.21888696,0.0,0.0,0.0,0.0,0.0030740854595757753,0.0,-0.0,-0.0,0.0030740854595757753,1240
마라17ba97bb,0.0,128.7932344,35.26943848,0.0,0.0,0.0,0.0,0.0030740854595757753,0.0,-0.0,-0.0,0.0030740854595757753,1240
마라25aa90bb,0.0,128.8746078,35.20542769,0.0,0.0,0.0,0.0,0.0030740854595757753,0.0,-0.0,-0.0,0.0030740854595757753,1240
마라17ba87ab,0.0,128.7917334,35.17478298,0.0,0.0,0.0,0.0,0.0030740854595757753,0.0,-0.0,-0.0,0.0030740854595757753,1240
마라17bb99ab,0.0,128.7961978,35.28293114,0.1390728476821192,0.0,0.0,0.0,0.0,0.0,-0.0,-0.136199422,0.0028734256821192072,1241
마라25ba91bb,0.0,128.8802519,35.21437972,0.0,0.0,0.0,0.0,0.0027666769136181985,0.0,-0.0,-0.0,0.0027666769136181985,1242
마마20aa05aa,0.0,128.8217769,35.33449734,0.0,0.0,0.0,0.0,0.0027666769136181985,0.0,-0.0,-0.0,0.0027666769136181985,1242
마마22aa10aa,0.0,128.8445253,35.37932685,0.0,0.0,0.0,0.0,0.0027666769136181985,0.0,-0.0,-0.0,0.0027666769136181985,1242
마라18ab90aa,0.0,128.8003628,35.19948567,0.0,0.0,0.0,0.0,0.0027666769136181985,0.0,-0.0,-0.0,0.0027666769136181985,1242
마라21bb89ba,0.0,128.8387275,35.19455938,0.0,0.0,0.0,0.0,0.0027666769136181985,0.0,-0.0,-0.0,0.0027666769136181985,1242
마라24aa90ba,0.0,128.863587,35.20329826,0.0,0.0,0.0,0.0,0.0027666769136181985,0.0,-0.0,-0.0,0.0027666769136181985,1242
마라12bb92ba,0.0,128.7403003,35.22265688,0.0,0.0,0.0,0.0,0.0,0.0025906735751295338,-0.0,-0.0,0.0025906735751295338,1243
마라31ab96aa,0.0,128.944089,35.25195353,0.0,0.0,0.0,0.0,0.0,0.0025906735751295338,-0.0,-0.0,0.0025906735751295338,1243
마라24bb86ba,0.0,128.8712182,35.1671469,0.0,0.0,0.0,0.0,0.0,0.0025906735751295338,-0.0,-0.0,0.0025906735751295338,1243
마라10ba99bb,0.0,128.7165581,35.28826656,0.0,0.0,0.0,0.0,0.0,0.0025906735751295338,-0.0,-0.0,0.0025906735751295338,1243
마마23bb10aa,0.0,128.8637869,35.37911095,0.0,0.0,0.0,0.0,0.0,0.0025906735751295338,-0.0,-0.0,0.0025906735751295338,1243
마라15ab92ab,0.0,128.76773,35.22011861,0.0,0.0,0.0,0.0,0.0,0.0025906735751295338,-0.0,-0.0,0.0025906735751295338,1243
마마19aa01bb,0.0,128.8103034,35.30531969,0.0,0.0,0.0,0.0,0.002459268367660621,0.0,-0.0,-0.0,0.002459268367660621,1244
마라16ba92ba,0.0,128.7814973,35.22222773,0.0,0.0,0.0,0.0,0.002459268367660621,0.0,-0.0,-0.0,0.002459268367660621,1244
마마23ab11ab,0.0,128.8584726,35.39044085,0.0,0.0,0.0,0.0,0.002459268367660621,0.0,-0.0,-0.0,0.002459268367660621,1244
마마19bb07bb,0.0,128.8194298,35.35931733,0.0,0.0,0.0,0.0,0.002459268367660621,0.0,-0.0,-0.0,0.002459268367660621,1244
마라18aa87ab,0.0,128.797223,35.1747243,0.0,0.0,0.0,0.0,0.0021518598217030436,0.0,-0.0,-0.0,0.0021518598217030436,1245
마마20aa08bb,0.0,128.8223279,35.36830175,0.0,0.0,0.0,0.0,0.0021518598217030436,0.0,-0.0,-0.0,0.0021518598217030436,1245
마마22ab04ab,0.0,128.8464163,35.32746331,0.0,0.0,0.0,0.0,0.0021518598217030436,0.0,-0.0,-0.0,0.0021518598217030436,1245
마마32aa03ba,0.0,128.9535388,35.31946069,0.0,0.0,0.0,0.0,0.0021518598217030436,0.0,-0.0,-0.0,0.0021518598217030436,1245
마마24ba01bb,0.0,128.870785,35.30464916,0.0,0.0,0.0,0.0,0.0021518598217030436,0.0,-0.0,-0.0,0.0021518598217030436,1245
마라22bb92aa,0.0,128.8500823,35.21697403,0.0,0.0,0.0,0.0,0.0021518598217030436,0.0,-0.0,-0.0,0.0021518598217030436,1245
마마26bb05ba,0.0,128.8961079,35.33816968,0.0,0.0,0.0,0.0,0.0018444512757454655,0.0,-0.0,-0.0,0.0018444512757454655,1246
마마20aa06aa,0.0,128.8219237,35.34351187,0.0,0.0,0.0,0.0,0.0018444512757454655,0.0,-0.0,-0.0,0.0018444512757454655,1246
마라14aa93ab,0.0,128.7541368,35.22927659,0.0,0.0,0.0,0.0,0.0018444512757454655,0.0,-0.0,-0.0,0.0018444512757454655,1246
마라12bb93ab,0.0,128.7404032,35.22941812,0.0,0.0,0.0,0.0,0.0018444512757454655,0.0,-0.0,-0.0,0.0018444512757454655,1246
마마20aa05ab,0.0,128.8218136,35.33675097,0.0,0.0,0.0,0.0,0.0018444512757454655,0.0,-0.0,-0.0,0.0018444512757454655,1246
마라33aa93ba,0.0,128.9629148,35.22918714,0.0,0.0,0.0,0.0,0.0018444512757454655,0.0,-0.0,-0.0,0.0018444512757454655,1246
마라17aa97ab,0.0,128.787667,35.26498973,0.0,0.0,0.0,0.0,0.0018444512757454655,0.0,-0.0,-0.0,0.0018444512757454655,1246
마라35ba94bb,0.0,128.9905854,35.24011958,0.0,0.0,0.0,0.0,0.0018444512757454655,0.0,-0.0,-0.0,0.0018444512757454655,1246
마라33bb93bb,0.0,128.9711949,35.2313408,0.0,0.0,0.0,0.0,0.0018444512757454655,0.0,-0.0,-0.0,0.0018444512757454655,1246
마마13ab00bb,0.0,128.7469322,35.29697351,0.0,0.0,0.0,0.0,0.0018444512757454655,0.0,-0.0,-0.0,0.0018444512757454655,1246
마라34bb93ba,0.0,128.98214,35.22895323,0.0,0.0,0.0,0.0,0.0018444512757454655,0.0,-0.0,-0.0,0.0018444512757454655,1246
마마20aa09aa,0.0,128.8223646,35.37055537,0.0,0.0,0.0,0.0,0.0018444512757454655,0.0,-0.0,-0.0,0.0018444512757454655,1246
마마28ab01aa,0.0,128.9119038,35.29741396,0.2052980132450331,0.0,0.0,0.0,0.0,0.0,-0.0,-0.20364884391666666,0.001649169328366451,1247
마라24bb94ba,0.0,128.8724311,35.23926327,0.019867549668874173,0.08,0.0,0.0,0.04580387334767906,0.0,-0.0,-0.14402697491666666,0.001644448099886564,1248
마마16bb00ab,0.0,128.7853464,35.2920632,0.24503311258278146,0.08,0.0,0.0,0.0,0.0,-0.0,-0.32493376683333336,9.93457494480876e-05,1249
마라10aa96bb,0.0,128.7106581,35.2612767,0.0,0.0,0.0,0.0,0.0,0.0,-0.0,-0.0,0.0,1250
마라24ba88bb,0.0,128.8688137,35.18746078,0.0,0.0,0.0,0.0,0.0,0.0,-0.0,-0.0,0.0,1250
마라24ab98bb,0.0,128.8675808,35.277637,0.0,0.0,0.0,0.0,0.0,0.0,-0.0,-0.0,0.0,1250
마라24ab99aa,0.0,128.8676187,35.27989061,0.0,0.0,0.0,0.0,0.0,0.0,-0.0,-0.0,0.0,1250
마라24ab99ab,0.0,128.8676566,35.28214423,0.0,0.0,0.0,0.0,0.0,0.0,-0.0,-0.0,0.0,1250
마라24ab99bb,0.0,128.8677324,35.28665145,0.0,0.0,0.0,0.0,0.0,0.0,-0.0,-0.0,0.0,1250
마라24ba85aa,0.0,128.8682472,35.15365601,0.0,0.0,0.0,0.0,0.0,0.0,-0.0,-0.0,0.0,1250
마마35ab00bb,0.0,128.9888279,35.29423734,0.0,0.0,0.0,0.0,0.0,0.0,-0.0,-0.0,0.0,1250
마라09ba99aa,0.0,128.7054629,35.2816154,0.0,0.0,0.0,0.0,0.0,0.0,-0.0,-0.0,0.0,1250
마라09ba99ab,0.0,128.7054963,35.28386915,0.0,0.0,0.0,0.0,0.0,0.0,-0.0,-0.0,0.0,1250
마라09ba99ba,0.0,128.7055297,35.28612291,0.0,0.0,0.0,0.0,0.0,0.0,-0.0,-0.0,0.0,1250
마마31bb03ab,0.0,128.950749,35.31724021,0.0,0.0,0.0,0.0,0.0,0.0,-0.0,-0.0,0.0,1250
마라09bb98aa,0.0,128.7080775,35.27257296,0.0,0.0,0.0,0.0,0.0,0.0,-0.0,-0.0,0.0,1250
마라09bb98ab,0.0,128.708111,35.27482671,0.0,0.0,0.0,0.0,0.0,0.0,-0.0,-0.0,0.0,1250
마라09bb98ba,0.0,128.7081445,35.27708047,0.0,0.0,0.0,0.0,0.0,0.0,-0.0,-0.0,0.0,1250
마마36ab00aa,0.0,128.9996976,35.28734105,0.0,0.0,0.0,0.0,0.0,0.0,-0.0,-0.0,0.0,1250
마라24ba88aa,0.0,128.8687003,35.18069984,0.0,0.0,0.0,0.0,0.0,0.0,-0.0,-0.0,0.0,1250
마마36aa00aa,0.0,128.9969492,35.2873751,0.0,0.0,0.0,0.0,0.0,0.0,-0.0,-0.0,0.0,1250
마마35bb00ba,0.0,128.9942837,35.29191605,0.0,0.0,0.0,0.0,0.0,0.0,-0.0,-0.0,0.0,1250
마마35bb00ab,0.0,128.9942423,35.28966257,0.0,0.0,0.0,0.0,0.0,0.0,-0.0,-0.0,0.0,1250
마라09ba98ba,0.0,128.7053961,35.27710789,0.0,0.0,0.0,0.0,0.0,0.0,-0.0,-0.0,0.0,1250
마마35ba00ba,0.0,128.9915352,35.29194998,0.0,0.0,0.0,0.0,0.0,0.0,-0.0,-0.0,0.0,1250
마라09ba98bb,0.0,128.7054295,35.27936164,0.0,0.0,0.0,0.0,0.0,0.0,-0.0,-0.0,0.0,1250
마마35ba00aa,0.0,128.9914525,35.28744301,0.0,0.0,0.0,0.0,0.0,0.0,-0.0,-0.0,0.0,1250
마라10aa97ba,0.0,128.7107586,35.26803797,0.0,0.0,0.0,0.0,0.0,0.0,-0.0,-0.0,0.0,1250
마라10aa98aa,0.0,128.7108257,35.27254548,0.0,0.0,0.0,0.0,0.0,0.0,-0.0,-0.0,0.0,1250
마라10aa98ab,0.0,128.7108593,35.27479923,0.0,0.0,0.0,0.0,0.0,0.0,-0.0,-0.0,0.0,1250
마라10aa98ba,0.0,128.7108928,35.27705299,0.0,0.0,0.0,0.0,0.0,0.0,-0.0,-0.0,0.0,1250
마라10aa98bb,0.0,128.7109264,35.27930674,0.0,0.0,0.0,0.0,0.0,0.0,-0.0,-0.0,0.0,1250
마라10aa99ab,0.0,128.7109935,35.28381424,0.0,0.0,0.0,0.0,0.0,0.0,-0.0,-0.0,0.0,1250
마마31bb04aa,0.0,128.9508698,35.32400075,0.0,0.0,0.0,0.0,0.0,0.0,-0.0,-0.0,0.0,1250
마마36ba00aa,0.0,129.002446,35.28730693,0.0,0.0,0.0,0.0,0.0,0.0,-0.0,-0.0,0.0,1250
마라24ab88ab,0.0,128.8659931,35.18298449,0.0,0.0,0.0,0.0,0.0,0.0,-0.0,-0.0,0.0,1250
마라24ab89ba,0.0,128.8661817,35.19425272,0.0,0.0,0.0,0.0,0.0,0.0,-0.0,-0.0,0.0,1250
마라24ab90ab,0.0,128.8662949,35.20101366,0.0,0.0,0.0,0.0,0.0,0.0,-0.0,-0.0,0.0,1250
마라24ab90ba,0.0,128.8663327,35.2032673,0.0,0.0,0.0,0.0,0.0,0.0,-0.0,-0.0,0.0,1250
마라24ab91aa,0.0,128.8664082,35.20777458,0.0,0.0,0.0,0.0,0.0,0.0,-0.0,-0.0,0.0,1250
마라24ab91ab,0.0,128.866446,35.21002822,0.0,0.0,0.0,0.0,0.0,0.0,-0.0,-0.0,0.0,1250
마라24ab91ba,0.0,128.8664837,35.21228186,0.0,0.0,0.0,0.0,0.0,0.0,-0.0,-0.0,0.0,1250
마라24ab92aa,0.0,128.8665593,35.21678913,0.0,0.0,0.0,0.0,0.0,0.0,-0.0,-0.0,0.0,1250
마라24ab92ab,0.0,128.8665971,35.21904277,0.0,0.0,0.0,0.0,0.0,0.0,-0.0,-0.0,0.0,1250
마라24ab93aa,0.0,128.8667104,35.22580367,0.0,0.0,0.0,0.0,0.0,0.0,-0.0,-0.0,0.0,1250
마라24ba85ab,0.0,128.8682849,35.15590966,0.0,0.0,0.0,0.0,0.0,0.0,-0.0,-0.0,0.0,1250
마라24ba85ba,0.0,128.8683227,35.15816332,0.0,0.0,0.0,0.0,0.0,0.0,-0.0,-0.0,0.0,1250
마라24ba85bb,0.0,128.8683604,35.16041698,0.0,0.0,0.0,0.0,0.0,0.0,-0.0,-0.0,0.0,1250
마라24ba86ba,0.0,128.8684737,35.16717794,0.0,0.0,0.0,0.0,0.0,0.0,-0.0,-0.0,0.0,1250
마라24ba86bb,0.0,128.8685114,35.16943159,0.0,0.0,0.0,0.0,0.0,0.0,-0.0,-0.0,0.0,1250
마라24ba87bb,0.0,128.8686625,35.1784462,0.0,0.0,0.0,0.0,0.0,0.0,-0.0,-0.0,0.0,1250
마마31bb04ab,0.0,128.9509101,35.32625427,0.0,0.0,0.0,0.0,0.0,0.0,-0.0,-0.0,0.0,1250
마라24ab85ab,0.0,128.8655408,35.15594063,0.0,0.0,0.0,0.0,0.0,0.0,-0.0,-0.0,0.0,1250
마라24ab85ba,0.0,128.8655785,35.15819429,0.0,0.0,0.0,0.0,0.0,0.0,-0.0,-0.0,0.0,1250
마라24ab85bb,0.0,128.8656161,35.16044795,0.0,0.0,0.0,0.0,0.0,0.0,-0.0,-0.0,0.0,1250
마라24ab86ba,0.0,128.8657292,35.16720892,0.0,0.0,0.0,0.0,0.0,0.0,-0.0,-0.0,0.0,1250
마라24ab86bb,0.0,128.8657669,35.16946257,0.0,0.0,0.0,0.0,0.0,0.0,-0.0,-0.0,0.0,1250
마라24ab87aa,0.0,128.8658046,35.17171623,0.0,0.0,0.0,0.0,0.0,0.0,-0.0,-0.0,0.0,1250
마라24ab87ba,0.0,128.86588,35.17622353,0.0,0.0,0.0,0.0,0.0,0.0,-0.0,-0.0,0.0,1250
마라24ab87bb,0.0,128.8659177,35.17847719,0.0,0.0,0.0,0.0,0.0,0.0,-0.0,-0.0,0.0,1250
마라24ba89bb,0.0,128.8689649,35.19647536,0.0,0.0,0.0,0.0,0.0,0.0,-0.0,-0.0,0.0,1250
마라24ba90ab,0.0,128.8690406,35.20098264,0.0,0.0,0.0,0.0,0.0,0.0,-0.0,-0.0,0.0,1250
마라24ba90ba,0.0,128.8690784,35.20323628,0.0,0.0,0.0,0.0,0.0,0.0,-0.0,-0.0,0.0,1250
마라24ba90bb,0.0,128.8691162,35.20548992,0.0,0.0,0.0,0.0,0.0,0.0,-0.0,-0.0,0.0,1250
마라24ba91aa,0.0,128.8691541,35.20774356,0.0,0.0,0.0,0.0,0.0,0.0,-0.0,-0.0,0.0,1250
마라24ba91ab,0.0,128.8691919,35.20999719,0.0,0.0,0.0,0.0,0.0,0.0,-0.0,-0.0,0.0,1250
마라24ba93aa,0.0,128.8694569,35.22577263,0.0,0.0,0.0,0.0,0.0,0.0,-0.0,-0.0,0.0,1250
마라24bb85ba,0.0,128.8710668,35.15813229,0.0,0.0,0.0,0.0,0.0,0.0,-0.0,-0.0,0.0,1250
마라24bb85bb,0.0,128.8711047,35.16038594,0.0,0.0,0.0,0.0,0.0,0.0,-0.0,-0.0,0.0,1250
마라24bb86aa,0.0,128.8711425,35.1626396,0.0,0.0,0.0,0.0,0.0,0.0,-0.0,-0.0,0.0,1250
마라24bb86ab,0.0,128.8711803,35.16489325,0.0,0.0,0.0,0.0,0.0,0.0,-0.0,-0.0,0.0,1250
마라24aa91aa,0.0,128.8636624,35.20780554,0.0,0.0,0.0,0.0,0.0,0.0,-0.0,-0.0,0.0,1250
마라24aa91ab,0.0,128.8637,35.21005918,0.0,0.0,0.0,0.0,0.0,0.0,-0.0,-0.0,0.0,1250
마라24aa91ba,0.0,128.8637377,35.21231283,0.0,0.0,0.0,0.0,0.0,0.0,-0.0,-0.0,0.0,1250
마라24aa91bb,0.0,128.8637754,35.21456647,0.0,0.0,0.0,0.0,0.0,0.0,-0.0,-0.0,0.0,1250
마라24aa92ab,0.0,128.8638508,35.21907374,0.0,0.0,0.0,0.0,0.0,0.0,-0.0,-0.0,0.0,1250
마라24aa93aa,0.0,128.863964,35.22583466,0.0,0.0,0.0,0.0,0.0,0.0,-0.0,-0.0,0.0,1250
마마31bb04ba,0.0,128.9509503,35.32850778,0.0,0.0,0.0,0.0,0.0,0.0,-0.0,-0.0,0.0,1250
마마31bb04bb,0.0,128.9509906,35.33076129,0.0,0.0,0.0,0.0,0.0,0.0,-0.0,-0.0,0.0,1250
마마31bb05aa,0.0,128.9510309,35.33301481,0.0,0.0,0.0,0.0,0.0,0.0,-0.0,-0.0,0.0,1250
마마31bb05ab,0.0,128.9510712,35.33526832,0.0,0.0,0.0,0.0,0.0,0.0,-0.0,-0.0,0.0,1250
마라24aa99ab,0.0,128.8649083,35.28217527,0.0,0.0,0.0,0.0,0.0,0.0,-0.0,-0.0,0.0,1250
마라24aa99ba,0.0,128.8649461,35.28442889,0.0,0.0,0.0,0.0,0.0,0.0,-0.0,-0.0,0.0,1250
마라24aa89ba,0.0,128.8634363,35.19428367,0.0,0.0,0.0,0.0,0.0,0.0,-0.0,-0.0,0.0,1250
마라24aa90ab,0.0,128.8635493,35.20104461,0.0,0.0,0.0,0.0,0.0,0.0,-0.0,-0.0,0.0,1250
마라24bb86bb,0.0,128.871256,35.16940055,0.0,0.0,0.0,0.0,0.0,0.0,-0.0,-0.0,0.0,1250
마라24bb87ab,0.0,128.8713317,35.17390785,0.0,0.0,0.0,0.0,0.0,0.0,-0.0,-0.0,0.0,1250
마라24bb88bb,0.0,128.8715589,35.18742972,0.0,0.0,0.0,0.0,0.0,0.0,-0.0,-0.0,0.0,1250
마라24bb89aa,0.0,128.8715967,35.18968336,0.0,0.0,0.0,0.0,0.0,0.0,-0.0,-0.0,0.0,1250
마라24bb89ba,0.0,128.8716725,35.19419065,0.0,0.0,0.0,0.0,0.0,0.0,-0.0,-0.0,0.0,1250
마라24bb90aa,0.0,128.8717483,35.19869792,0.0,0.0,0.0,0.0,0.0,0.0,-0.0,-0.0,0.0,1250
마라24bb90ab,0.0,128.8717862,35.20095156,0.0,0.0,0.0,0.0,0.0,0.0,-0.0,-0.0,0.0,1250
마라24ba98bb,0.0,128.870329,35.2776059,0.0,0.0,0.0,0.0,0.0,0.0,-0.0,-0.0,0.0,1250
마라24ba99aa,0.0,128.870367,35.27985951,0.0,0.0,0.0,0.0,0.0,0.0,-0.0,-0.0,0.0,1250
마라24ba99ab,0.0,128.870405,35.28211312,0.0,0.0,0.0,0.0,0.0,0.0,-0.0,-0.0,0.0,1250
마라24ba99ba,0.0,128.870443,35.28436672,0.0,0.0,0.0,0.0,0.0,0.0,-0.0,-0.0,0.0,1250
마라24ba99bb,0.0,128.8704809,35.28662033,0.0,0.0,0.0,0.0,0.0,0.0,-0.0,-0.0,0.0,1250
마라24bb84bb,0.0,128.8709534,35.15137132,0.0,0.0,0.0,0.0,0.0,0.0,-0.0,-0.0,0.0,1250
마라24bb85aa,0.0,128.8709912,35.15362498,0.0,0.0,0.0,0.0,0.0,0.0,-0.0,-0.0,0.0,1250
마라23bb92bb,0.0,128.8611799,35.22361194,0.0,0.0,0.0,0.0,0.0,0.0,-0.0,-0.0,0.0,1250
마라23bb95bb,0.0,128.8616318,35.25065554,0.0,0.0,0.0,0.0,0.0,0.0,-0.0,-0.0,0.0,1250
마라23bb96aa,0.0,128.8616695,35.25290917,0.0,0.0,0.0,0.0,0.0,0.0,-0.0,-0.0,0.0,1250
마라23bb96ab,0.0,128.8617072,35.2551628,0.0,0.0,0.0,0.0,0.0,0.0,-0.0,-0.0,0.0,1250
마라23bb98bb,0.0,128.8620844,35.27769902,0.0,0.0,0.0,0.0,0.0,0.0,-0.0,-0.0,0.0,1250
마라23bb99ab,0.0,128.8621599,35.28220626,0.0,0.0,0.0,0.0,0.0,0.0,-0.0,-0.0,0.0,1250
마라23bb99ba,0.0,128.8621976,35.28445987,0.0,0.0,0.0,0.0,0.0,0.0,-0.0,-0.0,0.0,1250
마라23bb99bb,0.0,128.8622354,35.28671349,0.0,0.0,0.0,0.0,0.0,0.0,-0.0,-0.0,0.0,1250
마라24aa86ba,0.0,128.8629847,35.16723983,0.0,0.0,0.0,0.0,0.0,0.0,-0.0,-0.0,0.0,1250
마라24aa86bb,0.0,128.8630223,35.16949349,0.0,0.0,0.0,0.0,0.0,0.0,-0.0,-0.0,0.0,1250
마라24aa87aa,0.0,128.8630599,35.17174715,0.0,0.0,0.0,0.0,0.0,0.0,-0.0,-0.0,0.0,1250
마라24aa87ba,0.0,128.8631352,35.17625446,0.0,0.0,0.0,0.0,0.0,0.0,-0.0,-0.0,0.0,1250
마라24aa87bb,0.0,128.8631728,35.17850811,0.0,0.0,0.0,0.0,0.0,0.0,-0.0,-0.0,0.0,1250
마라24aa88ab,0.0,128.8632481,35.18301542,0.0,0.0,0.0,0.0,0.0,0.0,-0.0,-0.0,0.0,1250
마라24aa88ba,0.0,128.8632857,35.18526907,0.0,0.0,0.0,0.0,0.0,0.0,-0.0,-0.0,0.0,1250
마라24aa89aa,0.0,128.863361,35.18977637,0.0,0.0,0.0,0.0,0.0,0.0,-0.0,-0.0,0.0,1250
마마31ba03ab,0.0,128.9479996,35.31727317,0.0,0.0,0.0,0.0,0.0,0.0,-0.0,-0.0,0.0,1250
마마31ba03ba,0.0,128.9480397,35.31952669,0.0,0.0,0.0,0.0,0.0,0.0,-0.0,-0.0,0.0,1250
마라24bb98ab,0.0,128.8730012,35.27306751,0.0,0.0,0.0,0.0,0.0,0.0,-0.0,-0.0,0.0,1250
마라23bb88aa,0.0,128.8604655,35.18079264,0.0,0.0,0.0,0.0,0.0,0.0,-0.0,-0.0,0.0,1250
마라23bb88ab,0.0,128.860503,35.18304629,0.0,0.0,0.0,0.0,0.0,0.0,-0.0,-0.0,0.0,1250
마라23bb88bb,0.0,128.8605782,35.1875536,0.0,0.0,0.0,0.0,0.0,0.0,-0.0,-0.0,0.0,1250
마라23bb89ba,0.0,128.8606909,35.19431455,0.0,0.0,0.0,0.0,0.0,0.0,-0.0,-0.0,0.0,1250
마라23bb90ab,0.0,128.8608037,35.2010755,0.0,0.0,0.0,0.0,0.0,0.0,-0.0,-0.0,0.0,1250
마라23bb90bb,0.0,128.8608789,35.2055828,0.0,0.0,0.0,0.0,0.0,0.0,-0.0,-0.0,0.0,1250
마라23bb91aa,0.0,128.8609165,35.20783644,0.0,0.0,0.0,0.0,0.0,0.0,-0.0,-0.0,0.0,1250
마라23bb91ab,0.0,128.8609541,35.21009009,0.0,0.0,0.0,0.0,0.0,0.0,-0.0,-0.0,0.0,1250
마라23bb91ba,0.0,128.8609917,35.21234373,0.0,0.0,0.0,0.0,0.0,0.0,-0.0,-0.0,0.0,1250
마라23bb91bb,0.0,128.8610293,35.21459737,0.0,0.0,0.0,0.0,0.0,0.0,-0.0,-0.0,0.0,1250
마라24bb90ba,0.0,128.8718241,35.2032052,0.0,0.0,0.0,0.0,0.0,0.0,-0.0,-0.0,0.0,1250
마라24bb91ab,0.0,128.8719378,35.20996611,0.0,0.0,0.0,0.0,0.0,0.0,-0.0,-0.0,0.0,1250
마마31ba03bb,0.0,128.9480799,35.32178021,0.0,0.0,0.0,0.0,0.0,0.0,-0.0,-0.0,0.0,1250
마라23bb87bb,0.0,128.8604279,35.17853898,0.0,0.0,0.0,0.0,0.0,0.0,-0.0,-0.0,0.0,1250
마라24bb98ba,0.0,128.8730392,35.27532112,0.0,0.0,0.0,0.0,0.0,0.0,-0.0,-0.0,0.0,1250
마라24bb98bb,0.0,128.8730772,35.27757473,0.0,0.0,0.0,0.0,0.0,0.0,-0.0,-0.0,0.0,1250
마라24bb99aa,0.0,128.8731153,35.27982834,0.0,0.0,0.0,0.0,0.0,0.0,-0.0,-0.0,0.0,1250
마라24bb99ab,0.0,128.8731533,35.28208195,0.0,0.0,0.0,0.0,0.0,0.0,-0.0,-0.0,0.0,1250
마라24bb99ba,0.0,128.8731914,35.28433555,0.0,0.0,0.0,0.0,0.0,0.0,-0.0,-0.0,0.0,1250
마라24bb99bb,0.0,128.8732295,35.28658916,0.0,0.0,0.0,0.0,0.0,0.0,-0.0,-0.0,0.0,1250
마라25aa84bb,0.0,128.8736973,35.15134024,0.0,0.0,0.0,0.0,0.0,0.0,-0.0,-0.0,0.0,1250
마라25aa85aa,0.0,128.8737352,35.15359389,0.0,0.0,0.0,0.0,0.0,0.0,-0.0,-0.0,0.0,1250
마라25aa85ab,0.0,128.8737731,35.15584755,0.0,0.0,0.0,0.0,0.0,0.0,-0.0,-0.0,0.0,1250
마라25aa85ba,0.0,128.873811,35.1581012,0.0,0.0,0.0,0.0,0.0,0.0,-0.0,-0.0,0.0,1250
마라25aa85bb,0.0,128.8738489,35.16035485,0.0,0.0,0.0,0.0,0.0,0.0,-0.0,-0.0,0.0,1250
마라25aa86aa,0.0,128.8738868,35.1626085,0.0,0.0,0.0,0.0,0.0,0.0,-0.0,-0.0,0.0,1250
마라25aa86ab,0.0,128.8739247,35.16486215,0.0,0.0,0.0,0.0,0.0,0.0,-0.0,-0.0,0.0,1250
마라25aa86ba,0.0,128.8739626,35.1671158,0.0,0.0,0.0,0.0,0.0,0.0,-0.0,-0.0,0.0,1250
마라25aa86bb,0.0,128.8740005,35.16936945,0.0,0.0,0.0,0.0,0.0,0.0,-0.0,-0.0,0.0,1250
마라25aa89bb,0.0,128.8744559,35.19641315,0.0,0.0,0.0,0.0,0.0,0.0,-0.0,-0.0,0.0,1250
마라25aa90ba,0.0,128.8745698,35.20317406,0.0,0.0,0.0,0.0,0.0,0.0,-0.0,-0.0,0.0,1250
마라25aa91aa,0.0,128.8746458,35.20768132,0.0,0.0,0.0,0.0,0.0,0.0,-0.0,-0.0,0.0,1250
마라25aa91ab,0.0,128.8746837,35.20993495,0.0,0.0,0.0,0.0,0.0,0.0,-0.0,-0.0,0.0,1250
마라25aa91ba,0.0,128.8747217,35.21218859,0.0,0.0,0.0,0.0,0.0,0.0,-0.0,-0.0,0.0,1250
마라23ba97bb,0.0,128.8591856,35.26871545,0.0,0.0,0.0,0.0,0.0,0.0,-0.0,-0.0,0.0,1250
마라23ba98ba,0.0,128.8592985,35.27547632,0.0,0.0,0.0,0.0,0.0,0.0,-0.0,-0.0,0.0,1250
마라23ba98bb,0.0,128.8593362,35.27772994,0.0,0.0,0.0,0.0,0.0,0.0,-0.0,-0.0,0.0,1250
마라23ba99ab,0.0,128.8594115,35.28223718,0.0,0.0,0.0,0.0,0.0,0.0,-0.0,-0.0,0.0,1250
마라23ba99ba,0.0,128.8594492,35.2844908,0.0,0.0,0.0,0.0,0.0,0.0,-0.0,-0.0,0.0,1250
마라23ba99bb,0.0,128.8594869,35.28674441,0.0,0.0,0.0,0.0,0.0,0.0,-0.0,-0.0,0.0,1250
마라23bb86ba,0.0,128.8602402,35.16727069,0.0,0.0,0.0,0.0,0.0,0.0,-0.0,-0.0,0.0,1250
마라23bb86bb,0.0,128.8602777,35.16952435,0.0,0.0,0.0,0.0,0.0,0.0,-0.0,-0.0,0.0,1250
마라23bb87aa,0.0,128.8603153,35.17177801,0.0,0.0,0.0,0.0,0.0,0.0,-0.0,-0.0,0.0,1250
마라23bb87ab,0.0,128.8603528,35.17403166,0.0,0.0,0.0,0.0,0.0,0.0,-0.0,-0.0,0.0,1250
마라23bb87ba,0.0,128.8603904,35.17628532,0.0,0.0,0.0,0.0,0.0,0.0,-0.0,-0.0,0.0,1250
마라25aa92aa,0.0,128.8747977,35.21669585,0.0,0.0,0.0,0.0,0.0,0.0,-0.0,-0.0,0.0,1250
마마31ba04aa,0.0,128.9481201,35.32403372,0.0,0.0,0.0,0.0,0.0,0.0,-0.0,-0.0,0.0,1250
마마31ba04ab,0.0,128.9481603,35.32628724,0.0,0.0,0.0,0.0,0.0,0.0,-0.0,-0.0,0.0,1250
마라23ba95ba,0.0,128.8588469,35.2484328,0.0,0.0,0.0,0.0,0.0,0.0,-0.0,-0.0,0.0,1250
마라23ba95bb,0.0,128.8588845,35.25068643,0.0,0.0,0.0,0.0,0.0,0.0,-0.0,-0.0,0.0,1250
마라23ba96aa,0.0,128.8589221,35.25294006,0.0,0.0,0.0,0.0,0.0,0.0,-0.0,-0.0,0.0,1250
마라23ba96ab,0.0,128.8589598,35.25519369,0.0,0.0,0.0,0.0,0.0,0.0,-0.0,-0.0,0.0,1250
마라23ba96ba,0.0,128.8589974,35.25744732,0.0,0.0,0.0,0.0,0.0,0.0,-0.0,-0.0,0.0,1250
마라23ba96bb,0.0,128.859035,35.25970094,0.0,0.0,0.0,0.0,0.0,0.0,-0.0,-0.0,0.0,1250
마라23ba97aa,0.0,128.8590726,35.26195457,0.0,0.0,0.0,0.0,0.0,0.0,-0.0,-0.0,0.0,1250
마라23ba97ab,0.0,128.8591103,35.2642082,0.0,0.0,0.0,0.0,0.0,0.0,-0.0,-0.0,0.0,1250
마라25aa87ab,0.0,128.8740764,35.17387674,0.0,0.0,0.0,0.0,0.0,0.0,-0.0,-0.0,0.0,1250
마라25aa87ba,0.0,128.8741143,35.17613038,0.0,0.0,0.0,0.0,0.0,0.0,-0.0,-0.0,0.0,1250
마라25aa87bb,0.0,128.8741522,35.17838403,0.0,0.0,0.0,0.0,0.0,0.0,-0.0,-0.0,0.0,1250
마라25aa88aa,0.0,128.8741902,35.18063767,0.0,0.0,0.0,0.0,0.0,0.0,-0.0,-0.0,0.0,1250
마라25aa89ba,0.0,128.8744179,35.19415951,0.0,0.0,0.0,0.0,0.0,0.0,-0.0,-0.0,0.0,1250
마라25aa98ba,0.0,128.8757873,35.2752899,0.0,0.0,0.0,0.0,0.0,0.0,-0.0,-0.0,0.0,1250
마라25aa98bb,0.0,128.8758254,35.2775435,0.0,0.0,0.0,0.0,0.0,0.0,-0.0,-0.0,0.0,1250
마라25aa99aa,0.0,128.8758636,35.27979711,0.0,0.0,0.0,0.0,0.0,0.0,-0.0,-0.0,0.0,1250
마라25aa99ab,0.0,128.8759017,35.28205071,0.0,0.0,0.0,0.0,0.0,0.0,-0.0,-0.0,0.0,1250
마라25aa99ba,0.0,128.8759398,35.28430432,0.0,0.0,0.0,0.0,0.0,0.0,-0.0,-0.0,0.0,1250
마라23ba90aa,0.0,128.8580205,35.19885268,0.0,0.0,0.0,0.0,0.0,0.0,-0.0,-0.0,0.0,1250
마라23ba90ab,0.0,128.858058,35.20110633,0.0,0.0,0.0,0.0,0.0,0.0,-0.0,-0.0,0.0,1250
마라23ba90ba,0.0,128.8580956,35.20335998,0.0,0.0,0.0,0.0,0.0,0.0,-0.0,-0.0,0.0,1250
마라23ba90bb,0.0,128.8581331,35.20561363,0.0,0.0,0.0,0.0,0.0,0.0,-0.0,-0.0,0.0,1250
마라23ba91aa,0.0,128.8581706,35.20786728,0.0,0.0,0.0,0.0,0.0,0.0,-0.0,-0.0,0.0,1250
마라23ba91ab,0.0,128.8582082,35.21012093,0.0,0.0,0.0,0.0,0.0,0.0,-0.0,-0.0,0.0,1250
마라23ba91ba,0.0,128.8582457,35.21237457,0.0,0.0,0.0,0.0,0.0,0.0,-0.0,-0.0,0.0,1250
마라23ba91bb,0.0,128.8582832,35.21462822,0.0,0.0,0.0,0.0,0.0,0.0,-0.0,-0.0,0.0,1250
마라23ba92ab,0.0,128.8583583,35.21913551,0.0,0.0,0.0,0.0,0.0,0.0,-0.0,-0.0,0.0,1250
마라23ba93aa,0.0,128.858471,35.22589643,0.0,0.0,0.0,0.0,0.0,0.0,-0.0,-0.0,0.0,1250
마라25aa91bb,0.0,128.8747597,35.21444222,0.0,0.0,0.0,0.0,0.0,0.0,-0.0,-0.0,0.0,1250
마라25ab84bb,0.0,128.8764413,35.1513091,0.0,0.0,0.0,0.0,0.0,0.0,-0.0,-0.0,0.0,1250
마라25ab85aa,0.0,128.8764792,35.15356275,0.0,0.0,0.0,0.0,0.0,0.0,-0.0,-0.0,0.0,1250
마라25ab85ba,0.0,128.8765552,35.15807005,0.0,0.0,0.0,0.0,0.0,0.0,-0.0,-0.0,0.0,1250
마라25ab85bb,0.0,128.8765932,35.1603237,0.0,0.0,0.0,0.0,0.0,0.0,-0.0,-0.0,0.0,1250
마라25ab86aa,0.0,128.8766311,35.16257734,0.0,0.0,0.0,0.0,0.0,0.0,-0.0,-0.0,0.0,1250
마라25ab86ab,0.0,128.8766691,35.16483099,0.0,0.0,0.0,0.0,0.0,0.0,-0.0,-0.0,0.0,1250
마라25ab86ba,0.0,128.8767071,35.16708464,0.0,0.0,0.0,0.0,0.0,0.0,-0.0,-0.0,0.0,1250
마라25ab86bb,0.0,128.8767451,35.16933828,0.0,0.0,0.0,0.0,0.0,0.0,-0.0,-0.0,0.0,1250
마라25ab87aa,0.0,128.8767831,35.17159192,0.0,0.0,0.0,0.0,0.0,0.0,-0.0,-0.0,0.0,1250
마라25ab87ab,0.0,128.8768211,35.17384557,0.0,0.0,0.0,0.0,0.0,0.0,-0.0,-0.0,0.0,1250
마라25ab87ba,0.0,128.8768591,35.17609921,0.0,0.0,0.0,0.0,0.0,0.0,-0.0,-0.0,0.0,1250
마라25ab87bb,0.0,128.8768971,35.17835285,0.0,0.0,0.0,0.0,0.0,0.0,-0.0,-0.0,0.0,1250
마라25ab88ba,0.0,128.8770112,35.18511377,0.0,0.0,0.0,0.0,0.0,0.0,-0.0,-0.0,0.0,1250
마마31ba04ba,0.0,128.9482005,35.32854076,0.0,0.0,0.0,0.0,0.0,0.0,-0.0,-0.0,0.0,1250
마라25aa97bb,0.0,128.875673,35.26852908,0.0,0.0,0.0,0.0,0.0,0.0,-0.0,-0.0,0.0,1250
마라25aa98ab,0.0,128.8757492,35.27303629,0.0,0.0,0.0,0.0,0.0,0.0,-0.0,-0.0,0.0,1250
마라25ab91ba,0.0,128.8774677,35.21215737,0.0,0.0,0.0,0.0,0.0,0.0,-0.0,-0.0,0.0,1250
마마32aa00bb,0.0,128.9530954,35.29467199,0.0,0.0,0.0,0.0,0.0,0.0,-0.0,-0.0,0.0,1250
마라23ab99ab,0.0,128.8566631,35.28226804,0.0,0.0,0.0,0.0,0.0,0.0,-0.0,-0.0,0.0,1250
마라23ab99ba,0.0,128.8567007,35.28452166,0.0,0.0,0.0,0.0,0.0,0.0,-0.0,-0.0,0.0,1250
마라23ab99bb,0.0,128.8567383,35.28677528,0.0,0.0,0.0,0.0,0.0,0.0,-0.0,-0.0,0.0,1250
마라23ba86ba,0.0,128.8574957,35.16730148,0.0,0.0,0.0,0.0,0.0,0.0,-0.0,-0.0,0.0,1250
마라23ba86bb,0.0,128.8575331,35.16955514,0.0,0.0,0.0,0.0,0.0,0.0,-0.0,-0.0,0.0,1250
마라23ba87aa,0.0,128.8575706,35.1718088,0.0,0.0,0.0,0.0,0.0,0.0,-0.0,-0.0,0.0,1250
마라23ba87ab,0.0,128.8576081,35.17406246,0.0,0.0,0.0,0.0,0.0,0.0,-0.0,-0.0,0.0,1250
마라23ba87ba,0.0,128.8576456,35.17631612,0.0,0.0,0.0,0.0,0.0,0.0,-0.0,-0.0,0.0,1250
마라23ba87bb,0.0,128.857683,35.17856978,0.0,0.0,0.0,0.0,0.0,0.0,-0.0,-0.0,0.0,1250
마라23ba88aa,0.0,128.8577205,35.18082344,0.0,0.0,0.0,0.0,0.0,0.0,-0.0,-0.0,0.0,1250
마라23ba88ab,0.0,128.857758,35.1830771,0.0,0.0,0.0,0.0,0.0,0.0,-0.0,-0.0,0.0,1250
마라23ba88ba,0.0,128.8577955,35.18533076,0.0,0.0,0.0,0.0,0.0,0.0,-0.0,-0.0,0.0,1250
마라23ba89ab,0.0,128.857908,35.19209172,0.0,0.0,0.0,0.0,0.0,0.0,-0.0,-0.0,0.0,1250
마라25aa99bb,0.0,128.875978,35.28655792,0.0,0.0,0.0,0.0,0.0,0.0,-0.0,-0.0,0.0,1250
마라25ba87aa,0.0,128.8795277,35.17156069,0.0,0.0,0.0,0.0,0.0,0.0,-0.0,-0.0,0.0,1250
마라25ba87ab,0.0,128.8795658,35.17381433,0.0,0.0,0.0,0.0,0.0,0.0,-0.0,-0.0,0.0,1250
마라25ba87ba,0.0,128.8796039,35.17606797,0.0,0.0,0.0,0.0,0.0,0.0,-0.0,-0.0,0.0,1250
마라25ba87bb,0.0,128.879642,35.17832161,0.0,0.0,0.0,0.0,0.0,0.0,-0.0,-0.0,0.0,1250
마라25ab95bb,0.0,128.8781156,35.25046892,0.0,0.0,0.0,0.0,0.0,0.0,-0.0,-0.0,0.0,1250
마라25ab96aa,0.0,128.8781537,35.25272253,0.0,0.0,0.0,0.0,0.0,0.0,-0.0,-0.0,0.0,1250
마라25ab96ab,0.0,128.8781919,35.25497614,0.0,0.0,0.0,0.0,0.0,0.0,-0.0,-0.0,0.0,1250
마라25ab96ba,0.0,128.87823,35.25722975,0.0,0.0,0.0,0.0,0.0,0.0,-0.0,-0.0,0.0,1250
마마32aa01aa,0.0,128.9531357,35.29692551,0.0,0.0,0.0,0.0,0.0,0.0,-0.0,-0.0,0.0,1250
마라25ab97ab,0.0,128.8783445,35.26399058,0.0,0.0,0.0,0.0,0.0,0.0,-0.0,-0.0,0.0,1250
마라25ab97ba,0.0,128.8783827,35.26624419,0.0,0.0,0.0,0.0,0.0,0.0,-0.0,-0.0,0.0,1250
마라25ab97bb,0.0,128.8784209,35.2684978,0.0,0.0,0.0,0.0,0.0,0.0,-0.0,-0.0,0.0,1250
마라25ab89aa,0.0,128.8770872,35.18962105,0.0,0.0,0.0,0.0,0.0,0.0,-0.0,-0.0,0.0,1250
마라25ab89ab,0.0,128.8771252,35.19187468,0.0,0.0,0.0,0.0,0.0,0.0,-0.0,-0.0,0.0,1250
마라25ab89ba,0.0,128.8771633,35.19412832,0.0,0.0,0.0,0.0,0.0,0.0,-0.0,-0.0,0.0,1250
마라25ab91aa,0.0,128.8773916,35.20765011,0.0,0.0,0.0,0.0,0.0,0.0,-0.0,-0.0,0.0,1250
마마32aa01ab,0.0,128.953176,35.29917904,0.0,0.0,0.0,0.0,0.0,0.0,-0.0,-0.0,0.0,1250
마라23ab98ab,0.0,128.8565128,35.27325354,0.0,0.0,0.0,0.0,0.0,0.0,-0.0,-0.0,0.0,1250
마라23ab98ba,0.0,128.8565504,35.27550717,0.0,0.0,0.0,0.0,0.0,0.0,-0.0,-0.0,0.0,1250
마라23ab98bb,0.0,128.856588,35.27776079,0.0,0.0,0.0,0.0,0.0,0.0,-0.0,-0.0,0.0,1250
마라25ab98aa,0.0,128.8784591,35.2707514,0.0,0.0,0.0,0.0,0.0,0.0,-0.0,-0.0,0.0,1250
마라25ab98ab,0.0,128.8784972,35.27300501,0.0,0.0,0.0,0.0,0.0,0.0,-0.0,-0.0,0.0,1250
마라25ab98ba,0.0,128.8785354,35.27525861,0.0,0.0,0.0,0.0,0.0,0.0,-0.0,-0.0,0.0,1250
마라25ab98bb,0.0,128.8785736,35.27751221,0.0,0.0,0.0,0.0,0.0,0.0,-0.0,-0.0,0.0,1250
마라25ab99aa,0.0,128.8786118,35.27976581,0.0,0.0,0.0,0.0,0.0,0.0,-0.0,-0.0,0.0,1250
마라25ab99ab,0.0,128.87865,35.28201942,0.0,0.0,0.0,0.0,0.0,0.0,-0.0,-0.0,0.0,1250
마라25ab99ba,0.0,128.8786882,35.28427302,0.0,0.0,0.0,0.0,0.0,0.0,-0.0,-0.0,0.0,1250
마라25ab99bb,0.0,128.8787265,35.28652662,0.0,0.0,0.0,0.0,0.0,0.0,-0.0,-0.0,0.0,1250
마라25ba85bb,0.0,128.8793374,35.16029248,0.0,0.0,0.0,0.0,0.0,0.0,-0.0,-0.0,0.0,1250
마라25ba86aa,0.0,128.8793755,35.16254612,0.0,0.0,0.0,0.0,0.0,0.0,-0.0,-0.0,0.0,1250
마라25ba86ab,0.0,128.8794135,35.16479977,0.0,0.0,0.0,0.0,0.0,0.0,-0.0,-0.0,0.0,1250
마라25ba86bb,0.0,128.8794896,35.16930705,0.0,0.0,0.0,0.0,0.0,0.0,-0.0,-0.0,0.0,1250
마마32aa01ba,0.0,128.9532163,35.30143256,0.0,0.0,0.0,0.0,0.0,0.0,-0.0,-0.0,0.0,1250
마라23ab92aa,0.0,128.8555746,35.21691265,0.0,0.0,0.0,0.0,0.0,0.0,-0.0,-0.0,0.0,1250
마라23ab92ab,0.0,128.8556121,35.21916629,0.0,0.0,0.0,0.0,0.0,0.0,-0.0,-0.0,0.0,1250
마라23ab93aa,0.0,128.8557246,35.22592723,0.0,0.0,0.0,0.0,0.0,0.0,-0.0,-0.0,0.0,1250
마라23ab93ab,0.0,128.8557621,35.22818087,0.0,0.0,0.0,0.0,0.0,0.0,-0.0,-0.0,0.0,1250
마마32aa02ba,0.0,128.9533775,35.31044663,0.0,0.0,0.0,0.0,0.0,0.0,-0.0,-0.0,0.0,1250
마라23ab95aa,0.0,128.8560246,35.24395635,0.0,0.0,0.0,0.0,0.0,0.0,-0.0,-0.0,0.0,1250
마라23ab95ab,0.0,128.8560622,35.24620998,0.0,0.0,0.0,0.0,0.0,0.0,-0.0,-0.0,0.0,1250
마라23ab95ba,0.0,128.8560997,35.24846362,0.0,0.0,0.0,0.0,0.0,0.0,-0.0,-0.0,0.0,1250
마라23ab95bb,0.0,128.8561372,35.25071725,0.0,0.0,0.0,0.0,0.0,0.0,-0.0,-0.0,0.0,1250
마라23ab96aa,0.0,128.8561748,35.25297088,0.0,0.0,0.0,0.0,0.0,0.0,-0.0,-0.0,0.0,1250
마라23ab96ab,0.0,128.8562123,35.25522452,0.0,0.0,0.0,0.0,0.0,0.0,-0.0,-0.0,0.0,1250
마라23ab96ba,0.0,128.8562498,35.25747815,0.0,0.0,0.0,0.0,0.0,0.0,-0.0,-0.0,0.0,1250
마라23ab96bb,0.0,128.8562874,35.25973178,0.0,0.0,0.0,0.0,0.0,0.0,-0.0,-0.0,0.0,1250
마라23ab97aa,0.0,128.856325,35.26198541,0.0,0.0,0.0,0.0,0.0,0.0,-0.0,-0.0,0.0,1250
마라23ab97ab,0.0,128.8563625,35.26423904,0.0,0.0,0.0,0.0,0.0,0.0,-0.0,-0.0,0.0,1250
마라25ba96ab,0.0,128.8809393,35.25494482,0.0,0.0,0.0,0.0,0.0,0.0,-0.0,-0.0,0.0,1250
마라25ba96ba,0.0,128.8809775,35.25719842,0.0,0.0,0.0,0.0,0.0,0.0,-0.0,-0.0,0.0,1250
마마32aa03ab,0.0,128.9534985,35.31720718,0.0,0.0,0.0,0.0,0.0,0.0,-0.0,-0.0,0.0,1250
마라25ba97aa,0.0,128.881054,35.26170564,0.0,0.0,0.0,0.0,0.0,0.0,-0.0,-0.0,0.0,1250
마라25ba97ab,0.0,128.8810923,35.26395924,0.0,0.0,0.0,0.0,0.0,0.0,-0.0,-0.0,0.0,1250
마라25ba97ba,0.0,128.8811305,35.26621285,0.0,0.0,0.0,0.0,0.0,0.0,-0.0,-0.0,0.0,1250
마라25ba97bb,0.0,128.8811688,35.26846645,0.0,0.0,0.0,0.0,0.0,0.0,-0.0,-0.0,0.0,1250
마라25ba98aa,0.0,128.881207,35.27072006,0.0,0.0,0.0,0.0,0.0,0.0,-0.0,-0.0,0.0,1250
마라25ba98ab,0.0,128.8812453,35.27297366,0.0,0.0,0.0,0.0,0.0,0.0,-0.0,-0.0,0.0,1250
마라25ba91ab,0.0,128.8801756,35.20987247,0.0,0.0,0.0,0.0,0.0,0.0,-0.0,-0.0,0.0,1250
마라25ba91ba,0.0,128.8802137,35.21212609,0.0,0.0,0.0,0.0,0.0,0.0,-0.0,-0.0,0.0,1250
마라25ba92ba,0.0,128.8803663,35.22114059,0.0,0.0,0.0,0.0,0.0,0.0,-0.0,-0.0,0.0,1250
마라11aa97ab,0.0,128.721717,35.26567371,0.0,0.0,0.0,0.0,0.0,0.0,-0.0,-0.0,0.0,1250
마라23ab91aa,0.0,128.8554248,35.20789805,0.0,0.0,0.0,0.0,0.0,0.0,-0.0,-0.0,0.0,1250
마라23ab91ab,0.0,128.8554622,35.2101517,0.0,0.0,0.0,0.0,0.0,0.0,-0.0,-0.0,0.0,1250
마라23ab91ba,0.0,128.8554997,35.21240535,0.0,0.0,0.0,0.0,0.0,0.0,-0.0,-0.0,0.0,1250
마라25ba99aa,0.0,128.8813601,35.27973446,0.0,0.0,0.0,0.0,0.0,0.0,-0.0,-0.0,0.0,1250
마라25ba99ab,0.0,128.8813984,35.28198806,0.0,0.0,0.0,0.0,0.0,0.0,-0.0,-0.0,0.0,1250
마라25bb85ba,0.0,128.8820435,35.15800755,0.0,0.0,0.0,0.0,0.0,0.0,-0.0,-0.0,0.0,1250
마라25bb85bb,0.0,128.8820816,35.1602612,0.0,0.0,0.0,0.0,0.0,0.0,-0.0,-0.0,0.0,1250
마라25bb86aa,0.0,128.8821198,35.16251484,0.0,0.0,0.0,0.0,0.0,0.0,-0.0,-0.0,0.0,1250
마라25bb87aa,0.0,128.8822723,35.1715294,0.0,0.0,0.0,0.0,0.0,0.0,-0.0,-0.0,0.0,1250
마라25bb88aa,0.0,128.882425,35.18054395,0.0,0.0,0.0,0.0,0.0,0.0,-0.0,-0.0,0.0,1250
마라25bb88ab,0.0,128.8824631,35.18279758,0.0,0.0,0.0,0.0,0.0,0.0,-0.0,-0.0,0.0,1250
마라25bb91ab,0.0,128.8829215,35.20984113,0.0,0.0,0.0,0.0,0.0,0.0,-0.0,-0.0,0.0,1250
마라25bb91ba,0.0,128.8829597,35.21209475,0.0,0.0,0.0,0.0,0.0,0.0,-0.0,-0.0,0.0,1250
마라25bb91bb,0.0,128.8829979,35.21434837,0.0,0.0,0.0,0.0,0.0,0.0,-0.0,-0.0,0.0,1250
마라25bb92aa,0.0,128.8830362,35.216602,0.0,0.0,0.0,0.0,0.0,0.0,-0.0,-0.0,0.0,1250
마라11aa97ba,0.0,128.7217508,35.26792746,0.0,0.0,0.0,0.0,0.0,0.0,-0.0,-0.0,0.0,1250
마라25ba95ba,0.0,128.8808246,35.24818399,0.0,0.0,0.0,0.0,0.0,0.0,-0.0,-0.0,0.0,1250
마라25ba95bb,0.0,128.8808629,35.2504376,0.0,0.0,0.0,0.0,0.0,0.0,-0.0,-0.0,0.0,1250
마라25ba96aa,0.0,128.8809011,35.25269121,0.0,0.0,0.0,0.0,0.0,0.0,-0.0,-0.0,0.0,1250
마라11aa97bb,0.0,128.7217847,35.2701812,0.0,0.0,0.0,0.0,0.0,0.0,-0.0,-0.0,0.0,1250
마라25bb95ba,0.0,128.8835718,35.2481526,0.0,0.0,0.0,0.0,0.0,0.0,-0.0,-0.0,0.0,1250
마라25bb95bb,0.0,128.8836101,35.25040621,0.0,0.0,0.0,0.0,0.0,0.0,-0.0,-0.0,0.0,1250
마라25bb96aa,0.0,128.8836484,35.25265982,0.0,0.0,0.0,0.0,0.0,0.0,-0.0,-0.0,0.0,1250
마라23ab87aa,0.0,128.854826,35.17183954,0.0,0.0,0.0,0.0,0.0,0.0,-0.0,-0.0,0.0,1250
마라23ab87ab,0.0,128.8548634,35.1740932,0.0,0.0,0.0,0.0,0.0,0.0,-0.0,-0.0,0.0,1250
마라23ab87ba,0.0,128.8549007,35.17634686,0.0,0.0,0.0,0.0,0.0,0.0,-0.0,-0.0,0.0,1250
마라23ab87bb,0.0,128.8549382,35.17860052,0.0,0.0,0.0,0.0,0.0,0.0,-0.0,-0.0,0.0,1250
마라23ab88aa,0.0,128.8549756,35.18085419,0.0,0.0,0.0,0.0,0.0,0.0,-0.0,-0.0,0.0,1250
마라23ab88ab,0.0,128.855013,35.18310785,0.0,0.0,0.0,0.0,0.0,0.0,-0.0,-0.0,0.0,1250
마라23ab89aa,0.0,128.8551252,35.18986882,0.0,0.0,0.0,0.0,0.0,0.0,-0.0,-0.0,0.0,1250
마라23ab89bb,0.0,128.8552375,35.19662979,0.0,0.0,0.0,0.0,0.0,0.0,-0.0,-0.0,0.0,1250
마라23ab90aa,0.0,128.855275,35.19888344,0.0,0.0,0.0,0.0,0.0,0.0,-0.0,-0.0,0.0,1250
마라23ab90ab,0.0,128.8553124,35.2011371,0.0,0.0,0.0,0.0,0.0,0.0,-0.0,-0.0,0.0,1250
마라25ba98ba,0.0,128.8812836,35.27522726,0.0,0.0,0.0,0.0,0.0,0.0,-0.0,-0.0,0.0,1250
마라25ba98bb,0.0,128.8813218,35.27748086,0.0,0.0,0.0,0.0,0.0,0.0,-0.0,-0.0,0.0,1250
마라23ab86ba,0.0,128.8547512,35.16733221,0.0,0.0,0.0,0.0,0.0,0.0,-0.0,-0.0,0.0,1250
마라23ab86bb,0.0,128.8547886,35.16958587,0.0,0.0,0.0,0.0,0.0,0.0,-0.0,-0.0,0.0,1250
마라25bb96ab,0.0,128.8836867,35.25491343,0.0,0.0,0.0,0.0,0.0,0.0,-0.0,-0.0,0.0,1250
마라25bb96ba,0.0,128.883725,35.25716703,0.0,0.0,0.0,0.0,0.0,0.0,-0.0,-0.0,0.0,1250
마라25bb96bb,0.0,128.8837634,35.25942064,0.0,0.0,0.0,0.0,0.0,0.0,-0.0,-0.0,0.0,1250
마라25bb97aa,0.0,128.8838017,35.26167424,0.0,0.0,0.0,0.0,0.0,0.0,-0.0,-0.0,0.0,1250
마라25bb97ab,0.0,128.88384,35.26392784,0.0,0.0,0.0,0.0,0.0,0.0,-0.0,-0.0,0.0,1250
마라25bb97ba,0.0,128.8838783,35.26618145,0.0,0.0,0.0,0.0,0.0,0.0,-0.0,-0.0,0.0,1250
마라25bb97bb,0.0,128.8839166,35.26843505,0.0,0.0,0.0,0.0,0.0,0.0,-0.0,-0.0,0.0,1250
마라25bb98aa,0.0,128.883955,35.27068865,0.0,0.0,0.0,0.0,0.0,0.0,-0.0,-0.0,0.0,1250
마라25bb98ab,0.0,128.8839933,35.27294225,0.0,0.0,0.0,0.0,0.0,0.0,-0.0,-0.0,0.0,1250
마라25bb98ba,0.0,128.8840317,35.27519585,0.0,0.0,0.0,0.0,0.0,0.0,-0.0,-0.0,0.0,1250
마라25bb98bb,0.0,128.88407,35.27744944,0.0,0.0,0.0,0.0,0.0,0.0,-0.0,-0.0,0.0,1250
마라25bb99aa,0.0,128.8841084,35.27970304,0.0,0.0,0.0,0.0,0.0,0.0,-0.0,-0.0,0.0,1250
마라25bb92ab,0.0,128.8830744,35.21885562,0.0,0.0,0.0,0.0,0.0,0.0,-0.0,-0.0,0.0,1250
마라25bb92ba,0.0,128.8831126,35.22110924,0.0,0.0,0.0,0.0,0.0,0.0,-0.0,-0.0,0.0,1250
마라23aa96ab,0.0,128.8534648,35.25525528,0.0,0.0,0.0,0.0,0.0,0.0,-0.0,-0.0,0.0,1250
마라23aa96ba,0.0,128.8535023,35.25750892,0.0,0.0,0.0,0.0,0.0,0.0,-0.0,-0.0,0.0,1250
마라11aa98aa,0.0,128.7218185,35.27243495,0.0,0.0,0.0,0.0,0.0,0.0,-0.0,-0.0,0.0,1250
마라26aa92ba,0.0,128.8858589,35.22107782,0.0,0.0,0.0,0.0,0.0,0.0,-0.0,-0.0,0.0,1250
마라11aa98bb,0.0,128.7219201,35.27919618,0.0,0.0,0.0,0.0,0.0,0.0,-0.0,-0.0,0.0,1250
마라26aa95ab,0.0,128.8862807,35.24586755,0.0,0.0,0.0,0.0,0.0,0.0,-0.0,-0.0,0.0,1250
마라26aa95ba,0.0,128.886319,35.24812116,0.0,0.0,0.0,0.0,0.0,0.0,-0.0,-0.0,0.0,1250
마라26aa95bb,0.0,128.8863574,35.25037477,0.0,0.0,0.0,0.0,0.0,0.0,-0.0,-0.0,0.0,1250
마라23aa96bb,0.0,128.8535398,35.25976255,0.0,0.0,0.0,0.0,0.0,0.0,-0.0,-0.0,0.0,1250
마라23aa97aa,0.0,128.8535773,35.26201618,0.0,0.0,0.0,0.0,0.0,0.0,-0.0,-0.0,0.0,1250
마라23aa97ab,0.0,128.8536147,35.26426981,0.0,0.0,0.0,0.0,0.0,0.0,-0.0,-0.0,0.0,1250
마라23aa97ba,0.0,128.8536522,35.26652344,0.0,0.0,0.0,0.0,0.0,0.0,-0.0,-0.0,0.0,1250
마라23aa99ab,0.0,128.8539148,35.28229883,0.0,0.0,0.0,0.0,0.0,0.0,-0.0,-0.0,0.0,1250
마라23aa99ba,0.0,128.8539523,35.28455246,0.0,0.0,0.0,0.0,0.0,0.0,-0.0,-0.0,0.0,1250
마라23aa99bb,0.0,128.8539898,35.28680608,0.0,0.0,0.0,0.0,0.0,0.0,-0.0,-0.0,0.0,1250
마라23ab86ab,0.0,128.8547138,35.16507854,0.0,0.0,0.0,0.0,0.0,0.0,-0.0,-0.0,0.0,1250
마라26aa96ba,0.0,128.8864725,35.25713558,0.0,0.0,0.0,0.0,0.0,0.0,-0.0,-0.0,0.0,1250
마라26aa96bb,0.0,128.8865109,35.25938918,0.0,0.0,0.0,0.0,0.0,0.0,-0.0,-0.0,0.0,1250
마라26aa97aa,0.0,128.8865493,35.26164278,0.0,0.0,0.0,0.0,0.0,0.0,-0.0,-0.0,0.0,1250
마라26aa97ab,0.0,128.8865877,35.26389638,0.0,0.0,0.0,0.0,0.0,0.0,-0.0,-0.0,0.0,1250
마라26aa97ba,0.0,128.8866261,35.26614998,0.0,0.0,0.0,0.0,0.0,0.0,-0.0,-0.0,0.0,1250
마라26aa97bb,0.0,128.8866645,35.26840358,0.0,0.0,0.0,0.0,0.0,0.0,-0.0,-0.0,0.0,1250
마라26aa98aa,0.0,128.8867029,35.27065718,0.0,0.0,0.0,0.0,0.0,0.0,-0.0,-0.0,0.0,1250
마라26aa98ab,0.0,128.8867413,35.27291077,0.0,0.0,0.0,0.0,0.0,0.0,-0.0,-0.0,0.0,1250
마라11ab91ab,0.0,128.7236522,35.2115558,0.0,0.0,0.0,0.0,0.0,0.0,-0.0,-0.0,0.0,1250
마라23aa93aa,0.0,128.8529781,35.22595796,0.0,0.0,0.0,0.0,0.0,0.0,-0.0,-0.0,0.0,1250
마라23aa94bb,0.0,128.8532401,35.24173346,0.0,0.0,0.0,0.0,0.0,0.0,-0.0,-0.0,0.0,1250
마라23aa95aa,0.0,128.8532775,35.2439871,0.0,0.0,0.0,0.0,0.0,0.0,-0.0,-0.0,0.0,1250
마라23aa95ab,0.0,128.853315,35.24624074,0.0,0.0,0.0,0.0,0.0,0.0,-0.0,-0.0,0.0,1250
마라23aa95ba,0.0,128.8533524,35.24849437,0.0,0.0,0.0,0.0,0.0,0.0,-0.0,-0.0,0.0,1250
마라23aa95bb,0.0,128.8533899,35.25074801,0.0,0.0,0.0,0.0,0.0,0.0,-0.0,-0.0,0.0,1250
마라23aa96aa,0.0,128.8534274,35.25300165,0.0,0.0,0.0,0.0,0.0,0.0,-0.0,-0.0,0.0,1250
마라22bb99aa,0.0,128.8511289,35.28007594,0.0,0.0,0.0,0.0,0.0,0.0,-0.0,-0.0,0.0,1250
마라22bb99ab,0.0,128.8511664,35.28232957,0.0,0.0,0.0,0.0,0.0,0.0,-0.0,-0.0,0.0,1250
마라23aa86ab,0.0,128.8519694,35.1651092,0.0,0.0,0.0,0.0,0.0,0.0,-0.0,-0.0,0.0,1250
마라23aa86ba,0.0,128.8520067,35.16736287,0.0,0.0,0.0,0.0,0.0,0.0,-0.0,-0.0,0.0,1250
마라23aa86bb,0.0,128.852044,35.16961654,0.0,0.0,0.0,0.0,0.0,0.0,-0.0,-0.0,0.0,1250
마라23aa87bb,0.0,128.8521933,35.1786312,0.0,0.0,0.0,0.0,0.0,0.0,-0.0,-0.0,0.0,1250
마라23aa88aa,0.0,128.8522306,35.18088487,0.0,0.0,0.0,0.0,0.0,0.0,-0.0,-0.0,0.0,1250
마라23aa88bb,0.0,128.8523426,35.18764585,0.0,0.0,0.0,0.0,0.0,0.0,-0.0,-0.0,0.0,1250
마라23aa89aa,0.0,128.85238,35.18989951,0.0,0.0,0.0,0.0,0.0,0.0,-0.0,-0.0,0.0,1250
마라23aa89ba,0.0,128.8524547,35.19440683,0.0,0.0,0.0,0.0,0.0,0.0,-0.0,-0.0,0.0,1250
마라23aa89bb,0.0,128.852492,35.19666049,0.0,0.0,0.0,0.0,0.0,0.0,-0.0,-0.0,0.0,1250
마라23aa90aa,0.0,128.8525294,35.19891415,0.0,0.0,0.0,0.0,0.0,0.0,-0.0,-0.0,0.0,1250
마라23aa90ab,0.0,128.8525668,35.2011678,0.0,0.0,0.0,0.0,0.0,0.0,-0.0,-0.0,0.0,1250
마라11ab91ba,0.0,128.723686,35.21380956,0.0,0.0,0.0,0.0,0.0,0.0,-0.0,-0.0,0.0,1250
마라26aa96aa,0.0,128.8863958,35.25262837,0.0,0.0,0.0,0.0,0.0,0.0,-0.0,-0.0,0.0,1250
마라26aa96ab,0.0,128.8864342,35.25488197,0.0,0.0,0.0,0.0,0.0,0.0,-0.0,-0.0,0.0,1250
마라26ab95bb,0.0,128.8891047,35.25034326,0.0,0.0,0.0,0.0,0.0,0.0,-0.0,-0.0,0.0,1250
마라11ab91bb,0.0,128.7237198,35.21606333,0.0,0.0,0.0,0.0,0.0,0.0,-0.0,-0.0,0.0,1250
마라26ab96ab,0.0,128.8891816,35.25485046,0.0,0.0,0.0,0.0,0.0,0.0,-0.0,-0.0,0.0,1250
마라26ab96ba,0.0,128.88922,35.25710406,0.0,0.0,0.0,0.0,0.0,0.0,-0.0,-0.0,0.0,1250
마라26ab96bb,0.0,128.8892585,35.25935766,0.0,0.0,0.0,0.0,0.0,0.0,-0.0,-0.0,0.0,1250
마라26ab97aa,0.0,128.889297,35.26161126,0.0,0.0,0.0,0.0,0.0,0.0,-0.0,-0.0,0.0,1250
마라26ab97ab,0.0,128.8893354,35.26386486,0.0,0.0,0.0,0.0,0.0,0.0,-0.0,-0.0,0.0,1250
마라26ab97ba,0.0,128.8893739,35.26611845,0.0,0.0,0.0,0.0,0.0,0.0,-0.0,-0.0,0.0,1250
마라26ab97bb,0.0,128.8894124,35.26837205,0.0,0.0,0.0,0.0,0.0,0.0,-0.0,-0.0,0.0,1250
마라26ab98aa,0.0,128.8894509,35.27062565,0.0,0.0,0.0,0.0,0.0,0.0,-0.0,-0.0,0.0,1250
마라26ab98ab,0.0,128.8894894,35.27287924,0.0,0.0,0.0,0.0,0.0,0.0,-0.0,-0.0,0.0,1250
마라26ab92ba,0.0,128.8886052,35.22104635,0.0,0.0,0.0,0.0,0.0,0.0,-0.0,-0.0,0.0,1250
마라26ab92bb,0.0,128.8886436,35.22329996,0.0,0.0,0.0,0.0,0.0,0.0,-0.0,-0.0,0.0,1250
마라11ab92aa,0.0,128.7237536,35.21831709,0.0,0.0,0.0,0.0,0.0,0.0,-0.0,-0.0,0.0,1250
마라26ab95aa,0.0,128.8889893,35.24358245,0.0,0.0,0.0,0.0,0.0,0.0,-0.0,-0.0,0.0,1250
마마32aa04ba,0.0,128.9537002,35.32847474,0.0,0.0,0.0,0.0,0.0,0.0,-0.0,-0.0,0.0,1250
마라26ba98ab,0.0,128.8922374,35.27284764,0.0,0.0,0.0,0.0,0.0,0.0,-0.0,-0.0,0.0,1250
마라26ba98ba,0.0,128.892276,35.27510123,0.0,0.0,0.0,0.0,0.0,0.0,-0.0,-0.0,0.0,1250
마라26ba98bb,0.0,128.8923145,35.27735482,0.0,0.0,0.0,0.0,0.0,0.0,-0.0,-0.0,0.0,1250
마라26ba99aa,0.0,128.8923531,35.27960841,0.0,0.0,0.0,0.0,0.0,0.0,-0.0,-0.0,0.0,1250
마라26ba99ab,0.0,128.8923917,35.281862,0.0,0.0,0.0,0.0,0.0,0.0,-0.0,-0.0,0.0,1250
마라26ab99bb,0.0,128.8897204,35.28640079,0.0,0.0,0.0,0.0,0.0,0.0,-0.0,-0.0,0.0,1250
마라26ba92aa,0.0,128.8912745,35.21650759,0.0,0.0,0.0,0.0,0.0,0.0,-0.0,-0.0,0.0,1250
마라26ba92ab,0.0,128.891313,35.2187612,0.0,0.0,0.0,0.0,0.0,0.0,-0.0,-0.0,0.0,1250
마라26ba92ba,0.0,128.8913515,35.22101481,0.0,0.0,0.0,0.0,0.0,0.0,-0.0,-0.0,0.0,1250
마라26ba92bb,0.0,128.8913899,35.22326842,0.0,0.0,0.0,0.0,0.0,0.0,-0.0,-0.0,0.0,1250
마마32aa04bb,0.0,128.9537405,35.33072825,0.0,0.0,0.0,0.0,0.0,0.0,-0.0,-0.0,0.0,1250
마마32aa05aa,0.0,128.9537809,35.33298176,0.0,0.0,0.0,0.0,0.0,0.0,-0.0,-0.0,0.0,1250
마라26ba94ba,0.0,128.8916594,35.23904367,0.0,0.0,0.0,0.0,0.0,0.0,-0.0,-0.0,0.0,1250
마라26ba94bb,0.0,128.8916979,35.24129728,0.0,0.0,0.0,0.0,0.0,0.0,-0.0,-0.0,0.0,1250
마라26ba95aa,0.0,128.8917364,35.24355088,0.0,0.0,0.0,0.0,0.0,0.0,-0.0,-0.0,0.0,1250
마라26ba95ab,0.0,128.8917749,35.24580448,0.0,0.0,0.0,0.0,0.0,0.0,-0.0,-0.0,0.0,1250
마라22bb96ba,0.0,128.8507548,35.25753962,0.0,0.0,0.0,0.0,0.0,0.0,-0.0,-0.0,0.0,1250
마라22bb96bb,0.0,128.8507922,35.25979326,0.0,0.0,0.0,0.0,0.0,0.0,-0.0,-0.0,0.0,1250
마라22bb97aa,0.0,128.8508296,35.26204689,0.0,0.0,0.0,0.0,0.0,0.0,-0.0,-0.0,0.0,1250
마라22bb97ab,0.0,128.850867,35.26430053,0.0,0.0,0.0,0.0,0.0,0.0,-0.0,-0.0,0.0,1250
마라22bb97ba,0.0,128.8509044,35.26655416,0.0,0.0,0.0,0.0,0.0,0.0,-0.0,-0.0,0.0,1250
마라22bb97bb,0.0,128.8509418,35.26880779,0.0,0.0,0.0,0.0,0.0,0.0,-0.0,-0.0,0.0,1250
마라26ba95ba,0.0,128.8918134,35.24805809,0.0,0.0,0.0,0.0,0.0,0.0,-0.0,-0.0,0.0,1250
마라26ba95bb,0.0,128.8918519,35.25031169,0.0,0.0,0.0,0.0,0.0,0.0,-0.0,-0.0,0.0,1250
마라26ba96ab,0.0,128.891929,35.25481888,0.0,0.0,0.0,0.0,0.0,0.0,-0.0,-0.0,0.0,1250
마라26ba96ba,0.0,128.8919675,35.25707248,0.0,0.0,0.0,0.0,0.0,0.0,-0.0,-0.0,0.0,1250
마라26ba96bb,0.0,128.8920061,35.25932608,0.0,0.0,0.0,0.0,0.0,0.0,-0.0,-0.0,0.0,1250
마라26ba97aa,0.0,128.8920446,35.26157967,0.0,0.0,0.0,0.0,0.0,0.0,-0.0,-0.0,0.0,1250
마라26ba97ab,0.0,128.8920832,35.26383327,0.0,0.0,0.0,0.0,0.0,0.0,-0.0,-0.0,0.0,1250
마라26ba97ba,0.0,128.8921217,35.26608686,0.0,0.0,0.0,0.0,0.0,0.0,-0.0,-0.0,0.0,1250
마라26ba97bb,0.0,128.8921603,35.26834046,0.0,0.0,0.0,0.0,0.0,0.0,-0.0,-0.0,0.0,1250
마라26ba98aa,0.0,128.8921988,35.27059405,0.0,0.0,0.0,0.0,0.0,0.0,-0.0,-0.0,0.0,1250
마라26bb94ba,0.0,128.8944062,35.23901205,0.0,0.0,0.0,0.0,0.0,0.0,-0.0,-0.0,0.0,1250
마라26bb94bb,0.0,128.8944448,35.24126566,0.0,0.0,0.0,0.0,0.0,0.0,-0.0,-0.0,0.0,1250
마라26bb95aa,0.0,128.8944834,35.24351926,0.0,0.0,0.0,0.0,0.0,0.0,-0.0,-0.0,0.0,1250
마마32aa05ab,0.0,128.9538213,35.33523527,0.0,0.0,0.0,0.0,0.0,0.0,-0.0,-0.0,0.0,1250
마마32aa05ba,0.0,128.9538616,35.33748878,0.0,0.0,0.0,0.0,0.0,0.0,-0.0,-0.0,0.0,1250
마라22bb92ab,0.0,128.8501196,35.21922768,0.0,0.0,0.0,0.0,0.0,0.0,-0.0,-0.0,0.0,1250
마마32ab00aa,0.0,128.955723,35.28787836,0.0,0.0,0.0,0.0,0.0,0.0,-0.0,-0.0,0.0,1250
마라22bb94ab,0.0,128.8504183,35.23725686,0.0,0.0,0.0,0.0,0.0,0.0,-0.0,-0.0,0.0,1250
마라22bb94ba,0.0,128.8504557,35.23951051,0.0,0.0,0.0,0.0,0.0,0.0,-0.0,-0.0,0.0,1250
마라22bb94bb,0.0,128.8504931,35.24176415,0.0,0.0,0.0,0.0,0.0,0.0,-0.0,-0.0,0.0,1250
마라22bb95aa,0.0,128.8505304,35.24401779,0.0,0.0,0.0,0.0,0.0,0.0,-0.0,-0.0,0.0,1250
마라22bb95ab,0.0,128.8505678,35.24627143,0.0,0.0,0.0,0.0,0.0,0.0,-0.0,-0.0,0.0,1250
마라22bb95ba,0.0,128.8506052,35.24852507,0.0,0.0,0.0,0.0,0.0,0.0,-0.0,-0.0,0.0,1250
마라22bb95bb,0.0,128.8506426,35.25077871,0.0,0.0,0.0,0.0,0.0,0.0,-0.0,-0.0,0.0,1250
마라22bb96aa,0.0,128.85068,35.25303235,0.0,0.0,0.0,0.0,0.0,0.0,-0.0,-0.0,0.0,1250
마라22bb96ab,0.0,128.8507174,35.25528599,0.0,0.0,0.0,0.0,0.0,0.0,-0.0,-0.0,0.0,1250
마라26bb95ab,0.0,128.894522,35.24577286,0.0,0.0,0.0,0.0,0.0,0.0,-0.0,-0.0,0.0,1250
마라26bb95ba,0.0,128.8945606,35.24802645,0.0,0.0,0.0,0.0,0.0,0.0,-0.0,-0.0,0.0,1250
마라26bb95bb,0.0,128.8945992,35.25028005,0.0,0.0,0.0,0.0,0.0,0.0,-0.0,-0.0,0.0,1250
마마32ab00ab,0.0,128.9557633,35.29013189,0.0,0.0,0.0,0.0,0.0,0.0,-0.0,-0.0,0.0,1250
마라26bb96bb,0.0,128.8947536,35.25929443,0.0,0.0,0.0,0.0,0.0,0.0,-0.0,-0.0,0.0,1250
마라26bb97aa,0.0,128.8947922,35.26154803,0.0,0.0,0.0,0.0,0.0,0.0,-0.0,-0.0,0.0,1250
마라26bb98aa,0.0,128.8949468,35.27056239,0.0,0.0,0.0,0.0,0.0,0.0,-0.0,-0.0,0.0,1250
마라26bb98ab,0.0,128.8949854,35.27281598,0.0,0.0,0.0,0.0,0.0,0.0,-0.0,-0.0,0.0,1250
마라26bb98ba,0.0,128.8950241,35.27506957,0.0,0.0,0.0,0.0,0.0,0.0,-0.0,-0.0,0.0,1250
마라26bb98bb,0.0,128.8950627,35.27732316,0.0,0.0,0.0,0.0,0.0,0.0,-0.0,-0.0,0.0,1250
마라26bb99aa,0.0,128.8951014,35.27957674,0.0,0.0,0.0,0.0,0.0,0.0,-0.0,-0.0,0.0,1250
마라26bb91bb,0.0,128.8939821,35.21422238,0.0,0.0,0.0,0.0,0.0,0.0,-0.0,-0.0,0.0,1250
마라26bb92aa,0.0,128.8940206,35.21647599,0.0,0.0,0.0,0.0,0.0,0.0,-0.0,-0.0,0.0,1250
마라26bb92ab,0.0,128.8940592,35.2187296,0.0,0.0,0.0,0.0,0.0,0.0,-0.0,-0.0,0.0,1250
마라26bb92ba,0.0,128.8940977,35.22098321,0.0,0.0,0.0,0.0,0.0,0.0,-0.0,-0.0,0.0,1250
마라26bb92bb,0.0,128.8941363,35.22323682,0.0,0.0,0.0,0.0,0.0,0.0,-0.0,-0.0,0.0,1250
마라27aa92ab,0.0,128.8968054,35.21869794,0.0,0.0,0.0,0.0,0.0,0.0,-0.0,-0.0,0.0,1250
마라27aa92ba,0.0,128.896844,35.22095155,0.0,0.0,0.0,0.0,0.0,0.0,-0.0,-0.0,0.0,1250
마마32ab00ba,0.0,128.9558037,35.29238541,0.0,0.0,0.0,0.0,0.0,0.0,-0.0,-0.0,0.0,1250
마라27aa93aa,0.0,128.8969212,35.22545876,0.0,0.0,0.0,0.0,0.0,0.0,-0.0,-0.0,0.0,1250
마마32ab00bb,0.0,128.9558441,35.29463893,0.0,0.0,0.0,0.0,0.0,0.0,-0.0,-0.0,0.0,1250
마라27aa94bb,0.0,128.8971918,35.24123397,0.0,0.0,0.0,0.0,0.0,0.0,-0.0,-0.0,0.0,1250
마라22bb86ba,0.0,128.8492622,35.16739348,0.0,0.0,0.0,0.0,0.0,0.0,-0.0,-0.0,0.0,1250
마라22bb86bb,0.0,128.8492994,35.16964715,0.0,0.0,0.0,0.0,0.0,0.0,-0.0,-0.0,0.0,1250
마라22bb87aa,0.0,128.8493366,35.17190082,0.0,0.0,0.0,0.0,0.0,0.0,-0.0,-0.0,0.0,1250
마라22bb87ab,0.0,128.8493739,35.17415449,0.0,0.0,0.0,0.0,0.0,0.0,-0.0,-0.0,0.0,1250
마라22bb87bb,0.0,128.8494484,35.17866182,0.0,0.0,0.0,0.0,0.0,0.0,-0.0,-0.0,0.0,1250
마라22bb88ab,0.0,128.8495229,35.18316915,0.0,0.0,0.0,0.0,0.0,0.0,-0.0,-0.0,0.0,1250
마라22bb88bb,0.0,128.8495974,35.18767648,0.0,0.0,0.0,0.0,0.0,0.0,-0.0,-0.0,0.0,1250
마라22bb89ab,0.0,128.849672,35.19218381,0.0,0.0,0.0,0.0,0.0,0.0,-0.0,-0.0,0.0,1250
마라22bb89ba,0.0,128.8497092,35.19443747,0.0,0.0,0.0,0.0,0.0,0.0,-0.0,-0.0,0.0,1250
마마32ab01aa,0.0,128.9558844,35.29689245,0.0,0.0,0.0,0.0,0.0,0.0,-0.0,-0.0,0.0,1250
마라22ba99ba,0.0,128.8484554,35.28461387,0.0,0.0,0.0,0.0,0.0,0.0,-0.0,-0.0,0.0,1250
마라22bb86ab,0.0,128.8492249,35.16513981,0.0,0.0,0.0,0.0,0.0,0.0,-0.0,-0.0,0.0,1250
마라27aa95ab,0.0,128.8972691,35.24574116,0.0,0.0,0.0,0.0,0.0,0.0,-0.0,-0.0,0.0,1250
마라27aa95ba,0.0,128.8973078,35.24799476,0.0,0.0,0.0,0.0,0.0,0.0,-0.0,-0.0,0.0,1250
마라27aa95bb,0.0,128.8973464,35.25024836,0.0,0.0,0.0,0.0,0.0,0.0,-0.0,-0.0,0.0,1250
마라27aa96aa,0.0,128.8973851,35.25250195,0.0,0.0,0.0,0.0,0.0,0.0,-0.0,-0.0,0.0,1250
마라27aa96ab,0.0,128.8974238,35.25475554,0.0,0.0,0.0,0.0,0.0,0.0,-0.0,-0.0,0.0,1250
마라27aa96ba,0.0,128.8974625,35.25700914,0.0,0.0,0.0,0.0,0.0,0.0,-0.0,-0.0,0.0,1250
마라27aa96bb,0.0,128.8975012,35.25926273,0.0,0.0,0.0,0.0,0.0,0.0,-0.0,-0.0,0.0,1250
마라27aa97bb,0.0,128.897656,35.26827709,0.0,0.0,0.0,0.0,0.0,0.0,-0.0,-0.0,0.0,1250
마라27aa98aa,0.0,128.8976947,35.27053067,0.0,0.0,0.0,0.0,0.0,0.0,-0.0,-0.0,0.0,1250
마라27aa98ab,0.0,128.8977334,35.27278426,0.0,0.0,0.0,0.0,0.0,0.0,-0.0,-0.0,0.0,1250
마라27aa98ba,0.0,128.8977721,35.27503785,0.0,0.0,0.0,0.0,0.0,0.0,-0.0,-0.0,0.0,1250
마라27aa98bb,0.0,128.8978109,35.27729143,0.0,0.0,0.0,0.0,0.0,0.0,-0.0,-0.0,0.0,1250
마라26bb99ab,0.0,128.89514,35.28183033,0.0,0.0,0.0,0.0,0.0,0.0,-0.0,-0.0,0.0,1250
마라27aa91bb,0.0,128.8967282,35.21419073,0.0,0.0,0.0,0.0,0.0,0.0,-0.0,-0.0,0.0,1250
마라22ba94ba,0.0,128.8477088,35.23954113,0.0,0.0,0.0,0.0,0.0,0.0,-0.0,-0.0,0.0,1250
마라22ba94bb,0.0,128.8477461,35.24179477,0.0,0.0,0.0,0.0,0.0,0.0,-0.0,-0.0,0.0,1250
마라22ba95ba,0.0,128.847858,35.2485557,0.0,0.0,0.0,0.0,0.0,0.0,-0.0,-0.0,0.0,1250
마라22ba95bb,0.0,128.8478953,35.25080935,0.0,0.0,0.0,0.0,0.0,0.0,-0.0,-0.0,0.0,1250
마라22ba96aa,0.0,128.8479326,35.25306299,0.0,0.0,0.0,0.0,0.0,0.0,-0.0,-0.0,0.0,1250
마라22ba96ab,0.0,128.8479699,35.25531663,0.0,0.0,0.0,0.0,0.0,0.0,-0.0,-0.0,0.0,1250
마라22ba96bb,0.0,128.8480445,35.2598239,0.0,0.0,0.0,0.0,0.0,0.0,-0.0,-0.0,0.0,1250
마라22ba97aa,0.0,128.8480819,35.26207754,0.0,0.0,0.0,0.0,0.0,0.0,-0.0,-0.0,0.0,1250
마라22ba97ab,0.0,128.8481192,35.26433118,0.0,0.0,0.0,0.0,0.0,0.0,-0.0,-0.0,0.0,1250
마라22ba97ba,0.0,128.8481565,35.26658481,0.0,0.0,0.0,0.0,0.0,0.0,-0.0,-0.0,0.0,1250
마라22ba97bb,0.0,128.8481939,35.26883845,0.0,0.0,0.0,0.0,0.0,0.0,-0.0,-0.0,0.0,1250
마라22ba98aa,0.0,128.8482312,35.27109208,0.0,0.0,0.0,0.0,0.0,0.0,-0.0,-0.0,0.0,1250
마라22ba98ab,0.0,128.8482686,35.27334572,0.0,0.0,0.0,0.0,0.0,0.0,-0.0,-0.0,0.0,1250
마라22ba98bb,0.0,128.8483433,35.27785298,0.0,0.0,0.0,0.0,0.0,0.0,-0.0,-0.0,0.0,1250
마라22ba99aa,0.0,128.8483806,35.28010661,0.0,0.0,0.0,0.0,0.0,0.0,-0.0,-0.0,0.0,1250
마라22ba99ab,0.0,128.848418,35.28236024,0.0,0.0,0.0,0.0,0.0,0.0,-0.0,-0.0,0.0,1250
마라27ab98aa,0.0,128.9004426,35.27049889,0.0,0.0,0.0,0.0,0.0,0.0,-0.0,-0.0,0.0,1250
마라27ab98ab,0.0,128.9004814,35.27275248,0.0,0.0,0.0,0.0,0.0,0.0,-0.0,-0.0,0.0,1250
마라27ab98ba,0.0,128.9005202,35.27500606,0.0,0.0,0.0,0.0,0.0,0.0,-0.0,-0.0,0.0,1250
마라22ba88bb,0.0,128.8468522,35.18770705,0.0,0.0,0.0,0.0,0.0,0.0,-0.0,-0.0,0.0,1250
마라22ba89aa,0.0,128.8468894,35.18996071,0.0,0.0,0.0,0.0,0.0,0.0,-0.0,-0.0,0.0,1250
마라22ba89ab,0.0,128.8469266,35.19221438,0.0,0.0,0.0,0.0,0.0,0.0,-0.0,-0.0,0.0,1250
마라22ba89ba,0.0,128.8469638,35.19446804,0.0,0.0,0.0,0.0,0.0,0.0,-0.0,-0.0,0.0,1250
마마32ab01ab,0.0,128.9559248,35.29914597,0.0,0.0,0.0,0.0,0.0,0.0,-0.0,-0.0,0.0,1250
마라22ba90ba,0.0,128.8471127,35.20348269,0.0,0.0,0.0,0.0,0.0,0.0,-0.0,-0.0,0.0,1250
마라22ba90bb,0.0,128.8471499,35.20573635,0.0,0.0,0.0,0.0,0.0,0.0,-0.0,-0.0,0.0,1250
마라27aa99aa,0.0,128.8978496,35.27954501,0.0,0.0,0.0,0.0,0.0,0.0,-0.0,-0.0,0.0,1250
마라27aa99bb,0.0,128.8979658,35.28630576,0.0,0.0,0.0,0.0,0.0,0.0,-0.0,-0.0,0.0,1250
마라27ab91bb,0.0,128.8994742,35.21415901,0.0,0.0,0.0,0.0,0.0,0.0,-0.0,-0.0,0.0,1250
마라27ab92aa,0.0,128.8995129,35.21641262,0.0,0.0,0.0,0.0,0.0,0.0,-0.0,-0.0,0.0,1250
마라27ab92ba,0.0,128.8995903,35.22091983,0.0,0.0,0.0,0.0,0.0,0.0,-0.0,-0.0,0.0,1250
마마32ab01ba,0.0,128.9559652,35.30139949,0.0,0.0,0.0,0.0,0.0,0.0,-0.0,-0.0,0.0,1250
마라22ba86bb,0.0,128.8465548,35.16967769,0.0,0.0,0.0,0.0,0.0,0.0,-0.0,-0.0,0.0,1250
마라22ba87aa,0.0,128.846592,35.17193136,0.0,0.0,0.0,0.0,0.0,0.0,-0.0,-0.0,0.0,1250
마라22ba87bb,0.0,128.8467035,35.17869238,0.0,0.0,0.0,0.0,0.0,0.0,-0.0,-0.0,0.0,1250
마라22ba88aa,0.0,128.8467407,35.18094605,0.0,0.0,0.0,0.0,0.0,0.0,-0.0,-0.0,0.0,1250
마라27ab98bb,0.0,128.900559,35.27725964,0.0,0.0,0.0,0.0,0.0,0.0,-0.0,-0.0,0.0,1250
마라27ab99aa,0.0,128.9005978,35.27951322,0.0,0.0,0.0,0.0,0.0,0.0,-0.0,-0.0,0.0,1250
마라27ab99bb,0.0,128.9007143,35.28627396,0.0,0.0,0.0,0.0,0.0,0.0,-0.0,-0.0,0.0,1250
마라27ba91bb,0.0,128.9022202,35.21412723,0.0,0.0,0.0,0.0,0.0,0.0,-0.0,-0.0,0.0,1250
마라27ba92aa,0.0,128.902259,35.21638084,0.0,0.0,0.0,0.0,0.0,0.0,-0.0,-0.0,0.0,1250
마라27ba92ba,0.0,128.9023365,35.22088804,0.0,0.0,0.0,0.0,0.0,0.0,-0.0,-0.0,0.0,1250
마라27ba92bb,0.0,128.9023753,35.22314164,0.0,0.0,0.0,0.0,0.0,0.0,-0.0,-0.0,0.0,1250
마마31bb05ba,0.0,128.9511115,35.33752183,0.0,0.0,0.0,0.0,0.0,0.0,-0.0,-0.0,0.0,1250
마라27ab96ab,0.0,128.9001712,35.25472378,0.0,0.0,0.0,0.0,0.0,0.0,-0.0,-0.0,0.0,1250
마라27ab96ba,0.0,128.90021,35.25697737,0.0,0.0,0.0,0.0,0.0,0.0,-0.0,-0.0,0.0,1250
마라27ab96bb,0.0,128.9002487,35.25923096,0.0,0.0,0.0,0.0,0.0,0.0,-0.0,-0.0,0.0,1250
마라27ab97bb,0.0,128.9004038,35.26824531,0.0,0.0,0.0,0.0,0.0,0.0,-0.0,-0.0,0.0,1250
마마32aa00aa,0.0,128.9529745,35.28791142,0.0,0.0,0.0,0.0,0.0,0.0,-0.0,-0.0,0.0,1250
마마32aa00ab,0.0,128.9530148,35.29016494,0.0,0.0,0.0,0.0,0.0,0.0,-0.0,-0.0,0.0,1250
마라22ab94bb,0.0,128.844999,35.24182534,0.0,0.0,0.0,0.0,0.0,0.0,-0.0,-0.0,0.0,1250
마라22ab96aa,0.0,128.8451852,35.25309356,0.0,0.0,0.0,0.0,0.0,0.0,-0.0,-0.0,0.0,1250
마라22ab96bb,0.0,128.8452969,35.25985449,0.0,0.0,0.0,0.0,0.0,0.0,-0.0,-0.0,0.0,1250
마라22ab97aa,0.0,128.8453342,35.26210813,0.0,0.0,0.0,0.0,0.0,0.0,-0.0,-0.0,0.0,1250
마라22ab97ba,0.0,128.8454087,35.26661541,0.0,0.0,0.0,0.0,0.0,0.0,-0.0,-0.0,0.0,1250
마라22ab98aa,0.0,128.8454832,35.27112268,0.0,0.0,0.0,0.0,0.0,0.0,-0.0,-0.0,0.0,1250
마라22ab98bb,0.0,128.845595,35.27788358,0.0,0.0,0.0,0.0,0.0,0.0,-0.0,-0.0,0.0,1250
마라22ab99aa,0.0,128.8456323,35.28013722,0.0,0.0,0.0,0.0,0.0,0.0,-0.0,-0.0,0.0,1250
마라22ab99ab,0.0,128.8456696,35.28239085,0.0,0.0,0.0,0.0,0.0,0.0,-0.0,-0.0,0.0,1250
마라22ab99ba,0.0,128.8457069,35.28464448,0.0,0.0,0.0,0.0,0.0,0.0,-0.0,-0.0,0.0,1250
마라22ab99bb,0.0,128.8457442,35.28689811,0.0,0.0,0.0,0.0,0.0,0.0,-0.0,-0.0,0.0,1250
마라22ba86aa,0.0,128.8464433,35.16291667,0.0,0.0,0.0,0.0,0.0,0.0,-0.0,-0.0,0.0,1250
마라22ba86ab,0.0,128.8464805,35.16517034,0.0,0.0,0.0,0.0,0.0,0.0,-0.0,-0.0,0.0,1250
마라22ba86ba,0.0,128.8465176,35.16742402,0.0,0.0,0.0,0.0,0.0,0.0,-0.0,-0.0,0.0,1250
마라27bb91bb,0.0,128.9049662,35.21409539,0.0,0.0,0.0,0.0,0.0,0.0,-0.0,-0.0,0.0,1250
마라27bb92aa,0.0,128.9050051,35.21634899,0.0,0.0,0.0,0.0,0.0,0.0,-0.0,-0.0,0.0,1250
마마32aa00ba,0.0,128.9530551,35.29241847,0.0,0.0,0.0,0.0,0.0,0.0,-0.0,-0.0,0.0,1250
마라22ab86ab,0.0,128.843736,35.16520082,0.0,0.0,0.0,0.0,0.0,0.0,-0.0,-0.0,0.0,1250
마라22ab86ba,0.0,128.8437731,35.1674545,0.0,0.0,0.0,0.0,0.0,0.0,-0.0,-0.0,0.0,1250
마라22ab86bb,0.0,128.8438102,35.16970817,0.0,0.0,0.0,0.0,0.0,0.0,-0.0,-0.0,0.0,1250
마라22ab87aa,0.0,128.8438473,35.17196185,0.0,0.0,0.0,0.0,0.0,0.0,-0.0,-0.0,0.0,1250
마라22ab87ba,0.0,128.8439215,35.1764692,0.0,0.0,0.0,0.0,0.0,0.0,-0.0,-0.0,0.0,1250
마라22ab88aa,0.0,128.8439957,35.18097654,0.0,0.0,0.0,0.0,0.0,0.0,-0.0,-0.0,0.0,1250
마라11aa97aa,0.0,128.7216832,35.26341996,0.0,0.0,0.0,0.0,0.0,0.0,-0.0,-0.0,0.0,1250
마라27ba97ba,0.0,128.9031128,35.26595988,0.0,0.0,0.0,0.0,0.0,0.0,-0.0,-0.0,0.0,1250
마라27ba97bb,0.0,128.9031517,35.26821346,0.0,0.0,0.0,0.0,0.0,0.0,-0.0,-0.0,0.0,1250
마라27ba98aa,0.0,128.9031906,35.27046705,0.0,0.0,0.0,0.0,0.0,0.0,-0.0,-0.0,0.0,1250
마라27ba98ab,0.0,128.9032294,35.27272063,0.0,0.0,0.0,0.0,0.0,0.0,-0.0,-0.0,0.0,1250
마라22ab90ba,0.0,128.8443669,35.20351321,0.0,0.0,0.0,0.0,0.0,0.0,-0.0,-0.0,0.0,1250
마마32ab02ba,0.0,128.9561267,35.31041355,0.0,0.0,0.0,0.0,0.0,0.0,-0.0,-0.0,0.0,1250
마라22aa94bb,0.0,128.842252,35.24185584,0.0,0.0,0.0,0.0,0.0,0.0,-0.0,-0.0,0.0,1250
마라22aa95ba,0.0,128.8423634,35.24861678,0.0,0.0,0.0,0.0,0.0,0.0,-0.0,-0.0,0.0,1250
마라22aa96bb,0.0,128.8425493,35.25988501,0.0,0.0,0.0,0.0,0.0,0.0,-0.0,-0.0,0.0,1250
마라22aa97aa,0.0,128.8425864,35.26213865,0.0,0.0,0.0,0.0,0.0,0.0,-0.0,-0.0,0.0,1250
마라22aa97ab,0.0,128.8426236,35.26439229,0.0,0.0,0.0,0.0,0.0,0.0,-0.0,-0.0,0.0,1250
마라22aa99aa,0.0,128.842884,35.28016776,0.0,0.0,0.0,0.0,0.0,0.0,-0.0,-0.0,0.0,1250
마라22aa99ab,0.0,128.8429212,35.2824214,0.0,0.0,0.0,0.0,0.0,0.0,-0.0,-0.0,0.0,1250
마라22ab85ba,0.0,128.8436248,35.15843979,0.0,0.0,0.0,0.0,0.0,0.0,-0.0,-0.0,0.0,1250
마라22ab85bb,0.0,128.8436619,35.16069347,0.0,0.0,0.0,0.0,0.0,0.0,-0.0,-0.0,0.0,1250
마라22ab86aa,0.0,128.843699,35.16294714,0.0,0.0,0.0,0.0,0.0,0.0,-0.0,-0.0,0.0,1250
마라27ba98ba,0.0,128.9032683,35.27497421,0.0,0.0,0.0,0.0,0.0,0.0,-0.0,-0.0,0.0,1250
마라27ba98bb,0.0,128.9033072,35.27722779,0.0,0.0,0.0,0.0,0.0,0.0,-0.0,-0.0,0.0,1250
마라27ba99aa,0.0,128.9033461,35.27948137,0.0,0.0,0.0,0.0,0.0,0.0,-0.0,-0.0,0.0,1250
마라27ba99ab,0.0,128.903385,35.28173494,0.0,0.0,0.0,0.0,0.0,0.0,-0.0,-0.0,0.0,1250
마라27ba99ba,0.0,128.9034238,35.28398852,0.0,0.0,0.0,0.0,0.0,0.0,-0.0,-0.0,0.0,1250
마라27ba99bb,0.0,128.9034627,35.2862421,0.0,0.0,0.0,0.0,0.0,0.0,-0.0,-0.0,0.0,1250
마라27bb99bb,0.0,128.9062112,35.28621017,0.0,0.0,0.0,0.0,0.0,0.0,-0.0,-0.0,0.0,1250
마라28aa91bb,0.0,128.9077123,35.21406349,0.0,0.0,0.0,0.0,0.0,0.0,-0.0,-0.0,0.0,1250
마라28aa92aa,0.0,128.9077512,35.21631709,0.0,0.0,0.0,0.0,0.0,0.0,-0.0,-0.0,0.0,1250
마라28aa92ab,0.0,128.9077901,35.21857068,0.0,0.0,0.0,0.0,0.0,0.0,-0.0,-0.0,0.0,1250
마라28aa92bb,0.0,128.9078679,35.22307787,0.0,0.0,0.0,0.0,0.0,0.0,-0.0,-0.0,0.0,1250
마마32ab02bb,0.0,128.9561671,35.31266707,0.0,0.0,0.0,0.0,0.0,0.0,-0.0,-0.0,0.0,1250
마라22aa90aa,0.0,128.8415471,35.19903633,0.0,0.0,0.0,0.0,0.0,0.0,-0.0,-0.0,0.0,1250
마마32ab03ab,0.0,128.9562479,35.31717409,0.0,0.0,0.0,0.0,0.0,0.0,-0.0,-0.0,0.0,1250
마라22aa92aa,0.0,128.8418437,35.21706564,0.0,0.0,0.0,0.0,0.0,0.0,-0.0,-0.0,0.0,1250
마마32ab03ba,0.0,128.9562883,35.3194276,0.0,0.0,0.0,0.0,0.0,0.0,-0.0,-0.0,0.0,1250
마라27bb97aa,0.0,128.9057827,35.26142082,0.0,0.0,0.0,0.0,0.0,0.0,-0.0,-0.0,0.0,1250
마라27bb97ab,0.0,128.9058217,35.2636744,0.0,0.0,0.0,0.0,0.0,0.0,-0.0,-0.0,0.0,1250
마라27bb97ba,0.0,128.9058606,35.26592798,0.0,0.0,0.0,0.0,0.0,0.0,-0.0,-0.0,0.0,1250
마라27bb97bb,0.0,128.9058995,35.26818156,0.0,0.0,0.0,0.0,0.0,0.0,-0.0,-0.0,0.0,1250
마라27bb98aa,0.0,128.9059385,35.27043514,0.0,0.0,0.0,0.0,0.0,0.0,-0.0,-0.0,0.0,1250
마라22aa92bb,0.0,128.841955,35.22382661,0.0,0.0,0.0,0.0,0.0,0.0,-0.0,-0.0,0.0,1250
마라22aa85ba,0.0,128.8408806,35.1584702,0.0,0.0,0.0,0.0,0.0,0.0,-0.0,-0.0,0.0,1250
마라22aa85bb,0.0,128.8409176,35.16072388,0.0,0.0,0.0,0.0,0.0,0.0,-0.0,-0.0,0.0,1250
마라22aa86aa,0.0,128.8409546,35.16297756,0.0,0.0,0.0,0.0,0.0,0.0,-0.0,-0.0,0.0,1250
마라22aa86ab,0.0,128.8409916,35.16523124,0.0,0.0,0.0,0.0,0.0,0.0,-0.0,-0.0,0.0,1250
마라22aa86ba,0.0,128.8410286,35.16748492,0.0,0.0,0.0,0.0,0.0,0.0,-0.0,-0.0,0.0,1250
마라22aa86bb,0.0,128.8410656,35.1697386,0.0,0.0,0.0,0.0,0.0,0.0,-0.0,-0.0,0.0,1250
마라22aa87aa,0.0,128.8411026,35.17199227,0.0,0.0,0.0,0.0,0.0,0.0,-0.0,-0.0,0.0,1250
마라22aa87ab,0.0,128.8411396,35.17424595,0.0,0.0,0.0,0.0,0.0,0.0,-0.0,-0.0,0.0,1250
마라22aa88aa,0.0,128.8412507,35.18100697,0.0,0.0,0.0,0.0,0.0,0.0,-0.0,-0.0,0.0,1250
마라22aa88ab,0.0,128.8412877,35.18326065,0.0,0.0,0.0,0.0,0.0,0.0,-0.0,-0.0,0.0,1250
마라27bb98ab,0.0,128.9059774,35.27268872,0.0,0.0,0.0,0.0,0.0,0.0,-0.0,-0.0,0.0,1250
마라27bb98ba,0.0,128.9060164,35.2749423,0.0,0.0,0.0,0.0,0.0,0.0,-0.0,-0.0,0.0,1250
마라27bb98bb,0.0,128.9060553,35.27719587,0.0,0.0,0.0,0.0,0.0,0.0,-0.0,-0.0,0.0,1250
마라27bb99aa,0.0,128.9060943,35.27944945,0.0,0.0,0.0,0.0,0.0,0.0,-0.0,-0.0,0.0,1250
마라27bb99ab,0.0,128.9061333,35.28170302,0.0,0.0,0.0,0.0,0.0,0.0,-0.0,-0.0,0.0,1250
마라27bb99ba,0.0,128.9061722,35.2839566,0.0,0.0,0.0,0.0,0.0,0.0,-0.0,-0.0,0.0,1250
마라28aa98ab,0.0,128.9087254,35.27265675,0.0,0.0,0.0,0.0,0.0,0.0,-0.0,-0.0,0.0,1250
마라28aa98ba,0.0,128.9087645,35.27491032,0.0,0.0,0.0,0.0,0.0,0.0,-0.0,-0.0,0.0,1250
마라28aa98bb,0.0,128.9088035,35.2771639,0.0,0.0,0.0,0.0,0.0,0.0,-0.0,-0.0,0.0,1250
마라28aa99aa,0.0,128.9088425,35.27941747,0.0,0.0,0.0,0.0,0.0,0.0,-0.0,-0.0,0.0,1250
마라28aa99ab,0.0,128.9088816,35.28167104,0.0,0.0,0.0,0.0,0.0,0.0,-0.0,-0.0,0.0,1250
마라28aa99ba,0.0,128.9089206,35.28392461,0.0,0.0,0.0,0.0,0.0,0.0,-0.0,-0.0,0.0,1250
마라28aa99bb,0.0,128.9089597,35.28617818,0.0,0.0,0.0,0.0,0.0,0.0,-0.0,-0.0,0.0,1250
마라28ab92aa,0.0,128.9104973,35.21628512,0.0,0.0,0.0,0.0,0.0,0.0,-0.0,-0.0,0.0,1250
마라28ab92ba,0.0,128.9105753,35.22079231,0.0,0.0,0.0,0.0,0.0,0.0,-0.0,-0.0,0.0,1250
마마32ab03bb,0.0,128.9563287,35.32168112,0.0,0.0,0.0,0.0,0.0,0.0,-0.0,-0.0,0.0,1250
마라28aa96bb,0.0,128.9084914,35.25913528,0.0,0.0,0.0,0.0,0.0,0.0,-0.0,-0.0,0.0,1250
마라28aa97aa,0.0,128.9085304,35.26138886,0.0,0.0,0.0,0.0,0.0,0.0,-0.0,-0.0,0.0,1250
마라28aa97ab,0.0,128.9085694,35.26364244,0.0,0.0,0.0,0.0,0.0,0.0,-0.0,-0.0,0.0,1250
마라28aa97ba,0.0,128.9086084,35.26589602,0.0,0.0,0.0,0.0,0.0,0.0,-0.0,-0.0,0.0,1250
마라28aa97bb,0.0,128.9086474,35.26814959,0.0,0.0,0.0,0.0,0.0,0.0,-0.0,-0.0,0.0,1250
마라21bb99ab,0.0,128.8401728,35.28245188,0.0,0.0,0.0,0.0,0.0,0.0,-0.0,-0.0,0.0,1250
마라28ab97aa,0.0,128.911278,35.26135684,0.0,0.0,0.0,0.0,0.0,0.0,-0.0,-0.0,0.0,1250
마라28ab97ba,0.0,128.9113561,35.26586399,0.0,0.0,0.0,0.0,0.0,0.0,-0.0,-0.0,0.0,1250
마라28ab97bb,0.0,128.9113952,35.26811756,0.0,0.0,0.0,0.0,0.0,0.0,-0.0,-0.0,0.0,1250
마라28ab98aa,0.0,128.9114343,35.27037114,0.0,0.0,0.0,0.0,0.0,0.0,-0.0,-0.0,0.0,1250
마마32ab04aa,0.0,128.9563691,35.32393463,0.0,0.0,0.0,0.0,0.0,0.0,-0.0,-0.0,0.0,1250
마마32ab04ab,0.0,128.9564096,35.32618813,0.0,0.0,0.0,0.0,0.0,0.0,-0.0,-0.0,0.0,1250
마마32ab04ba,0.0,128.95645,35.32844164,0.0,0.0,0.0,0.0,0.0,0.0,-0.0,-0.0,0.0,1250
마마32ab05aa,0.0,128.9565309,35.33294866,0.0,0.0,0.0,0.0,0.0,0.0,-0.0,-0.0,0.0,1250
마마32ab05ab,0.0,128.9565713,35.33520216,0.0,0.0,0.0,0.0,0.0,0.0,-0.0,-0.0,0.0,1250
마라21bb96ba,0.0,128.8397645,35.25766182,0.0,0.0,0.0,0.0,0.0,0.0,-0.0,-0.0,0.0,1250
마라21bb96bb,0.0,128.8398016,35.25991547,0.0,0.0,0.0,0.0,0.0,0.0,-0.0,-0.0,0.0,1250
마라21bb97aa,0.0,128.8398387,35.26216911,0.0,0.0,0.0,0.0,0.0,0.0,-0.0,-0.0,0.0,1250
마라21bb97ab,0.0,128.8398758,35.26442276,0.0,0.0,0.0,0.0,0.0,0.0,-0.0,-0.0,0.0,1250
마라21bb97ba,0.0,128.8399129,35.2666764,0.0,0.0,0.0,0.0,0.0,0.0,-0.0,-0.0,0.0,1250
마라21bb97bb,0.0,128.83995,35.26893004,0.0,0.0,0.0,0.0,0.0,0.0,-0.0,-0.0,0.0,1250
마라28aa98aa,0.0,128.9086864,35.27040317,0.0,0.0,0.0,0.0,0.0,0.0,-0.0,-0.0,0.0,1250
마라28ab99aa,0.0,128.9115907,35.27938543,0.0,0.0,0.0,0.0,0.0,0.0,-0.0,-0.0,0.0,1250
마라28ab99ab,0.0,128.9116299,35.281639,0.0,0.0,0.0,0.0,0.0,0.0,-0.0,-0.0,0.0,1250
마라28ab99ba,0.0,128.911669,35.28389257,0.0,0.0,0.0,0.0,0.0,0.0,-0.0,-0.0,0.0,1250
마라28ab99bb,0.0,128.9117081,35.28614613,0.0,0.0,0.0,0.0,0.0,0.0,-0.0,-0.0,0.0,1250
마라28ba92ab,0.0,128.9132824,35.21850668,0.0,0.0,0.0,0.0,0.0,0.0,-0.0,-0.0,0.0,1250
마라28ba92ba,0.0,128.9133215,35.22076027,0.0,0.0,0.0,0.0,0.0,0.0,-0.0,-0.0,0.0,1250
마마32ba00aa,0.0,128.9584714,35.28784525,0.0,0.0,0.0,0.0,0.0,0.0,-0.0,-0.0,0.0,1250
마라21bb87ab,0.0,128.8383949,35.17427631,0.0,0.0,0.0,0.0,0.0,0.0,-0.0,-0.0,0.0,1250
마마32ba00ab,0.0,128.9585119,35.29009877,0.0,0.0,0.0,0.0,0.0,0.0,-0.0,-0.0,0.0,1250
마라21bb88aa,0.0,128.8385057,35.18103734,0.0,0.0,0.0,0.0,0.0,0.0,-0.0,-0.0,0.0,1250
마라21bb88ab,0.0,128.8385427,35.18329102,0.0,0.0,0.0,0.0,0.0,0.0,-0.0,-0.0,0.0,1250
마라21bb88ba,0.0,128.8385796,35.18554469,0.0,0.0,0.0,0.0,0.0,0.0,-0.0,-0.0,0.0,1250
마라21bb88bb,0.0,128.8386166,35.18779837,0.0,0.0,0.0,0.0,0.0,0.0,-0.0,-0.0,0.0,1250
마라28ab96ab,0.0,128.9111608,35.2545961,0.0,0.0,0.0,0.0,0.0,0.0,-0.0,-0.0,0.0,1250
마라28ab96ba,0.0,128.9111998,35.25684968,0.0,0.0,0.0,0.0,0.0,0.0,-0.0,-0.0,0.0,1250
마라28ab96bb,0.0,128.9112389,35.25910326,0.0,0.0,0.0,0.0,0.0,0.0,-0.0,-0.0,0.0,1250
마라28ba97bb,0.0,128.9141431,35.26808547,0.0,0.0,0.0,0.0,0.0,0.0,-0.0,-0.0,0.0,1250
마라28ba98aa,0.0,128.9141822,35.27033905,0.0,0.0,0.0,0.0,0.0,0.0,-0.0,-0.0,0.0,1250
마라28ba98ab,0.0,128.9142214,35.27259262,0.0,0.0,0.0,0.0,0.0,0.0,-0.0,-0.0,0.0,1250
마라21ba97bb,0.0,128.8372021,35.26896045,0.0,0.0,0.0,0.0,0.0,0.0,-0.0,-0.0,0.0,1250
마라21ba99ba,0.0,128.8374615,35.28473594,0.0,0.0,0.0,0.0,0.0,0.0,-0.0,-0.0,0.0,1250
마라21ba99bb,0.0,128.8374985,35.28698958,0.0,0.0,0.0,0.0,0.0,0.0,-0.0,-0.0,0.0,1250
마라21bb85ba,0.0,128.8381364,35.15850054,0.0,0.0,0.0,0.0,0.0,0.0,-0.0,-0.0,0.0,1250
마라21bb85bb,0.0,128.8381733,35.16075423,0.0,0.0,0.0,0.0,0.0,0.0,-0.0,-0.0,0.0,1250
마라21bb86aa,0.0,128.8382102,35.16300791,0.0,0.0,0.0,0.0,0.0,0.0,-0.0,-0.0,0.0,1250
마라21bb86ab,0.0,128.8382471,35.16526159,0.0,0.0,0.0,0.0,0.0,0.0,-0.0,-0.0,0.0,1250
마라21bb86ba,0.0,128.8382841,35.16751527,0.0,0.0,0.0,0.0,0.0,0.0,-0.0,-0.0,0.0,1250
마라21bb86bb,0.0,128.838321,35.16976895,0.0,0.0,0.0,0.0,0.0,0.0,-0.0,-0.0,0.0,1250
마라21bb87aa,0.0,128.8383579,35.17202263,0.0,0.0,0.0,0.0,0.0,0.0,-0.0,-0.0,0.0,1250
마라28ab98ab,0.0,128.9114734,35.27262471,0.0,0.0,0.0,0.0,0.0,0.0,-0.0,-0.0,0.0,1250
마라28ab98ba,0.0,128.9115125,35.27487828,0.0,0.0,0.0,0.0,0.0,0.0,-0.0,-0.0,0.0,1250
마라28ab98bb,0.0,128.9115516,35.27713186,0.0,0.0,0.0,0.0,0.0,0.0,-0.0,-0.0,0.0,1250
마라28ba99bb,0.0,128.9144565,35.28611402,0.0,0.0,0.0,0.0,0.0,0.0,-0.0,-0.0,0.0,1250
마라28bb92aa,0.0,128.9159894,35.216221,0.0,0.0,0.0,0.0,0.0,0.0,-0.0,-0.0,0.0,1250
마라28bb92ba,0.0,128.9160677,35.22072817,0.0,0.0,0.0,0.0,0.0,0.0,-0.0,-0.0,0.0,1250
마라28bb92bb,0.0,128.9161069,35.22298176,0.0,0.0,0.0,0.0,0.0,0.0,-0.0,-0.0,0.0,1250
마라21ba96ab,0.0,128.8369799,35.25543857,0.0,0.0,0.0,0.0,0.0,0.0,-0.0,-0.0,0.0,1250
마라21ba96ba,0.0,128.837017,35.25769222,0.0,0.0,0.0,0.0,0.0,0.0,-0.0,-0.0,0.0,1250
마라21ba96bb,0.0,128.837054,35.25994587,0.0,0.0,0.0,0.0,0.0,0.0,-0.0,-0.0,0.0,1250
마라21ba97aa,0.0,128.837091,35.26219951,0.0,0.0,0.0,0.0,0.0,0.0,-0.0,-0.0,0.0,1250
마라21ba97ab,0.0,128.837128,35.26445316,0.0,0.0,0.0,0.0,0.0,0.0,-0.0,-0.0,0.0,1250
마라21ba97ba,0.0,128.8371651,35.26670681,0.0,0.0,0.0,0.0,0.0,0.0,-0.0,-0.0,0.0,1250
마라28ba95bb,0.0,128.9138299,35.25005687,0.0,0.0,0.0,0.0,0.0,0.0,-0.0,-0.0,0.0,1250
마라28ba96ba,0.0,128.9139473,35.2568176,0.0,0.0,0.0,0.0,0.0,0.0,-0.0,-0.0,0.0,1250
마라28ba96bb,0.0,128.9139864,35.25907118,0.0,0.0,0.0,0.0,0.0,0.0,-0.0,-0.0,0.0,1250
마라28ba97aa,0.0,128.9140256,35.26132475,0.0,0.0,0.0,0.0,0.0,0.0,-0.0,-0.0,0.0,1250
마라28ba97ab,0.0,128.9140647,35.26357833,0.0,0.0,0.0,0.0,0.0,0.0,-0.0,-0.0,0.0,1250
마라28ba97ba,0.0,128.9141039,35.2658319,0.0,0.0,0.0,0.0,0.0,0.0,-0.0,-0.0,0.0,1250
마라28bb96bb,0.0,128.9167339,35.25903904,0.0,0.0,0.0,0.0,0.0,0.0,-0.0,-0.0,0.0,1250
마라28bb97aa,0.0,128.9167732,35.26129261,0.0,0.0,0.0,0.0,0.0,0.0,-0.0,-0.0,0.0,1250
마라28bb97ab,0.0,128.9168124,35.26354618,0.0,0.0,0.0,0.0,0.0,0.0,-0.0,-0.0,0.0,1250
마라28bb97ba,0.0,128.9168516,35.26579975,0.0,0.0,0.0,0.0,0.0,0.0,-0.0,-0.0,0.0,1250
마라28bb97bb,0.0,128.9168909,35.26805332,0.0,0.0,0.0,0.0,0.0,0.0,-0.0,-0.0,0.0,1250
마라28bb98aa,0.0,128.9169301,35.27030689,0.0,0.0,0.0,0.0,0.0,0.0,-0.0,-0.0,0.0,1250
마라28bb98ab,0.0,128.9169694,35.27256046,0.0,0.0,0.0,0.0,0.0,0.0,-0.0,-0.0,0.0,1250
마라21ba89bb,0.0,128.836019,35.19684338,0.0,0.0,0.0,0.0,0.0,0.0,-0.0,-0.0,0.0,1250
마마32aa04aa,0.0,128.9536195,35.32396772,0.0,0.0,0.0,0.0,0.0,0.0,-0.0,-0.0,0.0,1250
마라21ba91ab,0.0,128.8362405,35.2103654,0.0,0.0,0.0,0.0,0.0,0.0,-0.0,-0.0,0.0,1250
마라21ba92ab,0.0,128.8363883,35.21938006,0.0,0.0,0.0,0.0,0.0,0.0,-0.0,-0.0,0.0,1250
마마32aa04ab,0.0,128.9536598,35.32622123,0.0,0.0,0.0,0.0,0.0,0.0,-0.0,-0.0,0.0,1250
마라28ba98ba,0.0,128.9142606,35.27484619,0.0,0.0,0.0,0.0,0.0,0.0,-0.0,-0.0,0.0,1250
마라28ba98bb,0.0,128.9142998,35.27709975,0.0,0.0,0.0,0.0,0.0,0.0,-0.0,-0.0,0.0,1250
마라28ba99aa,0.0,128.914339,35.27935332,0.0,0.0,0.0,0.0,0.0,0.0,-0.0,-0.0,0.0,1250
마라28ba99ba,0.0,128.9144173,35.28386046,0.0,0.0,0.0,0.0,0.0,0.0,-0.0,-0.0,0.0,1250
마라21ba85bb,0.0,128.835429,35.16078451,0.0,0.0,0.0,0.0,0.0,0.0,-0.0,-0.0,0.0,1250
마라21ba86aa,0.0,128.8354658,35.1630382,0.0,0.0,0.0,0.0,0.0,0.0,-0.0,-0.0,0.0,1250
마라21ba86ab,0.0,128.8355027,35.16529188,0.0,0.0,0.0,0.0,0.0,0.0,-0.0,-0.0,0.0,1250
마라21ba86ba,0.0,128.8355395,35.16754557,0.0,0.0,0.0,0.0,0.0,0.0,-0.0,-0.0,0.0,1250
마라21ba86bb,0.0,128.8355764,35.16979925,0.0,0.0,0.0,0.0,0.0,0.0,-0.0,-0.0,0.0,1250
마라21ba87aa,0.0,128.8356132,35.17205293,0.0,0.0,0.0,0.0,0.0,0.0,-0.0,-0.0,0.0,1250
마라21ba87ab,0.0,128.8356501,35.17430661,0.0,0.0,0.0,0.0,0.0,0.0,-0.0,-0.0,0.0,1250
마라21ba88aa,0.0,128.8357607,35.18106765,0.0,0.0,0.0,0.0,0.0,0.0,-0.0,-0.0,0.0,1250
마마32ba04ab,0.0,128.9591593,35.32615497,0.0,0.0,0.0,0.0,0.0,0.0,-0.0,-0.0,0.0,1250
마라11aa91bb,0.0,128.7209735,35.21609106,0.0,0.0,0.0,0.0,0.0,0.0,-0.0,-0.0,0.0,1250
마라28bb95ab,0.0,128.9164987,35.24551758,0.0,0.0,0.0,0.0,0.0,0.0,-0.0,-0.0,0.0,1250
마라28bb95ba,0.0,128.9165379,35.24777116,0.0,0.0,0.0,0.0,0.0,0.0,-0.0,-0.0,0.0,1250
마라28bb95bb,0.0,128.9165771,35.25002474,0.0,0.0,0.0,0.0,0.0,0.0,-0.0,-0.0,0.0,1250
마라28bb96aa,0.0,128.9166163,35.25227831,0.0,0.0,0.0,0.0,0.0,0.0,-0.0,-0.0,0.0,1250
마라28bb96ab,0.0,128.9166555,35.25453189,0.0,0.0,0.0,0.0,0.0,0.0,-0.0,-0.0,0.0,1250
마라28bb96ba,0.0,128.9166947,35.25678546,0.0,0.0,0.0,0.0,0.0,0.0,-0.0,-0.0,0.0,1250
마라29aa96ab,0.0,128.9194029,35.25449969,0.0,0.0,0.0,0.0,0.0,0.0,-0.0,-0.0,0.0,1250
마라29aa96ba,0.0,128.9194422,35.25675326,0.0,0.0,0.0,0.0,0.0,0.0,-0.0,-0.0,0.0,1250
마라29aa96bb,0.0,128.9194815,35.25900683,0.0,0.0,0.0,0.0,0.0,0.0,-0.0,-0.0,0.0,1250
마라29aa97aa,0.0,128.9195208,35.2612604,0.0,0.0,0.0,0.0,0.0,0.0,-0.0,-0.0,0.0,1250
마라29aa97ab,0.0,128.9195601,35.26351397,0.0,0.0,0.0,0.0,0.0,0.0,-0.0,-0.0,0.0,1250
마라29aa97ba,0.0,128.9195994,35.26576754,0.0,0.0,0.0,0.0,0.0,0.0,-0.0,-0.0,0.0,1250
마라29aa97bb,0.0,128.9196387,35.2680211,0.0,0.0,0.0,0.0,0.0,0.0,-0.0,-0.0,0.0,1250
마라29aa98aa,0.0,128.919678,35.27027467,0.0,0.0,0.0,0.0,0.0,0.0,-0.0,-0.0,0.0,1250
마라29aa98ab,0.0,128.9197174,35.27252824,0.0,0.0,0.0,0.0,0.0,0.0,-0.0,-0.0,0.0,1250
마라28bb98ba,0.0,128.9170086,35.27481402,0.0,0.0,0.0,0.0,0.0,0.0,-0.0,-0.0,0.0,1250
마라28bb98bb,0.0,128.9170479,35.27706759,0.0,0.0,0.0,0.0,0.0,0.0,-0.0,-0.0,0.0,1250
마라28bb99aa,0.0,128.9170872,35.27932115,0.0,0.0,0.0,0.0,0.0,0.0,-0.0,-0.0,0.0,1250
마라28bb99ab,0.0,128.9171264,35.28157472,0.0,0.0,0.0,0.0,0.0,0.0,-0.0,-0.0,0.0,1250
마라28bb99ba,0.0,128.9171657,35.28382828,0.0,0.0,0.0,0.0,0.0,0.0,-0.0,-0.0,0.0,1250
마라29aa92aa,0.0,128.9187355,35.21618884,0.0,0.0,0.0,0.0,0.0,0.0,-0.0,-0.0,0.0,1250
마라29aa92bb,0.0,128.9188532,35.2229496,0.0,0.0,0.0,0.0,0.0,0.0,-0.0,-0.0,0.0,1250
마라29ab92aa,0.0,128.9214816,35.21615662,0.0,0.0,0.0,0.0,0.0,0.0,-0.0,-0.0,0.0,1250
마라29ab92bb,0.0,128.9215995,35.22291737,0.0,0.0,0.0,0.0,0.0,0.0,-0.0,-0.0,0.0,1250
마라11aa92aa,0.0,128.7210073,35.21834482,0.0,0.0,0.0,0.0,0.0,0.0,-0.0,-0.0,0.0,1250
마라21ab96ba,0.0,128.8342694,35.25772255,0.0,0.0,0.0,0.0,0.0,0.0,-0.0,-0.0,0.0,1250
마라21ab96bb,0.0,128.8343063,35.2599762,0.0,0.0,0.0,0.0,0.0,0.0,-0.0,-0.0,0.0,1250
마라21ab97ab,0.0,128.8343802,35.2644835,0.0,0.0,0.0,0.0,0.0,0.0,-0.0,-0.0,0.0,1250
마라21ab97ba,0.0,128.8344172,35.26673715,0.0,0.0,0.0,0.0,0.0,0.0,-0.0,-0.0,0.0,1250
마라21ab97bb,0.0,128.8344541,35.2689908,0.0,0.0,0.0,0.0,0.0,0.0,-0.0,-0.0,0.0,1250
마라21ab98aa,0.0,128.8344911,35.27124444,0.0,0.0,0.0,0.0,0.0,0.0,-0.0,-0.0,0.0,1250
마라11aa92ab,0.0,128.721041,35.22059859,0.0,0.0,0.0,0.0,0.0,0.0,-0.0,-0.0,0.0,1250
마라21ba85ba,0.0,128.8353921,35.15853082,0.0,0.0,0.0,0.0,0.0,0.0,-0.0,-0.0,0.0,1250
마라29aa95aa,0.0,128.9192065,35.24323182,0.0,0.0,0.0,0.0,0.0,0.0,-0.0,-0.0,0.0,1250
마라29aa95ab,0.0,128.9192457,35.24548539,0.0,0.0,0.0,0.0,0.0,0.0,-0.0,-0.0,0.0,1250
마라29aa95ba,0.0,128.919285,35.24773897,0.0,0.0,0.0,0.0,0.0,0.0,-0.0,-0.0,0.0,1250
마라29aa95bb,0.0,128.9193243,35.24999254,0.0,0.0,0.0,0.0,0.0,0.0,-0.0,-0.0,0.0,1250
마라29aa96aa,0.0,128.9193636,35.25224612,0.0,0.0,0.0,0.0,0.0,0.0,-0.0,-0.0,0.0,1250
마라29ab95ba,0.0,128.9220321,35.24770672,0.0,0.0,0.0,0.0,0.0,0.0,-0.0,-0.0,0.0,1250
마라29ab95bb,0.0,128.9220715,35.24996029,0.0,0.0,0.0,0.0,0.0,0.0,-0.0,-0.0,0.0,1250
마라29ab96aa,0.0,128.9221109,35.25221386,0.0,0.0,0.0,0.0,0.0,0.0,-0.0,-0.0,0.0,1250
마라29ab96ab,0.0,128.9221502,35.25446743,0.0,0.0,0.0,0.0,0.0,0.0,-0.0,-0.0,0.0,1250
마라29ab96ba,0.0,128.9221896,35.256721,0.0,0.0,0.0,0.0,0.0,0.0,-0.0,-0.0,0.0,1250
마라29ab96bb,0.0,128.922229,35.25897456,0.0,0.0,0.0,0.0,0.0,0.0,-0.0,-0.0,0.0,1250
마라29ab97aa,0.0,128.9222684,35.26122813,0.0,0.0,0.0,0.0,0.0,0.0,-0.0,-0.0,0.0,1250
마라29ab97ab,0.0,128.9223078,35.2634817,0.0,0.0,0.0,0.0,0.0,0.0,-0.0,-0.0,0.0,1250
마라29ab97ba,0.0,128.9223471,35.26573526,0.0,0.0,0.0,0.0,0.0,0.0,-0.0,-0.0,0.0,1250
마라29ab97bb,0.0,128.9223865,35.26798883,0.0,0.0,0.0,0.0,0.0,0.0,-0.0,-0.0,0.0,1250
마라29ab98aa,0.0,128.9224259,35.27024239,0.0,0.0,0.0,0.0,0.0,0.0,-0.0,-0.0,0.0,1250
마라29ab98ab,0.0,128.9224653,35.27249595,0.0,0.0,0.0,0.0,0.0,0.0,-0.0,-0.0,0.0,1250
마라29aa98ba,0.0,128.9197567,35.2747818,0.0,0.0,0.0,0.0,0.0,0.0,-0.0,-0.0,0.0,1250
마라29aa98bb,0.0,128.919796,35.27703536,0.0,0.0,0.0,0.0,0.0,0.0,-0.0,-0.0,0.0,1250
마라29aa99aa,0.0,128.9198354,35.27928893,0.0,0.0,0.0,0.0,0.0,0.0,-0.0,-0.0,0.0,1250
마라29aa99ab,0.0,128.9198747,35.28154249,0.0,0.0,0.0,0.0,0.0,0.0,-0.0,-0.0,0.0,1250
마라29ab99aa,0.0,128.9225836,35.27925663,0.0,0.0,0.0,0.0,0.0,0.0,-0.0,-0.0,0.0,1250
마라29ab99ba,0.0,128.9226624,35.28376375,0.0,0.0,0.0,0.0,0.0,0.0,-0.0,-0.0,0.0,1250
마라11aa92ba,0.0,128.7210748,35.22285235,0.0,0.0,0.0,0.0,0.0,0.0,-0.0,-0.0,0.0,1250
마라29ba94ab,0.0,128.9245822,35.23640654,0.0,0.0,0.0,0.0,0.0,0.0,-0.0,-0.0,0.0,1250
마라29ba94ba,0.0,128.9246216,35.23866011,0.0,0.0,0.0,0.0,0.0,0.0,-0.0,-0.0,0.0,1250
마라11aa92bb,0.0,128.7211086,35.22510612,0.0,0.0,0.0,0.0,0.0,0.0,-0.0,-0.0,0.0,1250
마라21ab93aa,0.0,128.8337526,35.22617135,0.0,0.0,0.0,0.0,0.0,0.0,-0.0,-0.0,0.0,1250
마라11aa93aa,0.0,128.7211423,35.22735988,0.0,0.0,0.0,0.0,0.0,0.0,-0.0,-0.0,0.0,1250
마라11aa94bb,0.0,128.7213788,35.24313619,0.0,0.0,0.0,0.0,0.0,0.0,-0.0,-0.0,0.0,1250
마라11aa95aa,0.0,128.7214126,35.24538995,0.0,0.0,0.0,0.0,0.0,0.0,-0.0,-0.0,0.0,1250
마라21ab95ba,0.0,128.8341217,35.24870794,0.0,0.0,0.0,0.0,0.0,0.0,-0.0,-0.0,0.0,1250
마라11aa95ab,0.0,128.7214464,35.2476437,0.0,0.0,0.0,0.0,0.0,0.0,-0.0,-0.0,0.0,1250
마라29ab94ba,0.0,128.9218748,35.23869242,0.0,0.0,0.0,0.0,0.0,0.0,-0.0,-0.0,0.0,1250
마라11aa95ba,0.0,128.7214802,35.24989746,0.0,0.0,0.0,0.0,0.0,0.0,-0.0,-0.0,0.0,1250
마라29ab95aa,0.0,128.9219534,35.24319957,0.0,0.0,0.0,0.0,0.0,0.0,-0.0,-0.0,0.0,1250
마라29ab95ab,0.0,128.9219928,35.24545314,0.0,0.0,0.0,0.0,0.0,0.0,-0.0,-0.0,0.0,1250
마라29ba95ab,0.0,128.9247398,35.24542083,0.0,0.0,0.0,0.0,0.0,0.0,-0.0,-0.0,0.0,1250
마라29ba95ba,0.0,128.9247793,35.2476744,0.0,0.0,0.0,0.0,0.0,0.0,-0.0,-0.0,0.0,1250
마라29ba95bb,0.0,128.9248187,35.24992797,0.0,0.0,0.0,0.0,0.0,0.0,-0.0,-0.0,0.0,1250
마라29ba96aa,0.0,128.9248582,35.25218153,0.0,0.0,0.0,0.0,0.0,0.0,-0.0,-0.0,0.0,1250
마라29ba96ab,0.0,128.9248976,35.2544351,0.0,0.0,0.0,0.0,0.0,0.0,-0.0,-0.0,0.0,1250
마라29ba96ba,0.0,128.924937,35.25668867,0.0,0.0,0.0,0.0,0.0,0.0,-0.0,-0.0,0.0,1250
마라29ba96bb,0.0,128.9249765,35.25894223,0.0,0.0,0.0,0.0,0.0,0.0,-0.0,-0.0,0.0,1250
마라29ba97aa,0.0,128.925016,35.2611958,0.0,0.0,0.0,0.0,0.0,0.0,-0.0,-0.0,0.0,1250
마라29ba97ab,0.0,128.9250554,35.26344936,0.0,0.0,0.0,0.0,0.0,0.0,-0.0,-0.0,0.0,1250
마라29ba97ba,0.0,128.9250949,35.26570292,0.0,0.0,0.0,0.0,0.0,0.0,-0.0,-0.0,0.0,1250
마라29ba97bb,0.0,128.9251343,35.26795648,0.0,0.0,0.0,0.0,0.0,0.0,-0.0,-0.0,0.0,1250
마라29ba98aa,0.0,128.9251738,35.27021005,0.0,0.0,0.0,0.0,0.0,0.0,-0.0,-0.0,0.0,1250
마라29ba98ab,0.0,128.9252133,35.2724636,0.0,0.0,0.0,0.0,0.0,0.0,-0.0,-0.0,0.0,1250
마라29ba98ba,0.0,128.9252528,35.27471716,0.0,0.0,0.0,0.0,0.0,0.0,-0.0,-0.0,0.0,1250
마라29ab98ba,0.0,128.9225047,35.27474951,0.0,0.0,0.0,0.0,0.0,0.0,-0.0,-0.0,0.0,1250
마라29ab98bb,0.0,128.9225442,35.27700307,0.0,0.0,0.0,0.0,0.0,0.0,-0.0,-0.0,0.0,1250
마라29bb93ba,0.0,128.9272105,35.22961346,0.0,0.0,0.0,0.0,0.0,0.0,-0.0,-0.0,0.0,1250
마라29bb93bb,0.0,128.92725,35.23186703,0.0,0.0,0.0,0.0,0.0,0.0,-0.0,-0.0,0.0,1250
마라29bb94aa,0.0,128.9272894,35.23412061,0.0,0.0,0.0,0.0,0.0,0.0,-0.0,-0.0,0.0,1250
마라29bb94ab,0.0,128.9273289,35.23637418,0.0,0.0,0.0,0.0,0.0,0.0,-0.0,-0.0,0.0,1250
마라29bb94ba,0.0,128.9273684,35.23862775,0.0,0.0,0.0,0.0,0.0,0.0,-0.0,-0.0,0.0,1250
마라29bb94bb,0.0,128.9274079,35.24088132,0.0,0.0,0.0,0.0,0.0,0.0,-0.0,-0.0,0.0,1250
마라21ab88bb,0.0,128.8331262,35.18785894,0.0,0.0,0.0,0.0,0.0,0.0,-0.0,-0.0,0.0,1250
마라21ab89aa,0.0,128.833163,35.19011262,0.0,0.0,0.0,0.0,0.0,0.0,-0.0,-0.0,0.0,1250
마라21ab89ab,0.0,128.8331998,35.19236629,0.0,0.0,0.0,0.0,0.0,0.0,-0.0,-0.0,0.0,1250
마라11aa95bb,0.0,128.721514,35.25215121,0.0,0.0,0.0,0.0,0.0,0.0,-0.0,-0.0,0.0,1250
마라21ab90bb,0.0,128.8334208,35.20588834,0.0,0.0,0.0,0.0,0.0,0.0,-0.0,-0.0,0.0,1250
마라21ab91aa,0.0,128.8334577,35.20814201,0.0,0.0,0.0,0.0,0.0,0.0,-0.0,-0.0,0.0,1250
마라21ab91ab,0.0,128.8334945,35.21039568,0.0,0.0,0.0,0.0,0.0,0.0,-0.0,-0.0,0.0,1250
마라11aa96aa,0.0,128.7215479,35.25440496,0.0,0.0,0.0,0.0,0.0,0.0,-0.0,-0.0,0.0,1250
마라29ba94bb,0.0,128.924661,35.24091369,0.0,0.0,0.0,0.0,0.0,0.0,-0.0,-0.0,0.0,1250
마라29ba95aa,0.0,128.9247004,35.24316726,0.0,0.0,0.0,0.0,0.0,0.0,-0.0,-0.0,0.0,1250
마라29bb96ab,0.0,128.927645,35.25440271,0.0,0.0,0.0,0.0,0.0,0.0,-0.0,-0.0,0.0,1250
마라29bb96ba,0.0,128.9276845,35.25665628,0.0,0.0,0.0,0.0,0.0,0.0,-0.0,-0.0,0.0,1250
마라29bb96bb,0.0,128.927724,35.25890984,0.0,0.0,0.0,0.0,0.0,0.0,-0.0,-0.0,0.0,1250
마라29bb97aa,0.0,128.9277635,35.2611634,0.0,0.0,0.0,0.0,0.0,0.0,-0.0,-0.0,0.0,1250
마라29bb97ab,0.0,128.9278031,35.26341696,0.0,0.0,0.0,0.0,0.0,0.0,-0.0,-0.0,0.0,1250
마라29bb97ba,0.0,128.9278426,35.26567052,0.0,0.0,0.0,0.0,0.0,0.0,-0.0,-0.0,0.0,1250
마라29bb97bb,0.0,128.9278822,35.26792408,0.0,0.0,0.0,0.0,0.0,0.0,-0.0,-0.0,0.0,1250
마라29bb98aa,0.0,128.9279217,35.27017764,0.0,0.0,0.0,0.0,0.0,0.0,-0.0,-0.0,0.0,1250
마라29bb98ba,0.0,128.9280008,35.27468475,0.0,0.0,0.0,0.0,0.0,0.0,-0.0,-0.0,0.0,1250
마라29bb98bb,0.0,128.9280404,35.27693831,0.0,0.0,0.0,0.0,0.0,0.0,-0.0,-0.0,0.0,1250
마라29ba99aa,0.0,128.9253318,35.27922428,0.0,0.0,0.0,0.0,0.0,0.0,-0.0,-0.0,0.0,1250
마라29ba99ab,0.0,128.9253713,35.28147784,0.0,0.0,0.0,0.0,0.0,0.0,-0.0,-0.0,0.0,1250
마라29ba99ba,0.0,128.9254108,35.28373139,0.0,0.0,0.0,0.0,0.0,0.0,-0.0,-0.0,0.0,1250
마라29ba99bb,0.0,128.9254503,35.28598495,0.0,0.0,0.0,0.0,0.0,0.0,-0.0,-0.0,0.0,1250
마라29bb92ab,0.0,128.9270132,35.21834558,0.0,0.0,0.0,0.0,0.0,0.0,-0.0,-0.0,0.0,1250
마라11aa96ab,0.0,128.7215817,35.25665872,0.0,0.0,0.0,0.0,0.0,0.0,-0.0,-0.0,0.0,1250
마라11aa96ba,0.0,128.7216155,35.25891247,0.0,0.0,0.0,0.0,0.0,0.0,-0.0,-0.0,0.0,1250
마라30aa93aa,0.0,128.9298779,35.2250739,0.0,0.0,0.0,0.0,0.0,0.0,-0.0,-0.0,0.0,1250
마라30aa93ab,0.0,128.9299174,35.22732747,0.0,0.0,0.0,0.0,0.0,0.0,-0.0,-0.0,0.0,1250
마라30aa93ba,0.0,128.929957,35.22958104,0.0,0.0,0.0,0.0,0.0,0.0,-0.0,-0.0,0.0,1250
마라30aa93bb,0.0,128.9299965,35.23183461,0.0,0.0,0.0,0.0,0.0,0.0,-0.0,-0.0,0.0,1250
마라30aa94aa,0.0,128.9300361,35.23408818,0.0,0.0,0.0,0.0,0.0,0.0,-0.0,-0.0,0.0,1250
마라30aa94ab,0.0,128.9300757,35.23634175,0.0,0.0,0.0,0.0,0.0,0.0,-0.0,-0.0,0.0,1250
마라30aa94ba,0.0,128.9301152,35.23859532,0.0,0.0,0.0,0.0,0.0,0.0,-0.0,-0.0,0.0,1250
마라30aa94bb,0.0,128.9301548,35.24084888,0.0,0.0,0.0,0.0,0.0,0.0,-0.0,-0.0,0.0,1250
마라30aa95aa,0.0,128.9301944,35.24310245,0.0,0.0,0.0,0.0,0.0,0.0,-0.0,-0.0,0.0,1250
마라30aa95ab,0.0,128.9302339,35.24535601,0.0,0.0,0.0,0.0,0.0,0.0,-0.0,-0.0,0.0,1250
마라29bb95aa,0.0,128.9274474,35.24313488,0.0,0.0,0.0,0.0,0.0,0.0,-0.0,-0.0,0.0,1250
마라29bb95ab,0.0,128.9274869,35.24538845,0.0,0.0,0.0,0.0,0.0,0.0,-0.0,-0.0,0.0,1250
마라29bb95ba,0.0,128.9275264,35.24764202,0.0,0.0,0.0,0.0,0.0,0.0,-0.0,-0.0,0.0,1250
마라29bb95bb,0.0,128.9275659,35.24989559,0.0,0.0,0.0,0.0,0.0,0.0,-0.0,-0.0,0.0,1250
마라29bb96aa,0.0,128.9276054,35.25214915,0.0,0.0,0.0,0.0,0.0,0.0,-0.0,-0.0,0.0,1250
마라30aa96aa,0.0,128.9303527,35.2521167,0.0,0.0,0.0,0.0,0.0,0.0,-0.0,-0.0,0.0,1250
마라30aa96ab,0.0,128.9303923,35.25437026,0.0,0.0,0.0,0.0,0.0,0.0,-0.0,-0.0,0.0,1250
마라30aa96ba,0.0,128.9304319,35.25662383,0.0,0.0,0.0,0.0,0.0,0.0,-0.0,-0.0,0.0,1250
마라30aa96bb,0.0,128.9304715,35.25887739,0.0,0.0,0.0,0.0,0.0,0.0,-0.0,-0.0,0.0,1250
마라30aa97aa,0.0,128.9305111,35.26113094,0.0,0.0,0.0,0.0,0.0,0.0,-0.0,-0.0,0.0,1250
마라30aa97ab,0.0,128.9305507,35.2633845,0.0,0.0,0.0,0.0,0.0,0.0,-0.0,-0.0,0.0,1250
마라30aa97ba,0.0,128.9305903,35.26563806,0.0,0.0,0.0,0.0,0.0,0.0,-0.0,-0.0,0.0,1250
마라30aa97bb,0.0,128.93063,35.26789162,0.0,0.0,0.0,0.0,0.0,0.0,-0.0,-0.0,0.0,1250
마라30aa98aa,0.0,128.9306696,35.27014517,0.0,0.0,0.0,0.0,0.0,0.0,-0.0,-0.0,0.0,1250
마라30aa98ba,0.0,128.9307489,35.27465228,0.0,0.0,0.0,0.0,0.0,0.0,-0.0,-0.0,0.0,1250
마라30aa98bb,0.0,128.9307885,35.27690583,0.0,0.0,0.0,0.0,0.0,0.0,-0.0,-0.0,0.0,1250
마라30aa99aa,0.0,128.9308281,35.27915938,0.0,0.0,0.0,0.0,0.0,0.0,-0.0,-0.0,0.0,1250
마라30aa99ab,0.0,128.9308678,35.28141293,0.0,0.0,0.0,0.0,0.0,0.0,-0.0,-0.0,0.0,1250
마라29bb99ab,0.0,128.9281195,35.28144542,0.0,0.0,0.0,0.0,0.0,0.0,-0.0,-0.0,0.0,1250
마라29bb99ba,0.0,128.9281591,35.28369897,0.0,0.0,0.0,0.0,0.0,0.0,-0.0,-0.0,0.0,1250
마라29bb99bb,0.0,128.9281987,35.28595252,0.0,0.0,0.0,0.0,0.0,0.0,-0.0,-0.0,0.0,1250
마라30ab94ba,0.0,128.932862,35.23856282,0.0,0.0,0.0,0.0,0.0,0.0,-0.0,-0.0,0.0,1250
마라30ab94bb,0.0,128.9329017,35.24081639,0.0,0.0,0.0,0.0,0.0,0.0,-0.0,-0.0,0.0,1250
마라30ab95aa,0.0,128.9329413,35.24306995,0.0,0.0,0.0,0.0,0.0,0.0,-0.0,-0.0,0.0,1250
마라30ab95ab,0.0,128.932981,35.24532351,0.0,0.0,0.0,0.0,0.0,0.0,-0.0,-0.0,0.0,1250
마라30ab95ba,0.0,128.9330207,35.24757707,0.0,0.0,0.0,0.0,0.0,0.0,-0.0,-0.0,0.0,1250
마라21ab85ab,0.0,128.8326112,35.15630736,0.0,0.0,0.0,0.0,0.0,0.0,-0.0,-0.0,0.0,1250
마라21ab85ba,0.0,128.8326479,35.15856105,0.0,0.0,0.0,0.0,0.0,0.0,-0.0,-0.0,0.0,1250
마라21ab85bb,0.0,128.8326847,35.16081474,0.0,0.0,0.0,0.0,0.0,0.0,-0.0,-0.0,0.0,1250
마라21ab86aa,0.0,128.8327214,35.16306842,0.0,0.0,0.0,0.0,0.0,0.0,-0.0,-0.0,0.0,1250
마라21ab86bb,0.0,128.8328318,35.16982948,0.0,0.0,0.0,0.0,0.0,0.0,-0.0,-0.0,0.0,1250
마라21ab87aa,0.0,128.8328686,35.17208317,0.0,0.0,0.0,0.0,0.0,0.0,-0.0,-0.0,0.0,1250
마라21ab87ab,0.0,128.8329053,35.17433685,0.0,0.0,0.0,0.0,0.0,0.0,-0.0,-0.0,0.0,1250
마라21ab87bb,0.0,128.8329789,35.17884422,0.0,0.0,0.0,0.0,0.0,0.0,-0.0,-0.0,0.0,1250
마라21ab88aa,0.0,128.8330157,35.1810979,0.0,0.0,0.0,0.0,0.0,0.0,-0.0,-0.0,0.0,1250
마라30aa95ba,0.0,128.9302735,35.24760958,0.0,0.0,0.0,0.0,0.0,0.0,-0.0,-0.0,0.0,1250
마라30aa95bb,0.0,128.9303131,35.24986314,0.0,0.0,0.0,0.0,0.0,0.0,-0.0,-0.0,0.0,1250
마라30ab97bb,0.0,128.9333778,35.26785909,0.0,0.0,0.0,0.0,0.0,0.0,-0.0,-0.0,0.0,1250
마라30ab98aa,0.0,128.9334175,35.27011264,0.0,0.0,0.0,0.0,0.0,0.0,-0.0,-0.0,0.0,1250
마라30ab98ab,0.0,128.9334572,35.27236619,0.0,0.0,0.0,0.0,0.0,0.0,-0.0,-0.0,0.0,1250
마라30ab98ba,0.0,128.9334969,35.27461974,0.0,0.0,0.0,0.0,0.0,0.0,-0.0,-0.0,0.0,1250
마라30ab98bb,0.0,128.9335366,35.27687329,0.0,0.0,0.0,0.0,0.0,0.0,-0.0,-0.0,0.0,1250
마라30ab99aa,0.0,128.9335763,35.27912684,0.0,0.0,0.0,0.0,0.0,0.0,-0.0,-0.0,0.0,1250
마라30ab99ab,0.0,128.9336161,35.28138039,0.0,0.0,0.0,0.0,0.0,0.0,-0.0,-0.0,0.0,1250
마라30ab99ba,0.0,128.9336558,35.28363394,0.0,0.0,0.0,0.0,0.0,0.0,-0.0,-0.0,0.0,1250
마라30ab99bb,0.0,128.9336955,35.28588748,0.0,0.0,0.0,0.0,0.0,0.0,-0.0,-0.0,0.0,1250
마라30aa99ba,0.0,128.9309074,35.28366648,0.0,0.0,0.0,0.0,0.0,0.0,-0.0,-0.0,0.0,1250
마라30aa99bb,0.0,128.9309471,35.28592003,0.0,0.0,0.0,0.0,0.0,0.0,-0.0,-0.0,0.0,1250
마라30ab92ba,0.0,128.932545,35.22053428,0.0,0.0,0.0,0.0,0.0,0.0,-0.0,-0.0,0.0,1250
마라30ab93ab,0.0,128.9326639,35.22729499,0.0,0.0,0.0,0.0,0.0,0.0,-0.0,-0.0,0.0,1250
마라30ab93ba,0.0,128.9327035,35.22954856,0.0,0.0,0.0,0.0,0.0,0.0,-0.0,-0.0,0.0,1250
마라30ab94aa,0.0,128.9327828,35.23405569,0.0,0.0,0.0,0.0,0.0,0.0,-0.0,-0.0,0.0,1250
마라30ab94ab,0.0,128.9328224,35.23630926,0.0,0.0,0.0,0.0,0.0,0.0,-0.0,-0.0,0.0,1250
마라30ba94ba,0.0,128.9356089,35.23853027,0.0,0.0,0.0,0.0,0.0,0.0,-0.0,-0.0,0.0,1250
마라30ba94bb,0.0,128.9356486,35.24078383,0.0,0.0,0.0,0.0,0.0,0.0,-0.0,-0.0,0.0,1250
마라30ba95aa,0.0,128.9356883,35.24303739,0.0,0.0,0.0,0.0,0.0,0.0,-0.0,-0.0,0.0,1250
마라30ba95ab,0.0,128.935728,35.24529095,0.0,0.0,0.0,0.0,0.0,0.0,-0.0,-0.0,0.0,1250
마라30ba95ba,0.0,128.9357678,35.24754451,0.0,0.0,0.0,0.0,0.0,0.0,-0.0,-0.0,0.0,1250
마라30ba95bb,0.0,128.9358075,35.24979807,0.0,0.0,0.0,0.0,0.0,0.0,-0.0,-0.0,0.0,1250
마라30ba96aa,0.0,128.9358472,35.25205162,0.0,0.0,0.0,0.0,0.0,0.0,-0.0,-0.0,0.0,1250
마라30ba96ab,0.0,128.935887,35.25430518,0.0,0.0,0.0,0.0,0.0,0.0,-0.0,-0.0,0.0,1250
마라30ba96ba,0.0,128.9359267,35.25655873,0.0,0.0,0.0,0.0,0.0,0.0,-0.0,-0.0,0.0,1250
마라30ab96aa,0.0,128.9331,35.25208419,0.0,0.0,0.0,0.0,0.0,0.0,-0.0,-0.0,0.0,1250
마라30ab96ab,0.0,128.9331397,35.25433775,0.0,0.0,0.0,0.0,0.0,0.0,-0.0,-0.0,0.0,1250
마라30ab96ba,0.0,128.9331793,35.25659131,0.0,0.0,0.0,0.0,0.0,0.0,-0.0,-0.0,0.0,1250
마라30ab96bb,0.0,128.933219,35.25884487,0.0,0.0,0.0,0.0,0.0,0.0,-0.0,-0.0,0.0,1250
마라30ab97aa,0.0,128.9332587,35.26109842,0.0,0.0,0.0,0.0,0.0,0.0,-0.0,-0.0,0.0,1250
마라30ab97ab,0.0,128.9332984,35.26335198,0.0,0.0,0.0,0.0,0.0,0.0,-0.0,-0.0,0.0,1250
마라30ab97ba,0.0,128.9333381,35.26560553,0.0,0.0,0.0,0.0,0.0,0.0,-0.0,-0.0,0.0,1250
마라30ba97ba,0.0,128.9360858,35.26557295,0.0,0.0,0.0,0.0,0.0,0.0,-0.0,-0.0,0.0,1250
마라30ba97bb,0.0,128.9361256,35.2678265,0.0,0.0,0.0,0.0,0.0,0.0,-0.0,-0.0,0.0,1250
마라30ba98aa,0.0,128.9361653,35.27008005,0.0,0.0,0.0,0.0,0.0,0.0,-0.0,-0.0,0.0,1250
마라30ba98ab,0.0,128.9362051,35.2723336,0.0,0.0,0.0,0.0,0.0,0.0,-0.0,-0.0,0.0,1250
마라30ba98ba,0.0,128.9362449,35.27458714,0.0,0.0,0.0,0.0,0.0,0.0,-0.0,-0.0,0.0,1250
마라30ba98bb,0.0,128.9362847,35.27684069,0.0,0.0,0.0,0.0,0.0,0.0,-0.0,-0.0,0.0,1250
마라30ba99aa,0.0,128.9363245,35.27909424,0.0,0.0,0.0,0.0,0.0,0.0,-0.0,-0.0,0.0,1250
마라30ba99ab,0.0,128.9363643,35.28134778,0.0,0.0,0.0,0.0,0.0,0.0,-0.0,-0.0,0.0,1250
마라30ba99ba,0.0,128.9364041,35.28360133,0.0,0.0,0.0,0.0,0.0,0.0,-0.0,-0.0,0.0,1250
마라30ba99bb,0.0,128.9364439,35.28585487,0.0,0.0,0.0,0.0,0.0,0.0,-0.0,-0.0,0.0,1250
마라30bb93aa,0.0,128.938117,35.22497628,0.0,0.0,0.0,0.0,0.0,0.0,-0.0,-0.0,0.0,1250
마라30ba92bb,0.0,128.9353309,35.22275531,0.0,0.0,0.0,0.0,0.0,0.0,-0.0,-0.0,0.0,1250
마라30ba93aa,0.0,128.9353706,35.22500888,0.0,0.0,0.0,0.0,0.0,0.0,-0.0,-0.0,0.0,1250
마라11aa96bb,0.0,128.7216493,35.26116622,0.0,0.0,0.0,0.0,0.0,0.0,-0.0,-0.0,0.0,1250
마마32ba04ba,0.0,128.9591998,35.32840848,0.0,0.0,0.0,0.0,0.0,0.0,-0.0,-0.0,0.0,1250
마라30ba94ab,0.0,128.9355691,35.23627671,0.0,0.0,0.0,0.0,0.0,0.0,-0.0,-0.0,0.0,1250
마라30bb94ab,0.0,128.9383159,35.23624409,0.0,0.0,0.0,0.0,0.0,0.0,-0.0,-0.0,0.0,1250
마라30bb94ba,0.0,128.9383557,35.23849765,0.0,0.0,0.0,0.0,0.0,0.0,-0.0,-0.0,0.0,1250
마라30bb94bb,0.0,128.9383955,35.24075121,0.0,0.0,0.0,0.0,0.0,0.0,-0.0,-0.0,0.0,1250
마라30bb95ab,0.0,128.9384751,35.24525832,0.0,0.0,0.0,0.0,0.0,0.0,-0.0,-0.0,0.0,1250
마라30bb95ba,0.0,128.9385149,35.24751188,0.0,0.0,0.0,0.0,0.0,0.0,-0.0,-0.0,0.0,1250
마라30bb95bb,0.0,128.9385547,35.24976543,0.0,0.0,0.0,0.0,0.0,0.0,-0.0,-0.0,0.0,1250
마라30bb96aa,0.0,128.9385945,35.25201899,0.0,0.0,0.0,0.0,0.0,0.0,-0.0,-0.0,0.0,1250
마라30bb96ab,0.0,128.9386343,35.25427254,0.0,0.0,0.0,0.0,0.0,0.0,-0.0,-0.0,0.0,1250
마라30bb96ba,0.0,128.9386742,35.25652609,0.0,0.0,0.0,0.0,0.0,0.0,-0.0,-0.0,0.0,1250
마라30bb96bb,0.0,128.938714,35.25877965,0.0,0.0,0.0,0.0,0.0,0.0,-0.0,-0.0,0.0,1250
마라30bb97aa,0.0,128.9387538,35.2610332,0.0,0.0,0.0,0.0,0.0,0.0,-0.0,-0.0,0.0,1250
마라30bb97ab,0.0,128.9387937,35.26328675,0.0,0.0,0.0,0.0,0.0,0.0,-0.0,-0.0,0.0,1250
마라30bb97ba,0.0,128.9388335,35.2655403,0.0,0.0,0.0,0.0,0.0,0.0,-0.0,-0.0,0.0,1250
마라30ba96bb,0.0,128.9359665,35.25881229,0.0,0.0,0.0,0.0,0.0,0.0,-0.0,-0.0,0.0,1250
마라30ba97aa,0.0,128.9360063,35.26106584,0.0,0.0,0.0,0.0,0.0,0.0,-0.0,-0.0,0.0,1250
마라30ba97ab,0.0,128.936046,35.26331939,0.0,0.0,0.0,0.0,0.0,0.0,-0.0,-0.0,0.0,1250
마라30bb99ba,0.0,128.9391524,35.28356866,0.0,0.0,0.0,0.0,0.0,0.0,-0.0,-0.0,0.0,1250
마라30bb99bb,0.0,128.9391923,35.2858222,0.0,0.0,0.0,0.0,0.0,0.0,-0.0,-0.0,0.0,1250
마라31aa93ab,0.0,128.9409032,35.22719718,0.0,0.0,0.0,0.0,0.0,0.0,-0.0,-0.0,0.0,1250
마라31aa93bb,0.0,128.9409829,35.2317043,0.0,0.0,0.0,0.0,0.0,0.0,-0.0,-0.0,0.0,1250
마라31aa94ab,0.0,128.9410626,35.23621141,0.0,0.0,0.0,0.0,0.0,0.0,-0.0,-0.0,0.0,1250
마라31aa94ba,0.0,128.9411025,35.23846497,0.0,0.0,0.0,0.0,0.0,0.0,-0.0,-0.0,0.0,1250
마마32ba04bb,0.0,128.9592403,35.33066198,0.0,0.0,0.0,0.0,0.0,0.0,-0.0,-0.0,0.0,1250
마마32ba05aa,0.0,128.9592808,35.33291549,0.0,0.0,0.0,0.0,0.0,0.0,-0.0,-0.0,0.0,1250
마라21aa96ab,0.0,128.8314849,35.25549917,0.0,0.0,0.0,0.0,0.0,0.0,-0.0,-0.0,0.0,1250
마라21aa96ba,0.0,128.8315218,35.25775282,0.0,0.0,0.0,0.0,0.0,0.0,-0.0,-0.0,0.0,1250
마라21aa96bb,0.0,128.8315587,35.26000647,0.0,0.0,0.0,0.0,0.0,0.0,-0.0,-0.0,0.0,1250
마라21aa97aa,0.0,128.8315956,35.26226013,0.0,0.0,0.0,0.0,0.0,0.0,-0.0,-0.0,0.0,1250
마라21aa97ab,0.0,128.8316324,35.26451378,0.0,0.0,0.0,0.0,0.0,0.0,-0.0,-0.0,0.0,1250
마라21aa98aa,0.0,128.8317431,35.27127473,0.0,0.0,0.0,0.0,0.0,0.0,-0.0,-0.0,0.0,1250
마라30bb93bb,0.0,128.9382363,35.23173697,0.0,0.0,0.0,0.0,0.0,0.0,-0.0,-0.0,0.0,1250
마라30bb94aa,0.0,128.9382761,35.23399053,0.0,0.0,0.0,0.0,0.0,0.0,-0.0,-0.0,0.0,1250
마라31aa97ab,0.0,128.9415413,35.26325404,0.0,0.0,0.0,0.0,0.0,0.0,-0.0,-0.0,0.0,1250
마라31aa97ba,0.0,128.9415812,35.26550758,0.0,0.0,0.0,0.0,0.0,0.0,-0.0,-0.0,0.0,1250
마라31aa97bb,0.0,128.9416212,35.26776113,0.0,0.0,0.0,0.0,0.0,0.0,-0.0,-0.0,0.0,1250
마라31aa98aa,0.0,128.9416611,35.27001467,0.0,0.0,0.0,0.0,0.0,0.0,-0.0,-0.0,0.0,1250
마라31aa98ab,0.0,128.941701,35.27226822,0.0,0.0,0.0,0.0,0.0,0.0,-0.0,-0.0,0.0,1250
마라31aa98ba,0.0,128.941741,35.27452176,0.0,0.0,0.0,0.0,0.0,0.0,-0.0,-0.0,0.0,1250
마라31aa98bb,0.0,128.9417809,35.2767753,0.0,0.0,0.0,0.0,0.0,0.0,-0.0,-0.0,0.0,1250
마마32ba05ab,0.0,128.9593214,35.33516899,0.0,0.0,0.0,0.0,0.0,0.0,-0.0,-0.0,0.0,1250
마마32bb00aa,0.0,128.9612199,35.28781207,0.0,0.0,0.0,0.0,0.0,0.0,-0.0,-0.0,0.0,1250
마라30bb97bb,0.0,128.9388734,35.26779384,0.0,0.0,0.0,0.0,0.0,0.0,-0.0,-0.0,0.0,1250
마라30bb98aa,0.0,128.9389132,35.27004739,0.0,0.0,0.0,0.0,0.0,0.0,-0.0,-0.0,0.0,1250
마라30bb98ab,0.0,128.9389531,35.27230094,0.0,0.0,0.0,0.0,0.0,0.0,-0.0,-0.0,0.0,1250
마라30bb98ba,0.0,128.9389929,35.27455448,0.0,0.0,0.0,0.0,0.0,0.0,-0.0,-0.0,0.0,1250
마라30bb98bb,0.0,128.9390328,35.27680803,0.0,0.0,0.0,0.0,0.0,0.0,-0.0,-0.0,0.0,1250
마라30bb99aa,0.0,128.9390727,35.27906157,0.0,0.0,0.0,0.0,0.0,0.0,-0.0,-0.0,0.0,1250
마라30bb99ab,0.0,128.9391126,35.28131511,0.0,0.0,0.0,0.0,0.0,0.0,-0.0,-0.0,0.0,1250
마라31ba93aa,0.0,128.946356,35.2248781,0.0,0.0,0.0,0.0,0.0,0.0,-0.0,-0.0,0.0,1250
마라31aa99aa,0.0,128.9418209,35.27902884,0.0,0.0,0.0,0.0,0.0,0.0,-0.0,-0.0,0.0,1250
마라31aa99ab,0.0,128.9418608,35.28128238,0.0,0.0,0.0,0.0,0.0,0.0,-0.0,-0.0,0.0,1250
마라31aa99ba,0.0,128.9419008,35.28353592,0.0,0.0,0.0,0.0,0.0,0.0,-0.0,-0.0,0.0,1250
마라31aa99bb,0.0,128.9419407,35.28578946,0.0,0.0,0.0,0.0,0.0,0.0,-0.0,-0.0,0.0,1250
마라31ab93ab,0.0,128.9436496,35.22716445,0.0,0.0,0.0,0.0,0.0,0.0,-0.0,-0.0,0.0,1250
마라31ab93bb,0.0,128.9437294,35.23167156,0.0,0.0,0.0,0.0,0.0,0.0,-0.0,-0.0,0.0,1250
마라31ab95aa,0.0,128.9439292,35.24293933,0.0,0.0,0.0,0.0,0.0,0.0,-0.0,-0.0,0.0,1250
마라31ab95ab,0.0,128.9439691,35.24519289,0.0,0.0,0.0,0.0,0.0,0.0,-0.0,-0.0,0.0,1250
마라31ab95bb,0.0,128.944049,35.24969999,0.0,0.0,0.0,0.0,0.0,0.0,-0.0,-0.0,0.0,1250
마라31aa95bb,0.0,128.9413019,35.24973274,0.0,0.0,0.0,0.0,0.0,0.0,-0.0,-0.0,0.0,1250
마라31aa96aa,0.0,128.9413418,35.25198629,0.0,0.0,0.0,0.0,0.0,0.0,-0.0,-0.0,0.0,1250
마라31aa96ab,0.0,128.9413817,35.25423984,0.0,0.0,0.0,0.0,0.0,0.0,-0.0,-0.0,0.0,1250
마라31aa96ba,0.0,128.9414216,35.25649339,0.0,0.0,0.0,0.0,0.0,0.0,-0.0,-0.0,0.0,1250
마라31aa96bb,0.0,128.9414615,35.25874694,0.0,0.0,0.0,0.0,0.0,0.0,-0.0,-0.0,0.0,1250
마라31aa97aa,0.0,128.9415014,35.26100049,0.0,0.0,0.0,0.0,0.0,0.0,-0.0,-0.0,0.0,1250
마라21aa90ab,0.0,128.8306014,35.2014112,0.0,0.0,0.0,0.0,0.0,0.0,-0.0,-0.0,0.0,1250
마라21aa90ba,0.0,128.8306382,35.20366488,0.0,0.0,0.0,0.0,0.0,0.0,-0.0,-0.0,0.0,1250
마라31ab96ba,0.0,128.944169,35.25646063,0.0,0.0,0.0,0.0,0.0,0.0,-0.0,-0.0,0.0,1250
마라31ab96bb,0.0,128.944209,35.25871418,0.0,0.0,0.0,0.0,0.0,0.0,-0.0,-0.0,0.0,1250
마라31ab97aa,0.0,128.9442489,35.26096772,0.0,0.0,0.0,0.0,0.0,0.0,-0.0,-0.0,0.0,1250
마라31ab97ab,0.0,128.9442889,35.26322127,0.0,0.0,0.0,0.0,0.0,0.0,-0.0,-0.0,0.0,1250
마라31ab97ba,0.0,128.9443289,35.26547481,0.0,0.0,0.0,0.0,0.0,0.0,-0.0,-0.0,0.0,1250
마라31ab97bb,0.0,128.9443689,35.26772835,0.0,0.0,0.0,0.0,0.0,0.0,-0.0,-0.0,0.0,1250
마라31ab98aa,0.0,128.9444089,35.26998189,0.0,0.0,0.0,0.0,0.0,0.0,-0.0,-0.0,0.0,1250
마라31ab98ab,0.0,128.944449,35.27223543,0.0,0.0,0.0,0.0,0.0,0.0,-0.0,-0.0,0.0,1250
마라31ab98ba,0.0,128.944489,35.27448897,0.0,0.0,0.0,0.0,0.0,0.0,-0.0,-0.0,0.0,1250
마라31ab98bb,0.0,128.944529,35.27674251,0.0,0.0,0.0,0.0,0.0,0.0,-0.0,-0.0,0.0,1250
마라31ab99aa,0.0,128.944569,35.27899605,0.0,0.0,0.0,0.0,0.0,0.0,-0.0,-0.0,0.0,1250
마라31ab99ab,0.0,128.944609,35.28124959,0.0,0.0,0.0,0.0,0.0,0.0,-0.0,-0.0,0.0,1250
마라31ab99ba,0.0,128.9446491,35.28350313,0.0,0.0,0.0,0.0,0.0,0.0,-0.0,-0.0,0.0,1250
마라31ab99bb,0.0,128.9446891,35.28575666,0.0,0.0,0.0,0.0,0.0,0.0,-0.0,-0.0,0.0,1250
마라31ba95ba,0.0,128.9467562,35.24741362,0.0,0.0,0.0,0.0,0.0,0.0,-0.0,-0.0,0.0,1250
마라31ba95bb,0.0,128.9467962,35.24966717,0.0,0.0,0.0,0.0,0.0,0.0,-0.0,-0.0,0.0,1250
마라31ba96aa,0.0,128.9468363,35.25192071,0.0,0.0,0.0,0.0,0.0,0.0,-0.0,-0.0,0.0,1250
마라31ba96ab,0.0,128.9468763,35.25417426,0.0,0.0,0.0,0.0,0.0,0.0,-0.0,-0.0,0.0,1250
마라31ba96ba,0.0,128.9469164,35.2564278,0.0,0.0,0.0,0.0,0.0,0.0,-0.0,-0.0,0.0,1250
마라31ba96bb,0.0,128.9469564,35.25868135,0.0,0.0,0.0,0.0,0.0,0.0,-0.0,-0.0,0.0,1250
마라31ba97aa,0.0,128.9469965,35.26093489,0.0,0.0,0.0,0.0,0.0,0.0,-0.0,-0.0,0.0,1250
마라21aa87aa,0.0,128.8301239,35.17211334,0.0,0.0,0.0,0.0,0.0,0.0,-0.0,-0.0,0.0,1250
마라21aa87ab,0.0,128.8301606,35.17436703,0.0,0.0,0.0,0.0,0.0,0.0,-0.0,-0.0,0.0,1250
마라21aa87ba,0.0,128.8301973,35.17662072,0.0,0.0,0.0,0.0,0.0,0.0,-0.0,-0.0,0.0,1250
마라21aa87bb,0.0,128.830234,35.1788744,0.0,0.0,0.0,0.0,0.0,0.0,-0.0,-0.0,0.0,1250
마라21aa88bb,0.0,128.8303809,35.18788913,0.0,0.0,0.0,0.0,0.0,0.0,-0.0,-0.0,0.0,1250
마라21aa89ab,0.0,128.8304544,35.19239649,0.0,0.0,0.0,0.0,0.0,0.0,-0.0,-0.0,0.0,1250
마라21aa89ba,0.0,128.8304912,35.19465017,0.0,0.0,0.0,0.0,0.0,0.0,-0.0,-0.0,0.0,1250
마라21aa89bb,0.0,128.8305279,35.19690385,0.0,0.0,0.0,0.0,0.0,0.0,-0.0,-0.0,0.0,1250
마라21aa90aa,0.0,128.8305647,35.19915752,0.0,0.0,0.0,0.0,0.0,0.0,-0.0,-0.0,0.0,1250
마라31ba98bb,0.0,128.9472771,35.27670966,0.0,0.0,0.0,0.0,0.0,0.0,-0.0,-0.0,0.0,1250
마라31ba99aa,0.0,128.9473172,35.2789632,0.0,0.0,0.0,0.0,0.0,0.0,-0.0,-0.0,0.0,1250
마라31ba99ab,0.0,128.9473573,35.28121673,0.0,0.0,0.0,0.0,0.0,0.0,-0.0,-0.0,0.0,1250
마라31ba99ba,0.0,128.9473974,35.28347027,0.0,0.0,0.0,0.0,0.0,0.0,-0.0,-0.0,0.0,1250
마라31ba99bb,0.0,128.9474375,35.2857238,0.0,0.0,0.0,0.0,0.0,0.0,-0.0,-0.0,0.0,1250
마라31bb93aa,0.0,128.9491023,35.22484525,0.0,0.0,0.0,0.0,0.0,0.0,-0.0,-0.0,0.0,1250
마라31bb93ab,0.0,128.9491424,35.2270988,0.0,0.0,0.0,0.0,0.0,0.0,-0.0,-0.0,0.0,1250
마라21aa85ab,0.0,128.829867,35.15633751,0.0,0.0,0.0,0.0,0.0,0.0,-0.0,-0.0,0.0,1250
마라21aa85ba,0.0,128.8299037,35.15859121,0.0,0.0,0.0,0.0,0.0,0.0,-0.0,-0.0,0.0,1250
마라21aa85bb,0.0,128.8299404,35.1608449,0.0,0.0,0.0,0.0,0.0,0.0,-0.0,-0.0,0.0,1250
마라31ba93ab,0.0,128.946396,35.22713166,0.0,0.0,0.0,0.0,0.0,0.0,-0.0,-0.0,0.0,1250
마라31ba93ba,0.0,128.946436,35.22938521,0.0,0.0,0.0,0.0,0.0,0.0,-0.0,-0.0,0.0,1250
마마32bb00ab,0.0,128.9612604,35.29006559,0.0,0.0,0.0,0.0,0.0,0.0,-0.0,-0.0,0.0,1250
마마32bb00ba,0.0,128.9613009,35.29231911,0.0,0.0,0.0,0.0,0.0,0.0,-0.0,-0.0,0.0,1250
마마32bb00bb,0.0,128.9613414,35.29457262,0.0,0.0,0.0,0.0,0.0,0.0,-0.0,-0.0,0.0,1250
마마32bb01aa,0.0,128.9613819,35.29682614,0.0,0.0,0.0,0.0,0.0,0.0,-0.0,-0.0,0.0,1250
마라31bb95bb,0.0,128.9495434,35.24963429,0.0,0.0,0.0,0.0,0.0,0.0,-0.0,-0.0,0.0,1250
마라31bb96aa,0.0,128.9495835,35.25188783,0.0,0.0,0.0,0.0,0.0,0.0,-0.0,-0.0,0.0,1250
마라31bb96ab,0.0,128.9496236,35.25414137,0.0,0.0,0.0,0.0,0.0,0.0,-0.0,-0.0,0.0,1250
마라31bb96ba,0.0,128.9496638,35.25639491,0.0,0.0,0.0,0.0,0.0,0.0,-0.0,-0.0,0.0,1250
마라31bb96bb,0.0,128.9497039,35.25864846,0.0,0.0,0.0,0.0,0.0,0.0,-0.0,-0.0,0.0,1250
마라31bb97aa,0.0,128.949744,35.260902,0.0,0.0,0.0,0.0,0.0,0.0,-0.0,-0.0,0.0,1250
마라31bb97ab,0.0,128.9497842,35.26315553,0.0,0.0,0.0,0.0,0.0,0.0,-0.0,-0.0,0.0,1250
마라31bb97ba,0.0,128.9498243,35.26540907,0.0,0.0,0.0,0.0,0.0,0.0,-0.0,-0.0,0.0,1250
마라31bb97bb,0.0,128.9498645,35.26766261,0.0,0.0,0.0,0.0,0.0,0.0,-0.0,-0.0,0.0,1250
마라31bb98aa,0.0,128.9499047,35.26991615,0.0,0.0,0.0,0.0,0.0,0.0,-0.0,-0.0,0.0,1250
마라31ba97ab,0.0,128.9470366,35.26318843,0.0,0.0,0.0,0.0,0.0,0.0,-0.0,-0.0,0.0,1250
마라31ba97ba,0.0,128.9470766,35.26544197,0.0,0.0,0.0,0.0,0.0,0.0,-0.0,-0.0,0.0,1250
마라31ba97bb,0.0,128.9471167,35.26769551,0.0,0.0,0.0,0.0,0.0,0.0,-0.0,-0.0,0.0,1250
마라31ba98aa,0.0,128.9471568,35.26994905,0.0,0.0,0.0,0.0,0.0,0.0,-0.0,-0.0,0.0,1250
마라31ba98ab,0.0,128.9471969,35.27220259,0.0,0.0,0.0,0.0,0.0,0.0,-0.0,-0.0,0.0,1250
마라31ba98ba,0.0,128.947237,35.27445613,0.0,0.0,0.0,0.0,0.0,0.0,-0.0,-0.0,0.0,1250
마라31bb99ab,0.0,128.9501055,35.28118381,0.0,0.0,0.0,0.0,0.0,0.0,-0.0,-0.0,0.0,1250
마라31bb99ba,0.0,128.9501457,35.28343735,0.0,0.0,0.0,0.0,0.0,0.0,-0.0,-0.0,0.0,1250
마라31bb99bb,0.0,128.9501859,35.28569088,0.0,0.0,0.0,0.0,0.0,0.0,-0.0,-0.0,0.0,1250
마라32aa93aa,0.0,128.9518487,35.22481234,0.0,0.0,0.0,0.0,0.0,0.0,-0.0,-0.0,0.0,1250
마라32aa93ab,0.0,128.9518888,35.22706589,0.0,0.0,0.0,0.0,0.0,0.0,-0.0,-0.0,0.0,1250
마라32aa94bb,0.0,128.9521298,35.24058717,0.0,0.0,0.0,0.0,0.0,0.0,-0.0,-0.0,0.0,1250
마라32aa95aa,0.0,128.95217,35.24284072,0.0,0.0,0.0,0.0,0.0,0.0,-0.0,-0.0,0.0,1250
마마32bb01ab,0.0,128.9614224,35.29907965,0.0,0.0,0.0,0.0,0.0,0.0,-0.0,-0.0,0.0,1250
마라20bb96bb,0.0,128.828811,35.26003668,0.0,0.0,0.0,0.0,0.0,0.0,-0.0,-0.0,0.0,1250
마라20bb97aa,0.0,128.8288478,35.26229034,0.0,0.0,0.0,0.0,0.0,0.0,-0.0,-0.0,0.0,1250
마라20bb97ab,0.0,128.8288846,35.26454399,0.0,0.0,0.0,0.0,0.0,0.0,-0.0,-0.0,0.0,1250
마라20bb97ba,0.0,128.8289214,35.26679765,0.0,0.0,0.0,0.0,0.0,0.0,-0.0,-0.0,0.0,1250
마라31bb94bb,0.0,128.9493829,35.2406201,0.0,0.0,0.0,0.0,0.0,0.0,-0.0,-0.0,0.0,1250
마라31bb95aa,0.0,128.949423,35.24287365,0.0,0.0,0.0,0.0,0.0,0.0,-0.0,-0.0,0.0,1250
마라31bb95ab,0.0,128.9494632,35.2451272,0.0,0.0,0.0,0.0,0.0,0.0,-0.0,-0.0,0.0,1250
마라31bb95ba,0.0,128.9495033,35.24738074,0.0,0.0,0.0,0.0,0.0,0.0,-0.0,-0.0,0.0,1250
마라32aa96ab,0.0,128.952371,35.25410842,0.0,0.0,0.0,0.0,0.0,0.0,-0.0,-0.0,0.0,1250
마라32aa96ba,0.0,128.9524112,35.25636196,0.0,0.0,0.0,0.0,0.0,0.0,-0.0,-0.0,0.0,1250
마라32aa96bb,0.0,128.9524514,35.2586155,0.0,0.0,0.0,0.0,0.0,0.0,-0.0,-0.0,0.0,1250
마라32aa97aa,0.0,128.9524916,35.26086904,0.0,0.0,0.0,0.0,0.0,0.0,-0.0,-0.0,0.0,1250
마라32aa97ab,0.0,128.9525318,35.26312257,0.0,0.0,0.0,0.0,0.0,0.0,-0.0,-0.0,0.0,1250
마라32aa97ba,0.0,128.952572,35.26537611,0.0,0.0,0.0,0.0,0.0,0.0,-0.0,-0.0,0.0,1250
마라32aa97bb,0.0,128.9526123,35.26762964,0.0,0.0,0.0,0.0,0.0,0.0,-0.0,-0.0,0.0,1250
마라32aa98aa,0.0,128.9526525,35.26988318,0.0,0.0,0.0,0.0,0.0,0.0,-0.0,-0.0,0.0,1250
마라32aa98ab,0.0,128.9526927,35.27213671,0.0,0.0,0.0,0.0,0.0,0.0,-0.0,-0.0,0.0,1250
마라32aa98ba,0.0,128.952733,35.27439024,0.0,0.0,0.0,0.0,0.0,0.0,-0.0,-0.0,0.0,1250
마라32aa98bb,0.0,128.9527732,35.27664377,0.0,0.0,0.0,0.0,0.0,0.0,-0.0,-0.0,0.0,1250
마라32aa99aa,0.0,128.9528135,35.2788973,0.0,0.0,0.0,0.0,0.0,0.0,-0.0,-0.0,0.0,1250
마라31bb98ab,0.0,128.9499448,35.27216968,0.0,0.0,0.0,0.0,0.0,0.0,-0.0,-0.0,0.0,1250
마라31bb98ba,0.0,128.949985,35.27442322,0.0,0.0,0.0,0.0,0.0,0.0,-0.0,-0.0,0.0,1250
마라31bb98bb,0.0,128.9500252,35.27667675,0.0,0.0,0.0,0.0,0.0,0.0,-0.0,-0.0,0.0,1250
마라31bb99aa,0.0,128.9500653,35.27893028,0.0,0.0,0.0,0.0,0.0,0.0,-0.0,-0.0,0.0,1250
마라32ab93ba,0.0,128.9546754,35.22928646,0.0,0.0,0.0,0.0,0.0,0.0,-0.0,-0.0,0.0,1250
마라32ab94aa,0.0,128.9547559,35.23379355,0.0,0.0,0.0,0.0,0.0,0.0,-0.0,-0.0,0.0,1250
마라32ab94bb,0.0,128.9548767,35.24055418,0.0,0.0,0.0,0.0,0.0,0.0,-0.0,-0.0,0.0,1250
마라32ab95aa,0.0,128.9549169,35.24280772,0.0,0.0,0.0,0.0,0.0,0.0,-0.0,-0.0,0.0,1250
마라32ab95ab,0.0,128.9549572,35.24506126,0.0,0.0,0.0,0.0,0.0,0.0,-0.0,-0.0,0.0,1250
마라32ab95ba,0.0,128.9549974,35.2473148,0.0,0.0,0.0,0.0,0.0,0.0,-0.0,-0.0,0.0,1250
마라32ab95bb,0.0,128.9550377,35.24956834,0.0,0.0,0.0,0.0,0.0,0.0,-0.0,-0.0,0.0,1250
마마32ba00ba,0.0,128.9585523,35.29235229,0.0,0.0,0.0,0.0,0.0,0.0,-0.0,-0.0,0.0,1250
마라20bb89bb,0.0,128.8277824,35.19693399,0.0,0.0,0.0,0.0,0.0,0.0,-0.0,-0.0,0.0,1250
마마32ba00bb,0.0,128.9585927,35.29460581,0.0,0.0,0.0,0.0,0.0,0.0,-0.0,-0.0,0.0,1250
마마32ba02bb,0.0,128.9589164,35.31263392,0.0,0.0,0.0,0.0,0.0,0.0,-0.0,-0.0,0.0,1250
마라20bb93ab,0.0,128.8282963,35.22848542,0.0,0.0,0.0,0.0,0.0,0.0,-0.0,-0.0,0.0,1250
마라32aa95ab,0.0,128.9522102,35.24509426,0.0,0.0,0.0,0.0,0.0,0.0,-0.0,-0.0,0.0,1250
마라32aa95ba,0.0,128.9522504,35.2473478,0.0,0.0,0.0,0.0,0.0,0.0,-0.0,-0.0,0.0,1250
마라32aa95bb,0.0,128.9522906,35.24960134,0.0,0.0,0.0,0.0,0.0,0.0,-0.0,-0.0,0.0,1250
마라32aa96aa,0.0,128.9523308,35.25185488,0.0,0.0,0.0,0.0,0.0,0.0,-0.0,-0.0,0.0,1250
마라32ab97ba,0.0,128.9553197,35.26534309,0.0,0.0,0.0,0.0,0.0,0.0,-0.0,-0.0,0.0,1250
마라32ab97bb,0.0,128.95536,35.26759662,0.0,0.0,0.0,0.0,0.0,0.0,-0.0,-0.0,0.0,1250
마라32ab98aa,0.0,128.9554003,35.26985015,0.0,0.0,0.0,0.0,0.0,0.0,-0.0,-0.0,0.0,1250
마라32ab98ab,0.0,128.9554407,35.27210368,0.0,0.0,0.0,0.0,0.0,0.0,-0.0,-0.0,0.0,1250
마라32ab98ba,0.0,128.955481,35.27435721,0.0,0.0,0.0,0.0,0.0,0.0,-0.0,-0.0,0.0,1250
마라32ab98bb,0.0,128.9555213,35.27661074,0.0,0.0,0.0,0.0,0.0,0.0,-0.0,-0.0,0.0,1250
마라32ab99aa,0.0,128.9555616,35.27886426,0.0,0.0,0.0,0.0,0.0,0.0,-0.0,-0.0,0.0,1250
마라32ab99ab,0.0,128.955602,35.28111779,0.0,0.0,0.0,0.0,0.0,0.0,-0.0,-0.0,0.0,1250
마라32ab99ba,0.0,128.9556423,35.28337132,0.0,0.0,0.0,0.0,0.0,0.0,-0.0,-0.0,0.0,1250
마라32ab99bb,0.0,128.9556826,35.28562484,0.0,0.0,0.0,0.0,0.0,0.0,-0.0,-0.0,0.0,1250
마라32ba93aa,0.0,128.9573413,35.22474633,0.0,0.0,0.0,0.0,0.0,0.0,-0.0,-0.0,0.0,1250
마라32aa99ab,0.0,128.9528537,35.28115083,0.0,0.0,0.0,0.0,0.0,0.0,-0.0,-0.0,0.0,1250
마라32aa99ba,0.0,128.952894,35.28340436,0.0,0.0,0.0,0.0,0.0,0.0,-0.0,-0.0,0.0,1250
마라32aa99bb,0.0,128.9529343,35.28565789,0.0,0.0,0.0,0.0,0.0,0.0,-0.0,-0.0,0.0,1250
마라32ab93aa,0.0,128.954595,35.22477936,0.0,0.0,0.0,0.0,0.0,0.0,-0.0,-0.0,0.0,1250
마라32ab93ab,0.0,128.9546352,35.22703291,0.0,0.0,0.0,0.0,0.0,0.0,-0.0,-0.0,0.0,1250
마라32ba94ab,0.0,128.9575429,35.23601404,0.0,0.0,0.0,0.0,0.0,0.0,-0.0,-0.0,0.0,1250
마라32ba94ba,0.0,128.9575832,35.23826758,0.0,0.0,0.0,0.0,0.0,0.0,-0.0,-0.0,0.0,1250
마라32ba94bb,0.0,128.9576235,35.24052112,0.0,0.0,0.0,0.0,0.0,0.0,-0.0,-0.0,0.0,1250
마라32ba95aa,0.0,128.9576638,35.24277466,0.0,0.0,0.0,0.0,0.0,0.0,-0.0,-0.0,0.0,1250
마라32ba95ab,0.0,128.9577042,35.2450282,0.0,0.0,0.0,0.0,0.0,0.0,-0.0,-0.0,0.0,1250
마마32ba03ba,0.0,128.9590378,35.31939445,0.0,0.0,0.0,0.0,0.0,0.0,-0.0,-0.0,0.0,1250
마마32ba04aa,0.0,128.9591188,35.32390147,0.0,0.0,0.0,0.0,0.0,0.0,-0.0,-0.0,0.0,1250
마라20bb88ab,0.0,128.8275624,35.18341189,0.0,0.0,0.0,0.0,0.0,0.0,-0.0,-0.0,0.0,1250
마마33aa01aa,0.0,128.9641307,35.29679289,0.0,0.0,0.0,0.0,0.0,0.0,-0.0,-0.0,0.0,1250
마마33aa01ab,0.0,128.9641713,35.2990464,0.0,0.0,0.0,0.0,0.0,0.0,-0.0,-0.0,0.0,1250
마라20bb89aa,0.0,128.8276724,35.19017294,0.0,0.0,0.0,0.0,0.0,0.0,-0.0,-0.0,0.0,1250
마라32ab96ab,0.0,128.9551183,35.25407541,0.0,0.0,0.0,0.0,0.0,0.0,-0.0,-0.0,0.0,1250
마라32ab96ba,0.0,128.9551586,35.25632895,0.0,0.0,0.0,0.0,0.0,0.0,-0.0,-0.0,0.0,1250
마라32ab96bb,0.0,128.9551988,35.25858249,0.0,0.0,0.0,0.0,0.0,0.0,-0.0,-0.0,0.0,1250
마라32ab97aa,0.0,128.9552391,35.26083602,0.0,0.0,0.0,0.0,0.0,0.0,-0.0,-0.0,0.0,1250
마라32ab97ab,0.0,128.9552794,35.26308955,0.0,0.0,0.0,0.0,0.0,0.0,-0.0,-0.0,0.0,1250
마라32ba97bb,0.0,128.9581078,35.26756353,0.0,0.0,0.0,0.0,0.0,0.0,-0.0,-0.0,0.0,1250
마라32ba98aa,0.0,128.9581482,35.26981706,0.0,0.0,0.0,0.0,0.0,0.0,-0.0,-0.0,0.0,1250
마라32ba98ab,0.0,128.9581886,35.27207058,0.0,0.0,0.0,0.0,0.0,0.0,-0.0,-0.0,0.0,1250
마라32ba98ba,0.0,128.958229,35.27432411,0.0,0.0,0.0,0.0,0.0,0.0,-0.0,-0.0,0.0,1250
마라32ba98bb,0.0,128.9582694,35.27657764,0.0,0.0,0.0,0.0,0.0,0.0,-0.0,-0.0,0.0,1250
마라32ba99aa,0.0,128.9583098,35.27883116,0.0,0.0,0.0,0.0,0.0,0.0,-0.0,-0.0,0.0,1250
마라32ba99ab,0.0,128.9583502,35.28108468,0.0,0.0,0.0,0.0,0.0,0.0,-0.0,-0.0,0.0,1250
마라32ba99ba,0.0,128.9583906,35.28333821,0.0,0.0,0.0,0.0,0.0,0.0,-0.0,-0.0,0.0,1250
마라32ba99bb,0.0,128.958431,35.28559173,0.0,0.0,0.0,0.0,0.0,0.0,-0.0,-0.0,0.0,1250
마라32bb93aa,0.0,128.9600876,35.22471323,0.0,0.0,0.0,0.0,0.0,0.0,-0.0,-0.0,0.0,1250
마라32bb93ab,0.0,128.960128,35.22696677,0.0,0.0,0.0,0.0,0.0,0.0,-0.0,-0.0,0.0,1250
마라32bb93ba,0.0,128.9601684,35.22922031,0.0,0.0,0.0,0.0,0.0,0.0,-0.0,-0.0,0.0,1250
마라32bb94aa,0.0,128.9602492,35.23372739,0.0,0.0,0.0,0.0,0.0,0.0,-0.0,-0.0,0.0,1250
마라32ba93ab,0.0,128.9573816,35.22699987,0.0,0.0,0.0,0.0,0.0,0.0,-0.0,-0.0,0.0,1250
마라32ba93ba,0.0,128.9574219,35.22925342,0.0,0.0,0.0,0.0,0.0,0.0,-0.0,-0.0,0.0,1250
마라32ba94aa,0.0,128.9575025,35.2337605,0.0,0.0,0.0,0.0,0.0,0.0,-0.0,-0.0,0.0,1250
마라32bb96bb,0.0,128.9606938,35.25851627,0.0,0.0,0.0,0.0,0.0,0.0,-0.0,-0.0,0.0,1250
마마33aa01ba,0.0,128.9642119,35.30129991,0.0,0.0,0.0,0.0,0.0,0.0,-0.0,-0.0,0.0,1250
마라32bb97ba,0.0,128.9608151,35.26527685,0.0,0.0,0.0,0.0,0.0,0.0,-0.0,-0.0,0.0,1250
마라32bb97bb,0.0,128.9608556,35.26753038,0.0,0.0,0.0,0.0,0.0,0.0,-0.0,-0.0,0.0,1250
마라32bb98aa,0.0,128.960896,35.2697839,0.0,0.0,0.0,0.0,0.0,0.0,-0.0,-0.0,0.0,1250
마라10bb96aa,0.0,128.7188003,35.25443267,0.0,0.0,0.0,0.0,0.0,0.0,-0.0,-0.0,0.0,1250
마라20ba97aa,0.0,128.8261001,35.26232049,0.0,0.0,0.0,0.0,0.0,0.0,-0.0,-0.0,0.0,1250
마라20ba97ab,0.0,128.8261368,35.26457414,0.0,0.0,0.0,0.0,0.0,0.0,-0.0,-0.0,0.0,1250
마라20ba97ba,0.0,128.8261735,35.2668278,0.0,0.0,0.0,0.0,0.0,0.0,-0.0,-0.0,0.0,1250
마라20ba99ab,0.0,128.8264307,35.28260337,0.0,0.0,0.0,0.0,0.0,0.0,-0.0,-0.0,0.0,1250
마라20ba99ba,0.0,128.8264675,35.28485702,0.0,0.0,0.0,0.0,0.0,0.0,-0.0,-0.0,0.0,1250
마라20ba99bb,0.0,128.8265043,35.28711066,0.0,0.0,0.0,0.0,0.0,0.0,-0.0,-0.0,0.0,1250
마라20bb85ab,0.0,128.8271228,35.15636761,0.0,0.0,0.0,0.0,0.0,0.0,-0.0,-0.0,0.0,1250
마라20bb85ba,0.0,128.8271594,35.1586213,0.0,0.0,0.0,0.0,0.0,0.0,-0.0,-0.0,0.0,1250
마라32ba97ab,0.0,128.958027,35.26305647,0.0,0.0,0.0,0.0,0.0,0.0,-0.0,-0.0,0.0,1250
마라32ba97ba,0.0,128.9580674,35.26531,0.0,0.0,0.0,0.0,0.0,0.0,-0.0,-0.0,0.0,1250
마라32bb99ab,0.0,128.9610984,35.28105152,0.0,0.0,0.0,0.0,0.0,0.0,-0.0,-0.0,0.0,1250
마라32bb99ba,0.0,128.9611389,35.28330504,0.0,0.0,0.0,0.0,0.0,0.0,-0.0,-0.0,0.0,1250
마라32bb99bb,0.0,128.9611794,35.28555855,0.0,0.0,0.0,0.0,0.0,0.0,-0.0,-0.0,0.0,1250
마라33aa93ab,0.0,128.9628744,35.2269336,0.0,0.0,0.0,0.0,0.0,0.0,-0.0,-0.0,0.0,1250
마라33aa94aa,0.0,128.9629958,35.23369422,0.0,0.0,0.0,0.0,0.0,0.0,-0.0,-0.0,0.0,1250
마라33aa94ab,0.0,128.9630362,35.23594775,0.0,0.0,0.0,0.0,0.0,0.0,-0.0,-0.0,0.0,1250
마라10bb96ab,0.0,128.718834,35.25668643,0.0,0.0,0.0,0.0,0.0,0.0,-0.0,-0.0,0.0,1250
마라33aa94bb,0.0,128.9631172,35.24045482,0.0,0.0,0.0,0.0,0.0,0.0,-0.0,-0.0,0.0,1250
마라20ba93ba,0.0,128.8255864,35.2307692,0.0,0.0,0.0,0.0,0.0,0.0,-0.0,-0.0,0.0,1250
마라20ba93bb,0.0,128.825623,35.23302287,0.0,0.0,0.0,0.0,0.0,0.0,-0.0,-0.0,0.0,1250
마라10bb96ba,0.0,128.7188678,35.25894018,0.0,0.0,0.0,0.0,0.0,0.0,-0.0,-0.0,0.0,1250
마라10bb96bb,0.0,128.7189015,35.26119393,0.0,0.0,0.0,0.0,0.0,0.0,-0.0,-0.0,0.0,1250
마라10bb97aa,0.0,128.7189353,35.26344768,0.0,0.0,0.0,0.0,0.0,0.0,-0.0,-0.0,0.0,1250
마라32bb94ab,0.0,128.9602896,35.23598093,0.0,0.0,0.0,0.0,0.0,0.0,-0.0,-0.0,0.0,1250
마라32bb96ab,0.0,128.9606129,35.25400921,0.0,0.0,0.0,0.0,0.0,0.0,-0.0,-0.0,0.0,1250
마라32bb96ba,0.0,128.9606533,35.25626274,0.0,0.0,0.0,0.0,0.0,0.0,-0.0,-0.0,0.0,1250
마라33aa96ab,0.0,128.9633602,35.25397601,0.0,0.0,0.0,0.0,0.0,0.0,-0.0,-0.0,0.0,1250
마라33aa96ba,0.0,128.9634007,35.25622954,0.0,0.0,0.0,0.0,0.0,0.0,-0.0,-0.0,0.0,1250
마라33aa96bb,0.0,128.9634412,35.25848306,0.0,0.0,0.0,0.0,0.0,0.0,-0.0,-0.0,0.0,1250
마라33aa97aa,0.0,128.9634817,35.26073659,0.0,0.0,0.0,0.0,0.0,0.0,-0.0,-0.0,0.0,1250
마라33aa97ba,0.0,128.9635628,35.26524364,0.0,0.0,0.0,0.0,0.0,0.0,-0.0,-0.0,0.0,1250
마라33aa97bb,0.0,128.9636033,35.26749716,0.0,0.0,0.0,0.0,0.0,0.0,-0.0,-0.0,0.0,1250
마라33aa98aa,0.0,128.9636439,35.26975068,0.0,0.0,0.0,0.0,0.0,0.0,-0.0,-0.0,0.0,1250
마라33aa98ab,0.0,128.9636844,35.27200421,0.0,0.0,0.0,0.0,0.0,0.0,-0.0,-0.0,0.0,1250
마라33aa98ba,0.0,128.9637249,35.27425773,0.0,0.0,0.0,0.0,0.0,0.0,-0.0,-0.0,0.0,1250
마라33aa98bb,0.0,128.9637655,35.27651125,0.0,0.0,0.0,0.0,0.0,0.0,-0.0,-0.0,0.0,1250
마라33aa99aa,0.0,128.9638061,35.27876477,0.0,0.0,0.0,0.0,0.0,0.0,-0.0,-0.0,0.0,1250
마라33aa99ab,0.0,128.9638466,35.28101828,0.0,0.0,0.0,0.0,0.0,0.0,-0.0,-0.0,0.0,1250
마라32bb98ab,0.0,128.9609365,35.27203743,0.0,0.0,0.0,0.0,0.0,0.0,-0.0,-0.0,0.0,1250
마라32bb98ba,0.0,128.960977,35.27429095,0.0,0.0,0.0,0.0,0.0,0.0,-0.0,-0.0,0.0,1250
마라32bb98bb,0.0,128.9610174,35.27654447,0.0,0.0,0.0,0.0,0.0,0.0,-0.0,-0.0,0.0,1250
마라32bb99aa,0.0,128.9610579,35.27879799,0.0,0.0,0.0,0.0,0.0,0.0,-0.0,-0.0,0.0,1250
마라33aa99ba,0.0,128.9638872,35.2832718,0.0,0.0,0.0,0.0,0.0,0.0,-0.0,-0.0,0.0,1250
마라33aa99bb,0.0,128.9639278,35.28552532,0.0,0.0,0.0,0.0,0.0,0.0,-0.0,-0.0,0.0,1250
마라33ab93ab,0.0,128.9656208,35.22690038,0.0,0.0,0.0,0.0,0.0,0.0,-0.0,-0.0,0.0,1250
마라10bb97ab,0.0,128.718969,35.26570143,0.0,0.0,0.0,0.0,0.0,0.0,-0.0,-0.0,0.0,1250
마라33ab94aa,0.0,128.9657424,35.23366098,0.0,0.0,0.0,0.0,0.0,0.0,-0.0,-0.0,0.0,1250
마라10bb97ba,0.0,128.7190028,35.26795518,0.0,0.0,0.0,0.0,0.0,0.0,-0.0,-0.0,0.0,1250
마라33ab94bb,0.0,128.965864,35.24042158,0.0,0.0,0.0,0.0,0.0,0.0,-0.0,-0.0,0.0,1250
마라33ab95aa,0.0,128.9659046,35.24267511,0.0,0.0,0.0,0.0,0.0,0.0,-0.0,-0.0,0.0,1250
마라33ab95ab,0.0,128.9659452,35.24492864,0.0,0.0,0.0,0.0,0.0,0.0,-0.0,-0.0,0.0,1250
마라33ab95ba,0.0,128.9659857,35.24718217,0.0,0.0,0.0,0.0,0.0,0.0,-0.0,-0.0,0.0,1250
마라33ab95bb,0.0,128.9660263,35.2494357,0.0,0.0,0.0,0.0,0.0,0.0,-0.0,-0.0,0.0,1250
마라33ab96aa,0.0,128.9660669,35.25168922,0.0,0.0,0.0,0.0,0.0,0.0,-0.0,-0.0,0.0,1250
마라33ab96ab,0.0,128.9661075,35.25394275,0.0,0.0,0.0,0.0,0.0,0.0,-0.0,-0.0,0.0,1250
마라33ab96ba,0.0,128.9661481,35.25619627,0.0,0.0,0.0,0.0,0.0,0.0,-0.0,-0.0,0.0,1250
마라33aa95bb,0.0,128.9632792,35.24946895,0.0,0.0,0.0,0.0,0.0,0.0,-0.0,-0.0,0.0,1250
마라33aa96aa,0.0,128.9633197,35.25172248,0.0,0.0,0.0,0.0,0.0,0.0,-0.0,-0.0,0.0,1250
마라33ab98ba,0.0,128.9664729,35.27422444,0.0,0.0,0.0,0.0,0.0,0.0,-0.0,-0.0,0.0,1250
마라33ab98bb,0.0,128.9665136,35.27647796,0.0,0.0,0.0,0.0,0.0,0.0,-0.0,-0.0,0.0,1250
마라33ab99aa,0.0,128.9665542,35.27873148,0.0,0.0,0.0,0.0,0.0,0.0,-0.0,-0.0,0.0,1250
마라33ab99ab,0.0,128.9665948,35.28098499,0.0,0.0,0.0,0.0,0.0,0.0,-0.0,-0.0,0.0,1250
마라33ab99ba,0.0,128.9666355,35.28323851,0.0,0.0,0.0,0.0,0.0,0.0,-0.0,-0.0,0.0,1250
마라33ab99bb,0.0,128.9666761,35.28549202,0.0,0.0,0.0,0.0,0.0,0.0,-0.0,-0.0,0.0,1250
마라33ba93ab,0.0,128.9683671,35.22686709,0.0,0.0,0.0,0.0,0.0,0.0,-0.0,-0.0,0.0,1250
마라10bb97bb,0.0,128.7190366,35.27020893,0.0,0.0,0.0,0.0,0.0,0.0,-0.0,-0.0,0.0,1250
마라20ba88ba,0.0,128.8248539,35.18569564,0.0,0.0,0.0,0.0,0.0,0.0,-0.0,-0.0,0.0,1250
마라20ba89aa,0.0,128.8249271,35.19020301,0.0,0.0,0.0,0.0,0.0,0.0,-0.0,-0.0,0.0,1250
마라20ba89bb,0.0,128.8250369,35.19696406,0.0,0.0,0.0,0.0,0.0,0.0,-0.0,-0.0,0.0,1250
마라20ba90aa,0.0,128.8250735,35.19921775,0.0,0.0,0.0,0.0,0.0,0.0,-0.0,-0.0,0.0,1250
마라20ba90ab,0.0,128.8251101,35.20147143,0.0,0.0,0.0,0.0,0.0,0.0,-0.0,-0.0,0.0,1250
마라10bb98aa,0.0,128.7190703,35.27246268,0.0,0.0,0.0,0.0,0.0,0.0,-0.0,-0.0,0.0,1250
마라10bb98ab,0.0,128.7191041,35.27471642,0.0,0.0,0.0,0.0,0.0,0.0,-0.0,-0.0,0.0,1250
마라10bb98bb,0.0,128.7191717,35.27922391,0.0,0.0,0.0,0.0,0.0,0.0,-0.0,-0.0,0.0,1250
마라33ba95bb,0.0,128.9687734,35.24940238,0.0,0.0,0.0,0.0,0.0,0.0,-0.0,-0.0,0.0,1250
마라33ba96aa,0.0,128.9688141,35.2516559,0.0,0.0,0.0,0.0,0.0,0.0,-0.0,-0.0,0.0,1250
마라33ba96ab,0.0,128.9688548,35.25390943,0.0,0.0,0.0,0.0,0.0,0.0,-0.0,-0.0,0.0,1250
마라33ba96ba,0.0,128.9688954,35.25616295,0.0,0.0,0.0,0.0,0.0,0.0,-0.0,-0.0,0.0,1250
마라33ba96bb,0.0,128.9689361,35.25841647,0.0,0.0,0.0,0.0,0.0,0.0,-0.0,-0.0,0.0,1250
마라33ba97aa,0.0,128.9689768,35.26066999,0.0,0.0,0.0,0.0,0.0,0.0,-0.0,-0.0,0.0,1250
마라33ba97ab,0.0,128.9690174,35.26292351,0.0,0.0,0.0,0.0,0.0,0.0,-0.0,-0.0,0.0,1250
마라33ba97ba,0.0,128.9690581,35.26517703,0.0,0.0,0.0,0.0,0.0,0.0,-0.0,-0.0,0.0,1250
마라33ba97bb,0.0,128.9690988,35.26743055,0.0,0.0,0.0,0.0,0.0,0.0,-0.0,-0.0,0.0,1250
마라33ab96bb,0.0,128.9661887,35.2584498,0.0,0.0,0.0,0.0,0.0,0.0,-0.0,-0.0,0.0,1250
마라33ab97aa,0.0,128.9662292,35.26070332,0.0,0.0,0.0,0.0,0.0,0.0,-0.0,-0.0,0.0,1250
마라33ab97ab,0.0,128.9662698,35.26295684,0.0,0.0,0.0,0.0,0.0,0.0,-0.0,-0.0,0.0,1250
마라33ab97ba,0.0,128.9663105,35.26521037,0.0,0.0,0.0,0.0,0.0,0.0,-0.0,-0.0,0.0,1250
마라33ab97bb,0.0,128.9663511,35.26746389,0.0,0.0,0.0,0.0,0.0,0.0,-0.0,-0.0,0.0,1250
마라33ab98aa,0.0,128.9663917,35.26971741,0.0,0.0,0.0,0.0,0.0,0.0,-0.0,-0.0,0.0,1250
마라33ab98ab,0.0,128.9664323,35.27197092,0.0,0.0,0.0,0.0,0.0,0.0,-0.0,-0.0,0.0,1250
마라33ba99bb,0.0,128.9694245,35.28545866,0.0,0.0,0.0,0.0,0.0,0.0,-0.0,-0.0,0.0,1250
마라33bb93ab,0.0,128.9711135,35.22683374,0.0,0.0,0.0,0.0,0.0,0.0,-0.0,-0.0,0.0,1250
마라10bb95ba,0.0,128.7187328,35.24992516,0.0,0.0,0.0,0.0,0.0,0.0,-0.0,-0.0,0.0,1250
마라20ab99ab,0.0,128.8236823,35.28263348,0.0,0.0,0.0,0.0,0.0,0.0,-0.0,-0.0,0.0,1250
마라20ab99bb,0.0,128.8237557,35.28714078,0.0,0.0,0.0,0.0,0.0,0.0,-0.0,-0.0,0.0,1250
마라20ba85ab,0.0,128.8243787,35.15639764,0.0,0.0,0.0,0.0,0.0,0.0,-0.0,-0.0,0.0,1250
마라20ba85ba,0.0,128.8244152,35.15865134,0.0,0.0,0.0,0.0,0.0,0.0,-0.0,-0.0,0.0,1250
마라20ba85bb,0.0,128.8244517,35.16090503,0.0,0.0,0.0,0.0,0.0,0.0,-0.0,-0.0,0.0,1250
마라10bb95bb,0.0,128.7187665,35.25217892,0.0,0.0,0.0,0.0,0.0,0.0,-0.0,-0.0,0.0,1250
마마33aa01bb,0.0,128.9642525,35.30355342,0.0,0.0,0.0,0.0,0.0,0.0,-0.0,-0.0,0.0,1250
마마33aa02aa,0.0,128.9642931,35.30580693,0.0,0.0,0.0,0.0,0.0,0.0,-0.0,-0.0,0.0,1250
마라20ba88ab,0.0,128.8248173,35.18344195,0.0,0.0,0.0,0.0,0.0,0.0,-0.0,-0.0,0.0,1250
마라33ba94ab,0.0,128.9685296,35.23588121,0.0,0.0,0.0,0.0,0.0,0.0,-0.0,-0.0,0.0,1250
마라33ba94ba,0.0,128.9685702,35.23813474,0.0,0.0,0.0,0.0,0.0,0.0,-0.0,-0.0,0.0,1250
마라33ba95aa,0.0,128.9686515,35.2426418,0.0,0.0,0.0,0.0,0.0,0.0,-0.0,-0.0,0.0,1250
마라33ba95ba,0.0,128.9687328,35.24714885,0.0,0.0,0.0,0.0,0.0,0.0,-0.0,-0.0,0.0,1250
마라33bb96bb,0.0,128.9716835,35.25838308,0.0,0.0,0.0,0.0,0.0,0.0,-0.0,-0.0,0.0,1250
마라33bb97aa,0.0,128.9717243,35.2606366,0.0,0.0,0.0,0.0,0.0,0.0,-0.0,-0.0,0.0,1250
마라33bb97ab,0.0,128.971765,35.26289011,0.0,0.0,0.0,0.0,0.0,0.0,-0.0,-0.0,0.0,1250
마라33bb97ba,0.0,128.9718058,35.26514363,0.0,0.0,0.0,0.0,0.0,0.0,-0.0,-0.0,0.0,1250
마라33bb97bb,0.0,128.9718466,35.26739715,0.0,0.0,0.0,0.0,0.0,0.0,-0.0,-0.0,0.0,1250
마라33bb98aa,0.0,128.9718873,35.26965066,0.0,0.0,0.0,0.0,0.0,0.0,-0.0,-0.0,0.0,1250
마마33aa03bb,0.0,128.9645775,35.32158146,0.0,0.0,0.0,0.0,0.0,0.0,-0.0,-0.0,0.0,1250
마라33bb98ba,0.0,128.9719689,35.27415769,0.0,0.0,0.0,0.0,0.0,0.0,-0.0,-0.0,0.0,1250
마라33bb98bb,0.0,128.9720096,35.2764112,0.0,0.0,0.0,0.0,0.0,0.0,-0.0,-0.0,0.0,1250
마라33bb99aa,0.0,128.9720504,35.27866471,0.0,0.0,0.0,0.0,0.0,0.0,-0.0,-0.0,0.0,1250
마라33ba98aa,0.0,128.9691395,35.26968406,0.0,0.0,0.0,0.0,0.0,0.0,-0.0,-0.0,0.0,1250
마라33ba98ba,0.0,128.9692209,35.2741911,0.0,0.0,0.0,0.0,0.0,0.0,-0.0,-0.0,0.0,1250
마라33ba98bb,0.0,128.9692616,35.27644461,0.0,0.0,0.0,0.0,0.0,0.0,-0.0,-0.0,0.0,1250
마라33ba99aa,0.0,128.9693023,35.27869812,0.0,0.0,0.0,0.0,0.0,0.0,-0.0,-0.0,0.0,1250
마라33ba99ab,0.0,128.969343,35.28095164,0.0,0.0,0.0,0.0,0.0,0.0,-0.0,-0.0,0.0,1250
마라33ba99ba,0.0,128.9693837,35.28320515,0.0,0.0,0.0,0.0,0.0,0.0,-0.0,-0.0,0.0,1250
마라34aa95ba,0.0,128.9742269,35.24708204,0.0,0.0,0.0,0.0,0.0,0.0,-0.0,-0.0,0.0,1250
마라34aa96aa,0.0,128.9743085,35.25158908,0.0,0.0,0.0,0.0,0.0,0.0,-0.0,-0.0,0.0,1250
마라34aa96ab,0.0,128.9743493,35.25384259,0.0,0.0,0.0,0.0,0.0,0.0,-0.0,-0.0,0.0,1250
마라20ab95ab,0.0,128.8230959,35.24657494,0.0,0.0,0.0,0.0,0.0,0.0,-0.0,-0.0,0.0,1250
마라20ab95ba,0.0,128.8231325,35.2488286,0.0,0.0,0.0,0.0,0.0,0.0,-0.0,-0.0,0.0,1250
마라20ab95bb,0.0,128.8231692,35.25108227,0.0,0.0,0.0,0.0,0.0,0.0,-0.0,-0.0,0.0,1250
마마33aa04ba,0.0,128.9646994,35.32834196,0.0,0.0,0.0,0.0,0.0,0.0,-0.0,-0.0,0.0,1250
마라20ab97ba,0.0,128.8234256,35.26685789,0.0,0.0,0.0,0.0,0.0,0.0,-0.0,-0.0,0.0,1250
마라20ab97bb,0.0,128.8234623,35.26911155,0.0,0.0,0.0,0.0,0.0,0.0,-0.0,-0.0,0.0,1250
마라20ab98aa,0.0,128.823499,35.27136521,0.0,0.0,0.0,0.0,0.0,0.0,-0.0,-0.0,0.0,1250
마마33aa04bb,0.0,128.9647401,35.33059546,0.0,0.0,0.0,0.0,0.0,0.0,-0.0,-0.0,0.0,1250
마라33bb95ba,0.0,128.9714799,35.24711548,0.0,0.0,0.0,0.0,0.0,0.0,-0.0,-0.0,0.0,1250
마라33bb95bb,0.0,128.9715206,35.249369,0.0,0.0,0.0,0.0,0.0,0.0,-0.0,-0.0,0.0,1250
마라33bb96aa,0.0,128.9715613,35.25162252,0.0,0.0,0.0,0.0,0.0,0.0,-0.0,-0.0,0.0,1250
마라33bb96ab,0.0,128.971602,35.25387604,0.0,0.0,0.0,0.0,0.0,0.0,-0.0,-0.0,0.0,1250
마라33bb96ba,0.0,128.9716428,35.25612956,0.0,0.0,0.0,0.0,0.0,0.0,-0.0,-0.0,0.0,1250
마라34aa97ab,0.0,128.9745126,35.26285666,0.0,0.0,0.0,0.0,0.0,0.0,-0.0,-0.0,0.0,1250
마라34aa97ba,0.0,128.9745534,35.26511017,0.0,0.0,0.0,0.0,0.0,0.0,-0.0,-0.0,0.0,1250
마라34aa97bb,0.0,128.9745943,35.26736368,0.0,0.0,0.0,0.0,0.0,0.0,-0.0,-0.0,0.0,1250
마라34aa98aa,0.0,128.9746351,35.26961719,0.0,0.0,0.0,0.0,0.0,0.0,-0.0,-0.0,0.0,1250
마라34aa98ba,0.0,128.9747168,35.27412421,0.0,0.0,0.0,0.0,0.0,0.0,-0.0,-0.0,0.0,1250
마라34aa98bb,0.0,128.9747577,35.27637772,0.0,0.0,0.0,0.0,0.0,0.0,-0.0,-0.0,0.0,1250
마라34aa99ba,0.0,128.9748803,35.28313824,0.0,0.0,0.0,0.0,0.0,0.0,-0.0,-0.0,0.0,1250
마라34aa99bb,0.0,128.9749212,35.28539175,0.0,0.0,0.0,0.0,0.0,0.0,-0.0,-0.0,0.0,1250
마라34ab93ab,0.0,128.9766063,35.22676685,0.0,0.0,0.0,0.0,0.0,0.0,-0.0,-0.0,0.0,1250
마라33bb99ab,0.0,128.9720912,35.28091822,0.0,0.0,0.0,0.0,0.0,0.0,-0.0,-0.0,0.0,1250
마라33bb99ba,0.0,128.972132,35.28317173,0.0,0.0,0.0,0.0,0.0,0.0,-0.0,-0.0,0.0,1250
마라33bb99bb,0.0,128.9721728,35.28542524,0.0,0.0,0.0,0.0,0.0,0.0,-0.0,-0.0,0.0,1250
마라34aa93ab,0.0,128.9738599,35.22680032,0.0,0.0,0.0,0.0,0.0,0.0,-0.0,-0.0,0.0,1250
마마33aa05aa,0.0,128.9647808,35.33284896,0.0,0.0,0.0,0.0,0.0,0.0,-0.0,-0.0,0.0,1250
마라34aa94aa,0.0,128.9739822,35.2335609,0.0,0.0,0.0,0.0,0.0,0.0,-0.0,-0.0,0.0,1250
마라34aa94bb,0.0,128.9741045,35.24032147,0.0,0.0,0.0,0.0,0.0,0.0,-0.0,-0.0,0.0,1250
마라34ab95bb,0.0,128.9770148,35.24930205,0.0,0.0,0.0,0.0,0.0,0.0,-0.0,-0.0,0.0,1250
마라34ab96aa,0.0,128.9770557,35.25155557,0.0,0.0,0.0,0.0,0.0,0.0,-0.0,-0.0,0.0,1250
마라34ab96ab,0.0,128.9770966,35.25380908,0.0,0.0,0.0,0.0,0.0,0.0,-0.0,-0.0,0.0,1250
마라34ab96ba,0.0,128.9771375,35.2560626,0.0,0.0,0.0,0.0,0.0,0.0,-0.0,-0.0,0.0,1250
마라34ab96bb,0.0,128.9771784,35.25831611,0.0,0.0,0.0,0.0,0.0,0.0,-0.0,-0.0,0.0,1250
마라34ab97aa,0.0,128.9772193,35.26056962,0.0,0.0,0.0,0.0,0.0,0.0,-0.0,-0.0,0.0,1250
마마33ab00aa,0.0,128.9667168,35.28774553,0.0,0.0,0.0,0.0,0.0,0.0,-0.0,-0.0,0.0,1250
마마33ab00ab,0.0,128.9667574,35.28999904,0.0,0.0,0.0,0.0,0.0,0.0,-0.0,-0.0,0.0,1250
마마32bb04aa,0.0,128.9618685,35.32386825,0.0,0.0,0.0,0.0,0.0,0.0,-0.0,-0.0,0.0,1250
마라20ab93ba,0.0,128.8228397,35.23079926,0.0,0.0,0.0,0.0,0.0,0.0,-0.0,-0.0,0.0,1250
마마32bb05aa,0.0,128.9620308,35.33288225,0.0,0.0,0.0,0.0,0.0,0.0,-0.0,-0.0,0.0,1250
마라20ab94bb,0.0,128.8230227,35.2420676,0.0,0.0,0.0,0.0,0.0,0.0,-0.0,-0.0,0.0,1250
마라20ab95aa,0.0,128.8230593,35.24432127,0.0,0.0,0.0,0.0,0.0,0.0,-0.0,-0.0,0.0,1250
마라34aa96ba,0.0,128.9743901,35.25609611,0.0,0.0,0.0,0.0,0.0,0.0,-0.0,-0.0,0.0,1250
마라34aa96bb,0.0,128.974431,35.25834963,0.0,0.0,0.0,0.0,0.0,0.0,-0.0,-0.0,0.0,1250
마라34aa97aa,0.0,128.9744718,35.26060314,0.0,0.0,0.0,0.0,0.0,0.0,-0.0,-0.0,0.0,1250
마마33aa00aa,0.0,128.9639683,35.28777883,0.0,0.0,0.0,0.0,0.0,0.0,-0.0,-0.0,0.0,1250
마라34ab98aa,0.0,128.9773829,35.26958366,0.0,0.0,0.0,0.0,0.0,0.0,-0.0,-0.0,0.0,1250
마라34ab99ba,0.0,128.9776285,35.2831047,0.0,0.0,0.0,0.0,0.0,0.0,-0.0,-0.0,0.0,1250
마라34ab99bb,0.0,128.9776695,35.2853582,0.0,0.0,0.0,0.0,0.0,0.0,-0.0,-0.0,0.0,1250
마마33aa00ab,0.0,128.9640089,35.29003235,0.0,0.0,0.0,0.0,0.0,0.0,-0.0,-0.0,0.0,1250
마라34ba94ab,0.0,128.9795163,35.23574739,0.0,0.0,0.0,0.0,0.0,0.0,-0.0,-0.0,0.0,1250
마라34ba94ba,0.0,128.9795572,35.23800091,0.0,0.0,0.0,0.0,0.0,0.0,-0.0,-0.0,0.0,1250
마라34ba94bb,0.0,128.9795982,35.24025443,0.0,0.0,0.0,0.0,0.0,0.0,-0.0,-0.0,0.0,1250
마마33aa00ba,0.0,128.9640495,35.29228586,0.0,0.0,0.0,0.0,0.0,0.0,-0.0,-0.0,0.0,1250
마라20ab89ba,0.0,128.8222548,35.19474039,0.0,0.0,0.0,0.0,0.0,0.0,-0.0,-0.0,0.0,1250
마라20ab89bb,0.0,128.8222913,35.19699408,0.0,0.0,0.0,0.0,0.0,0.0,-0.0,-0.0,0.0,1250
마라20ab91aa,0.0,128.822474,35.20826249,0.0,0.0,0.0,0.0,0.0,0.0,-0.0,-0.0,0.0,1250
마라34ab94ba,0.0,128.9768105,35.23803446,0.0,0.0,0.0,0.0,0.0,0.0,-0.0,-0.0,0.0,1250
마라34ab94bb,0.0,128.9768513,35.24028798,0.0,0.0,0.0,0.0,0.0,0.0,-0.0,-0.0,0.0,1250
마라34ab95aa,0.0,128.9768922,35.2425415,0.0,0.0,0.0,0.0,0.0,0.0,-0.0,-0.0,0.0,1250
마라34ab95ba,0.0,128.976974,35.24704854,0.0,0.0,0.0,0.0,0.0,0.0,-0.0,-0.0,0.0,1250
마라20aa95aa,0.0,128.8203122,35.24435128,0.0,0.0,0.0,0.0,0.0,0.0,-0.0,-0.0,0.0,1250
마라20aa95ab,0.0,128.8203487,35.24660494,0.0,0.0,0.0,0.0,0.0,0.0,-0.0,-0.0,0.0,1250
마라20aa95ba,0.0,128.8203853,35.24885861,0.0,0.0,0.0,0.0,0.0,0.0,-0.0,-0.0,0.0,1250
마라20aa95bb,0.0,128.8204218,35.25111228,0.0,0.0,0.0,0.0,0.0,0.0,-0.0,-0.0,0.0,1250
마마33aa00bb,0.0,128.9640901,35.29453938,0.0,0.0,0.0,0.0,0.0,0.0,-0.0,-0.0,0.0,1250
마라20aa97bb,0.0,128.8207143,35.26914158,0.0,0.0,0.0,0.0,0.0,0.0,-0.0,-0.0,0.0,1250
마라20aa98aa,0.0,128.8207509,35.27139524,0.0,0.0,0.0,0.0,0.0,0.0,-0.0,-0.0,0.0,1250
마라20aa98ab,0.0,128.8207875,35.2736489,0.0,0.0,0.0,0.0,0.0,0.0,-0.0,-0.0,0.0,1250
마라20aa98ba,0.0,128.8208241,35.27590256,0.0,0.0,0.0,0.0,0.0,0.0,-0.0,-0.0,0.0,1250
마라20aa98bb,0.0,128.8208607,35.27815621,0.0,0.0,0.0,0.0,0.0,0.0,-0.0,-0.0,0.0,1250
마라20aa99aa,0.0,128.8208973,35.28040987,0.0,0.0,0.0,0.0,0.0,0.0,-0.0,-0.0,0.0,1250
마라20aa99bb,0.0,128.8210071,35.28717083,0.0,0.0,0.0,0.0,0.0,0.0,-0.0,-0.0,0.0,1250
마라20ab85ab,0.0,128.8216345,35.15642761,0.0,0.0,0.0,0.0,0.0,0.0,-0.0,-0.0,0.0,1250
마라20ab85ba,0.0,128.8216709,35.15868131,0.0,0.0,0.0,0.0,0.0,0.0,-0.0,-0.0,0.0,1250
마라20ab85bb,0.0,128.8217074,35.16093501,0.0,0.0,0.0,0.0,0.0,0.0,-0.0,-0.0,0.0,1250
마라20ab86aa,0.0,128.8217439,35.16318871,0.0,0.0,0.0,0.0,0.0,0.0,-0.0,-0.0,0.0,1250
마라20aa88ba,0.0,128.8193636,35.18575559,0.0,0.0,0.0,0.0,0.0,0.0,-0.0,-0.0,0.0,1250
마라20aa88bb,0.0,128.8194,35.18800928,0.0,0.0,0.0,0.0,0.0,0.0,-0.0,-0.0,0.0,1250
마마33ab01ba,0.0,128.9669608,35.30126659,0.0,0.0,0.0,0.0,0.0,0.0,-0.0,-0.0,0.0,1250
마마33ab01bb,0.0,128.9670014,35.3035201,0.0,0.0,0.0,0.0,0.0,0.0,-0.0,-0.0,0.0,1250
마마33ab02aa,0.0,128.9670421,35.3057736,0.0,0.0,0.0,0.0,0.0,0.0,-0.0,-0.0,0.0,1250
마라20aa91ab,0.0,128.8197646,35.21054614,0.0,0.0,0.0,0.0,0.0,0.0,-0.0,-0.0,0.0,1250
마마33ab02ab,0.0,128.9670828,35.30802711,0.0,0.0,0.0,0.0,0.0,0.0,-0.0,-0.0,0.0,1250
마마33ab03bb,0.0,128.9673271,35.32154812,0.0,0.0,0.0,0.0,0.0,0.0,-0.0,-0.0,0.0,1250
마마33ab04aa,0.0,128.9673678,35.32380162,0.0,0.0,0.0,0.0,0.0,0.0,-0.0,-0.0,0.0,1250
마라34ba95ab,0.0,128.97968,35.24476146,0.0,0.0,0.0,0.0,0.0,0.0,-0.0,-0.0,0.0,1250
마라34ba95ba,0.0,128.979721,35.24701497,0.0,0.0,0.0,0.0,0.0,0.0,-0.0,-0.0,0.0,1250
마라34ba95bb,0.0,128.9797619,35.24926849,0.0,0.0,0.0,0.0,0.0,0.0,-0.0,-0.0,0.0,1250
마라34ba96ab,0.0,128.9798439,35.25377551,0.0,0.0,0.0,0.0,0.0,0.0,-0.0,-0.0,0.0,1250
마라34ba98bb,0.0,128.9802538,35.27631059,0.0,0.0,0.0,0.0,0.0,0.0,-0.0,-0.0,0.0,1250
마라20aa94ba,0.0,128.8202391,35.23984394,0.0,0.0,0.0,0.0,0.0,0.0,-0.0,-0.0,0.0,1250
마라20aa94bb,0.0,128.8202756,35.24209761,0.0,0.0,0.0,0.0,0.0,0.0,-0.0,-0.0,0.0,1250
마라35aa93ba,0.0,128.9848864,35.22891956,0.0,0.0,0.0,0.0,0.0,0.0,-0.0,-0.0,0.0,1250
마마33ab04ab,0.0,128.9674085,35.32605512,0.0,0.0,0.0,0.0,0.0,0.0,-0.0,-0.0,0.0,1250
마라19bb97bb,0.0,128.8179663,35.26917155,0.0,0.0,0.0,0.0,0.0,0.0,-0.0,-0.0,0.0,1250
마라19bb98aa,0.0,128.8180029,35.27142521,0.0,0.0,0.0,0.0,0.0,0.0,-0.0,-0.0,0.0,1250
마라19bb98ab,0.0,128.8180394,35.27367888,0.0,0.0,0.0,0.0,0.0,0.0,-0.0,-0.0,0.0,1250
마라19bb98ba,0.0,128.8180759,35.27593254,0.0,0.0,0.0,0.0,0.0,0.0,-0.0,-0.0,0.0,1250
마라19bb98bb,0.0,128.8181124,35.27818619,0.0,0.0,0.0,0.0,0.0,0.0,-0.0,-0.0,0.0,1250
마라20aa85ba,0.0,128.8189267,35.15871122,0.0,0.0,0.0,0.0,0.0,0.0,-0.0,-0.0,0.0,1250
마라20aa85bb,0.0,128.8189631,35.16096492,0.0,0.0,0.0,0.0,0.0,0.0,-0.0,-0.0,0.0,1250
마라34ba99bb,0.0,128.9804178,35.28532459,0.0,0.0,0.0,0.0,0.0,0.0,-0.0,-0.0,0.0,1250
마라10ba97ab,0.0,128.7162211,35.26572909,0.0,0.0,0.0,0.0,0.0,0.0,-0.0,-0.0,0.0,1250
마라10ba97ba,0.0,128.7162547,35.26798284,0.0,0.0,0.0,0.0,0.0,0.0,-0.0,-0.0,0.0,1250
마라34bb94bb,0.0,128.982345,35.24022081,0.0,0.0,0.0,0.0,0.0,0.0,-0.0,-0.0,0.0,1250
마라20aa86aa,0.0,128.8189995,35.16321862,0.0,0.0,0.0,0.0,0.0,0.0,-0.0,-0.0,0.0,1250
마라10ba97bb,0.0,128.7162884,35.27023659,0.0,0.0,0.0,0.0,0.0,0.0,-0.0,-0.0,0.0,1250
마라20aa88aa,0.0,128.8192907,35.1812482,0.0,0.0,0.0,0.0,0.0,0.0,-0.0,-0.0,0.0,1250
마라35aa98aa,0.0,128.9856263,35.2694827,0.0,0.0,0.0,0.0,0.0,0.0,-0.0,-0.0,0.0,1250
마라10bb94bb,0.0,128.7186316,35.24316389,0.0,0.0,0.0,0.0,0.0,0.0,-0.0,-0.0,0.0,1250
마라19bb94ba,0.0,128.8174921,35.23987387,0.0,0.0,0.0,0.0,0.0,0.0,-0.0,-0.0,0.0,1250
마라19bb94bb,0.0,128.8175286,35.24212755,0.0,0.0,0.0,0.0,0.0,0.0,-0.0,-0.0,0.0,1250
마라19bb95aa,0.0,128.817565,35.24438122,0.0,0.0,0.0,0.0,0.0,0.0,-0.0,-0.0,0.0,1250
마라19bb95ab,0.0,128.8176015,35.24663489,0.0,0.0,0.0,0.0,0.0,0.0,-0.0,-0.0,0.0,1250
마라19bb95ba,0.0,128.817638,35.24888856,0.0,0.0,0.0,0.0,0.0,0.0,-0.0,-0.0,0.0,1250
마라10bb95aa,0.0,128.7186653,35.24541765,0.0,0.0,0.0,0.0,0.0,0.0,-0.0,-0.0,0.0,1250
마라10bb95ab,0.0,128.7186991,35.24767141,0.0,0.0,0.0,0.0,0.0,0.0,-0.0,-0.0,0.0,1250
마마33ba00aa,0.0,128.9694652,35.28771217,0.0,0.0,0.0,0.0,0.0,0.0,-0.0,-0.0,0.0,1250
마라34bb97ba,0.0,128.9827964,35.26500941,0.0,0.0,0.0,0.0,0.0,0.0,-0.0,-0.0,0.0,1250
마라34bb97bb,0.0,128.9828375,35.26726292,0.0,0.0,0.0,0.0,0.0,0.0,-0.0,-0.0,0.0,1250
마라34bb98aa,0.0,128.9828785,35.26951642,0.0,0.0,0.0,0.0,0.0,0.0,-0.0,-0.0,0.0,1250
마라34bb98bb,0.0,128.9830018,35.27627692,0.0,0.0,0.0,0.0,0.0,0.0,-0.0,-0.0,0.0,1250
마마33ba00ab,0.0,128.9695059,35.28996568,0.0,0.0,0.0,0.0,0.0,0.0,-0.0,-0.0,0.0,1250
마마33ba00ba,0.0,128.9695467,35.29221919,0.0,0.0,0.0,0.0,0.0,0.0,-0.0,-0.0,0.0,1250
마라35ab95ba,0.0,128.9879621,35.24691391,0.0,0.0,0.0,0.0,0.0,0.0,-0.0,-0.0,0.0,1250
마라35ab95bb,0.0,128.9880033,35.24916742,0.0,0.0,0.0,0.0,0.0,0.0,-0.0,-0.0,0.0,1250
마라19bb85ba,0.0,128.8161824,35.15874107,0.0,0.0,0.0,0.0,0.0,0.0,-0.0,-0.0,0.0,1250
마라19bb85bb,0.0,128.8162187,35.16099477,0.0,0.0,0.0,0.0,0.0,0.0,-0.0,-0.0,0.0,1250
마라19bb86aa,0.0,128.816255,35.16324848,0.0,0.0,0.0,0.0,0.0,0.0,-0.0,-0.0,0.0,1250
마라19bb88aa,0.0,128.8165457,35.18127807,0.0,0.0,0.0,0.0,0.0,0.0,-0.0,-0.0,0.0,1250
마라19bb88ab,0.0,128.816582,35.18353177,0.0,0.0,0.0,0.0,0.0,0.0,-0.0,-0.0,0.0,1250
마라19bb88ba,0.0,128.8166184,35.18578546,0.0,0.0,0.0,0.0,0.0,0.0,-0.0,-0.0,0.0,1250
마마33ba00bb,0.0,128.9695874,35.29447269,0.0,0.0,0.0,0.0,0.0,0.0,-0.0,-0.0,0.0,1250
마마33ba01aa,0.0,128.9696281,35.2967262,0.0,0.0,0.0,0.0,0.0,0.0,-0.0,-0.0,0.0,1250
마라35aa95ba,0.0,128.9852151,35.24694766,0.0,0.0,0.0,0.0,0.0,0.0,-0.0,-0.0,0.0,1250
마라35aa95bb,0.0,128.9852562,35.24920117,0.0,0.0,0.0,0.0,0.0,0.0,-0.0,-0.0,0.0,1250
마라35aa96aa,0.0,128.9852973,35.25145468,0.0,0.0,0.0,0.0,0.0,0.0,-0.0,-0.0,0.0,1250
마라35aa96bb,0.0,128.9854206,35.25821519,0.0,0.0,0.0,0.0,0.0,0.0,-0.0,-0.0,0.0,1250
마라35aa97ba,0.0,128.985544,35.2649757,0.0,0.0,0.0,0.0,0.0,0.0,-0.0,-0.0,0.0,1250
마라35aa97bb,0.0,128.9855852,35.2672292,0.0,0.0,0.0,0.0,0.0,0.0,-0.0,-0.0,0.0,1250
마라19ba98ab,0.0,128.8152912,35.27370879,0.0,0.0,0.0,0.0,0.0,0.0,-0.0,-0.0,0.0,1250
마라19ba98ba,0.0,128.8153277,35.27596245,0.0,0.0,0.0,0.0,0.0,0.0,-0.0,-0.0,0.0,1250
마라19ba98bb,0.0,128.8153641,35.27821611,0.0,0.0,0.0,0.0,0.0,0.0,-0.0,-0.0,0.0,1250
마라35ab96ab,0.0,128.9880857,35.25367442,0.0,0.0,0.0,0.0,0.0,0.0,-0.0,-0.0,0.0,1250
마라35ab96ba,0.0,128.9881269,35.25592793,0.0,0.0,0.0,0.0,0.0,0.0,-0.0,-0.0,0.0,1250
마라35ab96bb,0.0,128.9881681,35.25818143,0.0,0.0,0.0,0.0,0.0,0.0,-0.0,-0.0,0.0,1250
마라35ab97aa,0.0,128.9882093,35.26043493,0.0,0.0,0.0,0.0,0.0,0.0,-0.0,-0.0,0.0,1250
마라35ab97ab,0.0,128.9882505,35.26268843,0.0,0.0,0.0,0.0,0.0,0.0,-0.0,-0.0,0.0,1250
마라35ab98ab,0.0,128.9884153,35.27170242,0.0,0.0,0.0,0.0,0.0,0.0,-0.0,-0.0,0.0,1250
마라35ab99bb,0.0,128.9886628,35.28522338,0.0,0.0,0.0,0.0,0.0,0.0,-0.0,-0.0,0.0,1250
마라35aa98ab,0.0,128.9856675,35.2717362,0.0,0.0,0.0,0.0,0.0,0.0,-0.0,-0.0,0.0,1250
마마33ba01ab,0.0,128.9696689,35.29897971,0.0,0.0,0.0,0.0,0.0,0.0,-0.0,-0.0,0.0,1250
마라35aa99ba,0.0,128.9858733,35.28300369,0.0,0.0,0.0,0.0,0.0,0.0,-0.0,-0.0,0.0,1250
마마33ba01ba,0.0,128.9697096,35.30123321,0.0,0.0,0.0,0.0,0.0,0.0,-0.0,-0.0,0.0,1250
마마33ba01bb,0.0,128.9697504,35.30348671,0.0,0.0,0.0,0.0,0.0,0.0,-0.0,-0.0,0.0,1250
마라35ab95ab,0.0,128.9879209,35.2446604,0.0,0.0,0.0,0.0,0.0,0.0,-0.0,-0.0,0.0,1250
마라35ba96ba,0.0,128.9908742,35.2558941,0.0,0.0,0.0,0.0,0.0,0.0,-0.0,-0.0,0.0,1250
마라35ba97ab,0.0,128.990998,35.2626546,0.0,0.0,0.0,0.0,0.0,0.0,-0.0,-0.0,0.0,1250
마라35ba97ba,0.0,128.9910393,35.26490809,0.0,0.0,0.0,0.0,0.0,0.0,-0.0,-0.0,0.0,1250
마라19ba92bb,0.0,128.8144906,35.224128,0.0,0.0,0.0,0.0,0.0,0.0,-0.0,-0.0,0.0,1250
마라19ba94bb,0.0,128.8147815,35.24215743,0.0,0.0,0.0,0.0,0.0,0.0,-0.0,-0.0,0.0,1250
마라19ba95aa,0.0,128.8148179,35.2444111,0.0,0.0,0.0,0.0,0.0,0.0,-0.0,-0.0,0.0,1250
마라19ba95ab,0.0,128.8148543,35.24666477,0.0,0.0,0.0,0.0,0.0,0.0,-0.0,-0.0,0.0,1250
마라19ba95ba,0.0,128.8148907,35.24891845,0.0,0.0,0.0,0.0,0.0,0.0,-0.0,-0.0,0.0,1250
마라19ba95bb,0.0,128.8149271,35.25117212,0.0,0.0,0.0,0.0,0.0,0.0,-0.0,-0.0,0.0,1250
마라19ba96aa,0.0,128.8149635,35.25342579,0.0,0.0,0.0,0.0,0.0,0.0,-0.0,-0.0,0.0,1250
마라19ba96ab,0.0,128.8149999,35.25567946,0.0,0.0,0.0,0.0,0.0,0.0,-0.0,-0.0,0.0,1250
마라19ba97aa,0.0,128.8151091,35.26244046,0.0,0.0,0.0,0.0,0.0,0.0,-0.0,-0.0,0.0,1250
마라19ba97ab,0.0,128.8151455,35.26469413,0.0,0.0,0.0,0.0,0.0,0.0,-0.0,-0.0,0.0,1250
마라19ba97ba,0.0,128.8151819,35.2669478,0.0,0.0,0.0,0.0,0.0,0.0,-0.0,-0.0,0.0,1250
마라19ba97bb,0.0,128.8152184,35.26920146,0.0,0.0,0.0,0.0,0.0,0.0,-0.0,-0.0,0.0,1250
마라19ba98aa,0.0,128.8152548,35.27145513,0.0,0.0,0.0,0.0,0.0,0.0,-0.0,-0.0,0.0,1250
마라35ba98aa,0.0,128.9911219,35.26941509,0.0,0.0,0.0,0.0,0.0,0.0,-0.0,-0.0,0.0,1250
마라35ba99ba,0.0,128.9913698,35.28293604,0.0,0.0,0.0,0.0,0.0,0.0,-0.0,-0.0,0.0,1250
마라35ba99bb,0.0,128.9914111,35.28518952,0.0,0.0,0.0,0.0,0.0,0.0,-0.0,-0.0,0.0,1250
마라35bb95ba,0.0,128.9934561,35.24684622,0.0,0.0,0.0,0.0,0.0,0.0,-0.0,-0.0,0.0,1250
마마33ba02aa,0.0,128.9697912,35.30574022,0.0,0.0,0.0,0.0,0.0,0.0,-0.0,-0.0,0.0,1250
마라19ba88aa,0.0,128.8138007,35.18130788,0.0,0.0,0.0,0.0,0.0,0.0,-0.0,-0.0,0.0,1250
마라19ba88ab,0.0,128.813837,35.18356158,0.0,0.0,0.0,0.0,0.0,0.0,-0.0,-0.0,0.0,1250
마라19ba88ba,0.0,128.8138732,35.18581528,0.0,0.0,0.0,0.0,0.0,0.0,-0.0,-0.0,0.0,1250
마라19ba88bb,0.0,128.8139095,35.18806898,0.0,0.0,0.0,0.0,0.0,0.0,-0.0,-0.0,0.0,1250
마라19ba89aa,0.0,128.8139458,35.19032267,0.0,0.0,0.0,0.0,0.0,0.0,-0.0,-0.0,0.0,1250
마라35ba95aa,0.0,128.9906266,35.24237309,0.0,0.0,0.0,0.0,0.0,0.0,-0.0,-0.0,0.0,1250
마라35ba95ab,0.0,128.9906679,35.24462659,0.0,0.0,0.0,0.0,0.0,0.0,-0.0,-0.0,0.0,1250
마라35ba95ba,0.0,128.9907091,35.2468801,0.0,0.0,0.0,0.0,0.0,0.0,-0.0,-0.0,0.0,1250
마라35ba95bb,0.0,128.9907504,35.2491336,0.0,0.0,0.0,0.0,0.0,0.0,-0.0,-0.0,0.0,1250
마라35ba96aa,0.0,128.9907916,35.2513871,0.0,0.0,0.0,0.0,0.0,0.0,-0.0,-0.0,0.0,1250
마라35ba96ab,0.0,128.9908329,35.2536406,0.0,0.0,0.0,0.0,0.0,0.0,-0.0,-0.0,0.0,1250
마마33ba03aa,0.0,128.9699543,35.31475422,0.0,0.0,0.0,0.0,0.0,0.0,-0.0,-0.0,0.0,1250
마마33ba03ab,0.0,128.9699951,35.31700772,0.0,0.0,0.0,0.0,0.0,0.0,-0.0,-0.0,0.0,1250
마라19ab97ba,0.0,128.812434,35.26697764,0.0,0.0,0.0,0.0,0.0,0.0,-0.0,-0.0,0.0,1250
마라19ab97bb,0.0,128.8124704,35.26923131,0.0,0.0,0.0,0.0,0.0,0.0,-0.0,-0.0,0.0,1250
마라19ab98aa,0.0,128.8125067,35.27148497,0.0,0.0,0.0,0.0,0.0,0.0,-0.0,-0.0,0.0,1250
마라19ab98ab,0.0,128.8125431,35.27373864,0.0,0.0,0.0,0.0,0.0,0.0,-0.0,-0.0,0.0,1250
마라19ab98ba,0.0,128.8125795,35.2759923,0.0,0.0,0.0,0.0,0.0,0.0,-0.0,-0.0,0.0,1250
마라19ab98bb,0.0,128.8126158,35.27824597,0.0,0.0,0.0,0.0,0.0,0.0,-0.0,-0.0,0.0,1250
마라19ab99aa,0.0,128.8126522,35.28049963,0.0,0.0,0.0,0.0,0.0,0.0,-0.0,-0.0,0.0,1250
마라19ab99ab,0.0,128.8126886,35.28275329,0.0,0.0,0.0,0.0,0.0,0.0,-0.0,-0.0,0.0,1250
마라19ab99ba,0.0,128.812725,35.28500695,0.0,0.0,0.0,0.0,0.0,0.0,-0.0,-0.0,0.0,1250
마라19ab99bb,0.0,128.8127613,35.28726061,0.0,0.0,0.0,0.0,0.0,0.0,-0.0,-0.0,0.0,1250
마라19ba85ba,0.0,128.8134382,35.15877086,0.0,0.0,0.0,0.0,0.0,0.0,-0.0,-0.0,0.0,1250
마라19ba85bb,0.0,128.8134744,35.16102456,0.0,0.0,0.0,0.0,0.0,0.0,-0.0,-0.0,0.0,1250
마라19ba86aa,0.0,128.8135106,35.16327827,0.0,0.0,0.0,0.0,0.0,0.0,-0.0,-0.0,0.0,1250
마마33ab00ba,0.0,128.9667981,35.29225256,0.0,0.0,0.0,0.0,0.0,0.0,-0.0,-0.0,0.0,1250
마라36aa94aa,0.0,128.9959548,35.23329128,0.0,0.0,0.0,0.0,0.0,0.0,-0.0,-0.0,0.0,1250
마라36aa94ab,0.0,128.9959962,35.23554479,0.0,0.0,0.0,0.0,0.0,0.0,-0.0,-0.0,0.0,1250
마마33ab00bb,0.0,128.9668387,35.29450607,0.0,0.0,0.0,0.0,0.0,0.0,-0.0,-0.0,0.0,1250
마라36aa96ab,0.0,128.9963274,35.25357277,0.0,0.0,0.0,0.0,0.0,0.0,-0.0,-0.0,0.0,1250
마라36aa96ba,0.0,128.9963688,35.25582627,0.0,0.0,0.0,0.0,0.0,0.0,-0.0,-0.0,0.0,1250
마라36aa96bb,0.0,128.9964103,35.25807976,0.0,0.0,0.0,0.0,0.0,0.0,-0.0,-0.0,0.0,1250
마라36aa97aa,0.0,128.9964517,35.26033325,0.0,0.0,0.0,0.0,0.0,0.0,-0.0,-0.0,0.0,1250
마라36aa97ab,0.0,128.9964931,35.26258675,0.0,0.0,0.0,0.0,0.0,0.0,-0.0,-0.0,0.0,1250
마라36aa97ba,0.0,128.9965346,35.26484024,0.0,0.0,0.0,0.0,0.0,0.0,-0.0,-0.0,0.0,1250
마라35bb95bb,0.0,128.9934975,35.24909972,0.0,0.0,0.0,0.0,0.0,0.0,-0.0,-0.0,0.0,1250
마라35bb96aa,0.0,128.9935388,35.25135322,0.0,0.0,0.0,0.0,0.0,0.0,-0.0,-0.0,0.0,1250
마라35bb96ba,0.0,128.9936215,35.25586022,0.0,0.0,0.0,0.0,0.0,0.0,-0.0,-0.0,0.0,1250
마라35bb96bb,0.0,128.9936629,35.25811371,0.0,0.0,0.0,0.0,0.0,0.0,-0.0,-0.0,0.0,1250
마라35bb97aa,0.0,128.9937042,35.26036721,0.0,0.0,0.0,0.0,0.0,0.0,-0.0,-0.0,0.0,1250
마라35bb97ab,0.0,128.9937456,35.2626207,0.0,0.0,0.0,0.0,0.0,0.0,-0.0,-0.0,0.0,1250
마라35bb97ba,0.0,128.9937869,35.2648742,0.0,0.0,0.0,0.0,0.0,0.0,-0.0,-0.0,0.0,1250
마라19ab85bb,0.0,128.81073,35.16105429,0.0,0.0,0.0,0.0,0.0,0.0,-0.0,-0.0,0.0,1250
마마33ab01aa,0.0,128.9668794,35.29675958,0.0,0.0,0.0,0.0,0.0,0.0,-0.0,-0.0,0.0,1250
마라19ab88aa,0.0,128.8110557,35.18133763,0.0,0.0,0.0,0.0,0.0,0.0,-0.0,-0.0,0.0,1250
마라19ab88ab,0.0,128.8110919,35.18359133,0.0,0.0,0.0,0.0,0.0,0.0,-0.0,-0.0,0.0,1250
마라19ab88ba,0.0,128.8111281,35.18584503,0.0,0.0,0.0,0.0,0.0,0.0,-0.0,-0.0,0.0,1250
마라19ab88bb,0.0,128.8111643,35.18809873,0.0,0.0,0.0,0.0,0.0,0.0,-0.0,-0.0,0.0,1250
마마33ab01ab,0.0,128.9669201,35.29901308,0.0,0.0,0.0,0.0,0.0,0.0,-0.0,-0.0,0.0,1250
마마33ba03ba,0.0,128.9700358,35.31926122,0.0,0.0,0.0,0.0,0.0,0.0,-0.0,-0.0,0.0,1250
마라19ab95aa,0.0,128.8120707,35.24444092,0.0,0.0,0.0,0.0,0.0,0.0,-0.0,-0.0,0.0,1250
마라19ab95ab,0.0,128.812107,35.24669459,0.0,0.0,0.0,0.0,0.0,0.0,-0.0,-0.0,0.0,1250
마라19ab95ba,0.0,128.8121434,35.24894827,0.0,0.0,0.0,0.0,0.0,0.0,-0.0,-0.0,0.0,1250
마라19ab95bb,0.0,128.8121797,35.25120194,0.0,0.0,0.0,0.0,0.0,0.0,-0.0,-0.0,0.0,1250
마라19ab96aa,0.0,128.812216,35.25345562,0.0,0.0,0.0,0.0,0.0,0.0,-0.0,-0.0,0.0,1250
마라19ab96ab,0.0,128.8122523,35.25570929,0.0,0.0,0.0,0.0,0.0,0.0,-0.0,-0.0,0.0,1250
마마33ba03bb,0.0,128.9700766,35.32151471,0.0,0.0,0.0,0.0,0.0,0.0,-0.0,-0.0,0.0,1250
마라19ab97ab,0.0,128.8123977,35.26472397,0.0,0.0,0.0,0.0,0.0,0.0,-0.0,-0.0,0.0,1250
마라19aa99ab,0.0,128.8099401,35.28278309,0.0,0.0,0.0,0.0,0.0,0.0,-0.0,-0.0,0.0,1250
마라19aa99ba,0.0,128.8099764,35.28503675,0.0,0.0,0.0,0.0,0.0,0.0,-0.0,-0.0,0.0,1250
마라19aa99bb,0.0,128.8100127,35.28729042,0.0,0.0,0.0,0.0,0.0,0.0,-0.0,-0.0,0.0,1250
마라36ab97ba,0.0,128.9992822,35.26480622,0.0,0.0,0.0,0.0,0.0,0.0,-0.0,-0.0,0.0,1250
마라36ab97bb,0.0,128.9993237,35.2670597,0.0,0.0,0.0,0.0,0.0,0.0,-0.0,-0.0,0.0,1250
마라36ab98aa,0.0,128.9993652,35.26931319,0.0,0.0,0.0,0.0,0.0,0.0,-0.0,-0.0,0.0,1250
마라36ab99ba,0.0,128.9996145,35.28283409,0.0,0.0,0.0,0.0,0.0,0.0,-0.0,-0.0,0.0,1250
마라36ab99bb,0.0,128.9996561,35.28508757,0.0,0.0,0.0,0.0,0.0,0.0,-0.0,-0.0,0.0,1250
마라36ba94bb,0.0,129.0015725,35.23998374,0.0,0.0,0.0,0.0,0.0,0.0,-0.0,-0.0,0.0,1250
마라36aa98aa,0.0,128.9966175,35.26934722,0.0,0.0,0.0,0.0,0.0,0.0,-0.0,-0.0,0.0,1250
마라36ab94ba,0.0,128.9987843,35.2377643,0.0,0.0,0.0,0.0,0.0,0.0,-0.0,-0.0,0.0,1250
마라36ab94bb,0.0,128.9988257,35.2400178,0.0,0.0,0.0,0.0,0.0,0.0,-0.0,-0.0,0.0,1250
마라36ab95aa,0.0,128.9988672,35.24227129,0.0,0.0,0.0,0.0,0.0,0.0,-0.0,-0.0,0.0,1250
마라36ab95ab,0.0,128.9989087,35.24452479,0.0,0.0,0.0,0.0,0.0,0.0,-0.0,-0.0,0.0,1250
마라36ab95ba,0.0,128.9989502,35.24677829,0.0,0.0,0.0,0.0,0.0,0.0,-0.0,-0.0,0.0,1250
마라19ab85ba,0.0,128.8106939,35.15880058,0.0,0.0,0.0,0.0,0.0,0.0,-0.0,-0.0,0.0,1250
마라36ba97ab,0.0,129.0019882,35.26251865,0.0,0.0,0.0,0.0,0.0,0.0,-0.0,-0.0,0.0,1250
마라36ba97ba,0.0,129.0020298,35.26477213,0.0,0.0,0.0,0.0,0.0,0.0,-0.0,-0.0,0.0,1250
마마33ba04aa,0.0,128.9701174,35.32376821,0.0,0.0,0.0,0.0,0.0,0.0,-0.0,-0.0,0.0,1250
마마33ba04ab,0.0,128.9701582,35.3260217,0.0,0.0,0.0,0.0,0.0,0.0,-0.0,-0.0,0.0,1250
마라19aa96aa,0.0,128.8094686,35.25348538,0.0,0.0,0.0,0.0,0.0,0.0,-0.0,-0.0,0.0,1250
마라19aa96ab,0.0,128.8095048,35.25573906,0.0,0.0,0.0,0.0,0.0,0.0,-0.0,-0.0,0.0,1250
마라19aa96ba,0.0,128.8095411,35.25799273,0.0,0.0,0.0,0.0,0.0,0.0,-0.0,-0.0,0.0,1250
마라19aa96bb,0.0,128.8095773,35.26024641,0.0,0.0,0.0,0.0,0.0,0.0,-0.0,-0.0,0.0,1250
마마33ba04ba,0.0,128.970199,35.3282752,0.0,0.0,0.0,0.0,0.0,0.0,-0.0,-0.0,0.0,1250
마라19aa97ba,0.0,128.8096861,35.26700742,0.0,0.0,0.0,0.0,0.0,0.0,-0.0,-0.0,0.0,1250
마라19aa97bb,0.0,128.8097224,35.26926109,0.0,0.0,0.0,0.0,0.0,0.0,-0.0,-0.0,0.0,1250
마라19aa98aa,0.0,128.8097587,35.27151476,0.0,0.0,0.0,0.0,0.0,0.0,-0.0,-0.0,0.0,1250
마라19aa98ab,0.0,128.809795,35.27376843,0.0,0.0,0.0,0.0,0.0,0.0,-0.0,-0.0,0.0,1250
마라19aa98ba,0.0,128.8098312,35.27602209,0.0,0.0,0.0,0.0,0.0,0.0,-0.0,-0.0,0.0,1250
마라19aa98bb,0.0,128.8098675,35.27827576,0.0,0.0,0.0,0.0,0.0,0.0,-0.0,-0.0,0.0,1250
마라19aa99aa,0.0,128.8099038,35.28052943,0.0,0.0,0.0,0.0,0.0,0.0,-0.0,-0.0,0.0,1250
마라36bb96bb,0.0,129.0046524,35.25797753,0.0,0.0,0.0,0.0,0.0,0.0,-0.0,-0.0,0.0,1250
마라36bb97aa,0.0,129.0046941,35.26023102,0.0,0.0,0.0,0.0,0.0,0.0,-0.0,-0.0,0.0,1250
마라36bb97ab,0.0,129.0047357,35.2624845,0.0,0.0,0.0,0.0,0.0,0.0,-0.0,-0.0,0.0,1250
마라36bb97ba,0.0,129.0047774,35.26473798,0.0,0.0,0.0,0.0,0.0,0.0,-0.0,-0.0,0.0,1250
마라36bb97bb,0.0,129.0048191,35.26699147,0.0,0.0,0.0,0.0,0.0,0.0,-0.0,-0.0,0.0,1250
마마33bb00aa,0.0,128.9722136,35.28767874,0.0,0.0,0.0,0.0,0.0,0.0,-0.0,-0.0,0.0,1250
마마33bb00ab,0.0,128.9722544,35.28993225,0.0,0.0,0.0,0.0,0.0,0.0,-0.0,-0.0,0.0,1250
마라19aa95aa,0.0,128.8093236,35.24447067,0.0,0.0,0.0,0.0,0.0,0.0,-0.0,-0.0,0.0,1250
마라19aa95ba,0.0,128.8093961,35.24897803,0.0,0.0,0.0,0.0,0.0,0.0,-0.0,-0.0,0.0,1250
마라19aa95bb,0.0,128.8094323,35.25123171,0.0,0.0,0.0,0.0,0.0,0.0,-0.0,-0.0,0.0,1250
마라36ba95aa,0.0,129.0016141,35.24223724,0.0,0.0,0.0,0.0,0.0,0.0,-0.0,-0.0,0.0,1250
마라36ba95ab,0.0,129.0016556,35.24449073,0.0,0.0,0.0,0.0,0.0,0.0,-0.0,-0.0,0.0,1250
마라36ba95ba,0.0,129.0016972,35.24674422,0.0,0.0,0.0,0.0,0.0,0.0,-0.0,-0.0,0.0,1250
마라36ba95bb,0.0,129.0017387,35.24899772,0.0,0.0,0.0,0.0,0.0,0.0,-0.0,-0.0,0.0,1250
마라36ba96aa,0.0,129.0017803,35.25125121,0.0,0.0,0.0,0.0,0.0,0.0,-0.0,-0.0,0.0,1250
마라36ba96ab,0.0,129.0018219,35.2535047,0.0,0.0,0.0,0.0,0.0,0.0,-0.0,-0.0,0.0,1250
마라37aa96ab,0.0,129.0073163,35.25343637,0.0,0.0,0.0,0.0,0.0,0.0,-0.0,-0.0,0.0,1250
마라37aa96ba,0.0,129.0073581,35.25568985,0.0,0.0,0.0,0.0,0.0,0.0,-0.0,-0.0,0.0,1250
마라37aa96bb,0.0,129.0073998,35.25794333,0.0,0.0,0.0,0.0,0.0,0.0,-0.0,-0.0,0.0,1250
마라37aa97aa,0.0,129.0074415,35.26019681,0.0,0.0,0.0,0.0,0.0,0.0,-0.0,-0.0,0.0,1250
마라37aa97ab,0.0,129.0074833,35.26245029,0.0,0.0,0.0,0.0,0.0,0.0,-0.0,-0.0,0.0,1250
마라37aa97ba,0.0,129.007525,35.26470377,0.0,0.0,0.0,0.0,0.0,0.0,-0.0,-0.0,0.0,1250
마라37aa97bb,0.0,129.0075668,35.26695725,0.0,0.0,0.0,0.0,0.0,0.0,-0.0,-0.0,0.0,1250
마라37aa98aa,0.0,129.0076085,35.26921073,0.0,0.0,0.0,0.0,0.0,0.0,-0.0,-0.0,0.0,1250
마라37aa98ab,0.0,129.0076503,35.27146421,0.0,0.0,0.0,0.0,0.0,0.0,-0.0,-0.0,0.0,1250
마라36ba99ba,0.0,129.0023627,35.28279998,0.0,0.0,0.0,0.0,0.0,0.0,-0.0,-0.0,0.0,1250
마라36ba99bb,0.0,129.0024044,35.28505346,0.0,0.0,0.0,0.0,0.0,0.0,-0.0,-0.0,0.0,1250
마라36bb95ba,0.0,129.0044442,35.2467101,0.0,0.0,0.0,0.0,0.0,0.0,-0.0,-0.0,0.0,1250
마라36bb95bb,0.0,129.0044858,35.24896359,0.0,0.0,0.0,0.0,0.0,0.0,-0.0,-0.0,0.0,1250
마라36bb96aa,0.0,129.0045275,35.25121708,0.0,0.0,0.0,0.0,0.0,0.0,-0.0,-0.0,0.0,1250
마라36bb96ab,0.0,129.0045691,35.25347056,0.0,0.0,0.0,0.0,0.0,0.0,-0.0,-0.0,0.0,1250
마라36bb96ba,0.0,129.0046108,35.25572405,0.0,0.0,0.0,0.0,0.0,0.0,-0.0,-0.0,0.0,1250
마라37ab96bb,0.0,129.0101472,35.25790907,0.0,0.0,0.0,0.0,0.0,0.0,-0.0,-0.0,0.0,1250
마라37ab97aa,0.0,129.010189,35.26016255,0.0,0.0,0.0,0.0,0.0,0.0,-0.0,-0.0,0.0,1250
마라37ab97ab,0.0,129.0102308,35.26241603,0.0,0.0,0.0,0.0,0.0,0.0,-0.0,-0.0,0.0,1250
마라37ab97ba,0.0,129.0102726,35.2646695,0.0,0.0,0.0,0.0,0.0,0.0,-0.0,-0.0,0.0,1250
마라37ab97bb,0.0,129.0103144,35.26692298,0.0,0.0,0.0,0.0,0.0,0.0,-0.0,-0.0,0.0,1250
마라37ab98aa,0.0,129.0103563,35.26917645,0.0,0.0,0.0,0.0,0.0,0.0,-0.0,-0.0,0.0,1250
마라37ab98ab,0.0,129.0103981,35.27142993,0.0,0.0,0.0,0.0,0.0,0.0,-0.0,-0.0,0.0,1250
마라37ab98ba,0.0,129.0104399,35.2736834,0.0,0.0,0.0,0.0,0.0,0.0,-0.0,-0.0,0.0,1250
마라37ab98bb,0.0,129.0104818,35.27593687,0.0,0.0,0.0,0.0,0.0,0.0,-0.0,-0.0,0.0,1250
마라37ab99aa,0.0,129.0105236,35.27819035,0.0,0.0,0.0,0.0,0.0,0.0,-0.0,-0.0,0.0,1250
마라37ab99ab,0.0,129.0105655,35.28044382,0.0,0.0,0.0,0.0,0.0,0.0,-0.0,-0.0,0.0,1250
마라36bb99aa,0.0,129.0050275,35.27825886,0.0,0.0,0.0,0.0,0.0,0.0,-0.0,-0.0,0.0,1250
마라36bb99ab,0.0,129.0050692,35.28051234,0.0,0.0,0.0,0.0,0.0,0.0,-0.0,-0.0,0.0,1250
마라36bb99ba,0.0,129.0051109,35.28276581,0.0,0.0,0.0,0.0,0.0,0.0,-0.0,-0.0,0.0,1250
마라36bb99bb,0.0,129.0051526,35.28501929,0.0,0.0,0.0,0.0,0.0,0.0,-0.0,-0.0,0.0,1250
마라37aa96aa,0.0,129.0072746,35.25118288,0.0,0.0,0.0,0.0,0.0,0.0,-0.0,-0.0,0.0,1250
마라37ba98ba,0.0,129.0131878,35.27364906,0.0,0.0,0.0,0.0,0.0,0.0,-0.0,-0.0,0.0,1250
마라37ba98bb,0.0,129.0132298,35.27590253,0.0,0.0,0.0,0.0,0.0,0.0,-0.0,-0.0,0.0,1250
마라37ba99aa,0.0,129.0132717,35.27815599,0.0,0.0,0.0,0.0,0.0,0.0,-0.0,-0.0,0.0,1250
마라37bb98aa,0.0,129.0158518,35.26910771,0.0,0.0,0.0,0.0,0.0,0.0,-0.0,-0.0,0.0,1250
마라37bb98ab,0.0,129.0158938,35.27136118,0.0,0.0,0.0,0.0,0.0,0.0,-0.0,-0.0,0.0,1250
마마08ab01ba,0.0,128.6920507,35.3042892,0.0,0.0,0.0,0.0,0.0,0.0,-0.0,-0.0,0.0,1250
마마08ab01bb,0.0,128.6920838,35.30654296,0.0,0.0,0.0,0.0,0.0,0.0,-0.0,-0.0,0.0,1250
마마08ab02aa,0.0,128.6921168,35.30879671,0.0,0.0,0.0,0.0,0.0,0.0,-0.0,-0.0,0.0,1250
마마08ba01ab,0.0,128.6947669,35.30200831,0.0,0.0,0.0,0.0,0.0,0.0,-0.0,-0.0,0.0,1250
마마08ba01ba,0.0,128.6948,35.30426207,0.0,0.0,0.0,0.0,0.0,0.0,-0.0,-0.0,0.0,1250
마마08ba01bb,0.0,128.6948331,35.30651582,0.0,0.0,0.0,0.0,0.0,0.0,-0.0,-0.0,0.0,1250
마라37aa98ba,0.0,129.007692,35.27371768,0.0,0.0,0.0,0.0,0.0,0.0,-0.0,-0.0,0.0,1250
마라37aa98bb,0.0,129.0077338,35.27597116,0.0,0.0,0.0,0.0,0.0,0.0,-0.0,-0.0,0.0,1250
마라37aa99aa,0.0,129.0077756,35.27822463,0.0,0.0,0.0,0.0,0.0,0.0,-0.0,-0.0,0.0,1250
마라37aa99ab,0.0,129.0078174,35.28047811,0.0,0.0,0.0,0.0,0.0,0.0,-0.0,-0.0,0.0,1250
마라37aa99ba,0.0,129.0078591,35.28273158,0.0,0.0,0.0,0.0,0.0,0.0,-0.0,-0.0,0.0,1250
마마08bb02aa,0.0,128.6976157,35.30874237,0.0,0.0,0.0,0.0,0.0,0.0,-0.0,-0.0,0.0,1250
마마08bb02ab,0.0,128.6976489,35.31099613,0.0,0.0,0.0,0.0,0.0,0.0,-0.0,-0.0,0.0,1250
마마09aa00bb,0.0,128.7001987,35.29744635,0.0,0.0,0.0,0.0,0.0,0.0,-0.0,-0.0,0.0,1250
마마09aa01aa,0.0,128.700232,35.29970011,0.0,0.0,0.0,0.0,0.0,0.0,-0.0,-0.0,0.0,1250
마마09aa01ab,0.0,128.7002653,35.30195386,0.0,0.0,0.0,0.0,0.0,0.0,-0.0,-0.0,0.0,1250
마마09aa01ba,0.0,128.7002986,35.30420761,0.0,0.0,0.0,0.0,0.0,0.0,-0.0,-0.0,0.0,1250
마마09aa01bb,0.0,128.7003319,35.30646136,0.0,0.0,0.0,0.0,0.0,0.0,-0.0,-0.0,0.0,1250
마마09aa02aa,0.0,128.7003652,35.30871511,0.0,0.0,0.0,0.0,0.0,0.0,-0.0,-0.0,0.0,1250
마마09ab00aa,0.0,128.7028477,35.29065778,0.0,0.0,0.0,0.0,0.0,0.0,-0.0,-0.0,0.0,1250
마마09ab00ab,0.0,128.7028811,35.29291154,0.0,0.0,0.0,0.0,0.0,0.0,-0.0,-0.0,0.0,1250
마마09ab00ba,0.0,128.7029144,35.29516529,0.0,0.0,0.0,0.0,0.0,0.0,-0.0,-0.0,0.0,1250
마라37ba97ab,0.0,129.0129783,35.2623817,0.0,0.0,0.0,0.0,0.0,0.0,-0.0,-0.0,0.0,1250
마라37ba97ba,0.0,129.0130202,35.26463517,0.0,0.0,0.0,0.0,0.0,0.0,-0.0,-0.0,0.0,1250
마라37ba97bb,0.0,129.0130621,35.26688864,0.0,0.0,0.0,0.0,0.0,0.0,-0.0,-0.0,0.0,1250
마라37ba98aa,0.0,129.013104,35.26914211,0.0,0.0,0.0,0.0,0.0,0.0,-0.0,-0.0,0.0,1250
마라37ba98ab,0.0,129.0131459,35.27139559,0.0,0.0,0.0,0.0,0.0,0.0,-0.0,-0.0,0.0,1250
마마09ba00ab,0.0,128.70563,35.29288416,0.0,0.0,0.0,0.0,0.0,0.0,-0.0,-0.0,0.0,1250
마마09ba01ab,0.0,128.7057637,35.30189916,0.0,0.0,0.0,0.0,0.0,0.0,-0.0,-0.0,0.0,1250
마마09ba01ba,0.0,128.7057971,35.30415291,0.0,0.0,0.0,0.0,0.0,0.0,-0.0,-0.0,0.0,1250
마마09ba01bb,0.0,128.7058306,35.30640665,0.0,0.0,0.0,0.0,0.0,0.0,-0.0,-0.0,0.0,1250
마마09ba02aa,0.0,128.705864,35.3086604,0.0,0.0,0.0,0.0,0.0,0.0,-0.0,-0.0,0.0,1250
마라19aa88aa,0.0,128.8083106,35.18136732,0.0,0.0,0.0,0.0,0.0,0.0,-0.0,-0.0,0.0,1250
마라19aa88ab,0.0,128.8083467,35.18362102,0.0,0.0,0.0,0.0,0.0,0.0,-0.0,-0.0,0.0,1250
마라19aa88ba,0.0,128.8083829,35.18587473,0.0,0.0,0.0,0.0,0.0,0.0,-0.0,-0.0,0.0,1250
마마33bb00ba,0.0,128.9722952,35.29218575,0.0,0.0,0.0,0.0,0.0,0.0,-0.0,-0.0,0.0,1250
마마33bb00bb,0.0,128.9723361,35.29443926,0.0,0.0,0.0,0.0,0.0,0.0,-0.0,-0.0,0.0,1250
마라19aa91ba,0.0,128.8088167,35.21291908,0.0,0.0,0.0,0.0,0.0,0.0,-0.0,-0.0,0.0,1250
마마08ba02aa,0.0,128.6948663,35.30876957,0.0,0.0,0.0,0.0,0.0,0.0,-0.0,-0.0,0.0,1250
마마08bb01aa,0.0,128.6974829,35.29972736,0.0,0.0,0.0,0.0,0.0,0.0,-0.0,-0.0,0.0,1250
마마08bb01ab,0.0,128.6975161,35.30198112,0.0,0.0,0.0,0.0,0.0,0.0,-0.0,-0.0,0.0,1250
마마08bb01ba,0.0,128.6975493,35.30423487,0.0,0.0,0.0,0.0,0.0,0.0,-0.0,-0.0,0.0,1250
마마08bb01bb,0.0,128.6975825,35.30648862,0.0,0.0,0.0,0.0,0.0,0.0,-0.0,-0.0,0.0,1250
마라18bb98ba,0.0,128.807083,35.27605182,0.0,0.0,0.0,0.0,0.0,0.0,-0.0,-0.0,0.0,1250
마라18bb98bb,0.0,128.8071192,35.27830549,0.0,0.0,0.0,0.0,0.0,0.0,-0.0,-0.0,0.0,1250
마라18bb99aa,0.0,128.8071555,35.28055916,0.0,0.0,0.0,0.0,0.0,0.0,-0.0,-0.0,0.0,1250
마라18bb99ab,0.0,128.8071917,35.28281283,0.0,0.0,0.0,0.0,0.0,0.0,-0.0,-0.0,0.0,1250
마라18bb99ba,0.0,128.8072279,35.28506649,0.0,0.0,0.0,0.0,0.0,0.0,-0.0,-0.0,0.0,1250
마라18bb99bb,0.0,128.8072641,35.28732016,0.0,0.0,0.0,0.0,0.0,0.0,-0.0,-0.0,0.0,1250
마라19aa85ba,0.0,128.8079496,35.15883024,0.0,0.0,0.0,0.0,0.0,0.0,-0.0,-0.0,0.0,1250
마라19aa85bb,0.0,128.8079857,35.16108395,0.0,0.0,0.0,0.0,0.0,0.0,-0.0,-0.0,0.0,1250
마라19aa86aa,0.0,128.8080218,35.16333767,0.0,0.0,0.0,0.0,0.0,0.0,-0.0,-0.0,0.0,1250
마라19aa86ab,0.0,128.8080579,35.16559138,0.0,0.0,0.0,0.0,0.0,0.0,-0.0,-0.0,0.0,1250
마마33bb01aa,0.0,128.9723769,35.29669276,0.0,0.0,0.0,0.0,0.0,0.0,-0.0,-0.0,0.0,1250
마마33bb01ab,0.0,128.9724177,35.29894627,0.0,0.0,0.0,0.0,0.0,0.0,-0.0,-0.0,0.0,1250
마마09ab01aa,0.0,128.7029811,35.29967279,0.0,0.0,0.0,0.0,0.0,0.0,-0.0,-0.0,0.0,1250
마마09ab01ab,0.0,128.7030145,35.30192654,0.0,0.0,0.0,0.0,0.0,0.0,-0.0,-0.0,0.0,1250
마마09ab01ba,0.0,128.7030479,35.30418029,0.0,0.0,0.0,0.0,0.0,0.0,-0.0,-0.0,0.0,1250
마마09ab01bb,0.0,128.7030812,35.30643404,0.0,0.0,0.0,0.0,0.0,0.0,-0.0,-0.0,0.0,1250
마라18bb97ba,0.0,128.8069382,35.26703714,0.0,0.0,0.0,0.0,0.0,0.0,-0.0,-0.0,0.0,1250
마라18bb98aa,0.0,128.8070106,35.27154448,0.0,0.0,0.0,0.0,0.0,0.0,-0.0,-0.0,0.0,1250
마라18bb98ab,0.0,128.8070468,35.27379815,0.0,0.0,0.0,0.0,0.0,0.0,-0.0,-0.0,0.0,1250
마마10aa02ab,0.0,128.7113965,35.31085917,0.0,0.0,0.0,0.0,0.0,0.0,-0.0,-0.0,0.0,1250
마마10aa02ba,0.0,128.7114301,35.31311291,0.0,0.0,0.0,0.0,0.0,0.0,-0.0,-0.0,0.0,1250
마마10aa02bb,0.0,128.7114637,35.31536665,0.0,0.0,0.0,0.0,0.0,0.0,-0.0,-0.0,0.0,1250
마마10aa03aa,0.0,128.7114973,35.31762039,0.0,0.0,0.0,0.0,0.0,0.0,-0.0,-0.0,0.0,1250
마마10ab00aa,0.0,128.713843,35.29054793,0.0,0.0,0.0,0.0,0.0,0.0,-0.0,-0.0,0.0,1250
마마10ab00ab,0.0,128.7138767,35.29280167,0.0,0.0,0.0,0.0,0.0,0.0,-0.0,-0.0,0.0,1250
마마10ab00bb,0.0,128.713944,35.29730916,0.0,0.0,0.0,0.0,0.0,0.0,-0.0,-0.0,0.0,1250
마마10ab01aa,0.0,128.7139776,35.2995629,0.0,0.0,0.0,0.0,0.0,0.0,-0.0,-0.0,0.0,1250
마마10ab01ab,0.0,128.7140113,35.30181664,0.0,0.0,0.0,0.0,0.0,0.0,-0.0,-0.0,0.0,1250
마마10ab02aa,0.0,128.7141123,35.30857786,0.0,0.0,0.0,0.0,0.0,0.0,-0.0,-0.0,0.0,1250
마마10ab02ab,0.0,128.714146,35.31083159,0.0,0.0,0.0,0.0,0.0,0.0,-0.0,-0.0,0.0,1250
마마10ab02ba,0.0,128.7141797,35.31308533,0.0,0.0,0.0,0.0,0.0,0.0,-0.0,-0.0,0.0,1250
마마10aa01bb,0.0,128.7113293,35.30635169,0.0,0.0,0.0,0.0,0.0,0.0,-0.0,-0.0,0.0,1250
마마10ba00ab,0.0,128.7166255,35.29277405,0.0,0.0,0.0,0.0,0.0,0.0,-0.0,-0.0,0.0,1250
마마10ba00ba,0.0,128.7166593,35.29502779,0.0,0.0,0.0,0.0,0.0,0.0,-0.0,-0.0,0.0,1250
마마10ba00bb,0.0,128.716693,35.29728153,0.0,0.0,0.0,0.0,0.0,0.0,-0.0,-0.0,0.0,1250
마마10ba01aa,0.0,128.7167267,35.29953527,0.0,0.0,0.0,0.0,0.0,0.0,-0.0,-0.0,0.0,1250
마마33bb01ba,0.0,128.9724585,35.30119977,0.0,0.0,0.0,0.0,0.0,0.0,-0.0,-0.0,0.0,1250
마마33bb01bb,0.0,128.9724994,35.30345327,0.0,0.0,0.0,0.0,0.0,0.0,-0.0,-0.0,0.0,1250
마라18bb93bb,0.0,128.8063957,35.23323195,0.0,0.0,0.0,0.0,0.0,0.0,-0.0,-0.0,0.0,1250
마라18bb94aa,0.0,128.8064318,35.23548563,0.0,0.0,0.0,0.0,0.0,0.0,-0.0,-0.0,0.0,1250
마라18bb95aa,0.0,128.8065764,35.24450037,0.0,0.0,0.0,0.0,0.0,0.0,-0.0,-0.0,0.0,1250
마라18bb95ba,0.0,128.8066488,35.24900773,0.0,0.0,0.0,0.0,0.0,0.0,-0.0,-0.0,0.0,1250
마라18bb95bb,0.0,128.8066849,35.25126141,0.0,0.0,0.0,0.0,0.0,0.0,-0.0,-0.0,0.0,1250
마라18bb96aa,0.0,128.8067211,35.25351509,0.0,0.0,0.0,0.0,0.0,0.0,-0.0,-0.0,0.0,1250
마라18bb96ab,0.0,128.8067573,35.25576876,0.0,0.0,0.0,0.0,0.0,0.0,-0.0,-0.0,0.0,1250
마라18bb96ba,0.0,128.8067934,35.25802244,0.0,0.0,0.0,0.0,0.0,0.0,-0.0,-0.0,0.0,1250
마라18bb96bb,0.0,128.8068296,35.26027612,0.0,0.0,0.0,0.0,0.0,0.0,-0.0,-0.0,0.0,1250
마라18bb97aa,0.0,128.8068658,35.26252979,0.0,0.0,0.0,0.0,0.0,0.0,-0.0,-0.0,0.0,1250
마라18bb86ab,0.0,128.8053134,35.16562098,0.0,0.0,0.0,0.0,0.0,0.0,-0.0,-0.0,0.0,1250
마마10ba02bb,0.0,128.716963,35.31531142,0.0,0.0,0.0,0.0,0.0,0.0,-0.0,-0.0,0.0,1250
마마10ba03aa,0.0,128.7169968,35.31756515,0.0,0.0,0.0,0.0,0.0,0.0,-0.0,-0.0,0.0,1250
마마10ba03ab,0.0,128.7170306,35.31981889,0.0,0.0,0.0,0.0,0.0,0.0,-0.0,-0.0,0.0,1250
마마10ba04aa,0.0,128.7171319,35.32658008,0.0,0.0,0.0,0.0,0.0,0.0,-0.0,-0.0,0.0,1250
마마10bb00aa,0.0,128.7193406,35.29049263,0.0,0.0,0.0,0.0,0.0,0.0,-0.0,-0.0,0.0,1250
마마10bb00ab,0.0,128.7193744,35.29274637,0.0,0.0,0.0,0.0,0.0,0.0,-0.0,-0.0,0.0,1250
마마10bb00bb,0.0,128.719442,35.29725384,0.0,0.0,0.0,0.0,0.0,0.0,-0.0,-0.0,0.0,1250
마라18bb86ba,0.0,128.8053494,35.16787469,0.0,0.0,0.0,0.0,0.0,0.0,-0.0,-0.0,0.0,1250
마마33bb02ba,0.0,128.9726219,35.31021377,0.0,0.0,0.0,0.0,0.0,0.0,-0.0,-0.0,0.0,1250
마라18bb88aa,0.0,128.8055656,35.18139695,0.0,0.0,0.0,0.0,0.0,0.0,-0.0,-0.0,0.0,1250
마라18bb88ab,0.0,128.8056016,35.18365065,0.0,0.0,0.0,0.0,0.0,0.0,-0.0,-0.0,0.0,1250
마마33ab04ba,0.0,128.9674492,35.32830861,0.0,0.0,0.0,0.0,0.0,0.0,-0.0,-0.0,0.0,1250
마마10ab02bb,0.0,128.7142134,35.31533907,0.0,0.0,0.0,0.0,0.0,0.0,-0.0,-0.0,0.0,1250
마마10ab03aa,0.0,128.7142471,35.3175928,0.0,0.0,0.0,0.0,0.0,0.0,-0.0,-0.0,0.0,1250
마마10ba00aa,0.0,128.7165918,35.29052031,0.0,0.0,0.0,0.0,0.0,0.0,-0.0,-0.0,0.0,1250
마마11aa00bb,0.0,128.7221911,35.29722609,0.0,0.0,0.0,0.0,0.0,0.0,-0.0,-0.0,0.0,1250
마마11aa01aa,0.0,128.722225,35.29947982,0.0,0.0,0.0,0.0,0.0,0.0,-0.0,-0.0,0.0,1250
마마11aa01ab,0.0,128.7222589,35.30173356,0.0,0.0,0.0,0.0,0.0,0.0,-0.0,-0.0,0.0,1250
마라18ba97aa,0.0,128.804118,35.26255944,0.0,0.0,0.0,0.0,0.0,0.0,-0.0,-0.0,0.0,1250
마라18ba97ab,0.0,128.8041542,35.26481312,0.0,0.0,0.0,0.0,0.0,0.0,-0.0,-0.0,0.0,1250
마라18ba97ba,0.0,128.8041903,35.26706679,0.0,0.0,0.0,0.0,0.0,0.0,-0.0,-0.0,0.0,1250
마라18ba97bb,0.0,128.8042264,35.26932047,0.0,0.0,0.0,0.0,0.0,0.0,-0.0,-0.0,0.0,1250
마라18ba98aa,0.0,128.8042625,35.27157414,0.0,0.0,0.0,0.0,0.0,0.0,-0.0,-0.0,0.0,1250
마라18ba98ab,0.0,128.8042987,35.27382782,0.0,0.0,0.0,0.0,0.0,0.0,-0.0,-0.0,0.0,1250
마마33ab04bb,0.0,128.96749,35.33056211,0.0,0.0,0.0,0.0,0.0,0.0,-0.0,-0.0,0.0,1250
마라18ba98bb,0.0,128.8043709,35.27833516,0.0,0.0,0.0,0.0,0.0,0.0,-0.0,-0.0,0.0,1250
마라18ba99aa,0.0,128.8044071,35.28058883,0.0,0.0,0.0,0.0,0.0,0.0,-0.0,-0.0,0.0,1250
마라18ba99ba,0.0,128.8044794,35.28509617,0.0,0.0,0.0,0.0,0.0,0.0,-0.0,-0.0,0.0,1250
마라18bb85ba,0.0,128.8052053,35.15885984,0.0,0.0,0.0,0.0,0.0,0.0,-0.0,-0.0,0.0,1250
마라18bb85bb,0.0,128.8052413,35.16111356,0.0,0.0,0.0,0.0,0.0,0.0,-0.0,-0.0,0.0,1250
마라18bb86aa,0.0,128.8052774,35.16336727,0.0,0.0,0.0,0.0,0.0,0.0,-0.0,-0.0,0.0,1250
마라18ba96ab,0.0,128.8040097,35.25579841,0.0,0.0,0.0,0.0,0.0,0.0,-0.0,-0.0,0.0,1250
마라18ba96ba,0.0,128.8040458,35.25805209,0.0,0.0,0.0,0.0,0.0,0.0,-0.0,-0.0,0.0,1250
마라18ba96bb,0.0,128.8040819,35.26030576,0.0,0.0,0.0,0.0,0.0,0.0,-0.0,-0.0,0.0,1250
마마11aa02bb,0.0,128.7224623,35.31525594,0.0,0.0,0.0,0.0,0.0,0.0,-0.0,-0.0,0.0,1250
마마11ab00aa,0.0,128.7248382,35.29043707,0.0,0.0,0.0,0.0,0.0,0.0,-0.0,-0.0,0.0,1250
마마11ab00ab,0.0,128.7248722,35.29269081,0.0,0.0,0.0,0.0,0.0,0.0,-0.0,-0.0,0.0,1250
마마11ab00ba,0.0,128.7249061,35.29494454,0.0,0.0,0.0,0.0,0.0,0.0,-0.0,-0.0,0.0,1250
마마11ab00bb,0.0,128.7249401,35.29719828,0.0,0.0,0.0,0.0,0.0,0.0,-0.0,-0.0,0.0,1250
마마11ab01aa,0.0,128.7249741,35.29945201,0.0,0.0,0.0,0.0,0.0,0.0,-0.0,-0.0,0.0,1250
마마33bb03ba,0.0,128.9727853,35.31922775,0.0,0.0,0.0,0.0,0.0,0.0,-0.0,-0.0,0.0,1250
마마10bb02ba,0.0,128.7196788,35.31302998,0.0,0.0,0.0,0.0,0.0,0.0,-0.0,-0.0,0.0,1250
마마10bb02bb,0.0,128.7197127,35.31528371,0.0,0.0,0.0,0.0,0.0,0.0,-0.0,-0.0,0.0,1250
마마10bb04aa,0.0,128.7198819,35.32655236,0.0,0.0,0.0,0.0,0.0,0.0,-0.0,-0.0,0.0,1250
마마11aa00aa,0.0,128.7220894,35.29046488,0.0,0.0,0.0,0.0,0.0,0.0,-0.0,-0.0,0.0,1250
마마11aa00ab,0.0,128.7221233,35.29271862,0.0,0.0,0.0,0.0,0.0,0.0,-0.0,-0.0,0.0,1250
마마11aa00ba,0.0,128.7221572,35.29497235,0.0,0.0,0.0,0.0,0.0,0.0,-0.0,-0.0,0.0,1250
마마11ba00aa,0.0,128.727587,35.2904092,0.0,0.0,0.0,0.0,0.0,0.0,-0.0,-0.0,0.0,1250
마마11ba00ab,0.0,128.727621,35.29266294,0.0,0.0,0.0,0.0,0.0,0.0,-0.0,-0.0,0.0,1250
마마11ba00ba,0.0,128.7276551,35.29491667,0.0,0.0,0.0,0.0,0.0,0.0,-0.0,-0.0,0.0,1250
마마11ba00bb,0.0,128.7276891,35.2971704,0.0,0.0,0.0,0.0,0.0,0.0,-0.0,-0.0,0.0,1250
마마11ba01aa,0.0,128.7277232,35.29942413,0.0,0.0,0.0,0.0,0.0,0.0,-0.0,-0.0,0.0,1250
마마33bb03bb,0.0,128.9728262,35.32148125,0.0,0.0,0.0,0.0,0.0,0.0,-0.0,-0.0,0.0,1250
마라18ba93ba,0.0,128.8036129,35.23100788,0.0,0.0,0.0,0.0,0.0,0.0,-0.0,-0.0,0.0,1250
마라18ba93bb,0.0,128.8036489,35.23326157,0.0,0.0,0.0,0.0,0.0,0.0,-0.0,-0.0,0.0,1250
마라18ba94aa,0.0,128.803685,35.23551526,0.0,0.0,0.0,0.0,0.0,0.0,-0.0,-0.0,0.0,1250
마라18ba94ab,0.0,128.803721,35.23776894,0.0,0.0,0.0,0.0,0.0,0.0,-0.0,-0.0,0.0,1250
마라18ba94ba,0.0,128.8037571,35.24002263,0.0,0.0,0.0,0.0,0.0,0.0,-0.0,-0.0,0.0,1250
마라18ba94bb,0.0,128.8037932,35.24227631,0.0,0.0,0.0,0.0,0.0,0.0,-0.0,-0.0,0.0,1250
마라18ba95ab,0.0,128.8038654,35.24678368,0.0,0.0,0.0,0.0,0.0,0.0,-0.0,-0.0,0.0,1250
마라18ba95ba,0.0,128.8039014,35.24903736,0.0,0.0,0.0,0.0,0.0,0.0,-0.0,-0.0,0.0,1250
마라18ba95bb,0.0,128.8039375,35.25129105,0.0,0.0,0.0,0.0,0.0,0.0,-0.0,-0.0,0.0,1250
마라18ba96aa,0.0,128.8039736,35.25354473,0.0,0.0,0.0,0.0,0.0,0.0,-0.0,-0.0,0.0,1250
마라18ab98ab,0.0,128.8015505,35.27385742,0.0,0.0,0.0,0.0,0.0,0.0,-0.0,-0.0,0.0,1250
마라18ab98ba,0.0,128.8015866,35.27611109,0.0,0.0,0.0,0.0,0.0,0.0,-0.0,-0.0,0.0,1250
마라18ab99aa,0.0,128.8016587,35.28061844,0.0,0.0,0.0,0.0,0.0,0.0,-0.0,-0.0,0.0,1250
마마11ba03ab,0.0,128.7280297,35.31970766,0.0,0.0,0.0,0.0,0.0,0.0,-0.0,-0.0,0.0,1250
마마11bb00ab,0.0,128.7303699,35.292635,0.0,0.0,0.0,0.0,0.0,0.0,-0.0,-0.0,0.0,1250
마마11bb00ba,0.0,128.730404,35.29488873,0.0,0.0,0.0,0.0,0.0,0.0,-0.0,-0.0,0.0,1250
마마11bb00bb,0.0,128.7304381,35.29714246,0.0,0.0,0.0,0.0,0.0,0.0,-0.0,-0.0,0.0,1250
마라18ba85ba,0.0,128.8024611,35.15888938,0.0,0.0,0.0,0.0,0.0,0.0,-0.0,-0.0,0.0,1250
마라18ba85bb,0.0,128.802497,35.1611431,0.0,0.0,0.0,0.0,0.0,0.0,-0.0,-0.0,0.0,1250
마라18ba86aa,0.0,128.8025329,35.16339681,0.0,0.0,0.0,0.0,0.0,0.0,-0.0,-0.0,0.0,1250
마라18ba86ab,0.0,128.8025689,35.16565053,0.0,0.0,0.0,0.0,0.0,0.0,-0.0,-0.0,0.0,1250
마라18ba86ba,0.0,128.8026048,35.16790424,0.0,0.0,0.0,0.0,0.0,0.0,-0.0,-0.0,0.0,1250
마라18ba86bb,0.0,128.8026408,35.17015796,0.0,0.0,0.0,0.0,0.0,0.0,-0.0,-0.0,0.0,1250
마라18ba87aa,0.0,128.8026767,35.17241167,0.0,0.0,0.0,0.0,0.0,0.0,-0.0,-0.0,0.0,1250
마라18ba88aa,0.0,128.8028206,35.18142651,0.0,0.0,0.0,0.0,0.0,0.0,-0.0,-0.0,0.0,1250
마라18ba88ab,0.0,128.8028565,35.18368022,0.0,0.0,0.0,0.0,0.0,0.0,-0.0,-0.0,0.0,1250
마라18ab94ab,0.0,128.8009741,35.2377985,0.0,0.0,0.0,0.0,0.0,0.0,-0.0,-0.0,0.0,1250
마라18ab94ba,0.0,128.8010101,35.24005219,0.0,0.0,0.0,0.0,0.0,0.0,-0.0,-0.0,0.0,1250
마라18ab94bb,0.0,128.8010461,35.24230588,0.0,0.0,0.0,0.0,0.0,0.0,-0.0,-0.0,0.0,1250
마라18ab95aa,0.0,128.8010821,35.24455957,0.0,0.0,0.0,0.0,0.0,0.0,-0.0,-0.0,0.0,1250
마라18ab95ab,0.0,128.8011181,35.24681325,0.0,0.0,0.0,0.0,0.0,0.0,-0.0,-0.0,0.0,1250
마라18ab95ba,0.0,128.8011541,35.24906694,0.0,0.0,0.0,0.0,0.0,0.0,-0.0,-0.0,0.0,1250
마라18ab95bb,0.0,128.8011901,35.25132062,0.0,0.0,0.0,0.0,0.0,0.0,-0.0,-0.0,0.0,1250
마라18ab96aa,0.0,128.8012262,35.25357431,0.0,0.0,0.0,0.0,0.0,0.0,-0.0,-0.0,0.0,1250
마라18ab96ab,0.0,128.8012622,35.25582799,0.0,0.0,0.0,0.0,0.0,0.0,-0.0,-0.0,0.0,1250
마라18ab96ba,0.0,128.8012982,35.25808167,0.0,0.0,0.0,0.0,0.0,0.0,-0.0,-0.0,0.0,1250
마라18ab96bb,0.0,128.8013342,35.26033535,0.0,0.0,0.0,0.0,0.0,0.0,-0.0,-0.0,0.0,1250
마라18ab97aa,0.0,128.8013703,35.26258903,0.0,0.0,0.0,0.0,0.0,0.0,-0.0,-0.0,0.0,1250
마라18ab97ab,0.0,128.8014063,35.26484271,0.0,0.0,0.0,0.0,0.0,0.0,-0.0,-0.0,0.0,1250
마라18ab97ba,0.0,128.8014424,35.26709639,0.0,0.0,0.0,0.0,0.0,0.0,-0.0,-0.0,0.0,1250
마라18ab97bb,0.0,128.8014784,35.26935006,0.0,0.0,0.0,0.0,0.0,0.0,-0.0,-0.0,0.0,1250
마라18ab98aa,0.0,128.8015145,35.27160374,0.0,0.0,0.0,0.0,0.0,0.0,-0.0,-0.0,0.0,1250
마라18ab86bb,0.0,128.7998961,35.17018744,0.0,0.0,0.0,0.0,0.0,0.0,-0.0,-0.0,0.0,1250
마라18ab87aa,0.0,128.799932,35.17244116,0.0,0.0,0.0,0.0,0.0,0.0,-0.0,-0.0,0.0,1250
마마33bb04aa,0.0,128.9728671,35.32373474,0.0,0.0,0.0,0.0,0.0,0.0,-0.0,-0.0,0.0,1250
마마34aa00aa,0.0,128.974962,35.28764525,0.0,0.0,0.0,0.0,0.0,0.0,-0.0,-0.0,0.0,1250
마마12ab03aa,0.0,128.7362447,35.31736987,0.0,0.0,0.0,0.0,0.0,0.0,-0.0,-0.0,0.0,1250
마마12ba00aa,0.0,128.7385822,35.2902971,0.0,0.0,0.0,0.0,0.0,0.0,-0.0,-0.0,0.0,1250
마마34aa00ab,0.0,128.9750029,35.28989876,0.0,0.0,0.0,0.0,0.0,0.0,-0.0,-0.0,0.0,1250
마마34aa01ab,0.0,128.9751665,35.29891276,0.0,0.0,0.0,0.0,0.0,0.0,-0.0,-0.0,0.0,1250
마마34aa02aa,0.0,128.9752892,35.30567326,0.0,0.0,0.0,0.0,0.0,0.0,-0.0,-0.0,0.0,1250
마마12aa00ab,0.0,128.7331188,35.29260701,0.0,0.0,0.0,0.0,0.0,0.0,-0.0,-0.0,0.0,1250
마마12aa00ba,0.0,128.733153,35.29486073,0.0,0.0,0.0,0.0,0.0,0.0,-0.0,-0.0,0.0,1250
마마12aa00bb,0.0,128.7331872,35.29711446,0.0,0.0,0.0,0.0,0.0,0.0,-0.0,-0.0,0.0,1250
마마12aa01aa,0.0,128.7332213,35.29936818,0.0,0.0,0.0,0.0,0.0,0.0,-0.0,-0.0,0.0,1250
마마12aa03aa,0.0,128.733495,35.31739796,0.0,0.0,0.0,0.0,0.0,0.0,-0.0,-0.0,0.0,1250
마라18ab93bb,0.0,128.8009021,35.23329113,0.0,0.0,0.0,0.0,0.0,0.0,-0.0,-0.0,0.0,1250
마라18ab94aa,0.0,128.8009381,35.23554482,0.0,0.0,0.0,0.0,0.0,0.0,-0.0,-0.0,0.0,1250
마라18aa97aa,0.0,128.7986225,35.26261856,0.0,0.0,0.0,0.0,0.0,0.0,-0.0,-0.0,0.0,1250
마라18aa97ab,0.0,128.7986585,35.26487224,0.0,0.0,0.0,0.0,0.0,0.0,-0.0,-0.0,0.0,1250
마라18aa97ba,0.0,128.7986944,35.26712592,0.0,0.0,0.0,0.0,0.0,0.0,-0.0,-0.0,0.0,1250
마마12bb00aa,0.0,128.7413309,35.29026892,0.0,0.0,0.0,0.0,0.0,0.0,-0.0,-0.0,0.0,1250
마마34aa02ab,0.0,128.9753302,35.30792676,0.0,0.0,0.0,0.0,0.0,0.0,-0.0,-0.0,0.0,1250
마마12bb00ba,0.0,128.7413998,35.29477636,0.0,0.0,0.0,0.0,0.0,0.0,-0.0,-0.0,0.0,1250
마마12bb00bb,0.0,128.7414342,35.29703008,0.0,0.0,0.0,0.0,0.0,0.0,-0.0,-0.0,0.0,1250
마라18aa98ab,0.0,128.7988024,35.27388695,0.0,0.0,0.0,0.0,0.0,0.0,-0.0,-0.0,0.0,1250
마라18aa98ba,0.0,128.7988383,35.27614063,0.0,0.0,0.0,0.0,0.0,0.0,-0.0,-0.0,0.0,1250
마라18aa98bb,0.0,128.7988743,35.27839431,0.0,0.0,0.0,0.0,0.0,0.0,-0.0,-0.0,0.0,1250
마라10ab98ab,0.0,128.7136076,35.27477169,0.0,0.0,0.0,0.0,0.0,0.0,-0.0,-0.0,0.0,1250
마라18ab85ba,0.0,128.7997168,35.15891886,0.0,0.0,0.0,0.0,0.0,0.0,-0.0,-0.0,0.0,1250
마라18ab85bb,0.0,128.7997526,35.16117258,0.0,0.0,0.0,0.0,0.0,0.0,-0.0,-0.0,0.0,1250
마라18ab86aa,0.0,128.7997885,35.16342629,0.0,0.0,0.0,0.0,0.0,0.0,-0.0,-0.0,0.0,1250
마라18ab86ab,0.0,128.7998244,35.16568001,0.0,0.0,0.0,0.0,0.0,0.0,-0.0,-0.0,0.0,1250
마라18ab86ba,0.0,128.7998602,35.16793373,0.0,0.0,0.0,0.0,0.0,0.0,-0.0,-0.0,0.0,1250
마마13aa00ab,0.0,128.7441142,35.29249439,0.0,0.0,0.0,0.0,0.0,0.0,-0.0,-0.0,0.0,1250
마마13aa00ba,0.0,128.7441487,35.29474811,0.0,0.0,0.0,0.0,0.0,0.0,-0.0,-0.0,0.0,1250
마마13aa00bb,0.0,128.7441832,35.29700183,0.0,0.0,0.0,0.0,0.0,0.0,-0.0,-0.0,0.0,1250
마마13aa01aa,0.0,128.7442177,35.29925554,0.0,0.0,0.0,0.0,0.0,0.0,-0.0,-0.0,0.0,1250
마라18aa94aa,0.0,128.7981912,35.23557431,0.0,0.0,0.0,0.0,0.0,0.0,-0.0,-0.0,0.0,1250
마라18aa94ab,0.0,128.7982272,35.237828,0.0,0.0,0.0,0.0,0.0,0.0,-0.0,-0.0,0.0,1250
마라18aa94ba,0.0,128.7982631,35.2400817,0.0,0.0,0.0,0.0,0.0,0.0,-0.0,-0.0,0.0,1250
마라18aa94bb,0.0,128.798299,35.24233539,0.0,0.0,0.0,0.0,0.0,0.0,-0.0,-0.0,0.0,1250
마라18aa95aa,0.0,128.7983349,35.24458907,0.0,0.0,0.0,0.0,0.0,0.0,-0.0,-0.0,0.0,1250
마라18aa95ab,0.0,128.7983709,35.24684276,0.0,0.0,0.0,0.0,0.0,0.0,-0.0,-0.0,0.0,1250
마라18aa95ba,0.0,128.7984068,35.24909645,0.0,0.0,0.0,0.0,0.0,0.0,-0.0,-0.0,0.0,1250
마라18aa95bb,0.0,128.7984427,35.25135014,0.0,0.0,0.0,0.0,0.0,0.0,-0.0,-0.0,0.0,1250
마라18aa96aa,0.0,128.7984787,35.25360382,0.0,0.0,0.0,0.0,0.0,0.0,-0.0,-0.0,0.0,1250
마라18aa96ab,0.0,128.7985146,35.25585751,0.0,0.0,0.0,0.0,0.0,0.0,-0.0,-0.0,0.0,1250
마라18aa96ba,0.0,128.7985506,35.25811119,0.0,0.0,0.0,0.0,0.0,0.0,-0.0,-0.0,0.0,1250
마라18aa96bb,0.0,128.7985865,35.26036487,0.0,0.0,0.0,0.0,0.0,0.0,-0.0,-0.0,0.0,1250
마마13aa04ba,0.0,128.7447011,35.33080748,0.0,0.0,0.0,0.0,0.0,0.0,-0.0,-0.0,0.0,1250
마마13aa04bb,0.0,128.7447356,35.33306118,0.0,0.0,0.0,0.0,0.0,0.0,-0.0,-0.0,0.0,1250
마마13ab00aa,0.0,128.7468285,35.29021237,0.0,0.0,0.0,0.0,0.0,0.0,-0.0,-0.0,0.0,1250
마마13ab00ab,0.0,128.746863,35.29246608,0.0,0.0,0.0,0.0,0.0,0.0,-0.0,-0.0,0.0,1250
마마13ab00ba,0.0,128.7468976,35.2947198,0.0,0.0,0.0,0.0,0.0,0.0,-0.0,-0.0,0.0,1250
마라10ab98ba,0.0,128.7136412,35.27702544,0.0,0.0,0.0,0.0,0.0,0.0,-0.0,-0.0,0.0,1250
마라18aa92ba,0.0,128.7979758,35.22205214,0.0,0.0,0.0,0.0,0.0,0.0,-0.0,-0.0,0.0,1250
마라18aa92bb,0.0,128.7980117,35.22430584,0.0,0.0,0.0,0.0,0.0,0.0,-0.0,-0.0,0.0,1250
마라18aa93aa,0.0,128.7980476,35.22655954,0.0,0.0,0.0,0.0,0.0,0.0,-0.0,-0.0,0.0,1250
마라18aa93bb,0.0,128.7981553,35.23332062,0.0,0.0,0.0,0.0,0.0,0.0,-0.0,-0.0,0.0,1250
마마12bb03ba,0.0,128.741813,35.32182094,0.0,0.0,0.0,0.0,0.0,0.0,-0.0,-0.0,0.0,1250
마마12bb03bb,0.0,128.7418475,35.32407464,0.0,0.0,0.0,0.0,0.0,0.0,-0.0,-0.0,0.0,1250
마마12bb04aa,0.0,128.741882,35.32632835,0.0,0.0,0.0,0.0,0.0,0.0,-0.0,-0.0,0.0,1250
마마12bb04ab,0.0,128.7419165,35.32858206,0.0,0.0,0.0,0.0,0.0,0.0,-0.0,-0.0,0.0,1250
마마12bb04ba,0.0,128.7419509,35.33083577,0.0,0.0,0.0,0.0,0.0,0.0,-0.0,-0.0,0.0,1250
마마13aa00aa,0.0,128.7440797,35.29024067,0.0,0.0,0.0,0.0,0.0,0.0,-0.0,-0.0,0.0,1250
마라17bb97aa,0.0,128.7958747,35.26264802,0.0,0.0,0.0,0.0,0.0,0.0,-0.0,-0.0,0.0,1250
마라17bb97ab,0.0,128.7959106,35.2649017,0.0,0.0,0.0,0.0,0.0,0.0,-0.0,-0.0,0.0,1250
마라17bb97bb,0.0,128.7959824,35.26940907,0.0,0.0,0.0,0.0,0.0,0.0,-0.0,-0.0,0.0,1250
마라17bb98aa,0.0,128.7960183,35.27166275,0.0,0.0,0.0,0.0,0.0,0.0,-0.0,-0.0,0.0,1250
마라17bb98ab,0.0,128.7960542,35.27391643,0.0,0.0,0.0,0.0,0.0,0.0,-0.0,-0.0,0.0,1250
마라10ba95bb,0.0,128.716019,35.25220656,0.0,0.0,0.0,0.0,0.0,0.0,-0.0,-0.0,0.0,1250
마라18aa85ba,0.0,128.7969725,35.15894827,0.0,0.0,0.0,0.0,0.0,0.0,-0.0,-0.0,0.0,1250
마라18aa85bb,0.0,128.7970083,35.16120199,0.0,0.0,0.0,0.0,0.0,0.0,-0.0,-0.0,0.0,1250
마라18aa86aa,0.0,128.7970441,35.16345571,0.0,0.0,0.0,0.0,0.0,0.0,-0.0,-0.0,0.0,1250
마라18aa86ab,0.0,128.7970798,35.16570943,0.0,0.0,0.0,0.0,0.0,0.0,-0.0,-0.0,0.0,1250
마라18aa86ba,0.0,128.7971156,35.16796315,0.0,0.0,0.0,0.0,0.0,0.0,-0.0,-0.0,0.0,1250
마라18aa86bb,0.0,128.7971514,35.17021687,0.0,0.0,0.0,0.0,0.0,0.0,-0.0,-0.0,0.0,1250
마라18aa87aa,0.0,128.7971872,35.17247059,0.0,0.0,0.0,0.0,0.0,0.0,-0.0,-0.0,0.0,1250
마라10ba96aa,0.0,128.7160527,35.25446032,0.0,0.0,0.0,0.0,0.0,0.0,-0.0,-0.0,0.0,1250
마마13aa03ba,0.0,128.7445629,35.32179266,0.0,0.0,0.0,0.0,0.0,0.0,-0.0,-0.0,0.0,1250
마마13aa04ab,0.0,128.7446665,35.32855378,0.0,0.0,0.0,0.0,0.0,0.0,-0.0,-0.0,0.0,1250
마라17bb95ba,0.0,128.7956595,35.2491259,0.0,0.0,0.0,0.0,0.0,0.0,-0.0,-0.0,0.0,1250
마라17bb95bb,0.0,128.7956953,35.25137959,0.0,0.0,0.0,0.0,0.0,0.0,-0.0,-0.0,0.0,1250
마라17bb96aa,0.0,128.7957312,35.25363328,0.0,0.0,0.0,0.0,0.0,0.0,-0.0,-0.0,0.0,1250
마라17bb96ab,0.0,128.7957671,35.25588696,0.0,0.0,0.0,0.0,0.0,0.0,-0.0,-0.0,0.0,1250
마마13ab04bb,0.0,128.7474859,35.33303283,0.0,0.0,0.0,0.0,0.0,0.0,-0.0,-0.0,0.0,1250
마마13ba00ab,0.0,128.7496119,35.29243771,0.0,0.0,0.0,0.0,0.0,0.0,-0.0,-0.0,0.0,1250
마마13ba00ba,0.0,128.7496465,35.29469143,0.0,0.0,0.0,0.0,0.0,0.0,-0.0,-0.0,0.0,1250
마마13ba00bb,0.0,128.7496812,35.29694514,0.0,0.0,0.0,0.0,0.0,0.0,-0.0,-0.0,0.0,1250
마마13ba02aa,0.0,128.7498545,35.30821369,0.0,0.0,0.0,0.0,0.0,0.0,-0.0,-0.0,0.0,1250
마라10ba96ab,0.0,128.7160864,35.25671407,0.0,0.0,0.0,0.0,0.0,0.0,-0.0,-0.0,0.0,1250
마라10ba96ba,0.0,128.71612,35.25896783,0.0,0.0,0.0,0.0,0.0,0.0,-0.0,-0.0,0.0,1250
마마13ab02aa,0.0,128.7471051,35.30824208,0.0,0.0,0.0,0.0,0.0,0.0,-0.0,-0.0,0.0,1250
마마13ab04ab,0.0,128.7474166,35.32852543,0.0,0.0,0.0,0.0,0.0,0.0,-0.0,-0.0,0.0,1250
마마13ab04ba,0.0,128.7474512,35.33077913,0.0,0.0,0.0,0.0,0.0,0.0,-0.0,-0.0,0.0,1250
마라17bb96ba,0.0,128.795803,35.25814065,0.0,0.0,0.0,0.0,0.0,0.0,-0.0,-0.0,0.0,1250
마라17bb96bb,0.0,128.7958388,35.26039434,0.0,0.0,0.0,0.0,0.0,0.0,-0.0,-0.0,0.0,1250
마마13ba05ab,0.0,128.7503055,35.33751181,0.0,0.0,0.0,0.0,0.0,0.0,-0.0,-0.0,0.0,1250
마마13ba05ba,0.0,128.7503402,35.33976551,0.0,0.0,0.0,0.0,0.0,0.0,-0.0,-0.0,0.0,1250
마라10ba96bb,0.0,128.7161537,35.26122158,0.0,0.0,0.0,0.0,0.0,0.0,-0.0,-0.0,0.0,1250
마마13bb00bb,0.0,128.7524302,35.2969167,0.0,0.0,0.0,0.0,0.0,0.0,-0.0,-0.0,0.0,1250
마라17bb92ba,0.0,128.7952294,35.22208156,0.0,0.0,0.0,0.0,0.0,0.0,-0.0,-0.0,0.0,1250
마라17bb92bb,0.0,128.7952652,35.22433526,0.0,0.0,0.0,0.0,0.0,0.0,-0.0,-0.0,0.0,1250
마라17bb93aa,0.0,128.7953011,35.22658896,0.0,0.0,0.0,0.0,0.0,0.0,-0.0,-0.0,0.0,1250
마라17bb93ab,0.0,128.7953369,35.22884266,0.0,0.0,0.0,0.0,0.0,0.0,-0.0,-0.0,0.0,1250
마라17bb93ba,0.0,128.7953727,35.23109636,0.0,0.0,0.0,0.0,0.0,0.0,-0.0,-0.0,0.0,1250
마라17bb93bb,0.0,128.7954085,35.23335005,0.0,0.0,0.0,0.0,0.0,0.0,-0.0,-0.0,0.0,1250
마라17bb94aa,0.0,128.7954444,35.23560375,0.0,0.0,0.0,0.0,0.0,0.0,-0.0,-0.0,0.0,1250
마라17bb94ab,0.0,128.7954802,35.23785744,0.0,0.0,0.0,0.0,0.0,0.0,-0.0,-0.0,0.0,1250
마라17bb94ba,0.0,128.7955161,35.24011113,0.0,0.0,0.0,0.0,0.0,0.0,-0.0,-0.0,0.0,1250
마라17bb94bb,0.0,128.7955519,35.24236483,0.0,0.0,0.0,0.0,0.0,0.0,-0.0,-0.0,0.0,1250
마라17bb95aa,0.0,128.7955878,35.24461852,0.0,0.0,0.0,0.0,0.0,0.0,-0.0,-0.0,0.0,1250
마라17bb95ab,0.0,128.7956236,35.24687221,0.0,0.0,0.0,0.0,0.0,0.0,-0.0,-0.0,0.0,1250
마마13bb02ab,0.0,128.7526386,35.31043894,0.0,0.0,0.0,0.0,0.0,0.0,-0.0,-0.0,0.0,1250
마마13bb03bb,0.0,128.7528472,35.32396115,0.0,0.0,0.0,0.0,0.0,0.0,-0.0,-0.0,0.0,1250
마라10ba97aa,0.0,128.7161874,35.26347534,0.0,0.0,0.0,0.0,0.0,0.0,-0.0,-0.0,0.0,1250
마마13bb04ba,0.0,128.7529515,35.33072225,0.0,0.0,0.0,0.0,0.0,0.0,-0.0,-0.0,0.0,1250
마마13bb05aa,0.0,128.7530211,35.33522964,0.0,0.0,0.0,0.0,0.0,0.0,-0.0,-0.0,0.0,1250
마마13bb05ab,0.0,128.7530559,35.33748333,0.0,0.0,0.0,0.0,0.0,0.0,-0.0,-0.0,0.0,1250
마마13bb05ba,0.0,128.7530907,35.33973702,0.0,0.0,0.0,0.0,0.0,0.0,-0.0,-0.0,0.0,1250
마라10ab96ab,0.0,128.7133387,35.25674166,0.0,0.0,0.0,0.0,0.0,0.0,-0.0,-0.0,0.0,1250
마라17bb90ab,0.0,128.7949073,35.20179823,0.0,0.0,0.0,0.0,0.0,0.0,-0.0,-0.0,0.0,1250
마라10ab96ba,0.0,128.7133723,35.25899542,0.0,0.0,0.0,0.0,0.0,0.0,-0.0,-0.0,0.0,1250
마라17bb91aa,0.0,128.7950146,35.20855935,0.0,0.0,0.0,0.0,0.0,0.0,-0.0,-0.0,0.0,1250
마라10ab96bb,0.0,128.7134059,35.26124917,0.0,0.0,0.0,0.0,0.0,0.0,-0.0,-0.0,0.0,1250
마라17bb92aa,0.0,128.7951578,35.21757416,0.0,0.0,0.0,0.0,0.0,0.0,-0.0,-0.0,0.0,1250
마라17bb92ab,0.0,128.7951936,35.21982786,0.0,0.0,0.0,0.0,0.0,0.0,-0.0,-0.0,0.0,1250
마마13ba04bb,0.0,128.7502361,35.33300442,0.0,0.0,0.0,0.0,0.0,0.0,-0.0,-0.0,0.0,1250
마마13ba05aa,0.0,128.7502708,35.33525812,0.0,0.0,0.0,0.0,0.0,0.0,-0.0,-0.0,0.0,1250
마라10ab97aa,0.0,128.7134395,35.26350293,0.0,0.0,0.0,0.0,0.0,0.0,-0.0,-0.0,0.0,1250
마마14aa01ba,0.0,128.7552836,35.30364932,0.0,0.0,0.0,0.0,0.0,0.0,-0.0,-0.0,0.0,1250
마마14aa01bb,0.0,128.7553184,35.30590302,0.0,0.0,0.0,0.0,0.0,0.0,-0.0,-0.0,0.0,1250
마마14aa02aa,0.0,128.7553532,35.30815672,0.0,0.0,0.0,0.0,0.0,0.0,-0.0,-0.0,0.0,1250
마라10ab97ab,0.0,128.7134731,35.26575668,0.0,0.0,0.0,0.0,0.0,0.0,-0.0,-0.0,0.0,1250
마마34aa02ba,0.0,128.9753711,35.31018025,0.0,0.0,0.0,0.0,0.0,0.0,-0.0,-0.0,0.0,1250
마라17bb85ab,0.0,128.7941925,35.1567239,0.0,0.0,0.0,0.0,0.0,0.0,-0.0,-0.0,0.0,1250
마라17bb85ba,0.0,128.7942282,35.15897762,0.0,0.0,0.0,0.0,0.0,0.0,-0.0,-0.0,0.0,1250
마라17bb85bb,0.0,128.7942639,35.16123135,0.0,0.0,0.0,0.0,0.0,0.0,-0.0,-0.0,0.0,1250
마라17bb86aa,0.0,128.7942996,35.16348507,0.0,0.0,0.0,0.0,0.0,0.0,-0.0,-0.0,0.0,1250
마라17bb86ab,0.0,128.7943353,35.16573879,0.0,0.0,0.0,0.0,0.0,0.0,-0.0,-0.0,0.0,1250
마라17bb86ba,0.0,128.794371,35.16799251,0.0,0.0,0.0,0.0,0.0,0.0,-0.0,-0.0,0.0,1250
마라17bb86bb,0.0,128.7944068,35.17024623,0.0,0.0,0.0,0.0,0.0,0.0,-0.0,-0.0,0.0,1250
마라17bb87aa,0.0,128.7944425,35.17249995,0.0,0.0,0.0,0.0,0.0,0.0,-0.0,-0.0,0.0,1250
마라17bb87ab,0.0,128.7944782,35.17475367,0.0,0.0,0.0,0.0,0.0,0.0,-0.0,-0.0,0.0,1250
마마13bb02aa,0.0,128.7526038,35.30818524,0.0,0.0,0.0,0.0,0.0,0.0,-0.0,-0.0,0.0,1250
마라17ba97ab,0.0,128.7931627,35.26493111,0.0,0.0,0.0,0.0,0.0,0.0,-0.0,-0.0,0.0,1250
마라17ba97ba,0.0,128.7931986,35.26718479,0.0,0.0,0.0,0.0,0.0,0.0,-0.0,-0.0,0.0,1250
마라17ba98aa,0.0,128.7932702,35.27169216,0.0,0.0,0.0,0.0,0.0,0.0,-0.0,-0.0,0.0,1250
마라17ba98ab,0.0,128.793306,35.27394584,0.0,0.0,0.0,0.0,0.0,0.0,-0.0,-0.0,0.0,1250
마라17ba98ba,0.0,128.7933419,35.27619953,0.0,0.0,0.0,0.0,0.0,0.0,-0.0,-0.0,0.0,1250
마라17ba98bb,0.0,128.7933777,35.27845321,0.0,0.0,0.0,0.0,0.0,0.0,-0.0,-0.0,0.0,1250
마마34ab00aa,0.0,128.9777105,35.2876117,0.0,0.0,0.0,0.0,0.0,0.0,-0.0,-0.0,0.0,1250
마마34ab00ab,0.0,128.9777514,35.2898652,0.0,0.0,0.0,0.0,0.0,0.0,-0.0,-0.0,0.0,1250
마마14aa05ab,0.0,128.7558062,35.33745479,0.0,0.0,0.0,0.0,0.0,0.0,-0.0,-0.0,0.0,1250
마마34ab01bb,0.0,128.9779973,35.30338619,0.0,0.0,0.0,0.0,0.0,0.0,-0.0,-0.0,0.0,1250
마마34ab02aa,0.0,128.9780383,35.30563969,0.0,0.0,0.0,0.0,0.0,0.0,-0.0,-0.0,0.0,1250
마마14ab01bb,0.0,128.7580677,35.30587445,0.0,0.0,0.0,0.0,0.0,0.0,-0.0,-0.0,0.0,1250
마마14ab02aa,0.0,128.7581026,35.30812815,0.0,0.0,0.0,0.0,0.0,0.0,-0.0,-0.0,0.0,1250
마마34ab02ab,0.0,128.9780793,35.30789318,0.0,0.0,0.0,0.0,0.0,0.0,-0.0,-0.0,0.0,1250
마마34ba00aa,0.0,128.9804589,35.28757809,0.0,0.0,0.0,0.0,0.0,0.0,-0.0,-0.0,0.0,1250
마마14aa00bb,0.0,128.7551791,35.2968882,0.0,0.0,0.0,0.0,0.0,0.0,-0.0,-0.0,0.0,1250
마라17ba94ba,0.0,128.792769,35.24014051,0.0,0.0,0.0,0.0,0.0,0.0,-0.0,-0.0,0.0,1250
마라17ba94bb,0.0,128.7928048,35.24239421,0.0,0.0,0.0,0.0,0.0,0.0,-0.0,-0.0,0.0,1250
마라17ba95aa,0.0,128.7928406,35.2446479,0.0,0.0,0.0,0.0,0.0,0.0,-0.0,-0.0,0.0,1250
마마34ba01aa,0.0,128.980623,35.29659208,0.0,0.0,0.0,0.0,0.0,0.0,-0.0,-0.0,0.0,1250
마마33bb02bb,0.0,128.9726627,35.31246726,0.0,0.0,0.0,0.0,0.0,0.0,-0.0,-0.0,0.0,1250
마마14ab05ba,0.0,128.7585915,35.33967987,0.0,0.0,0.0,0.0,0.0,0.0,-0.0,-0.0,0.0,1250
마마14ab05bb,0.0,128.7586265,35.34193356,0.0,0.0,0.0,0.0,0.0,0.0,-0.0,-0.0,0.0,1250
마마33bb03aa,0.0,128.9727036,35.31472076,0.0,0.0,0.0,0.0,0.0,0.0,-0.0,-0.0,0.0,1250
마라17ba95ab,0.0,128.7928764,35.24690159,0.0,0.0,0.0,0.0,0.0,0.0,-0.0,-0.0,0.0,1250
마라17ba95ba,0.0,128.7929121,35.24915529,0.0,0.0,0.0,0.0,0.0,0.0,-0.0,-0.0,0.0,1250
마라17ba95bb,0.0,128.7929479,35.25140898,0.0,0.0,0.0,0.0,0.0,0.0,-0.0,-0.0,0.0,1250
마라17ba96aa,0.0,128.7929837,35.25366267,0.0,0.0,0.0,0.0,0.0,0.0,-0.0,-0.0,0.0,1250
마라17ba96ab,0.0,128.7930195,35.25591636,0.0,0.0,0.0,0.0,0.0,0.0,-0.0,-0.0,0.0,1250
마라17ba96ba,0.0,128.7930553,35.25817005,0.0,0.0,0.0,0.0,0.0,0.0,-0.0,-0.0,0.0,1250
마라17ba96bb,0.0,128.7930911,35.26042373,0.0,0.0,0.0,0.0,0.0,0.0,-0.0,-0.0,0.0,1250
마라17ba97aa,0.0,128.7931269,35.26267742,0.0,0.0,0.0,0.0,0.0,0.0,-0.0,-0.0,0.0,1250
마마14ba02aa,0.0,128.7608519,35.30809951,0.0,0.0,0.0,0.0,0.0,0.0,-0.0,-0.0,0.0,1250
마마33bb03ab,0.0,128.9727445,35.31697426,0.0,0.0,0.0,0.0,0.0,0.0,-0.0,-0.0,0.0,1250
마마14ba04aa,0.0,128.7611318,35.32612907,0.0,0.0,0.0,0.0,0.0,0.0,-0.0,-0.0,0.0,1250
마라17ba88aa,0.0,128.7918404,35.18154414,0.0,0.0,0.0,0.0,0.0,0.0,-0.0,-0.0,0.0,1250
마라17ba90ab,0.0,128.7921615,35.20182756,0.0,0.0,0.0,0.0,0.0,0.0,-0.0,-0.0,0.0,1250
마라17ba90ba,0.0,128.7921972,35.20408127,0.0,0.0,0.0,0.0,0.0,0.0,-0.0,-0.0,0.0,1250
마라17ba90bb,0.0,128.7922329,35.20633498,0.0,0.0,0.0,0.0,0.0,0.0,-0.0,-0.0,0.0,1250
마라17ba91aa,0.0,128.7922687,35.20858869,0.0,0.0,0.0,0.0,0.0,0.0,-0.0,-0.0,0.0,1250
마라17ba91bb,0.0,128.7923758,35.21534981,0.0,0.0,0.0,0.0,0.0,0.0,-0.0,-0.0,0.0,1250
마라17ba92aa,0.0,128.7924115,35.21760351,0.0,0.0,0.0,0.0,0.0,0.0,-0.0,-0.0,0.0,1250
마라17ba92ba,0.0,128.792483,35.22211092,0.0,0.0,0.0,0.0,0.0,0.0,-0.0,-0.0,0.0,1250
마라17ba92bb,0.0,128.7925187,35.22436462,0.0,0.0,0.0,0.0,0.0,0.0,-0.0,-0.0,0.0,1250
마라17ba93aa,0.0,128.7925545,35.22661832,0.0,0.0,0.0,0.0,0.0,0.0,-0.0,-0.0,0.0,1250
마라17ba93ab,0.0,128.7925902,35.22887202,0.0,0.0,0.0,0.0,0.0,0.0,-0.0,-0.0,0.0,1250
마라17ba93ba,0.0,128.792626,35.23112572,0.0,0.0,0.0,0.0,0.0,0.0,-0.0,-0.0,0.0,1250
마라17ba94ab,0.0,128.7927333,35.23788682,0.0,0.0,0.0,0.0,0.0,0.0,-0.0,-0.0,0.0,1250
마마14bb01ba,0.0,128.7635312,35.30356342,0.0,0.0,0.0,0.0,0.0,0.0,-0.0,-0.0,0.0,1250
마마14bb02aa,0.0,128.7636013,35.30807081,0.0,0.0,0.0,0.0,0.0,0.0,-0.0,-0.0,0.0,1250
마라17ab98aa,0.0,128.7905221,35.27172151,0.0,0.0,0.0,0.0,0.0,0.0,-0.0,-0.0,0.0,1250
마라17ab98ab,0.0,128.7905579,35.2739752,0.0,0.0,0.0,0.0,0.0,0.0,-0.0,-0.0,0.0,1250
마라17ab98ba,0.0,128.7905936,35.27622888,0.0,0.0,0.0,0.0,0.0,0.0,-0.0,-0.0,0.0,1250
마라17ab98bb,0.0,128.7906294,35.27848256,0.0,0.0,0.0,0.0,0.0,0.0,-0.0,-0.0,0.0,1250
마마36ab00ab,0.0,128.9997392,35.28959453,0.0,0.0,0.0,0.0,0.0,0.0,-0.0,-0.0,0.0,1250
마라17ba85ab,0.0,128.7914483,35.15675318,0.0,0.0,0.0,0.0,0.0,0.0,-0.0,-0.0,0.0,1250
마라17ba85ba,0.0,128.7914839,35.15900691,0.0,0.0,0.0,0.0,0.0,0.0,-0.0,-0.0,0.0,1250
마라17ba85bb,0.0,128.7915195,35.16126064,0.0,0.0,0.0,0.0,0.0,0.0,-0.0,-0.0,0.0,1250
마라17ba86aa,0.0,128.7915552,35.16351436,0.0,0.0,0.0,0.0,0.0,0.0,-0.0,-0.0,0.0,1250
마라17ba86ab,0.0,128.7915908,35.16576809,0.0,0.0,0.0,0.0,0.0,0.0,-0.0,-0.0,0.0,1250
마라17ba86ba,0.0,128.7916264,35.16802181,0.0,0.0,0.0,0.0,0.0,0.0,-0.0,-0.0,0.0,1250
마라17ba86bb,0.0,128.7916621,35.17027553,0.0,0.0,0.0,0.0,0.0,0.0,-0.0,-0.0,0.0,1250
마라17ba87aa,0.0,128.7916977,35.17252926,0.0,0.0,0.0,0.0,0.0,0.0,-0.0,-0.0,0.0,1250
마라10aa97aa,0.0,128.7106916,35.26353046,0.0,0.0,0.0,0.0,0.0,0.0,-0.0,-0.0,0.0,1250
마라17ab97aa,0.0,128.7903791,35.26270676,0.0,0.0,0.0,0.0,0.0,0.0,-0.0,-0.0,0.0,1250
마라17ab97ab,0.0,128.7904149,35.26496045,0.0,0.0,0.0,0.0,0.0,0.0,-0.0,-0.0,0.0,1250
마라17ab97ba,0.0,128.7904506,35.26721414,0.0,0.0,0.0,0.0,0.0,0.0,-0.0,-0.0,0.0,1250
마라17ab97bb,0.0,128.7904864,35.26946782,0.0,0.0,0.0,0.0,0.0,0.0,-0.0,-0.0,0.0,1250
마마14bb02ba,0.0,128.7636714,35.3125782,0.0,0.0,0.0,0.0,0.0,0.0,-0.0,-0.0,0.0,1250
마마14bb02bb,0.0,128.7637064,35.31483189,0.0,0.0,0.0,0.0,0.0,0.0,-0.0,-0.0,0.0,1250
마마14bb03aa,0.0,128.7637415,35.31708559,0.0,0.0,0.0,0.0,0.0,0.0,-0.0,-0.0,0.0,1250
마마14bb05ba,0.0,128.7640924,35.33962246,0.0,0.0,0.0,0.0,0.0,0.0,-0.0,-0.0,0.0,1250
마마14bb05bb,0.0,128.7641275,35.34187615,0.0,0.0,0.0,0.0,0.0,0.0,-0.0,-0.0,0.0,1250
마마14bb06aa,0.0,128.7641626,35.34412983,0.0,0.0,0.0,0.0,0.0,0.0,-0.0,-0.0,0.0,1250
마마14bb06ab,0.0,128.7641977,35.34638351,0.0,0.0,0.0,0.0,0.0,0.0,-0.0,-0.0,0.0,1250
마마14ba05ab,0.0,128.7613069,35.33739751,0.0,0.0,0.0,0.0,0.0,0.0,-0.0,-0.0,0.0,1250
마마14ba05ba,0.0,128.7613419,35.3396512,0.0,0.0,0.0,0.0,0.0,0.0,-0.0,-0.0,0.0,1250
마마14ba05bb,0.0,128.761377,35.34190488,0.0,0.0,0.0,0.0,0.0,0.0,-0.0,-0.0,0.0,1250
마마14ba06aa,0.0,128.761412,35.34415857,0.0,0.0,0.0,0.0,0.0,0.0,-0.0,-0.0,0.0,1250
마라10aa97ab,0.0,128.7107251,35.26578422,0.0,0.0,0.0,0.0,0.0,0.0,-0.0,-0.0,0.0,1250
마마15aa01ba,0.0,128.7662804,35.30353466,0.0,0.0,0.0,0.0,0.0,0.0,-0.0,-0.0,0.0,1250
마마15aa02aa,0.0,128.7663506,35.30804205,0.0,0.0,0.0,0.0,0.0,0.0,-0.0,-0.0,0.0,1250
마마15aa02ba,0.0,128.7664209,35.31254943,0.0,0.0,0.0,0.0,0.0,0.0,-0.0,-0.0,0.0,1250
마마15aa03aa,0.0,128.7664912,35.31705681,0.0,0.0,0.0,0.0,0.0,0.0,-0.0,-0.0,0.0,1250
마라17ab94aa,0.0,128.7899506,35.23566243,0.0,0.0,0.0,0.0,0.0,0.0,-0.0,-0.0,0.0,1250
마라17ab94ab,0.0,128.7899863,35.23791613,0.0,0.0,0.0,0.0,0.0,0.0,-0.0,-0.0,0.0,1250
마라17ab94ba,0.0,128.790022,35.24016983,0.0,0.0,0.0,0.0,0.0,0.0,-0.0,-0.0,0.0,1250
마라17ab94bb,0.0,128.7900577,35.24242352,0.0,0.0,0.0,0.0,0.0,0.0,-0.0,-0.0,0.0,1250
마라17ab95aa,0.0,128.7900934,35.24467722,0.0,0.0,0.0,0.0,0.0,0.0,-0.0,-0.0,0.0,1250
마라17ab95ab,0.0,128.7901291,35.24693092,0.0,0.0,0.0,0.0,0.0,0.0,-0.0,-0.0,0.0,1250
마라17ab95ba,0.0,128.7901648,35.24918461,0.0,0.0,0.0,0.0,0.0,0.0,-0.0,-0.0,0.0,1250
마라17ab95bb,0.0,128.7902005,35.2514383,0.0,0.0,0.0,0.0,0.0,0.0,-0.0,-0.0,0.0,1250
마라17ab96aa,0.0,128.7902362,35.253692,0.0,0.0,0.0,0.0,0.0,0.0,-0.0,-0.0,0.0,1250
마라17ab96ab,0.0,128.790272,35.25594569,0.0,0.0,0.0,0.0,0.0,0.0,-0.0,-0.0,0.0,1250
마라17ab96ba,0.0,128.7903077,35.25819938,0.0,0.0,0.0,0.0,0.0,0.0,-0.0,-0.0,0.0,1250
마라17ab96bb,0.0,128.7903434,35.26045307,0.0,0.0,0.0,0.0,0.0,0.0,-0.0,-0.0,0.0,1250
마마15ab01aa,0.0,128.7689592,35.29899845,0.0,0.0,0.0,0.0,0.0,0.0,-0.0,-0.0,0.0,1250
마라17ab90ab,0.0,128.7894158,35.20185684,0.0,0.0,0.0,0.0,0.0,0.0,-0.0,-0.0,0.0,1250
마라17ab90ba,0.0,128.7894514,35.20411055,0.0,0.0,0.0,0.0,0.0,0.0,-0.0,-0.0,0.0,1250
마라17ab90bb,0.0,128.789487,35.20636426,0.0,0.0,0.0,0.0,0.0,0.0,-0.0,-0.0,0.0,1250
마라17ab91aa,0.0,128.7895227,35.20861797,0.0,0.0,0.0,0.0,0.0,0.0,-0.0,-0.0,0.0,1250
마라17ab91ab,0.0,128.7895583,35.21087168,0.0,0.0,0.0,0.0,0.0,0.0,-0.0,-0.0,0.0,1250
마라17ab91ba,0.0,128.789594,35.21312539,0.0,0.0,0.0,0.0,0.0,0.0,-0.0,-0.0,0.0,1250
마라17ab91bb,0.0,128.7896296,35.2153791,0.0,0.0,0.0,0.0,0.0,0.0,-0.0,-0.0,0.0,1250
마라17ab92aa,0.0,128.7896653,35.2176328,0.0,0.0,0.0,0.0,0.0,0.0,-0.0,-0.0,0.0,1250
마라17ab93aa,0.0,128.7898079,35.22664762,0.0,0.0,0.0,0.0,0.0,0.0,-0.0,-0.0,0.0,1250
마라17ab93ab,0.0,128.7898436,35.22890133,0.0,0.0,0.0,0.0,0.0,0.0,-0.0,-0.0,0.0,1250
마라17ab93ba,0.0,128.7898793,35.23115503,0.0,0.0,0.0,0.0,0.0,0.0,-0.0,-0.0,0.0,1250
마라17ab93bb,0.0,128.7899149,35.23340873,0.0,0.0,0.0,0.0,0.0,0.0,-0.0,-0.0,0.0,1250
마마15aa00ab,0.0,128.7661048,35.29226617,0.0,0.0,0.0,0.0,0.0,0.0,-0.0,-0.0,0.0,1250
마마15aa01aa,0.0,128.7662102,35.29902727,0.0,0.0,0.0,0.0,0.0,0.0,-0.0,-0.0,0.0,1250
마마34ba01ab,0.0,128.9806641,35.29884557,0.0,0.0,0.0,0.0,0.0,0.0,-0.0,-0.0,0.0,1250
마마15ab05ab,0.0,128.7695579,35.33731113,0.0,0.0,0.0,0.0,0.0,0.0,-0.0,-0.0,0.0,1250
마라17ab86aa,0.0,128.7888107,35.1635436,0.0,0.0,0.0,0.0,0.0,0.0,-0.0,-0.0,0.0,1250
마라17ab86ab,0.0,128.7888463,35.16579732,0.0,0.0,0.0,0.0,0.0,0.0,-0.0,-0.0,0.0,1250
마라17ab86ba,0.0,128.7888818,35.16805105,0.0,0.0,0.0,0.0,0.0,0.0,-0.0,-0.0,0.0,1250
마라17ab86bb,0.0,128.7889174,35.17030477,0.0,0.0,0.0,0.0,0.0,0.0,-0.0,-0.0,0.0,1250
마라17ab88aa,0.0,128.7890953,35.18157339,0.0,0.0,0.0,0.0,0.0,0.0,-0.0,-0.0,0.0,1250
마라17ab88bb,0.0,128.7892021,35.18833454,0.0,0.0,0.0,0.0,0.0,0.0,-0.0,-0.0,0.0,1250
마라17ab89aa,0.0,128.7892377,35.19058826,0.0,0.0,0.0,0.0,0.0,0.0,-0.0,-0.0,0.0,1250
마라17ab89ab,0.0,128.7892733,35.19284198,0.0,0.0,0.0,0.0,0.0,0.0,-0.0,-0.0,0.0,1250
마라17ab89ba,0.0,128.7893089,35.19509569,0.0,0.0,0.0,0.0,0.0,0.0,-0.0,-0.0,0.0,1250
마마15aa04ba,0.0,128.7667021,35.33057894,0.0,0.0,0.0,0.0,0.0,0.0,-0.0,-0.0,0.0,1250
마마15aa05ba,0.0,128.7668428,35.33959367,0.0,0.0,0.0,0.0,0.0,0.0,-0.0,-0.0,0.0,1250
마마15aa05bb,0.0,128.766878,35.34184735,0.0,0.0,0.0,0.0,0.0,0.0,-0.0,-0.0,0.0,1250
마마15aa06aa,0.0,128.7669132,35.34410103,0.0,0.0,0.0,0.0,0.0,0.0,-0.0,-0.0,0.0,1250
마마15aa06ab,0.0,128.7669483,35.34635471,0.0,0.0,0.0,0.0,0.0,0.0,-0.0,-0.0,0.0,1250
마마15ab00ab,0.0,128.7688536,35.29223736,0.0,0.0,0.0,0.0,0.0,0.0,-0.0,-0.0,0.0,1250
마라17ab85ba,0.0,128.7887396,35.15903614,0.0,0.0,0.0,0.0,0.0,0.0,-0.0,-0.0,0.0,1250
마라17ab85bb,0.0,128.7887752,35.16128987,0.0,0.0,0.0,0.0,0.0,0.0,-0.0,-0.0,0.0,1250
마마15ab05ba,0.0,128.7695932,35.33956481,0.0,0.0,0.0,0.0,0.0,0.0,-0.0,-0.0,0.0,1250
마마15ab05bb,0.0,128.7696285,35.34181849,0.0,0.0,0.0,0.0,0.0,0.0,-0.0,-0.0,0.0,1250
마마15ab06aa,0.0,128.7696637,35.34407217,0.0,0.0,0.0,0.0,0.0,0.0,-0.0,-0.0,0.0,1250
마마15ab06ab,0.0,128.769699,35.34632584,0.0,0.0,0.0,0.0,0.0,0.0,-0.0,-0.0,0.0,1250
마마15ba00ab,0.0,128.7716025,35.29220849,0.0,0.0,0.0,0.0,0.0,0.0,-0.0,-0.0,0.0,1250
마마15ba01aa,0.0,128.7717082,35.29896957,0.0,0.0,0.0,0.0,0.0,0.0,-0.0,-0.0,0.0,1250
마마34ba01ba,0.0,128.9807051,35.30109906,0.0,0.0,0.0,0.0,0.0,0.0,-0.0,-0.0,0.0,1250
마마15ba01bb,0.0,128.771814,35.30573064,0.0,0.0,0.0,0.0,0.0,0.0,-0.0,-0.0,0.0,1250
마마15ba02aa,0.0,128.7718493,35.30798433,0.0,0.0,0.0,0.0,0.0,0.0,-0.0,-0.0,0.0,1250
마마15ba02ab,0.0,128.7718846,35.31023802,0.0,0.0,0.0,0.0,0.0,0.0,-0.0,-0.0,0.0,1250
마마15ab02ab,0.0,128.7691352,35.31026691,0.0,0.0,0.0,0.0,0.0,0.0,-0.0,-0.0,0.0,1250
마마34ba01bb,0.0,128.9807462,35.30335256,0.0,0.0,0.0,0.0,0.0,0.0,-0.0,-0.0,0.0,1250
마마15ab03aa,0.0,128.7692408,35.31702798,0.0,0.0,0.0,0.0,0.0,0.0,-0.0,-0.0,0.0,1250
마마15ab03ab,0.0,128.769276,35.31928167,0.0,0.0,0.0,0.0,0.0,0.0,-0.0,-0.0,0.0,1250
마마15ba04ba,0.0,128.7722023,35.33052118,0.0,0.0,0.0,0.0,0.0,0.0,-0.0,-0.0,0.0,1250
마마15ba04bb,0.0,128.7722376,35.33277486,0.0,0.0,0.0,0.0,0.0,0.0,-0.0,-0.0,0.0,1250
마마15ba05aa,0.0,128.772273,35.33502853,0.0,0.0,0.0,0.0,0.0,0.0,-0.0,-0.0,0.0,1250
마마15ba05ab,0.0,128.7723083,35.33728221,0.0,0.0,0.0,0.0,0.0,0.0,-0.0,-0.0,0.0,1250
마마15ba05ba,0.0,128.7723436,35.33953589,0.0,0.0,0.0,0.0,0.0,0.0,-0.0,-0.0,0.0,1250
마마15ba05bb,0.0,128.7723789,35.34178956,0.0,0.0,0.0,0.0,0.0,0.0,-0.0,-0.0,0.0,1250
마마15ba06aa,0.0,128.7724143,35.34404324,0.0,0.0,0.0,0.0,0.0,0.0,-0.0,-0.0,0.0,1250
마마15ba06ab,0.0,128.7724496,35.34629691,0.0,0.0,0.0,0.0,0.0,0.0,-0.0,-0.0,0.0,1250
마라17aa96bb,0.0,128.7875957,35.26048235,0.0,0.0,0.0,0.0,0.0,0.0,-0.0,-0.0,0.0,1250
마라17aa97ba,0.0,128.7877027,35.26724342,0.0,0.0,0.0,0.0,0.0,0.0,-0.0,-0.0,0.0,1250
마라17aa97bb,0.0,128.7877383,35.26949711,0.0,0.0,0.0,0.0,0.0,0.0,-0.0,-0.0,0.0,1250
마라17aa98aa,0.0,128.787774,35.2717508,0.0,0.0,0.0,0.0,0.0,0.0,-0.0,-0.0,0.0,1250
마라17aa98ab,0.0,128.7878097,35.27400448,0.0,0.0,0.0,0.0,0.0,0.0,-0.0,-0.0,0.0,1250
마라17aa98ba,0.0,128.7878454,35.27625817,0.0,0.0,0.0,0.0,0.0,0.0,-0.0,-0.0,0.0,1250
마라17aa98bb,0.0,128.7878811,35.27851186,0.0,0.0,0.0,0.0,0.0,0.0,-0.0,-0.0,0.0,1250
마라17ab85ab,0.0,128.7887041,35.15678241,0.0,0.0,0.0,0.0,0.0,0.0,-0.0,-0.0,0.0,1250
마마15bb03ab,0.0,128.7747755,35.3192238,0.0,0.0,0.0,0.0,0.0,0.0,-0.0,-0.0,0.0,1250
마마15bb04ab,0.0,128.774917,35.32823852,0.0,0.0,0.0,0.0,0.0,0.0,-0.0,-0.0,0.0,1250
마라17aa93ab,0.0,128.7870969,35.22893057,0.0,0.0,0.0,0.0,0.0,0.0,-0.0,-0.0,0.0,1250
마라17aa93ba,0.0,128.7871325,35.23118427,0.0,0.0,0.0,0.0,0.0,0.0,-0.0,-0.0,0.0,1250
마라17aa93bb,0.0,128.7871681,35.23343797,0.0,0.0,0.0,0.0,0.0,0.0,-0.0,-0.0,0.0,1250
마라17aa94aa,0.0,128.7872037,35.23569168,0.0,0.0,0.0,0.0,0.0,0.0,-0.0,-0.0,0.0,1250
마라17aa94ab,0.0,128.7872394,35.23794538,0.0,0.0,0.0,0.0,0.0,0.0,-0.0,-0.0,0.0,1250
마라17aa94ba,0.0,128.787275,35.24019908,0.0,0.0,0.0,0.0,0.0,0.0,-0.0,-0.0,0.0,1250
마라17aa94bb,0.0,128.7873106,35.24245278,0.0,0.0,0.0,0.0,0.0,0.0,-0.0,-0.0,0.0,1250
마라17aa95ba,0.0,128.7874175,35.24921387,0.0,0.0,0.0,0.0,0.0,0.0,-0.0,-0.0,0.0,1250
마라17aa95bb,0.0,128.7874531,35.25146757,0.0,0.0,0.0,0.0,0.0,0.0,-0.0,-0.0,0.0,1250
마라17aa96aa,0.0,128.7874888,35.25372126,0.0,0.0,0.0,0.0,0.0,0.0,-0.0,-0.0,0.0,1250
마라17aa96ab,0.0,128.7875244,35.25597496,0.0,0.0,0.0,0.0,0.0,0.0,-0.0,-0.0,0.0,1250
마라17aa96ba,0.0,128.78756,35.25822865,0.0,0.0,0.0,0.0,0.0,0.0,-0.0,-0.0,0.0,1250
마마15ba03aa,0.0,128.7719905,35.31699908,0.0,0.0,0.0,0.0,0.0,0.0,-0.0,-0.0,0.0,1250
마마15ba03ab,0.0,128.7720258,35.31925277,0.0,0.0,0.0,0.0,0.0,0.0,-0.0,-0.0,0.0,1250
마라17aa92aa,0.0,128.786919,35.21766203,0.0,0.0,0.0,0.0,0.0,0.0,-0.0,-0.0,0.0,1250
마마15bb04ba,0.0,128.7749524,35.3304922,0.0,0.0,0.0,0.0,0.0,0.0,-0.0,-0.0,0.0,1250
마마15bb04bb,0.0,128.7749878,35.33274588,0.0,0.0,0.0,0.0,0.0,0.0,-0.0,-0.0,0.0,1250
마마15bb05aa,0.0,128.7750232,35.33499955,0.0,0.0,0.0,0.0,0.0,0.0,-0.0,-0.0,0.0,1250
마마15bb05ab,0.0,128.7750586,35.33725323,0.0,0.0,0.0,0.0,0.0,0.0,-0.0,-0.0,0.0,1250
마마15bb05bb,0.0,128.7751294,35.34176058,0.0,0.0,0.0,0.0,0.0,0.0,-0.0,-0.0,0.0,1250
마마15bb06aa,0.0,128.7751648,35.34401425,0.0,0.0,0.0,0.0,0.0,0.0,-0.0,-0.0,0.0,1250
마마15bb06ab,0.0,128.7752003,35.34626792,0.0,0.0,0.0,0.0,0.0,0.0,-0.0,-0.0,0.0,1250
마마34bb00ba,0.0,128.9832895,35.2920514,0.0,0.0,0.0,0.0,0.0,0.0,-0.0,-0.0,0.0,1250
마마16aa01ba,0.0,128.7772771,35.303419,0.0,0.0,0.0,0.0,0.0,0.0,-0.0,-0.0,0.0,1250
마마16aa01bb,0.0,128.7773126,35.30567269,0.0,0.0,0.0,0.0,0.0,0.0,-0.0,-0.0,0.0,1250
마마15bb00bb,0.0,128.7744219,35.29668694,0.0,0.0,0.0,0.0,0.0,0.0,-0.0,-0.0,0.0,1250
마마15bb01ba,0.0,128.774528,35.30344801,0.0,0.0,0.0,0.0,0.0,0.0,-0.0,-0.0,0.0,1250
마마15bb02aa,0.0,128.7745987,35.30795538,0.0,0.0,0.0,0.0,0.0,0.0,-0.0,-0.0,0.0,1250
마마15bb02bb,0.0,128.7747047,35.31471644,0.0,0.0,0.0,0.0,0.0,0.0,-0.0,-0.0,0.0,1250
마마15bb03aa,0.0,128.7747401,35.31697012,0.0,0.0,0.0,0.0,0.0,0.0,-0.0,-0.0,0.0,1250
마마16aa05aa,0.0,128.7777735,35.33497051,0.0,0.0,0.0,0.0,0.0,0.0,-0.0,-0.0,0.0,1250
마마16aa05ba,0.0,128.7778444,35.33947786,0.0,0.0,0.0,0.0,0.0,0.0,-0.0,-0.0,0.0,1250
마마16aa05bb,0.0,128.7778799,35.34173153,0.0,0.0,0.0,0.0,0.0,0.0,-0.0,-0.0,0.0,1250
마라17aa88bb,0.0,128.7864568,35.18836374,0.0,0.0,0.0,0.0,0.0,0.0,-0.0,-0.0,0.0,1250
마라17aa89aa,0.0,128.7864923,35.19061746,0.0,0.0,0.0,0.0,0.0,0.0,-0.0,-0.0,0.0,1250
마라17aa89ab,0.0,128.7865279,35.19287118,0.0,0.0,0.0,0.0,0.0,0.0,-0.0,-0.0,0.0,1250
마라17aa89ba,0.0,128.7865634,35.1951249,0.0,0.0,0.0,0.0,0.0,0.0,-0.0,-0.0,0.0,1250
마라17aa89bb,0.0,128.786599,35.19737862,0.0,0.0,0.0,0.0,0.0,0.0,-0.0,-0.0,0.0,1250
마마34bb00bb,0.0,128.9833306,35.2943049,0.0,0.0,0.0,0.0,0.0,0.0,-0.0,-0.0,0.0,1250
마라17aa90ab,0.0,128.78667,35.20188605,0.0,0.0,0.0,0.0,0.0,0.0,-0.0,-0.0,0.0,1250
마라17aa90ba,0.0,128.7867056,35.20413976,0.0,0.0,0.0,0.0,0.0,0.0,-0.0,-0.0,0.0,1250
마라17aa90bb,0.0,128.7867412,35.20639348,0.0,0.0,0.0,0.0,0.0,0.0,-0.0,-0.0,0.0,1250
마라17aa91aa,0.0,128.7867767,35.20864719,0.0,0.0,0.0,0.0,0.0,0.0,-0.0,-0.0,0.0,1250
마라17aa91ab,0.0,128.7868123,35.2109009,0.0,0.0,0.0,0.0,0.0,0.0,-0.0,-0.0,0.0,1250
마라17aa91ba,0.0,128.7868478,35.21315461,0.0,0.0,0.0,0.0,0.0,0.0,-0.0,-0.0,0.0,1250
마라17aa91bb,0.0,128.7868834,35.21540832,0.0,0.0,0.0,0.0,0.0,0.0,-0.0,-0.0,0.0,1250
마마16aa06ba,0.0,128.7779864,35.34849254,0.0,0.0,0.0,0.0,0.0,0.0,-0.0,-0.0,0.0,1250
마마16ab01ab,0.0,128.7799908,35.30113625,0.0,0.0,0.0,0.0,0.0,0.0,-0.0,-0.0,0.0,1250
마마16ab01ba,0.0,128.7800263,35.30338993,0.0,0.0,0.0,0.0,0.0,0.0,-0.0,-0.0,0.0,1250
마마16ab01bb,0.0,128.7800618,35.30564361,0.0,0.0,0.0,0.0,0.0,0.0,-0.0,-0.0,0.0,1250
마마16ab02aa,0.0,128.7800973,35.3078973,0.0,0.0,0.0,0.0,0.0,0.0,-0.0,-0.0,0.0,1250
마마16ab02ab,0.0,128.7801328,35.31015098,0.0,0.0,0.0,0.0,0.0,0.0,-0.0,-0.0,0.0,1250
마마16ab02ba,0.0,128.7801683,35.31240466,0.0,0.0,0.0,0.0,0.0,0.0,-0.0,-0.0,0.0,1250
마마16ab02bb,0.0,128.7802039,35.31465834,0.0,0.0,0.0,0.0,0.0,0.0,-0.0,-0.0,0.0,1250
마마16ab03aa,0.0,128.7802394,35.31691201,0.0,0.0,0.0,0.0,0.0,0.0,-0.0,-0.0,0.0,1250
마마16aa02ab,0.0,128.7773834,35.31018005,0.0,0.0,0.0,0.0,0.0,0.0,-0.0,-0.0,0.0,1250
마마16aa02ba,0.0,128.7774189,35.31243374,0.0,0.0,0.0,0.0,0.0,0.0,-0.0,-0.0,0.0,1250
마마16aa02bb,0.0,128.7774543,35.31468742,0.0,0.0,0.0,0.0,0.0,0.0,-0.0,-0.0,0.0,1250
마마16aa03aa,0.0,128.7774897,35.3169411,0.0,0.0,0.0,0.0,0.0,0.0,-0.0,-0.0,0.0,1250
마마16aa03ab,0.0,128.7775252,35.31919478,0.0,0.0,0.0,0.0,0.0,0.0,-0.0,-0.0,0.0,1250
마마16aa03ba,0.0,128.7775607,35.32144846,0.0,0.0,0.0,0.0,0.0,0.0,-0.0,-0.0,0.0,1250
마마16aa04bb,0.0,128.777738,35.33271684,0.0,0.0,0.0,0.0,0.0,0.0,-0.0,-0.0,0.0,1250
마마16ab03ab,0.0,128.7802749,35.31916569,0.0,0.0,0.0,0.0,0.0,0.0,-0.0,-0.0,0.0,1250
마마16ab05bb,0.0,128.7806304,35.34170242,0.0,0.0,0.0,0.0,0.0,0.0,-0.0,-0.0,0.0,1250
마마16ab06aa,0.0,128.780666,35.34395609,0.0,0.0,0.0,0.0,0.0,0.0,-0.0,-0.0,0.0,1250
마마16ab06ab,0.0,128.7807015,35.34620975,0.0,0.0,0.0,0.0,0.0,0.0,-0.0,-0.0,0.0,1250
마마16ab06ba,0.0,128.7807371,35.34846342,0.0,0.0,0.0,0.0,0.0,0.0,-0.0,-0.0,0.0,1250
마라17aa85ab,0.0,128.7859598,35.15681157,0.0,0.0,0.0,0.0,0.0,0.0,-0.0,-0.0,0.0,1250
마라17aa85ba,0.0,128.7859953,35.1590653,0.0,0.0,0.0,0.0,0.0,0.0,-0.0,-0.0,0.0,1250
마라17aa85bb,0.0,128.7860308,35.16131903,0.0,0.0,0.0,0.0,0.0,0.0,-0.0,-0.0,0.0,1250
마라17aa86aa,0.0,128.7860663,35.16357277,0.0,0.0,0.0,0.0,0.0,0.0,-0.0,-0.0,0.0,1250
마라17aa86ab,0.0,128.7861017,35.16582649,0.0,0.0,0.0,0.0,0.0,0.0,-0.0,-0.0,0.0,1250
마라17aa86ba,0.0,128.7861372,35.16808022,0.0,0.0,0.0,0.0,0.0,0.0,-0.0,-0.0,0.0,1250
마라17aa86bb,0.0,128.7861727,35.17033395,0.0,0.0,0.0,0.0,0.0,0.0,-0.0,-0.0,0.0,1250
마마34bb01aa,0.0,128.9833717,35.29655839,0.0,0.0,0.0,0.0,0.0,0.0,-0.0,-0.0,0.0,1250
마마34bb01ab,0.0,128.9834129,35.29881188,0.0,0.0,0.0,0.0,0.0,0.0,-0.0,-0.0,0.0,1250
마마16aa06aa,0.0,128.7779154,35.3439852,0.0,0.0,0.0,0.0,0.0,0.0,-0.0,-0.0,0.0,1250
마마16aa06ab,0.0,128.7779509,35.34623887,0.0,0.0,0.0,0.0,0.0,0.0,-0.0,-0.0,0.0,1250
마마16ba02ab,0.0,128.7828822,35.31012184,0.0,0.0,0.0,0.0,0.0,0.0,-0.0,-0.0,0.0,1250
마마16ba02bb,0.0,128.7829534,35.31462919,0.0,0.0,0.0,0.0,0.0,0.0,-0.0,-0.0,0.0,1250
마마16ba03aa,0.0,128.782989,35.31688287,0.0,0.0,0.0,0.0,0.0,0.0,-0.0,-0.0,0.0,1250
마마16ba03ab,0.0,128.7830246,35.31913654,0.0,0.0,0.0,0.0,0.0,0.0,-0.0,-0.0,0.0,1250
마마35aa00aa,0.0,128.9859557,35.28751068,0.0,0.0,0.0,0.0,0.0,0.0,-0.0,-0.0,0.0,1250
마라16bb96aa,0.0,128.7847413,35.25375047,0.0,0.0,0.0,0.0,0.0,0.0,-0.0,-0.0,0.0,1250
마라16bb96ab,0.0,128.7847768,35.25600417,0.0,0.0,0.0,0.0,0.0,0.0,-0.0,-0.0,0.0,1250
마라16bb96ba,0.0,128.7848124,35.25825786,0.0,0.0,0.0,0.0,0.0,0.0,-0.0,-0.0,0.0,1250
마라16bb96bb,0.0,128.784848,35.26051156,0.0,0.0,0.0,0.0,0.0,0.0,-0.0,-0.0,0.0,1250
마라16bb97aa,0.0,128.7848836,35.26276525,0.0,0.0,0.0,0.0,0.0,0.0,-0.0,-0.0,0.0,1250
마라16bb97bb,0.0,128.7849903,35.26952633,0.0,0.0,0.0,0.0,0.0,0.0,-0.0,-0.0,0.0,1250
마라16bb98aa,0.0,128.7850259,35.27178002,0.0,0.0,0.0,0.0,0.0,0.0,-0.0,-0.0,0.0,1250
마라16bb98ba,0.0,128.7850971,35.2762874,0.0,0.0,0.0,0.0,0.0,0.0,-0.0,-0.0,0.0,1250
마라16bb98bb,0.0,128.7851327,35.27854109,0.0,0.0,0.0,0.0,0.0,0.0,-0.0,-0.0,0.0,1250
마라16bb99aa,0.0,128.7851683,35.28079478,0.0,0.0,0.0,0.0,0.0,0.0,-0.0,-0.0,0.0,1250
마라16bb99ab,0.0,128.7852039,35.28304846,0.0,0.0,0.0,0.0,0.0,0.0,-0.0,-0.0,0.0,1250
마마16ba06bb,0.0,128.7835235,35.3506879,0.0,0.0,0.0,0.0,0.0,0.0,-0.0,-0.0,0.0,1250
마마35aa00ab,0.0,128.9859969,35.28976417,0.0,0.0,0.0,0.0,0.0,0.0,-0.0,-0.0,0.0,1250
마라16bb91ba,0.0,128.7841017,35.21318377,0.0,0.0,0.0,0.0,0.0,0.0,-0.0,-0.0,0.0,1250
마라16bb91bb,0.0,128.7841372,35.21543749,0.0,0.0,0.0,0.0,0.0,0.0,-0.0,-0.0,0.0,1250
마라16bb92aa,0.0,128.7841727,35.2176912,0.0,0.0,0.0,0.0,0.0,0.0,-0.0,-0.0,0.0,1250
마라16bb92ab,0.0,128.7842082,35.21994491,0.0,0.0,0.0,0.0,0.0,0.0,-0.0,-0.0,0.0,1250
마라16bb93ab,0.0,128.7843503,35.22895974,0.0,0.0,0.0,0.0,0.0,0.0,-0.0,-0.0,0.0,1250
마라16bb93ba,0.0,128.7843858,35.23121345,0.0,0.0,0.0,0.0,0.0,0.0,-0.0,-0.0,0.0,1250
마라16bb93bb,0.0,128.7844213,35.23346716,0.0,0.0,0.0,0.0,0.0,0.0,-0.0,-0.0,0.0,1250
마라16bb94aa,0.0,128.7844569,35.23572086,0.0,0.0,0.0,0.0,0.0,0.0,-0.0,-0.0,0.0,1250
마라16bb94ab,0.0,128.7844924,35.23797457,0.0,0.0,0.0,0.0,0.0,0.0,-0.0,-0.0,0.0,1250
마라16bb94ba,0.0,128.7845279,35.24022827,0.0,0.0,0.0,0.0,0.0,0.0,-0.0,-0.0,0.0,1250
마라16bb94bb,0.0,128.7845635,35.24248197,0.0,0.0,0.0,0.0,0.0,0.0,-0.0,-0.0,0.0,1250
마마35aa00ba,0.0,128.9860381,35.29201766,0.0,0.0,0.0,0.0,0.0,0.0,-0.0,-0.0,0.0,1250
마마16ba01bb,0.0,128.7828111,35.30561448,0.0,0.0,0.0,0.0,0.0,0.0,-0.0,-0.0,0.0,1250
마마16ba02aa,0.0,128.7828466,35.30786816,0.0,0.0,0.0,0.0,0.0,0.0,-0.0,-0.0,0.0,1250
마라16bb90ab,0.0,128.7839243,35.2019152,0.0,0.0,0.0,0.0,0.0,0.0,-0.0,-0.0,0.0,1250
마마35aa00bb,0.0,128.9860793,35.29427115,0.0,0.0,0.0,0.0,0.0,0.0,-0.0,-0.0,0.0,1250
마라16bb90bb,0.0,128.7839953,35.20642263,0.0,0.0,0.0,0.0,0.0,0.0,-0.0,-0.0,0.0,1250
마라16bb91aa,0.0,128.7840307,35.20867635,0.0,0.0,0.0,0.0,0.0,0.0,-0.0,-0.0,0.0,1250
마라16bb91ab,0.0,128.7840662,35.21093006,0.0,0.0,0.0,0.0,0.0,0.0,-0.0,-0.0,0.0,1250
마마16bb01bb,0.0,128.7855603,35.30558528,0.0,0.0,0.0,0.0,0.0,0.0,-0.0,-0.0,0.0,1250
마마16bb02aa,0.0,128.785596,35.30783896,0.0,0.0,0.0,0.0,0.0,0.0,-0.0,-0.0,0.0,1250
마마16bb02ab,0.0,128.7856316,35.31009263,0.0,0.0,0.0,0.0,0.0,0.0,-0.0,-0.0,0.0,1250
마마16bb02ba,0.0,128.7856673,35.31234631,0.0,0.0,0.0,0.0,0.0,0.0,-0.0,-0.0,0.0,1250
마마16bb02bb,0.0,128.785703,35.31459998,0.0,0.0,0.0,0.0,0.0,0.0,-0.0,-0.0,0.0,1250
마마16bb03aa,0.0,128.7857386,35.31685366,0.0,0.0,0.0,0.0,0.0,0.0,-0.0,-0.0,0.0,1250
마마16bb03ab,0.0,128.7857743,35.31910733,0.0,0.0,0.0,0.0,0.0,0.0,-0.0,-0.0,0.0,1250
마마16bb04ba,0.0,128.7859528,35.33037568,0.0,0.0,0.0,0.0,0.0,0.0,-0.0,-0.0,0.0,1250
마마16ba06aa,0.0,128.7834165,35.34392691,0.0,0.0,0.0,0.0,0.0,0.0,-0.0,-0.0,0.0,1250
마마16ba06ab,0.0,128.7834521,35.34618057,0.0,0.0,0.0,0.0,0.0,0.0,-0.0,-0.0,0.0,1250
마마16ba06ba,0.0,128.7834878,35.34843424,0.0,0.0,0.0,0.0,0.0,0.0,-0.0,-0.0,0.0,1250
마마16bb06ab,0.0,128.7862028,35.34615133,0.0,0.0,0.0,0.0,0.0,0.0,-0.0,-0.0,0.0,1250
마마16bb06ba,0.0,128.7862385,35.34840499,0.0,0.0,0.0,0.0,0.0,0.0,-0.0,-0.0,0.0,1250
마마16bb06bb,0.0,128.7862742,35.35065865,0.0,0.0,0.0,0.0,0.0,0.0,-0.0,-0.0,0.0,1250
마마16bb07aa,0.0,128.78631,35.35291231,0.0,0.0,0.0,0.0,0.0,0.0,-0.0,-0.0,0.0,1250
마마17aa00bb,0.0,128.7881667,35.29654131,0.0,0.0,0.0,0.0,0.0,0.0,-0.0,-0.0,0.0,1250
마마17aa01aa,0.0,128.7882024,35.29879499,0.0,0.0,0.0,0.0,0.0,0.0,-0.0,-0.0,0.0,1250
마마35ab00aa,0.0,128.9887041,35.28747687,0.0,0.0,0.0,0.0,0.0,0.0,-0.0,-0.0,0.0,1250
마라16bb88aa,0.0,128.7836052,35.1816317,0.0,0.0,0.0,0.0,0.0,0.0,-0.0,-0.0,0.0,1250
마라16bb88ab,0.0,128.7836406,35.18388543,0.0,0.0,0.0,0.0,0.0,0.0,-0.0,-0.0,0.0,1250
마라16bb88ba,0.0,128.7836761,35.18613915,0.0,0.0,0.0,0.0,0.0,0.0,-0.0,-0.0,0.0,1250
마라16bb88bb,0.0,128.7837115,35.18839288,0.0,0.0,0.0,0.0,0.0,0.0,-0.0,-0.0,0.0,1250
마라16bb89aa,0.0,128.783747,35.1906466,0.0,0.0,0.0,0.0,0.0,0.0,-0.0,-0.0,0.0,1250
마라16bb89ab,0.0,128.7837824,35.19290032,0.0,0.0,0.0,0.0,0.0,0.0,-0.0,-0.0,0.0,1250
마라16bb89ba,0.0,128.7838179,35.19515404,0.0,0.0,0.0,0.0,0.0,0.0,-0.0,-0.0,0.0,1250
마라16bb89bb,0.0,128.7838534,35.19740776,0.0,0.0,0.0,0.0,0.0,0.0,-0.0,-0.0,0.0,1250
마라16bb90aa,0.0,128.7838888,35.19966148,0.0,0.0,0.0,0.0,0.0,0.0,-0.0,-0.0,0.0,1250
마마17aa06aa,0.0,128.7889176,35.34386837,0.0,0.0,0.0,0.0,0.0,0.0,-0.0,-0.0,0.0,1250
마라16ba98ab,0.0,128.7823133,35.27406288,0.0,0.0,0.0,0.0,0.0,0.0,-0.0,-0.0,0.0,1250
마라16ba98ba,0.0,128.7823489,35.27631657,0.0,0.0,0.0,0.0,0.0,0.0,-0.0,-0.0,0.0,1250
마라16ba98bb,0.0,128.7823844,35.27857026,0.0,0.0,0.0,0.0,0.0,0.0,-0.0,-0.0,0.0,1250
마라16ba99aa,0.0,128.7824199,35.28082395,0.0,0.0,0.0,0.0,0.0,0.0,-0.0,-0.0,0.0,1250
마라16ba99ab,0.0,128.7824555,35.28307764,0.0,0.0,0.0,0.0,0.0,0.0,-0.0,-0.0,0.0,1250
마라16ba99ba,0.0,128.782491,35.28533132,0.0,0.0,0.0,0.0,0.0,0.0,-0.0,-0.0,0.0,1250
마라16bb85ba,0.0,128.783251,35.15909441,0.0,0.0,0.0,0.0,0.0,0.0,-0.0,-0.0,0.0,1250
마라16bb85bb,0.0,128.7832864,35.16134814,0.0,0.0,0.0,0.0,0.0,0.0,-0.0,-0.0,0.0,1250
마라16bb86aa,0.0,128.7833218,35.16360187,0.0,0.0,0.0,0.0,0.0,0.0,-0.0,-0.0,0.0,1250
마라16bb86ab,0.0,128.7833572,35.1658556,0.0,0.0,0.0,0.0,0.0,0.0,-0.0,-0.0,0.0,1250
마라16bb86ba,0.0,128.7833926,35.16810934,0.0,0.0,0.0,0.0,0.0,0.0,-0.0,-0.0,0.0,1250
마라16bb86bb,0.0,128.783428,35.17036307,0.0,0.0,0.0,0.0,0.0,0.0,-0.0,-0.0,0.0,1250
마라16bb87aa,0.0,128.7834635,35.1726168,0.0,0.0,0.0,0.0,0.0,0.0,-0.0,-0.0,0.0,1250
마라10ab96aa,0.0,128.7133051,35.2544879,0.0,0.0,0.0,0.0,0.0,0.0,-0.0,-0.0,0.0,1250
마마16bb06aa,0.0,128.786167,35.34389767,0.0,0.0,0.0,0.0,0.0,0.0,-0.0,-0.0,0.0,1250
마마17aa06ba,0.0,128.7889892,35.34837569,0.0,0.0,0.0,0.0,0.0,0.0,-0.0,-0.0,0.0,1250
마마17aa06bb,0.0,128.789025,35.35062934,0.0,0.0,0.0,0.0,0.0,0.0,-0.0,-0.0,0.0,1250
마마17aa07aa,0.0,128.7890608,35.352883,0.0,0.0,0.0,0.0,0.0,0.0,-0.0,-0.0,0.0,1250
마마17aa07ab,0.0,128.7890966,35.35513666,0.0,0.0,0.0,0.0,0.0,0.0,-0.0,-0.0,0.0,1250
마마17ab00bb,0.0,128.7909156,35.296512,0.0,0.0,0.0,0.0,0.0,0.0,-0.0,-0.0,0.0,1250
마마17ab01aa,0.0,128.7909514,35.29876568,0.0,0.0,0.0,0.0,0.0,0.0,-0.0,-0.0,0.0,1250
마마17ab02ab,0.0,128.7911304,35.31003404,0.0,0.0,0.0,0.0,0.0,0.0,-0.0,-0.0,0.0,1250
마라16ba94aa,0.0,128.78171,35.23574998,0.0,0.0,0.0,0.0,0.0,0.0,-0.0,-0.0,0.0,1250
마라16ba94ab,0.0,128.7817454,35.23800369,0.0,0.0,0.0,0.0,0.0,0.0,-0.0,-0.0,0.0,1250
마라16ba96ab,0.0,128.7820293,35.25603331,0.0,0.0,0.0,0.0,0.0,0.0,-0.0,-0.0,0.0,1250
마라09ab99bb,0.0,128.7028144,35.28840403,0.0,0.0,0.0,0.0,0.0,0.0,-0.0,-0.0,0.0,1250
마마17aa02bb,0.0,128.7884525,35.31457071,0.0,0.0,0.0,0.0,0.0,0.0,-0.0,-0.0,0.0,1250
마마17aa03aa,0.0,128.7884883,35.31682438,0.0,0.0,0.0,0.0,0.0,0.0,-0.0,-0.0,0.0,1250
마마17aa03ab,0.0,128.788524,35.31907805,0.0,0.0,0.0,0.0,0.0,0.0,-0.0,-0.0,0.0,1250
마마17aa04ab,0.0,128.7886671,35.32809273,0.0,0.0,0.0,0.0,0.0,0.0,-0.0,-0.0,0.0,1250
마마17aa04ba,0.0,128.7887029,35.33034639,0.0,0.0,0.0,0.0,0.0,0.0,-0.0,-0.0,0.0,1250
마라16ba92aa,0.0,128.7814264,35.2177203,0.0,0.0,0.0,0.0,0.0,0.0,-0.0,-0.0,0.0,1250
마라16ba92bb,0.0,128.7815327,35.22448144,0.0,0.0,0.0,0.0,0.0,0.0,-0.0,-0.0,0.0,1250
마라16ba93aa,0.0,128.7815682,35.22673515,0.0,0.0,0.0,0.0,0.0,0.0,-0.0,-0.0,0.0,1250
마라16ba93ab,0.0,128.7816036,35.22898886,0.0,0.0,0.0,0.0,0.0,0.0,-0.0,-0.0,0.0,1250
마라16ba93ba,0.0,128.7816391,35.23124257,0.0,0.0,0.0,0.0,0.0,0.0,-0.0,-0.0,0.0,1250
마라16ba93bb,0.0,128.7816745,35.23349628,0.0,0.0,0.0,0.0,0.0,0.0,-0.0,-0.0,0.0,1250
마마17ab02bb,0.0,128.7912021,35.31454138,0.0,0.0,0.0,0.0,0.0,0.0,-0.0,-0.0,0.0,1250
마마17ab03aa,0.0,128.7912379,35.31679505,0.0,0.0,0.0,0.0,0.0,0.0,-0.0,-0.0,0.0,1250
마마17ab03ab,0.0,128.7912737,35.31904872,0.0,0.0,0.0,0.0,0.0,0.0,-0.0,-0.0,0.0,1250
마마17ab03ba,0.0,128.7913096,35.32130238,0.0,0.0,0.0,0.0,0.0,0.0,-0.0,-0.0,0.0,1250
마마17ab04ba,0.0,128.7914529,35.33031704,0.0,0.0,0.0,0.0,0.0,0.0,-0.0,-0.0,0.0,1250
마마17ab05bb,0.0,128.7916322,35.34158535,0.0,0.0,0.0,0.0,0.0,0.0,-0.0,-0.0,0.0,1250
마마17ab06aa,0.0,128.7916681,35.343839,0.0,0.0,0.0,0.0,0.0,0.0,-0.0,-0.0,0.0,1250
마마17ab06ab,0.0,128.791704,35.34609266,0.0,0.0,0.0,0.0,0.0,0.0,-0.0,-0.0,0.0,1250
마마17ab06ba,0.0,128.7917399,35.34834632,0.0,0.0,0.0,0.0,0.0,0.0,-0.0,-0.0,0.0,1250
마마17aa06ab,0.0,128.7889534,35.34612203,0.0,0.0,0.0,0.0,0.0,0.0,-0.0,-0.0,0.0,1250
마라16ba89bb,0.0,128.7811078,35.19743684,0.0,0.0,0.0,0.0,0.0,0.0,-0.0,-0.0,0.0,1250
마마17ab06bb,0.0,128.7917758,35.35059997,0.0,0.0,0.0,0.0,0.0,0.0,-0.0,-0.0,0.0,1250
마마17ab07aa,0.0,128.7918117,35.35285363,0.0,0.0,0.0,0.0,0.0,0.0,-0.0,-0.0,0.0,1250
마마17ab07ab,0.0,128.7918476,35.35510728,0.0,0.0,0.0,0.0,0.0,0.0,-0.0,-0.0,0.0,1250
마마17ab07ba,0.0,128.7918834,35.35736093,0.0,0.0,0.0,0.0,0.0,0.0,-0.0,-0.0,0.0,1250
마마17ab07bb,0.0,128.7919194,35.35961459,0.0,0.0,0.0,0.0,0.0,0.0,-0.0,-0.0,0.0,1250
마마17ba00bb,0.0,128.7936645,35.29648262,0.0,0.0,0.0,0.0,0.0,0.0,-0.0,-0.0,0.0,1250
마마17ba02ab,0.0,128.7938798,35.31000465,0.0,0.0,0.0,0.0,0.0,0.0,-0.0,-0.0,0.0,1250
마라16ba90aa,0.0,128.7811432,35.19969056,0.0,0.0,0.0,0.0,0.0,0.0,-0.0,-0.0,0.0,1250
마라16ba90ab,0.0,128.7811785,35.20194428,0.0,0.0,0.0,0.0,0.0,0.0,-0.0,-0.0,0.0,1250
마라16ba90ba,0.0,128.7812139,35.204198,0.0,0.0,0.0,0.0,0.0,0.0,-0.0,-0.0,0.0,1250
마라16ba90bb,0.0,128.7812494,35.20645172,0.0,0.0,0.0,0.0,0.0,0.0,-0.0,-0.0,0.0,1250
마라16ba91aa,0.0,128.7812848,35.20870544,0.0,0.0,0.0,0.0,0.0,0.0,-0.0,-0.0,0.0,1250
마라16ba91ab,0.0,128.7813202,35.21095916,0.0,0.0,0.0,0.0,0.0,0.0,-0.0,-0.0,0.0,1250
마라16ba91ba,0.0,128.7813556,35.21321287,0.0,0.0,0.0,0.0,0.0,0.0,-0.0,-0.0,0.0,1250
마라16ba91bb,0.0,128.781391,35.21546659,0.0,0.0,0.0,0.0,0.0,0.0,-0.0,-0.0,0.0,1250
마라16ab99bb,0.0,128.7797779,35.28761413,0.0,0.0,0.0,0.0,0.0,0.0,-0.0,-0.0,0.0,1250
마라16ba85ba,0.0,128.7805067,35.15912345,0.0,0.0,0.0,0.0,0.0,0.0,-0.0,-0.0,0.0,1250
마라16ba85bb,0.0,128.780542,35.16137718,0.0,0.0,0.0,0.0,0.0,0.0,-0.0,-0.0,0.0,1250
마라16ba86aa,0.0,128.7805773,35.16363092,0.0,0.0,0.0,0.0,0.0,0.0,-0.0,-0.0,0.0,1250
마라16ba86ab,0.0,128.7806127,35.16588465,0.0,0.0,0.0,0.0,0.0,0.0,-0.0,-0.0,0.0,1250
마라16ba86ba,0.0,128.780648,35.16813839,0.0,0.0,0.0,0.0,0.0,0.0,-0.0,-0.0,0.0,1250
마라16ba86bb,0.0,128.7806833,35.17039212,0.0,0.0,0.0,0.0,0.0,0.0,-0.0,-0.0,0.0,1250
마라16ba87aa,0.0,128.7807187,35.17264585,0.0,0.0,0.0,0.0,0.0,0.0,-0.0,-0.0,0.0,1250
마라16ba87ab,0.0,128.780754,35.17489958,0.0,0.0,0.0,0.0,0.0,0.0,-0.0,-0.0,0.0,1250
마라16ba87ba,0.0,128.7807894,35.17715331,0.0,0.0,0.0,0.0,0.0,0.0,-0.0,-0.0,0.0,1250
마라16ba88aa,0.0,128.7808601,35.18166077,0.0,0.0,0.0,0.0,0.0,0.0,-0.0,-0.0,0.0,1250
마라16ba88ba,0.0,128.7809309,35.18616822,0.0,0.0,0.0,0.0,0.0,0.0,-0.0,-0.0,0.0,1250
마라16ba88bb,0.0,128.7809662,35.18842195,0.0,0.0,0.0,0.0,0.0,0.0,-0.0,-0.0,0.0,1250
마라16ba89aa,0.0,128.7810016,35.19067567,0.0,0.0,0.0,0.0,0.0,0.0,-0.0,-0.0,0.0,1250
마라16ba89ab,0.0,128.781037,35.1929294,0.0,0.0,0.0,0.0,0.0,0.0,-0.0,-0.0,0.0,1250
마라16ba89ba,0.0,128.7810724,35.19518312,0.0,0.0,0.0,0.0,0.0,0.0,-0.0,-0.0,0.0,1250
마마17ba07ba,0.0,128.7946344,35.35733149,0.0,0.0,0.0,0.0,0.0,0.0,-0.0,-0.0,0.0,1250
마마17ba07bb,0.0,128.7946704,35.35958514,0.0,0.0,0.0,0.0,0.0,0.0,-0.0,-0.0,0.0,1250
마마17ba08aa,0.0,128.7947064,35.36183879,0.0,0.0,0.0,0.0,0.0,0.0,-0.0,-0.0,0.0,1250
마마17bb02ab,0.0,128.7966292,35.3099752,0.0,0.0,0.0,0.0,0.0,0.0,-0.0,-0.0,0.0,1250
마라16ab92bb,0.0,128.7787862,35.22451049,0.0,0.0,0.0,0.0,0.0,0.0,-0.0,-0.0,0.0,1250
마라16ab93aa,0.0,128.7788216,35.2267642,0.0,0.0,0.0,0.0,0.0,0.0,-0.0,-0.0,0.0,1250
마마35ab00ba,0.0,128.9887866,35.29198385,0.0,0.0,0.0,0.0,0.0,0.0,-0.0,-0.0,0.0,1250
마라16ab93ba,0.0,128.7788923,35.23127162,0.0,0.0,0.0,0.0,0.0,0.0,-0.0,-0.0,0.0,1250
마라16ab93bb,0.0,128.7789277,35.23352534,0.0,0.0,0.0,0.0,0.0,0.0,-0.0,-0.0,0.0,1250
마마36aa00ab,0.0,128.9969907,35.28962858,0.0,0.0,0.0,0.0,0.0,0.0,-0.0,-0.0,0.0,1250
마마17ba05aa,0.0,128.7942749,35.33479495,0.0,0.0,0.0,0.0,0.0,0.0,-0.0,-0.0,0.0,1250
마마17ba05ba,0.0,128.7943468,35.33930226,0.0,0.0,0.0,0.0,0.0,0.0,-0.0,-0.0,0.0,1250
마마17ba05bb,0.0,128.7943827,35.34155592,0.0,0.0,0.0,0.0,0.0,0.0,-0.0,-0.0,0.0,1250
마마17ba06ba,0.0,128.7944906,35.34831689,0.0,0.0,0.0,0.0,0.0,0.0,-0.0,-0.0,0.0,1250
마라16ab99ab,0.0,128.779707,35.28310675,0.0,0.0,0.0,0.0,0.0,0.0,-0.0,-0.0,0.0,1250
마라16ab99ba,0.0,128.7797424,35.28536044,0.0,0.0,0.0,0.0,0.0,0.0,-0.0,-0.0,0.0,1250
마라16ab91aa,0.0,128.7785388,35.20873447,0.0,0.0,0.0,0.0,0.0,0.0,-0.0,-0.0,0.0,1250
마라16ab91ab,0.0,128.7785741,35.21098819,0.0,0.0,0.0,0.0,0.0,0.0,-0.0,-0.0,0.0,1250
마라16ab91ba,0.0,128.7786095,35.21324191,0.0,0.0,0.0,0.0,0.0,0.0,-0.0,-0.0,0.0,1250
마라16ab91bb,0.0,128.7786448,35.21549563,0.0,0.0,0.0,0.0,0.0,0.0,-0.0,-0.0,0.0,1250
마라16ab92aa,0.0,128.7786802,35.21774934,0.0,0.0,0.0,0.0,0.0,0.0,-0.0,-0.0,0.0,1250
마라16ab92ab,0.0,128.7787155,35.22000306,0.0,0.0,0.0,0.0,0.0,0.0,-0.0,-0.0,0.0,1250
마마17bb04bb,0.0,128.7969891,35.33251181,0.0,0.0,0.0,0.0,0.0,0.0,-0.0,-0.0,0.0,1250
마마17bb05ab,0.0,128.7970611,35.33701913,0.0,0.0,0.0,0.0,0.0,0.0,-0.0,-0.0,0.0,1250
마마17bb05ba,0.0,128.7970971,35.33927278,0.0,0.0,0.0,0.0,0.0,0.0,-0.0,-0.0,0.0,1250
마마17bb05bb,0.0,128.7971332,35.34152643,0.0,0.0,0.0,0.0,0.0,0.0,-0.0,-0.0,0.0,1250
마마17bb06aa,0.0,128.7971692,35.34378009,0.0,0.0,0.0,0.0,0.0,0.0,-0.0,-0.0,0.0,1250
마마17ba06bb,0.0,128.7945265,35.35057054,0.0,0.0,0.0,0.0,0.0,0.0,-0.0,-0.0,0.0,1250
마마17ba07aa,0.0,128.7945625,35.35282419,0.0,0.0,0.0,0.0,0.0,0.0,-0.0,-0.0,0.0,1250
마마17ba07ab,0.0,128.7945985,35.35507784,0.0,0.0,0.0,0.0,0.0,0.0,-0.0,-0.0,0.0,1250
마마17bb08aa,0.0,128.7974575,35.36180928,0.0,0.0,0.0,0.0,0.0,0.0,-0.0,-0.0,0.0,1250
마마17bb08ab,0.0,128.7974936,35.36406293,0.0,0.0,0.0,0.0,0.0,0.0,-0.0,-0.0,0.0,1250
마마17bb08ba,0.0,128.7975297,35.36631657,0.0,0.0,0.0,0.0,0.0,0.0,-0.0,-0.0,0.0,1250
마마17bb08bb,0.0,128.7975657,35.36857022,0.0,0.0,0.0,0.0,0.0,0.0,-0.0,-0.0,0.0,1250
마라16ab88bb,0.0,128.7782209,35.18845096,0.0,0.0,0.0,0.0,0.0,0.0,-0.0,-0.0,0.0,1250
마라16ab89aa,0.0,128.7782562,35.19070469,0.0,0.0,0.0,0.0,0.0,0.0,-0.0,-0.0,0.0,1250
마라16ab89ab,0.0,128.7782915,35.19295841,0.0,0.0,0.0,0.0,0.0,0.0,-0.0,-0.0,0.0,1250
마라16ab89ba,0.0,128.7783268,35.19521214,0.0,0.0,0.0,0.0,0.0,0.0,-0.0,-0.0,0.0,1250
마라16ab89bb,0.0,128.7783622,35.19746586,0.0,0.0,0.0,0.0,0.0,0.0,-0.0,-0.0,0.0,1250
마라16ab90aa,0.0,128.7783975,35.19971959,0.0,0.0,0.0,0.0,0.0,0.0,-0.0,-0.0,0.0,1250
마라16ab90ab,0.0,128.7784328,35.20197331,0.0,0.0,0.0,0.0,0.0,0.0,-0.0,-0.0,0.0,1250
마라16ab90ba,0.0,128.7784681,35.20422703,0.0,0.0,0.0,0.0,0.0,0.0,-0.0,-0.0,0.0,1250
마라16ab90bb,0.0,128.7785034,35.20648075,0.0,0.0,0.0,0.0,0.0,0.0,-0.0,-0.0,0.0,1250
마라16aa96aa,0.0,128.7764988,35.25383771,0.0,0.0,0.0,0.0,0.0,0.0,-0.0,-0.0,0.0,1250
마라16ab85ba,0.0,128.7777624,35.15915243,0.0,0.0,0.0,0.0,0.0,0.0,-0.0,-0.0,0.0,1250
마라16ab85bb,0.0,128.7777976,35.16140616,0.0,0.0,0.0,0.0,0.0,0.0,-0.0,-0.0,0.0,1250
마라16ab86aa,0.0,128.7778329,35.1636599,0.0,0.0,0.0,0.0,0.0,0.0,-0.0,-0.0,0.0,1250
마라16ab86ab,0.0,128.7778681,35.16591364,0.0,0.0,0.0,0.0,0.0,0.0,-0.0,-0.0,0.0,1250
마라16ab86ba,0.0,128.7779034,35.16816737,0.0,0.0,0.0,0.0,0.0,0.0,-0.0,-0.0,0.0,1250
마라16ab86bb,0.0,128.7779387,35.17042111,0.0,0.0,0.0,0.0,0.0,0.0,-0.0,-0.0,0.0,1250
마라16ab87aa,0.0,128.7779739,35.17267484,0.0,0.0,0.0,0.0,0.0,0.0,-0.0,-0.0,0.0,1250
마라16ab87ab,0.0,128.7780092,35.17492858,0.0,0.0,0.0,0.0,0.0,0.0,-0.0,-0.0,0.0,1250
마라16ab87ba,0.0,128.7780445,35.17718231,0.0,0.0,0.0,0.0,0.0,0.0,-0.0,-0.0,0.0,1250
마마17bb06ba,0.0,128.7972412,35.34828739,0.0,0.0,0.0,0.0,0.0,0.0,-0.0,-0.0,0.0,1250
마마17bb06bb,0.0,128.7972773,35.35054104,0.0,0.0,0.0,0.0,0.0,0.0,-0.0,-0.0,0.0,1250
마마17bb07aa,0.0,128.7973133,35.35279469,0.0,0.0,0.0,0.0,0.0,0.0,-0.0,-0.0,0.0,1250
마마17bb07ab,0.0,128.7973494,35.35504834,0.0,0.0,0.0,0.0,0.0,0.0,-0.0,-0.0,0.0,1250
마마17bb07ba,0.0,128.7973854,35.35730199,0.0,0.0,0.0,0.0,0.0,0.0,-0.0,-0.0,0.0,1250
마마17bb07bb,0.0,128.7974215,35.35955564,0.0,0.0,0.0,0.0,0.0,0.0,-0.0,-0.0,0.0,1250
마마18aa07aa,0.0,128.8000642,35.35276513,0.0,0.0,0.0,0.0,0.0,0.0,-0.0,-0.0,0.0,1250
마마18aa07ab,0.0,128.8001003,35.35501878,0.0,0.0,0.0,0.0,0.0,0.0,-0.0,-0.0,0.0,1250
마마18aa07ba,0.0,128.8001364,35.35727242,0.0,0.0,0.0,0.0,0.0,0.0,-0.0,-0.0,0.0,1250
마마18aa07bb,0.0,128.8001725,35.35952607,0.0,0.0,0.0,0.0,0.0,0.0,-0.0,-0.0,0.0,1250
마마18aa08aa,0.0,128.8002087,35.36177971,0.0,0.0,0.0,0.0,0.0,0.0,-0.0,-0.0,0.0,1250
마마18aa08ab,0.0,128.8002448,35.36403335,0.0,0.0,0.0,0.0,0.0,0.0,-0.0,-0.0,0.0,1250
마마18aa08ba,0.0,128.800281,35.366287,0.0,0.0,0.0,0.0,0.0,0.0,-0.0,-0.0,0.0,1250
마마18aa08bb,0.0,128.8003171,35.36854064,0.0,0.0,0.0,0.0,0.0,0.0,-0.0,-0.0,0.0,1250
마마18aa09aa,0.0,128.8003533,35.37079428,0.0,0.0,0.0,0.0,0.0,0.0,-0.0,-0.0,0.0,1250
마마18aa09ab,0.0,128.8003894,35.37304792,0.0,0.0,0.0,0.0,0.0,0.0,-0.0,-0.0,0.0,1250
마마18aa02aa,0.0,128.7993425,35.30769202,0.0,0.0,0.0,0.0,0.0,0.0,-0.0,-0.0,0.0,1250
마마18aa02ab,0.0,128.7993786,35.30994568,0.0,0.0,0.0,0.0,0.0,0.0,-0.0,-0.0,0.0,1250
마마18aa02ba,0.0,128.7994146,35.31219935,0.0,0.0,0.0,0.0,0.0,0.0,-0.0,-0.0,0.0,1250
마마18aa05aa,0.0,128.7997753,35.33473593,0.0,0.0,0.0,0.0,0.0,0.0,-0.0,-0.0,0.0,1250
마마18aa05ab,0.0,128.7998114,35.33698958,0.0,0.0,0.0,0.0,0.0,0.0,-0.0,-0.0,0.0,1250
마라16aa91aa,0.0,128.7757928,35.20876344,0.0,0.0,0.0,0.0,0.0,0.0,-0.0,-0.0,0.0,1250
마라16aa91ab,0.0,128.7758281,35.21101716,0.0,0.0,0.0,0.0,0.0,0.0,-0.0,-0.0,0.0,1250
마라16aa91ba,0.0,128.7758633,35.21327088,0.0,0.0,0.0,0.0,0.0,0.0,-0.0,-0.0,0.0,1250
마라16aa92aa,0.0,128.7759339,35.21777832,0.0,0.0,0.0,0.0,0.0,0.0,-0.0,-0.0,0.0,1250
마라16aa93aa,0.0,128.776075,35.22679319,0.0,0.0,0.0,0.0,0.0,0.0,-0.0,-0.0,0.0,1250
마라16aa93ab,0.0,128.7761103,35.2290469,0.0,0.0,0.0,0.0,0.0,0.0,-0.0,-0.0,0.0,1250
마마18aa05ba,0.0,128.7998475,35.33924323,0.0,0.0,0.0,0.0,0.0,0.0,-0.0,-0.0,0.0,1250
마마18aa05bb,0.0,128.7998836,35.34149689,0.0,0.0,0.0,0.0,0.0,0.0,-0.0,-0.0,0.0,1250
마마18aa06aa,0.0,128.7999197,35.34375054,0.0,0.0,0.0,0.0,0.0,0.0,-0.0,-0.0,0.0,1250
마마18aa06ab,0.0,128.7999558,35.34600419,0.0,0.0,0.0,0.0,0.0,0.0,-0.0,-0.0,0.0,1250
마마18aa06bb,0.0,128.800028,35.35051148,0.0,0.0,0.0,0.0,0.0,0.0,-0.0,-0.0,0.0,1250
마마18ab05ab,0.0,128.8025617,35.33695997,0.0,0.0,0.0,0.0,0.0,0.0,-0.0,-0.0,0.0,1250
마마18ab05ba,0.0,128.8025979,35.33921362,0.0,0.0,0.0,0.0,0.0,0.0,-0.0,-0.0,0.0,1250
마마18ab05bb,0.0,128.802634,35.34146727,0.0,0.0,0.0,0.0,0.0,0.0,-0.0,-0.0,0.0,1250
마마18ab06aa,0.0,128.8026702,35.34372092,0.0,0.0,0.0,0.0,0.0,0.0,-0.0,-0.0,0.0,1250
마마18ab06ab,0.0,128.8027064,35.34597457,0.0,0.0,0.0,0.0,0.0,0.0,-0.0,-0.0,0.0,1250
마마18ab07aa,0.0,128.802815,35.35273551,0.0,0.0,0.0,0.0,0.0,0.0,-0.0,-0.0,0.0,1250
마마18ab07ab,0.0,128.8028512,35.35498915,0.0,0.0,0.0,0.0,0.0,0.0,-0.0,-0.0,0.0,1250
마마18ab07ba,0.0,128.8028874,35.35724279,0.0,0.0,0.0,0.0,0.0,0.0,-0.0,-0.0,0.0,1250
마마18ab07bb,0.0,128.8029236,35.35949644,0.0,0.0,0.0,0.0,0.0,0.0,-0.0,-0.0,0.0,1250
마마18ab02ab,0.0,128.8021279,35.3099161,0.0,0.0,0.0,0.0,0.0,0.0,-0.0,-0.0,0.0,1250
마마18ab02ba,0.0,128.8021641,35.31216977,0.0,0.0,0.0,0.0,0.0,0.0,-0.0,-0.0,0.0,1250
마마18ab02bb,0.0,128.8022002,35.31442342,0.0,0.0,0.0,0.0,0.0,0.0,-0.0,-0.0,0.0,1250
마라16aa90aa,0.0,128.7756518,35.19974854,0.0,0.0,0.0,0.0,0.0,0.0,-0.0,-0.0,0.0,1250
마라16aa90ab,0.0,128.775687,35.20200227,0.0,0.0,0.0,0.0,0.0,0.0,-0.0,-0.0,0.0,1250
마라16aa90ba,0.0,128.7757223,35.20425599,0.0,0.0,0.0,0.0,0.0,0.0,-0.0,-0.0,0.0,1250
마라16aa90bb,0.0,128.7757575,35.20650972,0.0,0.0,0.0,0.0,0.0,0.0,-0.0,-0.0,0.0,1250
마마18ab08aa,0.0,128.8029598,35.36175008,0.0,0.0,0.0,0.0,0.0,0.0,-0.0,-0.0,0.0,1250
마마18ab08ab,0.0,128.802996,35.36400372,0.0,0.0,0.0,0.0,0.0,0.0,-0.0,-0.0,0.0,1250
마마18ab08ba,0.0,128.8030322,35.36625736,0.0,0.0,0.0,0.0,0.0,0.0,-0.0,-0.0,0.0,1250
마마18ab08bb,0.0,128.8030685,35.368511,0.0,0.0,0.0,0.0,0.0,0.0,-0.0,-0.0,0.0,1250
마마18ab09aa,0.0,128.8031047,35.37076463,0.0,0.0,0.0,0.0,0.0,0.0,-0.0,-0.0,0.0,1250
마마18ab09ab,0.0,128.8031409,35.37301827,0.0,0.0,0.0,0.0,0.0,0.0,-0.0,-0.0,0.0,1250
마마18ab09ba,0.0,128.8031772,35.37527191,0.0,0.0,0.0,0.0,0.0,0.0,-0.0,-0.0,0.0,1250
마마18ba01ba,0.0,128.8047687,35.30312548,0.0,0.0,0.0,0.0,0.0,0.0,-0.0,-0.0,0.0,1250
마마18ba01bb,0.0,128.8048049,35.30537915,0.0,0.0,0.0,0.0,0.0,0.0,-0.0,-0.0,0.0,1250
마마18ab04ba,0.0,128.8024532,35.33019902,0.0,0.0,0.0,0.0,0.0,0.0,-0.0,-0.0,0.0,1250
마마18ab04bb,0.0,128.8024894,35.33245267,0.0,0.0,0.0,0.0,0.0,0.0,-0.0,-0.0,0.0,1250
마마18ba03aa,0.0,128.8049859,35.31664744,0.0,0.0,0.0,0.0,0.0,0.0,-0.0,-0.0,0.0,1250
마마18ba05ba,0.0,128.8053482,35.33918395,0.0,0.0,0.0,0.0,0.0,0.0,-0.0,-0.0,0.0,1250
마마18ba06aa,0.0,128.8054207,35.34369124,0.0,0.0,0.0,0.0,0.0,0.0,-0.0,-0.0,0.0,1250
마라16aa87aa,0.0,128.7752292,35.17270377,0.0,0.0,0.0,0.0,0.0,0.0,-0.0,-0.0,0.0,1250
마라16aa87ab,0.0,128.7752643,35.17495751,0.0,0.0,0.0,0.0,0.0,0.0,-0.0,-0.0,0.0,1250
마라16aa87ba,0.0,128.7752996,35.17721125,0.0,0.0,0.0,0.0,0.0,0.0,-0.0,-0.0,0.0,1250
마라16aa87bb,0.0,128.7753348,35.17946498,0.0,0.0,0.0,0.0,0.0,0.0,-0.0,-0.0,0.0,1250
마라16aa88bb,0.0,128.7754756,35.18847991,0.0,0.0,0.0,0.0,0.0,0.0,-0.0,-0.0,0.0,1250
마라16aa89aa,0.0,128.7755108,35.19073364,0.0,0.0,0.0,0.0,0.0,0.0,-0.0,-0.0,0.0,1250
마라16aa89ab,0.0,128.7755461,35.19298736,0.0,0.0,0.0,0.0,0.0,0.0,-0.0,-0.0,0.0,1250
마라16aa89ba,0.0,128.7755813,35.19524109,0.0,0.0,0.0,0.0,0.0,0.0,-0.0,-0.0,0.0,1250
마라16aa89bb,0.0,128.7756165,35.19749482,0.0,0.0,0.0,0.0,0.0,0.0,-0.0,-0.0,0.0,1250
마마18ba07bb,0.0,128.8056746,35.35946674,0.0,0.0,0.0,0.0,0.0,0.0,-0.0,-0.0,0.0,1250
마마18ba08aa,0.0,128.8057109,35.36172038,0.0,0.0,0.0,0.0,0.0,0.0,-0.0,-0.0,0.0,1250
마마18ba08ba,0.0,128.8057835,35.36622766,0.0,0.0,0.0,0.0,0.0,0.0,-0.0,-0.0,0.0,1250
마마18ba08bb,0.0,128.8058198,35.36848129,0.0,0.0,0.0,0.0,0.0,0.0,-0.0,-0.0,0.0,1250
마마18ba09aa,0.0,128.8058561,35.37073493,0.0,0.0,0.0,0.0,0.0,0.0,-0.0,-0.0,0.0,1250
마마18ba09ab,0.0,128.8058924,35.37298856,0.0,0.0,0.0,0.0,0.0,0.0,-0.0,-0.0,0.0,1250
마마18ba09ba,0.0,128.8059287,35.3752422,0.0,0.0,0.0,0.0,0.0,0.0,-0.0,-0.0,0.0,1250
마마18ba09bb,0.0,128.8059651,35.37749583,0.0,0.0,0.0,0.0,0.0,0.0,-0.0,-0.0,0.0,1250
마라16aa85ba,0.0,128.775018,35.15918134,0.0,0.0,0.0,0.0,0.0,0.0,-0.0,-0.0,0.0,1250
마라16aa85bb,0.0,128.7750532,35.16143508,0.0,0.0,0.0,0.0,0.0,0.0,-0.0,-0.0,0.0,1250
마라16aa86aa,0.0,128.7750884,35.16368882,0.0,0.0,0.0,0.0,0.0,0.0,-0.0,-0.0,0.0,1250
마라16aa86ab,0.0,128.7751236,35.16594256,0.0,0.0,0.0,0.0,0.0,0.0,-0.0,-0.0,0.0,1250
마라16aa86ba,0.0,128.7751588,35.1681963,0.0,0.0,0.0,0.0,0.0,0.0,-0.0,-0.0,0.0,1250
마라16aa86bb,0.0,128.775194,35.17045004,0.0,0.0,0.0,0.0,0.0,0.0,-0.0,-0.0,0.0,1250
마마18ba02ba,0.0,128.8049135,35.31214012,0.0,0.0,0.0,0.0,0.0,0.0,-0.0,-0.0,0.0,1250
마마18ba02bb,0.0,128.8049497,35.31439378,0.0,0.0,0.0,0.0,0.0,0.0,-0.0,-0.0,0.0,1250
마마18bb03aa,0.0,128.8077355,35.31661773,0.0,0.0,0.0,0.0,0.0,0.0,-0.0,-0.0,0.0,1250
마마18bb03ab,0.0,128.8077718,35.31887138,0.0,0.0,0.0,0.0,0.0,0.0,-0.0,-0.0,0.0,1250
마마18bb03ba,0.0,128.8078081,35.32112503,0.0,0.0,0.0,0.0,0.0,0.0,-0.0,-0.0,0.0,1250
마마18bb03bb,0.0,128.8078444,35.32337868,0.0,0.0,0.0,0.0,0.0,0.0,-0.0,-0.0,0.0,1250
마마18bb04aa,0.0,128.8078807,35.32563233,0.0,0.0,0.0,0.0,0.0,0.0,-0.0,-0.0,0.0,1250
마마18ba06ba,0.0,128.8054933,35.34819853,0.0,0.0,0.0,0.0,0.0,0.0,-0.0,-0.0,0.0,1250
마마18ba07ab,0.0,128.8056021,35.35495946,0.0,0.0,0.0,0.0,0.0,0.0,-0.0,-0.0,0.0,1250
마마18ba07ba,0.0,128.8056384,35.3572131,0.0,0.0,0.0,0.0,0.0,0.0,-0.0,-0.0,0.0,1250
마라15bb91bb,0.0,128.7731524,35.21555352,0.0,0.0,0.0,0.0,0.0,0.0,-0.0,-0.0,0.0,1250
마라15bb92aa,0.0,128.7731876,35.21780724,0.0,0.0,0.0,0.0,0.0,0.0,-0.0,-0.0,0.0,1250
마라15bb93ab,0.0,128.7733636,35.22907583,0.0,0.0,0.0,0.0,0.0,0.0,-0.0,-0.0,0.0,1250
마마18bb04ab,0.0,128.807917,35.32788598,0.0,0.0,0.0,0.0,0.0,0.0,-0.0,-0.0,0.0,1250
마마18bb04ba,0.0,128.8079533,35.33013963,0.0,0.0,0.0,0.0,0.0,0.0,-0.0,-0.0,0.0,1250
마마18bb04bb,0.0,128.8079896,35.33239328,0.0,0.0,0.0,0.0,0.0,0.0,-0.0,-0.0,0.0,1250
마마18bb06ab,0.0,128.8082076,35.34591515,0.0,0.0,0.0,0.0,0.0,0.0,-0.0,-0.0,0.0,1250
마마18bb06ba,0.0,128.8082439,35.34816879,0.0,0.0,0.0,0.0,0.0,0.0,-0.0,-0.0,0.0,1250
마마18bb07ab,0.0,128.808353,35.35492971,0.0,0.0,0.0,0.0,0.0,0.0,-0.0,-0.0,0.0,1250
마마18bb08aa,0.0,128.8084621,35.36169062,0.0,0.0,0.0,0.0,0.0,0.0,-0.0,-0.0,0.0,1250
마마18bb09aa,0.0,128.8086076,35.37070516,0.0,0.0,0.0,0.0,0.0,0.0,-0.0,-0.0,0.0,1250
마마18bb09ab,0.0,128.8086439,35.37295879,0.0,0.0,0.0,0.0,0.0,0.0,-0.0,-0.0,0.0,1250
마마18bb09ba,0.0,128.8086803,35.37521242,0.0,0.0,0.0,0.0,0.0,0.0,-0.0,-0.0,0.0,1250
마마18bb09bb,0.0,128.8087167,35.37746605,0.0,0.0,0.0,0.0,0.0,0.0,-0.0,-0.0,0.0,1250
마마19aa02aa,0.0,128.8103397,35.30757334,0.0,0.0,0.0,0.0,0.0,0.0,-0.0,-0.0,0.0,1250
마라15bb89ba,0.0,128.7728358,35.19526998,0.0,0.0,0.0,0.0,0.0,0.0,-0.0,-0.0,0.0,1250
마라15bb89bb,0.0,128.7728709,35.19752371,0.0,0.0,0.0,0.0,0.0,0.0,-0.0,-0.0,0.0,1250
마라15bb90aa,0.0,128.7729061,35.19977744,0.0,0.0,0.0,0.0,0.0,0.0,-0.0,-0.0,0.0,1250
마라15bb90ab,0.0,128.7729413,35.20203117,0.0,0.0,0.0,0.0,0.0,0.0,-0.0,-0.0,0.0,1250
마라15bb90ba,0.0,128.7729764,35.2042849,0.0,0.0,0.0,0.0,0.0,0.0,-0.0,-0.0,0.0,1250
마라15bb90bb,0.0,128.7730116,35.20653862,0.0,0.0,0.0,0.0,0.0,0.0,-0.0,-0.0,0.0,1250
마라15bb91aa,0.0,128.7730468,35.20879235,0.0,0.0,0.0,0.0,0.0,0.0,-0.0,-0.0,0.0,1250
마라15bb91ab,0.0,128.773082,35.21104607,0.0,0.0,0.0,0.0,0.0,0.0,-0.0,-0.0,0.0,1250
마라15bb91ba,0.0,128.7731172,35.21329979,0.0,0.0,0.0,0.0,0.0,0.0,-0.0,-0.0,0.0,1250
마마19aa09aa,0.0,128.811359,35.37067533,0.0,0.0,0.0,0.0,0.0,0.0,-0.0,-0.0,0.0,1250
마마19aa09ab,0.0,128.8113954,35.37292896,0.0,0.0,0.0,0.0,0.0,0.0,-0.0,-0.0,0.0,1250
마마19aa09ba,0.0,128.8114319,35.37518258,0.0,0.0,0.0,0.0,0.0,0.0,-0.0,-0.0,0.0,1250
마마19aa09bb,0.0,128.8114684,35.37743621,0.0,0.0,0.0,0.0,0.0,0.0,-0.0,-0.0,0.0,1250
마마19aa10aa,0.0,128.8115048,35.37968984,0.0,0.0,0.0,0.0,0.0,0.0,-0.0,-0.0,0.0,1250
마마19aa03aa,0.0,128.8104851,35.31658795,0.0,0.0,0.0,0.0,0.0,0.0,-0.0,-0.0,0.0,1250
마마19aa03ab,0.0,128.8105215,35.3188416,0.0,0.0,0.0,0.0,0.0,0.0,-0.0,-0.0,0.0,1250
마마19aa03ba,0.0,128.8105578,35.32109525,0.0,0.0,0.0,0.0,0.0,0.0,-0.0,-0.0,0.0,1250
마마19aa04ba,0.0,128.8107034,35.33010984,0.0,0.0,0.0,0.0,0.0,0.0,-0.0,-0.0,0.0,1250
마마19aa05aa,0.0,128.8107761,35.33461713,0.0,0.0,0.0,0.0,0.0,0.0,-0.0,-0.0,0.0,1250
마마19aa05ba,0.0,128.8108489,35.33912442,0.0,0.0,0.0,0.0,0.0,0.0,-0.0,-0.0,0.0,1250
마마19aa05bb,0.0,128.8108853,35.34137806,0.0,0.0,0.0,0.0,0.0,0.0,-0.0,-0.0,0.0,1250
마마18bb08ab,0.0,128.8084984,35.36394426,0.0,0.0,0.0,0.0,0.0,0.0,-0.0,-0.0,0.0,1250
마마18bb08ba,0.0,128.8085348,35.36619789,0.0,0.0,0.0,0.0,0.0,0.0,-0.0,-0.0,0.0,1250
마마18bb08bb,0.0,128.8085712,35.36845152,0.0,0.0,0.0,0.0,0.0,0.0,-0.0,-0.0,0.0,1250
마라15bb87bb,0.0,128.7725898,35.17949386,0.0,0.0,0.0,0.0,0.0,0.0,-0.0,-0.0,0.0,1250
마라15bb88ba,0.0,128.7726952,35.18625506,0.0,0.0,0.0,0.0,0.0,0.0,-0.0,-0.0,0.0,1250
마라15bb89aa,0.0,128.7727655,35.19076252,0.0,0.0,0.0,0.0,0.0,0.0,-0.0,-0.0,0.0,1250
마라15bb89ab,0.0,128.7728006,35.19301625,0.0,0.0,0.0,0.0,0.0,0.0,-0.0,-0.0,0.0,1250
마마19aa06ab,0.0,128.8109582,35.34588534,0.0,0.0,0.0,0.0,0.0,0.0,-0.0,-0.0,0.0,1250
마마19aa06ba,0.0,128.8109946,35.34813898,0.0,0.0,0.0,0.0,0.0,0.0,-0.0,-0.0,0.0,1250
마마19aa07ab,0.0,128.8111039,35.35489989,0.0,0.0,0.0,0.0,0.0,0.0,-0.0,-0.0,0.0,1250
마마19aa07ba,0.0,128.8111403,35.35715353,0.0,0.0,0.0,0.0,0.0,0.0,-0.0,-0.0,0.0,1250
마마19aa07bb,0.0,128.8111767,35.35940716,0.0,0.0,0.0,0.0,0.0,0.0,-0.0,-0.0,0.0,1250
마마19aa08aa,0.0,128.8112132,35.3616608,0.0,0.0,0.0,0.0,0.0,0.0,-0.0,-0.0,0.0,1250
마마19aa08ba,0.0,128.8112861,35.36616806,0.0,0.0,0.0,0.0,0.0,0.0,-0.0,-0.0,0.0,1250
마마19ab01bb,0.0,128.8130526,35.30528987,0.0,0.0,0.0,0.0,0.0,0.0,-0.0,-0.0,0.0,1250
마마19ab02aa,0.0,128.813089,35.30754352,0.0,0.0,0.0,0.0,0.0,0.0,-0.0,-0.0,0.0,1250
마마19ab02ab,0.0,128.8131254,35.30979717,0.0,0.0,0.0,0.0,0.0,0.0,-0.0,-0.0,0.0,1250
마마19ab02ba,0.0,128.8131618,35.31205082,0.0,0.0,0.0,0.0,0.0,0.0,-0.0,-0.0,0.0,1250
마마19ab03aa,0.0,128.8132347,35.31655812,0.0,0.0,0.0,0.0,0.0,0.0,-0.0,-0.0,0.0,1250
마마19ab03ab,0.0,128.8132711,35.31881177,0.0,0.0,0.0,0.0,0.0,0.0,-0.0,-0.0,0.0,1250
마마19ab03ba,0.0,128.8133076,35.32106541,0.0,0.0,0.0,0.0,0.0,0.0,-0.0,-0.0,0.0,1250
마라15ba96ab,0.0,128.7710389,35.25614927,0.0,0.0,0.0,0.0,0.0,0.0,-0.0,-0.0,0.0,1250
마라15bb85bb,0.0,128.7723088,35.16146394,0.0,0.0,0.0,0.0,0.0,0.0,-0.0,-0.0,0.0,1250
마라15bb86aa,0.0,128.7723439,35.16371768,0.0,0.0,0.0,0.0,0.0,0.0,-0.0,-0.0,0.0,1250
마라15bb86ab,0.0,128.772379,35.16597142,0.0,0.0,0.0,0.0,0.0,0.0,-0.0,-0.0,0.0,1250
마라15bb86ba,0.0,128.7724141,35.16822516,0.0,0.0,0.0,0.0,0.0,0.0,-0.0,-0.0,0.0,1250
마라15bb86bb,0.0,128.7724493,35.1704789,0.0,0.0,0.0,0.0,0.0,0.0,-0.0,-0.0,0.0,1250
마라15bb87aa,0.0,128.7724844,35.17273264,0.0,0.0,0.0,0.0,0.0,0.0,-0.0,-0.0,0.0,1250
마라15bb87ab,0.0,128.7725195,35.17498638,0.0,0.0,0.0,0.0,0.0,0.0,-0.0,-0.0,0.0,1250
마라15bb87ba,0.0,128.7725546,35.17724012,0.0,0.0,0.0,0.0,0.0,0.0,-0.0,-0.0,0.0,1250
마마19ab05bb,0.0,128.8136358,35.3413482,0.0,0.0,0.0,0.0,0.0,0.0,-0.0,-0.0,0.0,1250
마마19ab06ab,0.0,128.8137087,35.34585548,0.0,0.0,0.0,0.0,0.0,0.0,-0.0,-0.0,0.0,1250
마마19ab06ba,0.0,128.8137452,35.34810911,0.0,0.0,0.0,0.0,0.0,0.0,-0.0,-0.0,0.0,1250
마마19ab06bb,0.0,128.8137817,35.35036275,0.0,0.0,0.0,0.0,0.0,0.0,-0.0,-0.0,0.0,1250
마마19ab07aa,0.0,128.8138182,35.35261638,0.0,0.0,0.0,0.0,0.0,0.0,-0.0,-0.0,0.0,1250
마마19ab07ab,0.0,128.8138547,35.35487002,0.0,0.0,0.0,0.0,0.0,0.0,-0.0,-0.0,0.0,1250
마마19ab07ba,0.0,128.8138913,35.35712365,0.0,0.0,0.0,0.0,0.0,0.0,-0.0,-0.0,0.0,1250
마라15ba91bb,0.0,128.7704062,35.21558237,0.0,0.0,0.0,0.0,0.0,0.0,-0.0,-0.0,0.0,1250
마라15ba92aa,0.0,128.7704413,35.21783609,0.0,0.0,0.0,0.0,0.0,0.0,-0.0,-0.0,0.0,1250
마라15ba92ab,0.0,128.7704764,35.22008982,0.0,0.0,0.0,0.0,0.0,0.0,-0.0,-0.0,0.0,1250
마라15ba92ba,0.0,128.7705115,35.22234354,0.0,0.0,0.0,0.0,0.0,0.0,-0.0,-0.0,0.0,1250
마라15ba92bb,0.0,128.7705467,35.22459726,0.0,0.0,0.0,0.0,0.0,0.0,-0.0,-0.0,0.0,1250
마라15ba95aa,0.0,128.770863,35.24488071,0.0,0.0,0.0,0.0,0.0,0.0,-0.0,-0.0,0.0,1250
마마19ab00ab,0.0,128.8128341,35.29176793,0.0,0.0,0.0,0.0,0.0,0.0,-0.0,-0.0,0.0,1250
마마19ab00ba,0.0,128.8128705,35.29402159,0.0,0.0,0.0,0.0,0.0,0.0,-0.0,-0.0,0.0,1250
마라15ba91aa,0.0,128.7703008,35.20882119,0.0,0.0,0.0,0.0,0.0,0.0,-0.0,-0.0,0.0,1250
마라15ba91ab,0.0,128.7703359,35.21107492,0.0,0.0,0.0,0.0,0.0,0.0,-0.0,-0.0,0.0,1250
마라15ba91ba,0.0,128.770371,35.21332864,0.0,0.0,0.0,0.0,0.0,0.0,-0.0,-0.0,0.0,1250
마마19ab08ab,0.0,128.8140008,35.36388455,0.0,0.0,0.0,0.0,0.0,0.0,-0.0,-0.0,0.0,1250
마마19ab08ba,0.0,128.8140373,35.36613817,0.0,0.0,0.0,0.0,0.0,0.0,-0.0,-0.0,0.0,1250
마마19ab09aa,0.0,128.8141104,35.37064543,0.0,0.0,0.0,0.0,0.0,0.0,-0.0,-0.0,0.0,1250
마마19ab09ab,0.0,128.8141469,35.37289906,0.0,0.0,0.0,0.0,0.0,0.0,-0.0,-0.0,0.0,1250
마마19ab09ba,0.0,128.8141835,35.37515268,0.0,0.0,0.0,0.0,0.0,0.0,-0.0,-0.0,0.0,1250
마마19ab09bb,0.0,128.81422,35.37740631,0.0,0.0,0.0,0.0,0.0,0.0,-0.0,-0.0,0.0,1250
마마19ab10aa,0.0,128.8142566,35.37965993,0.0,0.0,0.0,0.0,0.0,0.0,-0.0,-0.0,0.0,1250
마마19ab04ba,0.0,128.8134534,35.33007999,0.0,0.0,0.0,0.0,0.0,0.0,-0.0,-0.0,0.0,1250
마마19ab05aa,0.0,128.8135263,35.33458728,0.0,0.0,0.0,0.0,0.0,0.0,-0.0,-0.0,0.0,1250
마마19ab05ba,0.0,128.8135993,35.33909456,0.0,0.0,0.0,0.0,0.0,0.0,-0.0,-0.0,0.0,1250
마마19ba04ab,0.0,128.8161669,35.32779644,0.0,0.0,0.0,0.0,0.0,0.0,-0.0,-0.0,0.0,1250
마마19ba04ba,0.0,128.8162034,35.33005008,0.0,0.0,0.0,0.0,0.0,0.0,-0.0,-0.0,0.0,1250
마마19ba04bb,0.0,128.81624,35.33230372,0.0,0.0,0.0,0.0,0.0,0.0,-0.0,-0.0,0.0,1250
마마19ba05aa,0.0,128.8162765,35.33455736,0.0,0.0,0.0,0.0,0.0,0.0,-0.0,-0.0,0.0,1250
마라15ba87bb,0.0,128.7698447,35.17952267,0.0,0.0,0.0,0.0,0.0,0.0,-0.0,-0.0,0.0,1250
마라15ba88ba,0.0,128.7699499,35.18628388,0.0,0.0,0.0,0.0,0.0,0.0,-0.0,-0.0,0.0,1250
마라15ba88bb,0.0,128.769985,35.18853761,0.0,0.0,0.0,0.0,0.0,0.0,-0.0,-0.0,0.0,1250
마라15ba89aa,0.0,128.7700201,35.19079135,0.0,0.0,0.0,0.0,0.0,0.0,-0.0,-0.0,0.0,1250
마라15ba89ab,0.0,128.7700552,35.19304508,0.0,0.0,0.0,0.0,0.0,0.0,-0.0,-0.0,0.0,1250
마라15ba89ba,0.0,128.7700902,35.19529882,0.0,0.0,0.0,0.0,0.0,0.0,-0.0,-0.0,0.0,1250
마라15ba89bb,0.0,128.7701253,35.19755255,0.0,0.0,0.0,0.0,0.0,0.0,-0.0,-0.0,0.0,1250
마라15ba90aa,0.0,128.7701604,35.19980628,0.0,0.0,0.0,0.0,0.0,0.0,-0.0,-0.0,0.0,1250
마라15ba90ab,0.0,128.7701955,35.20206001,0.0,0.0,0.0,0.0,0.0,0.0,-0.0,-0.0,0.0,1250
마라15ba90ba,0.0,128.7702306,35.20431374,0.0,0.0,0.0,0.0,0.0,0.0,-0.0,-0.0,0.0,1250
마라15ba90bb,0.0,128.7702657,35.20656747,0.0,0.0,0.0,0.0,0.0,0.0,-0.0,-0.0,0.0,1250
마마19ba06bb,0.0,128.8165325,35.35033281,0.0,0.0,0.0,0.0,0.0,0.0,-0.0,-0.0,0.0,1250
마마19ba07aa,0.0,128.816569,35.35258645,0.0,0.0,0.0,0.0,0.0,0.0,-0.0,-0.0,0.0,1250
마마19ba07ab,0.0,128.8166056,35.35484008,0.0,0.0,0.0,0.0,0.0,0.0,-0.0,-0.0,0.0,1250
마마19ba07ba,0.0,128.8166422,35.35709371,0.0,0.0,0.0,0.0,0.0,0.0,-0.0,-0.0,0.0,1250
마마19ba08aa,0.0,128.8167154,35.36160097,0.0,0.0,0.0,0.0,0.0,0.0,-0.0,-0.0,0.0,1250
마마19ba08ab,0.0,128.816752,35.3638546,0.0,0.0,0.0,0.0,0.0,0.0,-0.0,-0.0,0.0,1250
마마19ba08ba,0.0,128.8167886,35.36610822,0.0,0.0,0.0,0.0,0.0,0.0,-0.0,-0.0,0.0,1250
마마19ba08bb,0.0,128.8168252,35.36836185,0.0,0.0,0.0,0.0,0.0,0.0,-0.0,-0.0,0.0,1250
마마19ba09aa,0.0,128.8168618,35.37061547,0.0,0.0,0.0,0.0,0.0,0.0,-0.0,-0.0,0.0,1250
마마19ba09ab,0.0,128.8168984,35.3728691,0.0,0.0,0.0,0.0,0.0,0.0,-0.0,-0.0,0.0,1250
마마19ba09ba,0.0,128.816935,35.37512272,0.0,0.0,0.0,0.0,0.0,0.0,-0.0,-0.0,0.0,1250
마마19ba02aa,0.0,128.8158383,35.30751363,0.0,0.0,0.0,0.0,0.0,0.0,-0.0,-0.0,0.0,1250
마마19ba02ab,0.0,128.8158748,35.30976728,0.0,0.0,0.0,0.0,0.0,0.0,-0.0,-0.0,0.0,1250
마마19ba03aa,0.0,128.8159843,35.31652822,0.0,0.0,0.0,0.0,0.0,0.0,-0.0,-0.0,0.0,1250
마마19ba03ab,0.0,128.8160208,35.31878187,0.0,0.0,0.0,0.0,0.0,0.0,-0.0,-0.0,0.0,1250
마마19ba04aa,0.0,128.8161304,35.3255428,0.0,0.0,0.0,0.0,0.0,0.0,-0.0,-0.0,0.0,1250
마마19bb02bb,0.0,128.8186973,35.31424462,0.0,0.0,0.0,0.0,0.0,0.0,-0.0,-0.0,0.0,1250
마마19bb03aa,0.0,128.8187339,35.31649826,0.0,0.0,0.0,0.0,0.0,0.0,-0.0,-0.0,0.0,1250
마라15ba86aa,0.0,128.7695994,35.16374648,0.0,0.0,0.0,0.0,0.0,0.0,-0.0,-0.0,0.0,1250
마라15ba86ab,0.0,128.7696345,35.16600022,0.0,0.0,0.0,0.0,0.0,0.0,-0.0,-0.0,0.0,1250
마라15ba86ba,0.0,128.7696695,35.16825397,0.0,0.0,0.0,0.0,0.0,0.0,-0.0,-0.0,0.0,1250
마라15ba86bb,0.0,128.7697045,35.17050771,0.0,0.0,0.0,0.0,0.0,0.0,-0.0,-0.0,0.0,1250
마라15ba87aa,0.0,128.7697396,35.17276145,0.0,0.0,0.0,0.0,0.0,0.0,-0.0,-0.0,0.0,1250
마라15ba87ab,0.0,128.7697746,35.17501519,0.0,0.0,0.0,0.0,0.0,0.0,-0.0,-0.0,0.0,1250
마라15ba87ba,0.0,128.7698097,35.17726893,0.0,0.0,0.0,0.0,0.0,0.0,-0.0,-0.0,0.0,1250
마마19ba05bb,0.0,128.8163862,35.34131827,0.0,0.0,0.0,0.0,0.0,0.0,-0.0,-0.0,0.0,1250
마마19ba06aa,0.0,128.8164228,35.34357191,0.0,0.0,0.0,0.0,0.0,0.0,-0.0,-0.0,0.0,1250
마마19ba06ab,0.0,128.8164593,35.34582555,0.0,0.0,0.0,0.0,0.0,0.0,-0.0,-0.0,0.0,1250
마마19ba06ba,0.0,128.8164959,35.34807918,0.0,0.0,0.0,0.0,0.0,0.0,-0.0,-0.0,0.0,1250
마마19bb04aa,0.0,128.8188803,35.32551283,0.0,0.0,0.0,0.0,0.0,0.0,-0.0,-0.0,0.0,1250
마마19bb04ab,0.0,128.8189169,35.32776647,0.0,0.0,0.0,0.0,0.0,0.0,-0.0,-0.0,0.0,1250
마마19bb04ba,0.0,128.8189535,35.33002011,0.0,0.0,0.0,0.0,0.0,0.0,-0.0,-0.0,0.0,1250
마마19bb05aa,0.0,128.8190267,35.33452738,0.0,0.0,0.0,0.0,0.0,0.0,-0.0,-0.0,0.0,1250
마마19bb05ba,0.0,128.8191,35.33903465,0.0,0.0,0.0,0.0,0.0,0.0,-0.0,-0.0,0.0,1250
마마19bb05bb,0.0,128.8191366,35.34128829,0.0,0.0,0.0,0.0,0.0,0.0,-0.0,-0.0,0.0,1250
마마19bb06ab,0.0,128.8192099,35.34579555,0.0,0.0,0.0,0.0,0.0,0.0,-0.0,-0.0,0.0,1250
마마19bb06ba,0.0,128.8192465,35.34804919,0.0,0.0,0.0,0.0,0.0,0.0,-0.0,-0.0,0.0,1250
마마19bb06bb,0.0,128.8192832,35.35030282,0.0,0.0,0.0,0.0,0.0,0.0,-0.0,-0.0,0.0,1250
마마19bb07aa,0.0,128.8193198,35.35255645,0.0,0.0,0.0,0.0,0.0,0.0,-0.0,-0.0,0.0,1250
마마19ba09bb,0.0,128.8169717,35.37737635,0.0,0.0,0.0,0.0,0.0,0.0,-0.0,-0.0,0.0,1250
마마19ba10aa,0.0,128.8170083,35.37962997,0.0,0.0,0.0,0.0,0.0,0.0,-0.0,-0.0,0.0,1250
마마19ba10ab,0.0,128.8170449,35.38188359,0.0,0.0,0.0,0.0,0.0,0.0,-0.0,-0.0,0.0,1250
마마19bb00ba,0.0,128.8183682,35.29396178,0.0,0.0,0.0,0.0,0.0,0.0,-0.0,-0.0,0.0,1250
마마19bb02aa,0.0,128.8185875,35.30748368,0.0,0.0,0.0,0.0,0.0,0.0,-0.0,-0.0,0.0,1250
마라15ab91bb,0.0,128.7676599,35.21561116,0.0,0.0,0.0,0.0,0.0,0.0,-0.0,-0.0,0.0,1250
마라15ab92aa,0.0,128.767695,35.21786489,0.0,0.0,0.0,0.0,0.0,0.0,-0.0,-0.0,0.0,1250
마라15ab92ba,0.0,128.7677651,35.22237234,0.0,0.0,0.0,0.0,0.0,0.0,-0.0,-0.0,0.0,1250
마마19bb07ab,0.0,128.8193565,35.35481008,0.0,0.0,0.0,0.0,0.0,0.0,-0.0,-0.0,0.0,1250
마마19bb07ba,0.0,128.8193932,35.3570637,0.0,0.0,0.0,0.0,0.0,0.0,-0.0,-0.0,0.0,1250
마마19bb08aa,0.0,128.8194665,35.36157096,0.0,0.0,0.0,0.0,0.0,0.0,-0.0,-0.0,0.0,1250
마마19bb08ab,0.0,128.8195032,35.36382458,0.0,0.0,0.0,0.0,0.0,0.0,-0.0,-0.0,0.0,1250
마마19bb08ba,0.0,128.8195399,35.36607821,0.0,0.0,0.0,0.0,0.0,0.0,-0.0,-0.0,0.0,1250
마마19bb09aa,0.0,128.8196132,35.37058545,0.0,0.0,0.0,0.0,0.0,0.0,-0.0,-0.0,0.0,1250
마마19bb09ba,0.0,128.8196866,35.3750927,0.0,0.0,0.0,0.0,0.0,0.0,-0.0,-0.0,0.0,1250
마마19bb09bb,0.0,128.8197233,35.37734632,0.0,0.0,0.0,0.0,0.0,0.0,-0.0,-0.0,0.0,1250
마마19bb10aa,0.0,128.81976,35.37959994,0.0,0.0,0.0,0.0,0.0,0.0,-0.0,-0.0,0.0,1250
마마19bb10ab,0.0,128.8197967,35.38185356,0.0,0.0,0.0,0.0,0.0,0.0,-0.0,-0.0,0.0,1250
마마20aa00aa,0.0,128.8210437,35.28942448,0.0,0.0,0.0,0.0,0.0,0.0,-0.0,-0.0,0.0,1250
마마20aa00ab,0.0,128.8210803,35.29167813,0.0,0.0,0.0,0.0,0.0,0.0,-0.0,-0.0,0.0,1250
마마19bb03ab,0.0,128.8187705,35.3187519,0.0,0.0,0.0,0.0,0.0,0.0,-0.0,-0.0,0.0,1250
마라15ab89aa,0.0,128.7672747,35.19082011,0.0,0.0,0.0,0.0,0.0,0.0,-0.0,-0.0,0.0,1250
마라15ab89ab,0.0,128.7673097,35.19307385,0.0,0.0,0.0,0.0,0.0,0.0,-0.0,-0.0,0.0,1250
마라15ab89ba,0.0,128.7673447,35.19532758,0.0,0.0,0.0,0.0,0.0,0.0,-0.0,-0.0,0.0,1250
마마20aa01ab,0.0,128.8212269,35.30069273,0.0,0.0,0.0,0.0,0.0,0.0,-0.0,-0.0,0.0,1250
마마20aa02ba,0.0,128.8214101,35.31196095,0.0,0.0,0.0,0.0,0.0,0.0,-0.0,-0.0,0.0,1250
마마20aa04aa,0.0,128.8216301,35.3254828,0.0,0.0,0.0,0.0,0.0,0.0,-0.0,-0.0,0.0,1250
마마20aa04ab,0.0,128.8216668,35.32773643,0.0,0.0,0.0,0.0,0.0,0.0,-0.0,-0.0,0.0,1250
마마20aa04ba,0.0,128.8217035,35.32999007,0.0,0.0,0.0,0.0,0.0,0.0,-0.0,-0.0,0.0,1250
마라15ab89bb,0.0,128.7673797,35.19758132,0.0,0.0,0.0,0.0,0.0,0.0,-0.0,-0.0,0.0,1250
마라15ab90aa,0.0,128.7674147,35.19983505,0.0,0.0,0.0,0.0,0.0,0.0,-0.0,-0.0,0.0,1250
마라15ab90ab,0.0,128.7674497,35.20208878,0.0,0.0,0.0,0.0,0.0,0.0,-0.0,-0.0,0.0,1250
마라15ab90ba,0.0,128.7674848,35.20434251,0.0,0.0,0.0,0.0,0.0,0.0,-0.0,-0.0,0.0,1250
마라15ab90bb,0.0,128.7675198,35.20659625,0.0,0.0,0.0,0.0,0.0,0.0,-0.0,-0.0,0.0,1250
마라15ab91aa,0.0,128.7675548,35.20884998,0.0,0.0,0.0,0.0,0.0,0.0,-0.0,-0.0,0.0,1250
마라15ab91ab,0.0,128.7675898,35.2111037,0.0,0.0,0.0,0.0,0.0,0.0,-0.0,-0.0,0.0,1250
마라15ab91ba,0.0,128.7676249,35.21335743,0.0,0.0,0.0,0.0,0.0,0.0,-0.0,-0.0,0.0,1250
마마20aa07ba,0.0,128.8221441,35.35703364,0.0,0.0,0.0,0.0,0.0,0.0,-0.0,-0.0,0.0,1250
마마20aa08aa,0.0,128.8222176,35.36154089,0.0,0.0,0.0,0.0,0.0,0.0,-0.0,-0.0,0.0,1250
마마20aa08ab,0.0,128.8222544,35.36379451,0.0,0.0,0.0,0.0,0.0,0.0,-0.0,-0.0,0.0,1250
마마20aa08ba,0.0,128.8222911,35.36604813,0.0,0.0,0.0,0.0,0.0,0.0,-0.0,-0.0,0.0,1250
마라15ab86aa,0.0,128.766855,35.16377521,0.0,0.0,0.0,0.0,0.0,0.0,-0.0,-0.0,0.0,1250
마라15ab86ab,0.0,128.7668899,35.16602896,0.0,0.0,0.0,0.0,0.0,0.0,-0.0,-0.0,0.0,1250
마라15ab86ba,0.0,128.7669249,35.16828271,0.0,0.0,0.0,0.0,0.0,0.0,-0.0,-0.0,0.0,1250
마라15ab86bb,0.0,128.7669598,35.17053645,0.0,0.0,0.0,0.0,0.0,0.0,-0.0,-0.0,0.0,1250
마라15ab87aa,0.0,128.7669948,35.17279019,0.0,0.0,0.0,0.0,0.0,0.0,-0.0,-0.0,0.0,1250
마라15ab87ab,0.0,128.7670298,35.17504394,0.0,0.0,0.0,0.0,0.0,0.0,-0.0,-0.0,0.0,1250
마라15ab87ba,0.0,128.7670648,35.17729768,0.0,0.0,0.0,0.0,0.0,0.0,-0.0,-0.0,0.0,1250
마라15ab87bb,0.0,128.7670997,35.17955142,0.0,0.0,0.0,0.0,0.0,0.0,-0.0,-0.0,0.0,1250
마라15ab88aa,0.0,128.7671347,35.18180516,0.0,0.0,0.0,0.0,0.0,0.0,-0.0,-0.0,0.0,1250
마라15ab88ba,0.0,128.7672047,35.18631264,0.0,0.0,0.0,0.0,0.0,0.0,-0.0,-0.0,0.0,1250
마라15ab88bb,0.0,128.7672397,35.18856638,0.0,0.0,0.0,0.0,0.0,0.0,-0.0,-0.0,0.0,1250
마라15aa91ab,0.0,128.7648438,35.21113243,0.0,0.0,0.0,0.0,0.0,0.0,-0.0,-0.0,0.0,1250
마라15aa91ba,0.0,128.7648787,35.21338616,0.0,0.0,0.0,0.0,0.0,0.0,-0.0,-0.0,0.0,1250
마마20aa09ba,0.0,128.8224382,35.37506261,0.0,0.0,0.0,0.0,0.0,0.0,-0.0,-0.0,0.0,1250
마마20aa09bb,0.0,128.8224749,35.37731623,0.0,0.0,0.0,0.0,0.0,0.0,-0.0,-0.0,0.0,1250
마마20aa10aa,0.0,128.8225117,35.37956985,0.0,0.0,0.0,0.0,0.0,0.0,-0.0,-0.0,0.0,1250
마마20aa10ab,0.0,128.8225485,35.38182346,0.0,0.0,0.0,0.0,0.0,0.0,-0.0,-0.0,0.0,1250
마라15aa91bb,0.0,128.7649137,35.21563989,0.0,0.0,0.0,0.0,0.0,0.0,-0.0,-0.0,0.0,1250
마라15aa92aa,0.0,128.7649487,35.21789362,0.0,0.0,0.0,0.0,0.0,0.0,-0.0,-0.0,0.0,1250
마라15aa92ab,0.0,128.7649836,35.22014734,0.0,0.0,0.0,0.0,0.0,0.0,-0.0,-0.0,0.0,1250
마라15aa94bb,0.0,128.7653336,35.24268457,0.0,0.0,0.0,0.0,0.0,0.0,-0.0,-0.0,0.0,1250
마마20aa05bb,0.0,128.821887,35.34125824,0.0,0.0,0.0,0.0,0.0,0.0,-0.0,-0.0,0.0,1250
마마20aa06bb,0.0,128.8220339,35.35027276,0.0,0.0,0.0,0.0,0.0,0.0,-0.0,-0.0,0.0,1250
마마20aa07aa,0.0,128.8220706,35.35252638,0.0,0.0,0.0,0.0,0.0,0.0,-0.0,-0.0,0.0,1250
마마20aa07ab,0.0,128.8221074,35.35478001,0.0,0.0,0.0,0.0,0.0,0.0,-0.0,-0.0,0.0,1250
마마20ab05ab,0.0,128.8245639,35.33672087,0.0,0.0,0.0,0.0,0.0,0.0,-0.0,-0.0,0.0,1250
마마20ab05ba,0.0,128.8246007,35.3389745,0.0,0.0,0.0,0.0,0.0,0.0,-0.0,-0.0,0.0,1250
마마20ab05bb,0.0,128.8246374,35.34122813,0.0,0.0,0.0,0.0,0.0,0.0,-0.0,-0.0,0.0,1250
마라15aa87bb,0.0,128.7643547,35.17958011,0.0,0.0,0.0,0.0,0.0,0.0,-0.0,-0.0,0.0,1250
마라15aa88aa,0.0,128.7643896,35.18183385,0.0,0.0,0.0,0.0,0.0,0.0,-0.0,-0.0,0.0,1250
마라15aa88ba,0.0,128.7644595,35.18634133,0.0,0.0,0.0,0.0,0.0,0.0,-0.0,-0.0,0.0,1250
마라15aa88bb,0.0,128.7644944,35.18859507,0.0,0.0,0.0,0.0,0.0,0.0,-0.0,-0.0,0.0,1250
마라15aa89aa,0.0,128.7645293,35.19084881,0.0,0.0,0.0,0.0,0.0,0.0,-0.0,-0.0,0.0,1250
마라15aa89ab,0.0,128.7645642,35.19310255,0.0,0.0,0.0,0.0,0.0,0.0,-0.0,-0.0,0.0,1250
마라15aa89ba,0.0,128.7645991,35.19535629,0.0,0.0,0.0,0.0,0.0,0.0,-0.0,-0.0,0.0,1250
마라15aa89bb,0.0,128.7646341,35.19761003,0.0,0.0,0.0,0.0,0.0,0.0,-0.0,-0.0,0.0,1250
마라15aa90aa,0.0,128.764669,35.19986376,0.0,0.0,0.0,0.0,0.0,0.0,-0.0,-0.0,0.0,1250
마라15aa90ab,0.0,128.764704,35.2021175,0.0,0.0,0.0,0.0,0.0,0.0,-0.0,-0.0,0.0,1250
마라15aa90ba,0.0,128.7647389,35.20437123,0.0,0.0,0.0,0.0,0.0,0.0,-0.0,-0.0,0.0,1250
마라15aa90bb,0.0,128.7647739,35.20662496,0.0,0.0,0.0,0.0,0.0,0.0,-0.0,-0.0,0.0,1250
마라15aa91aa,0.0,128.7648088,35.2088787,0.0,0.0,0.0,0.0,0.0,0.0,-0.0,-0.0,0.0,1250
마마20ab07ab,0.0,128.8248582,35.35474988,0.0,0.0,0.0,0.0,0.0,0.0,-0.0,-0.0,0.0,1250
마마20ab07ba,0.0,128.8248951,35.35700351,0.0,0.0,0.0,0.0,0.0,0.0,-0.0,-0.0,0.0,1250
마마20ab07bb,0.0,128.8249319,35.35925713,0.0,0.0,0.0,0.0,0.0,0.0,-0.0,-0.0,0.0,1250
마마20ab08aa,0.0,128.8249687,35.36151075,0.0,0.0,0.0,0.0,0.0,0.0,-0.0,-0.0,0.0,1250
마마20ab08ab,0.0,128.8250055,35.36376437,0.0,0.0,0.0,0.0,0.0,0.0,-0.0,-0.0,0.0,1250
마마20ab08ba,0.0,128.8250424,35.36601799,0.0,0.0,0.0,0.0,0.0,0.0,-0.0,-0.0,0.0,1250
마마20ab08bb,0.0,128.8250792,35.36827161,0.0,0.0,0.0,0.0,0.0,0.0,-0.0,-0.0,0.0,1250
마마20ab09bb,0.0,128.8252266,35.37728608,0.0,0.0,0.0,0.0,0.0,0.0,-0.0,-0.0,0.0,1250
마마20ab10aa,0.0,128.8252634,35.37953969,0.0,0.0,0.0,0.0,0.0,0.0,-0.0,-0.0,0.0,1250
마마20ab03ba,0.0,128.8243065,35.32094543,0.0,0.0,0.0,0.0,0.0,0.0,-0.0,-0.0,0.0,1250
마마20ab04ab,0.0,128.8244168,35.32770634,0.0,0.0,0.0,0.0,0.0,0.0,-0.0,-0.0,0.0,1250
마마20ab04ba,0.0,128.8244535,35.32995997,0.0,0.0,0.0,0.0,0.0,0.0,-0.0,-0.0,0.0,1250
마마20ab04bb,0.0,128.8244903,35.3322136,0.0,0.0,0.0,0.0,0.0,0.0,-0.0,-0.0,0.0,1250
마마20ab05aa,0.0,128.8245271,35.33446723,0.0,0.0,0.0,0.0,0.0,0.0,-0.0,-0.0,0.0,1250
마마20ba02bb,0.0,128.8269458,35.31415437,0.0,0.0,0.0,0.0,0.0,0.0,-0.0,-0.0,0.0,1250
마마20ba03aa,0.0,128.8269826,35.31640801,0.0,0.0,0.0,0.0,0.0,0.0,-0.0,-0.0,0.0,1250
마라14bb97bb,0.0,128.763006,35.26975786,0.0,0.0,0.0,0.0,0.0,0.0,-0.0,-0.0,0.0,1250
마라14bb98bb,0.0,128.7631459,35.27877269,0.0,0.0,0.0,0.0,0.0,0.0,-0.0,-0.0,0.0,1250
마라14bb99ab,0.0,128.763216,35.2832801,0.0,0.0,0.0,0.0,0.0,0.0,-0.0,-0.0,0.0,1250
마라14bb99ba,0.0,128.763251,35.28553381,0.0,0.0,0.0,0.0,0.0,0.0,-0.0,-0.0,0.0,1250
마라15aa86ab,0.0,128.7641454,35.16605764,0.0,0.0,0.0,0.0,0.0,0.0,-0.0,-0.0,0.0,1250
마라15aa86bb,0.0,128.7642151,35.17056513,0.0,0.0,0.0,0.0,0.0,0.0,-0.0,-0.0,0.0,1250
마라15aa87aa,0.0,128.76425,35.17281888,0.0,0.0,0.0,0.0,0.0,0.0,-0.0,-0.0,0.0,1250
마라15aa87ab,0.0,128.7642849,35.17507262,0.0,0.0,0.0,0.0,0.0,0.0,-0.0,-0.0,0.0,1250
마라15aa87ba,0.0,128.7643198,35.17732637,0.0,0.0,0.0,0.0,0.0,0.0,-0.0,-0.0,0.0,1250
마마20ab06ab,0.0,128.824711,35.34573538,0.0,0.0,0.0,0.0,0.0,0.0,-0.0,-0.0,0.0,1250
마마20ab06ba,0.0,128.8247478,35.34798901,0.0,0.0,0.0,0.0,0.0,0.0,-0.0,-0.0,0.0,1250
마마20ab06bb,0.0,128.8247846,35.35024263,0.0,0.0,0.0,0.0,0.0,0.0,-0.0,-0.0,0.0,1250
마마20ab07aa,0.0,128.8248214,35.35249626,0.0,0.0,0.0,0.0,0.0,0.0,-0.0,-0.0,0.0,1250
마마20ba05bb,0.0,128.8273878,35.34119795,0.0,0.0,0.0,0.0,0.0,0.0,-0.0,-0.0,0.0,1250
마마20ba06ab,0.0,128.8274616,35.3457052,0.0,0.0,0.0,0.0,0.0,0.0,-0.0,-0.0,0.0,1250
마마20ba06ba,0.0,128.8274985,35.34795883,0.0,0.0,0.0,0.0,0.0,0.0,-0.0,-0.0,0.0,1250
마마20ba06bb,0.0,128.8275353,35.35021245,0.0,0.0,0.0,0.0,0.0,0.0,-0.0,-0.0,0.0,1250
마마20ba07aa,0.0,128.8275722,35.35246607,0.0,0.0,0.0,0.0,0.0,0.0,-0.0,-0.0,0.0,1250
마마20ba07ab,0.0,128.8276091,35.35471969,0.0,0.0,0.0,0.0,0.0,0.0,-0.0,-0.0,0.0,1250
마마20ba07ba,0.0,128.827646,35.35697331,0.0,0.0,0.0,0.0,0.0,0.0,-0.0,-0.0,0.0,1250
마라14bb93bb,0.0,128.7624467,35.23369838,0.0,0.0,0.0,0.0,0.0,0.0,-0.0,-0.0,0.0,1250
마라14bb94aa,0.0,128.7624816,35.2359521,0.0,0.0,0.0,0.0,0.0,0.0,-0.0,-0.0,0.0,1250
마라14bb94ba,0.0,128.7625515,35.24045955,0.0,0.0,0.0,0.0,0.0,0.0,-0.0,-0.0,0.0,1250
마라14bb95ba,0.0,128.7626913,35.24947443,0.0,0.0,0.0,0.0,0.0,0.0,-0.0,-0.0,0.0,1250
마라14bb95bb,0.0,128.7627262,35.25172814,0.0,0.0,0.0,0.0,0.0,0.0,-0.0,-0.0,0.0,1250
마라14bb97aa,0.0,128.762901,35.26299672,0.0,0.0,0.0,0.0,0.0,0.0,-0.0,-0.0,0.0,1250
마마20ab10ab,0.0,128.8253003,35.3817933,0.0,0.0,0.0,0.0,0.0,0.0,-0.0,-0.0,0.0,1250
마마20ba01ba,0.0,128.8267617,35.30288617,0.0,0.0,0.0,0.0,0.0,0.0,-0.0,-0.0,0.0,1250
마라14bb89bb,0.0,128.7618885,35.19763867,0.0,0.0,0.0,0.0,0.0,0.0,-0.0,-0.0,0.0,1250
마라14bb90aa,0.0,128.7619233,35.19989241,0.0,0.0,0.0,0.0,0.0,0.0,-0.0,-0.0,0.0,1250
마라14bb90ab,0.0,128.7619582,35.20214615,0.0,0.0,0.0,0.0,0.0,0.0,-0.0,-0.0,0.0,1250
마라14bb90ba,0.0,128.7619931,35.20439988,0.0,0.0,0.0,0.0,0.0,0.0,-0.0,-0.0,0.0,1250
마라14bb90bb,0.0,128.7620279,35.20665362,0.0,0.0,0.0,0.0,0.0,0.0,-0.0,-0.0,0.0,1250
마라14bb91aa,0.0,128.7620628,35.20890735,0.0,0.0,0.0,0.0,0.0,0.0,-0.0,-0.0,0.0,1250
마라14bb91ab,0.0,128.7620977,35.21116109,0.0,0.0,0.0,0.0,0.0,0.0,-0.0,-0.0,0.0,1250
마라14bb91ba,0.0,128.7621326,35.21341482,0.0,0.0,0.0,0.0,0.0,0.0,-0.0,-0.0,0.0,1250
마라14bb91bb,0.0,128.7621675,35.21566855,0.0,0.0,0.0,0.0,0.0,0.0,-0.0,-0.0,0.0,1250
마라14bb92aa,0.0,128.7622024,35.21792228,0.0,0.0,0.0,0.0,0.0,0.0,-0.0,-0.0,0.0,1250
마라14bb92ab,0.0,128.7622373,35.22017601,0.0,0.0,0.0,0.0,0.0,0.0,-0.0,-0.0,0.0,1250
마라14bb92ba,0.0,128.7622722,35.22242974,0.0,0.0,0.0,0.0,0.0,0.0,-0.0,-0.0,0.0,1250
마마20ba04ab,0.0,128.8271667,35.32767618,0.0,0.0,0.0,0.0,0.0,0.0,-0.0,-0.0,0.0,1250
마마20ba04ba,0.0,128.8272036,35.32992981,0.0,0.0,0.0,0.0,0.0,0.0,-0.0,-0.0,0.0,1250
마마20ba04bb,0.0,128.8272404,35.33218344,0.0,0.0,0.0,0.0,0.0,0.0,-0.0,-0.0,0.0,1250
마마20ba05aa,0.0,128.8272773,35.33443707,0.0,0.0,0.0,0.0,0.0,0.0,-0.0,-0.0,0.0,1250
마마20bb08ba,0.0,128.8305449,35.36595752,0.0,0.0,0.0,0.0,0.0,0.0,-0.0,-0.0,0.0,1250
마마20bb08bb,0.0,128.8305818,35.36821114,0.0,0.0,0.0,0.0,0.0,0.0,-0.0,-0.0,0.0,1250
마마20bb02bb,0.0,128.8296953,35.31412416,0.0,0.0,0.0,0.0,0.0,0.0,-0.0,-0.0,0.0,1250
마마20bb03aa,0.0,128.8297321,35.3163778,0.0,0.0,0.0,0.0,0.0,0.0,-0.0,-0.0,0.0,1250
마마20bb03ba,0.0,128.8298059,35.32088506,0.0,0.0,0.0,0.0,0.0,0.0,-0.0,-0.0,0.0,1250
마마20bb04ab,0.0,128.8299167,35.32764595,0.0,0.0,0.0,0.0,0.0,0.0,-0.0,-0.0,0.0,1250
마마20bb04ba,0.0,128.8299536,35.32989958,0.0,0.0,0.0,0.0,0.0,0.0,-0.0,-0.0,0.0,1250
마마20bb04bb,0.0,128.8299905,35.33215321,0.0,0.0,0.0,0.0,0.0,0.0,-0.0,-0.0,0.0,1250
마마20bb05aa,0.0,128.8300274,35.33440684,0.0,0.0,0.0,0.0,0.0,0.0,-0.0,-0.0,0.0,1250
마마20ba07bb,0.0,128.8276829,35.35922693,0.0,0.0,0.0,0.0,0.0,0.0,-0.0,-0.0,0.0,1250
마마20ba08aa,0.0,128.8277198,35.36148055,0.0,0.0,0.0,0.0,0.0,0.0,-0.0,-0.0,0.0,1250
마마20ba09ba,0.0,128.8279413,35.37500225,0.0,0.0,0.0,0.0,0.0,0.0,-0.0,-0.0,0.0,1250
마마20ba10aa,0.0,128.8280151,35.37950947,0.0,0.0,0.0,0.0,0.0,0.0,-0.0,-0.0,0.0,1250
마마20ba10ab,0.0,128.8280521,35.38176308,0.0,0.0,0.0,0.0,0.0,0.0,-0.0,-0.0,0.0,1250
마라14bb89ba,0.0,128.7618536,35.19538493,0.0,0.0,0.0,0.0,0.0,0.0,-0.0,-0.0,0.0,1250
마라14bb88bb,0.0,128.761749,35.18862371,0.0,0.0,0.0,0.0,0.0,0.0,-0.0,-0.0,0.0,1250
마라14bb89aa,0.0,128.7617839,35.19087745,0.0,0.0,0.0,0.0,0.0,0.0,-0.0,-0.0,0.0,1250
마라14bb89ab,0.0,128.7618187,35.19313119,0.0,0.0,0.0,0.0,0.0,0.0,-0.0,-0.0,0.0,1250
마마20bb05ab,0.0,128.8300644,35.33666046,0.0,0.0,0.0,0.0,0.0,0.0,-0.0,-0.0,0.0,1250
마마20bb05ba,0.0,128.8301013,35.33891409,0.0,0.0,0.0,0.0,0.0,0.0,-0.0,-0.0,0.0,1250
마마20bb05bb,0.0,128.8301383,35.34116771,0.0,0.0,0.0,0.0,0.0,0.0,-0.0,-0.0,0.0,1250
마마20bb06aa,0.0,128.8301752,35.34342134,0.0,0.0,0.0,0.0,0.0,0.0,-0.0,-0.0,0.0,1250
마마20bb06ab,0.0,128.8302121,35.34567496,0.0,0.0,0.0,0.0,0.0,0.0,-0.0,-0.0,0.0,1250
마마20bb06ba,0.0,128.8302491,35.34792858,0.0,0.0,0.0,0.0,0.0,0.0,-0.0,-0.0,0.0,1250
마마20bb06bb,0.0,128.830286,35.3501822,0.0,0.0,0.0,0.0,0.0,0.0,-0.0,-0.0,0.0,1250
마마20bb07aa,0.0,128.830323,35.35243582,0.0,0.0,0.0,0.0,0.0,0.0,-0.0,-0.0,0.0,1250
마마20bb07ab,0.0,128.83036,35.35468944,0.0,0.0,0.0,0.0,0.0,0.0,-0.0,-0.0,0.0,1250
마마20bb07ba,0.0,128.8303969,35.35694306,0.0,0.0,0.0,0.0,0.0,0.0,-0.0,-0.0,0.0,1250
마마20bb07bb,0.0,128.8304339,35.35919668,0.0,0.0,0.0,0.0,0.0,0.0,-0.0,-0.0,0.0,1250
마마20bb08aa,0.0,128.8304709,35.36145029,0.0,0.0,0.0,0.0,0.0,0.0,-0.0,-0.0,0.0,1250
마마20bb08ab,0.0,128.8305079,35.36370391,0.0,0.0,0.0,0.0,0.0,0.0,-0.0,-0.0,0.0,1250
마마20bb10aa,0.0,128.8307668,35.37947919,0.0,0.0,0.0,0.0,0.0,0.0,-0.0,-0.0,0.0,1250
마마20bb10ab,0.0,128.8308039,35.3817328,0.0,0.0,0.0,0.0,0.0,0.0,-0.0,-0.0,0.0,1250
마마20bb10ba,0.0,128.8308409,35.38398641,0.0,0.0,0.0,0.0,0.0,0.0,-0.0,-0.0,0.0,1250
마마21aa02ab,0.0,128.8323708,35.30958663,0.0,0.0,0.0,0.0,0.0,0.0,-0.0,-0.0,0.0,1250
마라14ba99aa,0.0,128.7604325,35.28105507,0.0,0.0,0.0,0.0,0.0,0.0,-0.0,-0.0,0.0,1250
마라14ba99ab,0.0,128.7604674,35.28330878,0.0,0.0,0.0,0.0,0.0,0.0,-0.0,-0.0,0.0,1250
마라14ba99ba,0.0,128.7605024,35.28556249,0.0,0.0,0.0,0.0,0.0,0.0,-0.0,-0.0,0.0,1250
마라14ba99bb,0.0,128.7605373,35.28781619,0.0,0.0,0.0,0.0,0.0,0.0,-0.0,-0.0,0.0,1250
마라14bb86ba,0.0,128.7614356,35.16834,0.0,0.0,0.0,0.0,0.0,0.0,-0.0,-0.0,0.0,1250
마라14bb86bb,0.0,128.7614704,35.17059375,0.0,0.0,0.0,0.0,0.0,0.0,-0.0,-0.0,0.0,1250
마라14bb87aa,0.0,128.7615052,35.1728475,0.0,0.0,0.0,0.0,0.0,0.0,-0.0,-0.0,0.0,1250
마라14bb87ab,0.0,128.76154,35.17510124,0.0,0.0,0.0,0.0,0.0,0.0,-0.0,-0.0,0.0,1250
마라14bb87ba,0.0,128.7615749,35.17735499,0.0,0.0,0.0,0.0,0.0,0.0,-0.0,-0.0,0.0,1250
마라14bb87bb,0.0,128.7616097,35.17960874,0.0,0.0,0.0,0.0,0.0,0.0,-0.0,-0.0,0.0,1250
마라14bb88ba,0.0,128.7617142,35.18636997,0.0,0.0,0.0,0.0,0.0,0.0,-0.0,-0.0,0.0,1250
마라14ba98ba,0.0,128.7603627,35.27654765,0.0,0.0,0.0,0.0,0.0,0.0,-0.0,-0.0,0.0,1250
마라14ba98bb,0.0,128.7603976,35.27880136,0.0,0.0,0.0,0.0,0.0,0.0,-0.0,-0.0,0.0,1250
마마21aa02ba,0.0,128.8324078,35.31184026,0.0,0.0,0.0,0.0,0.0,0.0,-0.0,-0.0,0.0,1250
마마21aa02bb,0.0,128.8324447,35.31409389,0.0,0.0,0.0,0.0,0.0,0.0,-0.0,-0.0,0.0,1250
마마21aa03aa,0.0,128.8324817,35.31634752,0.0,0.0,0.0,0.0,0.0,0.0,-0.0,-0.0,0.0,1250
마마21aa03ba,0.0,128.8325557,35.32085478,0.0,0.0,0.0,0.0,0.0,0.0,-0.0,-0.0,0.0,1250
마마21aa04ba,0.0,128.8327036,35.32986929,0.0,0.0,0.0,0.0,0.0,0.0,-0.0,-0.0,0.0,1250
마마21aa04bb,0.0,128.8327406,35.33212292,0.0,0.0,0.0,0.0,0.0,0.0,-0.0,-0.0,0.0,1250
마마21aa05aa,0.0,128.8327776,35.33437654,0.0,0.0,0.0,0.0,0.0,0.0,-0.0,-0.0,0.0,1250
마마21aa05ab,0.0,128.8328146,35.33663017,0.0,0.0,0.0,0.0,0.0,0.0,-0.0,-0.0,0.0,1250
마마21aa05ba,0.0,128.8328516,35.33888379,0.0,0.0,0.0,0.0,0.0,0.0,-0.0,-0.0,0.0,1250
마마21aa05bb,0.0,128.8328886,35.34113741,0.0,0.0,0.0,0.0,0.0,0.0,-0.0,-0.0,0.0,1250
마마21aa06aa,0.0,128.8329257,35.34339103,0.0,0.0,0.0,0.0,0.0,0.0,-0.0,-0.0,0.0,1250
마마21aa06ab,0.0,128.8329627,35.34564465,0.0,0.0,0.0,0.0,0.0,0.0,-0.0,-0.0,0.0,1250
마마20bb09ab,0.0,128.8306558,35.37271836,0.0,0.0,0.0,0.0,0.0,0.0,-0.0,-0.0,0.0,1250
마마20bb09ba,0.0,128.8306928,35.37497197,0.0,0.0,0.0,0.0,0.0,0.0,-0.0,-0.0,0.0,1250
마마21aa07bb,0.0,128.8331849,35.35916636,0.0,0.0,0.0,0.0,0.0,0.0,-0.0,-0.0,0.0,1250
마마21aa08aa,0.0,128.833222,35.36141997,0.0,0.0,0.0,0.0,0.0,0.0,-0.0,-0.0,0.0,1250
마마21aa08ab,0.0,128.833259,35.36367358,0.0,0.0,0.0,0.0,0.0,0.0,-0.0,-0.0,0.0,1250
마마21aa08ba,0.0,128.8332961,35.3659272,0.0,0.0,0.0,0.0,0.0,0.0,-0.0,-0.0,0.0,1250
마마21aa08bb,0.0,128.8333332,35.36818081,0.0,0.0,0.0,0.0,0.0,0.0,-0.0,-0.0,0.0,1250
마마21aa09ab,0.0,128.8334073,35.37268803,0.0,0.0,0.0,0.0,0.0,0.0,-0.0,-0.0,0.0,1250
마마21aa10ab,0.0,128.8335556,35.38170246,0.0,0.0,0.0,0.0,0.0,0.0,-0.0,-0.0,0.0,1250
마라14ba95ba,0.0,128.7599439,35.24950306,0.0,0.0,0.0,0.0,0.0,0.0,-0.0,-0.0,0.0,1250
마라14ba95bb,0.0,128.7599788,35.25175678,0.0,0.0,0.0,0.0,0.0,0.0,-0.0,-0.0,0.0,1250
마라14ba96aa,0.0,128.7600137,35.2540105,0.0,0.0,0.0,0.0,0.0,0.0,-0.0,-0.0,0.0,1250
마라14ba96ab,0.0,128.7600485,35.25626422,0.0,0.0,0.0,0.0,0.0,0.0,-0.0,-0.0,0.0,1250
마라14ba96ba,0.0,128.7600834,35.25851794,0.0,0.0,0.0,0.0,0.0,0.0,-0.0,-0.0,0.0,1250
마라14ba97aa,0.0,128.7601532,35.26302537,0.0,0.0,0.0,0.0,0.0,0.0,-0.0,-0.0,0.0,1250
마라14ba97ab,0.0,128.7601881,35.26527909,0.0,0.0,0.0,0.0,0.0,0.0,-0.0,-0.0,0.0,1250
마라14ba97bb,0.0,128.7602579,35.26978652,0.0,0.0,0.0,0.0,0.0,0.0,-0.0,-0.0,0.0,1250
마마21ab07ab,0.0,128.8358617,35.35462875,0.0,0.0,0.0,0.0,0.0,0.0,-0.0,-0.0,0.0,1250
마마21aa10ba,0.0,128.8335927,35.38395606,0.0,0.0,0.0,0.0,0.0,0.0,-0.0,-0.0,0.0,1250
마마21ab00ab,0.0,128.834824,35.29152722,0.0,0.0,0.0,0.0,0.0,0.0,-0.0,-0.0,0.0,1250
마마21ab00ba,0.0,128.834861,35.29378086,0.0,0.0,0.0,0.0,0.0,0.0,-0.0,-0.0,0.0,1250
마마21ab00bb,0.0,128.834898,35.2960345,0.0,0.0,0.0,0.0,0.0,0.0,-0.0,-0.0,0.0,1250
마마21ab01aa,0.0,128.834935,35.29828813,0.0,0.0,0.0,0.0,0.0,0.0,-0.0,-0.0,0.0,1250
마마21ab02aa,0.0,128.8350831,35.30730267,0.0,0.0,0.0,0.0,0.0,0.0,-0.0,-0.0,0.0,1250
마마21ab02ba,0.0,128.8351572,35.31180993,0.0,0.0,0.0,0.0,0.0,0.0,-0.0,-0.0,0.0,1250
마마21ab02bb,0.0,128.8351942,35.31406356,0.0,0.0,0.0,0.0,0.0,0.0,-0.0,-0.0,0.0,1250
마마21ab03aa,0.0,128.8352313,35.31631719,0.0,0.0,0.0,0.0,0.0,0.0,-0.0,-0.0,0.0,1250
마마21ab03ba,0.0,128.8353054,35.32082444,0.0,0.0,0.0,0.0,0.0,0.0,-0.0,-0.0,0.0,1250
마마21aa06ba,0.0,128.8329997,35.34789827,0.0,0.0,0.0,0.0,0.0,0.0,-0.0,-0.0,0.0,1250
마마21aa06bb,0.0,128.8330368,35.35015189,0.0,0.0,0.0,0.0,0.0,0.0,-0.0,-0.0,0.0,1250
마마21aa07aa,0.0,128.8330738,35.35240551,0.0,0.0,0.0,0.0,0.0,0.0,-0.0,-0.0,0.0,1250
마마21aa07ab,0.0,128.8331108,35.35465913,0.0,0.0,0.0,0.0,0.0,0.0,-0.0,-0.0,0.0,1250
마마21aa07ba,0.0,128.8331479,35.35691274,0.0,0.0,0.0,0.0,0.0,0.0,-0.0,-0.0,0.0,1250
마라14ba94ab,0.0,128.7597696,35.23823445,0.0,0.0,0.0,0.0,0.0,0.0,-0.0,-0.0,0.0,1250
마라14ba94ba,0.0,128.7598044,35.24048817,0.0,0.0,0.0,0.0,0.0,0.0,-0.0,-0.0,0.0,1250
마라14ba94bb,0.0,128.7598393,35.2427419,0.0,0.0,0.0,0.0,0.0,0.0,-0.0,-0.0,0.0,1250
마마21ab03bb,0.0,128.8353424,35.32307807,0.0,0.0,0.0,0.0,0.0,0.0,-0.0,-0.0,0.0,1250
마마21ab04ab,0.0,128.8354166,35.32758532,0.0,0.0,0.0,0.0,0.0,0.0,-0.0,-0.0,0.0,1250
마마21ab04ba,0.0,128.8354536,35.32983894,0.0,0.0,0.0,0.0,0.0,0.0,-0.0,-0.0,0.0,1250
마마21ab04bb,0.0,128.8354907,35.33209257,0.0,0.0,0.0,0.0,0.0,0.0,-0.0,-0.0,0.0,1250
마마21ab05aa,0.0,128.8355278,35.33434619,0.0,0.0,0.0,0.0,0.0,0.0,-0.0,-0.0,0.0,1250
마마21ab05ab,0.0,128.8355649,35.33659981,0.0,0.0,0.0,0.0,0.0,0.0,-0.0,-0.0,0.0,1250
마마21ab05ba,0.0,128.835602,35.33885343,0.0,0.0,0.0,0.0,0.0,0.0,-0.0,-0.0,0.0,1250
마마21ab05bb,0.0,128.835639,35.34110705,0.0,0.0,0.0,0.0,0.0,0.0,-0.0,-0.0,0.0,1250
마마21ab06aa,0.0,128.8356761,35.34336067,0.0,0.0,0.0,0.0,0.0,0.0,-0.0,-0.0,0.0,1250
마마21ab06ab,0.0,128.8357132,35.34561429,0.0,0.0,0.0,0.0,0.0,0.0,-0.0,-0.0,0.0,1250
마마21ab06ba,0.0,128.8357503,35.3478679,0.0,0.0,0.0,0.0,0.0,0.0,-0.0,-0.0,0.0,1250
마마21ab06bb,0.0,128.8357875,35.35012152,0.0,0.0,0.0,0.0,0.0,0.0,-0.0,-0.0,0.0,1250
마마21ab07aa,0.0,128.8358246,35.35237513,0.0,0.0,0.0,0.0,0.0,0.0,-0.0,-0.0,0.0,1250
마마21ab10ab,0.0,128.8363074,35.38167205,0.0,0.0,0.0,0.0,0.0,0.0,-0.0,-0.0,0.0,1250
마마21ab10ba,0.0,128.8363446,35.38392565,0.0,0.0,0.0,0.0,0.0,0.0,-0.0,-0.0,0.0,1250
마마21ab10bb,0.0,128.8363817,35.38617925,0.0,0.0,0.0,0.0,0.0,0.0,-0.0,-0.0,0.0,1250
마마21ba00aa,0.0,128.8375356,35.28924322,0.0,0.0,0.0,0.0,0.0,0.0,-0.0,-0.0,0.0,1250
마마21ba00ab,0.0,128.8375727,35.29149685,0.0,0.0,0.0,0.0,0.0,0.0,-0.0,-0.0,0.0,1250
마마21ba00ba,0.0,128.8376098,35.29375049,0.0,0.0,0.0,0.0,0.0,0.0,-0.0,-0.0,0.0,1250
마라14ba91aa,0.0,128.7593168,35.20893595,0.0,0.0,0.0,0.0,0.0,0.0,-0.0,-0.0,0.0,1250
마라14ba91ab,0.0,128.7593516,35.21118969,0.0,0.0,0.0,0.0,0.0,0.0,-0.0,-0.0,0.0,1250
마라14ba91ba,0.0,128.7593864,35.21344342,0.0,0.0,0.0,0.0,0.0,0.0,-0.0,-0.0,0.0,1250
마라14ba91bb,0.0,128.7594212,35.21569715,0.0,0.0,0.0,0.0,0.0,0.0,-0.0,-0.0,0.0,1250
마라14ba92aa,0.0,128.759456,35.21795089,0.0,0.0,0.0,0.0,0.0,0.0,-0.0,-0.0,0.0,1250
마라14ba92ab,0.0,128.7594909,35.22020462,0.0,0.0,0.0,0.0,0.0,0.0,-0.0,-0.0,0.0,1250
마라14ba93aa,0.0,128.7595954,35.22696581,0.0,0.0,0.0,0.0,0.0,0.0,-0.0,-0.0,0.0,1250
마라14ba93bb,0.0,128.7596999,35.233727,0.0,0.0,0.0,0.0,0.0,0.0,-0.0,-0.0,0.0,1250
마라14ba94aa,0.0,128.7597347,35.23598072,0.0,0.0,0.0,0.0,0.0,0.0,-0.0,-0.0,0.0,1250
마마21ba00bb,0.0,128.8376469,35.29600412,0.0,0.0,0.0,0.0,0.0,0.0,-0.0,-0.0,0.0,1250
마마21ba01aa,0.0,128.8376839,35.29825775,0.0,0.0,0.0,0.0,0.0,0.0,-0.0,-0.0,0.0,1250
마마21ba02aa,0.0,128.8378323,35.30727228,0.0,0.0,0.0,0.0,0.0,0.0,-0.0,-0.0,0.0,1250
마마21ba02ab,0.0,128.8378695,35.30952591,0.0,0.0,0.0,0.0,0.0,0.0,-0.0,-0.0,0.0,1250
마마21ba02ba,0.0,128.8379066,35.31177954,0.0,0.0,0.0,0.0,0.0,0.0,-0.0,-0.0,0.0,1250
마마21ba02bb,0.0,128.8379437,35.31403316,0.0,0.0,0.0,0.0,0.0,0.0,-0.0,-0.0,0.0,1250
마마21ba03ab,0.0,128.8380179,35.31854042,0.0,0.0,0.0,0.0,0.0,0.0,-0.0,-0.0,0.0,1250
마마21ba03ba,0.0,128.8380551,35.32079404,0.0,0.0,0.0,0.0,0.0,0.0,-0.0,-0.0,0.0,1250
마마21ba04aa,0.0,128.8381293,35.32530129,0.0,0.0,0.0,0.0,0.0,0.0,-0.0,-0.0,0.0,1250
마마21ba04ab,0.0,128.8381665,35.32755491,0.0,0.0,0.0,0.0,0.0,0.0,-0.0,-0.0,0.0,1250
마마21ba04ba,0.0,128.8382036,35.32980853,0.0,0.0,0.0,0.0,0.0,0.0,-0.0,-0.0,0.0,1250
마마21ab08ab,0.0,128.8360102,35.3636432,0.0,0.0,0.0,0.0,0.0,0.0,-0.0,-0.0,0.0,1250
마마21ab08ba,0.0,128.8360473,35.36589681,0.0,0.0,0.0,0.0,0.0,0.0,-0.0,-0.0,0.0,1250
마마21ab09aa,0.0,128.8361216,35.37040402,0.0,0.0,0.0,0.0,0.0,0.0,-0.0,-0.0,0.0,1250
마마21ab09ab,0.0,128.8361588,35.37265763,0.0,0.0,0.0,0.0,0.0,0.0,-0.0,-0.0,0.0,1250
마마21ab09bb,0.0,128.8362331,35.37716484,0.0,0.0,0.0,0.0,0.0,0.0,-0.0,-0.0,0.0,1250
마라14ba90aa,0.0,128.7591776,35.199921,0.0,0.0,0.0,0.0,0.0,0.0,-0.0,-0.0,0.0,1250
마라14ba90ab,0.0,128.7592124,35.20217474,0.0,0.0,0.0,0.0,0.0,0.0,-0.0,-0.0,0.0,1250
마라14ba90ba,0.0,128.7592472,35.20442847,0.0,0.0,0.0,0.0,0.0,0.0,-0.0,-0.0,0.0,1250
마라14ba90bb,0.0,128.759282,35.20668221,0.0,0.0,0.0,0.0,0.0,0.0,-0.0,-0.0,0.0,1250
마마21ba05aa,0.0,128.8382779,35.33431577,0.0,0.0,0.0,0.0,0.0,0.0,-0.0,-0.0,0.0,1250
마마21ba05ab,0.0,128.8383151,35.33656939,0.0,0.0,0.0,0.0,0.0,0.0,-0.0,-0.0,0.0,1250
마마21ba05ba,0.0,128.8383523,35.33882301,0.0,0.0,0.0,0.0,0.0,0.0,-0.0,-0.0,0.0,1250
마마21ba05bb,0.0,128.8383894,35.34107662,0.0,0.0,0.0,0.0,0.0,0.0,-0.0,-0.0,0.0,1250
마마21ba06aa,0.0,128.8384266,35.34333024,0.0,0.0,0.0,0.0,0.0,0.0,-0.0,-0.0,0.0,1250
마마21ba06ab,0.0,128.8384638,35.34558386,0.0,0.0,0.0,0.0,0.0,0.0,-0.0,-0.0,0.0,1250
마마21ba06ba,0.0,128.838501,35.34783747,0.0,0.0,0.0,0.0,0.0,0.0,-0.0,-0.0,0.0,1250
마마21ba06bb,0.0,128.8385381,35.35009108,0.0,0.0,0.0,0.0,0.0,0.0,-0.0,-0.0,0.0,1250
마마21ba07aa,0.0,128.8385753,35.3523447,0.0,0.0,0.0,0.0,0.0,0.0,-0.0,-0.0,0.0,1250
마마21ba07ab,0.0,128.8386125,35.35459831,0.0,0.0,0.0,0.0,0.0,0.0,-0.0,-0.0,0.0,1250
마마21ba08ba,0.0,128.8387986,35.36586635,0.0,0.0,0.0,0.0,0.0,0.0,-0.0,-0.0,0.0,1250
마마21ba10ab,0.0,128.8390592,35.38164158,0.0,0.0,0.0,0.0,0.0,0.0,-0.0,-0.0,0.0,1250
마마21ba10ba,0.0,128.8390964,35.38389518,0.0,0.0,0.0,0.0,0.0,0.0,-0.0,-0.0,0.0,1250
마마21bb00aa,0.0,128.8402842,35.28921279,0.0,0.0,0.0,0.0,0.0,0.0,-0.0,-0.0,0.0,1250
마마21bb00ab,0.0,128.8403214,35.29146642,0.0,0.0,0.0,0.0,0.0,0.0,-0.0,-0.0,0.0,1250
마마21bb00ba,0.0,128.8403586,35.29372005,0.0,0.0,0.0,0.0,0.0,0.0,-0.0,-0.0,0.0,1250
마마21bb00bb,0.0,128.8403957,35.29597368,0.0,0.0,0.0,0.0,0.0,0.0,-0.0,-0.0,0.0,1250
마라14ba87aa,0.0,128.7587604,35.17287605,0.0,0.0,0.0,0.0,0.0,0.0,-0.0,-0.0,0.0,1250
마라14ba87ab,0.0,128.7587952,35.1751298,0.0,0.0,0.0,0.0,0.0,0.0,-0.0,-0.0,0.0,1250
마라14ba87ba,0.0,128.7588299,35.17738355,0.0,0.0,0.0,0.0,0.0,0.0,-0.0,-0.0,0.0,1250
마라14ba88ba,0.0,128.758969,35.18639854,0.0,0.0,0.0,0.0,0.0,0.0,-0.0,-0.0,0.0,1250
마라14ba88bb,0.0,128.7590037,35.18865229,0.0,0.0,0.0,0.0,0.0,0.0,-0.0,-0.0,0.0,1250
마라14ba89aa,0.0,128.7590385,35.19090603,0.0,0.0,0.0,0.0,0.0,0.0,-0.0,-0.0,0.0,1250
마라14ba89ab,0.0,128.7590733,35.19315977,0.0,0.0,0.0,0.0,0.0,0.0,-0.0,-0.0,0.0,1250
마라14ba89ba,0.0,128.759108,35.19541352,0.0,0.0,0.0,0.0,0.0,0.0,-0.0,-0.0,0.0,1250
마라14ba89bb,0.0,128.7591428,35.19766726,0.0,0.0,0.0,0.0,0.0,0.0,-0.0,-0.0,0.0,1250
마마21bb09ab,0.0,128.8416617,35.37259665,0.0,0.0,0.0,0.0,0.0,0.0,-0.0,-0.0,0.0,1250
마마21bb02aa,0.0,128.8405816,35.30724183,0.0,0.0,0.0,0.0,0.0,0.0,-0.0,-0.0,0.0,1250
마마21bb02ab,0.0,128.8406188,35.30949546,0.0,0.0,0.0,0.0,0.0,0.0,-0.0,-0.0,0.0,1250
마마21bb02ba,0.0,128.840656,35.31174908,0.0,0.0,0.0,0.0,0.0,0.0,-0.0,-0.0,0.0,1250
마마21bb02bb,0.0,128.8406932,35.31400271,0.0,0.0,0.0,0.0,0.0,0.0,-0.0,-0.0,0.0,1250
마마21bb03aa,0.0,128.8407304,35.31625633,0.0,0.0,0.0,0.0,0.0,0.0,-0.0,-0.0,0.0,1250
마마21bb03ab,0.0,128.8407676,35.31850995,0.0,0.0,0.0,0.0,0.0,0.0,-0.0,-0.0,0.0,1250
마마21bb03ba,0.0,128.8408048,35.32076358,0.0,0.0,0.0,0.0,0.0,0.0,-0.0,-0.0,0.0,1250
마마21bb05ab,0.0,128.8410653,35.33653891,0.0,0.0,0.0,0.0,0.0,0.0,-0.0,-0.0,0.0,1250
마마21bb05ba,0.0,128.8411026,35.33879252,0.0,0.0,0.0,0.0,0.0,0.0,-0.0,-0.0,0.0,1250
마마21ba08bb,0.0,128.8388358,35.36811996,0.0,0.0,0.0,0.0,0.0,0.0,-0.0,-0.0,0.0,1250
마마21ba09aa,0.0,128.838873,35.37037356,0.0,0.0,0.0,0.0,0.0,0.0,-0.0,-0.0,0.0,1250
마마21ba09ab,0.0,128.8389102,35.37262717,0.0,0.0,0.0,0.0,0.0,0.0,-0.0,-0.0,0.0,1250
마마21ba09bb,0.0,128.8389847,35.37713438,0.0,0.0,0.0,0.0,0.0,0.0,-0.0,-0.0,0.0,1250
마라14ab99ba,0.0,128.7577538,35.2855911,0.0,0.0,0.0,0.0,0.0,0.0,-0.0,-0.0,0.0,1250
마라14ab99bb,0.0,128.7577886,35.28784481,0.0,0.0,0.0,0.0,0.0,0.0,-0.0,-0.0,0.0,1250
마라14ba86ba,0.0,128.758691,35.16836855,0.0,0.0,0.0,0.0,0.0,0.0,-0.0,-0.0,0.0,1250
마라14ba86bb,0.0,128.7587257,35.1706223,0.0,0.0,0.0,0.0,0.0,0.0,-0.0,-0.0,0.0,1250
마마21bb06aa,0.0,128.8411771,35.34329975,0.0,0.0,0.0,0.0,0.0,0.0,-0.0,-0.0,0.0,1250
마마21bb06ab,0.0,128.8412143,35.34555336,0.0,0.0,0.0,0.0,0.0,0.0,-0.0,-0.0,0.0,1250
마마21bb06ba,0.0,128.8412516,35.34780697,0.0,0.0,0.0,0.0,0.0,0.0,-0.0,-0.0,0.0,1250
마마21bb06bb,0.0,128.8412888,35.35006059,0.0,0.0,0.0,0.0,0.0,0.0,-0.0,-0.0,0.0,1250
마마21bb07aa,0.0,128.8413261,35.3523142,0.0,0.0,0.0,0.0,0.0,0.0,-0.0,-0.0,0.0,1250
마마21bb07ab,0.0,128.8413634,35.3545678,0.0,0.0,0.0,0.0,0.0,0.0,-0.0,-0.0,0.0,1250
마마21bb07bb,0.0,128.8414379,35.35907502,0.0,0.0,0.0,0.0,0.0,0.0,-0.0,-0.0,0.0,1250
마마21bb08ab,0.0,128.8415125,35.36358223,0.0,0.0,0.0,0.0,0.0,0.0,-0.0,-0.0,0.0,1250
마마21bb08ba,0.0,128.8415498,35.36583584,0.0,0.0,0.0,0.0,0.0,0.0,-0.0,-0.0,0.0,1250
마마21bb08bb,0.0,128.8415871,35.36808944,0.0,0.0,0.0,0.0,0.0,0.0,-0.0,-0.0,0.0,1250
마마21bb09aa,0.0,128.8416244,35.37034304,0.0,0.0,0.0,0.0,0.0,0.0,-0.0,-0.0,0.0,1250
마마21bb10ba,0.0,128.8418482,35.38386464,0.0,0.0,0.0,0.0,0.0,0.0,-0.0,-0.0,0.0,1250
마마21bb10bb,0.0,128.8418856,35.38611824,0.0,0.0,0.0,0.0,0.0,0.0,-0.0,-0.0,0.0,1250
마마21bb11aa,0.0,128.8419229,35.38837184,0.0,0.0,0.0,0.0,0.0,0.0,-0.0,-0.0,0.0,1250
마마22aa01bb,0.0,128.8432936,35.30495769,0.0,0.0,0.0,0.0,0.0,0.0,-0.0,-0.0,0.0,1250
마마22aa02aa,0.0,128.8433308,35.30721132,0.0,0.0,0.0,0.0,0.0,0.0,-0.0,-0.0,0.0,1250
마마22aa02ab,0.0,128.8433681,35.30946494,0.0,0.0,0.0,0.0,0.0,0.0,-0.0,-0.0,0.0,1250
마라14ab96ba,0.0,128.7573357,35.25854653,0.0,0.0,0.0,0.0,0.0,0.0,-0.0,-0.0,0.0,1250
마라14ab96bb,0.0,128.7573706,35.26080025,0.0,0.0,0.0,0.0,0.0,0.0,-0.0,-0.0,0.0,1250
마라14ab97ab,0.0,128.7574402,35.26530768,0.0,0.0,0.0,0.0,0.0,0.0,-0.0,-0.0,0.0,1250
마라14ab98ba,0.0,128.7576144,35.27657626,0.0,0.0,0.0,0.0,0.0,0.0,-0.0,-0.0,0.0,1250
마라14ab98bb,0.0,128.7576492,35.27882997,0.0,0.0,0.0,0.0,0.0,0.0,-0.0,-0.0,0.0,1250
마라14ab99aa,0.0,128.7576841,35.28108368,0.0,0.0,0.0,0.0,0.0,0.0,-0.0,-0.0,0.0,1250
마라14ab99ab,0.0,128.7577189,35.28333739,0.0,0.0,0.0,0.0,0.0,0.0,-0.0,-0.0,0.0,1250
마마22aa04ba,0.0,128.8437036,35.32974752,0.0,0.0,0.0,0.0,0.0,0.0,-0.0,-0.0,0.0,1250
마마22aa04bb,0.0,128.8437409,35.33200113,0.0,0.0,0.0,0.0,0.0,0.0,-0.0,-0.0,0.0,1250
마마22aa05ab,0.0,128.8438156,35.33650836,0.0,0.0,0.0,0.0,0.0,0.0,-0.0,-0.0,0.0,1250
마마22aa06aa,0.0,128.8439275,35.3432692,0.0,0.0,0.0,0.0,0.0,0.0,-0.0,-0.0,0.0,1250
마마22aa06ab,0.0,128.8439649,35.34552281,0.0,0.0,0.0,0.0,0.0,0.0,-0.0,-0.0,0.0,1250
마라14ab92ba,0.0,128.7567792,35.2224869,0.0,0.0,0.0,0.0,0.0,0.0,-0.0,-0.0,0.0,1250
마라14ab92bb,0.0,128.756814,35.22474063,0.0,0.0,0.0,0.0,0.0,0.0,-0.0,-0.0,0.0,1250
마라14ab93aa,0.0,128.7568487,35.22699437,0.0,0.0,0.0,0.0,0.0,0.0,-0.0,-0.0,0.0,1250
마라14ab93ab,0.0,128.7568835,35.2292481,0.0,0.0,0.0,0.0,0.0,0.0,-0.0,-0.0,0.0,1250
마라14ab93ba,0.0,128.7569183,35.23150183,0.0,0.0,0.0,0.0,0.0,0.0,-0.0,-0.0,0.0,1250
마라14ab94ab,0.0,128.7570226,35.23826301,0.0,0.0,0.0,0.0,0.0,0.0,-0.0,-0.0,0.0,1250
마라14ab94ba,0.0,128.7570574,35.24051674,0.0,0.0,0.0,0.0,0.0,0.0,-0.0,-0.0,0.0,1250
마라14ab94bb,0.0,128.7570921,35.24277047,0.0,0.0,0.0,0.0,0.0,0.0,-0.0,-0.0,0.0,1250
마라14ab96aa,0.0,128.7572661,35.25403909,0.0,0.0,0.0,0.0,0.0,0.0,-0.0,-0.0,0.0,1250
마라14ab96ab,0.0,128.7573009,35.25629281,0.0,0.0,0.0,0.0,0.0,0.0,-0.0,-0.0,0.0,1250
마마22ab03aa,0.0,128.8462294,35.31619522,0.0,0.0,0.0,0.0,0.0,0.0,-0.0,-0.0,0.0,1250
마마22aa06ba,0.0,128.8440022,35.34777642,0.0,0.0,0.0,0.0,0.0,0.0,-0.0,-0.0,0.0,1250
마마22aa06bb,0.0,128.8440395,35.35003003,0.0,0.0,0.0,0.0,0.0,0.0,-0.0,-0.0,0.0,1250
마마22aa07aa,0.0,128.8440769,35.35228363,0.0,0.0,0.0,0.0,0.0,0.0,-0.0,-0.0,0.0,1250
마마22aa08aa,0.0,128.8442263,35.36129805,0.0,0.0,0.0,0.0,0.0,0.0,-0.0,-0.0,0.0,1250
마마22aa08ab,0.0,128.8442636,35.36355166,0.0,0.0,0.0,0.0,0.0,0.0,-0.0,-0.0,0.0,1250
마마22aa08ba,0.0,128.844301,35.36580526,0.0,0.0,0.0,0.0,0.0,0.0,-0.0,-0.0,0.0,1250
마마22aa09aa,0.0,128.8443757,35.37031246,0.0,0.0,0.0,0.0,0.0,0.0,-0.0,-0.0,0.0,1250
마마22aa10ab,0.0,128.8445627,35.38158045,0.0,0.0,0.0,0.0,0.0,0.0,-0.0,-0.0,0.0,1250
마마22aa02ba,0.0,128.8434054,35.31171856,0.0,0.0,0.0,0.0,0.0,0.0,-0.0,-0.0,0.0,1250
마마22aa02bb,0.0,128.8434426,35.31397219,0.0,0.0,0.0,0.0,0.0,0.0,-0.0,-0.0,0.0,1250
마마22aa03aa,0.0,128.8434799,35.31622581,0.0,0.0,0.0,0.0,0.0,0.0,-0.0,-0.0,0.0,1250
마마22aa03ab,0.0,128.8435172,35.31847943,0.0,0.0,0.0,0.0,0.0,0.0,-0.0,-0.0,0.0,1250
마마22aa04aa,0.0,128.843629,35.32524029,0.0,0.0,0.0,0.0,0.0,0.0,-0.0,-0.0,0.0,1250
마마22aa04ab,0.0,128.8436663,35.3274939,0.0,0.0,0.0,0.0,0.0,0.0,-0.0,-0.0,0.0,1250
마라14ab90bb,0.0,128.7565361,35.20671074,0.0,0.0,0.0,0.0,0.0,0.0,-0.0,-0.0,0.0,1250
마라14ab91aa,0.0,128.7565708,35.20896448,0.0,0.0,0.0,0.0,0.0,0.0,-0.0,-0.0,0.0,1250
마라14ab91ab,0.0,128.7566055,35.21121822,0.0,0.0,0.0,0.0,0.0,0.0,-0.0,-0.0,0.0,1250
마라14ab91ba,0.0,128.7566403,35.21347196,0.0,0.0,0.0,0.0,0.0,0.0,-0.0,-0.0,0.0,1250
마라14ab91bb,0.0,128.756675,35.2157257,0.0,0.0,0.0,0.0,0.0,0.0,-0.0,-0.0,0.0,1250
마라14ab92aa,0.0,128.7567097,35.21797943,0.0,0.0,0.0,0.0,0.0,0.0,-0.0,-0.0,0.0,1250
마라14ab92ab,0.0,128.7567445,35.22023317,0.0,0.0,0.0,0.0,0.0,0.0,-0.0,-0.0,0.0,1250
마마22aa10ba,0.0,128.8446001,35.38383404,0.0,0.0,0.0,0.0,0.0,0.0,-0.0,-0.0,0.0,1250
마마22aa10bb,0.0,128.8446375,35.38608764,0.0,0.0,0.0,0.0,0.0,0.0,-0.0,-0.0,0.0,1250
마마22aa11aa,0.0,128.8446749,35.38834123,0.0,0.0,0.0,0.0,0.0,0.0,-0.0,-0.0,0.0,1250
마마22ab01ba,0.0,128.8460054,35.3026735,0.0,0.0,0.0,0.0,0.0,0.0,-0.0,-0.0,0.0,1250
마마22ab01bb,0.0,128.8460427,35.30492712,0.0,0.0,0.0,0.0,0.0,0.0,-0.0,-0.0,0.0,1250
마마22ab02aa,0.0,128.8460801,35.30718074,0.0,0.0,0.0,0.0,0.0,0.0,-0.0,-0.0,0.0,1250
마마22ab02ab,0.0,128.8461174,35.30943436,0.0,0.0,0.0,0.0,0.0,0.0,-0.0,-0.0,0.0,1250
마마22ab02ba,0.0,128.8461547,35.31168799,0.0,0.0,0.0,0.0,0.0,0.0,-0.0,-0.0,0.0,1250
마마22ab02bb,0.0,128.8461921,35.3139416,0.0,0.0,0.0,0.0,0.0,0.0,-0.0,-0.0,0.0,1250
마라14ab86bb,0.0,128.755981,35.1706508,0.0,0.0,0.0,0.0,0.0,0.0,-0.0,-0.0,0.0,1250
마라14ab87aa,0.0,128.7560156,35.17290455,0.0,0.0,0.0,0.0,0.0,0.0,-0.0,-0.0,0.0,1250
마라14ab87ab,0.0,128.7560503,35.1751583,0.0,0.0,0.0,0.0,0.0,0.0,-0.0,-0.0,0.0,1250
마라14ab87ba,0.0,128.756085,35.17741205,0.0,0.0,0.0,0.0,0.0,0.0,-0.0,-0.0,0.0,1250
마마22ab06ba,0.0,128.8467528,35.3477458,0.0,0.0,0.0,0.0,0.0,0.0,-0.0,-0.0,0.0,1250
마마22ab06bb,0.0,128.8467902,35.3499994,0.0,0.0,0.0,0.0,0.0,0.0,-0.0,-0.0,0.0,1250
마라14ab88ba,0.0,128.7562237,35.18642705,0.0,0.0,0.0,0.0,0.0,0.0,-0.0,-0.0,0.0,1250
마라14ab88bb,0.0,128.7562584,35.1886808,0.0,0.0,0.0,0.0,0.0,0.0,-0.0,-0.0,0.0,1250
마라14ab89aa,0.0,128.7562931,35.19093454,0.0,0.0,0.0,0.0,0.0,0.0,-0.0,-0.0,0.0,1250
마라14ab89ab,0.0,128.7563278,35.19318829,0.0,0.0,0.0,0.0,0.0,0.0,-0.0,-0.0,0.0,1250
마라14ab89ba,0.0,128.7563625,35.19544203,0.0,0.0,0.0,0.0,0.0,0.0,-0.0,-0.0,0.0,1250
마라14ab89bb,0.0,128.7563972,35.19769578,0.0,0.0,0.0,0.0,0.0,0.0,-0.0,-0.0,0.0,1250
마라14ab90aa,0.0,128.7564319,35.19994952,0.0,0.0,0.0,0.0,0.0,0.0,-0.0,-0.0,0.0,1250
마라14ab90ab,0.0,128.7564666,35.20220326,0.0,0.0,0.0,0.0,0.0,0.0,-0.0,-0.0,0.0,1250
마라14ab90ba,0.0,128.7565013,35.204457,0.0,0.0,0.0,0.0,0.0,0.0,-0.0,-0.0,0.0,1250
마마22ab10ab,0.0,128.8473144,35.38154979,0.0,0.0,0.0,0.0,0.0,0.0,-0.0,-0.0,0.0,1250
마마22ab10ba,0.0,128.8473519,35.38380338,0.0,0.0,0.0,0.0,0.0,0.0,-0.0,-0.0,0.0,1250
마마22ab10bb,0.0,128.8473894,35.38605697,0.0,0.0,0.0,0.0,0.0,0.0,-0.0,-0.0,0.0,1250
마마22ab11aa,0.0,128.8474269,35.38831057,0.0,0.0,0.0,0.0,0.0,0.0,-0.0,-0.0,0.0,1250
마라14aa96ab,0.0,128.7545533,35.25632133,0.0,0.0,0.0,0.0,0.0,0.0,-0.0,-0.0,0.0,1250
마라14aa96ba,0.0,128.7545881,35.25857505,0.0,0.0,0.0,0.0,0.0,0.0,-0.0,-0.0,0.0,1250
마라14aa96bb,0.0,128.7546228,35.26082877,0.0,0.0,0.0,0.0,0.0,0.0,-0.0,-0.0,0.0,1250
마라14aa97aa,0.0,128.7546575,35.26308249,0.0,0.0,0.0,0.0,0.0,0.0,-0.0,-0.0,0.0,1250
마라14aa98ba,0.0,128.7548661,35.2766048,0.0,0.0,0.0,0.0,0.0,0.0,-0.0,-0.0,0.0,1250
마라14aa98bb,0.0,128.7549008,35.27885851,0.0,0.0,0.0,0.0,0.0,0.0,-0.0,-0.0,0.0,1250
마라14aa99aa,0.0,128.7549356,35.28111223,0.0,0.0,0.0,0.0,0.0,0.0,-0.0,-0.0,0.0,1250
마라14aa99ab,0.0,128.7549704,35.28336594,0.0,0.0,0.0,0.0,0.0,0.0,-0.0,-0.0,0.0,1250
마라14aa99ba,0.0,128.7550052,35.28561965,0.0,0.0,0.0,0.0,0.0,0.0,-0.0,-0.0,0.0,1250
마라14ab86aa,0.0,128.755877,35.16388953,0.0,0.0,0.0,0.0,0.0,0.0,-0.0,-0.0,0.0,1250
마라14ab86ab,0.0,128.7559116,35.16614329,0.0,0.0,0.0,0.0,0.0,0.0,-0.0,-0.0,0.0,1250
마라14ab86ba,0.0,128.7559463,35.16839704,0.0,0.0,0.0,0.0,0.0,0.0,-0.0,-0.0,0.0,1250
마라14aa93aa,0.0,128.7541021,35.22702286,0.0,0.0,0.0,0.0,0.0,0.0,-0.0,-0.0,0.0,1250
마마22ab11ab,0.0,128.8474644,35.39056416,0.0,0.0,0.0,0.0,0.0,0.0,-0.0,-0.0,0.0,1250
마마22ba00bb,0.0,128.8486423,35.295882,0.0,0.0,0.0,0.0,0.0,0.0,-0.0,-0.0,0.0,1250
마마22ba01ab,0.0,128.8487171,35.30038924,0.0,0.0,0.0,0.0,0.0,0.0,-0.0,-0.0,0.0,1250
마마22ba01bb,0.0,128.8487919,35.30489649,0.0,0.0,0.0,0.0,0.0,0.0,-0.0,-0.0,0.0,1250
마마22ba02aa,0.0,128.8488293,35.30715011,0.0,0.0,0.0,0.0,0.0,0.0,-0.0,-0.0,0.0,1250
마마22ba02ab,0.0,128.8488667,35.30940372,0.0,0.0,0.0,0.0,0.0,0.0,-0.0,-0.0,0.0,1250
마마22ba02ba,0.0,128.8489041,35.31165734,0.0,0.0,0.0,0.0,0.0,0.0,-0.0,-0.0,0.0,1250
마마22ba02bb,0.0,128.8489415,35.31391096,0.0,0.0,0.0,0.0,0.0,0.0,-0.0,-0.0,0.0,1250
마마22ba03ab,0.0,128.8490164,35.31841819,0.0,0.0,0.0,0.0,0.0,0.0,-0.0,-0.0,0.0,1250
마마22ba03ba,0.0,128.8490538,35.32067181,0.0,0.0,0.0,0.0,0.0,0.0,-0.0,-0.0,0.0,1250
마마22ab08aa,0.0,128.8469773,35.36126742,0.0,0.0,0.0,0.0,0.0,0.0,-0.0,-0.0,0.0,1250
마마22ab08ab,0.0,128.8470148,35.36352102,0.0,0.0,0.0,0.0,0.0,0.0,-0.0,-0.0,0.0,1250
마라14aa89ab,0.0,128.7535823,35.19321674,0.0,0.0,0.0,0.0,0.0,0.0,-0.0,-0.0,0.0,1250
마라14aa89ba,0.0,128.7536169,35.19547049,0.0,0.0,0.0,0.0,0.0,0.0,-0.0,-0.0,0.0,1250
마라14aa89bb,0.0,128.7536516,35.19772424,0.0,0.0,0.0,0.0,0.0,0.0,-0.0,-0.0,0.0,1250
마라14aa90aa,0.0,128.7536862,35.19997798,0.0,0.0,0.0,0.0,0.0,0.0,-0.0,-0.0,0.0,1250
마라14aa90ab,0.0,128.7537208,35.20223173,0.0,0.0,0.0,0.0,0.0,0.0,-0.0,-0.0,0.0,1250
마마22ba06ab,0.0,128.8494659,35.34546151,0.0,0.0,0.0,0.0,0.0,0.0,-0.0,-0.0,0.0,1250
마라14aa90ba,0.0,128.7537555,35.20448547,0.0,0.0,0.0,0.0,0.0,0.0,-0.0,-0.0,0.0,1250
마라14aa90bb,0.0,128.7537901,35.20673921,0.0,0.0,0.0,0.0,0.0,0.0,-0.0,-0.0,0.0,1250
마라14aa91aa,0.0,128.7538248,35.20899295,0.0,0.0,0.0,0.0,0.0,0.0,-0.0,-0.0,0.0,1250
마라14aa91ab,0.0,128.7538594,35.2112467,0.0,0.0,0.0,0.0,0.0,0.0,-0.0,-0.0,0.0,1250
마라14aa91ba,0.0,128.7538941,35.21350044,0.0,0.0,0.0,0.0,0.0,0.0,-0.0,-0.0,0.0,1250
마라14aa91bb,0.0,128.7539287,35.21575417,0.0,0.0,0.0,0.0,0.0,0.0,-0.0,-0.0,0.0,1250
마라14aa92aa,0.0,128.7539634,35.21800791,0.0,0.0,0.0,0.0,0.0,0.0,-0.0,-0.0,0.0,1250
마라14aa92ab,0.0,128.7539981,35.22026165,0.0,0.0,0.0,0.0,0.0,0.0,-0.0,-0.0,0.0,1250
마라14aa92ba,0.0,128.7540328,35.22251539,0.0,0.0,0.0,0.0,0.0,0.0,-0.0,-0.0,0.0,1250
마라14aa92bb,0.0,128.7540674,35.22476912,0.0,0.0,0.0,0.0,0.0,0.0,-0.0,-0.0,0.0,1250
마마22ba10ab,0.0,128.8500662,35.38151907,0.0,0.0,0.0,0.0,0.0,0.0,-0.0,-0.0,0.0,1250
마마22ba10ba,0.0,128.8501037,35.38377266,0.0,0.0,0.0,0.0,0.0,0.0,-0.0,-0.0,0.0,1250
마마22ba11aa,0.0,128.8501789,35.38827984,0.0,0.0,0.0,0.0,0.0,0.0,-0.0,-0.0,0.0,1250
마마22ba11ab,0.0,128.8502164,35.39053342,0.0,0.0,0.0,0.0,0.0,0.0,-0.0,-0.0,0.0,1250
마마22ba11ba,0.0,128.850254,35.39278701,0.0,0.0,0.0,0.0,0.0,0.0,-0.0,-0.0,0.0,1250
마라14aa86ba,0.0,128.7532017,35.16842547,0.0,0.0,0.0,0.0,0.0,0.0,-0.0,-0.0,0.0,1250
마라14aa86bb,0.0,128.7532362,35.17067923,0.0,0.0,0.0,0.0,0.0,0.0,-0.0,-0.0,0.0,1250
마라14aa87aa,0.0,128.7532708,35.17293298,0.0,0.0,0.0,0.0,0.0,0.0,-0.0,-0.0,0.0,1250
마라14aa87ab,0.0,128.7533054,35.17518674,0.0,0.0,0.0,0.0,0.0,0.0,-0.0,-0.0,0.0,1250
마라14aa87ba,0.0,128.75334,35.17744049,0.0,0.0,0.0,0.0,0.0,0.0,-0.0,-0.0,0.0,1250
마라14aa87bb,0.0,128.7533746,35.17969425,0.0,0.0,0.0,0.0,0.0,0.0,-0.0,-0.0,0.0,1250
마라14aa88aa,0.0,128.7534092,35.181948,0.0,0.0,0.0,0.0,0.0,0.0,-0.0,-0.0,0.0,1250
마라14aa88ab,0.0,128.7534438,35.18420175,0.0,0.0,0.0,0.0,0.0,0.0,-0.0,-0.0,0.0,1250
마라14aa88ba,0.0,128.7534784,35.1864555,0.0,0.0,0.0,0.0,0.0,0.0,-0.0,-0.0,0.0,1250
마라14aa88bb,0.0,128.7535131,35.18870925,0.0,0.0,0.0,0.0,0.0,0.0,-0.0,-0.0,0.0,1250
마라14aa89aa,0.0,128.7535477,35.190963,0.0,0.0,0.0,0.0,0.0,0.0,-0.0,-0.0,0.0,1250
마마22bb01ba,0.0,128.8515035,35.30261217,0.0,0.0,0.0,0.0,0.0,0.0,-0.0,-0.0,0.0,1250
마마22bb01bb,0.0,128.851541,35.30486579,0.0,0.0,0.0,0.0,0.0,0.0,-0.0,-0.0,0.0,1250
마마22bb02aa,0.0,128.8515785,35.30711941,0.0,0.0,0.0,0.0,0.0,0.0,-0.0,-0.0,0.0,1250
마마22bb02ab,0.0,128.851616,35.30937302,0.0,0.0,0.0,0.0,0.0,0.0,-0.0,-0.0,0.0,1250
마마22bb02ba,0.0,128.8516535,35.31162664,0.0,0.0,0.0,0.0,0.0,0.0,-0.0,-0.0,0.0,1250
마라13bb96ab,0.0,128.7518057,35.25634979,0.0,0.0,0.0,0.0,0.0,0.0,-0.0,-0.0,0.0,1250
마라13bb96ba,0.0,128.7518404,35.25860351,0.0,0.0,0.0,0.0,0.0,0.0,-0.0,-0.0,0.0,1250
마라13bb96bb,0.0,128.751875,35.26085723,0.0,0.0,0.0,0.0,0.0,0.0,-0.0,-0.0,0.0,1250
마라13bb98ba,0.0,128.7521178,35.27663328,0.0,0.0,0.0,0.0,0.0,0.0,-0.0,-0.0,0.0,1250
마라13bb98bb,0.0,128.7521525,35.278887,0.0,0.0,0.0,0.0,0.0,0.0,-0.0,-0.0,0.0,1250
마라13bb99aa,0.0,128.7521872,35.28114071,0.0,0.0,0.0,0.0,0.0,0.0,-0.0,-0.0,0.0,1250
마라13bb99ab,0.0,128.7522219,35.28339443,0.0,0.0,0.0,0.0,0.0,0.0,-0.0,-0.0,0.0,1250
마라13bb99ba,0.0,128.7522566,35.28564814,0.0,0.0,0.0,0.0,0.0,0.0,-0.0,-0.0,0.0,1250
마라14aa86ab,0.0,128.7531671,35.16617171,0.0,0.0,0.0,0.0,0.0,0.0,-0.0,-0.0,0.0,1250
마마22ba09ba,0.0,128.8499536,35.37475829,0.0,0.0,0.0,0.0,0.0,0.0,-0.0,-0.0,0.0,1250
마마22bb05ab,0.0,128.8520662,35.33641635,0.0,0.0,0.0,0.0,0.0,0.0,-0.0,-0.0,0.0,1250
마마22bb05ba,0.0,128.8521038,35.33866996,0.0,0.0,0.0,0.0,0.0,0.0,-0.0,-0.0,0.0,1250
마라13bb92ab,0.0,128.7512517,35.22029007,0.0,0.0,0.0,0.0,0.0,0.0,-0.0,-0.0,0.0,1250
마라13bb92ba,0.0,128.7512863,35.22254381,0.0,0.0,0.0,0.0,0.0,0.0,-0.0,-0.0,0.0,1250
마라13bb92bb,0.0,128.7513209,35.22479755,0.0,0.0,0.0,0.0,0.0,0.0,-0.0,-0.0,0.0,1250
마마22bb00aa,0.0,128.8512787,35.28909044,0.0,0.0,0.0,0.0,0.0,0.0,-0.0,-0.0,0.0,1250
마마22bb00ab,0.0,128.8513162,35.29134407,0.0,0.0,0.0,0.0,0.0,0.0,-0.0,-0.0,0.0,1250
마마22bb00ba,0.0,128.8513537,35.29359769,0.0,0.0,0.0,0.0,0.0,0.0,-0.0,-0.0,0.0,1250
마마22bb00bb,0.0,128.8513911,35.29585131,0.0,0.0,0.0,0.0,0.0,0.0,-0.0,-0.0,0.0,1250
마마22bb01aa,0.0,128.8514286,35.29810493,0.0,0.0,0.0,0.0,0.0,0.0,-0.0,-0.0,0.0,1250
마마22bb01ab,0.0,128.8514661,35.30035855,0.0,0.0,0.0,0.0,0.0,0.0,-0.0,-0.0,0.0,1250
마라13bb91ab,0.0,128.7511133,35.21127511,0.0,0.0,0.0,0.0,0.0,0.0,-0.0,-0.0,0.0,1250
마라13bb91ba,0.0,128.7511479,35.21352885,0.0,0.0,0.0,0.0,0.0,0.0,-0.0,-0.0,0.0,1250
마라13bb91bb,0.0,128.7511825,35.21578259,0.0,0.0,0.0,0.0,0.0,0.0,-0.0,-0.0,0.0,1250
마라13bb92aa,0.0,128.7512171,35.21803633,0.0,0.0,0.0,0.0,0.0,0.0,-0.0,-0.0,0.0,1250
마마22bb09aa,0.0,128.8526298,35.37022033,0.0,0.0,0.0,0.0,0.0,0.0,-0.0,-0.0,0.0,1250
마마22bb09ab,0.0,128.8526675,35.37247393,0.0,0.0,0.0,0.0,0.0,0.0,-0.0,-0.0,0.0,1250
마마22bb09ba,0.0,128.8527051,35.37472752,0.0,0.0,0.0,0.0,0.0,0.0,-0.0,-0.0,0.0,1250
마마22bb10aa,0.0,128.8527803,35.3792347,0.0,0.0,0.0,0.0,0.0,0.0,-0.0,-0.0,0.0,1250
마마22bb10ab,0.0,128.8528179,35.38148829,0.0,0.0,0.0,0.0,0.0,0.0,-0.0,-0.0,0.0,1250
마마22bb11aa,0.0,128.8529308,35.38824905,0.0,0.0,0.0,0.0,0.0,0.0,-0.0,-0.0,0.0,1250
마마22bb11ab,0.0,128.8529685,35.39050263,0.0,0.0,0.0,0.0,0.0,0.0,-0.0,-0.0,0.0,1250
마마22bb11ba,0.0,128.8530061,35.39275621,0.0,0.0,0.0,0.0,0.0,0.0,-0.0,-0.0,0.0,1250
마마23aa00aa,0.0,128.8540273,35.2890597,0.0,0.0,0.0,0.0,0.0,0.0,-0.0,-0.0,0.0,1250
마마22bb04ba,0.0,128.8519536,35.32965553,0.0,0.0,0.0,0.0,0.0,0.0,-0.0,-0.0,0.0,1250
마마22bb04bb,0.0,128.8519911,35.33190914,0.0,0.0,0.0,0.0,0.0,0.0,-0.0,-0.0,0.0,1250
마마22bb05aa,0.0,128.8520287,35.33416275,0.0,0.0,0.0,0.0,0.0,0.0,-0.0,-0.0,0.0,1250
마마23aa01bb,0.0,128.8542902,35.30483503,0.0,0.0,0.0,0.0,0.0,0.0,-0.0,-0.0,0.0,1250
마마23aa02aa,0.0,128.8543277,35.30708864,0.0,0.0,0.0,0.0,0.0,0.0,-0.0,-0.0,0.0,1250
마마23aa02ab,0.0,128.8543653,35.30934226,0.0,0.0,0.0,0.0,0.0,0.0,-0.0,-0.0,0.0,1250
마마23aa03aa,0.0,128.854478,35.31610309,0.0,0.0,0.0,0.0,0.0,0.0,-0.0,-0.0,0.0,1250
마라13bb88ab,0.0,128.7506986,35.18423013,0.0,0.0,0.0,0.0,0.0,0.0,-0.0,-0.0,0.0,1250
마라13bb88ba,0.0,128.7507332,35.18648388,0.0,0.0,0.0,0.0,0.0,0.0,-0.0,-0.0,0.0,1250
마라13bb88bb,0.0,128.7507677,35.18873764,0.0,0.0,0.0,0.0,0.0,0.0,-0.0,-0.0,0.0,1250
마라13bb89aa,0.0,128.7508023,35.19099139,0.0,0.0,0.0,0.0,0.0,0.0,-0.0,-0.0,0.0,1250
마라13bb89ab,0.0,128.7508368,35.19324514,0.0,0.0,0.0,0.0,0.0,0.0,-0.0,-0.0,0.0,1250
마라13bb89ba,0.0,128.7508714,35.19549889,0.0,0.0,0.0,0.0,0.0,0.0,-0.0,-0.0,0.0,1250
마라13bb89bb,0.0,128.7509059,35.19775264,0.0,0.0,0.0,0.0,0.0,0.0,-0.0,-0.0,0.0,1250
마라13bb90aa,0.0,128.7509405,35.20000638,0.0,0.0,0.0,0.0,0.0,0.0,-0.0,-0.0,0.0,1250
마라13bb90ab,0.0,128.750975,35.20226013,0.0,0.0,0.0,0.0,0.0,0.0,-0.0,-0.0,0.0,1250
마라13bb90ba,0.0,128.7510096,35.20451387,0.0,0.0,0.0,0.0,0.0,0.0,-0.0,-0.0,0.0,1250
마라13bb90bb,0.0,128.7510442,35.20676762,0.0,0.0,0.0,0.0,0.0,0.0,-0.0,-0.0,0.0,1250
마라13bb91aa,0.0,128.7510787,35.20902136,0.0,0.0,0.0,0.0,0.0,0.0,-0.0,-0.0,0.0,1250
마마23aa04ab,0.0,128.854666,35.32737114,0.0,0.0,0.0,0.0,0.0,0.0,-0.0,-0.0,0.0,1250
마마23aa04ba,0.0,128.8547036,35.32962474,0.0,0.0,0.0,0.0,0.0,0.0,-0.0,-0.0,0.0,1250
마마23aa04bb,0.0,128.8547412,35.33187835,0.0,0.0,0.0,0.0,0.0,0.0,-0.0,-0.0,0.0,1250
마마23aa05ab,0.0,128.8548164,35.33638556,0.0,0.0,0.0,0.0,0.0,0.0,-0.0,-0.0,0.0,1250
마마23aa05ba,0.0,128.8548541,35.33863916,0.0,0.0,0.0,0.0,0.0,0.0,-0.0,-0.0,0.0,1250
마마23aa06bb,0.0,128.8550422,35.34990716,0.0,0.0,0.0,0.0,0.0,0.0,-0.0,-0.0,0.0,1250
마마23aa07ab,0.0,128.8551175,35.35441435,0.0,0.0,0.0,0.0,0.0,0.0,-0.0,-0.0,0.0,1250
마마23aa07bb,0.0,128.8551928,35.35892154,0.0,0.0,0.0,0.0,0.0,0.0,-0.0,-0.0,0.0,1250
마마23aa08aa,0.0,128.8552305,35.36117513,0.0,0.0,0.0,0.0,0.0,0.0,-0.0,-0.0,0.0,1250
마마23aa00ab,0.0,128.8540649,35.29131332,0.0,0.0,0.0,0.0,0.0,0.0,-0.0,-0.0,0.0,1250
마마23aa00ba,0.0,128.8541024,35.29356694,0.0,0.0,0.0,0.0,0.0,0.0,-0.0,-0.0,0.0,1250
마마23aa00bb,0.0,128.85414,35.29582056,0.0,0.0,0.0,0.0,0.0,0.0,-0.0,-0.0,0.0,1250
마마23aa01aa,0.0,128.8541775,35.29807418,0.0,0.0,0.0,0.0,0.0,0.0,-0.0,-0.0,0.0,1250
마마23aa01ab,0.0,128.8542151,35.3003278,0.0,0.0,0.0,0.0,0.0,0.0,-0.0,-0.0,0.0,1250
마마23aa01ba,0.0,128.8542526,35.30258141,0.0,0.0,0.0,0.0,0.0,0.0,-0.0,-0.0,0.0,1250
마마23ab03aa,0.0,128.8572276,35.31607226,0.0,0.0,0.0,0.0,0.0,0.0,-0.0,-0.0,0.0,1250
마마23ab04aa,0.0,128.8573782,35.32508668,0.0,0.0,0.0,0.0,0.0,0.0,-0.0,-0.0,0.0,1250
마마23aa08bb,0.0,128.8553435,35.36793591,0.0,0.0,0.0,0.0,0.0,0.0,-0.0,-0.0,0.0,1250
마마23aa09aa,0.0,128.8553812,35.3701895,0.0,0.0,0.0,0.0,0.0,0.0,-0.0,-0.0,0.0,1250
마마23aa09ab,0.0,128.8554189,35.37244309,0.0,0.0,0.0,0.0,0.0,0.0,-0.0,-0.0,0.0,1250
마마23aa09ba,0.0,128.8554566,35.37469668,0.0,0.0,0.0,0.0,0.0,0.0,-0.0,-0.0,0.0,1250
마마23aa09bb,0.0,128.8554943,35.37695027,0.0,0.0,0.0,0.0,0.0,0.0,-0.0,-0.0,0.0,1250
마마23aa10aa,0.0,128.855532,35.37920385,0.0,0.0,0.0,0.0,0.0,0.0,-0.0,-0.0,0.0,1250
마마23aa10ab,0.0,128.8555697,35.38145744,0.0,0.0,0.0,0.0,0.0,0.0,-0.0,-0.0,0.0,1250
마마23aa10ba,0.0,128.8556074,35.38371102,0.0,0.0,0.0,0.0,0.0,0.0,-0.0,-0.0,0.0,1250
마마23aa10bb,0.0,128.8556451,35.38596461,0.0,0.0,0.0,0.0,0.0,0.0,-0.0,-0.0,0.0,1250
마마23aa11aa,0.0,128.8556828,35.38821819,0.0,0.0,0.0,0.0,0.0,0.0,-0.0,-0.0,0.0,1250
마마23aa11ab,0.0,128.8557205,35.39047177,0.0,0.0,0.0,0.0,0.0,0.0,-0.0,-0.0,0.0,1250
마마23aa11ba,0.0,128.8557582,35.39272535,0.0,0.0,0.0,0.0,0.0,0.0,-0.0,-0.0,0.0,1250
마마23aa11bb,0.0,128.855796,35.39497894,0.0,0.0,0.0,0.0,0.0,0.0,-0.0,-0.0,0.0,1250
마마23ab00aa,0.0,128.856776,35.2890289,0.0,0.0,0.0,0.0,0.0,0.0,-0.0,-0.0,0.0,1250
마라13bb87aa,0.0,128.750526,35.17296136,0.0,0.0,0.0,0.0,0.0,0.0,-0.0,-0.0,0.0,1250
마라13bb87ab,0.0,128.7505605,35.17521511,0.0,0.0,0.0,0.0,0.0,0.0,-0.0,-0.0,0.0,1250
마라13bb87ba,0.0,128.7505951,35.17746887,0.0,0.0,0.0,0.0,0.0,0.0,-0.0,-0.0,0.0,1250
마라13bb87bb,0.0,128.7506296,35.17972262,0.0,0.0,0.0,0.0,0.0,0.0,-0.0,-0.0,0.0,1250
마라13bb88aa,0.0,128.7506641,35.18197638,0.0,0.0,0.0,0.0,0.0,0.0,-0.0,-0.0,0.0,1250
마마23ab00ab,0.0,128.8568136,35.29128251,0.0,0.0,0.0,0.0,0.0,0.0,-0.0,-0.0,0.0,1250
마마23ab00ba,0.0,128.8568512,35.29353613,0.0,0.0,0.0,0.0,0.0,0.0,-0.0,-0.0,0.0,1250
마마23ab00bb,0.0,128.8568888,35.29578975,0.0,0.0,0.0,0.0,0.0,0.0,-0.0,-0.0,0.0,1250
마마23ab01aa,0.0,128.8569264,35.29804336,0.0,0.0,0.0,0.0,0.0,0.0,-0.0,-0.0,0.0,1250
마마23ab01ab,0.0,128.856964,35.30029698,0.0,0.0,0.0,0.0,0.0,0.0,-0.0,-0.0,0.0,1250
마마23ab01ba,0.0,128.8570017,35.30255059,0.0,0.0,0.0,0.0,0.0,0.0,-0.0,-0.0,0.0,1250
마마23ab01bb,0.0,128.8570393,35.30480421,0.0,0.0,0.0,0.0,0.0,0.0,-0.0,-0.0,0.0,1250
마마23ab02aa,0.0,128.857077,35.30705782,0.0,0.0,0.0,0.0,0.0,0.0,-0.0,-0.0,0.0,1250
마마23ab02ab,0.0,128.8571146,35.30931143,0.0,0.0,0.0,0.0,0.0,0.0,-0.0,-0.0,0.0,1250
마마23ab02ba,0.0,128.8571522,35.31156504,0.0,0.0,0.0,0.0,0.0,0.0,-0.0,-0.0,0.0,1250
마마23ab02bb,0.0,128.8571899,35.31381865,0.0,0.0,0.0,0.0,0.0,0.0,-0.0,-0.0,0.0,1250
마마23ab06ab,0.0,128.8577175,35.34536909,0.0,0.0,0.0,0.0,0.0,0.0,-0.0,-0.0,0.0,1250
마마23ab06ba,0.0,128.8577552,35.34762269,0.0,0.0,0.0,0.0,0.0,0.0,-0.0,-0.0,0.0,1250
마마23ab06bb,0.0,128.8577929,35.34987628,0.0,0.0,0.0,0.0,0.0,0.0,-0.0,-0.0,0.0,1250
마마23ab07aa,0.0,128.8578306,35.35212988,0.0,0.0,0.0,0.0,0.0,0.0,-0.0,-0.0,0.0,1250
마마23ab07ab,0.0,128.8578684,35.35438347,0.0,0.0,0.0,0.0,0.0,0.0,-0.0,-0.0,0.0,1250
마마23ab07ba,0.0,128.8579061,35.35663707,0.0,0.0,0.0,0.0,0.0,0.0,-0.0,-0.0,0.0,1250
마마23ab07bb,0.0,128.8579438,35.35889066,0.0,0.0,0.0,0.0,0.0,0.0,-0.0,-0.0,0.0,1250
마마23ab08aa,0.0,128.8579816,35.36114425,0.0,0.0,0.0,0.0,0.0,0.0,-0.0,-0.0,0.0,1250
마라13ba98ba,0.0,128.7493695,35.2766617,0.0,0.0,0.0,0.0,0.0,0.0,-0.0,-0.0,0.0,1250
마라13ba98bb,0.0,128.7494041,35.27891542,0.0,0.0,0.0,0.0,0.0,0.0,-0.0,-0.0,0.0,1250
마라13ba99aa,0.0,128.7494387,35.28116913,0.0,0.0,0.0,0.0,0.0,0.0,-0.0,-0.0,0.0,1250
마라13ba99ab,0.0,128.7494733,35.28342285,0.0,0.0,0.0,0.0,0.0,0.0,-0.0,-0.0,0.0,1250
마라13ba99ba,0.0,128.749508,35.28567657,0.0,0.0,0.0,0.0,0.0,0.0,-0.0,-0.0,0.0,1250
마라13bb86ab,0.0,128.7504225,35.16620008,0.0,0.0,0.0,0.0,0.0,0.0,-0.0,-0.0,0.0,1250
마라13bb86ba,0.0,128.750457,35.16845384,0.0,0.0,0.0,0.0,0.0,0.0,-0.0,-0.0,0.0,1250
마라13bb86bb,0.0,128.7504915,35.1707076,0.0,0.0,0.0,0.0,0.0,0.0,-0.0,-0.0,0.0,1250
마마23ab09bb,0.0,128.8582459,35.37691936,0.0,0.0,0.0,0.0,0.0,0.0,-0.0,-0.0,0.0,1250
마마23ab10aa,0.0,128.8582836,35.37917295,0.0,0.0,0.0,0.0,0.0,0.0,-0.0,-0.0,0.0,1250
마마23ab10ab,0.0,128.8583214,35.38142653,0.0,0.0,0.0,0.0,0.0,0.0,-0.0,-0.0,0.0,1250
마마23ab10ba,0.0,128.8583592,35.38368011,0.0,0.0,0.0,0.0,0.0,0.0,-0.0,-0.0,0.0,1250
마마23ab10bb,0.0,128.858397,35.38593369,0.0,0.0,0.0,0.0,0.0,0.0,-0.0,-0.0,0.0,1250
마마23ab11aa,0.0,128.8584348,35.38818727,0.0,0.0,0.0,0.0,0.0,0.0,-0.0,-0.0,0.0,1250
마마23ab11ba,0.0,128.8585104,35.39269443,0.0,0.0,0.0,0.0,0.0,0.0,-0.0,-0.0,0.0,1250
마마23ab11bb,0.0,128.8585482,35.39494801,0.0,0.0,0.0,0.0,0.0,0.0,-0.0,-0.0,0.0,1250
마마23ba00aa,0.0,128.8595246,35.28899803,0.0,0.0,0.0,0.0,0.0,0.0,-0.0,-0.0,0.0,1250
마마23ab04ab,0.0,128.8574159,35.32734029,0.0,0.0,0.0,0.0,0.0,0.0,-0.0,-0.0,0.0,1250
마마23ab04ba,0.0,128.8574536,35.32959389,0.0,0.0,0.0,0.0,0.0,0.0,-0.0,-0.0,0.0,1250
마마23ab04bb,0.0,128.8574913,35.3318475,0.0,0.0,0.0,0.0,0.0,0.0,-0.0,-0.0,0.0,1250
마마23ab05ab,0.0,128.8575666,35.3363547,0.0,0.0,0.0,0.0,0.0,0.0,-0.0,-0.0,0.0,1250
마마23ab05ba,0.0,128.8576043,35.3386083,0.0,0.0,0.0,0.0,0.0,0.0,-0.0,-0.0,0.0,1250
마마23ab05bb,0.0,128.857642,35.3408619,0.0,0.0,0.0,0.0,0.0,0.0,-0.0,-0.0,0.0,1250
마마23ab06aa,0.0,128.8576798,35.34311549,0.0,0.0,0.0,0.0,0.0,0.0,-0.0,-0.0,0.0,1250
마마23ba01aa,0.0,128.8596753,35.29801249,0.0,0.0,0.0,0.0,0.0,0.0,-0.0,-0.0,0.0,1250
마마23ba01ab,0.0,128.859713,35.3002661,0.0,0.0,0.0,0.0,0.0,0.0,-0.0,-0.0,0.0,1250
마마23ba01ba,0.0,128.8597507,35.30251971,0.0,0.0,0.0,0.0,0.0,0.0,-0.0,-0.0,0.0,1250
마마23ba01bb,0.0,128.8597885,35.30477332,0.0,0.0,0.0,0.0,0.0,0.0,-0.0,-0.0,0.0,1250
마마23ba02aa,0.0,128.8598262,35.30702693,0.0,0.0,0.0,0.0,0.0,0.0,-0.0,-0.0,0.0,1250
마마23ba02ab,0.0,128.8598639,35.30928054,0.0,0.0,0.0,0.0,0.0,0.0,-0.0,-0.0,0.0,1250
마마23ba02ba,0.0,128.8599016,35.31153415,0.0,0.0,0.0,0.0,0.0,0.0,-0.0,-0.0,0.0,1250
마마23ba02bb,0.0,128.8599393,35.31378776,0.0,0.0,0.0,0.0,0.0,0.0,-0.0,-0.0,0.0,1250
마마23ba03aa,0.0,128.8599771,35.31604136,0.0,0.0,0.0,0.0,0.0,0.0,-0.0,-0.0,0.0,1250
마마23ba04aa,0.0,128.860128,35.32505578,0.0,0.0,0.0,0.0,0.0,0.0,-0.0,-0.0,0.0,1250
마마23ab08ba,0.0,128.8580571,35.36565143,0.0,0.0,0.0,0.0,0.0,0.0,-0.0,-0.0,0.0,1250
마마23ab08bb,0.0,128.8580948,35.36790502,0.0,0.0,0.0,0.0,0.0,0.0,-0.0,-0.0,0.0,1250
마마23ab09aa,0.0,128.8581326,35.3701586,0.0,0.0,0.0,0.0,0.0,0.0,-0.0,-0.0,0.0,1250
마마23ab09ab,0.0,128.8581703,35.37241219,0.0,0.0,0.0,0.0,0.0,0.0,-0.0,-0.0,0.0,1250
마마23ab09ba,0.0,128.8582081,35.37466578,0.0,0.0,0.0,0.0,0.0,0.0,-0.0,-0.0,0.0,1250
마마23ba05aa,0.0,128.8602791,35.33407018,0.0,0.0,0.0,0.0,0.0,0.0,-0.0,-0.0,0.0,1250
마마23ba05ab,0.0,128.8603169,35.33632378,0.0,0.0,0.0,0.0,0.0,0.0,-0.0,-0.0,0.0,1250
마마23ba05ba,0.0,128.8603546,35.33857737,0.0,0.0,0.0,0.0,0.0,0.0,-0.0,-0.0,0.0,1250
마마23ba05bb,0.0,128.8603924,35.34083097,0.0,0.0,0.0,0.0,0.0,0.0,-0.0,-0.0,0.0,1250
마마23ba06aa,0.0,128.8604302,35.34308457,0.0,0.0,0.0,0.0,0.0,0.0,-0.0,-0.0,0.0,1250
마마23ba06ab,0.0,128.860468,35.34533816,0.0,0.0,0.0,0.0,0.0,0.0,-0.0,-0.0,0.0,1250
마마23ba06ba,0.0,128.8605058,35.34759176,0.0,0.0,0.0,0.0,0.0,0.0,-0.0,-0.0,0.0,1250
마마23ba06bb,0.0,128.8605436,35.34984535,0.0,0.0,0.0,0.0,0.0,0.0,-0.0,-0.0,0.0,1250
마마23ba07aa,0.0,128.8605814,35.35209894,0.0,0.0,0.0,0.0,0.0,0.0,-0.0,-0.0,0.0,1250
마마23ba07ab,0.0,128.8606192,35.35435253,0.0,0.0,0.0,0.0,0.0,0.0,-0.0,-0.0,0.0,1250
마마23ba07ba,0.0,128.860657,35.35660612,0.0,0.0,0.0,0.0,0.0,0.0,-0.0,-0.0,0.0,1250
마마23ba07bb,0.0,128.8606948,35.35885971,0.0,0.0,0.0,0.0,0.0,0.0,-0.0,-0.0,0.0,1250
마마23ba08aa,0.0,128.8607326,35.3611133,0.0,0.0,0.0,0.0,0.0,0.0,-0.0,-0.0,0.0,1250
마마23ba00ab,0.0,128.8595622,35.29125165,0.0,0.0,0.0,0.0,0.0,0.0,-0.0,-0.0,0.0,1250
마마23ba00ba,0.0,128.8595999,35.29350526,0.0,0.0,0.0,0.0,0.0,0.0,-0.0,-0.0,0.0,1250
마마23ba00bb,0.0,128.8596376,35.29575887,0.0,0.0,0.0,0.0,0.0,0.0,-0.0,-0.0,0.0,1250
마마23ba10aa,0.0,128.8610353,35.37914198,0.0,0.0,0.0,0.0,0.0,0.0,-0.0,-0.0,0.0,1250
마마23ba10ab,0.0,128.8610731,35.38139556,0.0,0.0,0.0,0.0,0.0,0.0,-0.0,-0.0,0.0,1250
마마23ba10ba,0.0,128.861111,35.38364914,0.0,0.0,0.0,0.0,0.0,0.0,-0.0,-0.0,0.0,1250
마마23ba10bb,0.0,128.8611489,35.38590272,0.0,0.0,0.0,0.0,0.0,0.0,-0.0,-0.0,0.0,1250
마마23ba11ab,0.0,128.8612246,35.39040987,0.0,0.0,0.0,0.0,0.0,0.0,-0.0,-0.0,0.0,1250
마마23ba11ba,0.0,128.8612625,35.39266345,0.0,0.0,0.0,0.0,0.0,0.0,-0.0,-0.0,0.0,1250
마마23ba11bb,0.0,128.8613004,35.39491702,0.0,0.0,0.0,0.0,0.0,0.0,-0.0,-0.0,0.0,1250
마마23bb00aa,0.0,128.8622732,35.2889671,0.0,0.0,0.0,0.0,0.0,0.0,-0.0,-0.0,0.0,1250
마라13ba94bb,0.0,128.7488507,35.2428558,0.0,0.0,0.0,0.0,0.0,0.0,-0.0,-0.0,0.0,1250
마라13ba95aa,0.0,128.7488852,35.24510953,0.0,0.0,0.0,0.0,0.0,0.0,-0.0,-0.0,0.0,1250
마마23ba04ab,0.0,128.8601658,35.32730938,0.0,0.0,0.0,0.0,0.0,0.0,-0.0,-0.0,0.0,1250
마마23ba04ba,0.0,128.8602036,35.32956298,0.0,0.0,0.0,0.0,0.0,0.0,-0.0,-0.0,0.0,1250
마마23ba04bb,0.0,128.8602413,35.33181658,0.0,0.0,0.0,0.0,0.0,0.0,-0.0,-0.0,0.0,1250
마마23bb01ab,0.0,128.862462,35.30023516,0.0,0.0,0.0,0.0,0.0,0.0,-0.0,-0.0,0.0,1250
마마23bb01ba,0.0,128.8624998,35.30248877,0.0,0.0,0.0,0.0,0.0,0.0,-0.0,-0.0,0.0,1250
마마23bb01bb,0.0,128.8625376,35.30474237,0.0,0.0,0.0,0.0,0.0,0.0,-0.0,-0.0,0.0,1250
마마23bb02aa,0.0,128.8625754,35.30699598,0.0,0.0,0.0,0.0,0.0,0.0,-0.0,-0.0,0.0,1250
마마23bb02ab,0.0,128.8626132,35.30924959,0.0,0.0,0.0,0.0,0.0,0.0,-0.0,-0.0,0.0,1250
마마23bb02ba,0.0,128.862651,35.31150319,0.0,0.0,0.0,0.0,0.0,0.0,-0.0,-0.0,0.0,1250
마마23bb02bb,0.0,128.8626888,35.3137568,0.0,0.0,0.0,0.0,0.0,0.0,-0.0,-0.0,0.0,1250
마마23bb03aa,0.0,128.8627266,35.3160104,0.0,0.0,0.0,0.0,0.0,0.0,-0.0,-0.0,0.0,1250
마마23bb04aa,0.0,128.8628779,35.32502481,0.0,0.0,0.0,0.0,0.0,0.0,-0.0,-0.0,0.0,1250
마마23ba08ab,0.0,128.8607704,35.36336689,0.0,0.0,0.0,0.0,0.0,0.0,-0.0,-0.0,0.0,1250
마마23ba08ba,0.0,128.8608082,35.36562047,0.0,0.0,0.0,0.0,0.0,0.0,-0.0,-0.0,0.0,1250
마마23ba08bb,0.0,128.8608461,35.36787406,0.0,0.0,0.0,0.0,0.0,0.0,-0.0,-0.0,0.0,1250
마마23ba09aa,0.0,128.8608839,35.37012765,0.0,0.0,0.0,0.0,0.0,0.0,-0.0,-0.0,0.0,1250
마마23ba09ab,0.0,128.8609217,35.37238123,0.0,0.0,0.0,0.0,0.0,0.0,-0.0,-0.0,0.0,1250
마마23ba09ba,0.0,128.8609596,35.37463481,0.0,0.0,0.0,0.0,0.0,0.0,-0.0,-0.0,0.0,1250
마마23ba09bb,0.0,128.8609974,35.3768884,0.0,0.0,0.0,0.0,0.0,0.0,-0.0,-0.0,0.0,1250
마마23bb05ab,0.0,128.8630671,35.33629279,0.0,0.0,0.0,0.0,0.0,0.0,-0.0,-0.0,0.0,1250
마마23bb05ba,0.0,128.8631049,35.33854639,0.0,0.0,0.0,0.0,0.0,0.0,-0.0,-0.0,0.0,1250
마마23bb05bb,0.0,128.8631428,35.34079998,0.0,0.0,0.0,0.0,0.0,0.0,-0.0,-0.0,0.0,1250
마마23bb06aa,0.0,128.8631806,35.34305358,0.0,0.0,0.0,0.0,0.0,0.0,-0.0,-0.0,0.0,1250
마마23bb06ab,0.0,128.8632185,35.34530717,0.0,0.0,0.0,0.0,0.0,0.0,-0.0,-0.0,0.0,1250
마마23bb06ba,0.0,128.8632563,35.34756076,0.0,0.0,0.0,0.0,0.0,0.0,-0.0,-0.0,0.0,1250
마마23bb06bb,0.0,128.8632942,35.34981435,0.0,0.0,0.0,0.0,0.0,0.0,-0.0,-0.0,0.0,1250
마마23bb07aa,0.0,128.8633321,35.35206794,0.0,0.0,0.0,0.0,0.0,0.0,-0.0,-0.0,0.0,1250
마마23bb07ab,0.0,128.86337,35.35432153,0.0,0.0,0.0,0.0,0.0,0.0,-0.0,-0.0,0.0,1250
마마23bb07ba,0.0,128.8634079,35.35657512,0.0,0.0,0.0,0.0,0.0,0.0,-0.0,-0.0,0.0,1250
마마23bb07bb,0.0,128.8634458,35.3588287,0.0,0.0,0.0,0.0,0.0,0.0,-0.0,-0.0,0.0,1250
마마23bb08aa,0.0,128.8634836,35.36108229,0.0,0.0,0.0,0.0,0.0,0.0,-0.0,-0.0,0.0,1250
마마23bb00ab,0.0,128.8623109,35.29122071,0.0,0.0,0.0,0.0,0.0,0.0,-0.0,-0.0,0.0,1250
마마23bb00ba,0.0,128.8623487,35.29347433,0.0,0.0,0.0,0.0,0.0,0.0,-0.0,-0.0,0.0,1250
마마23bb00bb,0.0,128.8623865,35.29572794,0.0,0.0,0.0,0.0,0.0,0.0,-0.0,-0.0,0.0,1250
마마23bb01aa,0.0,128.8624242,35.29798155,0.0,0.0,0.0,0.0,0.0,0.0,-0.0,-0.0,0.0,1250
마마23bb08bb,0.0,128.8635973,35.36784304,0.0,0.0,0.0,0.0,0.0,0.0,-0.0,-0.0,0.0,1250
마마23bb09aa,0.0,128.8636353,35.37009662,0.0,0.0,0.0,0.0,0.0,0.0,-0.0,-0.0,0.0,1250
마마23bb09ab,0.0,128.8636732,35.37235021,0.0,0.0,0.0,0.0,0.0,0.0,-0.0,-0.0,0.0,1250
마마23bb09ba,0.0,128.8637111,35.37460379,0.0,0.0,0.0,0.0,0.0,0.0,-0.0,-0.0,0.0,1250
마마23bb09bb,0.0,128.863749,35.37685737,0.0,0.0,0.0,0.0,0.0,0.0,-0.0,-0.0,0.0,1250
마마23bb10ab,0.0,128.8638249,35.38136452,0.0,0.0,0.0,0.0,0.0,0.0,-0.0,-0.0,0.0,1250
마마23bb11aa,0.0,128.8639387,35.38812525,0.0,0.0,0.0,0.0,0.0,0.0,-0.0,-0.0,0.0,1250
마마23bb11ab,0.0,128.8639766,35.39037883,0.0,0.0,0.0,0.0,0.0,0.0,-0.0,-0.0,0.0,1250
마마23bb11ba,0.0,128.8640146,35.3926324,0.0,0.0,0.0,0.0,0.0,0.0,-0.0,-0.0,0.0,1250
마마23bb11bb,0.0,128.8640525,35.39488597,0.0,0.0,0.0,0.0,0.0,0.0,-0.0,-0.0,0.0,1250
마마24aa00aa,0.0,128.8650218,35.28893611,0.0,0.0,0.0,0.0,0.0,0.0,-0.0,-0.0,0.0,1250
마마23bb04ab,0.0,128.8629157,35.32727841,0.0,0.0,0.0,0.0,0.0,0.0,-0.0,-0.0,0.0,1250
마마23bb04ba,0.0,128.8629535,35.329532,0.0,0.0,0.0,0.0,0.0,0.0,-0.0,-0.0,0.0,1250
마마23bb04bb,0.0,128.8629914,35.3317856,0.0,0.0,0.0,0.0,0.0,0.0,-0.0,-0.0,0.0,1250
마마23bb05aa,0.0,128.8630292,35.3340392,0.0,0.0,0.0,0.0,0.0,0.0,-0.0,-0.0,0.0,1250
마마24aa07ba,0.0,128.8661587,35.35654405,0.0,0.0,0.0,0.0,0.0,0.0,-0.0,-0.0,0.0,1250
마마24aa07bb,0.0,128.8661967,35.35879763,0.0,0.0,0.0,0.0,0.0,0.0,-0.0,-0.0,0.0,1250
마마24aa08aa,0.0,128.8662347,35.36105121,0.0,0.0,0.0,0.0,0.0,0.0,-0.0,-0.0,0.0,1250
마마24aa00ab,0.0,128.8650596,35.29118972,0.0,0.0,0.0,0.0,0.0,0.0,-0.0,-0.0,0.0,1250
마마24aa00ba,0.0,128.8650974,35.29344333,0.0,0.0,0.0,0.0,0.0,0.0,-0.0,-0.0,0.0,1250
마마24aa01aa,0.0,128.8651731,35.29795055,0.0,0.0,0.0,0.0,0.0,0.0,-0.0,-0.0,0.0,1250
마마24aa01ab,0.0,128.865211,35.30020415,0.0,0.0,0.0,0.0,0.0,0.0,-0.0,-0.0,0.0,1250
마마24aa01ba,0.0,128.8652488,35.30245776,0.0,0.0,0.0,0.0,0.0,0.0,-0.0,-0.0,0.0,1250
마마24aa01bb,0.0,128.8652867,35.30471137,0.0,0.0,0.0,0.0,0.0,0.0,-0.0,-0.0,0.0,1250
마마24aa02aa,0.0,128.8653246,35.30696497,0.0,0.0,0.0,0.0,0.0,0.0,-0.0,-0.0,0.0,1250
마마24aa02ab,0.0,128.8653625,35.30921857,0.0,0.0,0.0,0.0,0.0,0.0,-0.0,-0.0,0.0,1250
마마24aa02bb,0.0,128.8654382,35.31372578,0.0,0.0,0.0,0.0,0.0,0.0,-0.0,-0.0,0.0,1250
마마24aa03aa,0.0,128.8654761,35.31597938,0.0,0.0,0.0,0.0,0.0,0.0,-0.0,-0.0,0.0,1250
마마24aa04aa,0.0,128.8656277,35.32499377,0.0,0.0,0.0,0.0,0.0,0.0,-0.0,-0.0,0.0,1250
마마23bb08ab,0.0,128.8635215,35.36333587,0.0,0.0,0.0,0.0,0.0,0.0,-0.0,-0.0,0.0,1250
마마23bb08ba,0.0,128.8635594,35.36558946,0.0,0.0,0.0,0.0,0.0,0.0,-0.0,-0.0,0.0,1250
마마24aa11ab,0.0,128.8667287,35.39034772,0.0,0.0,0.0,0.0,0.0,0.0,-0.0,-0.0,0.0,1250
마마24aa11ba,0.0,128.8667667,35.39260129,0.0,0.0,0.0,0.0,0.0,0.0,-0.0,-0.0,0.0,1250
마마24aa11bb,0.0,128.8668047,35.39485486,0.0,0.0,0.0,0.0,0.0,0.0,-0.0,-0.0,0.0,1250
마마24aa04ab,0.0,128.8656656,35.32724737,0.0,0.0,0.0,0.0,0.0,0.0,-0.0,-0.0,0.0,1250
마마24aa04ba,0.0,128.8657035,35.32950097,0.0,0.0,0.0,0.0,0.0,0.0,-0.0,-0.0,0.0,1250
마마24aa04bb,0.0,128.8657414,35.33175456,0.0,0.0,0.0,0.0,0.0,0.0,-0.0,-0.0,0.0,1250
마마24aa05aa,0.0,128.8657793,35.33400816,0.0,0.0,0.0,0.0,0.0,0.0,-0.0,-0.0,0.0,1250
마마24aa05ab,0.0,128.8658172,35.33626175,0.0,0.0,0.0,0.0,0.0,0.0,-0.0,-0.0,0.0,1250
마마24aa05ba,0.0,128.8658552,35.33851534,0.0,0.0,0.0,0.0,0.0,0.0,-0.0,-0.0,0.0,1250
마마24aa05bb,0.0,128.8658931,35.34076893,0.0,0.0,0.0,0.0,0.0,0.0,-0.0,-0.0,0.0,1250
마마24aa06aa,0.0,128.865931,35.34302252,0.0,0.0,0.0,0.0,0.0,0.0,-0.0,-0.0,0.0,1250
마마24aa06ab,0.0,128.865969,35.34527611,0.0,0.0,0.0,0.0,0.0,0.0,-0.0,-0.0,0.0,1250
마마24aa06ba,0.0,128.8660069,35.3475297,0.0,0.0,0.0,0.0,0.0,0.0,-0.0,-0.0,0.0,1250
마마24aa06bb,0.0,128.8660449,35.34978329,0.0,0.0,0.0,0.0,0.0,0.0,-0.0,-0.0,0.0,1250
마마24aa07aa,0.0,128.8660828,35.35203688,0.0,0.0,0.0,0.0,0.0,0.0,-0.0,-0.0,0.0,1250
마마24aa07ab,0.0,128.8661208,35.35429046,0.0,0.0,0.0,0.0,0.0,0.0,-0.0,-0.0,0.0,1250
마라13ba92ab,0.0,128.7485053,35.22031843,0.0,0.0,0.0,0.0,0.0,0.0,-0.0,-0.0,0.0,1250
마라13ba92ba,0.0,128.7485398,35.22257217,0.0,0.0,0.0,0.0,0.0,0.0,-0.0,-0.0,0.0,1250
마라13ba92bb,0.0,128.7485743,35.22482591,0.0,0.0,0.0,0.0,0.0,0.0,-0.0,-0.0,0.0,1250
마라13ba93ab,0.0,128.7486434,35.22933339,0.0,0.0,0.0,0.0,0.0,0.0,-0.0,-0.0,0.0,1250
마라13ba93ba,0.0,128.7486779,35.23158713,0.0,0.0,0.0,0.0,0.0,0.0,-0.0,-0.0,0.0,1250
마라13ba93bb,0.0,128.7487125,35.23384086,0.0,0.0,0.0,0.0,0.0,0.0,-0.0,-0.0,0.0,1250
마마24aa08ab,0.0,128.8662727,35.3633048,0.0,0.0,0.0,0.0,0.0,0.0,-0.0,-0.0,0.0,1250
마마24aa08ba,0.0,128.8663106,35.36555838,0.0,0.0,0.0,0.0,0.0,0.0,-0.0,-0.0,0.0,1250
마마24aa08bb,0.0,128.8663486,35.36781196,0.0,0.0,0.0,0.0,0.0,0.0,-0.0,-0.0,0.0,1250
마마24aa09aa,0.0,128.8663866,35.37006554,0.0,0.0,0.0,0.0,0.0,0.0,-0.0,-0.0,0.0,1250
마마24aa09ab,0.0,128.8664246,35.37231912,0.0,0.0,0.0,0.0,0.0,0.0,-0.0,-0.0,0.0,1250
마마24aa09ba,0.0,128.8664626,35.3745727,0.0,0.0,0.0,0.0,0.0,0.0,-0.0,-0.0,0.0,1250
마마24aa09bb,0.0,128.8665006,35.37682627,0.0,0.0,0.0,0.0,0.0,0.0,-0.0,-0.0,0.0,1250
마마24aa10aa,0.0,128.8665386,35.37907985,0.0,0.0,0.0,0.0,0.0,0.0,-0.0,-0.0,0.0,1250
마마24aa10ab,0.0,128.8665766,35.38133343,0.0,0.0,0.0,0.0,0.0,0.0,-0.0,-0.0,0.0,1250
마마24aa11aa,0.0,128.8666906,35.38809415,0.0,0.0,0.0,0.0,0.0,0.0,-0.0,-0.0,0.0,1250
마마24ab08aa,0.0,128.8689857,35.36102008,0.0,0.0,0.0,0.0,0.0,0.0,-0.0,-0.0,0.0,1250
마마24ab01ba,0.0,128.8679979,35.30242669,0.0,0.0,0.0,0.0,0.0,0.0,-0.0,-0.0,0.0,1250
마마24ab01bb,0.0,128.8680358,35.30468029,0.0,0.0,0.0,0.0,0.0,0.0,-0.0,-0.0,0.0,1250
마마24ab02aa,0.0,128.8680738,35.3069339,0.0,0.0,0.0,0.0,0.0,0.0,-0.0,-0.0,0.0,1250
마마24ab04aa,0.0,128.8683775,35.32496268,0.0,0.0,0.0,0.0,0.0,0.0,-0.0,-0.0,0.0,1250
마라13ba89ab,0.0,128.7480913,35.19327347,0.0,0.0,0.0,0.0,0.0,0.0,-0.0,-0.0,0.0,1250
마라13ba90ab,0.0,128.7482292,35.20228847,0.0,0.0,0.0,0.0,0.0,0.0,-0.0,-0.0,0.0,1250
마라13ba90ba,0.0,128.7482637,35.20454222,0.0,0.0,0.0,0.0,0.0,0.0,-0.0,-0.0,0.0,1250
마라13ba90bb,0.0,128.7482982,35.20679596,0.0,0.0,0.0,0.0,0.0,0.0,-0.0,-0.0,0.0,1250
마라13ba91aa,0.0,128.7483327,35.20904971,0.0,0.0,0.0,0.0,0.0,0.0,-0.0,-0.0,0.0,1250
마라13ba91ab,0.0,128.7483672,35.21130346,0.0,0.0,0.0,0.0,0.0,0.0,-0.0,-0.0,0.0,1250
마라13ba91ba,0.0,128.7484017,35.2135572,0.0,0.0,0.0,0.0,0.0,0.0,-0.0,-0.0,0.0,1250
마라13ba91bb,0.0,128.7484362,35.21581094,0.0,0.0,0.0,0.0,0.0,0.0,-0.0,-0.0,0.0,1250
마라13ba92aa,0.0,128.7484708,35.21806469,0.0,0.0,0.0,0.0,0.0,0.0,-0.0,-0.0,0.0,1250
마마24ba00aa,0.0,128.8705189,35.28887394,0.0,0.0,0.0,0.0,0.0,0.0,-0.0,-0.0,0.0,1250
마마24ab04ab,0.0,128.8684155,35.32721627,0.0,0.0,0.0,0.0,0.0,0.0,-0.0,-0.0,0.0,1250
마마24ab04ba,0.0,128.8684535,35.32946987,0.0,0.0,0.0,0.0,0.0,0.0,-0.0,-0.0,0.0,1250
마마24ab04bb,0.0,128.8684914,35.33172346,0.0,0.0,0.0,0.0,0.0,0.0,-0.0,-0.0,0.0,1250
마마24ab05aa,0.0,128.8685294,35.33397705,0.0,0.0,0.0,0.0,0.0,0.0,-0.0,-0.0,0.0,1250
마마24ab05ab,0.0,128.8685674,35.33623064,0.0,0.0,0.0,0.0,0.0,0.0,-0.0,-0.0,0.0,1250
마마24ab05ba,0.0,128.8686054,35.33848423,0.0,0.0,0.0,0.0,0.0,0.0,-0.0,-0.0,0.0,1250
마마24ab05bb,0.0,128.8686435,35.34073782,0.0,0.0,0.0,0.0,0.0,0.0,-0.0,-0.0,0.0,1250
마마24ab06aa,0.0,128.8686815,35.34299141,0.0,0.0,0.0,0.0,0.0,0.0,-0.0,-0.0,0.0,1250
마마24ab06ab,0.0,128.8687195,35.34524499,0.0,0.0,0.0,0.0,0.0,0.0,-0.0,-0.0,0.0,1250
마마24ab06ba,0.0,128.8687575,35.34749858,0.0,0.0,0.0,0.0,0.0,0.0,-0.0,-0.0,0.0,1250
마마24ab06bb,0.0,128.8687955,35.34975217,0.0,0.0,0.0,0.0,0.0,0.0,-0.0,-0.0,0.0,1250
마마24ab07aa,0.0,128.8688336,35.35200575,0.0,0.0,0.0,0.0,0.0,0.0,-0.0,-0.0,0.0,1250
마마24ab07ab,0.0,128.8688716,35.35425933,0.0,0.0,0.0,0.0,0.0,0.0,-0.0,-0.0,0.0,1250
마마24ab07ba,0.0,128.8689096,35.35651292,0.0,0.0,0.0,0.0,0.0,0.0,-0.0,-0.0,0.0,1250
마마24ab07bb,0.0,128.8689477,35.3587665,0.0,0.0,0.0,0.0,0.0,0.0,-0.0,-0.0,0.0,1250
마라13ba88bb,0.0,128.7480224,35.18876596,0.0,0.0,0.0,0.0,0.0,0.0,-0.0,-0.0,0.0,1250
마라13ba89aa,0.0,128.7480568,35.19101972,0.0,0.0,0.0,0.0,0.0,0.0,-0.0,-0.0,0.0,1250
마마24ab08ab,0.0,128.8690238,35.36327366,0.0,0.0,0.0,0.0,0.0,0.0,-0.0,-0.0,0.0,1250
마마24ab08ba,0.0,128.8690618,35.36552724,0.0,0.0,0.0,0.0,0.0,0.0,-0.0,-0.0,0.0,1250
마마24ab08bb,0.0,128.8690999,35.36778082,0.0,0.0,0.0,0.0,0.0,0.0,-0.0,-0.0,0.0,1250
마마24ab09aa,0.0,128.8691379,35.37003439,0.0,0.0,0.0,0.0,0.0,0.0,-0.0,-0.0,0.0,1250
마마24ab09ab,0.0,128.869176,35.37228797,0.0,0.0,0.0,0.0,0.0,0.0,-0.0,-0.0,0.0,1250
마마24ab09ba,0.0,128.8692141,35.37454155,0.0,0.0,0.0,0.0,0.0,0.0,-0.0,-0.0,0.0,1250
마마24ab09bb,0.0,128.8692521,35.37679512,0.0,0.0,0.0,0.0,0.0,0.0,-0.0,-0.0,0.0,1250
마마24ab10aa,0.0,128.8692902,35.37904869,0.0,0.0,0.0,0.0,0.0,0.0,-0.0,-0.0,0.0,1250
마마24ab10ab,0.0,128.8693283,35.38130227,0.0,0.0,0.0,0.0,0.0,0.0,-0.0,-0.0,0.0,1250
마마24ab10ba,0.0,128.8693664,35.38355584,0.0,0.0,0.0,0.0,0.0,0.0,-0.0,-0.0,0.0,1250
마마24ab10bb,0.0,128.8694045,35.38580941,0.0,0.0,0.0,0.0,0.0,0.0,-0.0,-0.0,0.0,1250
마마24ab11aa,0.0,128.8694426,35.38806298,0.0,0.0,0.0,0.0,0.0,0.0,-0.0,-0.0,0.0,1250
마마24ab11ab,0.0,128.8694807,35.39031655,0.0,0.0,0.0,0.0,0.0,0.0,-0.0,-0.0,0.0,1250
마마24ab11ba,0.0,128.8695188,35.39257012,0.0,0.0,0.0,0.0,0.0,0.0,-0.0,-0.0,0.0,1250
마라13ab98ab,0.0,128.7465866,35.27443633,0.0,0.0,0.0,0.0,0.0,0.0,-0.0,-0.0,0.0,1250
마라13ab98ba,0.0,128.7466212,35.27669005,0.0,0.0,0.0,0.0,0.0,0.0,-0.0,-0.0,0.0,1250
마라13ab98bb,0.0,128.7466557,35.27894377,0.0,0.0,0.0,0.0,0.0,0.0,-0.0,-0.0,0.0,1250
마라13ab99aa,0.0,128.7466902,35.28119749,0.0,0.0,0.0,0.0,0.0,0.0,-0.0,-0.0,0.0,1250
마라13ab99ab,0.0,128.7467248,35.28345121,0.0,0.0,0.0,0.0,0.0,0.0,-0.0,-0.0,0.0,1250
마라13ab99ba,0.0,128.7467594,35.28570493,0.0,0.0,0.0,0.0,0.0,0.0,-0.0,-0.0,0.0,1250
마라13ba86ab,0.0,128.7476779,35.16622838,0.0,0.0,0.0,0.0,0.0,0.0,-0.0,-0.0,0.0,1250
마라13ba86ba,0.0,128.7477123,35.16848214,0.0,0.0,0.0,0.0,0.0,0.0,-0.0,-0.0,0.0,1250
마라13ba86bb,0.0,128.7477468,35.1707359,0.0,0.0,0.0,0.0,0.0,0.0,-0.0,-0.0,0.0,1250
마라13ba87aa,0.0,128.7477812,35.17298966,0.0,0.0,0.0,0.0,0.0,0.0,-0.0,-0.0,0.0,1250
마라13ba87ab,0.0,128.7478156,35.17524342,0.0,0.0,0.0,0.0,0.0,0.0,-0.0,-0.0,0.0,1250
마라13ba87ba,0.0,128.7478501,35.17749718,0.0,0.0,0.0,0.0,0.0,0.0,-0.0,-0.0,0.0,1250
마라13ba87bb,0.0,128.7478845,35.17975094,0.0,0.0,0.0,0.0,0.0,0.0,-0.0,-0.0,0.0,1250
마라13ba88aa,0.0,128.747919,35.1820047,0.0,0.0,0.0,0.0,0.0,0.0,-0.0,-0.0,0.0,1250
마라13ba88ab,0.0,128.7479534,35.18425845,0.0,0.0,0.0,0.0,0.0,0.0,-0.0,-0.0,0.0,1250
마라13ba88ba,0.0,128.7479879,35.18651221,0.0,0.0,0.0,0.0,0.0,0.0,-0.0,-0.0,0.0,1250
마마24ba06ab,0.0,128.87147,35.34521381,0.0,0.0,0.0,0.0,0.0,0.0,-0.0,-0.0,0.0,1250
마마24ba06ba,0.0,128.8715081,35.3474674,0.0,0.0,0.0,0.0,0.0,0.0,-0.0,-0.0,0.0,1250
마마24ba06bb,0.0,128.8715462,35.34972098,0.0,0.0,0.0,0.0,0.0,0.0,-0.0,-0.0,0.0,1250
마마24ba07aa,0.0,128.8715843,35.35197456,0.0,0.0,0.0,0.0,0.0,0.0,-0.0,-0.0,0.0,1250
마마24ba07ab,0.0,128.8716224,35.35422814,0.0,0.0,0.0,0.0,0.0,0.0,-0.0,-0.0,0.0,1250
마마24ba07bb,0.0,128.8716986,35.3587353,0.0,0.0,0.0,0.0,0.0,0.0,-0.0,-0.0,0.0,1250
마마24ba08aa,0.0,128.8717367,35.36098888,0.0,0.0,0.0,0.0,0.0,0.0,-0.0,-0.0,0.0,1250
마마24ba08ab,0.0,128.8717749,35.36324246,0.0,0.0,0.0,0.0,0.0,0.0,-0.0,-0.0,0.0,1250
마마24ba01ba,0.0,128.8707469,35.30239556,0.0,0.0,0.0,0.0,0.0,0.0,-0.0,-0.0,0.0,1250
마마24ba02aa,0.0,128.870823,35.30690276,0.0,0.0,0.0,0.0,0.0,0.0,-0.0,-0.0,0.0,1250
마마24ba02ab,0.0,128.870861,35.30915636,0.0,0.0,0.0,0.0,0.0,0.0,-0.0,-0.0,0.0,1250
마마24ba04aa,0.0,128.8711273,35.32493152,0.0,0.0,0.0,0.0,0.0,0.0,-0.0,-0.0,0.0,1250
마마24ba04ab,0.0,128.8711654,35.32718511,0.0,0.0,0.0,0.0,0.0,0.0,-0.0,-0.0,0.0,1250
마라13ab97aa,0.0,128.746414,35.2631677,0.0,0.0,0.0,0.0,0.0,0.0,-0.0,-0.0,0.0,1250
마마24ba09ba,0.0,128.8719656,35.37451033,0.0,0.0,0.0,0.0,0.0,0.0,-0.0,-0.0,0.0,1250
마마24ba09bb,0.0,128.8720037,35.3767639,0.0,0.0,0.0,0.0,0.0,0.0,-0.0,-0.0,0.0,1250
마마24ba10aa,0.0,128.8720419,35.37901747,0.0,0.0,0.0,0.0,0.0,0.0,-0.0,-0.0,0.0,1250
마마24ba10ab,0.0,128.87208,35.38127104,0.0,0.0,0.0,0.0,0.0,0.0,-0.0,-0.0,0.0,1250
마마24ba10ba,0.0,128.8721182,35.38352461,0.0,0.0,0.0,0.0,0.0,0.0,-0.0,-0.0,0.0,1250
마마24ba10bb,0.0,128.8721564,35.38577818,0.0,0.0,0.0,0.0,0.0,0.0,-0.0,-0.0,0.0,1250
마마24ba11aa,0.0,128.8721945,35.38803175,0.0,0.0,0.0,0.0,0.0,0.0,-0.0,-0.0,0.0,1250
마마24bb00aa,0.0,128.8732675,35.28884276,0.0,0.0,0.0,0.0,0.0,0.0,-0.0,-0.0,0.0,1250
마마24bb00ab,0.0,128.8733056,35.29109636,0.0,0.0,0.0,0.0,0.0,0.0,-0.0,-0.0,0.0,1250
마마24ba04ba,0.0,128.8712034,35.3294387,0.0,0.0,0.0,0.0,0.0,0.0,-0.0,-0.0,0.0,1250
마마24ba04bb,0.0,128.8712415,35.33169229,0.0,0.0,0.0,0.0,0.0,0.0,-0.0,-0.0,0.0,1250
마마24ba05aa,0.0,128.8712796,35.33394588,0.0,0.0,0.0,0.0,0.0,0.0,-0.0,-0.0,0.0,1250
마마24ba05ab,0.0,128.8713176,35.33619947,0.0,0.0,0.0,0.0,0.0,0.0,-0.0,-0.0,0.0,1250
마마24ba05ba,0.0,128.8713557,35.33845306,0.0,0.0,0.0,0.0,0.0,0.0,-0.0,-0.0,0.0,1250
마마24ba05bb,0.0,128.8713938,35.34070664,0.0,0.0,0.0,0.0,0.0,0.0,-0.0,-0.0,0.0,1250
마마24ba06aa,0.0,128.8714319,35.34296023,0.0,0.0,0.0,0.0,0.0,0.0,-0.0,-0.0,0.0,1250
마마24bb08ab,0.0,128.874526,35.36321119,0.0,0.0,0.0,0.0,0.0,0.0,-0.0,-0.0,0.0,1250
마마24bb08ba,0.0,128.8745642,35.36546477,0.0,0.0,0.0,0.0,0.0,0.0,-0.0,-0.0,0.0,1250
마마24bb08bb,0.0,128.8746024,35.36771834,0.0,0.0,0.0,0.0,0.0,0.0,-0.0,-0.0,0.0,1250
마마24bb09aa,0.0,128.8746406,35.36997191,0.0,0.0,0.0,0.0,0.0,0.0,-0.0,-0.0,0.0,1250
마마24bb03bb,0.0,128.873839,35.32264671,0.0,0.0,0.0,0.0,0.0,0.0,-0.0,-0.0,0.0,1250
마마24bb04aa,0.0,128.8738771,35.3249003,0.0,0.0,0.0,0.0,0.0,0.0,-0.0,-0.0,0.0,1250
마마24bb04ab,0.0,128.8739152,35.32715389,0.0,0.0,0.0,0.0,0.0,0.0,-0.0,-0.0,0.0,1250
마마24bb04ba,0.0,128.8739534,35.32940748,0.0,0.0,0.0,0.0,0.0,0.0,-0.0,-0.0,0.0,1250
마마24bb04bb,0.0,128.8739915,35.33166106,0.0,0.0,0.0,0.0,0.0,0.0,-0.0,-0.0,0.0,1250
마마24bb05aa,0.0,128.8740297,35.33391465,0.0,0.0,0.0,0.0,0.0,0.0,-0.0,-0.0,0.0,1250
마마24ba08ba,0.0,128.871813,35.36549603,0.0,0.0,0.0,0.0,0.0,0.0,-0.0,-0.0,0.0,1250
마마24ba08bb,0.0,128.8718511,35.36774961,0.0,0.0,0.0,0.0,0.0,0.0,-0.0,-0.0,0.0,1250
마마24ba09aa,0.0,128.8718893,35.37000318,0.0,0.0,0.0,0.0,0.0,0.0,-0.0,-0.0,0.0,1250
마마24ba09ab,0.0,128.8719274,35.37225676,0.0,0.0,0.0,0.0,0.0,0.0,-0.0,-0.0,0.0,1250
마라13ab93ba,0.0,128.7459311,35.23161543,0.0,0.0,0.0,0.0,0.0,0.0,-0.0,-0.0,0.0,1250
마라13ab93bb,0.0,128.7459656,35.23386917,0.0,0.0,0.0,0.0,0.0,0.0,-0.0,-0.0,0.0,1250
마라13ab94ba,0.0,128.746069,35.24063039,0.0,0.0,0.0,0.0,0.0,0.0,-0.0,-0.0,0.0,1250
마라13ab94bb,0.0,128.7461035,35.24288412,0.0,0.0,0.0,0.0,0.0,0.0,-0.0,-0.0,0.0,1250
마마24bb05ab,0.0,128.8740678,35.33616824,0.0,0.0,0.0,0.0,0.0,0.0,-0.0,-0.0,0.0,1250
마마24bb05ba,0.0,128.874106,35.33842182,0.0,0.0,0.0,0.0,0.0,0.0,-0.0,-0.0,0.0,1250
마마24bb05bb,0.0,128.8741441,35.3406754,0.0,0.0,0.0,0.0,0.0,0.0,-0.0,-0.0,0.0,1250
마마24bb06aa,0.0,128.8741823,35.34292899,0.0,0.0,0.0,0.0,0.0,0.0,-0.0,-0.0,0.0,1250
마마24bb06ab,0.0,128.8742205,35.34518257,0.0,0.0,0.0,0.0,0.0,0.0,-0.0,-0.0,0.0,1250
마마24bb06ba,0.0,128.8742586,35.34743615,0.0,0.0,0.0,0.0,0.0,0.0,-0.0,-0.0,0.0,1250
마마24bb06bb,0.0,128.8742968,35.34968973,0.0,0.0,0.0,0.0,0.0,0.0,-0.0,-0.0,0.0,1250
마마24bb07aa,0.0,128.874335,35.35194331,0.0,0.0,0.0,0.0,0.0,0.0,-0.0,-0.0,0.0,1250
마마24bb07ab,0.0,128.8743732,35.35419689,0.0,0.0,0.0,0.0,0.0,0.0,-0.0,-0.0,0.0,1250
마마24bb07ba,0.0,128.8744114,35.35645047,0.0,0.0,0.0,0.0,0.0,0.0,-0.0,-0.0,0.0,1250
마마24bb07bb,0.0,128.8744496,35.35870404,0.0,0.0,0.0,0.0,0.0,0.0,-0.0,-0.0,0.0,1250
마마24bb08aa,0.0,128.8744878,35.36095762,0.0,0.0,0.0,0.0,0.0,0.0,-0.0,-0.0,0.0,1250
마마24bb09ba,0.0,128.874717,35.37447905,0.0,0.0,0.0,0.0,0.0,0.0,-0.0,-0.0,0.0,1250
마마24bb09bb,0.0,128.8747553,35.37673262,0.0,0.0,0.0,0.0,0.0,0.0,-0.0,-0.0,0.0,1250
마마24bb10aa,0.0,128.8747935,35.37898619,0.0,0.0,0.0,0.0,0.0,0.0,-0.0,-0.0,0.0,1250
마마24bb10ab,0.0,128.8748317,35.38123976,0.0,0.0,0.0,0.0,0.0,0.0,-0.0,-0.0,0.0,1250
마마25aa00ab,0.0,128.8760542,35.29106512,0.0,0.0,0.0,0.0,0.0,0.0,-0.0,-0.0,0.0,1250
마마25aa00ba,0.0,128.8760924,35.29331872,0.0,0.0,0.0,0.0,0.0,0.0,-0.0,-0.0,0.0,1250
마마25aa00bb,0.0,128.8761305,35.29557232,0.0,0.0,0.0,0.0,0.0,0.0,-0.0,-0.0,0.0,1250
마라13ab91aa,0.0,128.7455867,35.209078,0.0,0.0,0.0,0.0,0.0,0.0,-0.0,-0.0,0.0,1250
마라13ab91ab,0.0,128.7456211,35.21133174,0.0,0.0,0.0,0.0,0.0,0.0,-0.0,-0.0,0.0,1250
마라13ab91ba,0.0,128.7456556,35.21358549,0.0,0.0,0.0,0.0,0.0,0.0,-0.0,-0.0,0.0,1250
마라13ab91bb,0.0,128.74569,35.21583924,0.0,0.0,0.0,0.0,0.0,0.0,-0.0,-0.0,0.0,1250
마라13ab92aa,0.0,128.7457244,35.21809298,0.0,0.0,0.0,0.0,0.0,0.0,-0.0,-0.0,0.0,1250
마라13ab92ab,0.0,128.7457589,35.22034673,0.0,0.0,0.0,0.0,0.0,0.0,-0.0,-0.0,0.0,1250
마라13ab92ba,0.0,128.7457933,35.22260047,0.0,0.0,0.0,0.0,0.0,0.0,-0.0,-0.0,0.0,1250
마라13ab93ab,0.0,128.7458967,35.22936169,0.0,0.0,0.0,0.0,0.0,0.0,-0.0,-0.0,0.0,1250
마마25aa03aa,0.0,128.8764741,35.31585466,0.0,0.0,0.0,0.0,0.0,0.0,-0.0,-0.0,0.0,1250
마마25aa03ab,0.0,128.8765123,35.31810825,0.0,0.0,0.0,0.0,0.0,0.0,-0.0,-0.0,0.0,1250
마마25aa03ba,0.0,128.8765505,35.32036184,0.0,0.0,0.0,0.0,0.0,0.0,-0.0,-0.0,0.0,1250
마마25aa03bb,0.0,128.8765887,35.32261543,0.0,0.0,0.0,0.0,0.0,0.0,-0.0,-0.0,0.0,1250
마마25aa04aa,0.0,128.8766269,35.32486902,0.0,0.0,0.0,0.0,0.0,0.0,-0.0,-0.0,0.0,1250
마마25aa04ab,0.0,128.8766651,35.3271226,0.0,0.0,0.0,0.0,0.0,0.0,-0.0,-0.0,0.0,1250
마마25aa04ba,0.0,128.8767033,35.32937619,0.0,0.0,0.0,0.0,0.0,0.0,-0.0,-0.0,0.0,1250
마마25aa04bb,0.0,128.8767415,35.33162977,0.0,0.0,0.0,0.0,0.0,0.0,-0.0,-0.0,0.0,1250
마마25aa05aa,0.0,128.8767798,35.33388336,0.0,0.0,0.0,0.0,0.0,0.0,-0.0,-0.0,0.0,1250
마마25aa05ab,0.0,128.876818,35.33613694,0.0,0.0,0.0,0.0,0.0,0.0,-0.0,-0.0,0.0,1250
마마25aa05ba,0.0,128.8768562,35.33839052,0.0,0.0,0.0,0.0,0.0,0.0,-0.0,-0.0,0.0,1250
마마25aa05bb,0.0,128.8768945,35.3406441,0.0,0.0,0.0,0.0,0.0,0.0,-0.0,-0.0,0.0,1250
마마25aa06aa,0.0,128.8769327,35.34289768,0.0,0.0,0.0,0.0,0.0,0.0,-0.0,-0.0,0.0,1250
마마25aa06ab,0.0,128.8769709,35.34515126,0.0,0.0,0.0,0.0,0.0,0.0,-0.0,-0.0,0.0,1250
마마25aa06ba,0.0,128.8770092,35.34740484,0.0,0.0,0.0,0.0,0.0,0.0,-0.0,-0.0,0.0,1250
마마24bb09ab,0.0,128.8746788,35.37222548,0.0,0.0,0.0,0.0,0.0,0.0,-0.0,-0.0,0.0,1250
마라13ab90ba,0.0,128.7455179,35.2045705,0.0,0.0,0.0,0.0,0.0,0.0,-0.0,-0.0,0.0,1250
마라13ab90bb,0.0,128.7455523,35.20682425,0.0,0.0,0.0,0.0,0.0,0.0,-0.0,-0.0,0.0,1250
마마25aa06bb,0.0,128.8770474,35.34965842,0.0,0.0,0.0,0.0,0.0,0.0,-0.0,-0.0,0.0,1250
마마25aa07aa,0.0,128.8770857,35.351912,0.0,0.0,0.0,0.0,0.0,0.0,-0.0,-0.0,0.0,1250
마마25aa07ab,0.0,128.877124,35.35416557,0.0,0.0,0.0,0.0,0.0,0.0,-0.0,-0.0,0.0,1250
마마25aa07ba,0.0,128.8771622,35.35641915,0.0,0.0,0.0,0.0,0.0,0.0,-0.0,-0.0,0.0,1250
마마25aa07bb,0.0,128.8772005,35.35867272,0.0,0.0,0.0,0.0,0.0,0.0,-0.0,-0.0,0.0,1250
마마25aa08aa,0.0,128.8772388,35.36092629,0.0,0.0,0.0,0.0,0.0,0.0,-0.0,-0.0,0.0,1250
마마25aa08ab,0.0,128.8772771,35.36317987,0.0,0.0,0.0,0.0,0.0,0.0,-0.0,-0.0,0.0,1250
마마25aa08ba,0.0,128.8773153,35.36543344,0.0,0.0,0.0,0.0,0.0,0.0,-0.0,-0.0,0.0,1250
마마25aa08bb,0.0,128.8773536,35.36768701,0.0,0.0,0.0,0.0,0.0,0.0,-0.0,-0.0,0.0,1250
마마25aa09aa,0.0,128.8773919,35.36994058,0.0,0.0,0.0,0.0,0.0,0.0,-0.0,-0.0,0.0,1250
마마25aa09ab,0.0,128.8774302,35.37219415,0.0,0.0,0.0,0.0,0.0,0.0,-0.0,-0.0,0.0,1250
마마25ab00ab,0.0,128.8788029,35.29103381,0.0,0.0,0.0,0.0,0.0,0.0,-0.0,-0.0,0.0,1250
마마25ab04bb,0.0,128.8794916,35.33159842,0.0,0.0,0.0,0.0,0.0,0.0,-0.0,-0.0,0.0,1250
마마25ab05aa,0.0,128.8795299,35.333852,0.0,0.0,0.0,0.0,0.0,0.0,-0.0,-0.0,0.0,1250
마라13aa99bb,0.0,128.7440452,35.28798695,0.0,0.0,0.0,0.0,0.0,0.0,-0.0,-0.0,0.0,1250
마라13ab86ab,0.0,128.7449333,35.16625662,0.0,0.0,0.0,0.0,0.0,0.0,-0.0,-0.0,0.0,1250
마라13ab86ba,0.0,128.7449677,35.16851039,0.0,0.0,0.0,0.0,0.0,0.0,-0.0,-0.0,0.0,1250
마라13ab86bb,0.0,128.745002,35.17076415,0.0,0.0,0.0,0.0,0.0,0.0,-0.0,-0.0,0.0,1250
마라13ab87aa,0.0,128.7450364,35.17301791,0.0,0.0,0.0,0.0,0.0,0.0,-0.0,-0.0,0.0,1250
마라13ab87ab,0.0,128.7450708,35.17527167,0.0,0.0,0.0,0.0,0.0,0.0,-0.0,-0.0,0.0,1250
마라13ab87ba,0.0,128.7451051,35.17752543,0.0,0.0,0.0,0.0,0.0,0.0,-0.0,-0.0,0.0,1250
마라13ab87bb,0.0,128.7451395,35.17977919,0.0,0.0,0.0,0.0,0.0,0.0,-0.0,-0.0,0.0,1250
마라13ab88aa,0.0,128.7451739,35.18203295,0.0,0.0,0.0,0.0,0.0,0.0,-0.0,-0.0,0.0,1250
마라13ab88ab,0.0,128.7452083,35.18428671,0.0,0.0,0.0,0.0,0.0,0.0,-0.0,-0.0,0.0,1250
마라13ab88ba,0.0,128.7452426,35.18654047,0.0,0.0,0.0,0.0,0.0,0.0,-0.0,-0.0,0.0,1250
마라13ab88bb,0.0,128.745277,35.18879423,0.0,0.0,0.0,0.0,0.0,0.0,-0.0,-0.0,0.0,1250
마라13ab89aa,0.0,128.7453114,35.19104798,0.0,0.0,0.0,0.0,0.0,0.0,-0.0,-0.0,0.0,1250
마라13ab90ab,0.0,128.7454834,35.20231675,0.0,0.0,0.0,0.0,0.0,0.0,-0.0,-0.0,0.0,1250
마마25ab07aa,0.0,128.8798364,35.35188062,0.0,0.0,0.0,0.0,0.0,0.0,-0.0,-0.0,0.0,1250
마마25ab07ab,0.0,128.8798748,35.35413419,0.0,0.0,0.0,0.0,0.0,0.0,-0.0,-0.0,0.0,1250
마마25ab07ba,0.0,128.8799131,35.35638776,0.0,0.0,0.0,0.0,0.0,0.0,-0.0,-0.0,0.0,1250
마마25ab07bb,0.0,128.8799514,35.35864134,0.0,0.0,0.0,0.0,0.0,0.0,-0.0,-0.0,0.0,1250
마마25ab08aa,0.0,128.8799898,35.36089491,0.0,0.0,0.0,0.0,0.0,0.0,-0.0,-0.0,0.0,1250
마마25ab08ab,0.0,128.8800282,35.36314848,0.0,0.0,0.0,0.0,0.0,0.0,-0.0,-0.0,0.0,1250
마마25ab08ba,0.0,128.8800665,35.36540204,0.0,0.0,0.0,0.0,0.0,0.0,-0.0,-0.0,0.0,1250
마마25ab08bb,0.0,128.8801049,35.36765561,0.0,0.0,0.0,0.0,0.0,0.0,-0.0,-0.0,0.0,1250
마마25ab09aa,0.0,128.8801432,35.36990918,0.0,0.0,0.0,0.0,0.0,0.0,-0.0,-0.0,0.0,1250
마마25ab03aa,0.0,128.8792236,35.31582333,0.0,0.0,0.0,0.0,0.0,0.0,-0.0,-0.0,0.0,1250
마마25ab03ab,0.0,128.8792619,35.31807692,0.0,0.0,0.0,0.0,0.0,0.0,-0.0,-0.0,0.0,1250
마마25ab03ba,0.0,128.8793001,35.3203305,0.0,0.0,0.0,0.0,0.0,0.0,-0.0,-0.0,0.0,1250
마마25ab03bb,0.0,128.8793384,35.32258409,0.0,0.0,0.0,0.0,0.0,0.0,-0.0,-0.0,0.0,1250
마마25ab04aa,0.0,128.8793767,35.32483767,0.0,0.0,0.0,0.0,0.0,0.0,-0.0,-0.0,0.0,1250
마마25ab04ab,0.0,128.879415,35.32709126,0.0,0.0,0.0,0.0,0.0,0.0,-0.0,-0.0,0.0,1250
마마25ab04ba,0.0,128.8794533,35.32934484,0.0,0.0,0.0,0.0,0.0,0.0,-0.0,-0.0,0.0,1250
마마25ba01ba,0.0,128.8817431,35.30227041,0.0,0.0,0.0,0.0,0.0,0.0,-0.0,-0.0,0.0,1250
마마25ba01bb,0.0,128.8817814,35.304524,0.0,0.0,0.0,0.0,0.0,0.0,-0.0,-0.0,0.0,1250
마마25ba02aa,0.0,128.8818197,35.30677758,0.0,0.0,0.0,0.0,0.0,0.0,-0.0,-0.0,0.0,1250
마마25ba02ab,0.0,128.8818581,35.30903117,0.0,0.0,0.0,0.0,0.0,0.0,-0.0,-0.0,0.0,1250
마마25ba02ba,0.0,128.8818964,35.31128476,0.0,0.0,0.0,0.0,0.0,0.0,-0.0,-0.0,0.0,1250
마마25ba02bb,0.0,128.8819347,35.31353835,0.0,0.0,0.0,0.0,0.0,0.0,-0.0,-0.0,0.0,1250
마마25ba03aa,0.0,128.8819731,35.31579193,0.0,0.0,0.0,0.0,0.0,0.0,-0.0,-0.0,0.0,1250
마마25ba03ab,0.0,128.8820114,35.31804552,0.0,0.0,0.0,0.0,0.0,0.0,-0.0,-0.0,0.0,1250
마마25ba03ba,0.0,128.8820498,35.3202991,0.0,0.0,0.0,0.0,0.0,0.0,-0.0,-0.0,0.0,1250
마마25ab05ab,0.0,128.8795682,35.33610558,0.0,0.0,0.0,0.0,0.0,0.0,-0.0,-0.0,0.0,1250
마마25ab05ba,0.0,128.8796065,35.33835916,0.0,0.0,0.0,0.0,0.0,0.0,-0.0,-0.0,0.0,1250
마마25ab05bb,0.0,128.8796448,35.34061274,0.0,0.0,0.0,0.0,0.0,0.0,-0.0,-0.0,0.0,1250
마마25ab06aa,0.0,128.8796831,35.34286632,0.0,0.0,0.0,0.0,0.0,0.0,-0.0,-0.0,0.0,1250
마마25ab06ab,0.0,128.8797214,35.34511989,0.0,0.0,0.0,0.0,0.0,0.0,-0.0,-0.0,0.0,1250
마마25ab06ba,0.0,128.8797598,35.34737347,0.0,0.0,0.0,0.0,0.0,0.0,-0.0,-0.0,0.0,1250
마마25ab06bb,0.0,128.8797981,35.34962705,0.0,0.0,0.0,0.0,0.0,0.0,-0.0,-0.0,0.0,1250
마마25ba04ba,0.0,128.8822032,35.32931343,0.0,0.0,0.0,0.0,0.0,0.0,-0.0,-0.0,0.0,1250
마마25ba04bb,0.0,128.8822416,35.33156701,0.0,0.0,0.0,0.0,0.0,0.0,-0.0,-0.0,0.0,1250
마마25ba05aa,0.0,128.88228,35.33382058,0.0,0.0,0.0,0.0,0.0,0.0,-0.0,-0.0,0.0,1250
마마25ba05ab,0.0,128.8823183,35.33607416,0.0,0.0,0.0,0.0,0.0,0.0,-0.0,-0.0,0.0,1250
마마25ba05ba,0.0,128.8823567,35.33832774,0.0,0.0,0.0,0.0,0.0,0.0,-0.0,-0.0,0.0,1250
마마25ba05bb,0.0,128.8823951,35.34058131,0.0,0.0,0.0,0.0,0.0,0.0,-0.0,-0.0,0.0,1250
마마25ba06aa,0.0,128.8824335,35.34283489,0.0,0.0,0.0,0.0,0.0,0.0,-0.0,-0.0,0.0,1250
마마25ba06ab,0.0,128.8824719,35.34508846,0.0,0.0,0.0,0.0,0.0,0.0,-0.0,-0.0,0.0,1250
마마25ba06ba,0.0,128.8825103,35.34734204,0.0,0.0,0.0,0.0,0.0,0.0,-0.0,-0.0,0.0,1250
마마25ba06bb,0.0,128.8825487,35.34959561,0.0,0.0,0.0,0.0,0.0,0.0,-0.0,-0.0,0.0,1250
마마25ba07aa,0.0,128.8825871,35.35184918,0.0,0.0,0.0,0.0,0.0,0.0,-0.0,-0.0,0.0,1250
마마25ba07ab,0.0,128.8826255,35.35410275,0.0,0.0,0.0,0.0,0.0,0.0,-0.0,-0.0,0.0,1250
마마25ba07bb,0.0,128.8827024,35.35860989,0.0,0.0,0.0,0.0,0.0,0.0,-0.0,-0.0,0.0,1250
마마25ba01aa,0.0,128.8816664,35.29776322,0.0,0.0,0.0,0.0,0.0,0.0,-0.0,-0.0,0.0,1250
마마25ba01ab,0.0,128.8817048,35.30001682,0.0,0.0,0.0,0.0,0.0,0.0,-0.0,-0.0,0.0,1250
마마25ba08bb,0.0,128.8828561,35.36762416,0.0,0.0,0.0,0.0,0.0,0.0,-0.0,-0.0,0.0,1250
마마25bb01ab,0.0,128.8844537,35.29998537,0.0,0.0,0.0,0.0,0.0,0.0,-0.0,-0.0,0.0,1250
마마25bb01bb,0.0,128.8845305,35.30449255,0.0,0.0,0.0,0.0,0.0,0.0,-0.0,-0.0,0.0,1250
마마25bb02aa,0.0,128.8845689,35.30674614,0.0,0.0,0.0,0.0,0.0,0.0,-0.0,-0.0,0.0,1250
마마25bb02ab,0.0,128.8846073,35.30899972,0.0,0.0,0.0,0.0,0.0,0.0,-0.0,-0.0,0.0,1250
마마25bb02ba,0.0,128.8846457,35.31125331,0.0,0.0,0.0,0.0,0.0,0.0,-0.0,-0.0,0.0,1250
마마25bb02bb,0.0,128.8846841,35.31350689,0.0,0.0,0.0,0.0,0.0,0.0,-0.0,-0.0,0.0,1250
마라13aa97aa,0.0,128.7436661,35.26319598,0.0,0.0,0.0,0.0,0.0,0.0,-0.0,-0.0,0.0,1250
마라13aa98ab,0.0,128.7438384,35.27446462,0.0,0.0,0.0,0.0,0.0,0.0,-0.0,-0.0,0.0,1250
마라13aa98ba,0.0,128.7438729,35.27671834,0.0,0.0,0.0,0.0,0.0,0.0,-0.0,-0.0,0.0,1250
마라13aa98bb,0.0,128.7439073,35.27897207,0.0,0.0,0.0,0.0,0.0,0.0,-0.0,-0.0,0.0,1250
마라13aa99aa,0.0,128.7439418,35.28122579,0.0,0.0,0.0,0.0,0.0,0.0,-0.0,-0.0,0.0,1250
마라13aa99ab,0.0,128.7439763,35.28347951,0.0,0.0,0.0,0.0,0.0,0.0,-0.0,-0.0,0.0,1250
마라13aa99ba,0.0,128.7440107,35.28573323,0.0,0.0,0.0,0.0,0.0,0.0,-0.0,-0.0,0.0,1250
마마25bb03aa,0.0,128.8847225,35.31576047,0.0,0.0,0.0,0.0,0.0,0.0,-0.0,-0.0,0.0,1250
마마25bb03ab,0.0,128.884761,35.31801405,0.0,0.0,0.0,0.0,0.0,0.0,-0.0,-0.0,0.0,1250
마마25bb03ba,0.0,128.8847994,35.32026764,0.0,0.0,0.0,0.0,0.0,0.0,-0.0,-0.0,0.0,1250
마마25bb03bb,0.0,128.8848378,35.32252122,0.0,0.0,0.0,0.0,0.0,0.0,-0.0,-0.0,0.0,1250
마마25bb04bb,0.0,128.8849916,35.33153553,0.0,0.0,0.0,0.0,0.0,0.0,-0.0,-0.0,0.0,1250
마마25bb05aa,0.0,128.88503,35.3337891,0.0,0.0,0.0,0.0,0.0,0.0,-0.0,-0.0,0.0,1250
마마25bb05ab,0.0,128.8850685,35.33604268,0.0,0.0,0.0,0.0,0.0,0.0,-0.0,-0.0,0.0,1250
마마25bb05ba,0.0,128.885107,35.33829625,0.0,0.0,0.0,0.0,0.0,0.0,-0.0,-0.0,0.0,1250
마마25bb05bb,0.0,128.8851454,35.34054983,0.0,0.0,0.0,0.0,0.0,0.0,-0.0,-0.0,0.0,1250
마마25bb06aa,0.0,128.8851839,35.3428034,0.0,0.0,0.0,0.0,0.0,0.0,-0.0,-0.0,0.0,1250
마마25bb06ab,0.0,128.8852224,35.34505697,0.0,0.0,0.0,0.0,0.0,0.0,-0.0,-0.0,0.0,1250
마마25bb06ba,0.0,128.8852609,35.34731054,0.0,0.0,0.0,0.0,0.0,0.0,-0.0,-0.0,0.0,1250
마마25bb06bb,0.0,128.8852993,35.34956411,0.0,0.0,0.0,0.0,0.0,0.0,-0.0,-0.0,0.0,1250
마마25ba08aa,0.0,128.8827408,35.36086346,0.0,0.0,0.0,0.0,0.0,0.0,-0.0,-0.0,0.0,1250
마마25ba08ab,0.0,128.8827792,35.36311702,0.0,0.0,0.0,0.0,0.0,0.0,-0.0,-0.0,0.0,1250
마마25ba08ba,0.0,128.8828177,35.36537059,0.0,0.0,0.0,0.0,0.0,0.0,-0.0,-0.0,0.0,1250
마마25bb07bb,0.0,128.8854533,35.35857838,0.0,0.0,0.0,0.0,0.0,0.0,-0.0,-0.0,0.0,1250
마마25bb08aa,0.0,128.8854918,35.36083194,0.0,0.0,0.0,0.0,0.0,0.0,-0.0,-0.0,0.0,1250
마마25bb08ab,0.0,128.8855303,35.36308551,0.0,0.0,0.0,0.0,0.0,0.0,-0.0,-0.0,0.0,1250
마마25bb08ba,0.0,128.8855688,35.36533907,0.0,0.0,0.0,0.0,0.0,0.0,-0.0,-0.0,0.0,1250
마마25bb08bb,0.0,128.8856073,35.36759264,0.0,0.0,0.0,0.0,0.0,0.0,-0.0,-0.0,0.0,1250
마마26aa01bb,0.0,128.8872796,35.30446104,0.0,0.0,0.0,0.0,0.0,0.0,-0.0,-0.0,0.0,1250
마라13aa91bb,0.0,128.7429437,35.21586747,0.0,0.0,0.0,0.0,0.0,0.0,-0.0,-0.0,0.0,1250
마라13aa92aa,0.0,128.7429781,35.21812121,0.0,0.0,0.0,0.0,0.0,0.0,-0.0,-0.0,0.0,1250
마라13aa92ab,0.0,128.7430125,35.22037496,0.0,0.0,0.0,0.0,0.0,0.0,-0.0,-0.0,0.0,1250
마라13aa92ba,0.0,128.7430468,35.22262871,0.0,0.0,0.0,0.0,0.0,0.0,-0.0,-0.0,0.0,1250
마라13aa92bb,0.0,128.7430812,35.22488245,0.0,0.0,0.0,0.0,0.0,0.0,-0.0,-0.0,0.0,1250
마라13aa93aa,0.0,128.7431156,35.22713619,0.0,0.0,0.0,0.0,0.0,0.0,-0.0,-0.0,0.0,1250
마라13aa93bb,0.0,128.7432187,35.23389742,0.0,0.0,0.0,0.0,0.0,0.0,-0.0,-0.0,0.0,1250
마라13aa94ba,0.0,128.7433219,35.24065864,0.0,0.0,0.0,0.0,0.0,0.0,-0.0,-0.0,0.0,1250
마라13aa94bb,0.0,128.7433563,35.24291238,0.0,0.0,0.0,0.0,0.0,0.0,-0.0,-0.0,0.0,1250
마마26aa02ba,0.0,128.887395,35.31122179,0.0,0.0,0.0,0.0,0.0,0.0,-0.0,-0.0,0.0,1250
마마26aa02bb,0.0,128.8874335,35.31347537,0.0,0.0,0.0,0.0,0.0,0.0,-0.0,-0.0,0.0,1250
마마26aa03aa,0.0,128.887472,35.31572895,0.0,0.0,0.0,0.0,0.0,0.0,-0.0,-0.0,0.0,1250
마마26aa03ab,0.0,128.8875105,35.31798253,0.0,0.0,0.0,0.0,0.0,0.0,-0.0,-0.0,0.0,1250
마마26aa03ba,0.0,128.887549,35.32023611,0.0,0.0,0.0,0.0,0.0,0.0,-0.0,-0.0,0.0,1250
마마26aa03bb,0.0,128.8875875,35.32248969,0.0,0.0,0.0,0.0,0.0,0.0,-0.0,-0.0,0.0,1250
마마26aa04aa,0.0,128.887626,35.32474326,0.0,0.0,0.0,0.0,0.0,0.0,-0.0,-0.0,0.0,1250
마마26aa04ab,0.0,128.8876646,35.32699684,0.0,0.0,0.0,0.0,0.0,0.0,-0.0,-0.0,0.0,1250
마마26aa04ba,0.0,128.8877031,35.32925041,0.0,0.0,0.0,0.0,0.0,0.0,-0.0,-0.0,0.0,1250
마마26aa04bb,0.0,128.8877416,35.33150399,0.0,0.0,0.0,0.0,0.0,0.0,-0.0,-0.0,0.0,1250
마마26aa05ab,0.0,128.8878187,35.33601113,0.0,0.0,0.0,0.0,0.0,0.0,-0.0,-0.0,0.0,1250
마마26aa05ba,0.0,128.8878572,35.3382647,0.0,0.0,0.0,0.0,0.0,0.0,-0.0,-0.0,0.0,1250
마마26aa05bb,0.0,128.8878957,35.34051827,0.0,0.0,0.0,0.0,0.0,0.0,-0.0,-0.0,0.0,1250
마마25bb07aa,0.0,128.8853378,35.35181768,0.0,0.0,0.0,0.0,0.0,0.0,-0.0,-0.0,0.0,1250
마마25bb07ab,0.0,128.8853763,35.35407125,0.0,0.0,0.0,0.0,0.0,0.0,-0.0,-0.0,0.0,1250
마마25bb07ba,0.0,128.8854148,35.35632481,0.0,0.0,0.0,0.0,0.0,0.0,-0.0,-0.0,0.0,1250
마마26ab04ba,0.0,128.890453,35.32921881,0.0,0.0,0.0,0.0,0.0,0.0,-0.0,-0.0,0.0,1250
마마26ab04bb,0.0,128.8904916,35.33147238,0.0,0.0,0.0,0.0,0.0,0.0,-0.0,-0.0,0.0,1250
마마26aa06aa,0.0,128.8879343,35.34277184,0.0,0.0,0.0,0.0,0.0,0.0,-0.0,-0.0,0.0,1250
마마26aa06ab,0.0,128.8879728,35.34502541,0.0,0.0,0.0,0.0,0.0,0.0,-0.0,-0.0,0.0,1250
마마26aa06ba,0.0,128.8880114,35.34727898,0.0,0.0,0.0,0.0,0.0,0.0,-0.0,-0.0,0.0,1250
마마26aa06bb,0.0,128.88805,35.34953255,0.0,0.0,0.0,0.0,0.0,0.0,-0.0,-0.0,0.0,1250
마마26aa07aa,0.0,128.8880885,35.35178611,0.0,0.0,0.0,0.0,0.0,0.0,-0.0,-0.0,0.0,1250
마마26aa07ab,0.0,128.8881271,35.35403968,0.0,0.0,0.0,0.0,0.0,0.0,-0.0,-0.0,0.0,1250
마마26aa07ba,0.0,128.8881657,35.35629324,0.0,0.0,0.0,0.0,0.0,0.0,-0.0,-0.0,0.0,1250
마마26aa07bb,0.0,128.8882042,35.35854681,0.0,0.0,0.0,0.0,0.0,0.0,-0.0,-0.0,0.0,1250
마마26aa08aa,0.0,128.8882428,35.36080037,0.0,0.0,0.0,0.0,0.0,0.0,-0.0,-0.0,0.0,1250
마마26aa08ab,0.0,128.8882814,35.36305393,0.0,0.0,0.0,0.0,0.0,0.0,-0.0,-0.0,0.0,1250
마마26aa08ba,0.0,128.88832,35.36530749,0.0,0.0,0.0,0.0,0.0,0.0,-0.0,-0.0,0.0,1250
마마26ab00aa,0.0,128.8897589,35.28865438,0.0,0.0,0.0,0.0,0.0,0.0,-0.0,-0.0,0.0,1250
마마26ab00ab,0.0,128.8897974,35.29090796,0.0,0.0,0.0,0.0,0.0,0.0,-0.0,-0.0,0.0,1250
마마26aa02ab,0.0,128.8873565,35.30896821,0.0,0.0,0.0,0.0,0.0,0.0,-0.0,-0.0,0.0,1250
마라13aa88aa,0.0,128.7424288,35.18206115,0.0,0.0,0.0,0.0,0.0,0.0,-0.0,-0.0,0.0,1250
마라13aa88ab,0.0,128.7424631,35.18431491,0.0,0.0,0.0,0.0,0.0,0.0,-0.0,-0.0,0.0,1250
마라13aa90ba,0.0,128.742772,35.20459871,0.0,0.0,0.0,0.0,0.0,0.0,-0.0,-0.0,0.0,1250
마라13aa90bb,0.0,128.7428063,35.20685247,0.0,0.0,0.0,0.0,0.0,0.0,-0.0,-0.0,0.0,1250
마라13aa91aa,0.0,128.7428407,35.20910622,0.0,0.0,0.0,0.0,0.0,0.0,-0.0,-0.0,0.0,1250
마라13aa91ab,0.0,128.742875,35.21135997,0.0,0.0,0.0,0.0,0.0,0.0,-0.0,-0.0,0.0,1250
마라13aa91ba,0.0,128.7429094,35.21361372,0.0,0.0,0.0,0.0,0.0,0.0,-0.0,-0.0,0.0,1250
마마26ab02ab,0.0,128.8901058,35.30893663,0.0,0.0,0.0,0.0,0.0,0.0,-0.0,-0.0,0.0,1250
마마26ab02ba,0.0,128.8901444,35.31119021,0.0,0.0,0.0,0.0,0.0,0.0,-0.0,-0.0,0.0,1250
마마26ab02bb,0.0,128.8901829,35.31344379,0.0,0.0,0.0,0.0,0.0,0.0,-0.0,-0.0,0.0,1250
마마26ab03aa,0.0,128.8902215,35.31569736,0.0,0.0,0.0,0.0,0.0,0.0,-0.0,-0.0,0.0,1250
마마26ab03ab,0.0,128.8902601,35.31795094,0.0,0.0,0.0,0.0,0.0,0.0,-0.0,-0.0,0.0,1250
마마26ab03ba,0.0,128.8902986,35.32020452,0.0,0.0,0.0,0.0,0.0,0.0,-0.0,-0.0,0.0,1250
마마26ab03bb,0.0,128.8903372,35.32245809,0.0,0.0,0.0,0.0,0.0,0.0,-0.0,-0.0,0.0,1250
마마26ab04aa,0.0,128.8903758,35.32471167,0.0,0.0,0.0,0.0,0.0,0.0,-0.0,-0.0,0.0,1250
마마26ab04ab,0.0,128.8904144,35.32696524,0.0,0.0,0.0,0.0,0.0,0.0,-0.0,-0.0,0.0,1250
마마26ab06bb,0.0,128.8908006,35.34950092,0.0,0.0,0.0,0.0,0.0,0.0,-0.0,-0.0,0.0,1250
마마26ab07aa,0.0,128.8908392,35.35175449,0.0,0.0,0.0,0.0,0.0,0.0,-0.0,-0.0,0.0,1250
마마26ab07ab,0.0,128.8908779,35.35400805,0.0,0.0,0.0,0.0,0.0,0.0,-0.0,-0.0,0.0,1250
마마26ab07ba,0.0,128.8909165,35.35626161,0.0,0.0,0.0,0.0,0.0,0.0,-0.0,-0.0,0.0,1250
마마26ab08aa,0.0,128.8909938,35.36076873,0.0,0.0,0.0,0.0,0.0,0.0,-0.0,-0.0,0.0,1250
마마26ab08ab,0.0,128.8910325,35.36302229,0.0,0.0,0.0,0.0,0.0,0.0,-0.0,-0.0,0.0,1250
마마26ab08ba,0.0,128.8910711,35.36527585,0.0,0.0,0.0,0.0,0.0,0.0,-0.0,-0.0,0.0,1250
마마26ba00ab,0.0,128.8925461,35.29087634,0.0,0.0,0.0,0.0,0.0,0.0,-0.0,-0.0,0.0,1250
마라12bb99bb,0.0,128.7412965,35.2880152,0.0,0.0,0.0,0.0,0.0,0.0,-0.0,-0.0,0.0,1250
마라13aa86ab,0.0,128.7421887,35.1662848,0.0,0.0,0.0,0.0,0.0,0.0,-0.0,-0.0,0.0,1250
마라13aa86ba,0.0,128.742223,35.16853857,0.0,0.0,0.0,0.0,0.0,0.0,-0.0,-0.0,0.0,1250
마라13aa86bb,0.0,128.7422573,35.17079233,0.0,0.0,0.0,0.0,0.0,0.0,-0.0,-0.0,0.0,1250
마라13aa87aa,0.0,128.7422916,35.1730461,0.0,0.0,0.0,0.0,0.0,0.0,-0.0,-0.0,0.0,1250
마라13aa87ab,0.0,128.7423259,35.17529986,0.0,0.0,0.0,0.0,0.0,0.0,-0.0,-0.0,0.0,1250
마라13aa87ba,0.0,128.7423602,35.17755362,0.0,0.0,0.0,0.0,0.0,0.0,-0.0,-0.0,0.0,1250
마라13aa87bb,0.0,128.7423945,35.17980739,0.0,0.0,0.0,0.0,0.0,0.0,-0.0,-0.0,0.0,1250
마마26ba02ba,0.0,128.8928937,35.31115857,0.0,0.0,0.0,0.0,0.0,0.0,-0.0,-0.0,0.0,1250
마마26ba02bb,0.0,128.8929323,35.31341214,0.0,0.0,0.0,0.0,0.0,0.0,-0.0,-0.0,0.0,1250
마마26ba03aa,0.0,128.892971,35.31566572,0.0,0.0,0.0,0.0,0.0,0.0,-0.0,-0.0,0.0,1250
마마26ba03ab,0.0,128.8930096,35.31791929,0.0,0.0,0.0,0.0,0.0,0.0,-0.0,-0.0,0.0,1250
마마26ba03ba,0.0,128.8930483,35.32017286,0.0,0.0,0.0,0.0,0.0,0.0,-0.0,-0.0,0.0,1250
마마26ba03bb,0.0,128.8930869,35.32242644,0.0,0.0,0.0,0.0,0.0,0.0,-0.0,-0.0,0.0,1250
마마26ba04aa,0.0,128.8931256,35.32468001,0.0,0.0,0.0,0.0,0.0,0.0,-0.0,-0.0,0.0,1250
마마26ba04ab,0.0,128.8931643,35.32693358,0.0,0.0,0.0,0.0,0.0,0.0,-0.0,-0.0,0.0,1250
마라12bb97ba,0.0,128.740987,35.26773166,0.0,0.0,0.0,0.0,0.0,0.0,-0.0,-0.0,0.0,1250
마라12bb97bb,0.0,128.7410214,35.26998539,0.0,0.0,0.0,0.0,0.0,0.0,-0.0,-0.0,0.0,1250
마라12bb98aa,0.0,128.7410558,35.27223912,0.0,0.0,0.0,0.0,0.0,0.0,-0.0,-0.0,0.0,1250
마라12bb98ab,0.0,128.7410902,35.27449285,0.0,0.0,0.0,0.0,0.0,0.0,-0.0,-0.0,0.0,1250
마라12bb98bb,0.0,128.7411589,35.2790003,0.0,0.0,0.0,0.0,0.0,0.0,-0.0,-0.0,0.0,1250
마라12bb99aa,0.0,128.7411933,35.28125403,0.0,0.0,0.0,0.0,0.0,0.0,-0.0,-0.0,0.0,1250
마라12bb99ab,0.0,128.7412277,35.28350775,0.0,0.0,0.0,0.0,0.0,0.0,-0.0,-0.0,0.0,1250
마마26ab05ab,0.0,128.8905688,35.33597952,0.0,0.0,0.0,0.0,0.0,0.0,-0.0,-0.0,0.0,1250
마마26ba08aa,0.0,128.8937448,35.36073703,0.0,0.0,0.0,0.0,0.0,0.0,-0.0,-0.0,0.0,1250
마마26ba08ab,0.0,128.8937835,35.36299059,0.0,0.0,0.0,0.0,0.0,0.0,-0.0,-0.0,0.0,1250
마라12bb91ba,0.0,128.7401632,35.21364188,0.0,0.0,0.0,0.0,0.0,0.0,-0.0,-0.0,0.0,1250
마라12bb91bb,0.0,128.7401975,35.21589563,0.0,0.0,0.0,0.0,0.0,0.0,-0.0,-0.0,0.0,1250
마라12bb92aa,0.0,128.7402318,35.21814938,0.0,0.0,0.0,0.0,0.0,0.0,-0.0,-0.0,0.0,1250
마라12bb92ab,0.0,128.740266,35.22040313,0.0,0.0,0.0,0.0,0.0,0.0,-0.0,-0.0,0.0,1250
마라12bb93ba,0.0,128.7404376,35.23167186,0.0,0.0,0.0,0.0,0.0,0.0,-0.0,-0.0,0.0,1250
마라12bb93bb,0.0,128.7404719,35.23392561,0.0,0.0,0.0,0.0,0.0,0.0,-0.0,-0.0,0.0,1250
마라12bb94aa,0.0,128.7405062,35.23617935,0.0,0.0,0.0,0.0,0.0,0.0,-0.0,-0.0,0.0,1250
마라12bb94ba,0.0,128.7405748,35.24068683,0.0,0.0,0.0,0.0,0.0,0.0,-0.0,-0.0,0.0,1250
마마26ba00ba,0.0,128.8925847,35.29312993,0.0,0.0,0.0,0.0,0.0,0.0,-0.0,-0.0,0.0,1250
마마26ba01ab,0.0,128.8927005,35.29989067,0.0,0.0,0.0,0.0,0.0,0.0,-0.0,-0.0,0.0,1250
마마26ba02aa,0.0,128.8928164,35.30665141,0.0,0.0,0.0,0.0,0.0,0.0,-0.0,-0.0,0.0,1250
마마26ba02ab,0.0,128.892855,35.30890499,0.0,0.0,0.0,0.0,0.0,0.0,-0.0,-0.0,0.0,1250
마마26bb00bb,0.0,128.8953721,35.29535182,0.0,0.0,0.0,0.0,0.0,0.0,-0.0,-0.0,0.0,1250
마마26bb01aa,0.0,128.8954108,35.2976054,0.0,0.0,0.0,0.0,0.0,0.0,-0.0,-0.0,0.0,1250
마마26bb02aa,0.0,128.8955656,35.30661971,0.0,0.0,0.0,0.0,0.0,0.0,-0.0,-0.0,0.0,1250
마마26bb02ab,0.0,128.8956043,35.30887329,0.0,0.0,0.0,0.0,0.0,0.0,-0.0,-0.0,0.0,1250
마마26bb02ba,0.0,128.895643,35.31112686,0.0,0.0,0.0,0.0,0.0,0.0,-0.0,-0.0,0.0,1250
마마26bb02bb,0.0,128.8956817,35.31338044,0.0,0.0,0.0,0.0,0.0,0.0,-0.0,-0.0,0.0,1250
마마26bb03aa,0.0,128.8957204,35.31563401,0.0,0.0,0.0,0.0,0.0,0.0,-0.0,-0.0,0.0,1250
마마26bb03ab,0.0,128.8957591,35.31788758,0.0,0.0,0.0,0.0,0.0,0.0,-0.0,-0.0,0.0,1250
마마26bb03ba,0.0,128.8957979,35.32014115,0.0,0.0,0.0,0.0,0.0,0.0,-0.0,-0.0,0.0,1250
마마26ba04ba,0.0,128.8932029,35.32918715,0.0,0.0,0.0,0.0,0.0,0.0,-0.0,-0.0,0.0,1250
마마26ba04bb,0.0,128.8932416,35.33144072,0.0,0.0,0.0,0.0,0.0,0.0,-0.0,-0.0,0.0,1250
마마26ba06bb,0.0,128.8935512,35.34946924,0.0,0.0,0.0,0.0,0.0,0.0,-0.0,-0.0,0.0,1250
마마26ba07aa,0.0,128.8935899,35.3517228,0.0,0.0,0.0,0.0,0.0,0.0,-0.0,-0.0,0.0,1250
마마26ba07ab,0.0,128.8936286,35.35397636,0.0,0.0,0.0,0.0,0.0,0.0,-0.0,-0.0,0.0,1250
마마26ba07ba,0.0,128.8936673,35.35622992,0.0,0.0,0.0,0.0,0.0,0.0,-0.0,-0.0,0.0,1250
마라12bb90ba,0.0,128.7400261,35.20462687,0.0,0.0,0.0,0.0,0.0,0.0,-0.0,-0.0,0.0,1250
마라12bb90bb,0.0,128.7400604,35.20688062,0.0,0.0,0.0,0.0,0.0,0.0,-0.0,-0.0,0.0,1250
마라12bb91aa,0.0,128.7400946,35.20913438,0.0,0.0,0.0,0.0,0.0,0.0,-0.0,-0.0,0.0,1250
마라12bb91ab,0.0,128.7401289,35.21138813,0.0,0.0,0.0,0.0,0.0,0.0,-0.0,-0.0,0.0,1250
마마26bb03bb,0.0,128.8958366,35.32239472,0.0,0.0,0.0,0.0,0.0,0.0,-0.0,-0.0,0.0,1250
마마26bb04aa,0.0,128.8958754,35.32464829,0.0,0.0,0.0,0.0,0.0,0.0,-0.0,-0.0,0.0,1250
마마26bb04ab,0.0,128.8959141,35.32690186,0.0,0.0,0.0,0.0,0.0,0.0,-0.0,-0.0,0.0,1250
마마26bb04ba,0.0,128.8959529,35.32915542,0.0,0.0,0.0,0.0,0.0,0.0,-0.0,-0.0,0.0,1250
마마26bb04bb,0.0,128.8959916,35.33140899,0.0,0.0,0.0,0.0,0.0,0.0,-0.0,-0.0,0.0,1250
마마26bb05ab,0.0,128.8960691,35.33591612,0.0,0.0,0.0,0.0,0.0,0.0,-0.0,-0.0,0.0,1250
마마26bb05bb,0.0,128.8961467,35.34042325,0.0,0.0,0.0,0.0,0.0,0.0,-0.0,-0.0,0.0,1250
마마26bb07aa,0.0,128.8963406,35.35169105,0.0,0.0,0.0,0.0,0.0,0.0,-0.0,-0.0,0.0,1250
마마26bb07ab,0.0,128.8963794,35.3539446,0.0,0.0,0.0,0.0,0.0,0.0,-0.0,-0.0,0.0,1250
마마26ba08ba,0.0,128.8938223,35.36524415,0.0,0.0,0.0,0.0,0.0,0.0,-0.0,-0.0,0.0,1250
마마26bb00ab,0.0,128.8952947,35.29084466,0.0,0.0,0.0,0.0,0.0,0.0,-0.0,-0.0,0.0,1250
마마26bb00ba,0.0,128.8953334,35.29309824,0.0,0.0,0.0,0.0,0.0,0.0,-0.0,-0.0,0.0,1250
마마27aa01aa,0.0,128.8981596,35.29757365,0.0,0.0,0.0,0.0,0.0,0.0,-0.0,-0.0,0.0,1250
마마27aa02aa,0.0,128.8983147,35.30658795,0.0,0.0,0.0,0.0,0.0,0.0,-0.0,-0.0,0.0,1250
마마27aa02ab,0.0,128.8983535,35.30884152,0.0,0.0,0.0,0.0,0.0,0.0,-0.0,-0.0,0.0,1250
마마27aa02ba,0.0,128.8983923,35.31109509,0.0,0.0,0.0,0.0,0.0,0.0,-0.0,-0.0,0.0,1250
마마27aa02bb,0.0,128.8984311,35.31334867,0.0,0.0,0.0,0.0,0.0,0.0,-0.0,-0.0,0.0,1250
마라12ba97ba,0.0,128.738239,35.26775982,0.0,0.0,0.0,0.0,0.0,0.0,-0.0,-0.0,0.0,1250
마라12ba97bb,0.0,128.7382733,35.27001355,0.0,0.0,0.0,0.0,0.0,0.0,-0.0,-0.0,0.0,1250
마라12ba98aa,0.0,128.7383076,35.27226728,0.0,0.0,0.0,0.0,0.0,0.0,-0.0,-0.0,0.0,1250
마라12ba98bb,0.0,128.7384105,35.27902847,0.0,0.0,0.0,0.0,0.0,0.0,-0.0,-0.0,0.0,1250
마라12ba99aa,0.0,128.7384448,35.2812822,0.0,0.0,0.0,0.0,0.0,0.0,-0.0,-0.0,0.0,1250
마라12ba99ab,0.0,128.7384792,35.28353593,0.0,0.0,0.0,0.0,0.0,0.0,-0.0,-0.0,0.0,1250
마라12ba99ba,0.0,128.7385135,35.28578965,0.0,0.0,0.0,0.0,0.0,0.0,-0.0,-0.0,0.0,1250
마라12ba99bb,0.0,128.7385478,35.28804338,0.0,0.0,0.0,0.0,0.0,0.0,-0.0,-0.0,0.0,1250
마라12bb86ba,0.0,128.7394783,35.16856668,0.0,0.0,0.0,0.0,0.0,0.0,-0.0,-0.0,0.0,1250
마라12bb86bb,0.0,128.7395125,35.17082045,0.0,0.0,0.0,0.0,0.0,0.0,-0.0,-0.0,0.0,1250
마마27aa03bb,0.0,128.8985863,35.32236294,0.0,0.0,0.0,0.0,0.0,0.0,-0.0,-0.0,0.0,1250
마마27aa04aa,0.0,128.8986251,35.32461651,0.0,0.0,0.0,0.0,0.0,0.0,-0.0,-0.0,0.0,1250
마마27aa04ab,0.0,128.8986639,35.32687007,0.0,0.0,0.0,0.0,0.0,0.0,-0.0,-0.0,0.0,1250
마마27aa05aa,0.0,128.8987804,35.33363076,0.0,0.0,0.0,0.0,0.0,0.0,-0.0,-0.0,0.0,1250
마마27aa05ab,0.0,128.8988193,35.33588432,0.0,0.0,0.0,0.0,0.0,0.0,-0.0,-0.0,0.0,1250
마마27aa05ba,0.0,128.8988581,35.33813788,0.0,0.0,0.0,0.0,0.0,0.0,-0.0,-0.0,0.0,1250
마마27aa05bb,0.0,128.898897,35.34039144,0.0,0.0,0.0,0.0,0.0,0.0,-0.0,-0.0,0.0,1250
마마27aa06aa,0.0,128.8989358,35.342645,0.0,0.0,0.0,0.0,0.0,0.0,-0.0,-0.0,0.0,1250
마마27aa06ab,0.0,128.8989747,35.34489856,0.0,0.0,0.0,0.0,0.0,0.0,-0.0,-0.0,0.0,1250
마마27aa06bb,0.0,128.8990524,35.34940568,0.0,0.0,0.0,0.0,0.0,0.0,-0.0,-0.0,0.0,1250
마마26bb08aa,0.0,128.8964958,35.36070527,0.0,0.0,0.0,0.0,0.0,0.0,-0.0,-0.0,0.0,1250
마마26bb08ab,0.0,128.8965346,35.36295882,0.0,0.0,0.0,0.0,0.0,0.0,-0.0,-0.0,0.0,1250
마마26bb08ba,0.0,128.8965734,35.36521238,0.0,0.0,0.0,0.0,0.0,0.0,-0.0,-0.0,0.0,1250
마마27aa00bb,0.0,128.8981208,35.29532008,0.0,0.0,0.0,0.0,0.0,0.0,-0.0,-0.0,0.0,1250
마마27ab02aa,0.0,128.9010639,35.30655613,0.0,0.0,0.0,0.0,0.0,0.0,-0.0,-0.0,0.0,1250
마라12ba93ba,0.0,128.7376908,35.23169998,0.0,0.0,0.0,0.0,0.0,0.0,-0.0,-0.0,0.0,1250
마라12ba93bb,0.0,128.737725,35.23395373,0.0,0.0,0.0,0.0,0.0,0.0,-0.0,-0.0,0.0,1250
마라12ba94aa,0.0,128.7377592,35.23620748,0.0,0.0,0.0,0.0,0.0,0.0,-0.0,-0.0,0.0,1250
마라12ba94ab,0.0,128.7377935,35.23846122,0.0,0.0,0.0,0.0,0.0,0.0,-0.0,-0.0,0.0,1250
마라12ba94ba,0.0,128.7378277,35.24071496,0.0,0.0,0.0,0.0,0.0,0.0,-0.0,-0.0,0.0,1250
마라12ba94bb,0.0,128.737862,35.24296871,0.0,0.0,0.0,0.0,0.0,0.0,-0.0,-0.0,0.0,1250
마라12ba95aa,0.0,128.7378962,35.24522245,0.0,0.0,0.0,0.0,0.0,0.0,-0.0,-0.0,0.0,1250
마라12ba95ba,0.0,128.7379648,35.24972993,0.0,0.0,0.0,0.0,0.0,0.0,-0.0,-0.0,0.0,1250
마라12ba95bb,0.0,128.737999,35.25198367,0.0,0.0,0.0,0.0,0.0,0.0,-0.0,-0.0,0.0,1250
마라12ba96aa,0.0,128.7380333,35.25423741,0.0,0.0,0.0,0.0,0.0,0.0,-0.0,-0.0,0.0,1250
마라12ba97aa,0.0,128.7381704,35.26325235,0.0,0.0,0.0,0.0,0.0,0.0,-0.0,-0.0,0.0,1250
마라12ba97ab,0.0,128.7382047,35.26550608,0.0,0.0,0.0,0.0,0.0,0.0,-0.0,-0.0,0.0,1250
마마27aa03aa,0.0,128.8984699,35.31560224,0.0,0.0,0.0,0.0,0.0,0.0,-0.0,-0.0,0.0,1250
마마27aa03ab,0.0,128.8985087,35.3178558,0.0,0.0,0.0,0.0,0.0,0.0,-0.0,-0.0,0.0,1250
마마27aa03ba,0.0,128.8985475,35.32010937,0.0,0.0,0.0,0.0,0.0,0.0,-0.0,-0.0,0.0,1250
마마27ab04aa,0.0,128.9013749,35.32458466,0.0,0.0,0.0,0.0,0.0,0.0,-0.0,-0.0,0.0,1250
마마27ab04ab,0.0,128.9014138,35.32683822,0.0,0.0,0.0,0.0,0.0,0.0,-0.0,-0.0,0.0,1250
마마27ab04ba,0.0,128.9014527,35.32909178,0.0,0.0,0.0,0.0,0.0,0.0,-0.0,-0.0,0.0,1250
마마27ab04bb,0.0,128.9014916,35.33134535,0.0,0.0,0.0,0.0,0.0,0.0,-0.0,-0.0,0.0,1250
마마27ab05aa,0.0,128.9015305,35.33359891,0.0,0.0,0.0,0.0,0.0,0.0,-0.0,-0.0,0.0,1250
마마27ab05ab,0.0,128.9015694,35.33585246,0.0,0.0,0.0,0.0,0.0,0.0,-0.0,-0.0,0.0,1250
마마27ab05ba,0.0,128.9016083,35.33810602,0.0,0.0,0.0,0.0,0.0,0.0,-0.0,-0.0,0.0,1250
마마27ab05bb,0.0,128.9016473,35.34035958,0.0,0.0,0.0,0.0,0.0,0.0,-0.0,-0.0,0.0,1250
마마27ab06aa,0.0,128.9016862,35.34261314,0.0,0.0,0.0,0.0,0.0,0.0,-0.0,-0.0,0.0,1250
마마27aa07ab,0.0,128.8991301,35.35391279,0.0,0.0,0.0,0.0,0.0,0.0,-0.0,-0.0,0.0,1250
마마27aa07ba,0.0,128.899169,35.35616634,0.0,0.0,0.0,0.0,0.0,0.0,-0.0,-0.0,0.0,1250
마마27aa08ab,0.0,128.8992857,35.362927,0.0,0.0,0.0,0.0,0.0,0.0,-0.0,-0.0,0.0,1250
마마27aa08ba,0.0,128.8993246,35.36518055,0.0,0.0,0.0,0.0,0.0,0.0,-0.0,-0.0,0.0,1250
마마27ab00aa,0.0,128.9007531,35.28852754,0.0,0.0,0.0,0.0,0.0,0.0,-0.0,-0.0,0.0,1250
마라12ba93ab,0.0,128.7376565,35.22944624,0.0,0.0,0.0,0.0,0.0,0.0,-0.0,-0.0,0.0,1250
마마27ab06ab,0.0,128.9017251,35.34486669,0.0,0.0,0.0,0.0,0.0,0.0,-0.0,-0.0,0.0,1250
마마27ab06ba,0.0,128.9017641,35.34712025,0.0,0.0,0.0,0.0,0.0,0.0,-0.0,-0.0,0.0,1250
마마27ab06bb,0.0,128.901803,35.3493738,0.0,0.0,0.0,0.0,0.0,0.0,-0.0,-0.0,0.0,1250
마마27ab07aa,0.0,128.9018419,35.35162735,0.0,0.0,0.0,0.0,0.0,0.0,-0.0,-0.0,0.0,1250
마마27ab07bb,0.0,128.9019588,35.35838801,0.0,0.0,0.0,0.0,0.0,0.0,-0.0,-0.0,0.0,1250
마마27ab08aa,0.0,128.9019978,35.36064156,0.0,0.0,0.0,0.0,0.0,0.0,-0.0,-0.0,0.0,1250
마마27ab08ba,0.0,128.9020757,35.36514865,0.0,0.0,0.0,0.0,0.0,0.0,-0.0,-0.0,0.0,1250
마마27ba00aa,0.0,128.9035016,35.28849567,0.0,0.0,0.0,0.0,0.0,0.0,-0.0,-0.0,0.0,1250
마마27ba00ab,0.0,128.9035405,35.29074925,0.0,0.0,0.0,0.0,0.0,0.0,-0.0,-0.0,0.0,1250
마마27ba00ba,0.0,128.9035795,35.29300282,0.0,0.0,0.0,0.0,0.0,0.0,-0.0,-0.0,0.0,1250
마마27ab02ba,0.0,128.9011416,35.31106327,0.0,0.0,0.0,0.0,0.0,0.0,-0.0,-0.0,0.0,1250
마마27ab02bb,0.0,128.9011805,35.31331683,0.0,0.0,0.0,0.0,0.0,0.0,-0.0,-0.0,0.0,1250
마마27ab03ba,0.0,128.9012971,35.32007753,0.0,0.0,0.0,0.0,0.0,0.0,-0.0,-0.0,0.0,1250
마마27ab03bb,0.0,128.901336,35.3223311,0.0,0.0,0.0,0.0,0.0,0.0,-0.0,-0.0,0.0,1250
마마27ba04bb,0.0,128.9042416,35.33131343,0.0,0.0,0.0,0.0,0.0,0.0,-0.0,-0.0,0.0,1250
마마27ba05aa,0.0,128.9042806,35.33356699,0.0,0.0,0.0,0.0,0.0,0.0,-0.0,-0.0,0.0,1250
마마27ba05ab,0.0,128.9043195,35.33582054,0.0,0.0,0.0,0.0,0.0,0.0,-0.0,-0.0,0.0,1250
마라12ab99ab,0.0,128.7357306,35.28356404,0.0,0.0,0.0,0.0,0.0,0.0,-0.0,-0.0,0.0,1250
마라12ab99bb,0.0,128.7357991,35.28807149,0.0,0.0,0.0,0.0,0.0,0.0,-0.0,-0.0,0.0,1250
마라12ba90ba,0.0,128.7372802,35.20465496,0.0,0.0,0.0,0.0,0.0,0.0,-0.0,-0.0,0.0,1250
마라12ba90bb,0.0,128.7373144,35.20690872,0.0,0.0,0.0,0.0,0.0,0.0,-0.0,-0.0,0.0,1250
마라12ba91aa,0.0,128.7373486,35.20916248,0.0,0.0,0.0,0.0,0.0,0.0,-0.0,-0.0,0.0,1250
마라12ba91ab,0.0,128.7373828,35.21141623,0.0,0.0,0.0,0.0,0.0,0.0,-0.0,-0.0,0.0,1250
마라12ba91ba,0.0,128.737417,35.21366998,0.0,0.0,0.0,0.0,0.0,0.0,-0.0,-0.0,0.0,1250
마라12ba91bb,0.0,128.7374512,35.21592374,0.0,0.0,0.0,0.0,0.0,0.0,-0.0,-0.0,0.0,1250
마라12ba92aa,0.0,128.7374854,35.21817749,0.0,0.0,0.0,0.0,0.0,0.0,-0.0,-0.0,0.0,1250
마라12ba92ab,0.0,128.7375196,35.22043124,0.0,0.0,0.0,0.0,0.0,0.0,-0.0,-0.0,0.0,1250
마라12ba92ba,0.0,128.7375538,35.22268499,0.0,0.0,0.0,0.0,0.0,0.0,-0.0,-0.0,0.0,1250
마라12ba92bb,0.0,128.7375881,35.22493874,0.0,0.0,0.0,0.0,0.0,0.0,-0.0,-0.0,0.0,1250
마라12ba93aa,0.0,128.7376223,35.22719249,0.0,0.0,0.0,0.0,0.0,0.0,-0.0,-0.0,0.0,1250
마마27ba07aa,0.0,128.9045926,35.35159541,0.0,0.0,0.0,0.0,0.0,0.0,-0.0,-0.0,0.0,1250
마마27ba07ab,0.0,128.9046316,35.35384896,0.0,0.0,0.0,0.0,0.0,0.0,-0.0,-0.0,0.0,1250
마마27ba07ba,0.0,128.9046707,35.35610251,0.0,0.0,0.0,0.0,0.0,0.0,-0.0,-0.0,0.0,1250
마마27ba07bb,0.0,128.9047097,35.35835606,0.0,0.0,0.0,0.0,0.0,0.0,-0.0,-0.0,0.0,1250
마마27ba08aa,0.0,128.9047487,35.36060961,0.0,0.0,0.0,0.0,0.0,0.0,-0.0,-0.0,0.0,1250
마마27ba08ba,0.0,128.9048268,35.3651167,0.0,0.0,0.0,0.0,0.0,0.0,-0.0,-0.0,0.0,1250
마마27bb00aa,0.0,128.9062502,35.28846374,0.0,0.0,0.0,0.0,0.0,0.0,-0.0,-0.0,0.0,1250
마마27bb00ab,0.0,128.9062892,35.29071731,0.0,0.0,0.0,0.0,0.0,0.0,-0.0,-0.0,0.0,1250
마마27bb00ba,0.0,128.9063281,35.29297089,0.0,0.0,0.0,0.0,0.0,0.0,-0.0,-0.0,0.0,1250
마마27ba02aa,0.0,128.903813,35.30652424,0.0,0.0,0.0,0.0,0.0,0.0,-0.0,-0.0,0.0,1250
마마27ba02ab,0.0,128.9038519,35.30877781,0.0,0.0,0.0,0.0,0.0,0.0,-0.0,-0.0,0.0,1250
마마27ba03ba,0.0,128.9040467,35.32004563,0.0,0.0,0.0,0.0,0.0,0.0,-0.0,-0.0,0.0,1250
마마27ba03bb,0.0,128.9040857,35.32229919,0.0,0.0,0.0,0.0,0.0,0.0,-0.0,-0.0,0.0,1250
마마27ba04aa,0.0,128.9041246,35.32455275,0.0,0.0,0.0,0.0,0.0,0.0,-0.0,-0.0,0.0,1250
마마27ba04ab,0.0,128.9041636,35.32680631,0.0,0.0,0.0,0.0,0.0,0.0,-0.0,-0.0,0.0,1250
마마27ba04ba,0.0,128.9042026,35.32905987,0.0,0.0,0.0,0.0,0.0,0.0,-0.0,-0.0,0.0,1250
마마27bb01aa,0.0,128.9064061,35.29747802,0.0,0.0,0.0,0.0,0.0,0.0,-0.0,-0.0,0.0,1250
마마27bb02aa,0.0,128.9065621,35.30649229,0.0,0.0,0.0,0.0,0.0,0.0,-0.0,-0.0,0.0,1250
마마27bb02ab,0.0,128.9066012,35.30874586,0.0,0.0,0.0,0.0,0.0,0.0,-0.0,-0.0,0.0,1250
마마27bb03ab,0.0,128.9067573,35.3177601,0.0,0.0,0.0,0.0,0.0,0.0,-0.0,-0.0,0.0,1250
마마27bb03ba,0.0,128.9067963,35.32001366,0.0,0.0,0.0,0.0,0.0,0.0,-0.0,-0.0,0.0,1250
마마27bb03bb,0.0,128.9068353,35.32226722,0.0,0.0,0.0,0.0,0.0,0.0,-0.0,-0.0,0.0,1250
마마27bb04aa,0.0,128.9068744,35.32452078,0.0,0.0,0.0,0.0,0.0,0.0,-0.0,-0.0,0.0,1250
마마27bb04ab,0.0,128.9069134,35.32677434,0.0,0.0,0.0,0.0,0.0,0.0,-0.0,-0.0,0.0,1250
마마27bb04ba,0.0,128.9069525,35.3290279,0.0,0.0,0.0,0.0,0.0,0.0,-0.0,-0.0,0.0,1250
마마27ba05ba,0.0,128.9043585,35.3380741,0.0,0.0,0.0,0.0,0.0,0.0,-0.0,-0.0,0.0,1250
마마27ba05bb,0.0,128.9043975,35.34032765,0.0,0.0,0.0,0.0,0.0,0.0,-0.0,-0.0,0.0,1250
마마27ba06aa,0.0,128.9044365,35.34258121,0.0,0.0,0.0,0.0,0.0,0.0,-0.0,-0.0,0.0,1250
마마27ba06ab,0.0,128.9044756,35.34483476,0.0,0.0,0.0,0.0,0.0,0.0,-0.0,-0.0,0.0,1250
마마27ba06ba,0.0,128.9045146,35.34708831,0.0,0.0,0.0,0.0,0.0,0.0,-0.0,-0.0,0.0,1250
마마27ba06bb,0.0,128.9045536,35.34934186,0.0,0.0,0.0,0.0,0.0,0.0,-0.0,-0.0,0.0,1250
마마27bb04bb,0.0,128.9069915,35.33128145,0.0,0.0,0.0,0.0,0.0,0.0,-0.0,-0.0,0.0,1250
마마27bb05aa,0.0,128.9070306,35.33353501,0.0,0.0,0.0,0.0,0.0,0.0,-0.0,-0.0,0.0,1250
마마27bb05ab,0.0,128.9070697,35.33578856,0.0,0.0,0.0,0.0,0.0,0.0,-0.0,-0.0,0.0,1250
마마27bb05ba,0.0,128.9071088,35.33804211,0.0,0.0,0.0,0.0,0.0,0.0,-0.0,-0.0,0.0,1250
마마27bb05bb,0.0,128.9071478,35.34029567,0.0,0.0,0.0,0.0,0.0,0.0,-0.0,-0.0,0.0,1250
마마27bb06aa,0.0,128.9071869,35.34254922,0.0,0.0,0.0,0.0,0.0,0.0,-0.0,-0.0,0.0,1250
마마27bb06ab,0.0,128.907226,35.34480277,0.0,0.0,0.0,0.0,0.0,0.0,-0.0,-0.0,0.0,1250
마마27bb06ba,0.0,128.9072651,35.34705632,0.0,0.0,0.0,0.0,0.0,0.0,-0.0,-0.0,0.0,1250
마마27bb06bb,0.0,128.9073042,35.34930986,0.0,0.0,0.0,0.0,0.0,0.0,-0.0,-0.0,0.0,1250
마마27bb07aa,0.0,128.9073433,35.35156341,0.0,0.0,0.0,0.0,0.0,0.0,-0.0,-0.0,0.0,1250
마마27bb07ab,0.0,128.9073824,35.35381696,0.0,0.0,0.0,0.0,0.0,0.0,-0.0,-0.0,0.0,1250
마마27bb07ba,0.0,128.9074215,35.35607051,0.0,0.0,0.0,0.0,0.0,0.0,-0.0,-0.0,0.0,1250
마마27bb07bb,0.0,128.9074606,35.35832405,0.0,0.0,0.0,0.0,0.0,0.0,-0.0,-0.0,0.0,1250
마마27bb08ab,0.0,128.9075388,35.36283114,0.0,0.0,0.0,0.0,0.0,0.0,-0.0,-0.0,0.0,1250
마마27bb08ba,0.0,128.907578,35.36508468,0.0,0.0,0.0,0.0,0.0,0.0,-0.0,-0.0,0.0,1250
마마27bb00bb,0.0,128.9063671,35.29522446,0.0,0.0,0.0,0.0,0.0,0.0,-0.0,-0.0,0.0,1250
마마28aa02ab,0.0,128.9093504,35.30871384,0.0,0.0,0.0,0.0,0.0,0.0,-0.0,-0.0,0.0,1250
마마28aa03aa,0.0,128.9094677,35.31547452,0.0,0.0,0.0,0.0,0.0,0.0,-0.0,-0.0,0.0,1250
마마28aa03ab,0.0,128.9095068,35.31772808,0.0,0.0,0.0,0.0,0.0,0.0,-0.0,-0.0,0.0,1250
마마28aa03ba,0.0,128.9095459,35.31998164,0.0,0.0,0.0,0.0,0.0,0.0,-0.0,-0.0,0.0,1250
마마28aa03bb,0.0,128.909585,35.32223519,0.0,0.0,0.0,0.0,0.0,0.0,-0.0,-0.0,0.0,1250
마라12ab95aa,0.0,128.735149,35.24525052,0.0,0.0,0.0,0.0,0.0,0.0,-0.0,-0.0,0.0,1250
마라12ab95ab,0.0,128.7351832,35.24750426,0.0,0.0,0.0,0.0,0.0,0.0,-0.0,-0.0,0.0,1250
마라12ab95ba,0.0,128.7352173,35.24975801,0.0,0.0,0.0,0.0,0.0,0.0,-0.0,-0.0,0.0,1250
마라12ab96aa,0.0,128.7352857,35.25426549,0.0,0.0,0.0,0.0,0.0,0.0,-0.0,-0.0,0.0,1250
마라12ab96ba,0.0,128.7353541,35.25877297,0.0,0.0,0.0,0.0,0.0,0.0,-0.0,-0.0,0.0,1250
마라12ab96bb,0.0,128.7353883,35.26102671,0.0,0.0,0.0,0.0,0.0,0.0,-0.0,-0.0,0.0,1250
마라12ab97aa,0.0,128.7354226,35.26328044,0.0,0.0,0.0,0.0,0.0,0.0,-0.0,-0.0,0.0,1250
마라12ab97ab,0.0,128.7354568,35.26553418,0.0,0.0,0.0,0.0,0.0,0.0,-0.0,-0.0,0.0,1250
마라12ab97ba,0.0,128.735491,35.26778791,0.0,0.0,0.0,0.0,0.0,0.0,-0.0,-0.0,0.0,1250
마라12ab97bb,0.0,128.7355252,35.27004165,0.0,0.0,0.0,0.0,0.0,0.0,-0.0,-0.0,0.0,1250
마라12ab98aa,0.0,128.7355594,35.27229538,0.0,0.0,0.0,0.0,0.0,0.0,-0.0,-0.0,0.0,1250
마마28aa04ab,0.0,128.9096633,35.3267423,0.0,0.0,0.0,0.0,0.0,0.0,-0.0,-0.0,0.0,1250
마마28aa04ba,0.0,128.9097024,35.32899586,0.0,0.0,0.0,0.0,0.0,0.0,-0.0,-0.0,0.0,1250
마마28aa04bb,0.0,128.9097415,35.33124941,0.0,0.0,0.0,0.0,0.0,0.0,-0.0,-0.0,0.0,1250
마마28aa05aa,0.0,128.9097807,35.33350296,0.0,0.0,0.0,0.0,0.0,0.0,-0.0,-0.0,0.0,1250
마마28aa05ab,0.0,128.9098198,35.33575651,0.0,0.0,0.0,0.0,0.0,0.0,-0.0,-0.0,0.0,1250
마마28aa05ba,0.0,128.909859,35.33801006,0.0,0.0,0.0,0.0,0.0,0.0,-0.0,-0.0,0.0,1250
마마28aa05bb,0.0,128.9098981,35.34026361,0.0,0.0,0.0,0.0,0.0,0.0,-0.0,-0.0,0.0,1250
마마28aa06aa,0.0,128.9099373,35.34251716,0.0,0.0,0.0,0.0,0.0,0.0,-0.0,-0.0,0.0,1250
마마28aa06ab,0.0,128.9099764,35.34477071,0.0,0.0,0.0,0.0,0.0,0.0,-0.0,-0.0,0.0,1250
마마28aa06ba,0.0,128.9100156,35.34702426,0.0,0.0,0.0,0.0,0.0,0.0,-0.0,-0.0,0.0,1250
마마28aa06bb,0.0,128.9100548,35.3492778,0.0,0.0,0.0,0.0,0.0,0.0,-0.0,-0.0,0.0,1250
마마28aa07aa,0.0,128.9100939,35.35153135,0.0,0.0,0.0,0.0,0.0,0.0,-0.0,-0.0,0.0,1250
마마28aa07ab,0.0,128.9101331,35.35378489,0.0,0.0,0.0,0.0,0.0,0.0,-0.0,-0.0,0.0,1250
마마28aa07ba,0.0,128.9101723,35.35603844,0.0,0.0,0.0,0.0,0.0,0.0,-0.0,-0.0,0.0,1250
마마28aa07bb,0.0,128.9102115,35.35829198,0.0,0.0,0.0,0.0,0.0,0.0,-0.0,-0.0,0.0,1250
마마28ab03aa,0.0,128.9122171,35.31544244,0.0,0.0,0.0,0.0,0.0,0.0,-0.0,-0.0,0.0,1250
마라12ab91aa,0.0,128.7346025,35.20919051,0.0,0.0,0.0,0.0,0.0,0.0,-0.0,-0.0,0.0,1250
마라12ab91ab,0.0,128.7346367,35.21144427,0.0,0.0,0.0,0.0,0.0,0.0,-0.0,-0.0,0.0,1250
마라12ab91ba,0.0,128.7346708,35.21369802,0.0,0.0,0.0,0.0,0.0,0.0,-0.0,-0.0,0.0,1250
마라12ab91bb,0.0,128.7347049,35.21595178,0.0,0.0,0.0,0.0,0.0,0.0,-0.0,-0.0,0.0,1250
마라12ab92aa,0.0,128.7347391,35.21820553,0.0,0.0,0.0,0.0,0.0,0.0,-0.0,-0.0,0.0,1250
마라12ab92ab,0.0,128.7347732,35.22045929,0.0,0.0,0.0,0.0,0.0,0.0,-0.0,-0.0,0.0,1250
마라12ab92bb,0.0,128.7348415,35.22496679,0.0,0.0,0.0,0.0,0.0,0.0,-0.0,-0.0,0.0,1250
마라12ab93aa,0.0,128.7348756,35.22722054,0.0,0.0,0.0,0.0,0.0,0.0,-0.0,-0.0,0.0,1250
마라12ab93ab,0.0,128.7349098,35.22947429,0.0,0.0,0.0,0.0,0.0,0.0,-0.0,-0.0,0.0,1250
마라12ab93bb,0.0,128.7349781,35.23398179,0.0,0.0,0.0,0.0,0.0,0.0,-0.0,-0.0,0.0,1250
마라12ab94aa,0.0,128.7350123,35.23623554,0.0,0.0,0.0,0.0,0.0,0.0,-0.0,-0.0,0.0,1250
마라12ab94ab,0.0,128.7350464,35.23848929,0.0,0.0,0.0,0.0,0.0,0.0,-0.0,-0.0,0.0,1250
마라12ab94ba,0.0,128.7350806,35.24074303,0.0,0.0,0.0,0.0,0.0,0.0,-0.0,-0.0,0.0,1250
마라12ab94bb,0.0,128.7351148,35.24299678,0.0,0.0,0.0,0.0,0.0,0.0,-0.0,-0.0,0.0,1250
마마28aa04aa,0.0,128.9096241,35.32448875,0.0,0.0,0.0,0.0,0.0,0.0,-0.0,-0.0,0.0,1250
마마28ab04aa,0.0,128.9123739,35.32445665,0.0,0.0,0.0,0.0,0.0,0.0,-0.0,-0.0,0.0,1250
마마28ab04ab,0.0,128.9124131,35.32671021,0.0,0.0,0.0,0.0,0.0,0.0,-0.0,-0.0,0.0,1250
마마28ab04ba,0.0,128.9124523,35.32896376,0.0,0.0,0.0,0.0,0.0,0.0,-0.0,-0.0,0.0,1250
마마28ab04bb,0.0,128.9124915,35.33121731,0.0,0.0,0.0,0.0,0.0,0.0,-0.0,-0.0,0.0,1250
마마28ab05aa,0.0,128.9125307,35.33347086,0.0,0.0,0.0,0.0,0.0,0.0,-0.0,-0.0,0.0,1250
마마28ab05ab,0.0,128.9125699,35.33572441,0.0,0.0,0.0,0.0,0.0,0.0,-0.0,-0.0,0.0,1250
마마28ab05ba,0.0,128.9126092,35.33797795,0.0,0.0,0.0,0.0,0.0,0.0,-0.0,-0.0,0.0,1250
마마28ab05bb,0.0,128.9126484,35.3402315,0.0,0.0,0.0,0.0,0.0,0.0,-0.0,-0.0,0.0,1250
마마28ab06aa,0.0,128.9126876,35.34248505,0.0,0.0,0.0,0.0,0.0,0.0,-0.0,-0.0,0.0,1250
마마28ab06ab,0.0,128.9127269,35.34473859,0.0,0.0,0.0,0.0,0.0,0.0,-0.0,-0.0,0.0,1250
마마28ab06ba,0.0,128.9127661,35.34699213,0.0,0.0,0.0,0.0,0.0,0.0,-0.0,-0.0,0.0,1250
마마28ab06bb,0.0,128.9128053,35.34924568,0.0,0.0,0.0,0.0,0.0,0.0,-0.0,-0.0,0.0,1250
마마28ab07aa,0.0,128.9128446,35.35149922,0.0,0.0,0.0,0.0,0.0,0.0,-0.0,-0.0,0.0,1250
마마28aa08ab,0.0,128.9102899,35.36279906,0.0,0.0,0.0,0.0,0.0,0.0,-0.0,-0.0,0.0,1250
마마28aa08ba,0.0,128.9103291,35.3650526,0.0,0.0,0.0,0.0,0.0,0.0,-0.0,-0.0,0.0,1250
마마28ab02bb,0.0,128.9121779,35.31318888,0.0,0.0,0.0,0.0,0.0,0.0,-0.0,-0.0,0.0,1250
마라12aa98ba,0.0,128.7328796,35.27683089,0.0,0.0,0.0,0.0,0.0,0.0,-0.0,-0.0,0.0,1250
마라12aa99aa,0.0,128.7329479,35.28133836,0.0,0.0,0.0,0.0,0.0,0.0,-0.0,-0.0,0.0,1250
마라12aa99ab,0.0,128.7329821,35.28359209,0.0,0.0,0.0,0.0,0.0,0.0,-0.0,-0.0,0.0,1250
마라12ab90ba,0.0,128.7345343,35.20468299,0.0,0.0,0.0,0.0,0.0,0.0,-0.0,-0.0,0.0,1250
마라12ab90bb,0.0,128.7345684,35.20693675,0.0,0.0,0.0,0.0,0.0,0.0,-0.0,-0.0,0.0,1250
마마28ab07ab,0.0,128.9128838,35.35375276,0.0,0.0,0.0,0.0,0.0,0.0,-0.0,-0.0,0.0,1250
마마28ab07ba,0.0,128.9129231,35.3560063,0.0,0.0,0.0,0.0,0.0,0.0,-0.0,-0.0,0.0,1250
마마28ab07bb,0.0,128.9129624,35.35825984,0.0,0.0,0.0,0.0,0.0,0.0,-0.0,-0.0,0.0,1250
마마28ab08aa,0.0,128.9130016,35.36051338,0.0,0.0,0.0,0.0,0.0,0.0,-0.0,-0.0,0.0,1250
마마28ab08ab,0.0,128.9130409,35.36276692,0.0,0.0,0.0,0.0,0.0,0.0,-0.0,-0.0,0.0,1250
마마28ab08ba,0.0,128.9130802,35.36502046,0.0,0.0,0.0,0.0,0.0,0.0,-0.0,-0.0,0.0,1250
마마28ba01ba,0.0,128.9147311,35.30188895,0.0,0.0,0.0,0.0,0.0,0.0,-0.0,-0.0,0.0,1250
마마28ba01bb,0.0,128.9147703,35.30414251,0.0,0.0,0.0,0.0,0.0,0.0,-0.0,-0.0,0.0,1250
마마28ab03ab,0.0,128.9122563,35.31769599,0.0,0.0,0.0,0.0,0.0,0.0,-0.0,-0.0,0.0,1250
마마28ab03ba,0.0,128.9122955,35.31994955,0.0,0.0,0.0,0.0,0.0,0.0,-0.0,-0.0,0.0,1250
마마28ab03bb,0.0,128.9123347,35.3222031,0.0,0.0,0.0,0.0,0.0,0.0,-0.0,-0.0,0.0,1250
마마28ba04ab,0.0,128.9151629,35.32667804,0.0,0.0,0.0,0.0,0.0,0.0,-0.0,-0.0,0.0,1250
마마28ba04ba,0.0,128.9152022,35.32893159,0.0,0.0,0.0,0.0,0.0,0.0,-0.0,-0.0,0.0,1250
마마28ba04bb,0.0,128.9152415,35.33118514,0.0,0.0,0.0,0.0,0.0,0.0,-0.0,-0.0,0.0,1250
마마28ba05aa,0.0,128.9152808,35.33343869,0.0,0.0,0.0,0.0,0.0,0.0,-0.0,-0.0,0.0,1250
마마28ba05ab,0.0,128.91532,35.33569223,0.0,0.0,0.0,0.0,0.0,0.0,-0.0,-0.0,0.0,1250
마마28ba05ba,0.0,128.9153594,35.33794578,0.0,0.0,0.0,0.0,0.0,0.0,-0.0,-0.0,0.0,1250
마마28ba05bb,0.0,128.9153987,35.34019932,0.0,0.0,0.0,0.0,0.0,0.0,-0.0,-0.0,0.0,1250
마마28ba06aa,0.0,128.915438,35.34245287,0.0,0.0,0.0,0.0,0.0,0.0,-0.0,-0.0,0.0,1250
마라12aa96ba,0.0,128.7326064,35.25880099,0.0,0.0,0.0,0.0,0.0,0.0,-0.0,-0.0,0.0,1250
마라12aa96bb,0.0,128.7326405,35.26105473,0.0,0.0,0.0,0.0,0.0,0.0,-0.0,-0.0,0.0,1250
마라12aa97aa,0.0,128.7326747,35.26330847,0.0,0.0,0.0,0.0,0.0,0.0,-0.0,-0.0,0.0,1250
마라12aa97ab,0.0,128.7327088,35.26556221,0.0,0.0,0.0,0.0,0.0,0.0,-0.0,-0.0,0.0,1250
마라12aa97ba,0.0,128.732743,35.26781595,0.0,0.0,0.0,0.0,0.0,0.0,-0.0,-0.0,0.0,1250
마라12aa97bb,0.0,128.7327771,35.27006968,0.0,0.0,0.0,0.0,0.0,0.0,-0.0,-0.0,0.0,1250
마라12aa98aa,0.0,128.7328113,35.27232342,0.0,0.0,0.0,0.0,0.0,0.0,-0.0,-0.0,0.0,1250
마라12aa98ab,0.0,128.7328454,35.27457716,0.0,0.0,0.0,0.0,0.0,0.0,-0.0,-0.0,0.0,1250
마마28ba07ab,0.0,128.9156346,35.35372057,0.0,0.0,0.0,0.0,0.0,0.0,-0.0,-0.0,0.0,1250
마마28ba07ba,0.0,128.9156739,35.35597411,0.0,0.0,0.0,0.0,0.0,0.0,-0.0,-0.0,0.0,1250
마마28ba07bb,0.0,128.9157133,35.35822764,0.0,0.0,0.0,0.0,0.0,0.0,-0.0,-0.0,0.0,1250
마마28ba08aa,0.0,128.9157526,35.36048118,0.0,0.0,0.0,0.0,0.0,0.0,-0.0,-0.0,0.0,1250
마마28ba08ab,0.0,128.9157919,35.36273472,0.0,0.0,0.0,0.0,0.0,0.0,-0.0,-0.0,0.0,1250
마마28bb00ab,0.0,128.9172835,35.29058897,0.0,0.0,0.0,0.0,0.0,0.0,-0.0,-0.0,0.0,1250
마마28bb00bb,0.0,128.9173621,35.29509609,0.0,0.0,0.0,0.0,0.0,0.0,-0.0,-0.0,0.0,1250
마마28bb01aa,0.0,128.9174014,35.29734965,0.0,0.0,0.0,0.0,0.0,0.0,-0.0,-0.0,0.0,1250
마마28bb01ab,0.0,128.9174407,35.2996032,0.0,0.0,0.0,0.0,0.0,0.0,-0.0,-0.0,0.0,1250
마마28bb01ba,0.0,128.91748,35.30185676,0.0,0.0,0.0,0.0,0.0,0.0,-0.0,-0.0,0.0,1250
마마28ba02bb,0.0,128.9149273,35.31315673,0.0,0.0,0.0,0.0,0.0,0.0,-0.0,-0.0,0.0,1250
마마28ba03aa,0.0,128.9149665,35.31541029,0.0,0.0,0.0,0.0,0.0,0.0,-0.0,-0.0,0.0,1250
마마28ba03ab,0.0,128.9150058,35.31766384,0.0,0.0,0.0,0.0,0.0,0.0,-0.0,-0.0,0.0,1250
마마28ba03ba,0.0,128.9150451,35.31991739,0.0,0.0,0.0,0.0,0.0,0.0,-0.0,-0.0,0.0,1250
마마28ba03bb,0.0,128.9150843,35.32217095,0.0,0.0,0.0,0.0,0.0,0.0,-0.0,-0.0,0.0,1250
마마28ba04aa,0.0,128.9151236,35.3244245,0.0,0.0,0.0,0.0,0.0,0.0,-0.0,-0.0,0.0,1250
마마28bb02ba,0.0,128.9176373,35.31087098,0.0,0.0,0.0,0.0,0.0,0.0,-0.0,-0.0,0.0,1250
마마28bb02bb,0.0,128.9176766,35.31312453,0.0,0.0,0.0,0.0,0.0,0.0,-0.0,-0.0,0.0,1250
마마28bb03aa,0.0,128.917716,35.31537808,0.0,0.0,0.0,0.0,0.0,0.0,-0.0,-0.0,0.0,1250
마마28bb03ab,0.0,128.9177553,35.31763163,0.0,0.0,0.0,0.0,0.0,0.0,-0.0,-0.0,0.0,1250
마마28bb03ba,0.0,128.9177946,35.31988518,0.0,0.0,0.0,0.0,0.0,0.0,-0.0,-0.0,0.0,1250
마마28bb03bb,0.0,128.917834,35.32213873,0.0,0.0,0.0,0.0,0.0,0.0,-0.0,-0.0,0.0,1250
마마28bb04aa,0.0,128.9178733,35.32439227,0.0,0.0,0.0,0.0,0.0,0.0,-0.0,-0.0,0.0,1250
마마28bb04ab,0.0,128.9179127,35.32664582,0.0,0.0,0.0,0.0,0.0,0.0,-0.0,-0.0,0.0,1250
마마28bb04ba,0.0,128.9179521,35.32889937,0.0,0.0,0.0,0.0,0.0,0.0,-0.0,-0.0,0.0,1250
마마28bb04bb,0.0,128.9179914,35.33115291,0.0,0.0,0.0,0.0,0.0,0.0,-0.0,-0.0,0.0,1250
마마28bb05aa,0.0,128.9180308,35.33340646,0.0,0.0,0.0,0.0,0.0,0.0,-0.0,-0.0,0.0,1250
마마28bb05ab,0.0,128.9180702,35.33566,0.0,0.0,0.0,0.0,0.0,0.0,-0.0,-0.0,0.0,1250
마마28bb05ba,0.0,128.9181095,35.33791354,0.0,0.0,0.0,0.0,0.0,0.0,-0.0,-0.0,0.0,1250
마마28bb05bb,0.0,128.9181489,35.34016708,0.0,0.0,0.0,0.0,0.0,0.0,-0.0,-0.0,0.0,1250
마마28ba06bb,0.0,128.9155559,35.34921349,0.0,0.0,0.0,0.0,0.0,0.0,-0.0,-0.0,0.0,1250
마마28ba07aa,0.0,128.9155952,35.35146703,0.0,0.0,0.0,0.0,0.0,0.0,-0.0,-0.0,0.0,1250
마라12aa95ba,0.0,128.7324699,35.24978602,0.0,0.0,0.0,0.0,0.0,0.0,-0.0,-0.0,0.0,1250
마라12aa95bb,0.0,128.732504,35.25203977,0.0,0.0,0.0,0.0,0.0,0.0,-0.0,-0.0,0.0,1250
마라12aa96aa,0.0,128.7325382,35.25429351,0.0,0.0,0.0,0.0,0.0,0.0,-0.0,-0.0,0.0,1250
마라12aa96ab,0.0,128.7325723,35.25654725,0.0,0.0,0.0,0.0,0.0,0.0,-0.0,-0.0,0.0,1250
마마28bb06aa,0.0,128.9181883,35.34242062,0.0,0.0,0.0,0.0,0.0,0.0,-0.0,-0.0,0.0,1250
마마28bb07ab,0.0,128.9183853,35.35368831,0.0,0.0,0.0,0.0,0.0,0.0,-0.0,-0.0,0.0,1250
마마28bb07ba,0.0,128.9184247,35.35594185,0.0,0.0,0.0,0.0,0.0,0.0,-0.0,-0.0,0.0,1250
마마28bb07bb,0.0,128.9184641,35.35819538,0.0,0.0,0.0,0.0,0.0,0.0,-0.0,-0.0,0.0,1250
마마28bb08aa,0.0,128.9185036,35.36044892,0.0,0.0,0.0,0.0,0.0,0.0,-0.0,-0.0,0.0,1250
마마29aa00ab,0.0,128.9200321,35.29055672,0.0,0.0,0.0,0.0,0.0,0.0,-0.0,-0.0,0.0,1250
마마29aa00ba,0.0,128.9200715,35.29281028,0.0,0.0,0.0,0.0,0.0,0.0,-0.0,-0.0,0.0,1250
마마29aa00bb,0.0,128.9201109,35.29506384,0.0,0.0,0.0,0.0,0.0,0.0,-0.0,-0.0,0.0,1250
마마29aa01aa,0.0,128.9201502,35.29731739,0.0,0.0,0.0,0.0,0.0,0.0,-0.0,-0.0,0.0,1250
마마29aa01ab,0.0,128.9201896,35.29957095,0.0,0.0,0.0,0.0,0.0,0.0,-0.0,-0.0,0.0,1250
마마29aa01ba,0.0,128.920229,35.3018245,0.0,0.0,0.0,0.0,0.0,0.0,-0.0,-0.0,0.0,1250
마마28bb02ab,0.0,128.917598,35.30861742,0.0,0.0,0.0,0.0,0.0,0.0,-0.0,-0.0,0.0,1250
마마29aa04ba,0.0,128.9207019,35.32886708,0.0,0.0,0.0,0.0,0.0,0.0,-0.0,-0.0,0.0,1250
마마29aa04bb,0.0,128.9207414,35.33112062,0.0,0.0,0.0,0.0,0.0,0.0,-0.0,-0.0,0.0,1250
마마29aa05aa,0.0,128.9207808,35.33337416,0.0,0.0,0.0,0.0,0.0,0.0,-0.0,-0.0,0.0,1250
마마29aa05ab,0.0,128.9208203,35.3356277,0.0,0.0,0.0,0.0,0.0,0.0,-0.0,-0.0,0.0,1250
마마29aa05ba,0.0,128.9208597,35.33788124,0.0,0.0,0.0,0.0,0.0,0.0,-0.0,-0.0,0.0,1250
마라12aa92bb,0.0,128.7320949,35.22499478,0.0,0.0,0.0,0.0,0.0,0.0,-0.0,-0.0,0.0,1250
마라12aa93aa,0.0,128.732129,35.22724854,0.0,0.0,0.0,0.0,0.0,0.0,-0.0,-0.0,0.0,1250
마라12aa93ab,0.0,128.7321631,35.22950229,0.0,0.0,0.0,0.0,0.0,0.0,-0.0,-0.0,0.0,1250
마라12aa93ba,0.0,128.7321971,35.23175604,0.0,0.0,0.0,0.0,0.0,0.0,-0.0,-0.0,0.0,1250
마라12aa93bb,0.0,128.7322312,35.23400979,0.0,0.0,0.0,0.0,0.0,0.0,-0.0,-0.0,0.0,1250
마라12aa94aa,0.0,128.7322653,35.23626354,0.0,0.0,0.0,0.0,0.0,0.0,-0.0,-0.0,0.0,1250
마라12aa94ab,0.0,128.7322994,35.23851729,0.0,0.0,0.0,0.0,0.0,0.0,-0.0,-0.0,0.0,1250
마라12aa94bb,0.0,128.7323676,35.24302478,0.0,0.0,0.0,0.0,0.0,0.0,-0.0,-0.0,0.0,1250
마라12aa95aa,0.0,128.7324017,35.24527853,0.0,0.0,0.0,0.0,0.0,0.0,-0.0,-0.0,0.0,1250
마라12aa95ab,0.0,128.7324358,35.24753228,0.0,0.0,0.0,0.0,0.0,0.0,-0.0,-0.0,0.0,1250
마마29aa07ab,0.0,128.921136,35.353656,0.0,0.0,0.0,0.0,0.0,0.0,-0.0,-0.0,0.0,1250
마마29aa07ba,0.0,128.9211755,35.35590953,0.0,0.0,0.0,0.0,0.0,0.0,-0.0,-0.0,0.0,1250
마마29aa07bb,0.0,128.921215,35.35816306,0.0,0.0,0.0,0.0,0.0,0.0,-0.0,-0.0,0.0,1250
마마29aa08aa,0.0,128.9212545,35.36041659,0.0,0.0,0.0,0.0,0.0,0.0,-0.0,-0.0,0.0,1250
마마29ab00ab,0.0,128.9227807,35.29052442,0.0,0.0,0.0,0.0,0.0,0.0,-0.0,-0.0,0.0,1250
마마29ab00ba,0.0,128.9228202,35.29277797,0.0,0.0,0.0,0.0,0.0,0.0,-0.0,-0.0,0.0,1250
마마29ab00bb,0.0,128.9228596,35.29503153,0.0,0.0,0.0,0.0,0.0,0.0,-0.0,-0.0,0.0,1250
마마29ab01aa,0.0,128.922899,35.29728508,0.0,0.0,0.0,0.0,0.0,0.0,-0.0,-0.0,0.0,1250
마마29ab01ab,0.0,128.9229385,35.29953863,0.0,0.0,0.0,0.0,0.0,0.0,-0.0,-0.0,0.0,1250
마마29aa02ab,0.0,128.9203472,35.30858516,0.0,0.0,0.0,0.0,0.0,0.0,-0.0,-0.0,0.0,1250
마마29aa02ba,0.0,128.9203866,35.31083871,0.0,0.0,0.0,0.0,0.0,0.0,-0.0,-0.0,0.0,1250
마마29aa03ab,0.0,128.9205048,35.31759935,0.0,0.0,0.0,0.0,0.0,0.0,-0.0,-0.0,0.0,1250
마마29aa03ba,0.0,128.9205442,35.3198529,0.0,0.0,0.0,0.0,0.0,0.0,-0.0,-0.0,0.0,1250
마마29aa03bb,0.0,128.9205836,35.32210645,0.0,0.0,0.0,0.0,0.0,0.0,-0.0,-0.0,0.0,1250
마마29aa04aa,0.0,128.9206231,35.32435999,0.0,0.0,0.0,0.0,0.0,0.0,-0.0,-0.0,0.0,1250
마마29aa04ab,0.0,128.9206625,35.32661354,0.0,0.0,0.0,0.0,0.0,0.0,-0.0,-0.0,0.0,1250
마라12aa92aa,0.0,128.7319927,35.21823352,0.0,0.0,0.0,0.0,0.0,0.0,-0.0,-0.0,0.0,1250
마마29ab01ba,0.0,128.922978,35.30179218,0.0,0.0,0.0,0.0,0.0,0.0,-0.0,-0.0,0.0,1250
마마29ab01bb,0.0,128.9230174,35.30404573,0.0,0.0,0.0,0.0,0.0,0.0,-0.0,-0.0,0.0,1250
마마29ab02ab,0.0,128.9230964,35.30855283,0.0,0.0,0.0,0.0,0.0,0.0,-0.0,-0.0,0.0,1250
마마29ab03aa,0.0,128.9232148,35.31531347,0.0,0.0,0.0,0.0,0.0,0.0,-0.0,-0.0,0.0,1250
마마29ab03ab,0.0,128.9232543,35.31756702,0.0,0.0,0.0,0.0,0.0,0.0,-0.0,-0.0,0.0,1250
마마29ab03ba,0.0,128.9232938,35.31982056,0.0,0.0,0.0,0.0,0.0,0.0,-0.0,-0.0,0.0,1250
마마29ab03bb,0.0,128.9233333,35.3220741,0.0,0.0,0.0,0.0,0.0,0.0,-0.0,-0.0,0.0,1250
마마29ab04aa,0.0,128.9233728,35.32432765,0.0,0.0,0.0,0.0,0.0,0.0,-0.0,-0.0,0.0,1250
마마29ab04ab,0.0,128.9234123,35.32658119,0.0,0.0,0.0,0.0,0.0,0.0,-0.0,-0.0,0.0,1250
마마29ab04ba,0.0,128.9234518,35.32883473,0.0,0.0,0.0,0.0,0.0,0.0,-0.0,-0.0,0.0,1250
마마29ab04bb,0.0,128.9234913,35.33108827,0.0,0.0,0.0,0.0,0.0,0.0,-0.0,-0.0,0.0,1250
마마29ab05aa,0.0,128.9235309,35.33334181,0.0,0.0,0.0,0.0,0.0,0.0,-0.0,-0.0,0.0,1250
마마29ab05ab,0.0,128.9235704,35.33559534,0.0,0.0,0.0,0.0,0.0,0.0,-0.0,-0.0,0.0,1250
마마29aa05bb,0.0,128.9208992,35.34013478,0.0,0.0,0.0,0.0,0.0,0.0,-0.0,-0.0,0.0,1250
마마29aa06aa,0.0,128.9209386,35.34238832,0.0,0.0,0.0,0.0,0.0,0.0,-0.0,-0.0,0.0,1250
마마29ab06bb,0.0,128.9238076,35.34911655,0.0,0.0,0.0,0.0,0.0,0.0,-0.0,-0.0,0.0,1250
마마29ab07aa,0.0,128.9238472,35.35137009,0.0,0.0,0.0,0.0,0.0,0.0,-0.0,-0.0,0.0,1250
마마29ab07ab,0.0,128.9238867,35.35362362,0.0,0.0,0.0,0.0,0.0,0.0,-0.0,-0.0,0.0,1250
마마29ab07ba,0.0,128.9239263,35.35587715,0.0,0.0,0.0,0.0,0.0,0.0,-0.0,-0.0,0.0,1250
마마29ab07bb,0.0,128.9239659,35.35813068,0.0,0.0,0.0,0.0,0.0,0.0,-0.0,-0.0,0.0,1250
마마29ba01aa,0.0,128.9256479,35.29725271,0.0,0.0,0.0,0.0,0.0,0.0,-0.0,-0.0,0.0,1250
마마29ba01ab,0.0,128.9256874,35.29950625,0.0,0.0,0.0,0.0,0.0,0.0,-0.0,-0.0,0.0,1250
마라11bb98aa,0.0,128.7300631,35.2723514,0.0,0.0,0.0,0.0,0.0,0.0,-0.0,-0.0,0.0,1250
마라11bb98ab,0.0,128.7300972,35.27460513,0.0,0.0,0.0,0.0,0.0,0.0,-0.0,-0.0,0.0,1250
마라11bb99ab,0.0,128.7302335,35.28362008,0.0,0.0,0.0,0.0,0.0,0.0,-0.0,-0.0,0.0,1250
마라12aa90ba,0.0,128.7317884,35.20471096,0.0,0.0,0.0,0.0,0.0,0.0,-0.0,-0.0,0.0,1250
마라12aa90bb,0.0,128.7318225,35.20696472,0.0,0.0,0.0,0.0,0.0,0.0,-0.0,-0.0,0.0,1250
마라12aa91aa,0.0,128.7318565,35.20921848,0.0,0.0,0.0,0.0,0.0,0.0,-0.0,-0.0,0.0,1250
마라12aa91ab,0.0,128.7318905,35.21147224,0.0,0.0,0.0,0.0,0.0,0.0,-0.0,-0.0,0.0,1250
마라12aa91ba,0.0,128.7319246,35.213726,0.0,0.0,0.0,0.0,0.0,0.0,-0.0,-0.0,0.0,1250
마라12aa91bb,0.0,128.7319587,35.21597976,0.0,0.0,0.0,0.0,0.0,0.0,-0.0,-0.0,0.0,1250
마라11bb97ab,0.0,128.7299609,35.26559018,0.0,0.0,0.0,0.0,0.0,0.0,-0.0,-0.0,0.0,1250
마라11bb97ba,0.0,128.7299949,35.26784392,0.0,0.0,0.0,0.0,0.0,0.0,-0.0,-0.0,0.0,1250
마라11bb97bb,0.0,128.730029,35.27009766,0.0,0.0,0.0,0.0,0.0,0.0,-0.0,-0.0,0.0,1250
마마29ba01ba,0.0,128.9257269,35.3017598,0.0,0.0,0.0,0.0,0.0,0.0,-0.0,-0.0,0.0,1250
마마29ba01bb,0.0,128.9257665,35.30401335,0.0,0.0,0.0,0.0,0.0,0.0,-0.0,-0.0,0.0,1250
마마29ba03ba,0.0,128.9260434,35.31978816,0.0,0.0,0.0,0.0,0.0,0.0,-0.0,-0.0,0.0,1250
마마29ba03bb,0.0,128.9260829,35.3220417,0.0,0.0,0.0,0.0,0.0,0.0,-0.0,-0.0,0.0,1250
마마29ba04aa,0.0,128.9261225,35.32429524,0.0,0.0,0.0,0.0,0.0,0.0,-0.0,-0.0,0.0,1250
마마29ba04ab,0.0,128.9261621,35.32654878,0.0,0.0,0.0,0.0,0.0,0.0,-0.0,-0.0,0.0,1250
마마29ba04ba,0.0,128.9262017,35.32880232,0.0,0.0,0.0,0.0,0.0,0.0,-0.0,-0.0,0.0,1250
마마29ba04bb,0.0,128.9262413,35.33105585,0.0,0.0,0.0,0.0,0.0,0.0,-0.0,-0.0,0.0,1250
마마29ba05aa,0.0,128.9262809,35.33330939,0.0,0.0,0.0,0.0,0.0,0.0,-0.0,-0.0,0.0,1250
마마29ba05ab,0.0,128.9263205,35.33556292,0.0,0.0,0.0,0.0,0.0,0.0,-0.0,-0.0,0.0,1250
마마29ab05ba,0.0,128.9236099,35.33784888,0.0,0.0,0.0,0.0,0.0,0.0,-0.0,-0.0,0.0,1250
마마29ab05bb,0.0,128.9236494,35.34010242,0.0,0.0,0.0,0.0,0.0,0.0,-0.0,-0.0,0.0,1250
마마29ab06ba,0.0,128.9237681,35.34686302,0.0,0.0,0.0,0.0,0.0,0.0,-0.0,-0.0,0.0,1250
마마29ba07ab,0.0,128.9266375,35.35359117,0.0,0.0,0.0,0.0,0.0,0.0,-0.0,-0.0,0.0,1250
마마29ba07ba,0.0,128.9266771,35.3558447,0.0,0.0,0.0,0.0,0.0,0.0,-0.0,-0.0,0.0,1250
마마29bb00aa,0.0,128.9282383,35.28820607,0.0,0.0,0.0,0.0,0.0,0.0,-0.0,-0.0,0.0,1250
마마29bb00ab,0.0,128.9282779,35.29045962,0.0,0.0,0.0,0.0,0.0,0.0,-0.0,-0.0,0.0,1250
마라11bb94aa,0.0,128.7295184,35.23629148,0.0,0.0,0.0,0.0,0.0,0.0,-0.0,-0.0,0.0,1250
마라11bb94ab,0.0,128.7295524,35.23854523,0.0,0.0,0.0,0.0,0.0,0.0,-0.0,-0.0,0.0,1250
마라11bb94ba,0.0,128.7295864,35.24079898,0.0,0.0,0.0,0.0,0.0,0.0,-0.0,-0.0,0.0,1250
마라11bb94bb,0.0,128.7296204,35.24305273,0.0,0.0,0.0,0.0,0.0,0.0,-0.0,-0.0,0.0,1250
마라11bb95aa,0.0,128.7296544,35.24530648,0.0,0.0,0.0,0.0,0.0,0.0,-0.0,-0.0,0.0,1250
마라11bb95ab,0.0,128.7296885,35.24756023,0.0,0.0,0.0,0.0,0.0,0.0,-0.0,-0.0,0.0,1250
마라11bb95ba,0.0,128.7297225,35.24981397,0.0,0.0,0.0,0.0,0.0,0.0,-0.0,-0.0,0.0,1250
마라11bb95bb,0.0,128.7297566,35.25206772,0.0,0.0,0.0,0.0,0.0,0.0,-0.0,-0.0,0.0,1250
마라11bb96ab,0.0,128.7298246,35.25657521,0.0,0.0,0.0,0.0,0.0,0.0,-0.0,-0.0,0.0,1250
마라11bb96ba,0.0,128.7298587,35.25882895,0.0,0.0,0.0,0.0,0.0,0.0,-0.0,-0.0,0.0,1250
마라11bb96bb,0.0,128.7298927,35.2610827,0.0,0.0,0.0,0.0,0.0,0.0,-0.0,-0.0,0.0,1250
마라11bb97aa,0.0,128.7299268,35.26333644,0.0,0.0,0.0,0.0,0.0,0.0,-0.0,-0.0,0.0,1250
마라11bb93ba,0.0,128.7294503,35.23178397,0.0,0.0,0.0,0.0,0.0,0.0,-0.0,-0.0,0.0,1250
마라11bb93bb,0.0,128.7294843,35.23403773,0.0,0.0,0.0,0.0,0.0,0.0,-0.0,-0.0,0.0,1250
마마29bb03aa,0.0,128.9287136,35.31524862,0.0,0.0,0.0,0.0,0.0,0.0,-0.0,-0.0,0.0,1250
마마29bb03ab,0.0,128.9287533,35.31750215,0.0,0.0,0.0,0.0,0.0,0.0,-0.0,-0.0,0.0,1250
마마29bb03ba,0.0,128.9287929,35.31975569,0.0,0.0,0.0,0.0,0.0,0.0,-0.0,-0.0,0.0,1250
마마29bb03bb,0.0,128.9288326,35.32200923,0.0,0.0,0.0,0.0,0.0,0.0,-0.0,-0.0,0.0,1250
마마29bb04aa,0.0,128.9288722,35.32426277,0.0,0.0,0.0,0.0,0.0,0.0,-0.0,-0.0,0.0,1250
마마29bb04ab,0.0,128.9289119,35.3265163,0.0,0.0,0.0,0.0,0.0,0.0,-0.0,-0.0,0.0,1250
마마29bb04ba,0.0,128.9289516,35.32876984,0.0,0.0,0.0,0.0,0.0,0.0,-0.0,-0.0,0.0,1250
마마29bb04bb,0.0,128.9289912,35.33102337,0.0,0.0,0.0,0.0,0.0,0.0,-0.0,-0.0,0.0,1250
마마29bb05ab,0.0,128.9290706,35.33553044,0.0,0.0,0.0,0.0,0.0,0.0,-0.0,-0.0,0.0,1250
마마29bb05ba,0.0,128.9291103,35.33778397,0.0,0.0,0.0,0.0,0.0,0.0,-0.0,-0.0,0.0,1250
마마29ba05ba,0.0,128.9263601,35.33781646,0.0,0.0,0.0,0.0,0.0,0.0,-0.0,-0.0,0.0,1250
마마29ba05bb,0.0,128.9263997,35.34006999,0.0,0.0,0.0,0.0,0.0,0.0,-0.0,-0.0,0.0,1250
마마29ba06bb,0.0,128.9265582,35.34908412,0.0,0.0,0.0,0.0,0.0,0.0,-0.0,-0.0,0.0,1250
마마29ba07aa,0.0,128.9265978,35.35133765,0.0,0.0,0.0,0.0,0.0,0.0,-0.0,-0.0,0.0,1250
마마29bb07ab,0.0,128.9293882,35.35355867,0.0,0.0,0.0,0.0,0.0,0.0,-0.0,-0.0,0.0,1250
마마30aa00aa,0.0,128.9309868,35.28817358,0.0,0.0,0.0,0.0,0.0,0.0,-0.0,-0.0,0.0,1250
마마30aa00ab,0.0,128.9310264,35.29042713,0.0,0.0,0.0,0.0,0.0,0.0,-0.0,-0.0,0.0,1250
마마30aa00ba,0.0,128.9310661,35.29268068,0.0,0.0,0.0,0.0,0.0,0.0,-0.0,-0.0,0.0,1250
마마30aa00bb,0.0,128.9311058,35.29493422,0.0,0.0,0.0,0.0,0.0,0.0,-0.0,-0.0,0.0,1250
마마30aa01aa,0.0,128.9311455,35.29718777,0.0,0.0,0.0,0.0,0.0,0.0,-0.0,-0.0,0.0,1250
마라11bb90bb,0.0,128.7290765,35.20699263,0.0,0.0,0.0,0.0,0.0,0.0,-0.0,-0.0,0.0,1250
마라11bb91aa,0.0,128.7291104,35.2092464,0.0,0.0,0.0,0.0,0.0,0.0,-0.0,-0.0,0.0,1250
마라11bb91ab,0.0,128.7291444,35.21150016,0.0,0.0,0.0,0.0,0.0,0.0,-0.0,-0.0,0.0,1250
마라11bb91ba,0.0,128.7291784,35.21375392,0.0,0.0,0.0,0.0,0.0,0.0,-0.0,-0.0,0.0,1250
마라11bb91bb,0.0,128.7292124,35.21600768,0.0,0.0,0.0,0.0,0.0,0.0,-0.0,-0.0,0.0,1250
마라11bb92aa,0.0,128.7292464,35.21826144,0.0,0.0,0.0,0.0,0.0,0.0,-0.0,-0.0,0.0,1250
마라11bb92bb,0.0,128.7293483,35.22502271,0.0,0.0,0.0,0.0,0.0,0.0,-0.0,-0.0,0.0,1250
마라11bb93aa,0.0,128.7293823,35.22727647,0.0,0.0,0.0,0.0,0.0,0.0,-0.0,-0.0,0.0,1250
마라11bb93ab,0.0,128.7294163,35.22953022,0.0,0.0,0.0,0.0,0.0,0.0,-0.0,-0.0,0.0,1250
마마30aa03ab,0.0,128.9315028,35.31746963,0.0,0.0,0.0,0.0,0.0,0.0,-0.0,-0.0,0.0,1250
마마30aa03ba,0.0,128.9315425,35.31972317,0.0,0.0,0.0,0.0,0.0,0.0,-0.0,-0.0,0.0,1250
마마30aa03bb,0.0,128.9315822,35.3219767,0.0,0.0,0.0,0.0,0.0,0.0,-0.0,-0.0,0.0,1250
마마30aa04aa,0.0,128.9316219,35.32423023,0.0,0.0,0.0,0.0,0.0,0.0,-0.0,-0.0,0.0,1250
마마30aa04ab,0.0,128.9316617,35.32648377,0.0,0.0,0.0,0.0,0.0,0.0,-0.0,-0.0,0.0,1250
마마30aa04ba,0.0,128.9317014,35.3287373,0.0,0.0,0.0,0.0,0.0,0.0,-0.0,-0.0,0.0,1250
마마30aa04bb,0.0,128.9317412,35.33099083,0.0,0.0,0.0,0.0,0.0,0.0,-0.0,-0.0,0.0,1250
마마30aa05aa,0.0,128.9317809,35.33324436,0.0,0.0,0.0,0.0,0.0,0.0,-0.0,-0.0,0.0,1250
마마30aa05ab,0.0,128.9318207,35.33549789,0.0,0.0,0.0,0.0,0.0,0.0,-0.0,-0.0,0.0,1250
마마30aa05ba,0.0,128.9318604,35.33775142,0.0,0.0,0.0,0.0,0.0,0.0,-0.0,-0.0,0.0,1250
마마30aa06aa,0.0,128.93194,35.34225848,0.0,0.0,0.0,0.0,0.0,0.0,-0.0,-0.0,0.0,1250
마마29bb05bb,0.0,128.9291499,35.3400375,0.0,0.0,0.0,0.0,0.0,0.0,-0.0,-0.0,0.0,1250
마마29bb06aa,0.0,128.9291896,35.34229103,0.0,0.0,0.0,0.0,0.0,0.0,-0.0,-0.0,0.0,1250
마마29bb06ba,0.0,128.929269,35.34679809,0.0,0.0,0.0,0.0,0.0,0.0,-0.0,-0.0,0.0,1250
마마29bb06bb,0.0,128.9293087,35.34905162,0.0,0.0,0.0,0.0,0.0,0.0,-0.0,-0.0,0.0,1250
마마29bb07aa,0.0,128.9293484,35.35130514,0.0,0.0,0.0,0.0,0.0,0.0,-0.0,-0.0,0.0,1250
마마30ab06ba,0.0,128.93477,35.34673291,0.0,0.0,0.0,0.0,0.0,0.0,-0.0,-0.0,0.0,1250
마마30ab06bb,0.0,128.9348098,35.34898643,0.0,0.0,0.0,0.0,0.0,0.0,-0.0,-0.0,0.0,1250
마마30aa06ab,0.0,128.9319797,35.344512,0.0,0.0,0.0,0.0,0.0,0.0,-0.0,-0.0,0.0,1250
마마30aa06ba,0.0,128.9320195,35.34676553,0.0,0.0,0.0,0.0,0.0,0.0,-0.0,-0.0,0.0,1250
마마30aa06bb,0.0,128.9320593,35.34901905,0.0,0.0,0.0,0.0,0.0,0.0,-0.0,-0.0,0.0,1250
마마30aa07aa,0.0,128.9320991,35.35127258,0.0,0.0,0.0,0.0,0.0,0.0,-0.0,-0.0,0.0,1250
마마30ab00aa,0.0,128.9337353,35.28814103,0.0,0.0,0.0,0.0,0.0,0.0,-0.0,-0.0,0.0,1250
마마30ab00ab,0.0,128.933775,35.29039457,0.0,0.0,0.0,0.0,0.0,0.0,-0.0,-0.0,0.0,1250
마마30ab00ba,0.0,128.9338147,35.29264812,0.0,0.0,0.0,0.0,0.0,0.0,-0.0,-0.0,0.0,1250
마마30ab00bb,0.0,128.9338545,35.29490166,0.0,0.0,0.0,0.0,0.0,0.0,-0.0,-0.0,0.0,1250
마마30ab01ab,0.0,128.933934,35.29940874,0.0,0.0,0.0,0.0,0.0,0.0,-0.0,-0.0,0.0,1250
마마30ab01ba,0.0,128.9339738,35.30166228,0.0,0.0,0.0,0.0,0.0,0.0,-0.0,-0.0,0.0,1250
마마30ab01bb,0.0,128.9340135,35.30391582,0.0,0.0,0.0,0.0,0.0,0.0,-0.0,-0.0,0.0,1250
마마30ab02bb,0.0,128.9341727,35.31292997,0.0,0.0,0.0,0.0,0.0,0.0,-0.0,-0.0,0.0,1250
마마30aa02bb,0.0,128.9314233,35.31296256,0.0,0.0,0.0,0.0,0.0,0.0,-0.0,-0.0,0.0,1250
마마30aa03aa,0.0,128.931463,35.31521609,0.0,0.0,0.0,0.0,0.0,0.0,-0.0,-0.0,0.0,1250
마라11ba97ba,0.0,128.7272469,35.26787183,0.0,0.0,0.0,0.0,0.0,0.0,-0.0,-0.0,0.0,1250
마라11ba97bb,0.0,128.7272809,35.27012557,0.0,0.0,0.0,0.0,0.0,0.0,-0.0,-0.0,0.0,1250
마라11ba98aa,0.0,128.7273149,35.27237931,0.0,0.0,0.0,0.0,0.0,0.0,-0.0,-0.0,0.0,1250
마라11ba98ab,0.0,128.7273489,35.27463305,0.0,0.0,0.0,0.0,0.0,0.0,-0.0,-0.0,0.0,1250
마마30ab03aa,0.0,128.9342124,35.31518351,0.0,0.0,0.0,0.0,0.0,0.0,-0.0,-0.0,0.0,1250
마마30ab03ab,0.0,128.9342522,35.31743704,0.0,0.0,0.0,0.0,0.0,0.0,-0.0,-0.0,0.0,1250
마마30ab03ba,0.0,128.934292,35.31969058,0.0,0.0,0.0,0.0,0.0,0.0,-0.0,-0.0,0.0,1250
마마30ab03bb,0.0,128.9343318,35.32194411,0.0,0.0,0.0,0.0,0.0,0.0,-0.0,-0.0,0.0,1250
마마30ab04aa,0.0,128.9343717,35.32419764,0.0,0.0,0.0,0.0,0.0,0.0,-0.0,-0.0,0.0,1250
마마30ab04bb,0.0,128.9344911,35.33095823,0.0,0.0,0.0,0.0,0.0,0.0,-0.0,-0.0,0.0,1250
마마30ab05aa,0.0,128.9345309,35.33321176,0.0,0.0,0.0,0.0,0.0,0.0,-0.0,-0.0,0.0,1250
마마30ab05ab,0.0,128.9345708,35.33546528,0.0,0.0,0.0,0.0,0.0,0.0,-0.0,-0.0,0.0,1250
마마30ab05bb,0.0,128.9346504,35.33997234,0.0,0.0,0.0,0.0,0.0,0.0,-0.0,-0.0,0.0,1250
마마30ab06aa,0.0,128.9346903,35.34222586,0.0,0.0,0.0,0.0,0.0,0.0,-0.0,-0.0,0.0,1250
마마30ab06ab,0.0,128.9347301,35.34447938,0.0,0.0,0.0,0.0,0.0,0.0,-0.0,-0.0,0.0,1250
마마30ba01bb,0.0,128.9367626,35.30388319,0.0,0.0,0.0,0.0,0.0,0.0,-0.0,-0.0,0.0,1250
마마30ba02aa,0.0,128.9368024,35.30613673,0.0,0.0,0.0,0.0,0.0,0.0,-0.0,-0.0,0.0,1250
마마30ba02ab,0.0,128.9368423,35.30839026,0.0,0.0,0.0,0.0,0.0,0.0,-0.0,-0.0,0.0,1250
마마30ba02ba,0.0,128.9368821,35.3106438,0.0,0.0,0.0,0.0,0.0,0.0,-0.0,-0.0,0.0,1250
마마30ba03aa,0.0,128.9369618,35.31515086,0.0,0.0,0.0,0.0,0.0,0.0,-0.0,-0.0,0.0,1250
마마30ba03ba,0.0,128.9370416,35.31965792,0.0,0.0,0.0,0.0,0.0,0.0,-0.0,-0.0,0.0,1250
마마30ba03bb,0.0,128.9370815,35.32191145,0.0,0.0,0.0,0.0,0.0,0.0,-0.0,-0.0,0.0,1250
마라11ba95ab,0.0,128.7269411,35.24758812,0.0,0.0,0.0,0.0,0.0,0.0,-0.0,-0.0,0.0,1250
마라11ba95ba,0.0,128.7269751,35.24984186,0.0,0.0,0.0,0.0,0.0,0.0,-0.0,-0.0,0.0,1250
마라11ba95bb,0.0,128.7270091,35.25209561,0.0,0.0,0.0,0.0,0.0,0.0,-0.0,-0.0,0.0,1250
마라11ba96aa,0.0,128.727043,35.25434936,0.0,0.0,0.0,0.0,0.0,0.0,-0.0,-0.0,0.0,1250
마라11ba96ab,0.0,128.727077,35.25660311,0.0,0.0,0.0,0.0,0.0,0.0,-0.0,-0.0,0.0,1250
마라11ba96ba,0.0,128.727111,35.25885685,0.0,0.0,0.0,0.0,0.0,0.0,-0.0,-0.0,0.0,1250
마라11ba96bb,0.0,128.7271449,35.2611106,0.0,0.0,0.0,0.0,0.0,0.0,-0.0,-0.0,0.0,1250
마라11ba97aa,0.0,128.7271789,35.26336434,0.0,0.0,0.0,0.0,0.0,0.0,-0.0,-0.0,0.0,1250
마라11ba97ab,0.0,128.7272129,35.26561809,0.0,0.0,0.0,0.0,0.0,0.0,-0.0,-0.0,0.0,1250
마마30ba05bb,0.0,128.9374007,35.33993966,0.0,0.0,0.0,0.0,0.0,0.0,-0.0,-0.0,0.0,1250
마마30ba06aa,0.0,128.9374406,35.34219318,0.0,0.0,0.0,0.0,0.0,0.0,-0.0,-0.0,0.0,1250
마마30ba06ab,0.0,128.9374805,35.3444467,0.0,0.0,0.0,0.0,0.0,0.0,-0.0,-0.0,0.0,1250
마마30ba06ba,0.0,128.9375204,35.34670022,0.0,0.0,0.0,0.0,0.0,0.0,-0.0,-0.0,0.0,1250
마마30bb00aa,0.0,128.9392322,35.28807574,0.0,0.0,0.0,0.0,0.0,0.0,-0.0,-0.0,0.0,1250
마마30bb00ab,0.0,128.9392721,35.29032928,0.0,0.0,0.0,0.0,0.0,0.0,-0.0,-0.0,0.0,1250
마마30bb00ba,0.0,128.939312,35.29258282,0.0,0.0,0.0,0.0,0.0,0.0,-0.0,-0.0,0.0,1250
마마30bb00bb,0.0,128.9393519,35.29483635,0.0,0.0,0.0,0.0,0.0,0.0,-0.0,-0.0,0.0,1250
마마30bb01aa,0.0,128.9393918,35.29708989,0.0,0.0,0.0,0.0,0.0,0.0,-0.0,-0.0,0.0,1250
마마30ba00aa,0.0,128.9364837,35.28810841,0.0,0.0,0.0,0.0,0.0,0.0,-0.0,-0.0,0.0,1250
마마30ba00ab,0.0,128.9365236,35.29036196,0.0,0.0,0.0,0.0,0.0,0.0,-0.0,-0.0,0.0,1250
마마30ba00ba,0.0,128.9365634,35.2926155,0.0,0.0,0.0,0.0,0.0,0.0,-0.0,-0.0,0.0,1250
마마30ba00bb,0.0,128.9366032,35.29486904,0.0,0.0,0.0,0.0,0.0,0.0,-0.0,-0.0,0.0,1250
마마30ba01aa,0.0,128.936643,35.29712258,0.0,0.0,0.0,0.0,0.0,0.0,-0.0,-0.0,0.0,1250
마마30ba01ab,0.0,128.9366829,35.29937612,0.0,0.0,0.0,0.0,0.0,0.0,-0.0,-0.0,0.0,1250
마마30ba01ba,0.0,128.9367227,35.30162965,0.0,0.0,0.0,0.0,0.0,0.0,-0.0,-0.0,0.0,1250
마라11ba93bb,0.0,128.7267375,35.2340656,0.0,0.0,0.0,0.0,0.0,0.0,-0.0,-0.0,0.0,1250
마라11ba94aa,0.0,128.7267714,35.23631936,0.0,0.0,0.0,0.0,0.0,0.0,-0.0,-0.0,0.0,1250
마라11ba94ab,0.0,128.7268053,35.23857311,0.0,0.0,0.0,0.0,0.0,0.0,-0.0,-0.0,0.0,1250
마라11ba94ba,0.0,128.7268393,35.24082686,0.0,0.0,0.0,0.0,0.0,0.0,-0.0,-0.0,0.0,1250
마라11ba94bb,0.0,128.7268732,35.24308061,0.0,0.0,0.0,0.0,0.0,0.0,-0.0,-0.0,0.0,1250
마라11ba95aa,0.0,128.7269072,35.24533437,0.0,0.0,0.0,0.0,0.0,0.0,-0.0,-0.0,0.0,1250
마마30bb01ab,0.0,128.9394317,35.29934343,0.0,0.0,0.0,0.0,0.0,0.0,-0.0,-0.0,0.0,1250
마마30bb01ba,0.0,128.9394716,35.30159696,0.0,0.0,0.0,0.0,0.0,0.0,-0.0,-0.0,0.0,1250
마마30bb01bb,0.0,128.9395116,35.30385049,0.0,0.0,0.0,0.0,0.0,0.0,-0.0,-0.0,0.0,1250
마마30bb02aa,0.0,128.9395515,35.30610403,0.0,0.0,0.0,0.0,0.0,0.0,-0.0,-0.0,0.0,1250
마마30bb02ab,0.0,128.9395914,35.30835756,0.0,0.0,0.0,0.0,0.0,0.0,-0.0,-0.0,0.0,1250
마마30bb04ba,0.0,128.939951,35.32863931,0.0,0.0,0.0,0.0,0.0,0.0,-0.0,-0.0,0.0,1250
마마30bb04bb,0.0,128.939991,35.33089283,0.0,0.0,0.0,0.0,0.0,0.0,-0.0,-0.0,0.0,1250
마마30ba04bb,0.0,128.937241,35.33092556,0.0,0.0,0.0,0.0,0.0,0.0,-0.0,-0.0,0.0,1250
마마30ba05aa,0.0,128.9372809,35.33317909,0.0,0.0,0.0,0.0,0.0,0.0,-0.0,-0.0,0.0,1250
마마30bb06aa,0.0,128.9401909,35.34216044,0.0,0.0,0.0,0.0,0.0,0.0,-0.0,-0.0,0.0,1250
마마31aa01ab,0.0,128.9421806,35.29931067,0.0,0.0,0.0,0.0,0.0,0.0,-0.0,-0.0,0.0,1250
마마31aa01ba,0.0,128.9422206,35.3015642,0.0,0.0,0.0,0.0,0.0,0.0,-0.0,-0.0,0.0,1250
마마31aa01bb,0.0,128.9422606,35.30381774,0.0,0.0,0.0,0.0,0.0,0.0,-0.0,-0.0,0.0,1250
마마31aa02aa,0.0,128.9423006,35.30607127,0.0,0.0,0.0,0.0,0.0,0.0,-0.0,-0.0,0.0,1250
마마31aa02ab,0.0,128.9423406,35.3083248,0.0,0.0,0.0,0.0,0.0,0.0,-0.0,-0.0,0.0,1250
마라11ba91ab,0.0,128.7263983,35.21152801,0.0,0.0,0.0,0.0,0.0,0.0,-0.0,-0.0,0.0,1250
마라11ba91ba,0.0,128.7264322,35.21378177,0.0,0.0,0.0,0.0,0.0,0.0,-0.0,-0.0,0.0,1250
마라11ba91bb,0.0,128.7264661,35.21603553,0.0,0.0,0.0,0.0,0.0,0.0,-0.0,-0.0,0.0,1250
마라11ba92aa,0.0,128.7265,35.2182893,0.0,0.0,0.0,0.0,0.0,0.0,-0.0,-0.0,0.0,1250
마라11ba92ab,0.0,128.7265339,35.22054306,0.0,0.0,0.0,0.0,0.0,0.0,-0.0,-0.0,0.0,1250
마라11ba92ba,0.0,128.7265678,35.22279682,0.0,0.0,0.0,0.0,0.0,0.0,-0.0,-0.0,0.0,1250
마라11ba92bb,0.0,128.7266017,35.22505057,0.0,0.0,0.0,0.0,0.0,0.0,-0.0,-0.0,0.0,1250
마라11ba93aa,0.0,128.7266357,35.22730433,0.0,0.0,0.0,0.0,0.0,0.0,-0.0,-0.0,0.0,1250
마라11ba93ab,0.0,128.7266696,35.22955809,0.0,0.0,0.0,0.0,0.0,0.0,-0.0,-0.0,0.0,1250
마라11ba93ba,0.0,128.7267035,35.23181185,0.0,0.0,0.0,0.0,0.0,0.0,-0.0,-0.0,0.0,1250
마마31aa05ba,0.0,128.9428611,35.3376206,0.0,0.0,0.0,0.0,0.0,0.0,-0.0,-0.0,0.0,1250
마마31aa05bb,0.0,128.9429011,35.33987412,0.0,0.0,0.0,0.0,0.0,0.0,-0.0,-0.0,0.0,1250
마라11ab96ba,0.0,128.7243632,35.25888469,0.0,0.0,0.0,0.0,0.0,0.0,-0.0,-0.0,0.0,1250
마라11ab96bb,0.0,128.7243971,35.26113844,0.0,0.0,0.0,0.0,0.0,0.0,-0.0,-0.0,0.0,1250
마라11ab97aa,0.0,128.724431,35.26339218,0.0,0.0,0.0,0.0,0.0,0.0,-0.0,-0.0,0.0,1250
마라11ab97ab,0.0,128.724465,35.26564593,0.0,0.0,0.0,0.0,0.0,0.0,-0.0,-0.0,0.0,1250
마라11ab97ba,0.0,128.7244989,35.26789967,0.0,0.0,0.0,0.0,0.0,0.0,-0.0,-0.0,0.0,1250
마라11ab98aa,0.0,128.7245667,35.27240716,0.0,0.0,0.0,0.0,0.0,0.0,-0.0,-0.0,0.0,1250
마라11ab98ab,0.0,128.7246006,35.2746609,0.0,0.0,0.0,0.0,0.0,0.0,-0.0,-0.0,0.0,1250
마라11ab98ba,0.0,128.7246346,35.27691464,0.0,0.0,0.0,0.0,0.0,0.0,-0.0,-0.0,0.0,1250
마라11ab99bb,0.0,128.7248043,35.28818334,0.0,0.0,0.0,0.0,0.0,0.0,-0.0,-0.0,0.0,1250
마라11ba90bb,0.0,128.7263305,35.20702048,0.0,0.0,0.0,0.0,0.0,0.0,-0.0,-0.0,0.0,1250
마라11ba91aa,0.0,128.7263644,35.20927424,0.0,0.0,0.0,0.0,0.0,0.0,-0.0,-0.0,0.0,1250
마마30bb05ba,0.0,128.9401109,35.3376534,0.0,0.0,0.0,0.0,0.0,0.0,-0.0,-0.0,0.0,1250
마마30bb05bb,0.0,128.9401509,35.33990692,0.0,0.0,0.0,0.0,0.0,0.0,-0.0,-0.0,0.0,1250
마라11ab95bb,0.0,128.7242616,35.25212344,0.0,0.0,0.0,0.0,0.0,0.0,-0.0,-0.0,0.0,1250
마라11ab96aa,0.0,128.7242954,35.25437719,0.0,0.0,0.0,0.0,0.0,0.0,-0.0,-0.0,0.0,1250
마라11ab96ab,0.0,128.7243293,35.25663094,0.0,0.0,0.0,0.0,0.0,0.0,-0.0,-0.0,0.0,1250
마마31ab02aa,0.0,128.9450497,35.30603844,0.0,0.0,0.0,0.0,0.0,0.0,-0.0,-0.0,0.0,1250
마마31ab02ab,0.0,128.9450897,35.30829197,0.0,0.0,0.0,0.0,0.0,0.0,-0.0,-0.0,0.0,1250
마마31ab02bb,0.0,128.9451699,35.31279902,0.0,0.0,0.0,0.0,0.0,0.0,-0.0,-0.0,0.0,1250
마마31ab03ab,0.0,128.9452501,35.31730607,0.0,0.0,0.0,0.0,0.0,0.0,-0.0,-0.0,0.0,1250
마마31ab03bb,0.0,128.9453303,35.32181311,0.0,0.0,0.0,0.0,0.0,0.0,-0.0,-0.0,0.0,1250
마마31ab04aa,0.0,128.9453704,35.32406663,0.0,0.0,0.0,0.0,0.0,0.0,-0.0,-0.0,0.0,1250
마마31ab04ab,0.0,128.9454106,35.32632015,0.0,0.0,0.0,0.0,0.0,0.0,-0.0,-0.0,0.0,1250
마마31ab04ba,0.0,128.9454507,35.32857367,0.0,0.0,0.0,0.0,0.0,0.0,-0.0,-0.0,0.0,1250
마마31ab04bb,0.0,128.9454908,35.33082719,0.0,0.0,0.0,0.0,0.0,0.0,-0.0,-0.0,0.0,1250
마마31aa04ab,0.0,128.9426608,35.326353,0.0,0.0,0.0,0.0,0.0,0.0,-0.0,-0.0,0.0,1250
마마31aa04ba,0.0,128.9427008,35.32860652,0.0,0.0,0.0,0.0,0.0,0.0,-0.0,-0.0,0.0,1250
마마31aa04bb,0.0,128.9427409,35.33086004,0.0,0.0,0.0,0.0,0.0,0.0,-0.0,-0.0,0.0,1250
마마31aa05aa,0.0,128.9427809,35.33311356,0.0,0.0,0.0,0.0,0.0,0.0,-0.0,-0.0,0.0,1250
마마31ba02ab,0.0,128.9478389,35.30825908,0.0,0.0,0.0,0.0,0.0,0.0,-0.0,-0.0,0.0,1250
마마31ba02ba,0.0,128.9478791,35.3105126,0.0,0.0,0.0,0.0,0.0,0.0,-0.0,-0.0,0.0,1250
마마31ba02bb,0.0,128.9479192,35.31276613,0.0,0.0,0.0,0.0,0.0,0.0,-0.0,-0.0,0.0,1250
마라11ab92ba,0.0,128.7238213,35.22282462,0.0,0.0,0.0,0.0,0.0,0.0,-0.0,-0.0,0.0,1250
마라11ab92bb,0.0,128.7238552,35.22507838,0.0,0.0,0.0,0.0,0.0,0.0,-0.0,-0.0,0.0,1250
마라11ab93aa,0.0,128.723889,35.22733214,0.0,0.0,0.0,0.0,0.0,0.0,-0.0,-0.0,0.0,1250
마라11ab93ab,0.0,128.7239228,35.2295859,0.0,0.0,0.0,0.0,0.0,0.0,-0.0,-0.0,0.0,1250
마라11ab93ba,0.0,128.7239567,35.23183966,0.0,0.0,0.0,0.0,0.0,0.0,-0.0,-0.0,0.0,1250
마라11ab93bb,0.0,128.7239906,35.23409341,0.0,0.0,0.0,0.0,0.0,0.0,-0.0,-0.0,0.0,1250
마라11ab94aa,0.0,128.7240244,35.23634717,0.0,0.0,0.0,0.0,0.0,0.0,-0.0,-0.0,0.0,1250
마라11ab94ab,0.0,128.7240583,35.23860093,0.0,0.0,0.0,0.0,0.0,0.0,-0.0,-0.0,0.0,1250
마라11ab94ba,0.0,128.7240922,35.24085468,0.0,0.0,0.0,0.0,0.0,0.0,-0.0,-0.0,0.0,1250
마라11ab94bb,0.0,128.724126,35.24310844,0.0,0.0,0.0,0.0,0.0,0.0,-0.0,-0.0,0.0,1250
마라11ab95aa,0.0,128.7241599,35.24536219,0.0,0.0,0.0,0.0,0.0,0.0,-0.0,-0.0,0.0,1250
마라11ab95ab,0.0,128.7241938,35.24761594,0.0,0.0,0.0,0.0,0.0,0.0,-0.0,-0.0,0.0,1250
마라11ab95ba,0.0,128.7242277,35.24986969,0.0,0.0,0.0,0.0,0.0,0.0,-0.0,-0.0,0.0,1250
마마31ba04bb,0.0,128.9482407,35.33079427,0.0,0.0,0.0,0.0,0.0,0.0,-0.0,-0.0,0.0,1250
마마31ba05aa,0.0,128.9482809,35.33304779,0.0,0.0,0.0,0.0,0.0,0.0,-0.0,-0.0,0.0,1250
마마31ba05ab,0.0,128.9483211,35.3353013,0.0,0.0,0.0,0.0,0.0,0.0,-0.0,-0.0,0.0,1250
마마31ba05ba,0.0,128.9483614,35.33755481,0.0,0.0,0.0,0.0,0.0,0.0,-0.0,-0.0,0.0,1250
마마31bb00aa,0.0,128.9502261,35.2879444,0.0,0.0,0.0,0.0,0.0,0.0,-0.0,-0.0,0.0,1250
마마31bb00ab,0.0,128.9502663,35.29019793,0.0,0.0,0.0,0.0,0.0,0.0,-0.0,-0.0,0.0,1250
마마31bb00ba,0.0,128.9503065,35.29245146,0.0,0.0,0.0,0.0,0.0,0.0,-0.0,-0.0,0.0,1250
마마31bb00bb,0.0,128.9503467,35.29470499,0.0,0.0,0.0,0.0,0.0,0.0,-0.0,-0.0,0.0,1250
마마31bb01aa,0.0,128.9503869,35.29695851,0.0,0.0,0.0,0.0,0.0,0.0,-0.0,-0.0,0.0,1250
마마31bb01ab,0.0,128.9504271,35.29921204,0.0,0.0,0.0,0.0,0.0,0.0,-0.0,-0.0,0.0,1250
마마31ab05aa,0.0,128.9455309,35.33308071,0.0,0.0,0.0,0.0,0.0,0.0,-0.0,-0.0,0.0,1250
마마31ab05ba,0.0,128.9456112,35.33758774,0.0,0.0,0.0,0.0,0.0,0.0,-0.0,-0.0,0.0,1250
마마31ba00ab,0.0,128.9475177,35.29023086,0.0,0.0,0.0,0.0,0.0,0.0,-0.0,-0.0,0.0,1250
마마31ba00ba,0.0,128.9475579,35.29248439,0.0,0.0,0.0,0.0,0.0,0.0,-0.0,-0.0,0.0,1250
마마31ba00bb,0.0,128.947598,35.29473792,0.0,0.0,0.0,0.0,0.0,0.0,-0.0,-0.0,0.0,1250
마마31ba01aa,0.0,128.9476381,35.29699145,0.0,0.0,0.0,0.0,0.0,0.0,-0.0,-0.0,0.0,1250
마라11ab92ab,0.0,128.7237875,35.22057085,0.0,0.0,0.0,0.0,0.0,0.0,-0.0,-0.0,0.0,1250
마마31bb02ab,0.0,128.950588,35.30822613,0.0,0.0,0.0,0.0,0.0,0.0,-0.0,-0.0,0.0,1250
마마31bb02ba,0.0,128.9506283,35.31047965,0.0,0.0,0.0,0.0,0.0,0.0,-0.0,-0.0,0.0,1250
마마18ab03ab,0.0,128.8022725,35.31893074,0.11920529801324503,0.0,0.0,0.0,0.011374116200430372,0.0,-0.0,-0.13333333333333333,-0.002753919119657916,1251
마마19aa01ab,0.0,128.8102307,35.30081238,0.23841059602649006,0.0,0.0,0.0,0.0,0.0,-0.0,-0.24425578033333334,-0.005845184306843276,1252
마마18aa00aa,0.0,128.7990543,35.28966268,0.12582781456953643,0.0,0.0,0.0,0.0,0.0,-0.0,-0.13333333333333333,-0.007505518763796903,1253
마라14bb98aa,0.0,128.763041,35.27201157,0.09933774834437085,0.0,0.0,0.0,0.0,0.0,-0.0,-0.10987475916666667,-0.010537010822295814,1254
마라20aa90bb,0.0,128.8196916,35.20603878,0.07947019867549669,0.0,0.0,0.0,0.08330771595450354,0.0,-0.0,-0.175,-0.012222085369999747,1255
마라15bb93bb,0.0,128.7734341,35.23358326,0.09933774834437085,0.0,0.0,0.0,0.0,0.0,-0.0,-0.11275289016666666,-0.013415141822295806,1256
마라21bb95ba,0.0,128.8396162,35.24864723,0.09271523178807947,0.0,0.0,0.0,0.0,0.0,-0.0,-0.10910404624999999,-0.016388814461920517,1257
마마11ab02aa,0.0,128.72511,35.30846693,0.033112582781456956,0.0,0.0,0.0,0.13372271749154627,0.0,-0.0,-0.18361030825,-0.01677500797699677,1258
마라22aa89bb,0.0,128.84151,35.19678267,0.13245033112582782,0.0,0.0,0.0,0.02551490931447894,0.0,-0.0,-0.17555394991666665,-0.017588709476359876,1259
마라20aa89bb,0.0,128.8195458,35.19702403,0.026490066225165563,0.0,0.0,0.0,0.02182600676298801,0.0,-0.0,-0.06666666666666667,-0.01835059367851309,1260
마라13ba97ab,0.0,128.7491964,35.26539309,0.17218543046357615,0.0,0.0,0.0,0.0,0.0,-0.0,-0.19271435450000002,-0.020528924036423868,1261
마마14aa00ab,0.0,128.7551095,35.29238078,0.16556291390728478,0.0,0.0,0.0,0.0,0.0,-0.0,-0.18697013483333333,-0.021407220926048548,1262
마라21aa94ab,0.0,128.8311902,35.2374699,0.11920529801324503,0.0,0.0,0.0,0.0046111281893636644,0.0,-0.0,-0.15,-0.026183573797391294,1263
마마24ba00ba,0.0,128.8705949,35.29338115,0.17218543046357615,0.12,0.0,0.0,0.0,0.0,-0.0,-0.31897158000000003,-0.026786149536423887,1264
마라20ba96ab,0.0,128.8259899,35.25555951,0.1390728476821192,0.0,0.0,0.0,0.0,0.0,-0.0,-0.16589595375,-0.026823106067880798,1265
마라20ba91ba,0.0,128.8252932,35.21273982,0.10596026490066225,0.0,0.0,0.0,0.007377805102981862,0.0,-0.0,-0.14166666666666666,-0.02832859666302255,1266
마마14aa04ba,0.0,128.7557016,35.33069371,0.013245033112582781,0.0,0.0,0.0,0.0027666769136181985,0.0,-0.0,-0.05,-0.03398828997379902,1267
마마24bb01ab,0.0,128.8734579,35.30011077,0.15894039735099338,0.0,0.0,0.0,0.0,0.0,-0.0,-0.1938945086666667,-0.0349541113156733,1268
마라21ab95ab,0.0,128.8340847,35.24645428,0.07947019867549669,0.0,0.0,0.0,0.0,0.0,-0.0,-0.11589595375,-0.03642575507450331,1269
마마19bb02ba,0.0,128.8186607,35.31199097,0.026490066225165563,0.0,0.0,0.0,0.0,0.0,-0.0,-0.06666666666666667,-0.040176600441501106,1270
마라35aa93bb,0.0,128.9849275,35.23117308,0.013245033112582781,0.0,0.0,0.0,0.003688902551490931,0.0,-0.0,-0.058333333333333334,-0.041399397669259624,1271
마라20aa90aa,0.0,128.8195822,35.19927772,0.052980132450331126,0.04,0.0,0.0,0.07162619120811559,0.0,-0.0,-0.20728564549999998,-0.042679321841553264,1272
마라19aa87bb,0.0,128.8082745,35.17911362,0.052980132450331126,0.0,0.0,0.0,0.012603750384260681,0.0,-0.0,-0.10833333333333334,-0.04274945049874153,1273
마라13bb95ba,0.0,128.7517017,35.24958861,0.06622516556291391,0.0,0.0,0.0,0.016292652935751613,0.0,-0.0,-0.12604768783333334,-0.04352986933466782,1274
마라20bb91ba,0.0,128.8280393,35.21270973,0.039735099337748346,0.08,0.0,0.0,0.0,0.0,-0.0,-0.16666666666666666,-0.04693156732891832,1275
마라22ab93ab,0.0,128.8447758,35.22830344,0.09933774834437085,0.0,0.0,0.0,0.00768521364893944,0.0,-0.0,-0.15416666666666667,-0.04714370467335638,1276
마라21aa95aa,0.0,128.8313007,35.24423088,0.2052980132450331,0.0,0.0,0.0,0.0,0.0,-0.0,-0.252878131,-0.0475801177549669,1277
마라24bb95aa,0.0,128.8725071,35.24377052,0.06622516556291391,0.04,0.0,0.0,0.06148170919151552,0.0,-0.0,-0.21666666666666667,-0.04895979191223723,1278
마마18aa01ab,0.0,128.7992344,35.30093102,0.15894039735099338,0.0,0.0,0.0,0.0,0.0,-0.0,-0.20833333333333334,-0.04939293598233996,1279
마라20ab88aa,0.0,128.8220357,35.18121826,0.013245033112582781,0.08,0.0,0.0,0.0,0.0,-0.0,-0.1427143545,-0.04946932138741722,1280
마마14ab04bb,0.0,128.7584867,35.3329188,0.11920529801324503,0.0,0.0,0.0,0.0018444512757454655,0.0,-0.0,-0.1713631985,-0.05031344921100951,1281
마라20ab93bb,0.0,128.8228763,35.23305293,0.0728476821192053,0.0,0.0,0.0,0.0,0.0,-0.0,-0.125,-0.052152317880794705,1282
마라11ba98bb,0.0,128.7274169,35.27914053,0.033112582781456956,0.0,0.0,0.0,0.003381494005533354,0.0,-0.0,-0.089077553,-0.0525834762130097,1283
마라20aa92ab,0.0,128.8199105,35.21956086,0.046357615894039736,0.0,0.0,0.0,0.0,0.0,-0.0,-0.1,-0.05364238410596027,1284
마라16aa95bb,0.0,128.7764634,35.251584,0.17880794701986755,0.0,0.0,0.0,0.0018444512757454655,0.0,-0.0,-0.23534441233333334,-0.05469201403772031,1285
마라11ab98bb,0.0,128.7246685,35.27916838,0.09271523178807947,0.0,0.0,0.0,0.0,0.0,-0.0,-0.14922928708333333,-0.05651405529525386,1286
마마28aa01ba,0.0,128.9092331,35.30195315,0.0728476821192053,0.0,0.0,0.0,0.0,0.0,-0.0,-0.12969653183333332,-0.05684884971412803,1287
마라21bb91ba,0.0,128.8390235,35.21258872,0.0,0.0,0.0,0.0,0.0,0.0,-0.0,-0.058333333333333334,-0.058333333333333334,1288
마라15bb93aa,0.0,128.7733284,35.22682212,0.0,0.0,0.0,0.0,0.0,0.0,-0.0,-0.058333333333333334,-0.058333333333333334,1288
마라17aa90aa,0.0,128.7866345,35.19963233,0.0,0.0,0.0,0.0,0.0,0.0,-0.0,-0.058333333333333334,-0.058333333333333334,1288
마라24aa99bb,0.0,128.8649839,35.2866825,0.006622516556291391,0.0,0.0,0.0,0.0,0.0,-0.0,-0.06666666666666667,-0.060044150110375276,1289
마마20ab02ba,0.0,128.8241595,35.31193087,0.006622516556291391,0.0,0.0,0.0,0.0,0.0,-0.0,-0.06666666666666667,-0.060044150110375276,1289
마라20ab96ab,0.0,128.8232424,35.25558959,0.2251655629139073,0.0,0.0,0.0,0.003381494005533354,0.0,-0.0,-0.28915462425,-0.06060756733055933,1290
마마16bb01aa,0.0,128.7854534,35.29882424,0.09271523178807947,0.0,0.0,0.0,0.0,0.0,-0.0,-0.15612355491666668,-0.06340832312858721,1291
마라25ba92bb,0.0,128.8804045,35.22339421,0.052980132450331126,0.0,0.0,0.0,0.0,0.0,-0.0,-0.11666666666666667,-0.06368653421633555,1292
마라20ba87aa,0.0,128.8246345,35.17217351,0.09933774834437085,0.0,0.0,0.0,0.027666769136181983,0.0,-0.0,-0.19166666666666665,-0.06466214918611382,1293
마라19bb93bb,0.0,128.8173828,35.23311285,0.25165562913907286,0.08,0.0,0.0,0.003996311097448509,0.0,-0.0,-0.40157755300000003,-0.06592561276347864,1294
마라21ab92bb,0.0,128.8337157,35.22391768,0.0,0.0,0.0,0.0,0.0,0.0,-0.0,-0.06666666666666667,-0.06666666666666667,1295
마마25ba00bb,0.0,128.8816281,35.29550963,0.06622516556291391,0.0,0.0,0.0,0.0,0.0,-0.0,-0.13347182083333334,-0.06724665527041943,1296
마마22bb07ba,0.0,128.8524043,35.35669876,0.046357615894039736,0.0,0.0,0.0,0.002459268367660621,0.0,-0.0,-0.11666666666666667,-0.06784978240496631,1297
마마12ab02aa,0.0,128.7361076,35.308355,0.15894039735099338,0.0,0.0,0.0,0.03873347679065478,0.0,-0.0,-0.2657755298333333,-0.06810165569168514,1298
마라20ba87ab,0.0,128.824671,35.1744272,0.08609271523178808,0.0,0.0,0.0,0.021211189671072855,0.0,-0.0,-0.17578275533333332,-0.06847885043047239,1299
마라21ab95bb,0.0,128.8341586,35.25096159,0.052980132450331126,0.0,0.0,0.0,0.003381494005533354,0.0,-0.0,-0.125,-0.06863837354413552,1300
마마26ba01ba,0.0,128.8927391,35.30214425,0.09271523178807947,0.04,0.0,0.0,0.0027666769136181985,0.0,-0.0,-0.20441955683333332,-0.06893764813163564,1301
마라29ba93aa,0.0,128.9243852,35.22513866,0.07947019867549669,0.0,0.0,0.0,0.0,0.0,-0.0,-0.14895231216666666,-0.06948211349116996,1302
마마13ba02ab,0.0,128.7498891,35.31046739,0.07947019867549669,0.0,0.0,0.0,0.0,0.0,-0.0,-0.14972302508333335,-0.07025282640783666,1303
마라17aa87ba,0.0,128.7862792,35.17709513,0.046357615894039736,0.0,0.0,0.0,0.007377805102981862,0.0,-0.0,-0.125,-0.0712645790029784,1304
마라25bb92bb,0.0,128.8831509,35.22336286,0.019867549668874173,0.0,0.0,0.0,0.0,0.0,-0.0,-0.09166666666666666,-0.07179911699779248,1305
마라33bb95ab,0.0,128.9714391,35.24486195,0.09933774834437085,0.0,0.0,0.0,0.02828158622809714,0.0,-0.0,-0.2,-0.07238066542753202,1306
마라20aa91ba,0.0,128.819801,35.21279982,0.026490066225165563,0.0,0.0,0.0,0.0,0.0,-0.0,-0.1,-0.07350993377483445,1307
마라23aa92bb,0.0,128.8529407,35.22370431,0.033112582781456956,0.0,0.0,0.0,0.026437134952351674,0.0,-0.0,-0.13333333333333333,-0.0737836155995247,1308
마라21ab99aa,0.0,128.834639,35.28025902,0.052980132450331126,0.0,0.0,0.0,0.0021518598217030436,0.0,-0.0,-0.12968448941666666,-0.0745524971446325,1309
마라16aa92ab,0.0,128.7759691,35.22003204,0.006622516556291391,0.0,0.0,0.0,0.0,0.0,-0.0,-0.08151493256666667,-0.07489241601037527,1310
마라14ab95ab,0.0,128.7571617,35.24727792,0.046357615894039736,0.0,0.0,0.375,0.0,0.0,-0.5,-0.0,-0.07864238410596025,1311
마라19ba87ba,0.0,128.8137281,35.17680049,0.07947019867549669,0.08,0.0,0.0,0.16845988318475252,0.0,-0.0,-0.4083333333333333,-0.08040325147308414,1312
마라12aa92ba,0.0,128.7320608,35.22274103,0.1390728476821192,0.0,0.0,0.0,0.002459268367660621,0.0,-0.0,-0.22605973024999998,-0.08452761420022017,1313
마라22ba90ab,0.0,128.8470755,35.20122903,0.07947019867549669,0.0,0.0,0.0,0.0021518598217030436,0.0,-0.0,-0.16666666666666666,-0.08504460816946692,1314
마라13ba94ba,0.0,128.7488161,35.24060207,0.046357615894039736,0.04,0.0,0.0,0.0,0.0,-0.0,-0.17231454716666667,-0.08595693127262694,1315
마마21ba07ba,0.0,128.8386497,35.35685192,0.006622516556291391,0.0,0.0,0.0,0.0064555794651091295,0.0,-0.0,-0.1,-0.08692190397859949,1316
마마13bb04ab,0.0,128.7529167,35.32846855,0.09271523178807947,0.0,0.0,0.0,0.0,0.0,-0.0,-0.17968448941666668,-0.0869692576285872,1317
마마18bb06bb,0.0,128.8082803,35.35042243,0.046357615894039736,0.0,0.0,0.0,0.008300030740854595,0.0,-0.0,-0.14166666666666666,-0.08700902003177233,1318
마라19ab91bb,0.0,128.8115991,35.21514305,0.17880794701986755,0.0,0.0,0.0,0.0,0.0,-0.0,-0.2674373795833333,-0.08862943256346575,1319
마라22bb91ba,0.0,128.8500076,35.21246672,0.11258278145695365,0.0,0.0,0.0,0.0030740854595757753,0.0,-0.0,-0.20515414258333334,-0.08949727566680392,1320
마라19aa89ba,0.0,128.8085274,35.19488953,0.019867549668874173,0.0,0.0,0.0,0.005225945281278819,0.0,-0.0,-0.11666666666666667,-0.09157317171651368,1321
마라15bb93ba,0.0,128.7733988,35.23132955,0.1456953642384106,0.0,0.0,0.0,0.0,0.0,-0.0,-0.2375,-0.0918046357615894,1322
마마14bb01aa,0.0,128.7634611,35.29905602,0.006622516556291391,0.0,0.0,0.0,0.0,0.0,-0.0,-0.1,-0.09337748344370861,1323
마라29bb93ab,0.0,128.927171,35.22735989,0.006622516556291391,0.0,0.0,0.0,0.003688902551490931,0.0,-0.0,-0.10455202308333332,-0.094240603975551,1324
마마19aa02bb,0.0,128.8104488,35.3143343,0.046357615894039736,0.04,0.0,0.0,0.003381494005533354,0.0,-0.0,-0.1843810211666667,-0.0946419112670936,1325
마라21ba90ab,0.0,128.8360928,35.20135072,0.09933774834437085,0.0,0.0,0.0,0.008607439286812174,0.036269430051813475,-0.0,-0.24166666666666667,-0.09745204898367016,1326
마마26ba07bb,0.0,128.8937061,35.35848348,0.033112582781456956,0.0,0.0,0.0,0.0,0.0,-0.0,-0.1322856455,-0.09917306271854304,1327
마마18ba06bb,0.0,128.8055295,35.35045218,0.0,0.0,0.0,0.0,0.0,0.0,-0.0,-0.1,-0.1,1328
마마30bb03aa,0.0,128.9397112,35.31511815,0.033112582781456956,0.0,0.0,0.0,0.0,0.0,-0.0,-0.13333333333333333,-0.10022075055187638,1329
마라24aa97ba,0.0,128.8646436,35.26639995,0.013245033112582781,0.12,0.0,0.375,0.14048570550261297,0.0,-0.0,-0.75,-0.1012692613848043,1330
마라33aa94ba,0.0,128.9630767,35.23820129,0.013245033112582781,0.0,0.0,0.0,0.0018444512757454655,0.0,-0.0,-0.11834055874999999,-0.10325107436167175,1331
마마18aa01aa,0.0,128.7991984,35.29867735,0.24503311258278146,0.0,0.0,0.0,0.0,0.0,-0.0,-0.35027697491666665,-0.10524386233388519,1332
마마18ab06bb,0.0,128.8027788,35.35048186,0.019867549668874173,0.0,0.0,0.0,0.0,0.0,-0.0,-0.12538535641666665,-0.10551780674779247,1333
마라19bb96ab,0.0,128.8177474,35.25564957,0.059602649006622516,0.0,0.0,0.0,0.0,0.0,-0.0,-0.16666666666666666,-0.10706401766004414,1334
마라24aa96aa,0.0,128.8644169,35.25287822,0.0,0.04,0.0,0.0,0.051952044266830616,0.0,-0.0,-0.19922928708333335,-0.10727724281650272,1335
마라20ba96bb,0.0,128.8260634,35.26006683,0.006622516556291391,0.0,0.0,0.0,0.0,0.0,-0.0,-0.11431840075,-0.1076958841937086,1336
마마18ba07aa,0.0,128.8055658,35.35270582,0.0,0.0,0.0,0.0,0.0,0.0,-0.0,-0.10833333333333334,-0.10833333333333334,1337
마라24ba95ab,0.0,128.8697979,35.24605527,0.0,0.0,0.0,0.0,0.0,0.0,-0.0,-0.10833333333333334,-0.10833333333333334,1337
마마26bb07bb,0.0,128.896457,35.35845172,0.0,0.0,0.0,0.0,0.0,0.0,-0.0,-0.10833333333333334,-0.10833333333333334,1337
마마17bb04aa,0.0,128.7968811,35.32575084,0.0728476821192053,0.0,0.0,0.0,0.005533353827236397,0.0,-0.0,-0.18802986516666667,-0.10964882922022498,1338
마라22ab92bb,0.0,128.8447014,35.22379613,0.06622516556291391,0.0,0.0,0.0,0.02305564094681832,0.0,-0.0,-0.2,-0.11071919349026778,1339
마라16bb90ba,0.0,128.7839598,35.20416891,0.006622516556291391,0.0,0.0,0.0,0.0,0.0,-0.0,-0.11771435449999999,-0.1110918379437086,1340
마라10ba99aa,0.0,128.7164569,35.28150533,0.013245033112582781,0.0,0.0,0.0,0.0,0.0,-0.0,-0.125,-0.11175496688741722,1341
마라13aa95bb,0.0,128.743494,35.25192732,0.019867549668874173,0.0,0.0,0.0,0.0,0.0,-0.0,-0.13256262041666667,-0.11269507074779249,1342
마라13bb94bb,0.0,128.7515978,35.24282742,0.0,0.0,0.0,0.0,0.0,0.0,-0.0,-0.11284922925,-0.11284922925,1343
마마33ba02bb,0.0,128.9699135,35.31250072,0.026490066225165563,0.0,0.0,0.0,0.0,0.0,-0.0,-0.14166666666666666,-0.1151766004415011,1344
마마27bb02bb,0.026373626373626374,128.9066792,35.31325298,0.152317880794702,0.0,0.0,0.0,0.007070396557024285,0.0,-0.0,-0.275,-0.11561172264827374,1345
마마17bb04ab,0.0,128.7969171,35.3280045,0.052980132450331126,0.0,0.0,0.0,0.01752228711958192,0.0,-0.0,-0.18698217725,-0.11647975768008695,1346
마라20bb88ba,0.0,128.827599,35.18566558,0.0,0.0,0.0,0.0,0.0,0.0,-0.0,-0.11666666666666667,-0.11666666666666667,1347
마라21ab94ab,0.0,128.8339371,35.23743965,0.0,0.04,0.0,0.0,0.06701506301875192,0.0,-0.0,-0.22461464358333333,-0.11759958056458142,1348
마라26ba93aa,0.0,128.8914284,35.22552203,0.0728476821192053,0.0,0.0,0.0,0.0,0.0,-0.0,-0.1906189788333333,-0.11777129671412802,1349
마라20ba95ba,0.0,128.8258798,35.24879853,0.0728476821192053,0.0,0.0,0.0,0.0,0.0,-0.0,-0.19166666666666665,-0.11881898454746136,1350
마마18ab04ab,0.0,128.802417,35.32794536,0.019867549668874173,0.0,0.0,0.0,0.0,0.0,-0.0,-0.14166666666666666,-0.12179911699779249,1351
마라17ab99bb,0.0,128.7907725,35.28749729,0.06622516556291391,0.0,0.0,0.0,0.0,0.0,-0.0,-0.18802986516666667,-0.12180469960375276,1352
마라26ab96aa,0.0,128.8891431,35.25259686,0.0,0.0,0.0,0.0,0.0,0.0,-0.0,-0.12182080925,-0.12182080925,1353
마라18aa99bb,0.0,128.7990183,35.287409,0.052980132450331126,0.0,0.0,0.0,0.0,0.0,-0.0,-0.175,-0.12201986754966887,1354
마라20aa92ba,0.0,128.819947,35.22181454,0.11258278145695365,0.0,0.0,0.0,0.0,0.0,-0.0,-0.23542870908333333,-0.12284592762637968,1355
마마19aa07aa,0.0,128.8110674,35.35264626,0.019867549668874173,0.0,0.0,0.0,0.0018444512757454655,0.0,-0.0,-0.14530346816666664,-0.123591467222047,1356
마라31aa94bb,0.0,128.9411423,35.24071853,0.006622516556291391,0.0,0.0,0.0,0.0,0.0,-0.0,-0.13094894025,-0.12432642369370861,1357
마라12ba98ab,0.0,128.7383419,35.27452101,0.006622516556291391,0.0,0.0,0.0,0.0,0.0,-0.0,-0.13122591525,-0.1246033986937086,1358
마마18bb05aa,0.0,128.8080259,35.33464693,0.0,0.0,0.0,0.0,0.0,0.0,-0.0,-0.125,-0.125,1359
마라18bb93ba,0.0,128.8063596,35.23097826,0.09271523178807947,0.0,0.0,0.0,0.0,0.0,-0.0,-0.21953275533333333,-0.12681752354525386,1360
마라21bb93ab,0.0,128.8392827,35.22836435,0.013245033112582781,0.0,0.0,0.0,0.0,0.0,-0.0,-0.14166666666666666,-0.12842163355408387,1361
마라15aa98ba,0.0,128.7658592,35.27649025,0.152317880794702,0.0,0.0,0.0,0.0,0.0,-0.0,-0.2815631020833333,-0.1292452212886313,1362
마마25ab00ba,0.0,128.8788411,35.29328741,0.0,0.0,0.0,0.0,0.0,0.0,-0.0,-0.12941955683333334,-0.12941955683333334,1363
마라15bb88aa,0.0,128.7726249,35.18174759,0.006622516556291391,0.0,0.0,0.0,0.0,0.0,-0.0,-0.13802986516666668,-0.13140734861037529,1364
마라30ba93ab,0.0,128.9354103,35.22726245,0.013245033112582781,0.08,0.0,0.0,0.0,0.0,-0.0,-0.225,-0.13175496688741722,1365
마마21aa00ba,0.0,128.8321122,35.29381117,0.07947019867549669,0.0,0.0,0.0,0.0,0.0,-0.0,-0.2125,-0.13302980132450332,1366
마마24ba07ba,0.0,128.8716605,35.35648172,0.0,0.0,0.0,0.0,0.0,0.0,-0.0,-0.13333333333333333,-0.13333333333333333,1367
마라27aa92bb,0.0,128.8968826,35.22320516,0.0,0.0,0.0,0.0,0.0,0.0,-0.0,-0.13333333333333333,-0.13333333333333333,1367
마마27aa07bb,0.0,128.8992079,35.35841989,0.0,0.0,0.0,0.0,0.0,0.0,-0.0,-0.13333333333333333,-0.13333333333333333,1367
마라11aa98ba,0.0,128.7218862,35.27694244,0.0,0.0,0.0,0.0,0.0,0.0,-0.0,-0.13410404625,-0.13410404625,1368
마라30ba93bb,0.0,128.9354897,35.23176958,0.013245033112582781,0.0,0.0,0.0,0.006148170919151552,0.01295336787564767,-0.0,-0.16666666666666666,-0.13432009475928464,1369
마라31ba94bb,0.0,128.9466361,35.24065297,0.013245033112582781,0.0,0.0,0.0,0.0021518598217030436,0.0,-0.0,-0.15,-0.13460310706571416,1370
마라16aa92ba,0.0,128.7760044,35.22228576,0.006622516556291391,0.0,0.0,0.0,0.0,0.0,-0.0,-0.14138969175000002,-0.13476717519370862,1371
마마20ba08bb,0.0,128.8278305,35.3682414,0.013245033112582781,0.0,0.0,0.0,0.006148170919151552,0.0,-0.0,-0.15546724466666667,-0.13607404063493234,1372
마라16aa92bb,0.0,128.7760397,35.22453947,0.006622516556291391,0.0,0.0,0.0,0.0,0.0,-0.0,-0.14314908475000002,-0.13652656819370862,1373
마라20ba87bb,0.0,128.8247442,35.17893458,0.013245033112582781,0.0,0.0,0.0,0.0,0.0,-0.0,-0.15,-0.1367549668874172,1374
마마25ab01aa,0.0,128.8789176,35.2977946,0.059602649006622516,0.0,0.0,0.0,0.0,0.0,-0.0,-0.19661006741666667,-0.13700741841004416,1375
마라19ab86ba,0.0,128.8108385,35.16781541,0.06622516556291391,0.0,0.0,0.0,0.0046111281893636644,0.0,-0.0,-0.20833333333333334,-0.13749703958105575,1376
마라35aa99ab,0.0,128.9858321,35.28075019,0.019867549668874173,0.0,0.0,0.0,0.0,0.0,-0.0,-0.15833333333333333,-0.13846578366445916,1377
마라33ab93bb,0.0,128.9657018,35.23140745,0.0,0.0,0.0,0.0,0.0,0.0,-0.0,-0.14061897883333332,-0.14061897883333332,1378
마마25aa02aa,0.0,128.8763214,35.3068403,0.2913907284768212,0.0,0.0,0.0,0.0,0.0,-0.0,-0.43301420999999995,-0.14162348152317877,1379
마마18ba06ab,0.0,128.805457,35.34594489,0.0,0.0,0.0,0.0,0.0,0.0,-0.0,-0.14166666666666666,-0.14166666666666666,1380
마라20bb87ba,0.0,128.8274524,35.17665083,0.0,0.0,0.0,0.0,0.0,0.0,-0.0,-0.14166666666666666,-0.14166666666666666,1380
마라25aa92ba,0.0,128.8748738,35.2212031,0.026490066225165563,0.0,0.0,0.0,0.006762988011066708,0.0,-0.0,-0.175,-0.14174694576376773,1381
마마18ba04ab,0.0,128.805167,35.3279157,0.006622516556291391,0.0,0.0,0.0,0.0,0.0,-0.0,-0.15,-0.1433774834437086,1382
마라10bb99aa,0.0,128.7192054,35.28147766,0.039735099337748346,0.0,0.0,0.0,0.0,0.0,-0.0,-0.18333333333333332,-0.14359823399558497,1383
마마19ba05ab,0.0,128.8163131,35.336811,0.006622516556291391,0.0,0.0,0.0,0.0030740854595757753,0.0,-0.0,-0.15364884391666667,-0.1439522419007995,1384
마마33ab03ba,0.0,128.9672863,35.31929462,0.039735099337748346,0.0,0.0,0.0,0.0046111281893636644,0.0,-0.0,-0.18840317916666666,-0.14405695163955465,1385
마라20ba91aa,0.0,128.8252199,35.20823247,0.013245033112582781,0.0,0.0,0.0,0.0,0.0,-0.0,-0.15756262041666666,-0.14431758730408387,1386
마라25ba95ab,0.0,128.8807864,35.24593037,0.0,0.0,0.0,0.0,0.0,0.0,-0.0,-0.14583333333333334,-0.14583333333333334,1387
마라20ab91ba,0.0,128.8225471,35.21276985,0.0,0.0,0.0,0.0,0.0,0.0,-0.0,-0.14922928708333333,-0.14922928708333333,1388
마라15ba93ba,0.0,128.7706521,35.23135842,0.033112582781456956,0.0,0.0,0.0,0.0,0.0,-0.0,-0.18333333333333332,-0.15022075055187636,1389
마마23bb10bb,0.0,128.8639007,35.38587168,0.013245033112582781,0.0,0.0,0.0,0.002459268367660621,0.0,-0.0,-0.16694364158333333,-0.15123934010308993,1390
마라36ba97bb,0.0,129.0020714,35.26702562,0.006622516556291391,0.0,0.0,0.0,0.0,0.0,-0.0,-0.15833333333333333,-0.15171081677704193,1391
마마18ba04aa,0.0,128.8051308,35.32566205,0.026490066225165563,0.0,0.0,0.0,0.0,0.0,-0.0,-0.17916666666666667,-0.1526766004415011,1392
마라09ba99bb,0.0,128.7055631,35.28837666,0.0,0.0,0.0,0.0,0.0,0.0,-0.0,-0.15468448941666668,-0.15468448941666668,1393
마라13ba94ab,0.0,128.7487816,35.23834833,0.15894039735099338,0.0,0.0,0.0,0.0,0.0,-0.0,-0.3141859345,-0.1552455371490066,1394
마마19ab05ab,0.0,128.8135628,35.33684092,0.0,0.0,0.0,0.0,0.0,0.0,-0.0,-0.15862235066666666,-0.15862235066666666,1395
마라25ab93ba,0.0,128.8777724,35.23018637,0.07947019867549669,0.0,0.0,0.0,0.03504457423916384,0.0,-0.0,-0.2731382466666667,-0.15862347375200617,1396
마마14ab00bb,0.0,128.7579281,35.29685963,0.07947019867549669,0.0,0.0,0.0,0.01537042729787888,0.0,-0.0,-0.25364884391666664,-0.15880821794329109,1397
마라35bb97bb,0.0,128.9938283,35.26712769,0.006622516556291391,0.0,0.0,0.0,0.0,0.0,-0.0,-0.1660356455,-0.1594131289437086,1398
마라21bb92aa,0.0,128.8390975,35.21709605,0.059602649006622516,0.12,0.0,0.0,0.0018444512757454655,0.0,-0.0,-0.3423831888333333,-0.1609360885509653,1399
마라30aa92ba,0.0,128.9297988,35.22056675,0.0,0.0,0.0,0.0,0.0,0.0,-0.0,-0.1610789980833333,-0.1610789980833333,1400
마라18aa91aa,0.0,128.7977606,35.20852994,0.026490066225165563,0.12,0.0,0.0,0.03934829388256993,0.0,-0.0,-0.3471700385,-0.1613316783922645,1401
마마27ab08ab,0.0,128.9020367,35.36289511,0.013245033112582781,0.0,0.0,0.0,0.0,0.0,-0.0,-0.175,-0.1617549668874172,1402
마라27ba93aa,0.0,128.9024141,35.22539524,0.046357615894039736,0.0,0.0,0.0,0.0,0.0,-0.0,-0.20826107900000002,-0.16190346310596027,1403
마라34ba94aa,0.0,128.9794754,35.23349387,0.0,0.0,0.0,0.0,0.0,0.0,-0.0,-0.1625,-0.1625,1404
마라33bb94bb,0.0,128.9713577,35.2403549,0.019867549668874173,0.0,0.0,0.0,0.0,0.0,-0.0,-0.18333333333333332,-0.16346578366445916,1405
마라20ba91ab,0.0,128.8252566,35.21048614,0.006622516556291391,0.0,0.0,0.0,0.0,0.0,-0.0,-0.17083333333333334,-0.16421081677704194,1406
마라20bb96ba,0.0,128.8287742,35.25778303,0.019867549668874173,0.0,0.0,0.0,0.0,0.0,-0.0,-0.18410404625,-0.16423649658112582,1407
마마26ba06ba,0.0,128.8935125,35.34721568,0.006622516556291391,0.0,0.0,0.0,0.003688902551490931,0.0,-0.0,-0.175,-0.16468858089221766,1408
마라15bb92bb,0.0,128.7732932,35.2245684,0.033112582781456956,0.0,0.0,0.0,0.0021518598217030436,0.0,-0.0,-0.2,-0.16473555739684,1409
마라20ba95ab,0.0,128.8258431,35.24654487,0.0,0.0,0.0,0.0,0.0,0.0,-0.0,-0.16666666666666666,-0.16666666666666666,1410
마라20ab91bb,0.0,128.8225837,35.21502353,0.0,0.0,0.0,0.0,0.0,0.0,-0.0,-0.16694364158333333,-0.16694364158333333,1411
마라18bb88ba,0.0,128.8056377,35.18590436,0.013245033112582781,0.0,0.0,0.0,0.0030740854595757753,0.0,-0.0,-0.18410404625,-0.16778492767784142,1412
마마21ba09ba,0.0,128.8389474,35.37488077,0.006622516556291391,0.0,0.0,0.0,0.0,0.0,-0.0,-0.17468569366666667,-0.16806317711037527,1413
마마18ba03ab,0.0,128.8050221,35.31890109,0.0728476821192053,0.0,0.0,0.0,0.002459268367660621,0.0,-0.0,-0.24368376683333332,-0.1683768163464674,1414
마라17bb98ba,0.0,128.7960901,35.27617011,0.006622516556291391,0.0,0.0,0.0,0.0,0.0,-0.0,-0.175,-0.1683774834437086,1415
마라11ba99bb,0.0,128.727553,35.28815547,0.11258278145695365,0.0,0.0,0.0,0.0021518598217030436,0.0,-0.0,-0.2833333333333333,-0.16859869205467665,1416
마라21ab94ba,0.0,128.833974,35.23969331,0.013245033112582781,0.0,0.0,0.0,0.0,0.0,-0.0,-0.18333333333333332,-0.17008830022075053,1417
마라19bb96aa,0.0,128.8177109,35.2533959,0.0,0.0,0.0,0.0,0.0,0.0,-0.0,-0.17031551058333333,-0.17031551058333333,1418
마마18bb02bb,0.0,128.8076992,35.31436407,0.0,0.0,0.0,0.0,0.0,0.0,-0.0,-0.17083333333333334,-0.17083333333333334,1419
마라19bb95bb,0.0,128.8176744,35.25114223,0.0,0.0,0.0,0.0,0.0,0.0,-0.0,-0.1713631985,-0.1713631985,1420
마라15bb95bb,0.0,128.773716,35.25161296,0.0728476821192053,0.0,0.0,0.0,0.0,0.0,-0.0,-0.24458574183333334,-0.17173805971412803,1421
마라23ab98aa,0.0,128.8564752,35.27099992,0.12582781456953643,0.2,0.0,0.0,0.0,0.0,-0.5,-0.0,-0.17417218543046353,1422
마마21aa10aa,0.0,128.8335185,35.37944885,0.019867549668874173,0.0,0.0,0.0,0.0,0.0,-0.0,-0.19425578033333332,-0.17438823066445916,1423
마라27bb93ab,0.0,128.9051993,35.22761698,0.0728476821192053,0.04,0.0,0.0,0.0,0.0,-0.0,-0.28801782275,-0.1751701406307947,1424
마라26aa92bb,0.0,128.8858972,35.22333144,0.006622516556291391,0.0,0.0,0.0,0.0,0.0,-0.0,-0.18319484583333334,-0.17657232927704195,1425
마라27ab92bb,0.0,128.899629,35.22317343,0.006622516556291391,0.0,0.0,0.0,0.0,0.0,-0.0,-0.18333333333333332,-0.17671081677704192,1426
마라16bb87ab,0.0,128.7834989,35.17487052,0.006622516556291391,0.0,0.0,0.0,0.0,0.0,-0.0,-0.18361030825,-0.1769877916937086,1427
마라24bb93bb,0.0,128.8723172,35.2325024,0.033112582781456956,0.08,0.0,0.0,0.15155241315708576,0.0,-0.0,-0.4427565029166667,-0.17809150697812398,1428
마마15aa01ab,0.0,128.7662453,35.30128096,0.0,0.0,0.0,0.0,0.0,0.0,-0.0,-0.1786368015,-0.1786368015,1429
마마15ba01ab,0.0,128.7717435,35.30122326,0.0,0.0,0.0,0.0,0.004918536735321242,0.0,-0.0,-0.18775289016666666,-0.1828343534313454,1430
마마18aa06ba,0.0,128.7999919,35.34825783,0.0,0.0,0.0,0.0,0.0,0.0,-0.0,-0.18333333333333332,-0.18333333333333332,1431
마마21ba10bb,0.0,128.8391337,35.38614878,0.0,0.0,0.0,0.0,0.0,0.0,-0.0,-0.18333333333333332,-0.18333333333333332,1431
마라26ba93ab,0.0,128.8914669,35.22777564,0.33112582781456956,0.04,0.2,0.375,0.0919151552413157,0.0,-1.0,-0.22229046241666664,-0.18424947936078143,1432
마마26aa01ba,0.0,128.8872411,35.30220746,0.0,0.0,0.0,0.0,0.0,0.0,-0.0,-0.18451950866666667,-0.18451950866666667,1433
마라16aa88aa,0.0,128.77537,35.18171871,0.013245033112582781,0.0,0.0,0.0,0.0,0.0,-0.0,-0.198175578,-0.1849305448874172,1434
마라16ab93ab,0.0,128.778857,35.22901791,0.0,0.0,0.0,0.0,0.0,0.0,-0.0,-0.18697013483333333,-0.18697013483333333,1435
마마17ba02bb,0.0,128.7939516,35.31451198,0.0,0.0,0.0,0.0,0.0,0.0,-0.0,-0.19166666666666665,-0.19166666666666665,1436
마라35bb98bb,0.0,128.9939938,35.27614165,0.0,0.0,0.0,0.0,0.0,0.0,-0.0,-0.19166666666666665,-0.19166666666666665,1436
마마16aa01aa,0.0,128.7772063,35.29891163,0.039735099337748346,0.0,0.0,0.0,0.0,0.0,-0.0,-0.23333333333333334,-0.19359823399558498,1437
마라22ab92ba,0.0,128.8446642,35.22154248,0.039735099337748346,0.0,0.0,0.0,0.0,0.0,-0.0,-0.23333333333333334,-0.19359823399558498,1437
마라34bb94ba,0.0,128.982304,35.23796729,0.019867549668874173,0.0,0.0,0.0,0.002459268367660621,0.0,-0.0,-0.21666666666666667,-0.19433984863013187,1438
마라36bb98ab,0.0,129.0049024,35.27149843,0.0,0.04,0.0,0.0,0.0,0.0,-0.0,-0.23438102116666668,-0.19438102116666667,1439
마라27aa94ba,0.0,128.8971531,35.23898037,0.013245033112582781,0.0,0.0,0.0,0.011988933292345526,0.0,-0.0,-0.2202914258333333,-0.195057459428405,1440
마마13bb00ba,0.0,128.7523954,35.29466299,0.0,0.0,0.0,0.0,0.0,0.0,-0.0,-0.19531551058333332,-0.19531551058333332,1441
마마24ab00ab,0.0,128.8678083,35.29115866,0.0,0.0,0.0,0.0,0.0,0.0,-0.0,-0.1963631985,-0.1963631985,1442
마라19ab94bb,0.0,128.8120344,35.24218724,0.052980132450331126,0.0,0.0,0.0,0.0,0.0,-0.0,-0.25,-0.19701986754966888,1443
마라13bb95ab,0.0,128.7516671,35.24733488,0.026490066225165563,0.0,0.0,0.0,0.0,0.0,-0.0,-0.225,-0.19850993377483445,1444
마마32ba02ab,0.0,128.9588354,35.3081269,0.2582781456953642,0.0,0.0,0.0,0.0,0.0,-0.0,-0.4583333333333333,-0.2000551876379691,1445
마라34bb94ab,0.0,128.982263,35.23571378,0.006622516556291391,0.0,0.0,0.0,0.0,0.0,-0.0,-0.20833333333333334,-0.20171081677704195,1446
마마14aa01ab,0.0,128.7552488,35.30139561,0.013245033112582781,0.0,0.0,0.0,0.0,0.0,-0.0,-0.21666666666666667,-0.20342163355408388,1447
마라15ab94bb,0.0,128.7680807,35.24265582,0.013245033112582781,0.0,0.0,0.0,0.0,0.0,-0.0,-0.21666666666666667,-0.20342163355408388,1447
마라25aa87aa,0.0,128.8740385,35.17162309,0.0,0.0,0.0,0.0,0.0,0.0,-0.0,-0.2036368015,-0.2036368015,1448
마라22ab89ba,0.0,128.8442184,35.19449855,0.2251655629139073,0.08,0.0,0.0,0.0021518598217030436,0.0,-0.0,-0.51103684975,-0.20371942701438966,1449
마라17ba99aa,0.0,128.7934135,35.28070689,0.0,0.0,0.0,0.0,0.0,0.0,-0.0,-0.20623795758333333,-0.20623795758333333,1450
마마14ba00ba,0.0,128.7606421,35.29457731,0.059602649006622516,0.0,0.0,0.0,0.007992622194897018,0.0,-0.0,-0.275,-0.2074047287984805,1451
마마22ab07ba,0.0,128.8469025,35.35676021,0.019867549668874173,0.0,0.0,0.0,0.0,0.0,-0.0,-0.22800457608333333,-0.20813702641445916,1452
마마14aa03ba,0.0,128.7555622,35.32167893,0.13245033112582782,0.0,0.0,0.0,0.0,0.0,-0.0,-0.3416666666666667,-0.20921633554083885,1453
마마27aa08aa,0.0,128.8992468,35.36067345,0.006622516556291391,0.0,0.0,0.0,0.0,0.0,-0.0,-0.21666666666666667,-0.21004415011037528,1454
마라35aa99bb,0.0,128.9859145,35.28525718,0.0,0.0,0.0,0.0,0.0,0.0,-0.0,-0.21030828516666666,-0.21030828516666666,1455
마마24ab00bb,0.0,128.8678841,35.29566588,0.026490066225165563,0.0,0.0,0.0,0.0,0.0,-0.0,-0.2375,-0.21100993377483443,1456
마라18ba98ba,0.0,128.8043348,35.27608149,0.0,0.0,0.0,0.0,0.0,0.0,-0.0,-0.21237957608333333,-0.21237957608333333,1457
마마19aa00ba,0.0,128.8101217,35.2940514,0.0728476821192053,0.04,0.0,0.0,0.0027666769136181985,0.0,-0.0,-0.3298169556666667,-0.2142025966338432,1458
마라31ba95aa,0.0,128.9466761,35.24290652,0.0,0.0,0.0,0.0,0.0,0.0,-0.0,-0.21667870908333334,-0.21667870908333334,1459
마마20ab09aa,0.0,128.825116,35.37052523,0.0,0.0,0.0,0.0,0.0,0.0,-0.0,-0.21694364158333332,-0.21694364158333332,1460
마라14ab88aa,0.0,128.7561543,35.18191955,0.0,0.0,0.0,0.0,0.0,0.0,-0.0,-0.2172808285,-0.2172808285,1461
마라20ab91ab,0.0,128.8225106,35.21051617,0.006622516556291391,0.0,0.0,0.0,0.0,0.0,-0.0,-0.225,-0.2183774834437086,1462
마마21bb08aa,0.0,128.8414752,35.36132863,0.006622516556291391,0.0,0.0,0.0,0.0,0.0,-0.0,-0.22527697491666665,-0.21865445836037525,1463
마라21bb87ba,0.0,128.8384318,35.17652999,0.026490066225165563,0.0,0.0,0.0,0.0,0.0,-0.0,-0.24619460499999998,-0.21970453877483442,1464
마마19ab08bb,0.0,128.8140739,35.3683918,0.0,0.0,0.0,0.0,0.0,0.0,-0.0,-0.22044797691666668,-0.22044797691666668,1465
마라13bb95aa,0.0,128.7516325,35.24508115,0.006622516556291391,0.08,0.0,0.0,0.0,0.0,-0.0,-0.30741811175,-0.22079559519370862,1466
마라21bb91bb,0.0,128.8390605,35.21484239,0.013245033112582781,0.0,0.0,0.0,0.0,0.0,-0.0,-0.23416425816666667,-0.22091922505408387,1467
마마11ba02ba,0.0,128.7279275,35.31294649,0.013245033112582781,0.0,0.0,0.0,0.015677835843836457,0.0,-0.0,-0.25127649325,-0.22235362429358077,1468
마라19ba86bb,0.0,128.8136194,35.17003938,0.13245033112582782,0.16,0.0,0.0,0.20135259760221333,0.0,-0.0,-0.7166666666666667,-0.22286373793862546,1469
마라33bb98ab,0.0,128.9719281,35.27190417,0.006622516556291391,0.0,0.0,0.0,0.0,0.0,-0.0,-0.2300578035,-0.2234352869437086,1470
마라14bb96aa,0.0,128.7627612,35.25398186,0.0,0.0,0.0,0.0,0.0,0.0,-0.0,-0.22422928708333334,-0.22422928708333334,1471
마라18ab89ab,0.0,128.800255,35.19272455,0.06622516556291391,0.0,0.2,0.0,0.00891484783276975,0.0,-0.5,-0.0,-0.22485998660431633,1472
마라19aa97aa,0.0,128.8096136,35.26250008,0.052980132450331126,0.0,0.0,0.0,0.0,0.0,-0.0,-0.2795640655,-0.2265839330496689,1473
마라17aa87bb,0.0,128.7863147,35.17934885,0.0,0.0,0.0,0.0,0.013833384568090992,0.0,-0.0,-0.24166666666666667,-0.22783328209857567,1474
마마21bb03bb,0.0,128.840842,35.3230172,0.0728476821192053,0.0,0.0,0.0,0.0,0.0,-0.0,-0.3010476878333333,-0.22820000571412802,1475
마마18bb07aa,0.0,128.8083166,35.35267607,0.006622516556291391,0.0,0.0,0.0,0.005225945281278819,0.0,-0.0,-0.24166666666666667,-0.22981820482909646,1476
마라13aa98aa,0.0,128.7438039,35.27221089,0.0,0.0,0.0,0.0,0.0,0.0,-0.0,-0.23333333333333334,-0.23333333333333334,1477
마마22aa07ba,0.0,128.8441516,35.35679084,0.0,0.0,0.0,0.0,0.0,0.0,-0.0,-0.23333333333333334,-0.23333333333333334,1477
마마09ab00bb,0.0,128.7029478,35.29741904,0.0,0.0,0.0,0.0,0.0,0.0,-0.0,-0.23333333333333334,-0.23333333333333334,1477
마라20bb88bb,0.0,128.8276357,35.18791926,0.0,0.0,0.0,0.0,0.0,0.0,-0.0,-0.23335741808333332,-0.23335741808333332,1478
마라20aa86ab,0.0,128.8190358,35.16547232,0.006622516556291391,0.0,0.0,0.0,0.0,0.0,-0.0,-0.24004094408333332,-0.23341842752704192,1479
마라21ba92ba,0.0,128.8364252,35.22163373,0.033112582781456956,0.0,0.0,0.0,0.0,0.0,-0.0,-0.26666666666666666,-0.2335540838852097,1480
마마14ab02bb,0.0,128.7582073,35.31488925,0.1390728476821192,0.0,0.0,0.0,0.0,0.0,-0.0,-0.375,-0.2359271523178808,1481
마마24bb02aa,0.0,128.8735722,35.30687156,0.152317880794702,0.0,0.0,0.0,0.0018444512757454655,0.0,-0.0,-0.3911669075,-0.23700457542955253,1482
마라35ab93bb,0.0,128.987674,35.23113935,0.033112582781456956,0.0,0.0,0.0,0.003381494005533354,0.0,-0.0,-0.2799927745833333,-0.24349869779634303,1483
마라34bb99aa,0.0,128.9830429,35.27853042,0.013245033112582781,0.0,0.0,0.0,0.0,0.0,-0.0,-0.25965197491666664,-0.24640694180408385,1484
마라32ab96aa,0.0,128.955078,35.25182188,0.006622516556291391,0.0,0.0,0.0,0.0,0.0,-0.0,-0.25360067433333333,-0.24697815777704193,1485
마라36aa94ba,0.0,128.9960376,35.23779829,0.006622516556291391,0.0,0.0,0.0,0.0027666769136181985,0.0,-0.0,-0.2583333333333333,-0.2489441398634237,1486
마마20ab00ba,0.0,128.8238658,35.29390172,0.006622516556291391,0.0,0.0,0.0,0.0,0.0,-0.0,-0.2583333333333333,-0.25171081677704193,1487
마마32ab02ab,0.0,128.9560863,35.30816004,0.039735099337748346,0.0,0.0,0.0,0.0,0.0,-0.0,-0.3,-0.26026490066225166,1488
마라32bb97ab,0.0,128.9607746,35.26302332,0.0,0.0,0.0,0.0,0.0,0.0,-0.0,-0.261199422,-0.261199422,1489
마라13bb97aa,0.0,128.7519097,35.26311096,0.039735099337748346,0.0,0.0,0.0,0.0,0.0,-0.0,-0.3012524085,-0.2615173091622517,1490
마라34bb99ba,0.0,128.9831251,35.28303742,0.0,0.0,0.0,0.0,0.0,0.0,-0.0,-0.26311416183333336,-0.26311416183333336,1491
마마14ba01ab,0.0,128.760747,35.30133841,0.006622516556291391,0.0,0.0,0.0,0.0,0.0,-0.0,-0.2707032755,-0.26408075894370864,1492
마마22ba00ba,0.0,128.8486049,35.29362837,0.0,0.0,0.0,0.0,0.0,0.0,-0.0,-0.26916666666666667,-0.26916666666666667,1493
마라34aa93ba,0.0,128.9739007,35.22905385,0.006622516556291391,0.0,0.0,0.0,0.0,0.0,-0.0,-0.276824422,-0.27020190544370865,1494
마라18ab87ab,0.0,128.7999678,35.17469487,0.0,0.0,0.0,0.0,0.0,0.0,-0.0,-0.2713511560833333,-0.2713511560833333,1495
마라25aa96ba,0.0,128.8754825,35.25726102,0.0,0.0,0.0,0.0,0.0,0.0,-0.0,-0.2721339113333333,-0.2721339113333333,1496
마라18ab90ab,0.0,128.8003987,35.20173937,0.0,0.0,0.0,0.0,0.0,0.0,-0.0,-0.2732538535833333,-0.2732538535833333,1497
마라22bb98bb,0.0,128.8510915,35.27782231,0.019867549668874173,0.0,0.0,0.0,0.0,0.0,-0.0,-0.29531551058333333,-0.27544796091445917,1498
마마14ab01ab,0.0,128.7579979,35.30136704,0.0,0.0,0.0,0.0,0.0,0.0,-0.0,-0.27577071291666666,-0.27577071291666666,1499
마라20bb91aa,0.0,128.8279658,35.20820238,0.11920529801324503,0.16,0.0,0.0,0.019981555487242543,0.0,-0.0,-0.575,-0.2758131464995124,1500
마마16ba00ba,0.0,128.7826332,35.29434607,0.09271523178807947,0.0,0.0,0.0,0.0030740854595757753,0.0,-0.0,-0.37300096341666666,-0.2772116461690114,1501
마마22aa00ba,0.0,128.8431073,35.29368956,0.0,0.0,0.0,0.0,0.0,0.0,-0.0,-0.2833333333333333,-0.2833333333333333,1502
마라26ab93aa,3.0,128.888682,35.22555357,0.006622516556291391,0.0,0.0,0.0,0.0,0.0,-0.0,-0.2916666666666667,-0.2850441501103753,1503
마라20aa96aa,0.0,128.8204584,35.25336595,0.006622516556291391,0.0,0.0,0.0,0.0,0.0,-0.0,-0.2927143545,-0.2860918379437086,1504
마마22ab07ab,0.0,128.846865,35.35450661,0.006622516556291391,0.0,0.0,0.0,0.0,0.0,-0.0,-0.29383429675,-0.28721178019370863,1505
마마21bb09bb,0.0,128.8417363,35.37710385,0.019867549668874173,0.0,0.0,0.0,0.0,0.0,-0.0,-0.30782273600000004,-0.2879551863311259,1506
마라23ab93ba,0.0,128.8557995,35.23043451,0.06622516556291391,0.12,0.0,0.0,0.0,0.0,-0.0,-0.47422928708333334,-0.28800412152041943,1507
마라32ba96ab,0.0,128.9578656,35.25404234,0.0,0.0,0.0,0.0,0.0,0.0,-0.0,-0.2880045760833333,-0.2880045760833333,1508
마라33ba93bb,0.0,128.9684484,35.23137415,0.059602649006622516,0.0,0.0,0.0,0.008607439286812174,0.0,-0.0,-0.35833333333333334,-0.2901232450398986,1509
마라17bb90ba,0.0,128.794943,35.20405194,0.0,0.0,0.0,0.0,0.0,0.0,-0.0,-0.2916666666666667,-0.2916666666666667,1510
마라15ab96ab,0.0,128.7682913,35.2561781,0.12582781456953643,0.0,0.0,0.0,0.0027666769136181985,0.0,-0.0,-0.425,-0.29640550851684533,1511
마마20ab01bb,0.0,128.8240493,35.30516995,0.06622516556291391,0.04,0.0,0.0,0.0021518598217030436,0.0,-0.0,-0.40745423891666666,-0.2990772135320497,1512
마마19bb06aa,0.0,128.8191733,35.34354192,0.0,0.0,0.0,0.0,0.0,0.0,-0.0,-0.3,-0.3,1513
마라17ba99ab,0.0,128.7934494,35.28296057,0.1456953642384106,0.0,0.0,0.0,0.002459268367660621,0.0,-0.0,-0.45,-0.3018453673939288,1514
마마18ab03aa,0.0,128.8022363,35.31667708,0.006622516556291391,0.0,0.0,0.0,0.0,0.0,-0.0,-0.30938102116666666,-0.3027585046103753,1515
마라33ab94ba,0.0,128.9658235,35.23816805,0.033112582781456956,0.0,0.0,0.0,0.0,0.0,-0.0,-0.3409922928333333,-0.30787971005187637,1516
마마18bb06aa,0.0,128.8081712,35.3436615,0.0,0.0,0.0,0.0,0.0,0.0,-0.0,-0.30833333333333335,-0.30833333333333335,1517
마마19aa08bb,0.0,128.8113225,35.3684217,0.0,0.0,0.0,0.0,0.0,0.0,-0.0,-0.30833333333333335,-0.30833333333333335,1517
마라14ab97aa,0.0,128.7574054,35.26305396,0.0,0.0,0.0,0.0,0.0,0.0,-0.0,-0.308694605,-0.308694605,1518
마마16ba04aa,0.0,128.7831314,35.32589756,0.013245033112582781,0.0,0.0,0.0,0.0,0.0,-0.0,-0.325,-0.3117549668874172,1519
마라19aa93bb,0.0,128.8091425,35.23320227,0.17880794701986755,0.0,0.0,0.0,0.0,0.0,-0.0,-0.49445447975,-0.31564653273013243,1520
마라19ab96bb,0.0,128.812325,35.26021663,0.0,0.0,0.0,0.0,0.0,0.0,-0.0,-0.31666666666666665,-0.31666666666666665,1521
마라10bb98ba,0.0,128.7191379,35.27697017,0.019867549668874173,0.0,0.0,0.0,0.0027666769136181985,0.0,-0.0,-0.3416666666666667,-0.3190324400841743,1522
마라16aa94ab,0.0,128.7762515,35.23806175,0.09933774834437085,0.0,0.0,0.0,0.0,0.0,-0.0,-0.42013487475,-0.32079712640562913,1523
마라21ab89bb,0.0,128.8332735,35.19687365,0.08609271523178808,0.0,0.0,0.0,0.0,0.0,-0.0,-0.41060211950000003,-0.32450940426821195,1524
마마19ba00ba,0.0,128.8156193,35.29399172,0.006622516556291391,0.0,0.0,0.0,0.0,0.0,-0.0,-0.336199422,-0.32957690544370866,1525
마라31ba94ab,0.0,128.946556,35.23614587,0.07947019867549669,0.0,0.0,0.0,0.004918536735321242,0.0,-0.0,-0.4338692196666667,-0.34948048425584877,1526
마마18bb02ba,0.0,128.807663,35.31211042,0.059602649006622516,0.08,0.0,0.0,0.0,0.0,-0.0,-0.5,-0.3603973509933775,1527
마마27aa06ba,0.0,128.8990135,35.34715212,0.0,0.0,0.0,0.0,0.0,0.0,-0.0,-0.38104527941666666,-0.38104527941666666,1528
마라19bb91aa,0.0,128.8169822,35.20832236,0.006622516556291391,0.0,0.0,0.0,0.0,0.0,-0.0,-0.39166666666666666,-0.3850441501103753,1529
마라26aa92aa,0.0,128.8857823,35.21657059,0.006622516556291391,0.0,0.0,0.0,0.0,0.0,-0.0,-0.39166666666666666,-0.3850441501103753,1529
마라18ab89aa,0.0,128.8002191,35.19047084,0.12582781456953643,0.04,0.0,0.0,0.050722410083000304,0.0,-0.0,-0.625,-0.4084497753474633,1530
마라17bb89aa,0.0,128.7947284,35.19052968,0.059602649006622516,0.0,0.0,0.0,0.1331079003996311,0.0,-0.0,-0.6025433525833334,-0.4098328031770797,1531
마마23ab08ab,0.0,128.8580193,35.36339784,0.006622516556291391,0.0,0.0,0.0,0.0,0.0,-0.0,-0.4166666666666667,-0.4100441501103753,1532
마마14ab02ba,0.0,128.7581724,35.31263555,0.23178807947019867,0.0,0.0,0.0,0.0,0.0,-0.0,-0.65,-0.4182119205298014,1533
마라21aa91ba,0.0,128.8307853,35.21267957,0.07947019867549669,0.0,0.0,0.0,0.0018444512757454655,0.0,-0.5,-0.0,-0.41868535004875784,1534
마라31ba95ab,0.0,128.9467161,35.24516007,0.0,0.0,0.0,0.0,0.0,0.0,-0.0,-0.4297085741666667,-0.4297085741666667,1535
마라15bb88ab,0.0,128.77266,35.18400132,0.06622516556291391,0.0,0.0,0.0,0.002459268367660621,0.0,-0.5,-0.0,-0.43131556606942545,1536
마마15ab02bb,0.3626373626373626,128.7692056,35.31477429,0.052980132450331126,0.0,0.0,0.0,0.007070396557024285,0.0,-0.5,-0.0,-0.4399494709926446,1537
마라22bb90ab,0.0,128.8498211,35.20119845,0.1986754966887417,0.0,0.0,0.0,0.004303719643406086,0.0,-0.0,-0.6509393063333333,-0.44796009000118553,1538
마라19aa90bb,0.0,128.8087082,35.20615801,0.12582781456953643,0.0,0.0,0.0,0.026437134952351674,0.0,-0.5,-0.10258911366666666,-0.4503241641447786,1539
마라25aa93ba,0.0,128.8750259,35.2302176,0.039735099337748346,0.0,0.0,0.0,0.0,0.0,-0.5,-0.0,-0.4602649006622517,1540
마라18bb87bb,0.0,128.8055295,35.17914324,0.019867549668874173,0.0,0.0,0.0,0.011988933292345526,0.0,-0.5,-0.0,-0.4681435170387803,1541
마마17aa02ab,0.0,128.788381,35.31006337,0.026490066225165563,0.0,0.0,0.0,0.0,0.0,-0.5,-0.0,-0.4735099337748344,1542
마라28aa96ba,0.0,128.9084524,35.2568817,0.013245033112582781,0.0,0.0,0.0,0.004303719643406086,0.0,-0.5,-0.0,-0.4824512472440111,1543
마라29ab94bb,0.0,128.9219141,35.240946,0.013245033112582781,0.0,0.0,0.0,0.0018444512757454655,0.0,-0.5,-0.0,-0.48491051561167176,1544
마라16bb87bb,0.0,128.7835697,35.17937798,0.006622516556291391,0.0,0.0,0.0,0.0,0.0,-0.0,-0.49166666666666664,-0.48504415011037527,1545
마라26bb96aa,1.964835164835165,128.8946378,35.25253365,0.006622516556291391,0.0,0.0,0.0,0.0,0.0,-0.5,-0.0,-0.49337748344370863,1546
마라15bb88bb,0.0,128.7727303,35.18850879,0.0,0.0,0.0,0.0,0.0,0.0,-0.5,-0.0,-0.5,1547
마라27bb96ba,0.0,128.9057049,35.25691365,0.0,0.0,0.0,0.0,0.0,0.0,-0.5,-0.0,-0.5,1547
마라29ab93ab,0.0,128.9216781,35.22742453,0.6225165562913907,0.0,0.0,0.0,0.0,0.0,-1.0,-0.16666666666666666,-0.5441501103752759,1548
마라19bb91bb,0.0,128.8170914,35.21508342,0.09271523178807947,0.0,0.0,0.0,0.006148170919151552,0.02849740932642487,-0.0,-0.6882466281666667,-0.5608858161330108,1549
마라17bb91ba,0.0,128.7950862,35.21306676,0.033112582781456956,0.0,0.0,0.0,0.0,0.3911917098445596,-1.0,-0.0,-0.5756957073739835,1550
마라25ba96bb,0.0,128.8810158,35.25945203,0.0,0.0,0.0,0.0,0.0,0.0,-0.0,-0.5833333333333334,-0.5833333333333334,1551
마라23aa91bb,0.0,128.8527911,35.21468972,0.06622516556291391,0.0,0.0,0.0,0.0,0.0,-0.0,-0.6511476396666667,-0.5849224741037528,1552
마라09bb98bb,0.0,128.7081779,35.27933422,0.0,0.0,0.0,0.0,0.0,0.0,-0.0,-0.5916666666666667,-0.5916666666666667,1553
마라20ab87aa,0.0,128.8218898,35.17220349,0.039735099337748346,0.08,0.0,0.375,0.12296341838303104,0.0,-1.0,-0.21212668591666667,-0.5944281681958872,1554
마라22bb91bb,0.0,128.8500449,35.21472038,0.0,0.0,0.0,0.0,0.0,0.0,-0.0,-0.5996748555,-0.5996748555,1555
마마18ab00aa,0.0,128.801803,35.28963312,0.11920529801324503,0.0,0.0,0.0,0.0,0.0,-0.0,-0.7416666666666667,-0.6224613686534217,1556
마라21ba89aa,0.0,128.8359083,35.19008236,0.019867549668874173,0.0,0.0,0.0,0.0018444512757454655,0.0,-0.0,-0.6448061174999998,-0.6230941165553802,1557
마마12bb00ab,0.0,128.7413653,35.29252264,0.0,0.0,0.0,0.0,0.0,0.0,-0.0,-0.625,-0.625,1558
마라23ab91bb,0.0,128.8555372,35.214659,0.006622516556291391,0.0,0.0,0.0,0.0,0.0,-0.0,-0.6717545760833332,-0.6651320595270418,1559
마라22aa91bb,0.0,128.8418066,35.21481198,0.0,0.0,0.0,0.0,0.0,0.0,-0.0,-0.7023663295,-0.7023663295,1560
마라25ab96bb,0.0,128.8782682,35.25948336,0.006622516556291391,0.0,0.0,0.0,0.0,0.0,-0.5,-0.22946772641666666,-0.7228452098603753,1561
마마13ba02ba,0.0,128.7499238,35.3127211,0.23841059602649006,0.0,0.0,0.0,0.0,0.0,-0.0,-1.0,-0.7615894039735099,1562
마라14ba93ba,0.0,128.759665,35.23147327,0.019867549668874173,0.0,0.0,0.0,0.0,0.0,-0.0,-0.7925891136666666,-0.7727215639977925,1563
마라10aa99ba,0.0,128.7110271,35.28606799,0.1390728476821192,0.0,0.0,0.0,0.0,0.0,-1.0,-0.0,-0.8609271523178808,1564
마라28ba93aa,0.0,128.9133997,35.22526745,0.046357615894039736,0.0,0.0,0.0,0.0,0.0,-0.0,-0.9416666666666667,-0.8953090507726269,1565
마라22bb93ab,0.0,128.8502689,35.22824228,0.006622516556291391,0.0,0.0,0.0,0.06793728865662466,0.0,-1.0,-0.0,-0.925440194787084,1566
마마23aa06ba,0.0,128.8550046,35.34765356,0.046357615894039736,0.0,0.0,0.0,0.0,0.0,-1.0,-0.0,-0.9536423841059603,1567
마마10ba02aa,0.0,128.7168617,35.30855022,0.006622516556291391,0.0,0.0,0.0,0.0,0.0,-1.0,-0.0,-0.9933774834437086,1568
마마14ba02bb,0.0,128.7609569,35.3148606,0.026490066225165563,0.0,0.0,0.0,0.0,0.0,-1.0,-0.15833333333333333,-1.1318432671081677,1569
마라24ba95aa,0.0,128.86976,35.24380164,0.013245033112582781,0.0,0.0,0.0,0.005533353827236397,0.0,-1.5,-0.0,-1.4812216130601807,1570
마라18aa89aa,0.0,128.7974738,35.19050029,0.039735099337748346,0.0,0.0,0.375,0.0,0.0,-2.0,-0.0,-1.5852649006622517,1571
마라21ab91bb,0.0,128.8335682,35.21490302,0.09271523178807947,0.0,0.0,0.0,0.0,0.0,-2.0,-0.15,-2.0572847682119204,1572
마라10ba98bb,0.0,128.7164232,35.27925158,0.09271523178807947,0.0,0.0,0.0,0.0,0.0,-2.5,-0.0,-2.4072847682119205,1573
마라21ba88ba,0.0,128.8358345,35.18557501,0.06622516556291391,0.0,0.0,0.0,0.0,0.0,-2.5,-0.0,-2.433774834437086,1574
마라36ba98aa,0.0,129.002113,35.2692791,0.0,0.04,0.0,0.0,0.0,0.0,-3.0,-0.0,-2.96,1575
