gid,건물1,건물2,건물3,행정기관,도서관,주차구획수_sum,경제인구,전기차와충전소_전처리_결과_전기차,전기차와충전소_전처리_결과_충전소,김해_차량평균속도_avg_speed
마라09ab99bb,0,0,0,0,0,,,0,0,
마라09ba98ba,0,0,0,0,0,,,0,0,
마라09ba98bb,0,0,0,0,0,,,0,0,
마라09ba99aa,0,0,0,0,0,,,0,0,
마라09ba99ab,0,0,0,0,0,,,0,0,
마라09ba99ba,0,0,0,0,0,,,0,0,
마라09ba99bb,0,0,0,0,0,,,0,0,18.562138730000001
마라09bb98aa,0,0,0,0,0,,,0,0,
마라09bb98ab,0,0,0,0,0,,,0,0,
마라09bb98ba,0,0,0,0,0,,,0,0,
마라09bb98bb,0,0,0,0,0,,0.0000000000000000000000000000000,0,0,71.000000000000000
마라09bb99aa,1,0,0,0,0,,22.0000000000000000000000000000000,0,0,
마라09bb99ab,1,0,0,0,0,,,0,0,
마라09bb99ba,1,0,0,0,0,,0.0000000000000000000000000000000,0,0,
마라09bb99bb,1,0,0,0,0,,,0,0,
마라10aa96bb,0,0,0,0,0,,,0,0,
마라10aa97aa,0,0,0,0,0,,,0,0,
마라10aa97ab,0,0,0,0,0,,,0,0,
마라10aa97ba,0,0,0,0,0,,,0,0,
마라10aa97bb,3,0,0,0,0,,0.0000000000000000000000000000000,0,0,
마라10aa98aa,0,0,0,0,0,,,0,0,
마라10aa98ab,0,0,0,0,0,,,0,0,
마라10aa98ba,0,0,0,0,0,,,0,0,
마라10aa98bb,0,0,0,0,0,,,0,0,
마라10aa99aa,2,0,0,0,0,,0.0000000000000000000000000000000,0,0,
마라10aa99ab,0,0,0,0,0,,,0,0,
마라10aa99ba,21,0,0,0,0,,0.0000000000000000000000000000000,0,2,
마라10aa99bb,15,0,0,0,0,,0.0000000000000000000000000000000,0,0,
마라10ab96aa,0,0,0,0,0,,,0,0,
마라10ab96ab,0,0,0,0,0,,,0,0,
마라10ab96ba,0,0,0,0,0,,,0,0,
마라10ab96bb,0,0,0,0,0,,,0,0,
마라10ab97aa,0,0,0,0,0,,,0,0,
마라10ab97ab,0,0,0,0,0,,,0,0,
마라10ab97ba,1,0,0,0,0,,0.0000000000000000000000000000000,0,0,
마라10ab97bb,6,0,0,0,0,,0.0000000000000000000000000000000,0,0,
마라10ab98aa,1,0,0,0,0,,0.0000000000000000000000000000000,0,0,
마라10ab98ab,0,0,0,0,0,,0.0000000000000000000000000000000,0,0,
마라10ab98ba,0,0,0,0,0,,,0,0,
마라10ab98bb,0,6,0,0,0,,,0,0,
마라10ab99aa,3,0,0,0,0,,,0,0,
마라10ab99ab,5,0,0,0,0,,0.0000000000000000000000000000000,0,0,
마라10ab99ba,34,0,0,0,0,,49.0000000000000000000000000000000,0,0,
마라10ab99bb,2,0,0,0,0,,,0,0,
마라10ba95bb,0,0,0,0,0,,,0,0,
마라10ba96aa,0,0,0,0,0,,,0,0,
마라10ba96ab,0,0,0,0,0,,,0,0,
마라10ba96ba,0,0,0,0,0,,,0,0,
마라10ba96bb,0,0,0,0,0,,,0,0,
마라10ba97aa,0,0,0,0,0,,,0,0,
마라10ba97ab,0,0,0,0,0,,,0,0,
마라10ba97ba,0,0,0,0,0,,,0,0,
마라10ba97bb,0,0,0,0,0,,,0,0,
마라10ba98aa,1,0,0,0,0,,,0,0,
마라10ba98ab,1,0,0,0,0,,0.0000000000000000000000000000000,0,0,
마라10ba98ba,1,0,0,0,0,,,0,0,
마라10ba98bb,14,0,0,0,0,,,0,5,
마라10ba99aa,2,0,0,0,0,,,0,0,15.000000000000000
마라10ba99ab,4,0,0,0,0,,,0,0,
마라10ba99ba,7,0,0,0,0,,0.0000000000000000000000000000000,0,0,
마라10ba99bb,0,0,0,0,0,,,1,0,
마라10bb94bb,0,0,0,0,0,,,0,0,
마라10bb95aa,0,0,0,0,0,,,0,0,
마라10bb95ab,0,0,0,0,0,,,0,0,
마라10bb95ba,0,0,0,0,0,,,0,0,
마라10bb95bb,0,0,0,0,0,,,0,0,
마라10bb96aa,0,0,0,0,0,,,0,0,
마라10bb96ab,0,0,0,0,0,,,0,0,
마라10bb96ba,0,0,0,0,0,,,0,0,
마라10bb96bb,0,0,0,0,0,,,0,0,
마라10bb97aa,0,0,0,0,0,,,0,0,
마라10bb97ab,0,0,0,0,0,,,0,0,
마라10bb97ba,0,0,0,0,0,,,0,0,
마라10bb97bb,0,0,0,0,0,,,0,0,
마라10bb98aa,0,0,0,0,0,,,0,0,
마라10bb98ab,0,0,0,0,0,,0.0000000000000000000000000000000,0,0,
마라10bb98ba,3,0,0,0,0,,9.0000000000000000000000000000000,0,0,41.000000000000000
마라10bb98bb,0,0,0,0,0,,,0,0,
마라10bb99aa,6,0,0,0,0,,,0,0,22.000000000000000
마라10bb99ab,32,0,0,0,0,,0.0000000000000000000000000000000,0,0,
마라10bb99ba,44,0,0,0,0,,19.0000000000000000000000000000000,0,0,
마라10bb99bb,4,0,0,0,0,,12.0000000000000000000000000000000,0,0,
마라11aa91bb,0,0,0,0,0,,,0,0,
마라11aa92aa,0,0,0,0,0,,,0,0,
마라11aa92ab,0,0,0,0,0,,,0,0,
마라11aa92ba,0,0,0,0,0,,,0,0,
마라11aa92bb,0,0,0,0,0,,,0,0,
마라11aa93aa,0,0,0,0,0,,,0,0,
마라11aa94bb,0,0,0,0,0,,,0,0,
마라11aa95aa,0,0,0,0,0,,,0,0,
마라11aa95ab,0,0,0,0,0,,,0,0,
마라11aa95ba,0,0,0,0,0,,,0,0,
마라11aa95bb,0,0,0,0,0,,,0,0,
마라11aa96aa,0,0,0,0,0,,,0,0,
마라11aa96ab,0,0,0,0,0,,,0,0,
마라11aa96ba,0,0,0,0,0,,,0,0,
마라11aa96bb,0,0,0,0,0,,,0,0,
마라11aa97aa,0,0,0,0,0,,,0,0,
마라11aa97ab,0,0,0,0,0,,,0,0,
마라11aa97ba,0,0,0,0,0,,,0,0,
마라11aa97bb,0,0,0,0,0,,,0,0,
마라11aa98aa,0,0,0,0,0,,0.0000000000000000000000000000000,0,0,
마라11aa98ab,0,0,0,0,0,,15.0000000000000000000000000000000,0,0,
마라11aa98ba,0,0,0,0,0,,,0,0,16.092485549999999
마라11aa98bb,0,0,0,0,0,,,0,0,
마라11aa99aa,25,0,0,0,0,,,0,0,
마라11aa99ab,3,0,0,0,0,,,0,0,
마라11aa99ba,45,0,0,0,0,,0.0000000000000000000000000000000,0,0,
마라11aa99bb,7,0,0,0,0,,0.0000000000000000000000000000000,0,0,
마라11ab91ab,0,0,0,0,0,,,0,0,
마라11ab91ba,0,0,0,0,0,,,0,0,
마라11ab91bb,0,0,0,0,0,,,0,0,
마라11ab92aa,0,0,0,0,0,,,0,0,
마라11ab92ab,0,0,0,0,0,,,0,0,
마라11ab92ba,0,0,0,0,0,,,0,0,
마라11ab92bb,0,0,0,0,0,,,0,0,
마라11ab93aa,0,0,0,0,0,,,0,0,
마라11ab93ab,0,0,0,0,0,,,0,0,
마라11ab93ba,0,0,0,0,0,,,0,0,
마라11ab93bb,0,0,0,0,0,,,0,0,
마라11ab94aa,0,0,0,0,0,,,0,0,
마라11ab94ab,0,0,0,0,0,,,0,0,
마라11ab94ba,0,0,0,0,0,,,0,0,
마라11ab94bb,0,0,0,0,0,,,0,0,
마라11ab95aa,0,0,0,0,0,,,0,0,
마라11ab95ab,0,0,0,0,0,,,0,0,
마라11ab95ba,0,0,0,0,0,,,0,0,
마라11ab95bb,0,0,0,0,0,,,0,0,
마라11ab96aa,0,0,0,0,0,,,0,0,
마라11ab96ab,0,0,0,0,0,,,0,0,
마라11ab96ba,0,0,0,0,0,,,0,0,
마라11ab96bb,0,0,0,0,0,,,0,0,
마라11ab97aa,0,0,0,0,0,,,0,0,
마라11ab97ab,0,0,0,0,0,,,0,0,
마라11ab97ba,0,0,0,0,0,,,0,0,
마라11ab97bb,1,0,0,0,0,,0.0000000000000000000000000000000,0,0,
마라11ab98aa,0,0,0,0,0,,,0,0,
마라11ab98ab,0,0,0,0,0,,,0,0,
마라11ab98ba,0,0,0,0,0,,,0,0,
마라11ab98bb,14,0,0,0,0,,0.0000000000000000000000000000000,0,0,17.907514450000001
마라11ab99aa,27,0,0,0,0,,,0,0,
마라11ab99ab,12,0,0,0,0,,,0,0,
마라11ab99ba,27,0,0,0,0,,,0,0,
마라11ab99bb,0,0,0,0,0,,0.0000000000000000000000000000000,0,0,
마라11ba90bb,0,0,0,0,0,,,0,0,
마라11ba91aa,0,0,0,0,0,,,0,0,
마라11ba91ab,0,0,0,0,0,,,0,0,
마라11ba91ba,0,0,0,0,0,,,0,0,
마라11ba91bb,0,0,0,0,0,,,0,0,
마라11ba92aa,0,0,0,0,0,,,0,0,
마라11ba92ab,0,0,0,0,0,,,0,0,
마라11ba92ba,0,0,0,0,0,,,0,0,
마라11ba92bb,0,0,0,0,0,,,0,0,
마라11ba93aa,0,0,0,0,0,,,0,0,
마라11ba93ab,0,0,0,0,0,,,0,0,
마라11ba93ba,0,0,0,0,0,,,0,0,
마라11ba93bb,0,0,0,0,0,,,0,0,
마라11ba94aa,0,0,0,0,0,,,0,0,
마라11ba94ab,0,0,0,0,0,,,0,0,
마라11ba94ba,0,0,0,0,0,,,0,0,
마라11ba94bb,0,0,0,0,0,,,0,0,
마라11ba95aa,0,0,0,0,0,,,0,0,
마라11ba95ab,0,0,0,0,0,,,0,0,
마라11ba95ba,0,0,0,0,0,,,0,0,
마라11ba95bb,0,0,0,0,0,,,0,0,
마라11ba96aa,0,0,0,0,0,,,0,0,
마라11ba96ab,0,0,0,0,0,,,0,0,
마라11ba96ba,0,0,0,0,0,,,0,0,
마라11ba96bb,0,0,0,0,0,,,0,0,
마라11ba97aa,0,0,0,0,0,,,0,0,
마라11ba97ab,0,0,0,0,0,,,0,0,
마라11ba97ba,0,0,0,0,0,,,0,0,
마라11ba97bb,0,0,0,0,0,,,0,0,
마라11ba98aa,0,0,0,0,0,,,0,0,
마라11ba98ab,0,0,0,0,0,,,0,0,
마라11ba98ba,4,0,0,0,0,,0.0000000000000000000000000000000,0,0,
마라11ba98bb,5,0,0,0,0,,11.0000000000000000000000000000000,0,0,10.689306360000000
마라11ba99aa,25,0,0,0,0,,,0,0,
마라11ba99ab,10,0,0,0,0,,,0,0,
마라11ba99ba,49,0,0,0,0,,0.0000000000000000000000000000000,0,0,
마라11ba99bb,17,0,0,0,0,,7.0000000000000008881784197001252,0,0,34.000000000000000
마라11bb90bb,0,0,0,0,0,,,0,0,
마라11bb91aa,0,0,0,0,0,,,0,0,
마라11bb91ab,0,0,0,0,0,,,0,0,
마라11bb91ba,0,0,0,0,0,,,0,0,
마라11bb91bb,0,0,0,0,0,,,0,0,
마라11bb92aa,0,0,0,0,0,,,0,0,
마라11bb92ab,1,0,0,0,0,,0.0000000000000000000000000000000,0,0,
마라11bb92ba,4,0,0,0,0,,8.0000000000000000000000000000000,0,0,
마라11bb92bb,0,0,0,0,0,,,0,0,
마라11bb93aa,0,0,0,0,0,,,0,0,
마라11bb93ab,0,0,0,0,0,,,0,0,
마라11bb93ba,0,0,0,0,0,,,0,0,
마라11bb93bb,0,0,0,0,0,,,0,0,
마라11bb94aa,0,0,0,0,0,,,0,0,
마라11bb94ab,0,0,0,0,0,,,0,0,
마라11bb94ba,0,0,0,0,0,,,0,0,
마라11bb94bb,0,0,0,0,0,,,0,0,
마라11bb95aa,0,0,0,0,0,,,0,0,
마라11bb95ab,0,0,0,0,0,,,0,0,
마라11bb95ba,0,0,0,0,0,,,0,0,
마라11bb95bb,0,0,0,0,0,,,0,0,
마라11bb96aa,2,0,0,0,0,,,0,0,
마라11bb96ab,0,0,0,0,0,,,0,0,
마라11bb96ba,0,0,0,0,0,,,0,0,
마라11bb96bb,0,0,0,0,0,,,0,0,
마라11bb97aa,0,0,0,0,0,,,0,0,
마라11bb97ab,0,0,0,0,0,,,0,0,
마라11bb97ba,0,0,0,0,0,,,0,0,
마라11bb97bb,0,0,0,0,0,,,0,0,
마라11bb98aa,0,0,0,0,0,,,0,0,
마라11bb98ab,0,0,0,0,0,,,0,0,
마라11bb98ba,0,0,0,0,0,,11.0000000000000000000000000000000,0,0,
마라11bb98bb,12,0,0,0,0,,,0,0,
마라11bb99aa,7,0,0,0,0,,,0,0,
마라11bb99ab,0,0,0,0,0,,,0,0,
마라11bb99ba,18,0,0,0,0,,,0,0,
마라11bb99bb,29,0,0,0,0,,9.9999999999999982236431605997495,0,0,
마라12aa90ba,0,0,0,0,0,,,0,0,
마라12aa90bb,0,0,0,0,0,,,0,0,
마라12aa91aa,0,0,0,0,0,,,0,0,
마라12aa91ab,0,0,0,0,0,,,0,0,
마라12aa91ba,0,0,0,0,0,,,0,0,
마라12aa91bb,0,0,0,0,0,,,0,0,
마라12aa92aa,0,0,0,0,0,,,0,0,
마라12aa92ab,9,0,0,0,0,,11.0000000000000000000000000000000,0,0,
마라12aa92ba,21,0,0,0,0,,8.0000000000000000000000000000000,0,0,27.127167629999999
마라12aa92bb,0,0,0,0,0,,,0,0,
마라12aa93aa,0,0,0,0,0,,,0,0,
마라12aa93ab,0,0,0,0,0,,,0,0,
마라12aa93ba,0,0,0,0,0,,,0,0,
마라12aa93bb,0,0,0,0,0,,,0,0,
마라12aa94aa,0,0,0,0,0,,,0,0,
마라12aa94ab,0,0,0,0,0,,,0,0,
마라12aa94ba,1,0,0,0,0,,,0,0,
마라12aa94bb,0,0,0,0,0,,,0,0,
마라12aa95aa,0,0,0,0,0,,,0,0,
마라12aa95ab,0,0,0,0,0,,,0,0,
마라12aa95ba,0,0,0,0,0,,,0,0,
마라12aa95bb,0,0,0,0,0,,,0,0,
마라12aa96aa,0,0,0,0,0,,,0,0,
마라12aa96ab,0,0,0,0,0,,,0,0,
마라12aa96ba,0,0,0,0,0,,,0,0,
마라12aa96bb,0,0,0,0,0,,,0,0,
마라12aa97aa,0,0,0,0,0,,,0,0,
마라12aa97ab,0,0,0,0,0,,,0,0,
마라12aa97ba,0,0,0,0,0,,,0,0,
마라12aa97bb,0,0,0,0,0,,,0,0,
마라12aa98aa,0,0,0,0,0,,,0,0,
마라12aa98ab,0,0,0,0,0,,,0,0,
마라12aa98ba,0,0,0,0,0,,,0,0,
마라12aa98bb,3,0,0,0,0,,,0,0,
마라12aa99aa,0,0,0,0,0,,,0,0,
마라12aa99ab,0,0,0,0,0,,,0,0,
마라12aa99ba,4,0,0,0,0,,0.0000000000000000000000000000000,0,0,
마라12aa99bb,25,0,0,0,0,,19.9999999999999964472863211994991,0,0,
마라12ab90ba,0,0,0,0,0,,,0,0,
마라12ab90bb,0,0,0,0,0,,,0,0,
마라12ab91aa,0,0,0,0,0,,,0,0,
마라12ab91ab,0,0,0,0,0,,,0,0,
마라12ab91ba,0,0,0,0,0,,,0,0,
마라12ab91bb,0,0,0,0,0,,,0,0,
마라12ab92aa,0,0,0,0,0,,,0,0,
마라12ab92ab,0,0,0,0,0,,,0,0,
마라12ab92ba,1,0,0,0,0,,,0,0,
마라12ab92bb,0,0,0,0,0,,,0,0,
마라12ab93aa,0,0,0,0,0,,,0,0,
마라12ab93ab,0,0,0,0,0,,,0,0,
마라12ab93ba,1,0,0,0,0,,,0,0,
마라12ab93bb,0,0,0,0,0,,,0,0,
마라12ab94aa,0,0,0,0,0,,,0,0,
마라12ab94ab,0,0,0,0,0,,,0,0,
마라12ab94ba,0,0,0,0,0,,,0,0,
마라12ab94bb,0,0,0,0,0,,,0,0,
마라12ab95aa,0,0,0,0,0,,,0,0,
마라12ab95ab,0,0,0,0,0,,0.0000000000000000000000000000000,0,0,
마라12ab95ba,0,0,0,0,0,,,0,0,
마라12ab95bb,2,0,0,0,0,,,0,0,
마라12ab96aa,0,0,0,0,0,,,0,0,
마라12ab96ab,4,0,0,0,0,,8.0000000000000000000000000000000,0,0,
마라12ab96ba,0,0,0,0,0,,0.0000000000000000000000000000000,0,0,
마라12ab96bb,0,0,0,0,0,,,0,0,
마라12ab97aa,0,0,0,0,0,,,0,0,
마라12ab97ab,0,0,0,0,0,,,0,0,
마라12ab97ba,0,0,0,0,0,,,0,0,
마라12ab97bb,0,0,0,0,0,,,0,0,
마라12ab98aa,0,0,0,0,0,,,0,0,
마라12ab98ab,2,0,0,0,0,,,0,0,
마라12ab98ba,1,0,0,0,0,,0.0000000000000000000000000000000,0,0,
마라12ab98bb,2,0,0,0,0,,,0,0,
마라12ab99aa,0,0,0,0,0,,,2,0,
마라12ab99ab,0,0,0,0,0,,,0,0,
마라12ab99ba,1,0,0,0,0,,,0,0,
마라12ab99bb,0,0,0,0,0,,,0,0,
마라12ba90ba,0,0,0,0,0,,,0,0,
마라12ba90bb,0,0,0,0,0,,,0,0,
마라12ba91aa,0,0,0,0,0,,,0,0,
마라12ba91ab,0,0,0,0,0,,,0,0,
마라12ba91ba,0,0,0,0,0,,,0,0,
마라12ba91bb,0,0,0,0,0,,,0,0,
마라12ba92aa,0,0,0,0,0,,,0,0,
마라12ba92ab,0,0,0,0,0,,,0,0,
마라12ba92ba,0,0,0,0,0,,,0,0,
마라12ba92bb,0,0,0,0,0,,,0,0,
마라12ba93aa,0,0,0,0,0,,,0,0,
마라12ba93ab,0,0,0,0,0,,,0,0,
마라12ba93ba,0,0,0,0,0,,,0,0,
마라12ba93bb,0,0,0,0,0,,,0,0,
마라12ba94aa,0,0,0,0,0,,,0,0,
마라12ba94ab,0,0,0,0,0,,0.0000000000000000000000000000000,0,0,
마라12ba94ba,0,0,0,0,0,,,0,0,
마라12ba94bb,0,0,0,0,0,,,0,0,
마라12ba95aa,0,0,0,0,0,,,0,0,
마라12ba95ab,1,0,0,0,0,,11.0000000000000000000000000000000,0,0,
마라12ba95ba,0,0,0,0,0,,,0,0,
마라12ba95bb,0,0,0,0,0,,,0,0,
마라12ba96aa,0,0,0,0,0,,,0,0,
마라12ba96ab,9,0,0,0,0,,36.0000000000000000000000000000000,2,0,
마라12ba96ba,5,0,0,0,0,,22.0000000000000000000000000000000,0,0,
마라12ba96bb,2,0,0,0,0,,0.0000000000000000000000000000000,0,0,
마라12ba97aa,0,0,0,0,0,,,0,0,
마라12ba97ab,0,0,0,0,0,,,0,0,
마라12ba97ba,0,0,0,0,0,,,0,0,
마라12ba97bb,0,0,0,0,0,,,0,0,
마라12ba98aa,0,0,0,0,0,,,0,0,
마라12ba98ab,1,0,0,0,0,,,0,0,15.747109829999999
마라12ba98ba,10,0,0,0,0,,0.0000000000000000000000000000000,0,0,
마라12ba98bb,0,0,0,0,0,,,0,0,
마라12ba99aa,0,0,0,0,0,,,0,0,
마라12ba99ab,0,0,0,0,0,,,0,0,
마라12ba99ba,0,0,0,0,0,,,0,0,
마라12ba99bb,0,0,0,0,0,,,0,0,
마라12bb86ba,0,0,0,0,0,,,0,0,
마라12bb86bb,0,0,0,0,0,,,0,0,
마라12bb90ba,0,0,0,0,0,,,0,0,
마라12bb90bb,0,0,0,0,0,,,0,0,
마라12bb91aa,0,0,0,0,0,,,0,0,
마라12bb91ab,0,0,0,0,0,,,0,0,
마라12bb91ba,0,0,0,0,0,,,0,0,
마라12bb91bb,0,0,0,0,0,,,0,0,
마라12bb92aa,0,0,0,0,0,,,0,0,
마라12bb92ab,0,0,0,0,0,,,0,0,
마라12bb92ba,0,0,0,0,0,,,1,0,
마라12bb92bb,2,0,0,0,0,,0.0000000000000000000000000000000,0,0,
마라12bb93aa,1,0,0,0,0,,,0,0,
마라12bb93ab,0,0,0,0,0,,6.0000000000000000000000000000000,0,0,
마라12bb93ba,0,0,0,0,0,,,0,0,
마라12bb93bb,0,0,0,0,0,,,0,0,
마라12bb94aa,0,0,0,0,0,,,0,0,
마라12bb94ab,4,0,0,0,0,,0.0000000000000000000000000000000,0,0,
마라12bb94ba,0,0,0,0,0,,,0,0,
마라12bb94bb,0,0,0,0,0,,,9,0,
마라12bb95aa,2,0,0,0,0,,,0,0,
마라12bb95ab,2,0,0,0,0,,0.0000000000000000000000000000000,0,0,
마라12bb95ba,2,0,0,0,0,,,0,0,
마라12bb95bb,1,0,0,0,0,,0.0000000000000000000000000000000,0,0,
마라12bb96aa,4,0,0,0,0,,0.0000000000000000000000000000000,0,0,
마라12bb96ab,13,0,0,0,0,,41.0000000000000000000000000000000,0,0,
마라12bb96ba,3,0,0,0,0,,0.0000000000000000000000000000000,0,0,
마라12bb96bb,20,0,0,0,0,,6.0000000000000000000000000000000,0,0,
마라12bb97aa,18,0,0,0,0,,0.0000000000000000000000000000000,0,0,
마라12bb97ab,1,0,0,0,0,,,0,0,
마라12bb97ba,0,0,0,0,0,,,0,0,
마라12bb97bb,0,0,0,0,0,,,0,0,
마라12bb98aa,0,0,0,0,0,,,0,0,
마라12bb98ab,0,0,0,0,0,,,0,0,
마라12bb98ba,6,0,0,0,0,,0.0000000000000000000000000000000,0,0,
마라12bb98bb,0,0,0,0,0,,,0,0,
마라12bb99aa,0,0,0,0,0,,,0,0,
마라12bb99ab,0,0,0,0,0,,,0,0,
마라12bb99ba,0,0,0,0,0,,16.0000000000000000000000000000000,0,0,
마라12bb99bb,0,0,0,0,0,,,0,0,
마라13aa86ab,0,0,0,0,0,,,0,0,
마라13aa86ba,0,0,0,0,0,,,0,0,
마라13aa86bb,0,0,0,0,0,,,0,0,
마라13aa87aa,0,0,0,0,0,,,0,0,
마라13aa87ab,0,0,0,0,0,,,0,0,
마라13aa87ba,0,0,0,0,0,,,0,0,
마라13aa87bb,0,0,0,0,0,,,0,0,
마라13aa88aa,0,0,0,0,0,,,0,0,
마라13aa88ab,0,0,0,0,0,,,0,0,
마라13aa90ba,0,0,0,0,0,,,0,0,
마라13aa90bb,0,0,0,0,0,,,0,0,
마라13aa91aa,0,0,0,0,0,,,0,0,
마라13aa91ab,0,0,0,0,0,,,0,0,
마라13aa91ba,0,0,0,0,0,,,0,0,
마라13aa91bb,0,0,0,0,0,,,0,0,
마라13aa92aa,0,0,0,0,0,,,0,0,
마라13aa92ab,0,0,0,0,0,,,0,0,
마라13aa92ba,0,0,0,0,0,,,0,0,
마라13aa92bb,0,0,0,0,0,,,0,0,
마라13aa93aa,0,0,0,0,0,,0.0000000000000000000000000000000,0,0,
마라13aa93ab,2,0,0,0,0,,0.0000000000000000000000000000000,0,0,
마라13aa93ba,1,0,0,0,0,,,0,0,
마라13aa93bb,0,0,0,0,0,,,0,0,
마라13aa94aa,1,0,0,0,0,,0.0000000000000000000000000000000,0,0,
마라13aa94ab,23,0,0,0,0,,17.0000000000000000000000000000000,0,0,
마라13aa94ba,0,0,0,0,0,,,0,0,
마라13aa94bb,0,0,0,0,0,,,0,0,
마라13aa95aa,12,0,0,0,0,,19.9999999999999964472863211994991,0,0,
마라13aa95ab,7,0,0,0,0,,14.0000000000000017763568394002505,0,0,
마라13aa95ba,13,0,0,0,0,,,0,0,
마라13aa95bb,3,0,0,0,0,,,0,0,15.907514450000001
마라13aa96aa,10,0,0,0,0,,0.0000000000000000000000000000000,0,0,
마라13aa96ab,2,0,0,0,0,,7.0000000000000008881784197001252,0,0,
마라13aa96ba,15,0,0,0,0,,0.0000000000000000000000000000000,0,0,
마라13aa96bb,11,0,0,0,0,,17.0000000000000000000000000000000,0,0,
마라13aa97aa,0,0,0,0,0,,0.0000000000000000000000000000000,0,0,
마라13aa97ab,0,0,0,0,0,,,6,0,
마라13aa97ba,12,0,0,0,0,,0.0000000000000000000000000000000,0,0,
마라13aa97bb,2,0,0,0,0,,,0,0,
마라13aa98aa,0,0,0,0,0,,,0,0,28.000000000000000
마라13aa98ab,0,0,0,0,0,,,0,0,
마라13aa98ba,0,0,0,0,0,,,0,0,
마라13aa98bb,0,0,0,0,0,,,0,0,
마라13aa99aa,0,0,0,0,0,,,0,0,
마라13aa99ab,0,0,0,0,0,,,0,0,
마라13aa99ba,0,0,0,0,0,,0.0000000000000000000000000000000,0,0,
마라13aa99bb,0,0,0,0,0,,,0,0,
마라13ab86ab,0,0,0,0,0,,,0,0,
마라13ab86ba,0,0,0,0,0,,,0,0,
마라13ab86bb,0,0,0,0,0,,,0,0,
마라13ab87aa,0,0,0,0,0,,,0,0,
마라13ab87ab,0,0,0,0,0,,,0,0,
마라13ab87ba,0,0,0,0,0,,,0,0,
마라13ab87bb,0,0,0,0,0,,,0,0,
마라13ab88aa,0,0,0,0,0,,,0,0,
마라13ab88ab,0,0,0,0,0,,,0,0,
마라13ab88ba,0,0,0,0,0,,,0,0,
마라13ab88bb,0,0,0,0,0,,,0,0,
마라13ab89aa,0,0,0,0,0,,,0,0,
마라13ab90ab,0,0,0,0,0,,,0,0,
마라13ab90ba,0,0,0,0,0,,,0,0,
마라13ab90bb,0,0,0,0,0,,,0,0,
마라13ab91aa,0,0,0,0,0,,,0,0,
마라13ab91ab,0,0,0,0,0,,,0,0,
마라13ab91ba,0,0,0,0,0,,,0,0,
마라13ab91bb,0,0,0,0,0,,,0,0,
마라13ab92aa,0,0,0,0,0,,,0,0,
마라13ab92ab,0,0,0,0,0,,,0,0,
마라13ab92ba,0,0,0,0,0,,,0,0,
마라13ab92bb,2,0,0,0,0,,,0,0,
마라13ab93aa,3,0,0,0,0,,,0,0,
마라13ab93ab,0,0,0,0,0,,,0,0,
마라13ab93ba,0,0,0,0,0,,,0,0,
마라13ab93bb,0,0,0,0,0,,,0,0,
마라13ab94aa,22,0,0,0,0,,0.0000000000000000000000000000000,0,0,
마라13ab94ab,25,0,0,0,0,,18.0000000000000000000000000000000,0,0,
마라13ab94ba,0,0,0,0,0,,,0,0,
마라13ab94bb,0,0,0,0,0,,,0,0,
마라13ab95aa,1,0,0,0,0,,8.0000000000000000000000000000000,0,0,
마라13ab95ab,7,0,0,0,0,,17.0000000000000000000000000000000,0,0,
마라13ab95ba,27,0,0,0,0,,81.0000000000000000000000000000000,0,0,
마라13ab95bb,21,0,0,0,0,,9.0000000000000000000000000000000,0,0,
마라13ab96aa,27,0,0,0,0,,19.0000000000000000000000000000000,0,0,
마라13ab96ab,22,0,0,0,0,,11.0000000000000000000000000000000,0,0,
마라13ab96ba,14,0,0,0,0,,15.0000000000000000000000000000000,0,0,
마라13ab96bb,17,3,0,0,0,,213.0000000000000000000000000000000,0,0,
마라13ab97aa,0,0,0,0,0,,0.0000000000000000000000000000000,0,0,
마라13ab97ab,24,0,0,0,0,,,0,0,
마라13ab97ba,27,0,0,0,0,,8.0000000000000000000000000000000,0,0,
마라13ab97bb,13,0,0,0,0,,,0,0,
마라13ab98aa,9,0,0,0,0,,0.0000000000000000000000000000000,0,0,
마라13ab98ab,0,0,0,0,0,,,0,0,
마라13ab98ba,0,0,0,0,0,,,0,0,
마라13ab98bb,0,0,0,0,0,,,0,0,
마라13ab99aa,0,0,0,0,0,,0.0000000000000000000000000000000,0,0,
마라13ab99ab,0,0,0,0,0,,0.0000000000000000000000000000000,0,0,
마라13ab99ba,0,0,0,0,0,,,0,0,
마라13ab99bb,4,0,0,0,0,,14.0000000000000017763568394002505,0,0,
마라13ba86ab,0,0,0,0,0,,,0,0,
마라13ba86ba,0,0,0,0,0,,,0,0,
마라13ba86bb,0,0,0,0,0,,,0,0,
마라13ba87aa,0,0,0,0,0,,,0,0,
마라13ba87ab,0,0,0,0,0,,,0,0,
마라13ba87ba,0,0,0,0,0,,,0,0,
마라13ba87bb,0,0,0,0,0,,,0,0,
마라13ba88aa,0,0,0,0,0,,,0,0,
마라13ba88ab,0,0,0,0,0,,,0,0,
마라13ba88ba,0,0,0,0,0,,,0,0,
마라13ba88bb,0,0,0,0,0,,,0,0,
마라13ba89aa,0,0,0,0,0,,,0,0,
마라13ba89ab,0,0,0,0,0,,,0,0,
마라13ba90ab,0,0,0,0,0,,,0,0,
마라13ba90ba,0,0,0,0,0,,,0,0,
마라13ba90bb,0,0,0,0,0,,,0,0,
마라13ba91aa,0,0,0,0,0,,,0,0,
마라13ba91ab,0,0,0,0,0,,,0,0,
마라13ba91ba,0,0,0,0,0,,,0,0,
마라13ba91bb,0,0,0,0,0,,,0,0,
마라13ba92aa,0,0,0,0,0,,,0,0,
마라13ba92ab,0,0,0,0,0,,,0,0,
마라13ba92ba,0,0,0,0,0,,,0,0,
마라13ba92bb,0,0,0,0,0,,,0,0,
마라13ba93aa,3,0,0,0,0,,,0,0,
마라13ba93ab,0,0,0,0,0,,,0,0,
마라13ba93ba,0,0,0,0,0,,,0,0,
마라13ba93bb,0,0,0,0,0,,,0,0,
마라13ba94aa,21,0,0,0,0,,6.0000000000000000000000000000000,0,0,
마라13ba94ab,24,0,0,0,0,,0.0000000000000000000000000000000,0,0,37.702312139999997
마라13ba94ba,7,1,0,0,0,,0.0000000000000000000000000000000,0,0,20.677745659999999
마라13ba94bb,0,0,0,0,0,,,0,0,
마라13ba95aa,0,0,0,0,0,,,0,0,
마라13ba95ab,30,1,0,1,0,,104.0000000000000000000000000000000,0,0,
마라13ba95ba,83,4,0,2,0,22.000000,278.0000000000000000000000000000000,76,0,32.351878610000000
마라13ba95bb,5,0,0,0,0,,,0,0,
마라13ba96aa,2,0,0,0,0,,,0,0,
마라13ba96ab,1,2,0,0,0,,0.0000000000000000000000000000000,0,0,
마라13ba96ba,5,0,0,0,0,,0.0000000000000000000000000000000,0,0,
마라13ba96bb,34,0,0,0,0,,60.0000000000000000000000000000000,0,0,
마라13ba97aa,15,0,0,0,0,,0.0000000000000000000000000000000,0,0,
마라13ba97ab,26,0,0,0,0,,0.0000000000000000000000000000000,0,0,23.125722540000002
마라13ba97ba,27,0,0,0,0,,7.0000000000000008881784197001252,0,0,18.000000000000000
마라13ba97bb,71,0,0,0,0,,16.0000000000000000000000000000000,0,0,
마라13ba98aa,21,0,0,0,0,,26.0000000000000000000000000000000,0,0,
마라13ba98ab,1,0,0,0,0,,,0,0,
마라13ba98ba,0,0,0,0,0,,,0,0,
마라13ba98bb,0,0,0,0,0,,,0,0,
마라13ba99aa,0,0,0,0,0,,,0,0,
마라13ba99ab,0,0,0,0,0,,,0,0,
마라13ba99ba,0,0,0,0,0,,0.0000000000000000000000000000000,0,0,
마라13ba99bb,0,0,0,0,0,,21.0000000000000000000000000000000,0,0,
마라13bb86ab,0,0,0,0,0,,,0,0,
마라13bb86ba,0,0,0,0,0,,,0,0,
마라13bb86bb,0,0,0,0,0,,,0,0,
마라13bb87aa,0,0,0,0,0,,,0,0,
마라13bb87ab,0,0,0,0,0,,,0,0,
마라13bb87ba,0,0,0,0,0,,,0,0,
마라13bb87bb,0,0,0,0,0,,,0,0,
마라13bb88aa,0,0,0,0,0,,,0,0,
마라13bb88ab,0,0,0,0,0,,,0,0,
마라13bb88ba,0,0,0,0,0,,,0,0,
마라13bb88bb,0,0,0,0,0,,,0,0,
마라13bb89aa,0,0,0,0,0,,,0,0,
마라13bb89ab,0,0,0,0,0,,,0,0,
마라13bb89ba,0,0,0,0,0,,,0,0,
마라13bb89bb,0,0,0,0,0,,,0,0,
마라13bb90aa,0,0,0,0,0,,,0,0,
마라13bb90ab,0,0,0,0,0,,,0,0,
마라13bb90ba,0,0,0,0,0,,,0,0,
마라13bb90bb,0,0,0,0,0,,,0,0,
마라13bb91aa,0,0,0,0,0,,,0,0,
마라13bb91ab,0,0,0,0,0,,,0,0,
마라13bb91ba,0,0,0,0,0,,,0,0,
마라13bb91bb,0,0,0,0,0,,,0,0,
마라13bb92aa,0,0,0,0,0,,,0,0,
마라13bb92ab,0,0,0,0,0,,,0,0,
마라13bb92ba,0,0,0,0,0,,,0,0,
마라13bb92bb,0,0,0,0,0,,,0,0,
마라13bb93aa,1,0,0,0,0,,,0,0,
마라13bb93ab,3,0,0,0,0,,8.0000000000000000000000000000000,0,0,
마라13bb93ba,4,0,0,0,0,,17.0000000000000000000000000000000,0,0,
마라13bb93bb,2,0,0,0,0,,,0,0,
마라13bb94aa,5,0,0,0,0,,9.9999999999999982236431605997495,0,0,
마라13bb94ab,40,0,0,0,0,,25.0000000000000000000000000000000,0,0,
마라13bb94ba,10,0,0,0,0,,23.0000000000000000000000000000000,0,0,
마라13bb94bb,0,0,0,0,0,,,0,0,13.541907510000000
마라13bb95aa,1,2,0,0,0,,,0,0,36.890173410000003
마라13bb95ab,4,0,0,0,0,,0.0000000000000000000000000000000,0,0,27.000000000000000
마라13bb95ba,10,0,0,0,0,,53.0000000000000000000000000000000,0,0,15.125722540000000
마라13bb95bb,14,0,0,0,0,,35.0000000000000000000000000000000,0,0,11.125722540000000
마라13bb96aa,2,0,0,0,0,,,0,0,
마라13bb96ab,0,0,0,0,0,,,0,0,
마라13bb96ba,0,0,0,0,0,,,0,0,
마라13bb96bb,0,0,0,0,0,,,0,0,
마라13bb97aa,6,0,0,0,0,,,0,0,36.150289020000002
마라13bb97ab,14,1,0,0,0,,0.0000000000000000000000000000000,0,0,
마라13bb97ba,53,0,0,0,0,,0.0000000000000000000000000000000,0,0,
마라13bb97bb,83,0,0,0,0,,0.0000000000000000000000000000000,0,0,
마라13bb98aa,61,0,0,0,0,,15.0000000000000000000000000000000,0,0,
마라13bb98ab,30,0,0,0,0,,0.0000000000000000000000000000000,0,0,
마라13bb98ba,0,0,0,0,0,,,0,0,
마라13bb98bb,0,0,0,0,0,,,0,0,
마라13bb99aa,0,0,0,0,0,,,0,0,
마라13bb99ab,0,0,0,0,0,,,0,0,
마라13bb99ba,0,0,0,0,0,,,0,0,
마라13bb99bb,1,0,0,0,0,,29.0000000000000000000000000000000,0,0,
마라14aa86ab,0,0,0,0,0,,,0,0,
마라14aa86ba,0,0,0,0,0,,,0,0,
마라14aa86bb,0,0,0,0,0,,,0,0,
마라14aa87aa,0,0,0,0,0,,,0,0,
마라14aa87ab,0,0,0,0,0,,,0,0,
마라14aa87ba,0,0,0,0,0,,,0,0,
마라14aa87bb,0,0,0,0,0,,,0,0,
마라14aa88aa,0,0,0,0,0,,,0,0,
마라14aa88ab,0,0,0,0,0,,,0,0,
마라14aa88ba,0,0,0,0,0,,,0,0,
마라14aa88bb,0,0,0,0,0,,,0,0,
마라14aa89aa,0,0,0,0,0,,,0,0,
마라14aa89ab,0,0,0,0,0,,,0,0,
마라14aa89ba,0,0,0,0,0,,,0,0,
마라14aa89bb,0,0,0,0,0,,,0,0,
마라14aa90aa,0,0,0,0,0,,,0,0,
마라14aa90ab,0,0,0,0,0,,,0,0,
마라14aa90ba,0,0,0,0,0,,,0,0,
마라14aa90bb,0,0,0,0,0,,,0,0,
마라14aa91aa,0,0,0,0,0,,,0,0,
마라14aa91ab,0,0,0,0,0,,,0,0,
마라14aa91ba,0,0,0,0,0,,,0,0,
마라14aa91bb,0,0,0,0,0,,,0,0,
마라14aa92aa,0,0,0,0,0,,,0,0,
마라14aa92ab,0,0,0,0,0,,,0,0,
마라14aa92ba,0,0,0,0,0,,,0,0,
마라14aa92bb,0,0,0,0,0,,,0,0,
마라14aa93aa,0,0,0,0,0,,,0,0,
마라14aa93ab,0,0,0,0,0,,6.0000000000000000000000000000000,0,0,
마라14aa93ba,4,0,0,0,0,,0.0000000000000000000000000000000,0,0,
마라14aa93bb,2,0,0,0,0,,0.0000000000000000000000000000000,0,0,
마라14aa94aa,33,0,0,0,0,,22.0000000000000000000000000000000,0,0,
마라14aa94ab,7,0,0,2,0,,39.0000000000000000000000000000000,0,0,
마라14aa94ba,5,0,0,0,0,,7.0000000000000008881784197001252,0,0,
마라14aa94bb,6,0,0,0,0,,0.0000000000000000000000000000000,0,0,
마라14aa95aa,16,2,0,0,0,,108.0000000000000000000000000000000,0,0,
마라14aa95ab,22,8,0,0,0,,255.0000000000000000000000000000000,0,0,
마라14aa95ba,13,0,0,0,0,,274.0000000000000000000000000000000,0,0,17.469653180000002
마라14aa95bb,8,0,0,0,0,,65.0000000000000000000000000000000,0,0,
마라14aa96aa,1,0,0,0,0,,,0,0,
마라14aa96ab,0,0,0,0,0,,,0,0,
마라14aa96ba,0,0,0,0,0,,,0,0,
마라14aa96bb,0,0,0,0,0,,,0,0,
마라14aa97aa,0,0,0,0,0,,,0,0,
마라14aa97ab,50,3,0,0,0,,0.0000000000000000000000000000000,0,0,
마라14aa97ba,38,2,0,0,0,,9.0000000000000000000000000000000,0,0,
마라14aa97bb,54,0,0,0,0,,12.0000000000000000000000000000000,0,0,
마라14aa98aa,52,0,0,0,0,,9.0000000000000000000000000000000,0,0,
마라14aa98ab,5,0,0,0,0,,,1,0,
마라14aa98ba,0,0,0,0,0,,,0,0,
마라14aa98bb,0,0,0,0,0,,,0,0,
마라14aa99aa,0,0,0,0,0,,,0,0,
마라14aa99ab,0,0,0,0,0,,,0,0,
마라14aa99ba,0,0,0,0,0,,,0,0,
마라14aa99bb,5,0,0,0,0,,0.0000000000000000000000000000000,5,0,
마라14ab86aa,0,0,0,0,0,,,0,0,
마라14ab86ab,0,0,0,0,0,,,0,0,
마라14ab86ba,0,0,0,0,0,,,0,0,
마라14ab86bb,0,0,0,0,0,,,0,0,
마라14ab87aa,0,0,0,0,0,,,0,0,
마라14ab87ab,0,0,0,0,0,,,0,0,
마라14ab87ba,0,0,0,0,0,,,0,0,
마라14ab87bb,2,0,0,0,0,,,0,0,
마라14ab88aa,0,0,0,0,0,,,0,0,26.073699420000001
마라14ab88ab,2,0,0,0,0,,,0,0,
마라14ab88ba,0,0,0,0,0,,,0,0,
마라14ab88bb,0,0,0,0,0,,,0,0,
마라14ab89aa,0,0,0,0,0,,,0,0,
마라14ab89ab,0,0,0,0,0,,,0,0,
마라14ab89ba,0,0,0,0,0,,0.0000000000000000000000000000000,0,0,
마라14ab89bb,0,0,0,0,0,,,0,0,
마라14ab90aa,0,0,0,0,0,,,0,0,
마라14ab90ab,0,0,0,0,0,,,0,0,
마라14ab90ba,0,0,0,0,0,,,0,0,
마라14ab90bb,0,0,0,0,0,,,0,0,
마라14ab91aa,0,0,0,0,0,,,0,0,
마라14ab91ab,0,0,0,0,0,,,0,0,
마라14ab91ba,0,0,0,0,0,,,0,0,
마라14ab91bb,0,0,0,0,0,,,0,0,
마라14ab92aa,0,0,0,0,0,,,0,0,
마라14ab92ab,0,0,0,0,0,,,0,0,
마라14ab92ba,0,0,0,0,0,,,0,0,
마라14ab92bb,0,0,0,0,0,,,0,0,
마라14ab93aa,0,0,0,0,0,,,0,0,
마라14ab93ab,0,0,0,0,0,,,0,0,
마라14ab93ba,0,0,0,0,0,,,0,0,
마라14ab93bb,9,0,0,0,0,,0.0000000000000000000000000000000,0,0,
마라14ab94aa,4,0,0,0,0,,6.0000000000000000000000000000000,0,0,
마라14ab94ab,0,0,0,0,0,,,0,0,
마라14ab94ba,0,0,0,0,0,,0.0000000000000000000000000000000,0,0,
마라14ab94bb,0,0,0,0,0,,,0,0,
마라14ab95aa,1,0,0,0,0,,0.0000000000000000000000000000000,0,0,
마라14ab95ab,7,0,0,1,0,,0.0000000000000000000000000000000,0,1,
마라14ab95ba,2,0,0,1,0,,,0,0,
마라14ab95bb,1,0,0,0,0,,,0,0,
마라14ab96aa,0,0,0,0,0,,,0,0,
마라14ab96ab,0,0,0,0,0,,,0,0,
마라14ab96ba,0,0,0,0,0,,,0,0,
마라14ab96bb,0,0,0,0,0,,0.0000000000000000000000000000000,0,0,
마라14ab97aa,0,0,0,0,0,,,0,0,37.043352599999999
마라14ab97ab,0,0,0,0,0,,,0,0,
마라14ab97ba,4,0,0,0,0,,,0,0,
마라14ab97bb,15,0,0,0,0,,6.0000000000000000000000000000000,0,0,
마라14ab98aa,31,0,0,0,0,,,0,0,
마라14ab98ab,17,0,0,0,0,,,0,0,
마라14ab98ba,0,0,0,0,0,,,0,0,
마라14ab98bb,0,0,0,0,0,,,0,0,
마라14ab99aa,0,0,0,0,0,,,0,0,
마라14ab99ab,0,0,0,0,0,,,0,0,
마라14ab99ba,0,0,0,0,0,,,0,0,
마라14ab99bb,0,0,0,0,0,,,0,0,
마라14ba86ba,0,0,0,0,0,,,0,0,
마라14ba86bb,0,0,0,0,0,,,0,0,
마라14ba87aa,0,0,0,0,0,,,0,0,
마라14ba87ab,0,0,0,0,0,,,0,0,
마라14ba87ba,0,0,0,0,0,,,0,0,
마라14ba87bb,2,0,0,0,0,,0.0000000000000000000000000000000,0,0,
마라14ba88aa,2,0,0,0,0,,,0,0,
마라14ba88ab,20,1,0,0,0,,9.9999999999999982236431605997495,0,0,
마라14ba88ba,0,0,0,0,0,,,0,0,
마라14ba88bb,0,0,0,0,0,,,0,0,
마라14ba89aa,0,0,0,0,0,,,0,0,
마라14ba89ab,0,0,0,0,0,,,0,0,
마라14ba89ba,0,0,0,0,0,,,0,0,
마라14ba89bb,0,0,0,0,0,,,0,0,
마라14ba90aa,0,0,0,0,0,,,0,0,
마라14ba90ab,0,0,0,0,0,,,0,0,
마라14ba90ba,0,0,0,0,0,,,0,0,
마라14ba90bb,0,0,0,0,0,,,0,0,
마라14ba91aa,0,0,0,0,0,,,0,0,
마라14ba91ab,0,0,0,0,0,,,0,0,
마라14ba91ba,0,0,0,0,0,,,0,0,
마라14ba91bb,0,0,0,0,0,,,0,0,
마라14ba92aa,0,0,0,0,0,,,0,0,
마라14ba92ab,0,0,0,0,0,,0.0000000000000000000000000000000,0,0,
마라14ba92ba,3,0,0,0,0,,6.0000000000000000000000000000000,0,0,
마라14ba92bb,3,0,0,0,0,,11.0000000000000000000000000000000,0,0,
마라14ba93aa,0,0,0,0,0,,,0,0,
마라14ba93ab,1,0,0,0,0,,,0,0,
마라14ba93ba,3,0,0,0,0,,0.0000000000000000000000000000000,0,0,95.110693639999994
마라14ba93bb,0,0,0,0,0,,0.0000000000000000000000000000000,0,0,
마라14ba94aa,0,0,0,0,0,,,0,0,
마라14ba94ab,0,0,0,0,0,,,0,0,
마라14ba94ba,0,0,0,0,0,,,0,0,
마라14ba94bb,0,0,0,0,0,,,0,0,
마라14ba95aa,1,0,0,0,0,,,0,0,
마라14ba95ab,2,0,0,0,0,,0.0000000000000000000000000000000,8,0,
마라14ba95ba,0,0,0,0,0,,,0,0,
마라14ba95bb,0,0,0,0,0,,,0,0,
마라14ba96aa,0,0,0,0,0,,,0,0,
마라14ba96ab,0,0,0,0,0,,0.0000000000000000000000000000000,0,0,
마라14ba96ba,0,0,0,0,0,,,0,0,
마라14ba96bb,3,0,0,0,0,,,0,0,
마라14ba97aa,0,0,0,0,0,,,0,0,
마라14ba97ab,0,0,0,0,0,,,0,0,
마라14ba97ba,5,0,0,0,0,,,0,0,
마라14ba97bb,0,0,0,0,0,,,0,0,
마라14ba98aa,24,2,0,0,0,,8.0000000000000000000000000000000,0,0,
마라14ba98ab,9,0,0,0,0,,9.9999999999999982236431605997495,0,0,
마라14ba98ba,0,0,0,0,0,,,0,0,
마라14ba98bb,0,0,0,0,0,,,0,0,
마라14ba99aa,0,0,0,0,0,,,0,0,
마라14ba99ab,0,0,0,0,0,,,0,0,
마라14ba99ba,0,0,0,0,0,,,0,0,
마라14ba99bb,0,0,0,0,0,,,0,0,
마라14bb86ba,0,0,0,0,0,,,0,0,
마라14bb86bb,0,0,0,0,0,,,0,0,
마라14bb87aa,0,0,0,0,0,,,0,0,
마라14bb87ab,0,0,0,0,0,,,0,0,
마라14bb87ba,0,0,0,0,0,,,0,0,
마라14bb87bb,0,0,0,0,0,,,0,0,
마라14bb88aa,3,0,0,0,0,,,0,0,
마라14bb88ab,4,0,0,0,0,,8.0000000000000000000000000000000,0,0,
마라14bb88ba,0,0,0,0,0,,,0,0,
마라14bb88bb,0,0,0,0,0,,,0,0,
마라14bb89aa,0,0,0,0,0,,,0,0,
마라14bb89ab,0,0,0,0,0,,,0,0,
마라14bb89ba,0,0,0,0,0,,,0,0,
마라14bb89bb,0,0,0,0,0,,,0,0,
마라14bb90aa,0,0,0,0,0,,,0,0,
마라14bb90ab,0,0,0,0,0,,,0,0,
마라14bb90ba,0,0,0,0,0,,,0,0,
마라14bb90bb,0,0,0,0,0,,,0,0,
마라14bb91aa,0,0,0,0,0,,,0,0,
마라14bb91ab,0,0,0,0,0,,,0,0,
마라14bb91ba,0,0,0,0,0,,,0,0,
마라14bb91bb,0,0,0,0,0,,,0,0,
마라14bb92aa,0,0,0,0,0,,,0,0,
마라14bb92ab,0,0,0,0,0,,,0,0,
마라14bb92ba,0,0,0,0,0,,,0,0,
마라14bb92bb,1,0,0,0,0,,17.0000000000000000000000000000000,0,0,
마라14bb93aa,10,0,0,0,0,,,0,0,
마라14bb93ab,34,1,0,0,0,,12.0000000000000000000000000000000,0,0,
마라14bb93ba,5,0,0,0,0,,0.0000000000000000000000000000000,0,0,
마라14bb93bb,0,0,0,0,0,,,0,0,
마라14bb94aa,0,0,0,0,0,,,0,0,
마라14bb94ab,3,0,0,0,0,,0.0000000000000000000000000000000,0,0,
마라14bb94ba,0,0,0,0,0,,,0,0,
마라14bb94bb,1,0,0,0,0,,,0,0,
마라14bb95aa,10,0,0,0,0,,0.0000000000000000000000000000000,0,0,
마라14bb95ab,4,0,0,0,0,,18.0000000000000000000000000000000,0,0,
마라14bb95ba,0,0,0,0,0,,0.0000000000000000000000000000000,0,0,
마라14bb95bb,0,0,0,0,0,,,0,0,
마라14bb96aa,0,0,0,0,0,,,0,0,26.907514450000001
마라14bb96ab,2,0,0,0,0,,,0,0,
마라14bb96ba,25,0,0,1,0,,24.0000000000000000000000000000000,0,0,
마라14bb96bb,16,0,0,0,0,,29.0000000000000000000000000000000,0,0,
마라14bb97aa,0,0,0,0,0,,0.0000000000000000000000000000000,0,0,
마라14bb97ab,4,0,0,0,0,,,0,0,
마라14bb97ba,2,0,0,0,0,,,0,0,
마라14bb97bb,0,0,0,0,0,,,0,0,
마라14bb98aa,15,0,0,0,0,,0.0000000000000000000000000000000,0,0,13.184971100000000
마라14bb98ab,57,1,0,0,0,,25.0000000000000000000000000000000,0,0,
마라14bb98ba,10,0,0,0,0,,15.0000000000000000000000000000000,0,0,
마라14bb98bb,0,0,0,0,0,,,0,0,
마라14bb99aa,1,0,0,0,0,,,0,0,
마라14bb99ab,0,0,0,0,0,,,0,0,
마라14bb99ba,0,0,0,0,0,,,0,0,
마라14bb99bb,2,0,0,0,0,,,0,0,
마라15aa86ab,0,0,0,0,0,,,0,0,
마라15aa86ba,1,0,0,0,0,,,0,0,
마라15aa86bb,0,0,0,0,0,,,0,0,
마라15aa87aa,0,0,0,0,0,,,0,0,
마라15aa87ab,0,0,0,0,0,,,0,0,
마라15aa87ba,0,0,0,0,0,,,0,0,
마라15aa87bb,0,0,0,0,0,,,0,0,
마라15aa88aa,0,0,0,0,0,,,0,0,
마라15aa88ab,1,0,0,0,0,,0.0000000000000000000000000000000,0,0,
마라15aa88ba,0,0,0,0,0,,,0,0,
마라15aa88bb,0,0,0,0,0,,,0,0,
마라15aa89aa,0,0,0,0,0,,,0,0,
마라15aa89ab,0,0,0,0,0,,,0,0,
마라15aa89ba,0,0,0,0,0,,,0,0,
마라15aa89bb,0,0,0,0,0,,,0,0,
마라15aa90aa,0,0,0,0,0,,,0,0,
마라15aa90ab,0,0,0,0,0,,,0,0,
마라15aa90ba,0,0,0,0,0,,,0,0,
마라15aa90bb,0,0,0,0,0,,,0,0,
마라15aa91aa,0,0,0,0,0,,,0,0,
마라15aa91ab,0,0,0,0,0,,,0,0,
마라15aa91ba,0,0,0,0,0,,,0,0,
마라15aa91bb,0,0,0,0,0,,,0,0,
마라15aa92aa,0,0,0,0,0,,,0,0,
마라15aa92ab,0,0,0,0,0,,,0,0,
마라15aa92ba,1,0,0,0,0,,,0,0,
마라15aa92bb,1,0,0,0,0,,14.0000000000000017763568394002505,0,0,
마라15aa93aa,2,0,0,0,0,,32.0000000000000000000000000000000,0,0,
마라15aa93ab,25,0,0,0,0,,28.0000000000000035527136788005009,0,0,
마라15aa93ba,6,0,0,0,0,,8.0000000000000000000000000000000,0,0,
마라15aa93bb,1,0,0,0,0,,,0,0,
마라15aa94aa,1,0,0,0,0,,0.0000000000000000000000000000000,0,0,
마라15aa94ab,1,0,0,0,0,,0.0000000000000000000000000000000,0,0,
마라15aa94ba,2,0,0,0,0,,0.0000000000000000000000000000000,0,0,
마라15aa94bb,0,0,0,0,0,,,0,0,
마라15aa95aa,10,0,0,0,0,,,0,0,
마라15aa95ab,1,0,0,0,0,,,0,0,
마라15aa95ba,22,2,0,0,0,,9.9999999999999982236431605997495,0,0,
마라15aa95bb,30,0,0,0,0,,7.0000000000000008881784197001252,0,0,
마라15aa96aa,59,1,0,0,0,,0.0000000000000000000000000000000,0,0,17.874277459999998
마라15aa96ab,38,0,0,0,0,,9.9999999999999982236431605997495,0,0,10.970375720000000
마라15aa96ba,4,0,0,0,0,,8.0000000000000000000000000000000,0,0,
마라15aa96bb,16,0,0,0,0,,0.0000000000000000000000000000000,0,0,
마라15aa97aa,11,0,0,0,0,,0.0000000000000000000000000000000,0,0,
마라15aa97ab,15,0,0,0,0,,0.0000000000000000000000000000000,0,0,
마라15aa97ba,10,0,0,0,0,,7.0000000000000008881784197001252,0,0,
마라15aa97bb,8,0,0,0,0,,,0,0,
마라15aa98aa,10,0,0,0,0,,,0,0,
마라15aa98ab,14,0,0,0,0,,0.0000000000000000000000000000000,0,0,
마라15aa98ba,23,0,0,0,0,,,0,0,33.787572249999997
마라15aa98bb,40,0,0,0,0,,9.0000000000000000000000000000000,0,0,
마라15aa99aa,31,0,0,0,0,,14.0000000000000017763568394002505,0,0,
마라15aa99ab,2,0,0,0,0,,,4,0,
마라15aa99ba,13,2,0,0,0,,,0,0,
마라15aa99bb,30,0,0,0,0,,0.0000000000000000000000000000000,0,0,
마라15ab86aa,0,0,0,0,0,,,0,0,
마라15ab86ab,0,0,0,0,0,,,0,0,
마라15ab86ba,0,0,0,0,0,,,0,0,
마라15ab86bb,0,0,0,0,0,,,0,0,
마라15ab87aa,0,0,0,0,0,,,0,0,
마라15ab87ab,0,0,0,0,0,,,0,0,
마라15ab87ba,0,0,0,0,0,,,0,0,
마라15ab87bb,0,0,0,0,0,,,0,0,
마라15ab88aa,0,0,0,0,0,,,0,0,
마라15ab88ab,2,0,0,0,0,,6.0000000000000000000000000000000,0,0,
마라15ab88ba,0,0,0,0,0,,,0,0,
마라15ab88bb,0,0,0,0,0,,,0,0,
마라15ab89aa,0,0,0,0,0,,,0,0,
마라15ab89ab,0,0,0,0,0,,,0,0,
마라15ab89ba,0,0,0,0,0,,,0,0,
마라15ab89bb,0,0,0,0,0,,,0,0,
마라15ab90aa,0,0,0,0,0,,,0,0,
마라15ab90ab,0,0,0,0,0,,,0,0,
마라15ab90ba,0,0,0,0,0,,,0,0,
마라15ab90bb,0,0,0,0,0,,,0,0,
마라15ab91aa,0,0,0,0,0,,,0,0,
마라15ab91ab,0,0,0,0,0,,,0,0,
마라15ab91ba,0,0,0,0,0,,,0,0,
마라15ab91bb,0,0,0,0,0,,,0,0,
마라15ab92aa,0,0,0,0,0,,,0,0,
마라15ab92ab,0,0,0,0,0,,,1,0,
마라15ab92ba,0,0,0,0,0,,,0,0,
마라15ab92bb,3,0,0,0,0,,15.0000000000000000000000000000000,0,0,
마라15ab93aa,7,1,0,0,0,,,0,0,
마라15ab93ab,36,3,0,0,0,,18.0000000000000000000000000000000,0,0,
마라15ab93ba,15,0,0,0,0,,9.9999999999999982236431605997495,0,0,
마라15ab93bb,23,0,0,0,0,,22.0000000000000000000000000000000,0,0,
마라15ab94aa,45,3,0,0,0,,0.0000000000000000000000000000000,0,0,
마라15ab94ab,7,2,0,0,0,,,0,0,
마라15ab94ba,1,0,0,0,0,,,0,0,
마라15ab94bb,2,0,0,0,0,,0.0000000000000000000000000000000,0,0,26.000000000000000
마라15ab95aa,21,0,0,0,0,,8.0000000000000000000000000000000,0,0,
마라15ab95ab,49,0,1,0,0,,18.0000000000000000000000000000000,0,0,
마라15ab95ba,22,1,0,0,0,,19.0000000000000000000000000000000,0,0,
마라15ab95bb,4,0,0,0,0,,0.0000000000000000000000000000000,0,0,
마라15ab96aa,2,0,0,0,0,,0.0000000000000000000000000000000,0,0,
마라15ab96ab,19,0,0,0,0,,9.0000000000000000000000000000000,0,0,51.000000000000000
마라15ab96ba,26,2,0,0,0,,34.0000000000000000000000000000000,0,0,
마라15ab96bb,25,0,0,0,0,,9.0000000000000000000000000000000,0,0,
마라15ab97aa,16,0,0,0,0,,,0,0,
마라15ab97ab,8,0,0,0,0,,0.0000000000000000000000000000000,0,0,
마라15ab97ba,10,0,0,0,0,,0.0000000000000000000000000000000,0,0,
마라15ab97bb,9,0,0,0,0,,,0,0,
마라15ab98aa,23,0,0,0,0,,0.0000000000000000000000000000000,0,0,
마라15ab98ab,16,0,0,0,0,,0.0000000000000000000000000000000,0,0,
마라15ab98ba,10,0,0,0,0,,0.0000000000000000000000000000000,0,0,
마라15ab98bb,50,7,0,0,0,,0.0000000000000000000000000000000,0,0,16.000000000000000
마라15ab99aa,52,3,0,0,0,,254.0000000000000000000000000000000,0,0,
마라15ab99ab,17,3,0,0,0,,67.0000000000000000000000000000000,0,0,
마라15ab99ba,45,0,0,0,0,,0.0000000000000000000000000000000,0,0,
마라15ab99bb,58,0,0,0,0,,0.0000000000000000000000000000000,0,0,
마라15ba86aa,0,0,0,0,0,,,0,0,
마라15ba86ab,0,0,0,0,0,,,0,0,
마라15ba86ba,0,0,0,0,0,,,0,0,
마라15ba86bb,0,0,0,0,0,,,0,0,
마라15ba87aa,0,0,0,0,0,,,0,0,
마라15ba87ab,0,0,0,0,0,,,0,0,
마라15ba87ba,0,0,0,0,0,,,0,0,
마라15ba87bb,0,0,0,0,0,,,0,0,
마라15ba88aa,1,0,0,0,0,,,0,0,
마라15ba88ab,12,0,0,0,0,,13.0000000000000000000000000000000,0,0,
마라15ba88ba,0,0,0,0,0,,,0,0,
마라15ba88bb,0,0,0,0,0,,,0,0,
마라15ba89aa,0,0,0,0,0,,,0,0,
마라15ba89ab,0,0,0,0,0,,,0,0,
마라15ba89ba,0,0,0,0,0,,,0,0,
마라15ba89bb,0,0,0,0,0,,,0,0,
마라15ba90aa,0,0,0,0,0,,,0,0,
마라15ba90ab,0,0,0,0,0,,,0,0,
마라15ba90ba,0,0,0,0,0,,,0,0,
마라15ba90bb,0,0,0,0,0,,,0,0,
마라15ba91aa,0,0,0,0,0,,,0,0,
마라15ba91ab,0,0,0,0,0,,,0,0,
마라15ba91ba,0,0,0,0,0,,,0,0,
마라15ba91bb,0,0,0,0,0,,,0,0,
마라15ba92aa,0,0,0,0,0,,,0,0,
마라15ba92ab,0,0,0,0,0,,,0,0,
마라15ba92ba,0,0,0,0,0,,0.0000000000000000000000000000000,0,0,
마라15ba92bb,0,0,0,0,0,,0.0000000000000000000000000000000,0,0,
마라15ba93aa,5,0,0,0,0,,0.0000000000000000000000000000000,0,0,
마라15ba93ab,21,0,0,0,0,,,0,0,
마라15ba93ba,5,0,0,0,0,,,0,0,22.000000000000000
마라15ba93bb,30,0,0,0,0,,0.0000000000000000000000000000000,0,0,
마라15ba94aa,13,0,0,0,0,,,0,0,
마라15ba94ab,33,0,0,0,0,,11.0000000000000000000000000000000,0,0,
마라15ba94ba,14,0,0,0,0,,24.0000000000000000000000000000000,0,0,
마라15ba94bb,1,0,0,0,0,,6.0000000000000000000000000000000,0,0,
마라15ba95aa,0,0,0,0,0,,0.0000000000000000000000000000000,0,0,
마라15ba95ab,8,0,0,0,0,,15.0000000000000000000000000000000,0,0,
마라15ba95ba,1,0,0,0,0,,,0,0,
마라15ba95bb,1,0,0,0,0,,0.0000000000000000000000000000000,0,0,
마라15ba96aa,11,0,0,0,0,,0.0000000000000000000000000000000,0,0,
마라15ba96ab,0,0,0,0,0,,,0,0,
마라15ba96ba,37,0,0,0,0,,0.0000000000000000000000000000000,0,0,
마라15ba96bb,40,0,0,0,0,,,0,0,
마라15ba97aa,33,0,0,0,0,,0.0000000000000000000000000000000,0,0,
마라15ba97ab,13,0,0,0,0,,0.0000000000000000000000000000000,0,0,
마라15ba97ba,17,0,0,0,0,,0.0000000000000000000000000000000,0,0,
마라15ba97bb,27,0,0,0,0,,0.0000000000000000000000000000000,0,0,
마라15ba98aa,25,1,0,0,0,,,0,0,
마라15ba98ab,10,0,0,0,0,,,0,0,
마라15ba98ba,29,0,0,0,0,,9.0000000000000000000000000000000,0,0,
마라15ba98bb,18,0,0,0,0,,,0,0,
마라15ba99aa,28,0,0,0,0,,0.0000000000000000000000000000000,0,0,
마라15ba99ab,23,0,0,0,0,,0.0000000000000000000000000000000,0,0,
마라15ba99ba,70,0,0,0,0,,0.0000000000000000000000000000000,0,0,
마라15ba99bb,62,0,0,0,0,,0.0000000000000000000000000000000,0,0,
마라15bb85bb,0,0,0,0,0,,,0,0,
마라15bb86aa,0,0,0,0,0,,,0,0,
마라15bb86ab,0,0,0,0,0,,,0,0,
마라15bb86ba,0,0,0,0,0,,,0,0,
마라15bb86bb,0,0,0,0,0,,,0,0,
마라15bb87aa,0,0,0,0,0,,,0,0,
마라15bb87ab,0,0,0,0,0,,,0,0,
마라15bb87ba,0,0,0,0,0,,,0,0,
마라15bb87bb,0,0,0,0,0,,,0,0,
마라15bb88aa,1,0,0,0,0,,,0,0,16.563583820000002
마라15bb88ab,10,0,0,0,0,,8.0000000000000000000000000000000,0,1,
마라15bb88ba,0,0,0,0,0,,,0,0,
마라15bb88bb,0,0,0,0,0,,,0,1,
마라15bb89aa,0,0,0,0,0,,,0,0,
마라15bb89ab,0,0,0,0,0,,,0,0,
마라15bb89ba,0,0,0,0,0,,,0,0,
마라15bb89bb,0,0,0,0,0,,,0,0,
마라15bb90aa,0,0,0,0,0,,,0,0,
마라15bb90ab,0,0,0,0,0,,,0,0,
마라15bb90ba,0,0,0,0,0,,,0,0,
마라15bb90bb,0,0,0,0,0,,,0,0,
마라15bb91aa,0,0,0,0,0,,,0,0,
마라15bb91ab,0,0,0,0,0,,,0,0,
마라15bb91ba,0,0,0,0,0,,,0,0,
마라15bb91bb,0,0,0,0,0,,,0,0,
마라15bb92aa,0,0,0,0,0,,,0,0,
마라15bb92ab,1,0,0,0,0,,6.0000000000000000000000000000000,0,0,
마라15bb92ba,2,0,0,0,0,,6.0000000000000000000000000000000,0,0,
마라15bb92bb,5,0,0,0,0,,7.0000000000000008881784197001252,0,0,24.000000000000000
마라15bb93aa,0,0,0,0,0,,,0,0,7.000000000000000
마라15bb93ab,0,0,0,0,0,,,0,0,
마라15bb93ba,22,0,0,0,0,,0.0000000000000000000000000000000,0,0,28.500000000000000
마라15bb93bb,15,0,0,0,0,,,0,0,13.530346820000000
마라15bb94aa,9,0,0,0,0,,,0,0,
마라15bb94ab,18,0,0,0,0,,0.0000000000000000000000000000000,0,0,11.793352600000000
마라15bb94ba,16,0,0,0,0,,9.0000000000000000000000000000000,0,0,
마라15bb94bb,20,0,0,0,0,,9.0000000000000000000000000000000,0,0,
마라15bb95aa,14,0,0,0,0,,9.9999999999999982236431605997495,0,0,
마라15bb95ab,21,0,0,0,0,,8.0000000000000000000000000000000,0,0,
마라15bb95ba,13,0,0,0,0,,0.0000000000000000000000000000000,0,0,
마라15bb95bb,11,0,0,0,0,,0.0000000000000000000000000000000,0,0,29.350289020000002
마라15bb96aa,2,0,0,0,0,,,0,0,
마라15bb96ab,5,0,0,0,0,,0.0000000000000000000000000000000,0,0,
마라15bb96ba,50,0,0,0,0,,0.0000000000000000000000000000000,0,0,
마라15bb96bb,42,0,0,0,0,,0.0000000000000000000000000000000,0,0,
마라15bb97aa,30,0,0,0,0,,0.0000000000000000000000000000000,0,0,
마라15bb97ab,21,0,0,0,0,,0.0000000000000000000000000000000,0,0,
마라15bb97ba,23,0,0,0,0,,0.0000000000000000000000000000000,0,0,
마라15bb97bb,15,0,0,0,0,,,0,0,
마라15bb98aa,16,0,0,0,0,,,0,0,
마라15bb98ab,19,0,0,0,0,,0.0000000000000000000000000000000,0,0,
마라15bb98ba,45,0,0,0,0,,0.0000000000000000000000000000000,0,0,13.437861270000001
마라15bb98bb,18,0,0,0,0,,0.0000000000000000000000000000000,0,0,
마라15bb99aa,35,0,0,0,0,,0.0000000000000000000000000000000,0,0,
마라15bb99ab,22,0,0,0,0,,,0,0,
마라15bb99ba,27,0,0,0,0,,,0,0,
마라15bb99bb,46,0,0,0,0,,,0,0,
마라16aa85ba,0,0,0,0,0,,,0,0,
마라16aa85bb,0,0,0,0,0,,,0,0,
마라16aa86aa,0,0,0,0,0,,,0,0,
마라16aa86ab,0,0,0,0,0,,,0,0,
마라16aa86ba,0,0,0,0,0,,,0,0,
마라16aa86bb,0,0,0,0,0,,,0,0,
마라16aa87aa,0,0,0,0,0,,,0,0,
마라16aa87ab,0,0,0,0,0,,,0,0,
마라16aa87ba,0,0,0,0,0,,,0,0,
마라16aa87bb,0,0,0,0,0,,,0,0,
마라16aa88aa,2,0,0,0,0,,0.0000000000000000000000000000000,0,0,23.781069360000000
마라16aa88ab,17,0,0,0,0,,8.0000000000000000000000000000000,0,0,
마라16aa88ba,13,0,0,0,0,,,92,0,
마라16aa88bb,0,0,0,0,0,,,0,0,
마라16aa89aa,0,0,0,0,0,,,0,0,
마라16aa89ab,0,0,0,0,0,,,0,0,
마라16aa89ba,0,0,0,0,0,,,0,0,
마라16aa89bb,0,0,0,0,0,,,0,0,
마라16aa90aa,0,0,0,0,0,,,0,0,
마라16aa90ab,0,0,0,0,0,,,0,0,
마라16aa90ba,0,0,0,0,0,,,0,0,
마라16aa90bb,0,0,0,0,0,,,0,0,
마라16aa91aa,0,0,0,0,0,,,0,0,
마라16aa91ab,0,0,0,0,0,,,0,0,
마라16aa91ba,0,0,0,0,0,,,0,0,
마라16aa91bb,1,0,0,0,0,,,0,0,
마라16aa92aa,0,0,0,0,0,,,0,0,
마라16aa92ab,1,0,0,0,0,,,0,0,9.781791908000001
마라16aa92ba,1,0,0,0,0,,,0,0,16.966763010000001
마라16aa92bb,1,0,0,0,0,,,0,0,17.177890170000001
마라16aa93aa,0,0,0,0,0,,,0,0,
마라16aa93ab,0,0,0,0,0,,,0,0,
마라16aa93ba,3,0,0,0,0,,,0,0,
마라16aa93bb,1,0,0,0,0,,,0,0,
마라16aa94aa,12,0,0,0,0,,,0,0,
마라16aa94ab,15,0,0,0,0,,,0,0,50.416184970000003
마라16aa94ba,48,0,0,0,0,,0.0000000000000000000000000000000,0,0,
마라16aa94bb,22,0,0,0,0,,14.0000000000000017763568394002505,0,0,
마라16aa95aa,45,0,0,0,0,,0.0000000000000000000000000000000,0,0,
마라16aa95ab,13,0,0,0,0,,0.0000000000000000000000000000000,0,0,
마라16aa95ba,26,0,0,0,0,,15.0000000000000000000000000000000,0,0,
마라16aa95bb,27,0,0,0,0,,6.0000000000000000000000000000000,0,0,28.241329480000001
마라16aa96aa,0,0,0,0,0,,,0,0,
마라16aa96ab,11,0,0,0,0,,7.0000000000000008881784197001252,0,0,
마라16aa96ba,38,0,0,0,0,,0.0000000000000000000000000000000,4,0,
마라16aa96bb,8,0,0,0,0,,0.0000000000000000000000000000000,0,0,
마라16aa97aa,29,0,0,0,0,,22.0000000000000000000000000000000,0,0,
마라16aa97ab,29,0,0,0,0,,0.0000000000000000000000000000000,0,0,
마라16aa97ba,44,0,0,0,0,,0.0000000000000000000000000000000,0,0,
마라16aa97bb,79,0,0,0,0,,0.0000000000000000000000000000000,0,0,
마라16aa98aa,40,3,0,0,0,,9.9999999999999982236431605997495,0,0,
마라16aa98ab,47,0,0,0,0,,29.0000000000000000000000000000000,0,0,
마라16aa98ba,61,1,0,0,0,,0.0000000000000000000000000000000,0,0,17.388005780000000
마라16aa98bb,27,0,0,0,0,,,0,0,
마라16aa99aa,31,0,0,0,0,,0.0000000000000000000000000000000,0,0,
마라16aa99ab,12,0,0,0,0,,0.0000000000000000000000000000000,0,0,
마라16aa99ba,8,0,0,0,0,,,0,0,
마라16aa99bb,50,0,0,0,0,,0.0000000000000000000000000000000,0,0,
마라16ab85ba,0,0,0,0,0,,,0,0,
마라16ab85bb,0,0,0,0,0,,,0,0,
마라16ab86aa,0,0,0,0,0,,,0,0,
마라16ab86ab,0,0,0,0,0,,,0,0,
마라16ab86ba,0,0,0,0,0,,,0,0,
마라16ab86bb,0,0,0,0,0,,,0,0,
마라16ab87aa,0,0,0,0,0,,,0,0,
마라16ab87ab,0,0,0,0,0,,,0,0,
마라16ab87ba,0,0,0,0,0,,,0,0,
마라16ab87bb,1,0,0,0,0,,,0,0,
마라16ab88aa,6,2,0,0,0,,6.0000000000000000000000000000000,0,0,
마라16ab88ab,5,0,0,0,0,,14.0000000000000017763568394002505,0,0,
마라16ab88ba,1,0,0,0,0,,,0,0,
마라16ab88bb,0,0,0,0,0,,,0,0,
마라16ab89aa,0,0,0,0,0,,,0,0,
마라16ab89ab,0,0,0,0,0,,,0,0,
마라16ab89ba,0,0,0,0,0,,,0,0,
마라16ab89bb,0,0,0,0,0,,,0,0,
마라16ab90aa,0,0,0,0,0,,,0,0,
마라16ab90ab,0,0,0,0,0,,,0,0,
마라16ab90ba,0,0,0,0,0,,,0,0,
마라16ab90bb,0,0,0,0,0,,,0,0,
마라16ab91aa,0,0,0,0,0,,,0,0,
마라16ab91ab,0,0,0,0,0,,,0,0,
마라16ab91ba,0,0,0,0,0,,,0,0,
마라16ab91bb,0,0,0,0,0,,,0,0,
마라16ab92aa,0,0,0,0,0,,,0,0,
마라16ab92ab,0,0,0,0,0,,,0,0,
마라16ab92ba,2,0,0,0,0,,6.0000000000000000000000000000000,0,0,
마라16ab92bb,0,0,0,0,0,,,0,0,
마라16ab93aa,0,0,0,0,0,,,0,0,
마라16ab93ab,0,0,0,0,0,,,0,0,22.436416179999998
마라16ab93ba,0,0,0,0,0,,,0,0,
마라16ab93bb,0,0,0,0,0,,,0,0,
마라16ab94aa,6,0,0,0,0,,0.0000000000000000000000000000000,0,0,
마라16ab94ab,7,0,0,0,0,,,0,0,
마라16ab94ba,42,0,0,0,0,,9.0000000000000000000000000000000,0,0,
마라16ab94bb,24,0,0,0,0,,0.0000000000000000000000000000000,7,0,
마라16ab95aa,15,0,0,0,0,,0.0000000000000000000000000000000,0,0,
마라16ab95ab,13,0,0,0,0,,0.0000000000000000000000000000000,0,0,
마라16ab95ba,33,0,0,0,0,,13.0000000000000000000000000000000,0,0,
마라16ab95bb,27,0,0,0,0,,0.0000000000000000000000000000000,0,0,
마라16ab96aa,3,0,0,0,0,,0.0000000000000000000000000000000,0,0,
마라16ab96ab,12,0,0,0,0,,,0,0,
마라16ab96ba,17,0,0,0,0,,0.0000000000000000000000000000000,0,0,
마라16ab96bb,6,0,0,0,0,,11.0000000000000000000000000000000,0,0,
마라16ab97aa,14,0,0,0,0,,49.0000000000000000000000000000000,0,0,
마라16ab97ab,34,0,0,0,0,,0.0000000000000000000000000000000,0,0,
마라16ab97ba,60,0,0,0,0,,13.0000000000000000000000000000000,0,0,17.000000000000000
마라16ab97bb,41,0,0,0,0,,17.0000000000000000000000000000000,0,0,
마라16ab98aa,5,0,0,0,0,,0.0000000000000000000000000000000,0,0,
마라16ab98ab,12,0,0,0,0,,21.0000000000000000000000000000000,0,0,
마라16ab98ba,30,0,0,0,0,,0.0000000000000000000000000000000,0,0,
마라16ab98bb,8,0,0,0,0,,0.0000000000000000000000000000000,0,0,
마라16ab99aa,2,0,0,0,0,,,0,0,
마라16ab99ab,0,0,0,0,0,,,0,0,
마라16ab99ba,0,0,0,0,0,,,0,0,
마라16ab99bb,0,0,0,0,0,,,0,0,
마라16ba85ba,0,0,0,0,0,,,0,0,
마라16ba85bb,0,0,0,0,0,,,0,0,
마라16ba86aa,0,0,0,0,0,,,0,0,
마라16ba86ab,0,0,0,0,0,,,0,0,
마라16ba86ba,0,0,0,0,0,,,0,0,
마라16ba86bb,0,0,0,0,0,,,0,0,
마라16ba87aa,0,0,0,0,0,,,0,0,
마라16ba87ab,0,0,0,0,0,,,0,0,
마라16ba87ba,0,0,0,0,0,,,0,0,
마라16ba87bb,2,0,0,0,0,,0.0000000000000000000000000000000,0,0,
마라16ba88aa,0,0,0,0,0,,0.0000000000000000000000000000000,0,0,
마라16ba88ab,7,0,0,0,0,,8.0000000000000000000000000000000,0,0,
마라16ba88ba,0,0,0,0,0,,,0,0,
마라16ba88bb,0,0,0,0,0,,,0,0,
마라16ba89aa,0,0,0,0,0,,,0,0,
마라16ba89ab,0,0,0,0,0,,,0,0,
마라16ba89ba,0,0,0,0,0,,,0,0,
마라16ba89bb,0,0,0,0,0,,,0,0,
마라16ba90aa,0,0,0,0,0,,,0,0,
마라16ba90ab,0,0,0,0,0,,,0,0,
마라16ba90ba,0,0,0,0,0,,,0,0,
마라16ba90bb,0,0,0,0,0,,,0,0,
마라16ba91aa,0,0,0,0,0,,,0,0,
마라16ba91ab,0,0,0,0,0,,,0,0,
마라16ba91ba,0,0,0,0,0,,,0,0,
마라16ba91bb,0,0,0,0,0,,,0,0,
마라16ba92aa,0,0,0,0,0,,,0,0,
마라16ba92ab,1,0,0,0,0,,,0,0,
마라16ba92ba,0,0,0,0,0,,8.0000000000000000000000000000000,0,0,
마라16ba92bb,0,0,0,0,0,,,0,0,
마라16ba93aa,0,0,0,0,0,,,0,0,
마라16ba93ab,0,0,0,0,0,,,0,0,
마라16ba93ba,0,0,0,0,0,,,0,0,
마라16ba93bb,0,0,0,0,0,,,0,0,
마라16ba94aa,0,0,0,0,0,,,0,0,
마라16ba94ab,0,0,0,0,0,,0.0000000000000000000000000000000,0,0,
마라16ba94ba,2,0,0,0,0,,0.0000000000000000000000000000000,0,0,
마라16ba94bb,10,0,0,0,0,,0.0000000000000000000000000000000,0,0,
마라16ba95aa,3,0,0,0,0,,,0,0,
마라16ba95ab,25,0,0,0,0,,6.0000000000000000000000000000000,0,0,
마라16ba95ba,30,0,0,0,0,,8.0000000000000000000000000000000,0,0,
마라16ba95bb,9,0,0,0,0,,0.0000000000000000000000000000000,0,0,
마라16ba96aa,2,0,0,0,0,,0.0000000000000000000000000000000,0,0,
마라16ba96ab,0,0,0,0,0,,,0,0,
마라16ba96ba,1,0,0,0,0,,0.0000000000000000000000000000000,0,0,
마라16ba96bb,1,0,0,0,0,,,0,0,
마라16ba97aa,3,0,0,0,0,,0.0000000000000000000000000000000,0,0,
마라16ba97ab,43,0,0,0,0,,0.0000000000000000000000000000000,0,0,
마라16ba97ba,55,0,0,0,0,,11.0000000000000000000000000000000,0,0,
마라16ba97bb,21,0,0,0,0,,6.0000000000000000000000000000000,0,0,
마라16ba98aa,0,0,0,0,0,,,4,0,
마라16ba98ab,0,0,0,0,0,,,0,0,
마라16ba98ba,0,0,0,0,0,,,0,0,
마라16ba98bb,0,0,0,0,0,,,0,0,
마라16ba99aa,0,0,0,0,0,,,0,0,
마라16ba99ab,0,0,0,0,0,,,0,0,
마라16ba99ba,0,0,0,0,0,,,0,0,
마라16ba99bb,1,0,0,0,0,,,0,0,
마라16bb85ba,0,0,0,0,0,,,0,0,
마라16bb85bb,0,0,0,0,0,,,0,0,
마라16bb86aa,0,0,0,0,0,,,0,0,
마라16bb86ab,0,0,0,0,0,,,0,0,
마라16bb86ba,0,0,0,0,0,,,0,0,
마라16bb86bb,0,0,0,0,0,,,0,0,
마라16bb87aa,0,0,0,0,0,,,0,0,
마라16bb87ab,1,0,0,0,0,,,0,0,22.033236989999999
마라16bb87ba,1,0,0,0,0,,,0,0,
마라16bb87bb,1,0,0,0,0,,0.0000000000000000000000000000000,0,0,59.000000000000000
마라16bb88aa,0,0,0,0,0,,,0,0,
마라16bb88ab,0,0,0,0,0,,,0,0,
마라16bb88ba,0,0,0,0,0,,,0,0,
마라16bb88bb,0,0,0,0,0,,,0,0,
마라16bb89aa,0,0,0,0,0,,,0,0,
마라16bb89ab,0,0,0,0,0,,,0,0,
마라16bb89ba,0,0,0,0,0,,,0,0,
마라16bb89bb,0,0,0,0,0,,,0,0,
마라16bb90aa,0,0,0,0,0,,,0,0,
마라16bb90ab,0,0,0,0,0,,,0,0,
마라16bb90ba,1,0,0,0,0,,,0,0,14.125722540000000
마라16bb90bb,0,0,0,0,0,,,0,0,
마라16bb91aa,0,0,0,0,0,,,0,0,
마라16bb91ab,0,0,0,0,0,,,0,0,
마라16bb91ba,0,0,0,0,0,,,0,0,
마라16bb91bb,0,0,0,0,0,,,0,0,
마라16bb92aa,0,0,0,0,0,,,0,0,
마라16bb92ab,0,0,0,0,0,,,0,0,
마라16bb92ba,1,0,0,0,0,,9.0000000000000000000000000000000,0,0,
마라16bb92bb,1,0,0,0,0,,,0,0,
마라16bb93aa,4,0,0,0,0,,,0,0,
마라16bb93ab,0,0,0,0,0,,,0,0,
마라16bb93ba,0,0,0,0,0,,,0,0,
마라16bb93bb,0,0,0,0,0,,,0,0,
마라16bb94aa,0,0,0,0,0,,,0,0,
마라16bb94ab,0,0,0,0,0,,,0,0,
마라16bb94ba,0,0,0,0,0,,,0,0,
마라16bb94bb,0,0,0,0,0,,,0,0,
마라16bb95aa,9,0,0,0,0,,,0,0,
마라16bb95ab,22,0,0,0,0,,0.0000000000000000000000000000000,0,0,
마라16bb95ba,12,0,0,0,0,,,0,0,
마라16bb95bb,2,0,0,0,0,,,0,0,
마라16bb96aa,0,0,0,0,0,,,0,0,
마라16bb96ab,0,0,0,0,0,,,0,0,
마라16bb96ba,0,0,0,0,0,,,0,0,
마라16bb96bb,0,0,0,0,0,,,0,0,
마라16bb97aa,0,0,0,0,0,,,0,0,
마라16bb97ab,5,0,0,0,0,,0.0000000000000000000000000000000,0,0,
마라16bb97ba,17,0,0,0,0,,0.0000000000000000000000000000000,0,0,
마라16bb97bb,0,0,0,0,0,,,0,0,
마라16bb98aa,0,0,0,0,0,,,0,0,
마라16bb98ab,1,0,0,0,0,,,0,0,
마라16bb98ba,0,0,0,0,0,,,0,0,
마라16bb98bb,0,0,0,0,0,,,0,0,
마라16bb99aa,0,0,0,0,0,,,0,0,
마라16bb99ab,0,0,0,0,0,,,0,0,
마라16bb99ba,1,0,0,0,0,,,0,0,
마라16bb99bb,32,0,0,0,0,,,0,0,
마라17aa85ab,0,0,0,0,0,,,0,0,
마라17aa85ba,0,0,0,0,0,,,0,0,
마라17aa85bb,0,0,0,0,0,,,0,0,
마라17aa86aa,0,0,0,0,0,,,0,0,
마라17aa86ab,0,0,0,0,0,,,0,0,
마라17aa86ba,0,0,0,0,0,,,0,0,
마라17aa86bb,0,0,0,0,0,,,0,0,
마라17aa87aa,0,0,0,0,0,,0.0000000000000000000000000000000,202,0,
마라17aa87ab,8,0,0,0,0,,19.9999999999999964472863211994991,0,0,
마라17aa87ba,7,0,0,0,0,,24.0000000000000000000000000000000,0,0,15.000000000000000
마라17aa87bb,0,0,0,0,0,,45.0000000000000000000000000000000,0,0,29.000000000000000
마라17aa88aa,1,0,0,0,0,,,0,0,
마라17aa88ab,1,0,0,0,0,,,0,0,
마라17aa88ba,4,0,0,0,0,,0.0000000000000000000000000000000,0,0,
마라17aa88bb,0,0,0,0,0,,,0,0,
마라17aa89aa,0,0,0,0,0,,,0,0,
마라17aa89ab,0,0,0,0,0,,,0,0,
마라17aa89ba,0,0,0,0,0,,,0,0,
마라17aa89bb,0,0,0,0,0,,,0,0,
마라17aa90aa,0,0,0,0,0,,,0,0,7.000000000000000
마라17aa90ab,0,0,0,0,0,,,0,0,
마라17aa90ba,0,0,0,0,0,,,0,0,
마라17aa90bb,0,0,0,0,0,,,0,0,
마라17aa91aa,0,0,0,0,0,,,0,0,
마라17aa91ab,0,0,0,0,0,,,0,0,
마라17aa91ba,0,0,0,0,0,,,0,0,
마라17aa91bb,0,0,0,0,0,,,0,0,
마라17aa92aa,0,0,0,0,0,,,0,0,
마라17aa92ab,1,0,0,0,0,,,0,0,
마라17aa92ba,10,0,0,0,0,,9.9999999999999982236431605997495,0,0,
마라17aa92bb,2,0,0,0,0,,6.0000000000000000000000000000000,0,0,
마라17aa93aa,3,0,0,0,0,,0.0000000000000000000000000000000,0,0,
마라17aa93ab,0,0,0,0,0,,,0,0,
마라17aa93ba,0,0,0,0,0,,,0,0,
마라17aa93bb,0,0,0,0,0,,,0,0,
마라17aa94aa,0,0,0,0,0,,,0,0,
마라17aa94ab,0,0,0,0,0,,,0,0,
마라17aa94ba,0,0,0,0,0,,,0,0,
마라17aa94bb,0,0,0,0,0,,,0,0,
마라17aa95aa,13,0,0,0,0,,,0,0,
마라17aa95ab,14,0,0,0,0,,0.0000000000000000000000000000000,0,0,
마라17aa95ba,0,0,0,0,0,,,0,0,
마라17aa95bb,0,0,0,0,0,,,0,0,
마라17aa96aa,0,0,0,0,0,,,0,0,
마라17aa96ab,0,0,0,0,0,,,0,0,
마라17aa96ba,0,0,0,0,0,,,0,0,
마라17aa96bb,0,0,0,0,0,,,0,0,
마라17aa97aa,1,0,0,0,0,,0.0000000000000000000000000000000,0,0,
마라17aa97ab,0,0,0,0,0,,6.0000000000000000000000000000000,0,0,
마라17aa97ba,0,0,0,0,0,,,0,0,
마라17aa97bb,0,0,0,0,0,,,0,0,
마라17aa98aa,0,0,0,0,0,,,0,0,
마라17aa98ab,0,0,0,0,0,,,0,0,
마라17aa98ba,0,0,0,0,0,,,0,0,
마라17aa98bb,0,0,0,0,0,,,0,0,
마라17aa99aa,3,0,0,0,0,,,0,0,
마라17aa99ab,23,0,0,0,0,,0.0000000000000000000000000000000,0,0,
마라17aa99ba,24,0,0,0,0,,11.0000000000000000000000000000000,0,0,
마라17aa99bb,31,0,0,0,0,,0.0000000000000000000000000000000,0,0,
마라17ab85ab,0,0,0,0,0,,,0,0,
마라17ab85ba,0,0,0,0,0,,,0,0,
마라17ab85bb,0,0,0,0,0,,,0,0,
마라17ab86aa,0,0,0,0,0,,,0,0,
마라17ab86ab,0,0,0,0,0,,,0,0,
마라17ab86ba,0,0,0,0,0,,,0,0,
마라17ab86bb,0,0,0,0,0,,,0,0,
마라17ab87aa,3,0,0,0,0,,0.0000000000000000000000000000000,0,0,
마라17ab87ab,1,0,0,0,0,,0.0000000000000000000000000000000,0,0,
마라17ab87ba,5,1,0,0,0,,143.0000000000000000000000000000000,0,0,
마라17ab87bb,0,0,0,1,0,,94.0000000000000000000000000000000,0,0,
마라17ab88aa,0,0,0,0,0,,,0,0,
마라17ab88ab,9,0,0,0,0,,,0,0,
마라17ab88ba,16,2,0,0,0,,16.0000000000000000000000000000000,0,0,
마라17ab88bb,0,0,0,0,0,,,0,0,
마라17ab89aa,0,0,0,0,0,,,0,0,
마라17ab89ab,0,0,0,0,0,,,0,0,
마라17ab89ba,0,0,0,0,0,,,0,0,
마라17ab89bb,0,1,0,0,0,,,0,0,
마라17ab90aa,0,6,0,0,0,,930.0000000000000000000000000000000,0,0,
마라17ab90ab,0,0,0,0,0,,,0,0,
마라17ab90ba,0,0,0,0,0,,,0,0,
마라17ab90bb,0,0,0,0,0,,,0,0,
마라17ab91aa,0,0,0,0,0,,,0,0,
마라17ab91ab,0,0,0,0,0,,,0,0,
마라17ab91ba,0,0,0,0,0,,,0,0,
마라17ab91bb,0,0,0,0,0,,,0,0,
마라17ab92aa,0,0,0,0,0,,,0,0,
마라17ab92ab,1,0,0,0,0,,0.0000000000000000000000000000000,0,0,
마라17ab92ba,2,0,0,0,0,,8.0000000000000000000000000000000,0,0,
마라17ab92bb,1,0,0,0,0,,,0,0,
마라17ab93aa,0,0,0,0,0,,,0,0,
마라17ab93ab,0,0,0,0,0,,,0,0,
마라17ab93ba,0,0,0,0,0,,,0,0,
마라17ab93bb,0,0,0,0,0,,,0,0,
마라17ab94aa,0,0,0,0,0,,,0,0,
마라17ab94ab,0,0,0,0,0,,,0,0,
마라17ab94ba,0,0,0,0,0,,,0,0,
마라17ab94bb,0,0,0,0,0,,,0,0,
마라17ab95aa,0,0,0,0,0,,,0,0,
마라17ab95ab,0,0,0,0,0,,,0,0,
마라17ab95ba,0,0,0,0,0,,,0,0,
마라17ab95bb,0,0,0,0,0,,,0,0,
마라17ab96aa,0,0,0,0,0,,,0,0,
마라17ab96ab,0,0,0,0,0,,,0,0,
마라17ab96ba,0,0,0,0,0,,,0,0,
마라17ab96bb,0,0,0,0,0,,,0,0,
마라17ab97aa,0,0,0,0,0,,,0,0,
마라17ab97ab,0,0,0,0,0,,,0,0,
마라17ab97ba,0,0,0,0,0,,,0,0,
마라17ab97bb,0,0,0,0,0,,,0,0,
마라17ab98aa,0,0,0,0,0,,,0,0,
마라17ab98ab,0,0,0,0,0,,,0,0,
마라17ab98ba,0,0,0,0,0,,,0,0,
마라17ab98bb,0,0,0,0,0,,0.0000000000000000000000000000000,0,0,
마라17ab99aa,5,0,0,0,0,,,0,0,
마라17ab99ab,28,0,0,0,0,,16.0000000000000000000000000000000,0,0,
마라17ab99ba,46,0,0,0,0,,11.0000000000000000000000000000000,0,0,
마라17ab99bb,10,0,0,0,0,,0.0000000000000000000000000000000,0,0,22.563583820000002
마라17ba85ab,0,0,0,0,0,,,0,0,
마라17ba85ba,0,0,0,0,0,,,0,0,
마라17ba85bb,0,0,0,0,0,,,0,0,
마라17ba86aa,0,0,0,0,0,,,0,0,
마라17ba86ab,0,0,0,0,0,,,0,0,
마라17ba86ba,0,0,0,0,0,,,0,0,
마라17ba86bb,0,0,0,0,0,,,0,0,
마라17ba87aa,0,0,0,0,0,,,0,0,
마라17ba87ab,0,0,0,0,0,,9.9999999999999982236431605997495,0,0,
마라17ba87ba,7,10,0,0,0,,1333.0000000000000000000000000000000,0,0,
마라17ba87bb,3,9,0,1,0,,1061.0000000000000000000000000000000,0,0,
마라17ba88aa,0,0,0,0,0,,,0,0,
마라17ba88ab,2,0,0,0,0,,41.0000000000000000000000000000000,0,0,
마라17ba88ba,13,1,0,0,0,,17.0000000000000000000000000000000,0,0,
마라17ba88bb,16,0,0,0,0,,169.0000000000000000000000000000000,0,0,
마라17ba89aa,1,0,0,0,0,,19.9999999999999964472863211994991,0,0,
마라17ba89ab,1,1,0,0,0,,258.0000000000000000000000000000000,0,0,
마라17ba89ba,1,11,0,0,0,,1657.0000000000000000000000000000000,0,0,
마라17ba89bb,3,6,0,0,0,,817.0000000000000000000000000000000,143,0,
마라17ba90aa,0,9,0,0,0,,1268.0000000000000000000000000000000,0,0,74.666618499999998
마라17ba90ab,0,0,0,0,0,,,0,0,
마라17ba90ba,0,0,0,0,0,,,0,0,
마라17ba90bb,0,0,0,0,0,,,0,0,
마라17ba91aa,0,0,0,0,0,,,0,0,
마라17ba91ab,4,0,0,0,0,,,0,0,
마라17ba91ba,4,0,0,0,0,,0.0000000000000000000000000000000,0,0,
마라17ba91bb,0,0,0,0,0,,,0,0,
마라17ba92aa,0,0,0,0,0,,0.0000000000000000000000000000000,0,0,
마라17ba92ab,1,0,0,0,0,,0.0000000000000000000000000000000,0,0,
마라17ba92ba,0,0,0,0,0,,,0,0,
마라17ba92bb,0,0,0,0,0,,,0,0,
마라17ba93aa,0,0,0,0,0,,,0,0,
마라17ba93ab,0,0,0,0,0,,,0,0,
마라17ba93ba,0,0,0,0,0,,,0,0,
마라17ba93bb,1,0,0,0,0,,9.0000000000000000000000000000000,0,0,
마라17ba94aa,2,0,0,0,0,,,0,0,
마라17ba94ab,0,0,0,0,0,,,0,0,
마라17ba94ba,0,0,0,0,0,,,0,0,
마라17ba94bb,0,0,0,0,0,,,0,0,
마라17ba95aa,0,0,0,0,0,,,0,0,
마라17ba95ab,0,0,0,0,0,,,0,0,
마라17ba95ba,0,0,0,0,0,,,0,0,
마라17ba95bb,0,0,0,0,0,,,0,0,
마라17ba96aa,0,0,0,0,0,,,0,0,
마라17ba96ab,0,0,0,0,0,,,0,0,
마라17ba96ba,0,0,0,0,0,,,0,0,
마라17ba96bb,0,0,0,0,0,,,0,0,
마라17ba97aa,0,0,0,0,0,,,0,0,
마라17ba97ab,0,0,0,0,0,,,0,0,
마라17ba97ba,0,0,0,0,0,,0.0000000000000000000000000000000,0,0,
마라17ba97bb,0,0,0,0,0,,9.9999999999999982236431605997495,0,0,
마라17ba98aa,0,0,0,0,0,,0.0000000000000000000000000000000,0,0,
마라17ba98ab,0,0,0,0,0,,,0,0,
마라17ba98ba,0,0,0,0,0,,,0,0,
마라17ba98bb,0,0,0,0,0,,0.0000000000000000000000000000000,0,0,
마라17ba99aa,0,0,0,0,0,,,0,0,24.748554909999999
마라17ba99ab,22,0,0,0,0,,8.0000000000000000000000000000000,0,0,54.000000000000000
마라17ba99ba,21,0,0,0,0,,0.0000000000000000000000000000000,0,0,
마라17ba99bb,1,0,0,0,0,,,0,0,
마라17bb85ab,0,0,0,0,0,,,0,0,
마라17bb85ba,0,0,0,0,0,,,0,0,
마라17bb85bb,0,0,0,0,0,,,0,0,
마라17bb86aa,0,0,0,0,0,,,0,0,
마라17bb86ab,0,0,0,0,0,,,0,0,
마라17bb86ba,0,0,0,0,0,,,0,0,
마라17bb86bb,0,0,0,0,0,,,0,0,
마라17bb87aa,0,0,0,0,0,,,0,0,
마라17bb87ab,0,0,0,0,0,,,0,0,
마라17bb87ba,9,7,0,0,0,,1263.0000000000000000000000000000000,0,0,13.656069360000000
마라17bb87bb,14,10,0,1,0,,1270.0000000000000000000000000000000,0,0,
마라17bb88aa,5,0,0,0,0,,0.0000000000000000000000000000000,0,0,
마라17bb88ab,4,4,0,1,0,,588.0000000000000000000000000000000,0,0,
마라17bb88ba,3,6,0,0,0,,750.0000000000000000000000000000000,0,0,
마라17bb88bb,25,3,0,0,0,,827.0000000000000000000000000000000,0,0,
마라17bb89aa,9,0,0,0,0,,433.0000000000000000000000000000000,0,0,72.305202309999999
마라17bb89ab,1,1,0,0,0,,173.0000000000000000000000000000000,0,0,
마라17bb89ba,9,8,0,0,0,,1493.0000000000000000000000000000000,0,0,
마라17bb89bb,19,0,0,2,0,,284.0000000000000000000000000000000,0,0,47.037716760000002
마라17bb90aa,0,4,0,0,0,,258.0000000000000000000000000000000,0,0,
마라17bb90ab,0,0,0,0,0,,,0,0,
마라17bb90ba,0,0,0,0,0,,,0,0,35.000000000000000
마라17bb90bb,1,0,0,0,0,,,0,0,
마라17bb91aa,0,0,0,0,0,,,0,0,
마라17bb91ab,4,1,0,0,0,,14.0000000000000017763568394002505,0,0,
마라17bb91ba,5,0,0,0,0,,0.0000000000000000000000000000000,151,2,
마라17bb91bb,1,0,0,0,0,,,0,0,
마라17bb92aa,0,0,0,0,0,,,0,0,
마라17bb92ab,0,0,0,0,0,,,0,0,
마라17bb92ba,0,0,0,0,0,,,0,0,
마라17bb92bb,0,0,0,0,0,,,0,0,
마라17bb93aa,0,0,0,0,0,,,0,0,
마라17bb93ab,0,0,0,0,0,,,0,0,
마라17bb93ba,0,0,0,0,0,,,0,0,
마라17bb93bb,0,0,0,0,0,,0.0000000000000000000000000000000,0,0,
마라17bb94aa,0,0,0,0,0,,,0,0,
마라17bb94ab,0,0,0,0,0,,,0,0,
마라17bb94ba,0,0,0,0,0,,,0,0,
마라17bb94bb,0,0,0,0,0,,,0,0,
마라17bb95aa,0,0,0,0,0,,,0,0,
마라17bb95ab,0,0,0,0,0,,,0,0,
마라17bb95ba,0,0,0,0,0,,,0,0,
마라17bb95bb,0,0,0,0,0,,,0,0,
마라17bb96aa,0,0,0,0,0,,,0,0,
마라17bb96ab,0,0,0,0,0,,,0,0,
마라17bb96ba,0,0,0,0,0,,,0,0,
마라17bb96bb,0,0,0,0,0,,,0,0,
마라17bb97aa,0,0,0,0,0,,,0,0,
마라17bb97ab,0,0,0,0,0,,,0,0,
마라17bb97ba,2,0,0,0,0,,0.0000000000000000000000000000000,0,0,
마라17bb97bb,0,0,0,0,0,,,0,0,
마라17bb98aa,0,0,0,0,0,,,0,0,
마라17bb98ab,0,0,0,0,0,,,0,0,
마라17bb98ba,1,0,0,0,0,,,0,0,21.000000000000000
마라17bb98bb,0,0,0,0,0,,,8,0,
마라17bb99aa,4,0,0,0,0,,0.0000000000000000000000000000000,0,0,
마라17bb99ab,21,0,0,0,0,,0.0000000000000000000000000000000,0,0,16.343930640000000
마라17bb99ba,6,0,0,0,0,,8.0000000000000000000000000000000,0,0,
마라17bb99bb,9,0,0,0,0,,0.0000000000000000000000000000000,0,0,
마라18aa85ba,0,0,0,0,0,,,0,0,
마라18aa85bb,0,0,0,0,0,,,0,0,
마라18aa86aa,0,0,0,0,0,,,0,0,
마라18aa86ab,0,0,0,0,0,,,0,0,
마라18aa86ba,0,0,0,0,0,,,0,0,
마라18aa86bb,0,0,0,0,0,,,0,0,
마라18aa87aa,0,0,0,0,0,,,0,0,
마라18aa87ab,0,0,0,0,0,,7.0000000000000008881784197001252,0,0,
마라18aa87ba,2,10,0,0,0,,1227.0000000000000000000000000000000,0,0,38.049132950000001
마라18aa87bb,5,9,0,0,0,,1173.0000000000000000000000000000000,0,0,
마라18aa88aa,1,8,0,0,0,,1173.0000000000000000000000000000000,0,0,
마라18aa88ab,5,12,0,0,0,,2082.0000000000000000000000000000000,0,0,
마라18aa88ba,14,7,0,1,0,,1052.0000000000000000000000000000000,0,0,
마라18aa88bb,14,4,0,0,0,,469.0000000000000000000000000000000,0,0,
마라18aa89aa,6,0,0,0,1,,,0,4,
마라18aa89ab,16,0,0,0,0,,21.0000000000000000000000000000000,0,0,
마라18aa89ba,4,10,0,0,0,,1546.0000000000000000000000000000000,0,0,
마라18aa89bb,29,3,1,2,0,,950.0000000000000000000000000000000,0,0,
마라18aa90aa,7,0,0,1,0,,53.0000000000000000000000000000000,0,0,
마라18aa90ab,1,0,0,0,0,,,0,0,
마라18aa90ba,2,2,0,0,0,,335.0000000000000000000000000000000,0,0,
마라18aa90bb,11,10,0,0,0,,1127.0000000000000000000000000000000,0,0,
마라18aa91aa,4,3,0,0,0,,128.0000000000000000000000000000000,0,0,41.660404620000001
마라18aa91ab,21,0,0,0,0,,11.0000000000000000000000000000000,0,0,
마라18aa91ba,8,1,1,0,0,,,0,0,
마라18aa91bb,9,3,0,0,0,,0.0000000000000000000000000000000,0,0,
마라18aa92aa,42,0,0,0,0,,0.0000000000000000000000000000000,0,0,
마라18aa92ab,23,0,0,0,0,,,0,0,
마라18aa92ba,0,0,0,0,0,,,0,0,
마라18aa92bb,0,0,0,0,0,,,0,0,
마라18aa93aa,0,0,0,0,0,,,0,0,
마라18aa93ab,3,0,0,0,0,,0.0000000000000000000000000000000,0,0,
마라18aa93ba,3,0,0,0,0,,0.0000000000000000000000000000000,3,0,
마라18aa93bb,0,0,0,0,0,,,0,0,
마라18aa94aa,0,0,0,0,0,,,0,0,
마라18aa94ab,0,0,0,0,0,,,0,0,
마라18aa94ba,0,0,0,0,0,,,0,0,
마라18aa94bb,0,0,0,0,0,,,0,0,
마라18aa95aa,0,0,0,0,0,,,0,0,
마라18aa95ab,0,0,0,0,0,,,0,0,
마라18aa95ba,0,0,0,0,0,,,0,0,
마라18aa95bb,0,0,0,0,0,,,0,0,
마라18aa96aa,0,0,0,0,0,,,0,0,
마라18aa96ab,0,0,0,0,0,,,0,0,
마라18aa96ba,0,0,0,0,0,,,0,0,
마라18aa96bb,0,0,0,0,0,,,0,0,
마라18aa97aa,0,0,0,0,0,,,0,0,
마라18aa97ab,0,0,0,0,0,,,0,0,
마라18aa97ba,0,0,0,0,0,,0.0000000000000000000000000000000,0,0,
마라18aa97bb,2,0,0,0,0,,0.0000000000000000000000000000000,0,0,
마라18aa98aa,1,0,0,0,0,,,0,0,
마라18aa98ab,0,0,0,0,0,,,0,0,
마라18aa98ba,0,0,0,0,0,,,0,0,
마라18aa98bb,0,0,0,0,0,,0.0000000000000000000000000000000,0,0,
마라18aa99aa,1,0,0,0,0,,,0,0,
마라18aa99ab,6,0,0,0,0,,,0,0,
마라18aa99ba,4,0,0,0,0,,0.0000000000000000000000000000000,0,0,
마라18aa99bb,8,0,0,0,0,,0.0000000000000000000000000000000,0,0,21.000000000000000
마라18ab85ba,0,0,0,0,0,,,0,0,
마라18ab85bb,0,0,0,0,0,,,0,0,
마라18ab86aa,0,0,0,0,0,,,0,0,
마라18ab86ab,0,0,0,0,0,,,0,0,
마라18ab86ba,0,0,0,0,0,,,0,0,
마라18ab86bb,0,0,0,0,0,,,0,0,
마라18ab87aa,0,0,0,0,0,,,0,0,
마라18ab87ab,0,0,0,0,0,,0.0000000000000000000000000000000,0,0,32.562138730000001
마라18ab87ba,9,2,0,0,0,,536.0000000000000000000000000000000,0,0,
마라18ab87bb,14,0,0,1,0,,159.0000000000000000000000000000000,0,0,
마라18ab88aa,6,2,0,0,0,,232.0000000000000000000000000000000,0,0,
마라18ab88ab,4,1,0,0,0,,143.0000000000000000000000000000000,0,0,
마라18ab88ba,14,0,0,0,0,,192.0000000000000000000000000000000,0,0,
마라18ab88bb,10,2,1,1,0,,395.0000000000000000000000000000000,0,0,
마라18ab89aa,19,1,0,0,0,,165.0000000000000000000000000000000,0,0,75.000000000000000
마라18ab89ab,10,0,1,0,0,,29.0000000000000000000000000000000,0,1,
마라18ab89ba,19,6,0,0,0,,971.0000000000000000000000000000000,0,0,
마라18ab89bb,10,11,0,0,0,,1350.0000000000000000000000000000000,0,0,
마라18ab90aa,0,0,0,0,0,,9.0000000000000000000000000000000,0,0,
마라18ab90ab,0,0,0,0,0,,,0,0,32.790462429999998
마라18ab90ba,15,11,0,0,0,,1719.0000000000000000000000000000000,0,0,
마라18ab90bb,14,8,0,1,0,,1304.0000000000000000000000000000000,0,0,20.310693640000000
마라18ab91aa,22,9,0,0,0,,1413.0000000000000000000000000000000,0,0,26.000000000000000
마라18ab91ab,46,5,2,0,0,,373.0000000000000000000000000000000,0,0,26.491329480000001
마라18ab91ba,53,0,2,0,0,,9.0000000000000000000000000000000,0,0,
마라18ab91bb,22,0,0,0,0,,,0,0,
마라18ab92aa,43,0,0,0,0,,0.0000000000000000000000000000000,0,0,
마라18ab92ab,14,0,0,0,0,,,0,0,
마라18ab92ba,6,0,0,0,0,,6.0000000000000000000000000000000,0,0,
마라18ab92bb,24,0,0,0,0,,0.0000000000000000000000000000000,0,0,
마라18ab93aa,31,0,0,0,0,,0.0000000000000000000000000000000,0,0,
마라18ab93ab,21,0,0,0,0,,0.0000000000000000000000000000000,0,0,
마라18ab93ba,1,0,0,0,0,,,0,0,
마라18ab93bb,0,0,0,0,0,,,0,0,
마라18ab94aa,0,0,0,0,0,,,0,0,
마라18ab94ab,0,0,0,0,0,,,0,0,
마라18ab94ba,0,0,0,0,0,,,0,0,
마라18ab94bb,0,0,0,0,0,,,0,0,
마라18ab95aa,0,0,0,0,0,,,0,0,
마라18ab95ab,0,0,0,0,0,,,0,0,
마라18ab95ba,0,0,0,0,0,,,0,0,
마라18ab95bb,0,0,0,0,0,,,0,0,
마라18ab96aa,0,0,0,0,0,,,0,0,
마라18ab96ab,0,0,0,0,0,,,0,0,
마라18ab96ba,0,0,0,0,0,,,0,0,
마라18ab96bb,0,0,0,0,0,,,0,0,
마라18ab97aa,0,0,0,0,0,,,0,0,
마라18ab97ab,0,0,0,0,0,,,0,0,
마라18ab97ba,0,0,0,0,0,,,0,0,
마라18ab97bb,0,0,0,0,0,,,0,0,
마라18ab98aa,0,0,0,0,0,,,0,0,
마라18ab98ab,0,0,0,0,0,,,0,0,
마라18ab98ba,0,0,0,0,0,,,0,0,
마라18ab98bb,1,0,0,0,0,,,0,0,
마라18ab99aa,0,0,0,0,0,,,0,0,
마라18ab99ab,3,0,0,0,0,,6.0000000000000000000000000000000,0,0,
마라18ab99ba,11,0,0,0,0,,7.0000000000000008881784197001252,0,0,
마라18ab99bb,2,0,0,0,0,,,0,0,
마라18ba85ba,0,0,0,0,0,,,0,0,
마라18ba85bb,0,0,0,0,0,,,0,0,
마라18ba86aa,0,0,0,0,0,,,0,0,
마라18ba86ab,0,0,0,0,0,,,0,0,
마라18ba86ba,0,0,0,0,0,,,0,0,
마라18ba86bb,0,0,0,0,0,,,0,0,
마라18ba87aa,0,0,0,0,0,,,0,0,
마라18ba87ab,7,0,0,0,0,,136.0000000000000000000000000000000,0,0,
마라18ba87ba,15,5,0,0,0,,571.0000000000000000000000000000000,0,0,
마라18ba87bb,5,0,0,0,0,,18.0000000000000000000000000000000,0,0,
마라18ba88aa,0,0,0,0,0,,,0,0,
마라18ba88ab,0,0,0,0,0,,,0,0,
마라18ba88ba,6,0,0,0,0,,15.0000000000000000000000000000000,0,0,
마라18ba88bb,11,0,0,2,0,,165.0000000000000000000000000000000,0,0,
마라18ba89aa,35,1,0,0,0,,199.0000000000000000000000000000000,0,0,
마라18ba89ab,20,0,1,0,0,,184.0000000000000000000000000000000,0,0,
마라18ba89ba,15,2,0,0,0,,270.0000000000000000000000000000000,0,0,
마라18ba89bb,2,11,0,1,0,,1186.0000000000000000000000000000000,0,0,66.794797689999996
마라18ba90aa,2,3,0,0,0,,454.0000000000000000000000000000000,0,0,
마라18ba90ab,9,11,0,2,0,,1759.0000000000000000000000000000000,0,0,26.000000000000000
마라18ba90ba,15,10,0,0,0,,1108.9999999999997726263245567679405,0,0,26.000000000000000
마라18ba90bb,17,12,0,1,0,,1472.0000000000000000000000000000000,0,0,
마라18ba91aa,20,10,0,0,0,,1149.0000000000000000000000000000000,0,0,18.000000000000000
마라18ba91ab,46,0,0,0,0,,19.9999999999999964472863211994991,0,0,
마라18ba91ba,32,0,0,0,0,,0.0000000000000000000000000000000,0,0,
마라18ba91bb,32,0,0,0,0,,0.0000000000000000000000000000000,0,0,
마라18ba92aa,21,0,0,0,0,,,0,0,
마라18ba92ab,6,0,0,0,0,,0.0000000000000000000000000000000,0,0,
마라18ba92ba,55,0,0,0,0,,0.0000000000000000000000000000000,0,0,14.000000000000000
마라18ba92bb,39,0,0,0,0,,0.0000000000000000000000000000000,0,0,17.000000000000000
마라18ba93aa,16,0,0,0,0,,12.0000000000000000000000000000000,0,0,
마라18ba93ab,13,0,0,0,0,,0.0000000000000000000000000000000,0,0,
마라18ba93ba,0,0,0,0,0,,,0,0,
마라18ba93bb,0,0,0,0,0,,,0,0,
마라18ba94aa,0,0,0,0,0,,,0,0,
마라18ba94ab,0,0,0,0,0,,,0,0,
마라18ba94ba,0,0,0,0,0,,,0,0,
마라18ba94bb,0,0,0,0,0,,,0,0,
마라18ba95aa,3,0,0,0,0,,,0,0,
마라18ba95ab,0,0,0,0,0,,,0,0,
마라18ba95ba,0,0,0,0,0,,,0,0,
마라18ba95bb,0,0,0,0,0,,,0,0,
마라18ba96aa,0,0,0,0,0,,,0,0,
마라18ba96ab,0,0,0,0,0,,,0,0,
마라18ba96ba,0,0,0,0,0,,,0,0,
마라18ba96bb,0,0,0,0,0,,,0,0,
마라18ba97aa,0,0,0,0,0,,,0,0,
마라18ba97ab,0,0,0,0,0,,,0,0,
마라18ba97ba,0,0,0,0,0,,,0,0,
마라18ba97bb,0,0,0,0,0,,,0,0,
마라18ba98aa,0,0,0,0,0,,,0,0,
마라18ba98ab,0,0,0,0,0,,,0,0,
마라18ba98ba,0,0,0,0,0,,0.0000000000000000000000000000000,0,0,25.485549129999999
마라18ba98bb,0,0,0,0,0,,,0,0,
마라18ba99aa,0,0,0,0,0,,,0,0,
마라18ba99ab,2,0,0,0,0,,8.0000000000000000000000000000000,0,0,
마라18ba99ba,0,0,0,0,0,,0.0000000000000000000000000000000,0,0,
마라18ba99bb,3,0,0,0,0,,,0,0,
마라18bb85ba,0,0,0,0,0,,,0,0,
마라18bb85bb,0,0,0,0,0,,,0,0,
마라18bb86aa,0,0,0,0,0,,,0,0,
마라18bb86ab,0,0,0,0,0,,,0,0,
마라18bb86ba,0,0,0,0,0,,,0,0,
마라18bb86bb,4,0,0,1,0,,8.0000000000000000000000000000000,0,0,36.500000000000000
마라18bb87aa,0,6,0,0,0,,961.0000000000000000000000000000000,0,0,
마라18bb87ab,4,6,0,0,0,,714.0000000000000000000000000000000,0,0,
마라18bb87ba,12,4,0,1,0,,592.0000000000000000000000000000000,0,0,
마라18bb87bb,3,0,0,0,0,,39.0000000000000000000000000000000,0,1,
마라18bb88aa,0,0,0,0,0,,,0,0,
마라18bb88ab,0,0,0,0,0,,,0,0,
마라18bb88ba,2,0,0,0,0,,9.9999999999999982236431605997495,0,0,22.092485549999999
마라18bb88bb,10,4,1,0,0,,163.0000000000000000000000000000000,0,0,
마라18bb89aa,19,5,0,1,0,,843.0000000000000000000000000000000,0,0,49.907514450000001
마라18bb89ab,41,0,1,0,0,,389.0000000000000000000000000000000,0,0,
마라18bb89ba,15,0,0,0,0,,241.0000000000000000000000000000000,0,0,
마라18bb89bb,1,5,0,0,0,,749.0000000000000000000000000000000,0,0,
마라18bb90aa,8,9,0,0,0,,1267.0000000000000000000000000000000,0,0,
마라18bb90ab,10,5,0,2,0,,925.0000000000000000000000000000000,0,0,16.657514450000001
마라18bb90ba,18,13,0,0,0,,2147.0000000000000000000000000000000,0,0,
마라18bb90bb,13,11,0,0,0,,1572.0000000000000000000000000000000,0,0,19.000000000000000
마라18bb91aa,16,1,8,0,0,,0.0000000000000000000000000000000,0,0,10.000000000000000
마라18bb91ab,35,0,0,0,0,,,0,0,
마라18bb91ba,9,0,0,0,0,,,0,0,
마라18bb91bb,15,0,0,0,0,,0.0000000000000000000000000000000,0,0,
마라18bb92aa,30,0,0,0,0,,,0,0,
마라18bb92ab,14,0,0,0,0,,0.0000000000000000000000000000000,0,0,
마라18bb92ba,13,1,0,0,0,,,0,0,
마라18bb92bb,3,0,0,0,0,,,0,0,
마라18bb93aa,14,0,0,0,0,,0.0000000000000000000000000000000,0,0,
마라18bb93ab,32,0,0,0,0,,0.0000000000000000000000000000000,0,0,
마라18bb93ba,14,0,0,0,0,,0.0000000000000000000000000000000,0,0,26.343930640000000
마라18bb93bb,0,0,0,0,0,,,0,0,
마라18bb94aa,0,0,0,0,0,,,0,0,
마라18bb94ab,1,0,0,0,0,,,0,0,
마라18bb94ba,5,0,0,0,0,,,0,0,
마라18bb94bb,9,0,0,0,0,,0.0000000000000000000000000000000,0,0,
마라18bb95aa,0,0,0,0,0,,,0,0,
마라18bb95ab,0,0,0,0,0,,,6,0,
마라18bb95ba,0,0,0,0,0,,,0,0,
마라18bb95bb,0,0,0,0,0,,,0,0,
마라18bb96aa,0,0,0,0,0,,,0,0,
마라18bb96ab,0,0,0,0,0,,,0,0,
마라18bb96ba,0,0,0,0,0,,,0,0,
마라18bb96bb,0,0,0,0,0,,,0,0,
마라18bb97aa,0,0,0,0,0,,,0,0,
마라18bb97ab,1,0,0,0,0,,,0,0,
마라18bb97ba,0,0,0,0,0,,,0,0,
마라18bb97bb,3,0,0,0,0,,,0,0,
마라18bb98aa,0,0,0,0,0,,,0,0,
마라18bb98ab,0,0,0,0,0,,,0,0,
마라18bb98ba,0,0,0,0,0,,,0,0,
마라18bb98bb,0,0,0,0,0,,,0,0,
마라18bb99aa,0,0,0,0,0,,,0,0,
마라18bb99ab,0,0,0,0,0,,0.0000000000000000000000000000000,0,0,
마라18bb99ba,0,0,0,0,0,,,0,0,
마라18bb99bb,0,0,0,0,0,,,0,0,
마라19aa85ba,0,0,0,0,0,,,0,0,
마라19aa85bb,0,0,0,0,0,,,0,0,
마라19aa86aa,0,0,0,0,0,,,0,0,
마라19aa86ab,0,0,0,0,0,,,0,0,
마라19aa86ba,1,0,0,0,0,,0.0000000000000000000000000000000,211,0,
마라19aa86bb,4,2,0,0,0,,65.0000000000000000000000000000000,0,0,
마라19aa87aa,9,4,0,1,0,,791.0000000000000000000000000000000,0,0,20.562861269999999
마라19aa87ab,1,2,0,2,0,,408.0000000000000000000000000000000,0,0,
마라19aa87ba,13,0,0,0,0,,300.0000000000000000000000000000000,0,0,
마라19aa87bb,8,0,0,0,0,,41.0000000000000000000000000000000,0,0,13.000000000000000
마라19aa88aa,0,0,0,0,0,,,0,0,
마라19aa88ab,0,0,0,0,0,,,0,0,
마라19aa88ba,0,0,0,0,0,,,0,0,
마라19aa88bb,14,0,2,0,0,,,0,0,
마라19aa89aa,3,9,0,0,0,,1463.0000000000000000000000000000000,0,0,
마라19aa89ab,17,4,0,0,0,,490.0000000000000000000000000000000,0,0,
마라19aa89ba,3,0,0,0,0,,17.0000000000000000000000000000000,0,0,14.000000000000000
마라19aa89bb,1,0,0,0,0,,,0,0,
마라19aa90aa,3,5,0,1,0,,695.0000000000000000000000000000000,0,0,
마라19aa90ab,6,25,0,0,0,,1620.0000000000000000000000000000000,0,0,19.145953760000001
마라19aa90ba,44,6,1,0,0,,832.0000000000000000000000000000000,0,0,
마라19aa90bb,19,0,0,0,0,,86.0000000000000000000000000000000,0,1,12.310693640000000
마라19aa91aa,2,0,2,0,0,,,0,0,
마라19aa91ab,2,0,0,0,0,,,0,0,
마라19aa91ba,0,0,0,0,0,,,0,0,
마라19aa91bb,2,0,0,0,0,,,0,0,
마라19aa92aa,20,0,0,0,0,,0.0000000000000000000000000000000,0,0,
마라19aa92ab,28,0,0,0,0,,0.0000000000000000000000000000000,0,0,
마라19aa92ba,37,0,0,0,0,,19.9999999999999964472863211994991,0,0,
마라19aa92bb,10,0,0,0,0,,0.0000000000000000000000000000000,0,0,
마라19aa93aa,4,0,0,0,0,,,0,0,
마라19aa93ab,41,0,0,0,0,,0.0000000000000000000000000000000,0,0,
마라19aa93ba,38,0,0,0,0,,,0,0,15.000000000000000
마라19aa93bb,27,0,0,0,0,,,0,0,59.334537570000002
마라19aa94aa,44,0,0,0,0,,0.0000000000000000000000000000000,0,0,
마라19aa94ab,9,0,0,0,0,,0.0000000000000000000000000000000,0,0,
마라19aa94ba,14,0,0,0,0,,9.0000000000000000000000000000000,0,0,
마라19aa94bb,34,0,0,0,0,,,0,0,
마라19aa95aa,0,0,0,0,0,,,0,0,
마라19aa95ab,1,0,0,0,0,,0.0000000000000000000000000000000,0,0,
마라19aa95ba,0,0,0,0,0,,,0,0,
마라19aa95bb,0,0,0,0,0,,,0,0,
마라19aa96aa,0,0,0,0,0,,,0,0,
마라19aa96ab,0,0,0,0,0,,,0,0,
마라19aa96ba,0,0,0,0,0,,,0,0,
마라19aa96bb,0,0,0,0,0,,,0,0,
마라19aa97aa,8,0,0,0,0,,0.0000000000000000000000000000000,0,0,33.547687860000003
마라19aa97ab,1,0,0,0,0,,0.0000000000000000000000000000000,0,0,
마라19aa97ba,0,0,0,0,0,,,0,0,
마라19aa97bb,0,0,0,0,0,,,0,0,
마라19aa98aa,0,0,0,0,0,,,0,0,
마라19aa98ab,0,0,0,0,0,,,0,0,
마라19aa98ba,0,0,0,0,0,,,0,0,
마라19aa98bb,0,0,0,0,0,,,0,0,
마라19aa99aa,0,0,0,0,0,,,0,0,
마라19aa99ab,0,0,0,0,0,,,0,0,
마라19aa99ba,0,0,0,0,0,,,0,0,
마라19aa99bb,0,0,0,0,0,,,0,0,
마라19ab85ba,0,0,0,0,0,,,0,0,
마라19ab85bb,0,0,0,0,0,,,0,0,
마라19ab86aa,3,0,0,0,0,,0.0000000000000000000000000000000,0,0,
마라19ab86ab,2,0,0,0,0,,6.0000000000000000000000000000000,0,0,
마라19ab86ba,10,0,0,0,0,,15.0000000000000000000000000000000,0,0,25.000000000000000
마라19ab86bb,5,3,0,0,0,,643.0000000000000000000000000000000,0,0,24.530346819999998
마라19ab87aa,1,12,0,0,0,,2149.0000000000000000000000000000000,0,0,
마라19ab87ab,7,7,0,0,1,,1059.0000000000000000000000000000000,0,0,
마라19ab87ba,15,0,0,0,0,,336.0000000000000000000000000000000,0,0,12.000000000000000
마라19ab87bb,3,11,0,0,0,,1066.0000000000000000000000000000000,0,0,
마라19ab88aa,0,0,0,0,0,,,0,0,
마라19ab88ab,0,0,0,0,0,,,0,0,
마라19ab88ba,0,0,0,0,0,,,0,0,
마라19ab88bb,0,0,0,0,0,,,0,0,
마라19ab89aa,0,2,0,0,0,,515.0000000000000000000000000000000,0,0,
마라19ab89ab,8,14,0,0,0,,1807.0000000000000000000000000000000,0,0,
마라19ab89ba,3,3,0,0,0,,516.0000000000000000000000000000000,0,0,
마라19ab89bb,11,0,0,0,0,,147.0000000000000000000000000000000,0,0,13.371242770000000
마라19ab90aa,8,7,0,0,0,,990.0000000000000000000000000000000,0,0,
마라19ab90ab,18,13,0,0,0,,1128.0000000000000000000000000000000,0,0,25.764450870000001
마라19ab90ba,16,8,0,0,0,,1115.0000000000000000000000000000000,0,0,
마라19ab90bb,13,0,0,1,0,,22.0000000000000000000000000000000,0,0,17.000000000000000
마라19ab91aa,5,0,0,0,0,,,0,0,
마라19ab91ab,30,0,0,0,0,,16.0000000000000000000000000000000,0,0,
마라19ab91ba,3,0,0,0,0,,0.0000000000000000000000000000000,0,0,
마라19ab91bb,27,0,0,0,0,,0.0000000000000000000000000000000,0,0,32.092485549999999
마라19ab92aa,22,0,0,0,0,,,0,0,
마라19ab92ab,10,0,0,0,0,,,0,0,
마라19ab92ba,18,0,0,0,0,,0.0000000000000000000000000000000,0,0,
마라19ab92bb,4,0,0,0,0,,,0,0,
마라19ab93aa,7,0,0,0,0,,0.0000000000000000000000000000000,0,0,
마라19ab93ab,26,0,0,0,0,,0.0000000000000000000000000000000,0,0,
마라19ab93ba,55,0,0,0,0,,0.0000000000000000000000000000000,0,0,
마라19ab93bb,30,0,0,0,0,,0.0000000000000000000000000000000,0,0,
마라19ab94aa,71,0,0,0,0,,15.0000000000000000000000000000000,0,0,
마라19ab94ab,75,0,0,0,0,,27.0000000000000000000000000000000,0,0,
마라19ab94ba,38,0,0,0,0,,6.0000000000000000000000000000000,0,0,
마라19ab94bb,8,0,0,0,0,,,0,0,30.000000000000000
마라19ab95aa,0,0,0,0,0,,,0,0,
마라19ab95ab,0,0,0,0,0,,,0,0,
마라19ab95ba,0,0,0,0,0,,,0,0,
마라19ab95bb,0,0,0,0,0,,,0,0,
마라19ab96aa,0,0,0,0,0,,,0,0,
마라19ab96ab,0,0,0,0,0,,,0,0,
마라19ab96ba,1,0,0,0,0,,,0,0,
마라19ab96bb,0,0,0,0,0,,,0,0,38.000000000000000
마라19ab97aa,4,0,0,0,0,,0.0000000000000000000000000000000,0,0,
마라19ab97ab,0,0,0,0,0,,,0,0,
마라19ab97ba,0,0,0,0,0,,,0,0,
마라19ab97bb,0,0,0,0,0,,,0,0,
마라19ab98aa,0,0,0,0,0,,,0,0,
마라19ab98ab,0,0,0,0,0,,,0,0,
마라19ab98ba,0,0,0,0,0,,,0,0,
마라19ab98bb,0,0,0,0,0,,,0,0,
마라19ab99aa,0,0,0,0,0,,,0,0,
마라19ab99ab,0,0,0,0,0,,,0,0,
마라19ab99ba,0,0,0,0,0,,,0,0,
마라19ab99bb,0,0,0,0,0,,,0,0,
마라19ba85ba,0,0,0,0,0,,,0,0,
마라19ba85bb,0,0,0,0,0,,,0,0,
마라19ba86aa,0,0,0,0,0,,,0,0,
마라19ba86ab,6,0,0,0,0,,,0,0,
마라19ba86ba,6,0,0,0,0,,299.0000000000000000000000000000000,0,0,
마라19ba86bb,20,4,0,0,0,,655.0000000000000000000000000000000,0,0,86.000000000000000
마라19ba87aa,19,6,0,0,0,,818.0000000000000000000000000000000,0,0,41.000000000000000
마라19ba87ab,13,4,0,1,0,34.000000,898.0000000000000000000000000000000,0,0,
마라19ba87ba,12,2,0,0,0,,548.0000000000000000000000000000000,0,0,49.000000000000000
마라19ba87bb,2,12,0,0,0,,1177.0000000000000000000000000000000,0,0,10.000000000000000
마라19ba88aa,0,0,0,0,0,,,0,0,
마라19ba88ab,0,0,0,0,0,,,0,0,
마라19ba88ba,0,0,0,0,0,,,0,0,
마라19ba88bb,0,0,0,0,0,,,0,0,
마라19ba89aa,0,0,0,0,0,,0.0000000000000000000000000000000,0,0,
마라19ba89ab,0,3,0,0,0,,725.0000000000000000000000000000000,0,0,14.953757230000001
마라19ba89ba,7,9,0,0,0,,1404.0000000000000000000000000000000,0,0,
마라19ba89bb,14,4,0,0,0,,922.0000000000000000000000000000000,0,1,
마라19ba90aa,51,5,1,0,0,,637.0000000000000000000000000000000,0,1,
마라19ba90ab,29,15,0,2,0,80.000000,843.0000000000000000000000000000000,0,0,12.000000000000000
마라19ba90ba,47,6,0,0,0,,910.0000000000000000000000000000000,0,0,
마라19ba90bb,50,1,0,0,0,,308.0000000000000000000000000000000,0,0,18.000000000000000
마라19ba91aa,50,0,0,0,0,,,0,0,
마라19ba91ab,20,0,0,0,0,,,0,0,
마라19ba91ba,16,3,0,0,0,,,0,0,
마라19ba91bb,13,0,0,0,0,,,0,0,
마라19ba92aa,38,0,0,0,0,,0.0000000000000000000000000000000,0,0,
마라19ba92ab,33,0,0,0,0,,,0,0,
마라19ba92ba,14,0,0,0,0,,,0,0,
마라19ba92bb,0,0,0,0,0,,,0,0,
마라19ba93aa,36,0,0,0,0,,0.0000000000000000000000000000000,0,0,
마라19ba93ab,77,0,0,0,0,,0.0000000000000000000000000000000,0,0,
마라19ba93ba,65,0,0,0,0,,14.0000000000000017763568394002505,0,0,
마라19ba93bb,35,0,0,0,0,,6.0000000000000000000000000000000,0,0,
마라19ba94aa,60,0,0,0,0,6.000000,0.0000000000000000000000000000000,0,0,
마라19ba94ab,28,0,0,0,0,,19.0000000000000000000000000000000,0,0,
마라19ba94ba,1,0,0,0,0,,0.0000000000000000000000000000000,0,0,
마라19ba94bb,0,0,0,0,0,,,0,0,
마라19ba95aa,0,0,0,0,0,,,0,0,
마라19ba95ab,0,0,0,0,0,,,0,0,
마라19ba95ba,0,0,0,0,0,,,0,0,
마라19ba95bb,0,0,0,0,0,,,0,0,
마라19ba96aa,0,0,0,0,0,,,0,0,
마라19ba96ab,0,0,0,0,0,,,0,0,
마라19ba96ba,16,0,0,0,0,,0.0000000000000000000000000000000,0,0,
마라19ba96bb,10,0,0,0,0,,,2,0,
마라19ba97aa,0,0,0,0,0,,,0,0,
마라19ba97ab,0,0,0,0,0,,,0,0,
마라19ba97ba,0,0,0,0,0,,,0,0,
마라19ba97bb,0,0,0,0,0,,,0,0,
마라19ba98aa,0,0,0,0,0,,,0,0,
마라19ba98ab,0,0,0,0,0,,,0,0,
마라19ba98ba,0,0,0,0,0,,,0,0,
마라19ba98bb,0,0,0,0,0,,0.0000000000000000000000000000000,0,0,
마라19ba99aa,18,0,0,0,0,,0.0000000000000000000000000000000,0,0,
마라19ba99ab,17,0,0,0,0,,0.0000000000000000000000000000000,0,0,
마라19ba99ba,0,0,0,0,0,,17.0000000000000000000000000000000,0,0,
마라19ba99bb,7,0,0,0,0,,0.0000000000000000000000000000000,0,0,
마라19bb85ba,0,0,0,0,0,,,0,0,
마라19bb85bb,0,0,0,0,0,,,0,0,
마라19bb86aa,0,0,0,0,0,,,0,0,
마라19bb86ab,2,0,0,0,0,,,0,0,
마라19bb86ba,3,2,0,1,0,,265.0000000000000000000000000000000,0,0,
마라19bb86bb,1,12,0,0,0,,2152.0000000000000000000000000000000,0,0,
마라19bb87aa,8,10,0,0,0,,1749.0000000000000000000000000000000,0,0,40.000000000000000
마라19bb87ab,15,5,0,0,0,,805.0000000000000000000000000000000,0,0,20.000000000000000
마라19bb87ba,5,7,0,1,0,,910.0000000000000000000000000000000,0,0,26.573410400000000
마라19bb87bb,10,5,0,0,0,,417.0000000000000000000000000000000,0,0,12.000000000000000
마라19bb88aa,0,0,0,0,0,,0.0000000000000000000000000000000,0,0,
마라19bb88ab,0,0,0,0,0,,,0,0,
마라19bb88ba,0,0,0,0,0,,,0,0,
마라19bb88bb,1,0,0,0,0,,,0,0,
마라19bb89aa,1,0,0,0,0,,6.0000000000000000000000000000000,0,0,
마라19bb89ab,5,7,0,0,0,,1087.0000000000000000000000000000000,0,0,
마라19bb89ba,7,9,0,0,0,,1688.0000000000000000000000000000000,0,0,22.907514450000001
마라19bb89bb,39,4,0,0,0,,910.0000000000000000000000000000000,0,0,68.671531790000003
마라19bb90aa,41,10,5,0,0,,1229.0000000000000000000000000000000,0,0,
마라19bb90ab,23,12,0,0,0,,1457.0000000000000000000000000000000,0,0,9.000000000000000
마라19bb90ba,7,1,0,0,0,,18.0000000000000000000000000000000,0,0,
마라19bb90bb,10,0,0,1,0,,119.0000000000000000000000000000000,0,0,22.125722540000002
마라19bb91aa,1,0,0,0,0,,,0,0,47.000000000000000
마라19bb91ab,0,9,0,0,0,,,0,0,
마라19bb91ba,0,4,0,0,0,,0.0000000000000000000000000000000,0,0,
마라19bb91bb,14,0,0,0,0,,19.9999999999999964472863211994991,11,0,82.589595380000006
마라19bb92aa,15,0,0,0,0,,,0,0,
마라19bb92ab,25,0,0,0,0,,,0,0,
마라19bb92ba,2,0,0,0,0,,16.0000000000000000000000000000000,0,0,
마라19bb92bb,26,1,0,0,0,,6.0000000000000000000000000000000,0,0,
마라19bb93aa,39,0,0,0,0,,7.0000000000000008881784197001252,0,0,
마라19bb93ab,40,0,0,0,0,,0.0000000000000000000000000000000,0,0,
마라19bb93ba,48,0,0,0,0,,0.0000000000000000000000000000000,0,0,20.718930640000000
마라19bb93bb,38,2,0,0,0,,13.0000000000000000000000000000000,0,0,48.189306360000003
마라19bb94aa,23,0,0,0,0,,8.0000000000000000000000000000000,0,0,
마라19bb94ab,36,0,0,0,0,,9.0000000000000000000000000000000,0,0,
마라19bb94ba,0,0,0,0,0,,,0,0,
마라19bb94bb,0,0,0,0,0,,,0,0,
마라19bb95aa,0,0,0,0,0,,,0,0,
마라19bb95ab,0,0,0,0,0,,,0,0,
마라19bb95ba,0,0,0,0,0,,,0,0,
마라19bb95bb,0,0,0,0,0,,,0,0,20.563583820000002
마라19bb96aa,0,0,0,0,0,,,0,0,20.437861269999999
마라19bb96ab,9,0,0,0,0,,0.0000000000000000000000000000000,0,0,20.000000000000000
마라19bb96ba,55,0,0,0,0,,0.0000000000000000000000000000000,0,0,
마라19bb96bb,10,0,0,0,0,,0.0000000000000000000000000000000,0,0,
마라19bb97aa,13,0,0,0,0,,8.0000000000000000000000000000000,0,0,
마라19bb97ab,5,0,0,0,0,,0.0000000000000000000000000000000,0,0,
마라19bb97ba,2,0,0,0,0,,0.0000000000000000000000000000000,0,0,
마라19bb97bb,0,0,0,0,0,,,0,0,
마라19bb98aa,0,0,0,0,0,,,0,0,
마라19bb98ab,0,0,0,0,0,,,0,0,
마라19bb98ba,0,0,0,0,0,,,0,0,
마라19bb98bb,0,0,0,0,0,,,0,0,
마라19bb99aa,12,0,0,0,0,,0.0000000000000000000000000000000,0,0,
마라19bb99ab,21,0,0,0,0,,7.0000000000000008881784197001252,0,0,
마라19bb99ba,16,1,0,0,0,,12.0000000000000000000000000000000,0,0,
마라19bb99bb,4,0,0,0,0,,0.0000000000000000000000000000000,0,0,
마라20aa85ba,0,0,0,0,0,,,0,0,
마라20aa85bb,0,0,0,0,0,,,0,0,
마라20aa86aa,0,0,0,0,0,,,0,0,
마라20aa86ab,1,0,0,0,0,,,0,0,28.804913289999998
마라20aa86ba,6,9,0,0,0,,1425.0000000000000000000000000000000,0,0,
마라20aa86bb,3,6,0,1,0,,807.0000000000000000000000000000000,0,0,29.619942200000001
마라20aa87aa,3,6,0,1,0,,1037.0000000000000000000000000000000,0,0,28.089595379999999
마라20aa87ab,3,7,0,0,0,,1445.0000000000000000000000000000000,0,0,
마라20aa87ba,1,12,0,0,0,,2397.0000000000000000000000000000000,0,0,
마라20aa87bb,7,8,0,0,0,,1092.0000000000000000000000000000000,0,0,
마라20aa88aa,0,0,0,0,0,,0.0000000000000000000000000000000,0,0,
마라20aa88ab,1,0,0,0,0,,,0,0,
마라20aa88ba,0,0,0,0,0,,,0,0,
마라20aa88bb,0,0,0,0,0,,,0,0,
마라20aa89aa,5,0,0,1,0,,37.0000000000000000000000000000000,0,0,
마라20aa89ab,10,2,0,0,0,,107.0000000000000000000000000000000,0,0,
마라20aa89ba,3,2,0,0,0,,34.0000000000000000000000000000000,0,0,
마라20aa89bb,4,0,0,0,0,,71.0000000000000000000000000000000,0,0,8.000000000000000
마라20aa90aa,8,1,0,0,0,,233.0000000000000000000000000000000,0,0,24.874277459999998
마라20aa90ab,7,6,0,0,0,,608.0000000000000000000000000000000,81,0,29.914739879999999
마라20aa90ba,4,4,0,0,0,,406.0000000000000000000000000000000,0,0,
마라20aa90bb,12,0,0,0,0,,271.0000000000000000000000000000000,0,0,21.000000000000000
마라20aa91aa,15,0,0,0,0,,49.0000000000000000000000000000000,0,0,
마라20aa91ab,0,0,0,0,0,,,0,0,
마라20aa91ba,4,0,0,0,0,,0.0000000000000000000000000000000,0,0,12.000000000000000
마라20aa91bb,1,0,0,0,0,,19.0000000000000000000000000000000,0,0,
마라20aa92aa,12,0,0,0,0,,0.0000000000000000000000000000000,0,0,
마라20aa92ab,7,0,0,0,0,,0.0000000000000000000000000000000,0,0,12.000000000000000
마라20aa92ba,17,0,0,0,0,,0.0000000000000000000000000000000,0,0,28.251445090000001
마라20aa92bb,23,0,0,0,0,,11.0000000000000000000000000000000,0,0,
마라20aa93aa,27,2,0,0,0,,0.0000000000000000000000000000000,0,0,
마라20aa93ab,34,0,0,0,0,,0.0000000000000000000000000000000,0,0,
마라20aa93ba,31,0,0,0,0,,7.0000000000000008881784197001252,0,0,8.000000000000000
마라20aa93bb,10,1,0,0,0,,0.0000000000000000000000000000000,0,0,
마라20aa94aa,3,0,0,0,0,,11.0000000000000000000000000000000,0,0,
마라20aa94ab,7,0,0,0,0,,19.0000000000000000000000000000000,0,0,4.059248555000000
마라20aa94ba,0,0,0,0,0,,,0,0,
마라20aa94bb,0,0,0,0,0,,,0,0,
마라20aa95aa,0,0,0,0,0,,,0,0,
마라20aa95ab,0,0,0,0,0,,,0,0,
마라20aa95ba,0,0,0,0,0,,,0,0,
마라20aa95bb,0,0,0,0,0,,,0,0,
마라20aa96aa,1,0,0,0,0,,,0,0,35.125722539999998
마라20aa96ab,15,2,0,0,0,,19.0000000000000000000000000000000,0,0,18.563583820000002
마라20aa96ba,52,0,0,0,0,,9.0000000000000000000000000000000,0,0,
마라20aa96bb,27,0,0,0,0,,9.9999999999999982236431605997495,0,0,
마라20aa97aa,8,0,0,0,0,,6.0000000000000000000000000000000,0,0,
마라20aa97ab,7,0,0,0,0,,0.0000000000000000000000000000000,0,0,
마라20aa97ba,2,0,0,0,0,,0.0000000000000000000000000000000,0,0,
마라20aa97bb,0,0,0,0,0,,,0,0,
마라20aa98aa,0,0,0,0,0,,,0,0,
마라20aa98ab,0,0,0,0,0,,,0,0,
마라20aa98ba,0,0,0,0,0,,,0,0,
마라20aa98bb,0,0,0,0,0,,,0,0,
마라20aa99aa,0,0,0,0,0,,,0,0,
마라20aa99ab,4,0,0,0,0,,0.0000000000000000000000000000000,0,0,
마라20aa99ba,0,0,0,0,0,,19.9999999999999964472863211994991,0,0,
마라20aa99bb,0,0,0,0,0,,,0,0,
마라20ab85ab,0,0,0,0,0,,,0,0,
마라20ab85ba,0,0,0,0,0,,,0,0,
마라20ab85bb,0,0,0,0,0,,,0,0,
마라20ab86aa,0,0,0,0,0,,,0,0,
마라20ab86ab,1,0,0,0,0,,46.0000000000000000000000000000000,0,0,
마라20ab86ba,0,3,0,0,0,,444.0000000000000000000000000000000,0,0,
마라20ab86bb,5,8,0,0,0,,1018.0000000000000000000000000000000,0,0,
마라20ab87aa,6,2,0,0,1,,400.0000000000000000000000000000000,0,2,25.455202310000001
마라20ab87ab,6,0,0,0,0,,324.0000000000000000000000000000000,0,0,
마라20ab87ba,4,0,0,0,0,,104.0000000000000000000000000000000,0,0,
마라20ab87bb,8,3,0,0,0,,0.0000000000000000000000000000000,0,0,
마라20ab88aa,2,2,0,0,0,,0.0000000000000000000000000000000,0,0,17.125722540000002
마라20ab88ab,3,8,0,0,0,,,0,0,
마라20ab88ba,8,5,0,0,0,,0.0000000000000000000000000000000,0,0,14.000000000000000
마라20ab88bb,4,0,0,0,0,,0.0000000000000000000000000000000,0,0,
마라20ab89aa,5,2,0,0,0,,23.0000000000000000000000000000000,0,0,
마라20ab89ab,1,0,0,0,0,,,0,0,
마라20ab89ba,0,0,0,0,0,,,0,0,
마라20ab89bb,0,0,0,0,0,,,0,0,
마라20ab90aa,2,1,0,0,0,,280.0000000000000000000000000000000,0,0,
마라20ab90ab,0,2,0,0,0,,189.0000000000000000000000000000000,0,0,
마라20ab90ba,1,0,0,0,0,,,0,0,
마라20ab90bb,8,0,0,0,0,,152.0000000000000000000000000000000,35,0,
마라20ab91aa,0,0,0,0,0,,,0,0,
마라20ab91ab,1,0,0,0,0,,,0,0,27.000000000000000
마라20ab91ba,0,0,0,0,0,,,0,0,17.907514450000001
마라20ab91bb,0,0,0,0,0,,,0,0,20.033236989999999
마라20ab92aa,16,0,0,0,0,,0.0000000000000000000000000000000,0,0,
마라20ab92ab,8,0,0,0,0,,0.0000000000000000000000000000000,0,0,
마라20ab92ba,22,0,0,0,0,,19.9999999999999964472863211994991,0,0,
마라20ab92bb,17,0,0,0,0,,0.0000000000000000000000000000000,0,0,
마라20ab93aa,1,0,0,0,0,,,0,0,
마라20ab93ab,17,0,0,0,0,,,0,0,
마라20ab93ba,0,0,0,0,0,,,0,0,
마라20ab93bb,11,0,0,0,0,,,0,0,15.000000000000000
마라20ab94aa,11,3,0,0,1,,26.0000000000000000000000000000000,0,0,
마라20ab94ab,7,0,0,0,0,,0.0000000000000000000000000000000,0,0,
마라20ab94ba,1,0,0,0,0,,,0,0,
마라20ab94bb,0,0,0,0,0,,,0,0,
마라20ab95aa,0,0,0,0,0,,,0,0,
마라20ab95ab,0,0,0,0,0,,,0,0,
마라20ab95ba,0,0,0,0,0,,,0,0,
마라20ab95bb,0,0,0,0,0,,,0,0,
마라20ab96aa,23,0,0,0,0,,13.0000000000000000000000000000000,0,0,
마라20ab96ab,34,0,0,0,0,,11.0000000000000000000000000000000,0,0,34.698554909999999
마라20ab96ba,15,0,0,0,0,,19.9999999999999964472863211994991,0,0,
마라20ab96bb,8,0,0,0,0,,6.0000000000000000000000000000000,0,0,
마라20ab97aa,1,0,0,0,0,,0.0000000000000000000000000000000,0,0,
마라20ab97ab,1,0,0,0,0,,,0,0,
마라20ab97ba,0,0,0,0,0,,,0,0,
마라20ab97bb,0,0,0,0,0,,,0,0,
마라20ab98aa,0,0,0,0,0,,,0,0,
마라20ab98ab,4,0,0,0,0,,0.0000000000000000000000000000000,0,0,
마라20ab98ba,6,0,0,0,0,,0.0000000000000000000000000000000,0,0,
마라20ab98bb,24,0,0,0,0,,0.0000000000000000000000000000000,0,0,
마라20ab99aa,5,0,0,0,0,,,0,0,
마라20ab99ab,0,0,0,0,0,,,0,0,
마라20ab99ba,1,0,0,0,0,,,0,0,
마라20ab99bb,0,0,0,0,0,,,0,0,
마라20ba85ab,0,0,0,0,0,,,0,0,
마라20ba85ba,0,0,0,0,0,,,0,0,
마라20ba85bb,0,0,0,0,0,,,0,0,
마라20ba86aa,1,6,0,0,0,,999.0000000000000000000000000000000,0,0,
마라20ba86ab,3,4,0,0,0,,317.0000000000000000000000000000000,0,0,
마라20ba86ba,2,7,0,0,0,,1389.0000000000000000000000000000000,0,0,
마라20ba86bb,8,6,0,1,0,,1322.0000000000000000000000000000000,0,0,
마라20ba87aa,15,0,0,0,0,,90.0000000000000000000000000000000,0,0,23.000000000000000
마라20ba87ab,13,0,0,0,0,,69.0000000000000000000000000000000,0,0,21.093930640000000
마라20ba87ba,1,0,0,1,0,,0.0000000000000000000000000000000,0,0,
마라20ba87bb,2,0,0,0,0,,,0,0,18.000000000000000
마라20ba88aa,1,0,0,0,0,,,0,0,
마라20ba88ab,0,0,0,0,0,,,0,0,
마라20ba88ba,0,0,0,0,0,,,0,0,
마라20ba88bb,0,0,0,0,0,,,129,0,
마라20ba89aa,0,0,0,0,0,,,0,0,
마라20ba89ab,17,0,0,0,0,,,0,0,
마라20ba89ba,12,0,0,0,0,,,0,0,
마라20ba89bb,0,0,0,0,0,,,0,0,
마라20ba90aa,0,0,0,0,0,,,0,0,
마라20ba90ab,0,0,0,0,0,,,0,0,
마라20ba90ba,0,12,0,0,0,,1620.9999999999997726263245567679405,0,0,
마라20ba90bb,17,1,0,0,0,,170.0000000000000000000000000000000,0,0,
마라20ba91aa,2,0,0,0,0,,,0,0,18.907514450000001
마라20ba91ab,1,0,0,0,0,,0.0000000000000000000000000000000,0,0,20.500000000000000
마라20ba91ba,16,0,0,0,0,,24.0000000000000000000000000000000,0,0,17.000000000000000
마라20ba91bb,15,0,0,0,0,,,0,0,
마라20ba92aa,19,0,0,0,0,,0.0000000000000000000000000000000,0,0,8.000000000000000
마라20ba92ab,17,0,0,0,0,,0.0000000000000000000000000000000,0,0,
마라20ba92ba,13,1,0,0,0,,0.0000000000000000000000000000000,0,0,
마라20ba92bb,4,0,0,0,0,,,0,0,
마라20ba93aa,16,0,0,0,0,,0.0000000000000000000000000000000,0,0,
마라20ba93ab,3,0,0,0,0,,,0,0,
마라20ba93ba,0,0,0,0,0,,,0,0,
마라20ba93bb,0,0,0,0,0,,,0,0,
마라20ba94aa,5,1,0,0,0,,0.0000000000000000000000000000000,0,0,
마라20ba94ab,9,0,0,0,0,,0.0000000000000000000000000000000,0,0,
마라20ba94ba,15,0,0,0,0,,12.0000000000000000000000000000000,0,0,
마라20ba94bb,7,0,0,0,0,,11.0000000000000000000000000000000,0,0,
마라20ba95aa,5,0,0,0,0,,,0,0,
마라20ba95ab,0,0,0,0,0,,,0,0,20.000000000000000
마라20ba95ba,11,0,0,0,0,,,0,0,23.000000000000000
마라20ba95bb,43,0,0,0,0,,0.0000000000000000000000000000000,0,0,
마라20ba96aa,30,0,0,0,0,,0.0000000000000000000000000000000,0,0,
마라20ba96ab,21,0,0,0,0,,,0,0,19.907514450000001
마라20ba96ba,6,0,0,0,0,,,0,0,
마라20ba96bb,1,0,0,0,0,,0.0000000000000000000000000000000,0,0,13.718208089999999
마라20ba97aa,0,0,0,0,0,,,0,0,
마라20ba97ab,0,0,0,0,0,,,0,0,
마라20ba97ba,0,0,0,0,0,,,0,0,
마라20ba97bb,1,0,0,0,0,,,0,0,
마라20ba98aa,2,0,0,0,0,,0.0000000000000000000000000000000,0,0,
마라20ba98ab,10,0,0,0,0,,0.0000000000000000000000000000000,0,0,
마라20ba98ba,35,0,0,0,0,,0.0000000000000000000000000000000,0,0,
마라20ba98bb,31,3,8,0,0,,0.0000000000000000000000000000000,0,0,
마라20ba99aa,3,0,0,0,0,,6.0000000000000000000000000000000,0,0,
마라20ba99ab,0,0,0,0,0,,,0,0,
마라20ba99ba,0,0,0,0,0,,,0,0,
마라20ba99bb,0,0,0,0,0,,0.0000000000000000000000000000000,0,0,
마라20bb85ab,0,0,0,0,0,,,0,0,
마라20bb85ba,0,0,0,0,0,,,0,0,
마라20bb85bb,3,0,0,0,0,,0.0000000000000000000000000000000,0,0,
마라20bb86aa,1,11,0,0,0,,1471.0000000000000000000000000000000,0,0,
마라20bb86ab,2,14,0,0,0,,1966.0000000000000000000000000000000,0,0,
마라20bb86ba,11,5,0,1,0,,648.0000000000000000000000000000000,0,0,
마라20bb86bb,2,9,0,0,0,,1689.0000000000000000000000000000000,0,0,
마라20bb87aa,0,5,0,0,0,,780.0000000000000000000000000000000,0,0,
마라20bb87ab,2,4,0,0,0,,0.0000000000000000000000000000000,0,0,
마라20bb87ba,0,0,0,0,0,,,0,0,17.000000000000000
마라20bb87bb,2,0,0,0,0,,,0,0,
마라20bb88aa,1,0,0,0,0,,,0,0,
마라20bb88ab,0,0,0,0,0,,,0,0,
마라20bb88ba,0,0,0,0,0,,,0,0,14.000000000000000
마라20bb88bb,0,0,0,0,0,,,0,0,28.002890170000001
마라20bb89aa,0,0,0,0,0,,,0,0,
마라20bb89ab,15,0,0,0,0,,0.0000000000000000000000000000000,0,0,
마라20bb89ba,3,0,0,0,0,,,0,0,
마라20bb89bb,0,0,0,0,0,,,0,0,
마라20bb90aa,10,0,0,0,0,,16.0000000000000000000000000000000,0,0,
마라20bb90ab,3,0,0,0,0,,7.0000000000000008881784197001252,0,0,
마라20bb90ba,5,0,0,0,0,,,0,0,
마라20bb90bb,40,0,0,0,0,,19.0000000000000000000000000000000,0,0,
마라20bb91aa,18,4,0,0,0,,65.0000000000000000000000000000000,0,0,69.000000000000000
마라20bb91ab,3,4,0,0,0,,446.0000000000000000000000000000000,0,0,
마라20bb91ba,6,2,0,0,0,,0.0000000000000000000000000000000,0,0,20.000000000000000
마라20bb91bb,4,0,0,0,0,,0.0000000000000000000000000000000,0,0,
마라20bb92aa,13,0,0,0,0,,,0,0,
마라20bb92ab,10,0,0,0,0,,0.0000000000000000000000000000000,0,0,
마라20bb92ba,21,0,0,0,0,,,1,0,
마라20bb92bb,16,0,0,0,0,,0.0000000000000000000000000000000,0,0,
마라20bb93aa,11,0,0,0,0,,,0,0,
마라20bb93ab,0,0,0,0,0,,,0,0,
마라20bb93ba,1,0,0,0,0,,,0,0,
마라20bb93bb,13,0,0,0,0,,32.0000000000000000000000000000000,0,0,
마라20bb94aa,3,0,0,0,0,,8.0000000000000000000000000000000,0,0,
마라20bb94ab,11,3,0,0,0,,0.0000000000000000000000000000000,0,0,
마라20bb94ba,23,0,0,0,0,,0.0000000000000000000000000000000,0,0,
마라20bb94bb,32,0,0,0,0,,19.9999999999999964472863211994991,0,0,
마라20bb95aa,9,0,0,0,0,,11.0000000000000000000000000000000,0,0,
마라20bb95ab,5,0,0,0,0,,18.0000000000000000000000000000000,0,0,
마라20bb95ba,76,0,0,0,0,,9.0000000000000000000000000000000,0,0,
마라20bb95bb,33,0,0,0,0,,0.0000000000000000000000000000000,0,0,
마라20bb96aa,6,0,0,0,0,,0.0000000000000000000000000000000,0,0,
마라20bb96ab,6,0,0,0,0,,0.0000000000000000000000000000000,0,0,
마라20bb96ba,3,0,0,0,0,,,0,0,22.092485549999999
마라20bb96bb,0,0,0,0,0,,,0,0,
마라20bb97aa,0,0,0,0,0,,,0,0,
마라20bb97ab,0,0,0,0,0,,,0,0,
마라20bb97ba,0,0,0,0,0,,,0,0,
마라20bb97bb,3,0,0,0,0,,0.0000000000000000000000000000000,0,0,
마라20bb98aa,10,0,0,0,0,,0.0000000000000000000000000000000,0,0,
마라20bb98ab,20,0,0,0,0,,,0,0,
마라20bb98ba,35,0,1,0,0,,0.0000000000000000000000000000000,0,0,
마라20bb98bb,13,0,4,0,0,,24.0000000000000000000000000000000,0,0,
마라20bb99aa,1,0,0,0,0,,6.0000000000000000000000000000000,0,0,
마라20bb99ab,3,0,0,0,0,,0.0000000000000000000000000000000,0,0,
마라20bb99ba,19,0,0,0,0,,0.0000000000000000000000000000000,0,0,
마라20bb99bb,21,0,0,0,0,,8.0000000000000000000000000000000,0,0,
마라21aa85ab,0,0,0,0,0,,,0,0,
마라21aa85ba,0,0,0,0,0,,,0,0,
마라21aa85bb,0,0,0,0,0,,,0,0,
마라21aa86aa,1,7,0,0,0,,1245.0000000000000000000000000000000,0,0,
마라21aa86ab,0,2,0,2,0,,377.0000000000000000000000000000000,0,0,
마라21aa86ba,4,9,0,0,0,,1428.0000000000000000000000000000000,0,0,
마라21aa86bb,2,1,0,0,0,,172.0000000000000000000000000000000,0,0,
마라21aa87aa,0,0,0,0,0,,0.0000000000000000000000000000000,0,0,
마라21aa87ab,0,0,0,0,0,,,0,0,
마라21aa87ba,0,0,0,0,0,,,0,0,
마라21aa87bb,0,0,0,0,0,,,0,0,
마라21aa88aa,1,0,0,0,0,,,0,0,
마라21aa88ab,1,0,0,0,0,,,0,0,
마라21aa88ba,0,0,1,0,0,,,0,0,
마라21aa88bb,0,0,0,0,0,,,0,0,
마라21aa89aa,2,0,0,0,0,,,0,0,
마라21aa89ab,0,0,0,0,0,,,0,0,
마라21aa89ba,0,0,0,0,0,,,0,0,
마라21aa89bb,0,0,0,0,0,,,0,0,
마라21aa90aa,0,0,0,0,0,,0.0000000000000000000000000000000,0,0,
마라21aa90ab,0,0,0,0,0,,,0,0,
마라21aa90ba,0,0,0,0,0,,,0,0,
마라21aa90bb,11,2,0,0,0,,,0,0,
마라21aa91aa,3,0,0,0,0,,,0,0,
마라21aa91ab,2,0,0,0,0,,,0,0,
마라21aa91ba,12,0,0,0,0,,6.0000000000000000000000000000000,0,1,
마라21aa91bb,5,0,0,0,0,,0.0000000000000000000000000000000,0,0,
마라21aa92aa,24,0,0,0,0,,0.0000000000000000000000000000000,0,0,
마라21aa92ab,31,0,0,0,0,,0.0000000000000000000000000000000,0,0,
마라21aa92ba,46,0,0,0,0,,27.0000000000000000000000000000000,0,0,
마라21aa92bb,15,0,0,0,0,,,0,0,
마라21aa93aa,1,0,0,0,0,,,0,0,
마라21aa93ab,3,0,0,0,0,,,0,0,
마라21aa93ba,35,0,0,0,0,,17.0000000000000000000000000000000,0,0,
마라21aa93bb,38,0,0,0,0,,0.0000000000000000000000000000000,0,0,
마라21aa94aa,34,0,0,3,0,11.000000,38.0000000000000000000000000000000,235,0,41.000000000000000
마라21aa94ab,18,0,0,0,0,,15.0000000000000000000000000000000,0,0,18.000000000000000
마라21aa94ba,31,0,0,0,0,,0.0000000000000000000000000000000,0,0,
마라21aa94bb,20,0,0,0,0,,0.0000000000000000000000000000000,0,0,
마라21aa95aa,31,0,0,0,0,,,0,0,30.345375720000000
마라21aa95ab,35,0,0,0,0,,9.9999999999999982236431605997495,0,0,
마라21aa95ba,12,0,0,0,0,,0.0000000000000000000000000000000,0,0,
마라21aa95bb,16,0,0,0,0,,19.9999999999999964472863211994991,0,0,
마라21aa96aa,27,0,0,0,0,,31.0000000000000000000000000000000,0,0,
마라21aa96ab,0,0,0,0,0,,,0,0,
마라21aa96ba,0,0,0,0,0,,,0,0,
마라21aa96bb,0,0,0,0,0,,,0,0,
마라21aa97aa,0,0,0,0,0,,,0,0,
마라21aa97ab,0,0,0,0,0,,,0,0,
마라21aa97ba,5,0,0,0,0,,,0,0,
마라21aa97bb,11,0,0,0,0,,,0,0,
마라21aa98aa,0,0,0,0,0,,,0,0,
마라21aa98ab,6,0,0,0,0,,,0,0,
마라21aa98ba,17,0,0,0,0,,14.0000000000000017763568394002505,0,0,
마라21aa98bb,8,0,1,0,0,,21.0000000000000000000000000000000,0,0,
마라21aa99aa,2,0,0,0,0,,,0,0,
마라21aa99ab,2,0,0,0,0,,0.0000000000000000000000000000000,0,0,
마라21aa99ba,21,0,0,0,0,,6.0000000000000000000000000000000,0,0,
마라21aa99bb,68,0,0,0,0,,19.0000000000000000000000000000000,0,0,
마라21ab85ab,0,0,0,0,0,,,0,0,
마라21ab85ba,0,0,0,0,0,,,0,0,
마라21ab85bb,0,0,0,0,0,,,0,0,
마라21ab86aa,0,0,0,0,0,,,0,0,
마라21ab86ab,1,0,0,0,0,,13.0000000000000000000000000000000,259,0,
마라21ab86ba,3,0,0,0,0,,38.0000000000000000000000000000000,0,0,
마라21ab86bb,0,0,0,0,0,,0.0000000000000000000000000000000,0,0,
마라21ab87aa,0,0,0,0,0,,,0,0,
마라21ab87ab,0,0,0,0,0,,,0,0,
마라21ab87ba,6,0,0,0,0,,,0,0,
마라21ab87bb,0,0,0,0,0,,,0,0,
마라21ab88aa,0,0,0,0,0,,,0,0,
마라21ab88ab,5,0,0,0,0,,,0,0,
마라21ab88ba,2,0,0,0,0,,,0,0,
마라21ab88bb,0,0,0,0,0,,,0,0,
마라21ab89aa,0,0,0,0,0,,,0,0,
마라21ab89ab,0,0,0,0,0,,,0,0,
마라21ab89ba,1,0,0,0,0,,,0,0,
마라21ab89bb,13,0,0,0,0,,,0,0,49.272254340000003
마라21ab90aa,14,0,0,0,0,,,0,0,
마라21ab90ab,1,0,0,0,0,,,0,0,
마라21ab90ba,13,0,0,0,0,,0.0000000000000000000000000000000,0,0,
마라21ab90bb,0,0,0,0,0,,,0,0,
마라21ab91aa,0,0,0,0,0,,,0,0,
마라21ab91ab,0,0,0,0,0,,,0,0,
마라21ab91ba,4,0,0,0,0,,,1,0,
마라21ab91bb,14,0,0,0,0,,0.0000000000000000000000000000000,0,4,18.000000000000000
마라21ab92aa,19,0,0,0,0,,28.0000000000000035527136788005009,0,0,
마라21ab92ab,18,0,0,0,0,,42.0000000000000000000000000000000,0,0,
마라21ab92ba,13,0,0,0,0,,8.0000000000000000000000000000000,0,0,
마라21ab92bb,0,0,0,0,0,,0.0000000000000000000000000000000,0,0,8.000000000000000
마라21ab93aa,0,0,0,0,0,,,0,0,
마라21ab93ab,5,0,0,0,0,,0.0000000000000000000000000000000,0,0,
마라21ab93ba,26,1,0,0,0,,255.0000000000000000000000000000000,0,0,
마라21ab93bb,2,3,0,0,0,,656.0000000000000000000000000000000,0,0,35.581791910000000
마라21ab94aa,1,2,0,0,0,,405.0000000000000000000000000000000,0,0,
마라21ab94ab,0,1,0,0,0,,218.0000000000000000000000000000000,0,0,26.953757230000001
마라21ab94ba,2,0,0,0,0,,0.0000000000000000000000000000000,0,0,22.000000000000000
마라21ab94bb,2,0,0,0,0,,9.0000000000000000000000000000000,0,0,
마라21ab95aa,20,0,0,0,0,,,0,0,7.391618497000000
마라21ab95ab,12,0,0,0,0,,0.0000000000000000000000000000000,0,0,13.907514450000001
마라21ab95ba,0,0,0,0,0,,0.0000000000000000000000000000000,0,0,
마라21ab95bb,8,0,0,0,0,,11.0000000000000000000000000000000,0,0,15.000000000000000
마라21ab96aa,5,0,0,0,0,,8.0000000000000000000000000000000,0,0,
마라21ab96ab,1,0,0,0,0,,,0,0,
마라21ab96ba,0,0,0,0,0,,,0,0,
마라21ab96bb,0,0,0,0,0,,,0,0,
마라21ab97aa,1,0,0,0,0,,,0,0,
마라21ab97ab,0,0,0,0,0,,,0,0,
마라21ab97ba,0,0,0,0,0,,,0,0,
마라21ab97bb,0,0,0,0,0,,,0,0,
마라21ab98aa,0,0,0,0,0,,0.0000000000000000000000000000000,0,0,
마라21ab98ab,1,0,0,0,0,,0.0000000000000000000000000000000,0,0,
마라21ab98ba,13,0,0,0,0,,13.0000000000000000000000000000000,0,0,
마라21ab98bb,19,0,2,0,0,,15.0000000000000000000000000000000,8,0,
마라21ab99aa,8,0,0,0,0,,7.0000000000000008881784197001252,0,0,15.562138729999999
마라21ab99ab,55,0,5,0,0,,13.0000000000000000000000000000000,0,0,35.000000000000000
마라21ab99ba,69,0,0,0,0,,12.0000000000000000000000000000000,0,0,
마라21ab99bb,61,0,0,0,0,,14.0000000000000017763568394002505,0,0,
마라21ba85ba,0,0,0,0,0,,,0,0,
마라21ba85bb,0,0,0,0,0,,,0,0,
마라21ba86aa,0,0,0,0,0,,,0,0,
마라21ba86ab,0,0,0,0,0,,,0,0,
마라21ba86ba,0,0,0,0,0,,,0,0,
마라21ba86bb,0,0,0,0,0,,,0,0,
마라21ba87aa,0,0,0,0,0,,,0,0,
마라21ba87ab,0,0,0,0,0,,,0,0,
마라21ba87ba,9,0,0,0,0,,19.0000000000000000000000000000000,0,0,
마라21ba87bb,3,0,0,0,0,,,0,0,
마라21ba88aa,0,0,0,0,0,,,0,0,
마라21ba88ab,6,0,0,0,0,,,0,0,
마라21ba88ba,10,0,0,0,0,,,0,5,
마라21ba88bb,1,0,0,0,0,,,0,0,
마라21ba89aa,3,0,0,0,0,,6.0000000000000000000000000000000,0,0,77.376734099999993
마라21ba89ab,8,0,0,0,0,,0.0000000000000000000000000000000,0,0,
마라21ba89ba,1,0,0,0,0,,0.0000000000000000000000000000000,0,0,
마라21ba89bb,0,0,0,0,0,,,0,0,
마라21ba90aa,27,0,0,0,0,,12.0000000000000000000000000000000,0,0,
마라21ba90ab,15,0,0,0,0,,28.0000000000000035527136788005009,14,0,29.000000000000000
마라21ba90ba,6,0,0,0,0,,0.0000000000000000000000000000000,0,0,
마라21ba90bb,7,0,0,0,0,,0.0000000000000000000000000000000,0,0,
마라21ba91aa,1,0,0,0,0,,,0,0,
마라21ba91ab,0,0,0,0,0,,,0,0,
마라21ba91ba,34,1,0,0,0,,0.0000000000000000000000000000000,0,0,
마라21ba91bb,12,0,0,0,0,,0.0000000000000000000000000000000,0,0,
마라21ba92aa,22,0,0,0,0,,19.0000000000000000000000000000000,0,0,
마라21ba92ab,0,0,0,0,0,,,0,0,
마라21ba92ba,5,0,0,0,0,,,0,0,32.000000000000000
마라21ba92bb,10,0,0,0,0,,,0,0,
마라21ba93aa,19,0,0,0,0,,0.0000000000000000000000000000000,0,0,
마라21ba93ab,37,0,0,0,0,,29.0000000000000000000000000000000,0,0,
마라21ba93ba,12,6,0,0,0,,981.0000000000000000000000000000000,0,0,
마라21ba93bb,10,7,0,0,0,,1560.0000000000000000000000000000000,0,0,13.092485549999999
마라21ba94aa,2,13,0,0,0,,2652.0000000000000000000000000000000,0,0,18.000000000000000
마라21ba94ab,4,3,0,0,0,,506.0000000000000000000000000000000,0,0,
마라21ba94ba,4,0,0,0,0,,0.0000000000000000000000000000000,0,0,
마라21ba94bb,28,0,0,0,0,,0.0000000000000000000000000000000,0,0,
마라21ba95aa,17,0,0,0,0,,18.0000000000000000000000000000000,0,0,
마라21ba95ab,38,0,0,0,0,,7.0000000000000008881784197001252,0,0,
마라21ba95ba,9,0,0,0,0,,8.0000000000000000000000000000000,0,0,
마라21ba95bb,24,0,0,0,0,,15.0000000000000000000000000000000,0,0,
마라21ba96aa,7,0,0,0,0,,,0,0,
마라21ba96ab,0,0,0,0,0,,,0,0,
마라21ba96ba,0,0,0,0,0,,,0,0,
마라21ba96bb,0,0,0,0,0,,,0,0,
마라21ba97aa,0,0,0,0,0,,,0,0,
마라21ba97ab,0,0,0,0,0,,,0,0,
마라21ba97ba,0,0,0,0,0,,,0,0,
마라21ba97bb,0,0,0,0,0,,,0,0,
마라21ba98aa,4,0,0,0,0,,,0,0,
마라21ba98ab,33,0,0,0,0,,0.0000000000000000000000000000000,0,0,
마라21ba98ba,21,0,3,0,0,,0.0000000000000000000000000000000,0,0,
마라21ba98bb,48,0,0,0,0,,46.0000000000000000000000000000000,0,0,
마라21ba99aa,9,0,0,0,0,,17.0000000000000000000000000000000,0,0,
마라21ba99ab,2,0,0,0,0,,,0,0,
마라21ba99ba,0,0,0,0,0,,,0,0,
마라21ba99bb,0,0,0,0,0,,,0,0,
마라21bb85ba,0,0,0,0,0,,,0,0,
마라21bb85bb,0,0,0,0,0,,,0,0,
마라21bb86aa,0,0,0,0,0,,,0,0,
마라21bb86ab,0,0,0,0,0,,,0,0,
마라21bb86ba,0,0,0,0,0,,,0,0,
마라21bb86bb,0,0,0,0,0,,,0,0,
마라21bb87aa,0,0,0,0,0,,,0,0,
마라21bb87ab,0,0,0,0,0,,,0,0,
마라21bb87ba,4,0,0,0,0,,0.0000000000000000000000000000000,0,0,29.543352599999999
마라21bb87bb,6,0,0,0,0,,18.0000000000000000000000000000000,0,0,
마라21bb88aa,0,0,0,0,0,,,0,0,
마라21bb88ab,0,0,0,0,0,,,0,0,
마라21bb88ba,0,0,0,0,0,,,0,0,
마라21bb88bb,0,0,0,0,0,,,0,0,
마라21bb89aa,14,0,0,0,0,,11.0000000000000000000000000000000,0,0,
마라21bb89ab,10,0,0,0,0,,14.0000000000000017763568394002505,0,0,
마라21bb89ba,0,0,0,0,0,,9.0000000000000000000000000000000,0,0,
마라21bb89bb,1,0,0,0,0,,0.0000000000000000000000000000000,0,0,
마라21bb90aa,2,0,0,0,0,,23.0000000000000000000000000000000,0,0,
마라21bb90ab,2,0,0,0,0,,14.0000000000000017763568394002505,0,0,
마라21bb90ba,35,1,0,0,0,,7.0000000000000008881784197001252,0,0,
마라21bb90bb,21,0,0,0,0,,,0,0,
마라21bb91aa,7,1,0,0,0,,,0,0,
마라21bb91ab,11,0,0,0,0,,,0,0,
마라21bb91ba,0,0,0,0,0,,,0,0,7.000000000000000
마라21bb91bb,2,0,0,0,0,,,0,0,28.099710980000001
마라21bb92aa,9,3,0,0,0,,6.0000000000000000000000000000000,0,0,41.085982659999999
마라21bb92ab,1,0,0,0,0,,0.0000000000000000000000000000000,0,0,
마라21bb92ba,1,0,0,0,0,,,0,0,
마라21bb92bb,18,1,0,0,0,,,0,0,
마라21bb93aa,12,2,0,0,0,,0.0000000000000000000000000000000,0,0,
마라21bb93ab,2,0,0,0,0,,0.0000000000000000000000000000000,0,0,17.000000000000000
마라21bb93ba,12,0,0,0,0,,56.0000000000000071054273576010019,0,0,
마라21bb93bb,16,0,0,1,0,,23.0000000000000000000000000000000,0,0,15.000000000000000
마라21bb94aa,8,0,1,0,0,,0.0000000000000000000000000000000,0,0,
마라21bb94ab,39,0,0,0,0,,11.0000000000000000000000000000000,0,0,16.718208090000001
마라21bb94ba,9,0,0,0,0,,12.0000000000000000000000000000000,0,0,
마라21bb94bb,7,0,0,0,0,,0.0000000000000000000000000000000,0,0,
마라21bb95aa,8,0,0,0,0,,0.0000000000000000000000000000000,0,0,
마라21bb95ab,41,0,0,0,0,,0.0000000000000000000000000000000,0,0,
마라21bb95ba,14,0,0,0,0,,,0,0,13.092485549999999
마라21bb95bb,49,0,0,0,0,,16.0000000000000000000000000000000,0,0,
마라21bb96aa,6,0,0,0,0,,,0,0,
마라21bb96ab,0,0,0,0,0,,,4,0,
마라21bb96ba,0,0,0,0,0,,,0,0,
마라21bb96bb,0,0,0,0,0,,,0,0,
마라21bb97aa,0,0,0,0,0,,,0,0,
마라21bb97ab,0,0,0,0,0,,,0,0,
마라21bb97ba,0,0,0,0,0,,,0,0,
마라21bb97bb,0,0,0,0,0,,,0,0,
마라21bb98aa,33,0,0,0,0,,,0,0,
마라21bb98ab,32,0,0,0,0,,0.0000000000000000000000000000000,0,0,
마라21bb98ba,33,0,6,0,0,,0.0000000000000000000000000000000,0,0,
마라21bb98bb,26,0,0,0,0,,17.0000000000000000000000000000000,0,0,
마라21bb99aa,10,0,0,0,0,,0.0000000000000000000000000000000,0,0,
마라21bb99ab,0,0,0,0,0,,,0,0,
마라21bb99ba,4,0,0,0,0,,0.0000000000000000000000000000000,0,0,
마라21bb99bb,1,0,0,0,0,,,0,0,
마라22aa85ba,0,0,0,0,0,,,0,0,
마라22aa85bb,0,0,0,0,0,,,0,0,
마라22aa86aa,0,0,0,0,0,,,0,0,
마라22aa86ab,0,0,0,0,0,,,0,0,
마라22aa86ba,0,0,0,0,0,,,0,0,
마라22aa86bb,0,0,0,0,0,,,0,0,
마라22aa87aa,0,0,0,0,0,,,0,0,
마라22aa87ab,0,0,0,0,0,,,0,0,
마라22aa87ba,2,0,0,0,0,,0.0000000000000000000000000000000,0,0,
마라22aa87bb,7,0,0,0,0,,0.0000000000000000000000000000000,0,0,
마라22aa88aa,0,0,0,0,0,,,0,0,
마라22aa88ab,0,0,0,0,0,,,0,0,
마라22aa88ba,5,0,0,0,0,,6.0000000000000000000000000000000,0,0,
마라22aa88bb,2,0,0,0,0,,,0,0,
마라22aa89aa,4,0,0,0,0,,0.0000000000000000000000000000000,0,0,
마라22aa89ab,55,1,0,0,0,,9.9999999999999982236431605997495,0,0,
마라22aa89ba,57,1,0,0,0,,55.0000000000000000000000000000000,0,0,36.320809250000003
마라22aa89bb,20,0,0,0,0,,83.0000000000000000000000000000000,0,0,21.066473989999999
마라22aa90aa,0,0,0,0,0,,,0,0,
마라22aa90ab,8,0,0,0,0,,,0,0,
마라22aa90ba,7,0,0,0,0,,19.0000000000000000000000000000000,0,0,
마라22aa90bb,20,0,1,0,0,,15.0000000000000000000000000000000,0,0,
마라22aa91aa,14,0,0,0,0,,,0,0,
마라22aa91ab,30,0,0,0,0,,0.0000000000000000000000000000000,0,0,
마라22aa91ba,15,0,0,0,0,,,0,0,
마라22aa91bb,0,0,0,0,0,,,0,0,84.283959539999998
마라22aa92aa,0,0,0,0,0,,,0,0,
마라22aa92ab,1,0,0,0,0,,,0,0,
마라22aa92ba,1,0,0,0,0,,,0,0,
마라22aa92bb,0,0,0,0,0,,,0,0,
마라22aa93aa,2,0,0,0,0,,11.0000000000000000000000000000000,0,0,
마라22aa93ab,3,2,0,0,0,,22.0000000000000000000000000000000,0,0,
마라22aa93ba,20,0,0,0,0,,0.0000000000000000000000000000000,0,0,12.656069360000000
마라22aa93bb,8,0,0,0,0,,32.0000000000000000000000000000000,0,0,
마라22aa94aa,6,0,0,0,0,,53.0000000000000000000000000000000,0,0,
마라22aa94ab,39,0,0,0,0,,21.0000000000000000000000000000000,0,0,
마라22aa94ba,7,0,0,0,0,,7.0000000000000008881784197001252,0,0,
마라22aa94bb,0,0,0,0,0,,,0,0,
마라22aa95aa,2,0,0,0,0,,,0,0,
마라22aa95ab,26,0,0,0,0,,0.0000000000000000000000000000000,0,0,
마라22aa95ba,0,0,0,0,0,,,0,0,
마라22aa95bb,6,0,0,0,0,,8.0000000000000000000000000000000,0,0,
마라22aa96aa,10,0,0,0,0,,14.0000000000000017763568394002505,0,0,
마라22aa96ab,15,0,0,0,0,,0.0000000000000000000000000000000,0,0,
마라22aa96ba,4,0,0,0,0,,,0,0,
마라22aa96bb,0,0,0,0,0,,,0,0,
마라22aa97aa,0,0,0,0,0,,,0,0,
마라22aa97ab,0,0,0,0,0,,,0,0,
마라22aa97ba,5,0,0,0,0,,,0,0,
마라22aa97bb,11,0,0,0,0,,0.0000000000000000000000000000000,0,0,
마라22aa98aa,18,0,0,0,0,,0.0000000000000000000000000000000,0,0,
마라22aa98ab,23,0,1,0,0,,8.0000000000000000000000000000000,0,0,
마라22aa98ba,31,0,3,0,0,,7.0000000000000008881784197001252,0,0,
마라22aa98bb,21,0,0,0,0,,19.0000000000000000000000000000000,0,0,
마라22aa99aa,0,0,0,0,0,,0.0000000000000000000000000000000,0,0,
마라22aa99ab,0,0,0,0,0,,,0,0,
마라22aa99ba,3,0,0,0,0,,,0,0,
마라22aa99bb,20,0,0,0,0,,0.0000000000000000000000000000000,0,0,
마라22ab85ba,0,0,0,0,0,,,0,0,
마라22ab85bb,0,0,0,0,0,,,0,0,
마라22ab86aa,0,0,0,0,0,,,0,0,
마라22ab86ab,0,0,0,0,0,,,0,0,
마라22ab86ba,0,0,0,0,0,,,0,0,
마라22ab86bb,0,0,0,0,0,,,0,0,
마라22ab87aa,0,0,0,0,0,,,0,0,
마라22ab87ab,0,0,0,0,0,,0.0000000000000000000000000000000,5,0,
마라22ab87ba,0,0,0,0,0,,0.0000000000000000000000000000000,0,0,
마라22ab87bb,2,0,0,0,0,,,0,0,
마라22ab88aa,0,0,0,0,0,,,0,0,
마라22ab88ab,1,0,0,0,0,,,0,0,
마라22ab88ba,2,0,0,0,0,,0.0000000000000000000000000000000,0,0,
마라22ab88bb,0,0,0,0,0,,,4,0,
마라22ab89aa,1,0,0,0,0,,,0,0,
마라22ab89ab,1,0,0,0,0,,,0,0,
마라22ab89ba,34,2,0,0,0,,7.0000000000000008881784197001252,0,0,61.324421970000003
마라22ab89bb,77,1,0,0,0,,34.0000000000000000000000000000000,0,0,
마라22ab90aa,23,0,0,0,0,,33.0000000000000000000000000000000,0,0,
마라22ab90ab,5,0,0,0,0,,,0,0,
마라22ab90ba,0,0,0,0,0,,,0,0,
마라22ab90bb,1,0,0,0,0,,0.0000000000000000000000000000000,0,0,
마라22ab91aa,18,3,0,0,0,,9.9999999999999982236431605997495,0,0,
마라22ab91ab,15,2,0,0,0,,0.0000000000000000000000000000000,0,0,
마라22ab91ba,18,1,0,0,0,,0.0000000000000000000000000000000,0,0,
마라22ab91bb,6,0,0,0,0,,0.0000000000000000000000000000000,0,0,
마라22ab92aa,5,0,0,0,0,,,0,0,
마라22ab92ab,4,0,0,0,0,,0.0000000000000000000000000000000,0,0,
마라22ab92ba,6,0,0,0,0,,0.0000000000000000000000000000000,0,0,28.000000000000000
마라22ab92bb,10,0,0,0,0,,75.0000000000000000000000000000000,0,0,24.000000000000000
마라22ab93aa,4,0,0,0,0,,78.0000000000000000000000000000000,0,0,
마라22ab93ab,15,0,0,0,0,,25.0000000000000000000000000000000,0,0,18.500000000000000
마라22ab93ba,15,9,0,0,0,,958.0000000000000000000000000000000,0,0,20.562138730000001
마라22ab93bb,2,0,0,1,0,,11.0000000000000000000000000000000,0,0,
마라22ab94aa,15,5,0,1,0,,970.0000000000000000000000000000000,0,0,
마라22ab94ab,0,4,0,0,0,,739.0000000000000000000000000000000,0,0,
마라22ab94ba,0,0,0,0,0,,0.0000000000000000000000000000000,74,0,
마라22ab94bb,0,0,0,0,0,,,0,0,
마라22ab95aa,1,0,0,0,0,,,0,0,
마라22ab95ab,58,0,0,0,0,,0.0000000000000000000000000000000,0,0,
마라22ab95ba,5,0,0,0,0,,,0,0,
마라22ab95bb,8,0,0,0,0,,6.0000000000000000000000000000000,0,0,
마라22ab96aa,0,0,0,0,0,,0.0000000000000000000000000000000,0,0,
마라22ab96ab,24,0,0,0,0,,0.0000000000000000000000000000000,0,0,
마라22ab96ba,18,0,0,0,0,,12.0000000000000000000000000000000,0,0,
마라22ab96bb,0,0,0,0,0,,,0,0,
마라22ab97aa,0,0,0,0,0,,,0,0,
마라22ab97ab,1,0,0,0,0,,,0,0,
마라22ab97ba,0,0,0,0,0,,,0,0,
마라22ab97bb,6,0,0,0,0,,,0,0,
마라22ab98aa,0,0,0,0,0,,,0,0,
마라22ab98ab,10,0,0,0,0,,0.0000000000000000000000000000000,0,0,
마라22ab98ba,3,0,1,0,0,,0.0000000000000000000000000000000,0,0,
마라22ab98bb,0,0,0,0,0,,,0,0,
마라22ab99aa,0,0,0,0,0,,,0,0,
마라22ab99ab,0,0,0,0,0,,,0,0,
마라22ab99ba,0,0,0,0,0,,,0,0,
마라22ab99bb,0,0,0,0,0,,,0,0,
마라22ba86aa,0,0,0,0,0,,,0,0,
마라22ba86ab,0,0,0,0,0,,,0,0,
마라22ba86ba,0,0,0,0,0,,,0,0,
마라22ba86bb,0,0,0,0,0,,,0,0,
마라22ba87aa,0,0,0,0,0,,,0,0,
마라22ba87ab,1,0,0,0,0,,9.9999999999999982236431605997495,0,0,
마라22ba87ba,3,0,0,0,0,,26.0000000000000000000000000000000,0,0,
마라22ba87bb,0,0,0,0,0,,,0,0,
마라22ba88aa,0,0,0,0,0,,,0,0,
마라22ba88ab,1,0,0,0,0,,,0,0,
마라22ba88ba,1,0,0,0,0,,,0,0,
마라22ba88bb,0,0,0,0,0,,0.0000000000000000000000000000000,0,0,
마라22ba89aa,0,0,0,0,0,,,0,0,
마라22ba89ab,0,0,0,0,0,,,0,0,
마라22ba89ba,0,0,0,0,0,,,0,0,
마라22ba89bb,32,0,0,0,0,,12.0000000000000000000000000000000,0,0,
마라22ba90aa,70,1,0,0,0,,38.0000000000000000000000000000000,0,0,
마라22ba90ab,12,0,0,0,0,,7.0000000000000008881784197001252,0,0,20.000000000000000
마라22ba90ba,0,0,0,0,0,,,0,0,
마라22ba90bb,0,0,0,0,0,,0.0000000000000000000000000000000,0,0,
마라22ba91aa,1,0,0,0,0,,0.0000000000000000000000000000000,0,0,
마라22ba91ab,17,3,0,0,0,,19.9999999999999964472863211994991,0,0,
마라22ba91ba,2,1,0,0,0,,,0,0,
마라22ba91bb,1,0,0,0,0,,,80,0,
마라22ba92aa,4,4,0,0,0,,0.0000000000000000000000000000000,0,0,
마라22ba92ab,4,1,0,0,0,,,0,0,
마라22ba92ba,21,0,0,0,0,,12.0000000000000000000000000000000,0,0,14.000000000000000
마라22ba92bb,11,3,0,0,0,,78.0000000000000000000000000000000,0,0,10.000000000000000
마라22ba93aa,7,0,0,0,0,,28.0000000000000035527136788005009,0,0,
마라22ba93ab,5,8,0,0,0,,1258.0000000000000000000000000000000,0,0,38.942196529999997
마라22ba93ba,12,20,0,0,0,,2789.0000000000000000000000000000000,0,0,
마라22ba93bb,5,14,0,0,0,,2009.0000000000000000000000000000000,0,0,
마라22ba94aa,1,0,0,0,0,,,0,0,
마라22ba94ab,1,0,0,0,0,,,0,0,
마라22ba94ba,0,0,0,0,0,,,0,0,
마라22ba94bb,0,0,0,0,0,,,0,0,
마라22ba95aa,3,0,0,0,0,,,0,0,
마라22ba95ab,9,0,0,0,0,,,0,0,
마라22ba95ba,0,0,0,0,0,,0.0000000000000000000000000000000,0,0,
마라22ba95bb,0,0,0,0,0,,,0,0,
마라22ba96aa,0,0,0,0,0,,,0,0,
마라22ba96ab,0,0,0,0,0,,,0,0,
마라22ba96ba,1,0,0,0,0,,7.0000000000000008881784197001252,0,0,
마라22ba96bb,0,0,0,0,0,,,0,0,
마라22ba97aa,0,0,0,0,0,,,0,0,
마라22ba97ab,0,0,0,0,0,,,0,0,
마라22ba97ba,0,0,0,0,0,,,0,0,
마라22ba97bb,0,0,0,0,0,,,0,0,
마라22ba98aa,0,0,0,0,0,,,0,0,
마라22ba98ab,0,0,0,0,0,,,0,0,
마라22ba98ba,3,0,0,0,0,,,0,0,
마라22ba98bb,0,0,0,0,0,,,0,0,
마라22ba99aa,0,0,0,0,0,,,0,0,
마라22ba99ab,0,0,0,0,0,,,0,0,
마라22ba99ba,0,0,0,0,0,,,0,0,
마라22ba99bb,2,0,0,0,0,,,0,0,
마라22bb86ab,0,0,0,0,0,,,0,0,
마라22bb86ba,0,0,0,0,0,,,0,0,
마라22bb86bb,0,0,0,0,0,,,0,0,
마라22bb87aa,0,0,0,0,0,,,0,0,
마라22bb87ab,0,0,0,0,0,,0.0000000000000000000000000000000,0,0,
마라22bb87ba,5,0,0,0,0,,42.0000000000000000000000000000000,0,0,
마라22bb87bb,0,0,0,0,0,,,0,0,
마라22bb88aa,1,0,0,0,0,,,0,0,
마라22bb88ab,0,0,0,0,0,,0.0000000000000000000000000000000,0,0,
마라22bb88ba,2,0,0,0,0,,0.0000000000000000000000000000000,0,0,
마라22bb88bb,0,0,0,0,0,,0.0000000000000000000000000000000,0,0,
마라22bb89aa,1,0,0,0,0,,,0,0,
마라22bb89ab,0,0,0,0,0,,,0,0,
마라22bb89ba,0,0,0,0,0,,,0,0,
마라22bb89bb,1,0,0,0,0,,,0,0,
마라22bb90aa,5,1,0,0,0,,0.0000000000000000000000000000000,0,0,
마라22bb90ab,30,0,0,0,0,,14.0000000000000017763568394002505,0,0,78.112716759999998
마라22bb90ba,39,2,0,0,0,,43.0000000000000000000000000000000,0,0,
마라22bb90bb,14,1,0,0,0,,92.0000000000000000000000000000000,0,0,
마라22bb91aa,57,0,0,0,0,,81.0000000000000000000000000000000,0,0,6.663005780000000
마라22bb91ab,71,0,0,0,0,,91.0000000000000000000000000000000,0,0,40.469653180000002
마라22bb91ba,17,0,0,0,0,,9.9999999999999982236431605997495,0,0,24.618497110000000
마라22bb91bb,0,0,0,0,0,,,0,0,71.960982659999999
마라22bb92aa,0,0,0,0,0,,7.0000000000000008881784197001252,0,0,
마라22bb92ab,0,0,0,0,0,,,0,0,
마라22bb92ba,58,1,0,0,0,,159.9999999999999715782905695959926,0,0,
마라22bb92bb,24,4,0,0,0,,144.0000000000000000000000000000000,0,0,
마라22bb93aa,17,0,0,0,0,,0.0000000000000000000000000000000,0,0,
마라22bb93ab,1,0,0,0,0,,221.0000000000000000000000000000000,0,2,
마라22bb93ba,27,15,0,0,0,,1250.0000000000000000000000000000000,0,0,
마라22bb93bb,36,6,0,0,0,,864.0000000000000000000000000000000,0,0,
마라22bb94aa,0,6,0,0,0,,459.0000000000000000000000000000000,0,0,
마라22bb94ab,0,0,0,0,0,,0.0000000000000000000000000000000,0,0,
마라22bb94ba,0,0,0,0,0,,,0,0,
마라22bb94bb,0,0,0,0,0,,,0,0,
마라22bb95aa,0,0,0,0,0,,,0,0,
마라22bb95ab,0,0,0,0,0,,,0,0,
마라22bb95ba,0,0,0,0,0,,,0,0,
마라22bb95bb,0,0,0,0,0,,,0,0,
마라22bb96aa,0,0,0,0,0,,,0,0,
마라22bb96ab,0,0,0,0,0,,,0,0,
마라22bb96ba,0,0,0,0,0,,,0,0,
마라22bb96bb,0,0,0,0,0,,,0,0,
마라22bb97aa,0,0,0,0,0,,,0,0,
마라22bb97ab,0,0,0,0,0,,,0,0,
마라22bb97ba,0,0,0,0,0,,,0,0,
마라22bb97bb,0,0,0,0,0,,,0,0,
마라22bb98aa,7,0,0,0,0,,0.0000000000000000000000000000000,0,0,
마라22bb98ab,1,0,0,0,0,,,0,0,
마라22bb98ba,10,0,0,0,0,,0.0000000000000000000000000000000,0,0,
마라22bb98bb,3,0,0,0,0,,0.0000000000000000000000000000000,0,0,35.437861269999999
마라22bb99aa,0,0,0,0,0,,,0,0,
마라22bb99ab,0,0,0,0,0,,,0,0,
마라22bb99ba,21,0,0,0,0,,0.0000000000000000000000000000000,0,0,
마라22bb99bb,21,0,0,0,0,,,0,0,
마라23aa86ab,0,0,0,0,0,,,0,0,
마라23aa86ba,0,0,0,0,0,,,0,0,
마라23aa86bb,0,0,0,0,0,,,0,0,
마라23aa87aa,1,0,0,0,0,,,0,0,
마라23aa87ab,2,0,0,0,0,,0.0000000000000000000000000000000,0,0,
마라23aa87ba,5,0,0,0,0,,8.0000000000000000000000000000000,0,0,
마라23aa87bb,0,0,0,0,0,,,0,0,
마라23aa88aa,0,0,0,0,0,,0.0000000000000000000000000000000,0,0,
마라23aa88ab,5,0,0,0,0,,6.0000000000000000000000000000000,0,0,
마라23aa88ba,3,1,0,0,0,,9.9999999999999982236431605997495,0,0,
마라23aa88bb,0,0,0,0,0,,,0,0,
마라23aa89aa,0,0,0,0,0,,,0,0,
마라23aa89ab,2,0,0,0,0,,0.0000000000000000000000000000000,0,0,
마라23aa89ba,0,0,0,0,0,,,0,0,
마라23aa89bb,0,0,0,0,0,,,0,0,
마라23aa90aa,0,0,0,0,0,,,0,0,
마라23aa90ab,0,0,0,0,0,,,0,0,
마라23aa90ba,4,0,0,0,0,,,0,0,
마라23aa90bb,29,0,0,0,0,,41.0000000000000000000000000000000,0,0,7.000000000000000
마라23aa91aa,44,2,0,0,0,,52.0000000000000000000000000000000,0,0,19.907514450000001
마라23aa91ab,40,0,0,1,0,,24.0000000000000000000000000000000,0,0,31.070809250000000
마라23aa91ba,47,2,1,1,0,,14.0000000000000017763568394002505,0,0,73.226878610000000
마라23aa91bb,10,0,0,0,0,,0.0000000000000000000000000000000,0,0,78.137716760000004
마라23aa92aa,7,0,0,0,0,,0.0000000000000000000000000000000,0,0,
마라23aa92ab,1,0,0,0,0,,0.0000000000000000000000000000000,0,0,
마라23aa92ba,55,1,0,0,0,,197.0000000000000000000000000000000,0,0,22.822109829999999
마라23aa92bb,5,0,0,0,0,,86.0000000000000000000000000000000,0,0,16.000000000000000
마라23aa93aa,0,0,0,0,0,,,0,0,
마라23aa93ab,0,1,0,0,0,,102.0000000000000000000000000000000,0,0,
마라23aa93ba,29,14,0,0,0,,1701.0000000000000000000000000000000,0,0,
마라23aa93bb,81,1,0,0,0,,404.0000000000000000000000000000000,0,0,33.000000000000000
마라23aa94aa,80,4,0,0,0,,806.0000000000000000000000000000000,0,0,5.000000000000000
마라23aa94ab,14,0,0,2,0,,343.0000000000000000000000000000000,0,0,13.000000000000000
마라23aa94ba,0,0,0,1,0,,64.0000000000000000000000000000000,0,0,
마라23aa94bb,0,0,0,0,0,,,0,0,
마라23aa95aa,0,0,0,0,0,,,0,0,
마라23aa95ab,0,0,0,0,0,,,0,0,
마라23aa95ba,0,0,0,0,0,,,0,0,
마라23aa95bb,0,0,0,0,0,,,0,0,
마라23aa96aa,0,0,0,0,0,,,0,0,
마라23aa96ab,0,0,0,0,0,,,0,0,
마라23aa96ba,0,0,0,0,0,,,0,0,
마라23aa96bb,0,0,0,0,0,,,0,0,
마라23aa97aa,0,0,0,0,0,,,0,0,
마라23aa97ab,0,0,0,0,0,,,0,0,
마라23aa97ba,0,0,0,0,0,,,0,0,
마라23aa97bb,5,0,0,0,0,,,0,0,
마라23aa98aa,35,0,0,0,0,,0.0000000000000000000000000000000,0,0,
마라23aa98ab,41,0,0,0,0,,0.0000000000000000000000000000000,0,0,
마라23aa98ba,31,0,0,0,0,,,0,0,
마라23aa98bb,17,0,0,0,0,,0.0000000000000000000000000000000,0,0,
마라23aa99aa,3,0,0,0,0,,,0,0,
마라23aa99ab,0,0,0,0,0,,,0,0,
마라23aa99ba,0,0,0,0,0,,,0,0,
마라23aa99bb,0,0,0,0,0,,,0,0,
마라23ab86ab,0,0,0,0,0,,,0,0,
마라23ab86ba,0,0,0,0,0,,,0,0,
마라23ab86bb,0,0,0,0,0,,,0,0,
마라23ab87aa,0,0,0,0,0,,,0,0,
마라23ab87ab,0,0,0,0,0,,,0,0,
마라23ab87ba,0,0,0,0,0,,,0,0,
마라23ab87bb,0,0,0,0,0,,,0,0,
마라23ab88aa,0,0,0,0,0,,,0,0,
마라23ab88ab,0,0,0,0,0,,,0,0,
마라23ab88ba,4,0,0,0,0,,12.0000000000000000000000000000000,0,0,
마라23ab88bb,2,0,0,0,0,,,0,0,
마라23ab89aa,0,0,0,0,0,,,0,0,
마라23ab89ab,2,0,0,0,0,,0.0000000000000000000000000000000,0,0,
마라23ab89ba,1,0,0,0,0,,,0,0,
마라23ab89bb,0,0,0,0,0,,0.0000000000000000000000000000000,0,0,
마라23ab90aa,0,0,0,0,0,,,0,0,
마라23ab90ab,0,0,0,0,0,,,0,0,
마라23ab90ba,3,0,0,0,0,,0.0000000000000000000000000000000,0,0,
마라23ab90bb,1,0,0,0,0,,,0,0,
마라23ab91aa,0,0,0,0,0,,,0,0,
마라23ab91ab,0,0,0,0,0,,0.0000000000000000000000000000000,0,0,
마라23ab91ba,0,0,0,0,0,,,0,0,
마라23ab91bb,1,0,0,0,0,,,0,0,80.610549129999995
마라23ab92aa,0,0,0,0,0,,,0,0,
마라23ab92ab,0,0,0,0,0,,0.0000000000000000000000000000000,0,0,
마라23ab92ba,40,0,0,0,0,,398.0000000000000000000000000000000,0,0,
마라23ab92bb,5,3,0,0,0,,132.0000000000000000000000000000000,0,0,15.000000000000000
마라23ab93aa,0,0,0,0,0,,,0,0,
마라23ab93ab,0,0,0,0,0,,,0,0,
마라23ab93ba,10,3,0,0,0,,0.0000000000000000000000000000000,0,0,56.907514450000001
마라23ab93bb,77,0,0,0,0,,729.0000000000000000000000000000000,0,0,
마라23ab94aa,47,1,3,0,0,,416.0000000000000000000000000000000,0,0,
마라23ab94ab,10,0,0,1,0,,178.0000000000000000000000000000000,0,0,15.000000000000000
마라23ab94ba,37,1,0,0,0,,727.0000000000000000000000000000000,0,0,
마라23ab94bb,2,0,0,0,0,,93.0000000000000000000000000000000,0,0,
마라23ab95aa,0,0,0,0,0,,,0,0,
마라23ab95ab,0,0,0,0,0,,,0,0,
마라23ab95ba,0,0,0,0,0,,,0,0,
마라23ab95bb,0,0,0,0,0,,,0,0,
마라23ab96aa,0,0,0,0,0,,,0,0,
마라23ab96ab,0,0,0,0,0,,,0,0,
마라23ab96ba,0,0,0,0,0,,,0,0,
마라23ab96bb,0,0,0,0,0,,,0,0,
마라23ab97aa,0,0,0,0,0,,,0,0,
마라23ab97ab,0,0,0,0,0,,,0,0,
마라23ab97ba,1,0,0,0,0,,,0,0,
마라23ab97bb,15,0,0,0,0,,6.0000000000000000000000000000000,0,0,
마라23ab98aa,19,5,0,0,0,,0.0000000000000000000000000000000,0,1,
마라23ab98ab,0,0,0,0,0,,,0,0,
마라23ab98ba,0,0,0,0,0,,,0,0,
마라23ab98bb,0,0,0,0,0,,,0,0,
마라23ab99aa,1,0,0,0,0,,,0,0,
마라23ab99ab,0,0,0,0,0,,,0,0,
마라23ab99ba,0,0,0,0,0,,,0,0,
마라23ab99bb,0,0,0,0,0,,,0,0,
마라23ba86ba,0,0,0,0,0,,,0,0,
마라23ba86bb,0,0,0,0,0,,,0,0,
마라23ba87aa,0,0,0,0,0,,,0,0,
마라23ba87ab,0,0,0,0,0,,,0,0,
마라23ba87ba,0,0,0,0,0,,,0,0,
마라23ba87bb,0,0,0,0,0,,,0,0,
마라23ba88aa,0,0,0,0,0,,,0,0,
마라23ba88ab,0,0,0,0,0,,,0,0,
마라23ba88ba,0,0,0,0,0,,0.0000000000000000000000000000000,0,0,
마라23ba88bb,3,0,0,0,0,,0.0000000000000000000000000000000,0,0,
마라23ba89aa,7,0,0,0,0,,11.0000000000000000000000000000000,0,0,
마라23ba89ab,0,0,0,0,0,,,0,0,
마라23ba89ba,3,0,0,0,0,,8.0000000000000000000000000000000,0,0,
마라23ba89bb,4,0,0,0,0,,,0,0,
마라23ba90aa,0,0,0,0,0,,,0,0,
마라23ba90ab,0,0,0,0,0,,,0,0,
마라23ba90ba,0,0,0,0,0,,,0,0,
마라23ba90bb,0,0,0,0,0,,,0,0,
마라23ba91aa,0,0,0,0,0,,,0,0,
마라23ba91ab,0,0,0,0,0,,,0,0,
마라23ba91ba,0,0,0,0,0,,,0,0,
마라23ba91bb,0,0,0,0,0,,,0,0,
마라23ba92aa,4,0,0,0,0,,,0,0,
마라23ba92ab,0,0,0,0,0,,0.0000000000000000000000000000000,0,0,
마라23ba92ba,39,1,0,1,0,,246.0000000000000000000000000000000,0,0,
마라23ba92bb,2,1,0,0,0,,81.0000000000000000000000000000000,0,0,
마라23ba93aa,0,0,0,0,0,,,0,0,
마라23ba93ab,19,0,0,0,0,,0.0000000000000000000000000000000,0,0,
마라23ba93ba,28,20,0,0,0,,835.0000000000000000000000000000000,0,0,
마라23ba93bb,86,0,1,2,0,,496.0000000000000000000000000000000,209,0,
마라23ba94aa,81,0,0,0,0,,838.0000000000000000000000000000000,0,0,
마라23ba94ab,99,1,0,0,0,,564.0000000000000000000000000000000,0,0,
마라23ba94ba,58,0,0,0,0,18.000000,615.0000000000000000000000000000000,0,0,10.826589600000000
마라23ba94bb,12,0,0,2,0,,105.0000000000000000000000000000000,0,0,
마라23ba95aa,14,0,0,0,0,,17.0000000000000000000000000000000,0,0,
마라23ba95ab,1,0,0,0,0,,0.0000000000000000000000000000000,0,0,
마라23ba95ba,0,0,0,0,0,,,0,0,
마라23ba95bb,0,0,0,0,0,,,0,0,
마라23ba96aa,0,0,0,0,0,,,0,0,
마라23ba96ab,0,0,0,0,0,,,0,0,
마라23ba96ba,0,0,0,0,0,,,0,0,
마라23ba96bb,0,0,0,0,0,,,0,0,
마라23ba97aa,0,0,0,0,0,,,0,0,
마라23ba97ab,0,0,0,0,0,,,0,0,
마라23ba97ba,1,0,0,0,0,,,0,0,
마라23ba97bb,0,0,0,0,0,,,0,0,
마라23ba98aa,69,0,0,0,0,,53.0000000000000000000000000000000,0,0,
마라23ba98ab,37,4,0,0,0,,9.9999999999999982236431605997495,0,0,
마라23ba98ba,0,0,0,0,0,,,0,0,
마라23ba98bb,0,0,0,0,0,,,0,0,
마라23ba99aa,3,0,0,0,0,,,0,0,
마라23ba99ab,0,0,0,0,0,,,0,0,
마라23ba99ba,0,0,0,0,0,,,0,0,
마라23ba99bb,0,0,0,0,0,,,0,0,
마라23bb86ba,0,0,0,0,0,,,0,0,
마라23bb86bb,0,0,0,0,0,,,0,0,
마라23bb87aa,0,0,0,0,0,,,0,0,
마라23bb87ab,0,0,0,0,0,,,0,0,
마라23bb87ba,0,0,0,0,0,,,0,0,
마라23bb87bb,0,0,0,0,0,,,0,0,
마라23bb88aa,0,0,0,0,0,,,0,0,
마라23bb88ab,0,0,0,0,0,,,0,0,
마라23bb88ba,1,0,0,0,0,,0.0000000000000000000000000000000,0,0,
마라23bb88bb,0,0,0,0,0,,0.0000000000000000000000000000000,0,0,
마라23bb89aa,2,0,0,0,0,,12.0000000000000000000000000000000,0,0,
마라23bb89ab,3,0,0,0,0,,0.0000000000000000000000000000000,0,0,
마라23bb89ba,0,0,0,0,0,,,0,0,
마라23bb89bb,1,0,0,0,0,,0.0000000000000000000000000000000,0,0,
마라23bb90aa,3,0,0,0,0,,19.0000000000000000000000000000000,0,0,
마라23bb90ab,0,0,0,0,0,,,0,0,
마라23bb90ba,1,0,0,0,0,,,0,0,
마라23bb90bb,0,0,0,0,0,,,0,0,
마라23bb91aa,0,0,0,0,0,,,0,0,
마라23bb91ab,0,0,0,0,0,,,0,0,
마라23bb91ba,0,0,0,0,0,,0.0000000000000000000000000000000,0,0,
마라23bb91bb,0,0,0,0,0,,,0,0,
마라23bb92aa,10,0,0,0,0,,48.0000000000000000000000000000000,26,0,
마라23bb92ab,8,0,0,0,0,,9.0000000000000000000000000000000,0,0,
마라23bb92ba,35,1,0,0,0,,333.0000000000000000000000000000000,0,0,
마라23bb92bb,0,0,0,0,0,,,0,0,
마라23bb93aa,1,0,0,0,0,,,0,0,
마라23bb93ab,4,6,0,0,0,,714.0000000000000000000000000000000,0,0,
마라23bb93ba,34,7,0,0,0,,1441.0000000000000000000000000000000,0,0,
마라23bb93bb,33,14,0,2,0,,1029.0000000000000000000000000000000,0,0,
마라23bb94aa,53,16,0,0,0,,1514.0000000000000000000000000000000,0,0,50.091040460000002
마라23bb94ab,50,6,0,1,0,,1234.0000000000000000000000000000000,0,0,52.378612720000000
마라23bb94ba,88,4,0,1,0,24.000000,389.0000000000000000000000000000000,0,0,
마라23bb94bb,43,0,0,0,0,,806.0000000000000000000000000000000,0,0,38.000000000000000
마라23bb95aa,32,0,0,0,0,,522.0000000000000000000000000000000,0,0,24.344653180000002
마라23bb95ab,14,0,0,0,0,,212.0000000000000000000000000000000,0,0,
마라23bb95ba,1,0,0,0,0,,,0,0,
마라23bb95bb,0,0,0,0,0,,,0,0,
마라23bb96aa,0,0,0,0,0,,,0,0,
마라23bb96ab,0,0,0,0,0,,,0,0,
마라23bb96ba,0,3,0,8,0,,0.0000000000000000000000000000000,0,0,23.471098269999999
마라23bb96bb,0,2,0,0,0,,406.0000000000000000000000000000000,0,0,
마라23bb97aa,1,5,0,0,0,,792.0000000000000000000000000000000,0,0,31.343930640000000
마라23bb97ab,4,4,7,0,0,,166.0000000000000000000000000000000,0,0,11.000000000000000
마라23bb97ba,23,9,0,0,0,,1186.0000000000000000000000000000000,0,0,
마라23bb97bb,21,7,0,0,0,,1000.0000000000000000000000000000000,0,0,22.437861269999999
마라23bb98aa,8,9,0,0,0,,1668.0000000000000000000000000000000,0,0,
마라23bb98ab,8,6,0,0,0,,1555.0000000000000000000000000000000,0,0,13.000000000000000
마라23bb98ba,0,9,0,0,0,,,0,0,
마라23bb98bb,0,0,0,0,0,,,0,0,
마라23bb99aa,11,0,0,0,0,,,0,0,
마라23bb99ab,0,0,0,0,0,,,0,0,
마라23bb99ba,0,0,0,0,0,,,0,0,
마라23bb99bb,0,0,0,0,0,,,0,0,
마라24aa86ba,0,0,0,0,0,,,0,0,
마라24aa86bb,0,0,0,0,0,,,0,0,
마라24aa87aa,0,0,0,0,0,,,0,0,
마라24aa87ab,1,0,0,0,0,,0.0000000000000000000000000000000,0,0,
마라24aa87ba,0,0,0,0,0,,,0,0,
마라24aa87bb,0,0,0,0,0,,0.0000000000000000000000000000000,0,0,
마라24aa88aa,1,0,0,0,0,,,0,0,
마라24aa88ab,0,0,0,0,0,,,0,0,
마라24aa88ba,0,0,0,0,0,,,0,0,
마라24aa88bb,2,0,0,0,0,,6.0000000000000000000000000000000,0,0,
마라24aa89aa,0,0,0,0,0,,0.0000000000000000000000000000000,0,0,
마라24aa89ab,4,0,0,0,0,,0.0000000000000000000000000000000,19,0,
마라24aa89ba,0,0,0,0,0,,0.0000000000000000000000000000000,0,0,
마라24aa89bb,1,0,0,0,0,,0.0000000000000000000000000000000,0,0,
마라24aa90aa,5,0,0,0,0,,0.0000000000000000000000000000000,0,0,
마라24aa90ab,0,0,0,0,0,,,0,0,
마라24aa90ba,0,0,0,0,0,,9.0000000000000000000000000000000,0,0,
마라24aa90bb,2,0,0,0,0,,0.0000000000000000000000000000000,0,0,
마라24aa91aa,0,0,0,0,0,,,0,0,
마라24aa91ab,0,0,0,0,0,,0.0000000000000000000000000000000,0,0,
마라24aa91ba,0,0,0,0,0,,,0,0,
마라24aa91bb,0,0,0,0,0,,,0,0,
마라24aa92aa,5,0,0,0,0,,0.0000000000000000000000000000000,0,0,
마라24aa92ab,0,0,0,0,0,,0.0000000000000000000000000000000,0,0,
마라24aa92ba,39,1,0,0,0,,301.0000000000000000000000000000000,0,0,21.000000000000000
마라24aa92bb,1,0,0,0,0,,36.0000000000000000000000000000000,0,0,
마라24aa93aa,0,0,0,0,0,,,0,0,
마라24aa93ab,16,5,0,1,0,,743.0000000000000000000000000000000,0,0,37.313583819999998
마라24aa93ba,20,12,0,0,0,,2003.0000000000000000000000000000000,0,0,
마라24aa93bb,10,12,0,0,0,,1991.0000000000000000000000000000000,0,0,56.732658960000002
마라24aa94aa,5,11,0,1,0,,1899.0000000000000000000000000000000,0,0,38.680346819999997
마라24aa94ab,12,10,0,0,0,,1474.0000000000000000000000000000000,0,0,46.908959539999998
마라24aa94ba,39,8,0,0,0,,1716.0000000000000000000000000000000,0,0,39.713439309999998
마라24aa94bb,80,0,0,0,0,,712.0000000000000000000000000000000,0,0,
마라24aa95aa,61,0,0,0,0,,633.0000000000000000000000000000000,176,0,7.000000000000000
마라24aa95ab,31,8,0,0,0,,976.0000000000000000000000000000000,0,0,
마라24aa95ba,9,9,0,0,0,,663.0000000000000000000000000000000,0,0,20.000000000000000
마라24aa95bb,6,0,0,0,0,,0.0000000000000000000000000000000,0,0,
마라24aa96aa,0,1,0,0,0,,169.0000000000000000000000000000000,0,0,23.907514450000001
마라24aa96ab,14,7,0,0,0,,827.0000000000000000000000000000000,0,0,14.562138729999999
마라24aa96ba,8,11,0,0,0,,1268.0000000000000000000000000000000,0,0,
마라24aa96bb,18,13,0,0,0,,1600.0000000000000000000000000000000,0,0,
마라24aa97aa,19,5,0,0,0,,696.0000000000000000000000000000000,0,0,
마라24aa97ab,22,3,0,1,0,,461.0000000000000000000000000000000,0,0,
마라24aa97ba,2,3,0,1,0,,457.0000000000000000000000000000000,0,0,90.000000000000000
마라24aa97bb,32,6,0,1,0,,1208.0000000000000000000000000000000,0,0,
마라24aa98aa,2,7,0,1,0,,1167.0000000000000000000000000000000,386,0,
마라24aa98ab,5,9,0,0,0,,1038.0000000000000000000000000000000,0,0,
마라24aa98ba,1,9,0,0,0,,992.0000000000000000000000000000000,0,0,
마라24aa98bb,2,1,0,0,0,,,0,0,
마라24aa99aa,4,0,0,0,0,,,0,0,
마라24aa99ab,0,0,0,0,0,,,0,0,
마라24aa99ba,0,0,0,0,0,,,0,0,
마라24aa99bb,1,0,0,0,0,,,0,0,8.000000000000000
마라24ab85ab,0,0,0,0,0,,,0,0,
마라24ab85ba,0,0,0,0,0,,,0,0,
마라24ab85bb,0,0,0,0,0,,,0,0,
마라24ab86ba,0,0,0,0,0,,,0,0,
마라24ab86bb,0,0,0,0,0,,,0,0,
마라24ab87aa,0,0,0,0,0,,,0,0,
마라24ab87ab,2,0,0,0,0,,0.0000000000000000000000000000000,0,0,
마라24ab87ba,0,0,0,0,0,,,0,0,
마라24ab87bb,0,0,0,0,0,,,0,0,
마라24ab88aa,2,0,0,0,0,,,0,0,
마라24ab88ab,0,0,0,0,0,,0.0000000000000000000000000000000,0,0,
마라24ab88ba,3,0,0,0,0,,7.0000000000000008881784197001252,0,0,
마라24ab88bb,1,0,0,0,0,,9.9999999999999982236431605997495,0,0,
마라24ab89aa,11,0,0,0,0,61.000000,6.0000000000000000000000000000000,0,0,
마라24ab89ab,3,0,0,0,0,,9.9999999999999982236431605997495,0,0,
마라24ab89ba,0,0,0,0,0,,0.0000000000000000000000000000000,0,0,
마라24ab89bb,1,0,0,0,0,,0.0000000000000000000000000000000,0,0,
마라24ab90aa,2,0,0,0,0,,0.0000000000000000000000000000000,0,0,
마라24ab90ab,0,0,0,0,0,,0.0000000000000000000000000000000,0,0,
마라24ab90ba,0,0,0,0,0,,,0,0,
마라24ab90bb,3,0,0,0,0,,7.0000000000000008881784197001252,0,0,
마라24ab91aa,0,0,0,0,0,,,0,0,
마라24ab91ab,0,0,0,0,0,,,0,0,
마라24ab91ba,0,0,0,0,0,,,0,0,
마라24ab91bb,1,0,0,0,0,,,0,0,
마라24ab92aa,0,0,0,0,0,,,0,0,
마라24ab92ab,0,0,0,0,0,,,0,0,
마라24ab92ba,34,5,0,0,0,,242.0000000000000000000000000000000,0,0,31.771676299999999
마라24ab92bb,5,0,0,0,0,,81.0000000000000000000000000000000,0,0,
마라24ab93aa,0,0,0,0,0,,,0,0,
마라24ab93ab,6,5,0,0,0,,761.0000000000000000000000000000000,0,0,
마라24ab93ba,18,14,0,0,0,,1666.0000000000000000000000000000000,0,0,
마라24ab93bb,32,4,0,0,0,,820.0000000000000000000000000000000,0,0,24.000000000000000
마라24ab94aa,24,6,0,1,0,32.000000,550.0000000000000000000000000000000,0,0,47.140173410000003
마라24ab94ab,28,5,1,0,0,,362.0000000000000000000000000000000,0,0,27.000000000000000
마라24ab94ba,20,7,1,1,0,,952.0000000000000000000000000000000,0,0,19.563583820000002
마라24ab94bb,34,8,0,0,0,,1297.0000000000000000000000000000000,0,0,
마라24ab95aa,56,4,0,1,0,,294.0000000000000000000000000000000,0,0,
마라24ab95ab,15,9,0,0,0,,620.0000000000000000000000000000000,0,0,42.384393060000001
마라24ab95ba,0,10,0,0,0,,2236.0000000000000000000000000000000,0,0,18.092485549999999
마라24ab95bb,5,11,0,1,0,,1261.0000000000000000000000000000000,0,0,19.424855489999999
마라24ab96aa,13,6,0,0,0,,1129.0000000000000000000000000000000,0,0,18.609826590000001
마라24ab96ab,25,13,0,0,0,,1279.9999999999997726263245567679405,0,0,
마라24ab96ba,31,7,0,0,0,,1538.0000000000000000000000000000000,0,0,
마라24ab96bb,20,7,0,0,0,,514.0000000000000000000000000000000,0,0,33.610549130000003
마라24ab97aa,34,0,0,4,1,16.000000,186.0000000000000000000000000000000,0,0,
마라24ab97ab,9,11,0,0,0,,2099.0000000000000000000000000000000,0,0,
마라24ab97ba,9,17,0,0,0,,2745.0000000000000000000000000000000,0,0,
마라24ab97bb,6,18,0,0,0,,3253.0000000000000000000000000000000,0,0,
마라24ab98aa,5,11,0,0,0,,2284.0000000000000000000000000000000,0,0,
마라24ab98ab,1,15,0,0,0,,2012.0000000000000000000000000000000,0,0,
마라24ab98ba,12,10,0,0,0,,834.0000000000000000000000000000000,0,0,
마라24ab98bb,0,0,0,0,0,,,0,0,
마라24ab99aa,0,0,0,0,0,,,0,0,
마라24ab99ab,0,0,0,0,0,,,0,0,
마라24ab99ba,5,4,0,0,0,,0.0000000000000000000000000000000,0,0,
마라24ab99bb,0,0,0,0,0,,0.0000000000000000000000000000000,0,0,
마라24ba85aa,0,0,0,0,0,,,0,0,
마라24ba85ab,0,0,0,0,0,,,0,0,
마라24ba85ba,0,0,0,0,0,,,0,0,
마라24ba85bb,0,0,0,0,0,,,0,0,
마라24ba86ba,0,0,0,0,0,,,0,0,
마라24ba86bb,0,0,0,0,0,,,0,0,
마라24ba87aa,10,0,0,0,0,,15.0000000000000000000000000000000,0,0,
마라24ba87ab,2,0,0,0,0,,7.0000000000000008881784197001252,0,0,
마라24ba87ba,1,0,0,0,0,,0.0000000000000000000000000000000,0,0,
마라24ba87bb,0,0,0,0,0,,0.0000000000000000000000000000000,0,0,
마라24ba88aa,0,0,0,0,0,,,0,0,
마라24ba88ab,1,0,0,0,0,,9.0000000000000000000000000000000,0,0,
마라24ba88ba,4,0,0,0,0,,21.0000000000000000000000000000000,0,0,
마라24ba88bb,0,0,0,0,0,,0.0000000000000000000000000000000,0,0,
마라24ba89aa,8,0,0,0,0,,0.0000000000000000000000000000000,0,0,
마라24ba89ab,2,0,0,0,0,,0.0000000000000000000000000000000,0,0,
마라24ba89ba,1,0,0,0,0,,0.0000000000000000000000000000000,0,0,
마라24ba89bb,0,0,0,0,0,,,0,0,
마라24ba90aa,1,0,0,0,0,,12.0000000000000000000000000000000,0,0,
마라24ba90ab,0,0,0,0,0,,0.0000000000000000000000000000000,0,0,
마라24ba90ba,0,0,0,0,0,,,0,0,
마라24ba90bb,0,0,0,0,0,,,0,0,
마라24ba91aa,0,0,0,0,0,,,0,0,
마라24ba91ab,0,0,0,0,0,,,0,0,
마라24ba91ba,5,0,0,0,0,,,0,0,
마라24ba91bb,2,0,0,1,0,,0.0000000000000000000000000000000,20,0,
마라24ba92aa,15,0,0,0,0,,37.0000000000000000000000000000000,0,0,
마라24ba92ab,20,0,0,0,0,,17.0000000000000000000000000000000,0,0,
마라24ba92ba,16,1,0,0,0,,134.0000000000000000000000000000000,0,0,
마라24ba92bb,18,0,0,1,0,,204.0000000000000000000000000000000,0,0,14.000000000000000
마라24ba93aa,0,0,0,0,0,,0.0000000000000000000000000000000,0,0,
마라24ba93ab,12,1,0,0,0,,472.0000000000000000000000000000000,0,0,
마라24ba93ba,22,4,1,0,0,,527.0000000000000000000000000000000,0,0,
마라24ba93bb,11,6,0,1,0,,1059.0000000000000000000000000000000,0,0,
마라24ba94aa,3,10,0,2,0,,1211.0000000000000000000000000000000,0,0,
마라24ba94ab,8,10,0,1,0,,1238.0000000000000000000000000000000,0,0,
마라24ba94ba,21,12,0,1,0,,1397.0000000000000000000000000000000,0,0,12.406069360000000
마라24ba94bb,3,5,5,0,0,,542.0000000000000000000000000000000,0,0,
마라24ba95aa,2,0,0,0,0,,18.0000000000000000000000000000000,0,3,
마라24ba95ab,0,0,0,0,0,,0.0000000000000000000000000000000,0,0,13.000000000000000
마라24ba95ba,41,0,0,0,0,,145.0000000000000000000000000000000,0,0,36.000000000000000
마라24ba95bb,34,0,0,1,0,,286.0000000000000000000000000000000,0,0,13.970375720000000
마라24ba96aa,19,5,0,1,0,,850.0000000000000000000000000000000,0,0,
마라24ba96ab,23,8,1,0,0,,1091.0000000000000000000000000000000,0,0,
마라24ba96ba,14,10,1,0,0,,722.0000000000000000000000000000000,0,0,
마라24ba96bb,24,7,0,0,0,,1072.0000000000000000000000000000000,0,0,37.436416180000002
마라24ba97aa,80,3,0,0,0,58.000000,244.0000000000000000000000000000000,0,0,
마라24ba97ab,33,10,0,0,0,,1704.0000000000000000000000000000000,0,0,
마라24ba97ba,7,14,0,0,0,,2169.0000000000000000000000000000000,0,0,
마라24ba97bb,10,11,0,0,0,,1493.0000000000000000000000000000000,0,0,
마라24ba98aa,3,0,0,0,0,,,0,0,
마라24ba98ab,6,0,0,0,0,,19.9999999999999964472863211994991,0,0,
마라24ba98ba,2,0,0,0,0,,,0,0,
마라24ba98bb,0,0,0,0,0,,,0,0,
마라24ba99aa,0,0,0,0,0,,,0,0,
마라24ba99ab,0,0,0,0,0,,,0,0,
마라24ba99ba,0,0,0,0,0,,,0,0,
마라24ba99bb,0,0,0,0,0,,,0,0,
마라24bb84bb,0,0,0,0,0,,,0,0,
마라24bb85aa,0,0,0,0,0,,,0,0,
마라24bb85ab,1,0,0,0,0,,,0,0,
마라24bb85ba,0,0,0,0,0,,,0,0,
마라24bb85bb,0,0,0,0,0,,,0,0,
마라24bb86aa,0,0,0,0,0,,,0,0,
마라24bb86ab,0,0,0,0,0,,,0,0,
마라24bb86ba,0,0,0,0,0,,,1,0,
마라24bb86bb,0,0,0,0,0,,,0,0,
마라24bb87aa,1,0,0,0,0,,,0,0,
마라24bb87ab,0,0,0,0,0,,,0,0,
마라24bb87ba,1,0,0,0,0,,,0,0,
마라24bb87bb,1,0,0,0,0,,0.0000000000000000000000000000000,0,0,
마라24bb88aa,1,0,0,0,0,,,0,0,
마라24bb88ab,1,0,0,0,0,,,0,0,
마라24bb88ba,1,0,0,0,0,,,0,0,
마라24bb88bb,0,0,0,0,0,,,0,0,
마라24bb89aa,0,0,0,0,0,,,0,0,
마라24bb89ab,1,0,0,0,0,,,0,0,
마라24bb89ba,0,0,0,0,0,,,0,0,
마라24bb89bb,1,0,0,0,0,,0.0000000000000000000000000000000,0,0,
마라24bb90aa,0,0,0,0,0,,,0,0,
마라24bb90ab,0,0,0,0,0,,,0,0,
마라24bb90ba,0,0,0,0,0,,,0,0,
마라24bb90bb,6,0,0,0,0,,,0,0,
마라24bb91aa,1,0,0,0,0,,0.0000000000000000000000000000000,0,0,
마라24bb91ab,0,0,0,0,0,,0.0000000000000000000000000000000,0,0,
마라24bb91ba,9,0,0,0,0,,11.0000000000000000000000000000000,0,0,
마라24bb91bb,5,0,0,0,0,,9.9999999999999982236431605997495,0,0,
마라24bb92aa,1,0,0,0,0,,,0,0,
마라24bb92ab,3,0,0,0,0,,13.0000000000000000000000000000000,0,0,
마라24bb92ba,17,0,0,0,0,36.000000,57.0000000000000000000000000000000,0,0,
마라24bb92bb,47,11,0,0,0,,822.0000000000000000000000000000000,0,0,19.530346819999998
마라24bb93aa,33,3,0,0,0,,407.0000000000000000000000000000000,0,0,20.000000000000000
마라24bb93ab,14,0,0,0,0,,59.0000000000000000000000000000000,0,0,
마라24bb93ba,3,0,0,0,0,,25.0000000000000000000000000000000,0,0,
마라24bb93bb,5,2,0,0,0,,493.0000000000000000000000000000000,0,0,53.130780350000002
마라24bb94aa,12,4,0,0,0,,253.0000000000000000000000000000000,0,0,
마라24bb94ab,3,0,0,1,0,,,0,0,
마라24bb94ba,3,2,0,0,0,,149.0000000000000000000000000000000,0,0,17.283236989999999
마라24bb94bb,10,0,0,1,0,,,0,0,
마라24bb95aa,10,1,0,0,0,,200.0000000000000000000000000000000,0,0,26.000000000000000
마라24bb95ab,50,5,1,0,0,,1039.0000000000000000000000000000000,0,0,27.000000000000000
마라24bb95ba,70,2,0,0,0,,406.0000000000000000000000000000000,0,0,35.000000000000000
마라24bb95bb,41,8,0,0,0,,874.0000000000000000000000000000000,164,0,
마라24bb96aa,11,12,0,0,0,,1073.0000000000000000000000000000000,0,0,30.859826590000001
마라24bb96ab,15,13,0,0,0,,1545.0000000000000000000000000000000,0,0,27.000000000000000
마라24bb96ba,16,8,0,0,0,,119.0000000000000000000000000000000,0,0,
마라24bb96bb,52,1,0,0,0,,338.0000000000000000000000000000000,0,0,16.874277459999998
마라24bb97aa,43,1,0,0,0,,529.0000000000000000000000000000000,0,0,
마라24bb97ab,66,0,0,0,0,,540.0000000000000000000000000000000,0,0,
마라24bb97ba,5,0,0,3,0,,130.0000000000000000000000000000000,0,0,
마라24bb97bb,0,9,0,0,0,,,0,0,
마라24bb98aa,0,2,0,5,0,,9.9999999999999982236431605997495,0,0,
마라24bb98ab,0,0,0,0,0,,,0,0,
마라24bb98ba,0,0,0,0,0,,,0,0,
마라24bb98bb,0,0,0,0,0,,,0,0,
마라24bb99aa,0,0,0,0,0,,,0,0,
마라24bb99ab,0,0,0,0,0,,,0,0,
마라24bb99ba,0,0,0,0,0,,,0,0,
마라24bb99bb,0,0,0,0,0,,,0,0,
마라25aa84bb,0,0,0,0,0,,,0,0,
마라25aa85aa,0,0,0,0,0,,,0,0,
마라25aa85ab,0,0,0,0,0,,,0,0,
마라25aa85ba,0,0,0,0,0,,,0,0,
마라25aa85bb,0,0,0,0,0,,,0,0,
마라25aa86aa,0,0,0,0,0,,0.0000000000000000000000000000000,0,0,
마라25aa86ab,0,0,0,0,0,,,0,0,
마라25aa86ba,0,0,0,0,0,,,0,0,
마라25aa86bb,0,0,0,0,0,,,0,0,
마라25aa87aa,0,0,0,0,0,,,0,0,24.436416179999998
마라25aa87ab,0,0,0,0,0,,,0,0,
마라25aa87ba,0,0,0,0,0,,,0,0,
마라25aa87bb,0,0,0,0,0,,,0,0,
마라25aa88aa,0,0,0,0,0,,,0,0,
마라25aa88ab,1,0,0,0,0,,,0,0,
마라25aa88ba,1,0,0,0,0,,0.0000000000000000000000000000000,0,0,
마라25aa88bb,1,0,0,0,0,,0.0000000000000000000000000000000,0,0,
마라25aa89aa,1,0,0,0,0,,0.0000000000000000000000000000000,0,0,
마라25aa89ab,1,0,0,0,0,,,0,0,
마라25aa89ba,0,0,0,0,0,,,0,0,
마라25aa89bb,0,0,0,0,0,,,0,0,
마라25aa90ba,0,0,0,0,0,,,0,0,
마라25aa90bb,0,0,0,0,0,,9.9999999999999982236431605997495,0,0,
마라25aa91aa,0,0,0,0,0,,,0,0,
마라25aa91ab,0,0,0,0,0,,,0,0,
마라25aa91ba,0,0,0,0,0,,,0,0,
마라25aa91bb,0,0,0,0,0,,,0,0,
마라25aa92aa,0,0,0,0,0,,,0,0,
마라25aa92ab,8,0,0,0,0,,8.0000000000000000000000000000000,0,0,
마라25aa92ba,4,0,0,0,0,,22.0000000000000000000000000000000,0,0,21.000000000000000
마라25aa92bb,22,6,0,1,0,,991.0000000000000000000000000000000,0,1,27.000000000000000
마라25aa93aa,44,3,1,0,0,,529.0000000000000000000000000000000,0,0,21.811416179999998
마라25aa93ab,15,2,0,0,0,,349.0000000000000000000000000000000,0,0,
마라25aa93ba,6,0,0,0,0,,,0,1,
마라25aa93bb,20,2,0,0,0,,356.0000000000000000000000000000000,0,0,
마라25aa94aa,14,8,0,0,0,54.000000,302.0000000000000000000000000000000,0,0,
마라25aa94ab,3,13,0,0,0,,408.0000000000000000000000000000000,0,0,
마라25aa94ba,17,1,0,1,0,42.000000,179.0000000000000000000000000000000,0,0,13.000000000000000
마라25aa94bb,1,0,0,0,0,,9.9999999999999982236431605997495,0,0,
마라25aa95aa,1,1,0,0,0,,78.0000000000000000000000000000000,0,0,
마라25aa95ab,14,17,0,0,0,,1293.0000000000000000000000000000000,0,0,
마라25aa95ba,19,5,1,0,0,,590.0000000000000000000000000000000,0,0,21.907514450000001
마라25aa95bb,8,8,0,1,0,,917.0000000000000000000000000000000,0,0,28.663294799999999
마라25aa96aa,4,2,0,0,0,,255.0000000000000000000000000000000,0,0,
마라25aa96ab,3,0,0,1,0,,0.0000000000000000000000000000000,0,0,
마라25aa96ba,0,0,0,0,0,,,0,0,32.656069359999996
마라25aa96bb,2,1,0,0,0,,,0,0,
마라25aa97aa,7,0,0,0,0,,420.0000000000000000000000000000000,0,0,
마라25aa97ab,19,0,0,0,0,,285.0000000000000000000000000000000,0,0,
마라25aa97ba,1,0,0,1,0,,,0,0,
마라25aa97bb,0,0,0,0,0,,,0,0,
마라25aa98aa,0,1,0,0,0,,,0,0,
마라25aa98ab,0,0,0,0,0,,,0,0,
마라25aa98ba,0,0,0,0,0,,,0,0,
마라25aa98bb,0,0,0,0,0,,,0,0,
마라25aa99aa,0,0,0,0,0,,,0,0,
마라25aa99ab,0,0,0,0,0,,,0,0,
마라25aa99ba,0,0,0,0,0,,,0,0,
마라25aa99bb,0,0,0,0,0,,,0,0,
마라25ab84bb,0,0,0,0,0,,,0,0,
마라25ab85aa,0,0,0,0,0,,,0,0,
마라25ab85ba,0,0,0,0,0,,,0,0,
마라25ab85bb,0,0,0,0,0,,,0,0,
마라25ab86aa,0,0,0,0,0,,,0,0,
마라25ab86ab,0,0,0,0,0,,,0,0,
마라25ab86ba,0,0,0,0,0,,,0,0,
마라25ab86bb,0,0,0,0,0,,,0,0,
마라25ab87aa,0,0,0,0,0,,,0,0,
마라25ab87ab,0,0,0,0,0,,,0,0,
마라25ab87ba,0,0,0,0,0,,,0,0,
마라25ab87bb,0,0,0,0,0,,,0,0,
마라25ab88aa,1,0,0,0,0,,,0,0,
마라25ab88ab,3,0,0,0,0,,0.0000000000000000000000000000000,0,0,
마라25ab88ba,0,0,0,0,0,,0.0000000000000000000000000000000,0,0,
마라25ab88bb,1,0,0,0,0,,,0,0,
마라25ab89aa,0,0,0,0,0,,,0,0,
마라25ab89ab,0,0,0,0,0,,0.0000000000000000000000000000000,0,0,
마라25ab89ba,0,0,0,0,0,,,0,0,
마라25ab91aa,0,0,0,0,0,,,0,0,
마라25ab91ab,5,0,0,0,0,,0.0000000000000000000000000000000,0,0,
마라25ab91ba,0,0,0,0,0,,,0,0,
마라25ab91bb,1,0,0,0,0,,0.0000000000000000000000000000000,0,0,
마라25ab92aa,13,0,0,0,0,,41.0000000000000000000000000000000,0,0,
마라25ab92ab,3,1,0,0,0,20.000000,34.0000000000000000000000000000000,0,0,
마라25ab92ba,2,0,0,0,0,,,0,0,
마라25ab92bb,8,1,0,0,0,,448.0000000000000568434188608080149,0,0,
마라25ab93aa,39,7,0,0,0,,520.0000000000000000000000000000000,0,0,
마라25ab93ab,81,3,0,0,0,,568.0000000000000000000000000000000,45,0,
마라25ab93ba,12,0,0,0,0,,114.0000000000000000000000000000000,0,0,32.776589600000001
마라25ab93bb,68,1,0,1,0,,183.0000000000000000000000000000000,0,0,
마라25ab94aa,36,1,0,0,0,,13.0000000000000000000000000000000,0,0,
마라25ab94ab,14,2,0,0,0,,406.0000000000000000000000000000000,0,0,
마라25ab94ba,45,0,0,1,0,27.000000,350.0000000000000000000000000000000,20,0,27.953757230000001
마라25ab94bb,30,6,0,0,0,,527.0000000000000000000000000000000,0,0,34.234826589999997
마라25ab95aa,2,0,0,0,0,,44.0000000000000000000000000000000,0,0,
마라25ab95ab,7,5,0,0,0,,147.0000000000000000000000000000000,0,0,
마라25ab95ba,5,0,0,0,0,,0.0000000000000000000000000000000,0,0,
마라25ab95bb,0,0,0,0,0,,,0,0,
마라25ab96aa,0,0,0,0,0,,,0,0,
마라25ab96ab,0,0,0,0,0,,,0,0,
마라25ab96ba,0,0,0,0,0,,,0,0,
마라25ab96bb,1,0,0,0,0,,,0,1,27.536127170000000
마라25ab97aa,2,0,0,0,0,,,0,0,
마라25ab97ab,0,0,0,0,0,,,0,0,
마라25ab97ba,0,0,0,0,0,,,0,0,
마라25ab97bb,0,0,0,0,0,,,0,0,
마라25ab98aa,0,0,0,0,0,,,0,0,
마라25ab98ab,0,0,0,0,0,,,0,0,
마라25ab98ba,0,0,0,0,0,,,0,0,
마라25ab98bb,0,0,0,0,0,,,0,0,
마라25ab99aa,0,0,0,0,0,,,0,0,
마라25ab99ab,0,0,0,0,0,,,0,0,
마라25ab99ba,0,0,0,0,0,,,0,0,
마라25ab99bb,0,0,0,0,0,,,0,0,
마라25ba85bb,0,0,0,0,0,,,0,0,
마라25ba86aa,0,0,0,0,0,,,0,0,
마라25ba86ab,0,0,0,0,0,,,0,0,
마라25ba86bb,0,0,0,0,0,,,0,0,
마라25ba87aa,0,0,0,0,0,,,0,0,
마라25ba87ab,0,0,0,0,0,,,0,0,
마라25ba87ba,0,0,0,0,0,,,0,0,
마라25ba87bb,0,0,0,0,0,,,0,0,
마라25ba88aa,1,0,0,0,0,,0.0000000000000000000000000000000,0,0,
마라25ba88ab,1,0,0,0,0,,,0,0,
마라25ba88ba,2,0,0,0,0,,0.0000000000000000000000000000000,0,0,
마라25ba91ab,0,0,0,0,0,,,0,0,
마라25ba91ba,0,0,0,0,0,,,0,0,
마라25ba91bb,0,0,0,0,0,,9.0000000000000000000000000000000,0,0,
마라25ba92aa,2,0,0,0,0,,,0,0,
마라25ba92ab,0,0,0,0,0,,9.9999999999999982236431605997495,0,0,
마라25ba92ba,0,0,0,0,0,,0.0000000000000000000000000000000,0,0,
마라25ba92bb,8,0,0,0,0,,,0,0,14.000000000000000
마라25ba93aa,19,3,0,0,0,,28.0000000000000035527136788005009,0,0,
마라25ba93ab,101,1,0,0,0,,381.0000000000000000000000000000000,0,0,
마라25ba93ba,143,2,0,0,0,,386.0000000000000000000000000000000,0,0,
마라25ba93bb,106,10,0,0,0,,287.0000000000000000000000000000000,0,0,
마라25ba94aa,100,5,0,0,1,,161.0000000000000000000000000000000,7,0,
마라25ba94ab,73,1,0,1,0,,204.0000000000000000000000000000000,0,0,
마라25ba94ba,62,0,0,0,0,,241.0000000000000000000000000000000,0,0,8.953757225000000
마라25ba94bb,9,0,0,1,0,,443.0000000000000000000000000000000,0,0,
마라25ba95aa,5,2,0,0,0,,237.0000000000000000000000000000000,0,0,
마라25ba95ab,0,0,0,0,0,,,0,0,17.500000000000000
마라25ba95ba,0,0,0,0,0,,,0,0,
마라25ba95bb,0,0,0,0,0,,,0,0,
마라25ba96aa,0,0,0,0,0,,,0,0,
마라25ba96ab,0,0,0,0,0,,,0,0,
마라25ba96ba,0,0,0,0,0,,,0,0,
마라25ba96bb,0,0,0,0,0,,,0,0,70.000000000000000
마라25ba97aa,0,0,0,0,0,,,0,0,
마라25ba97ab,0,0,0,0,0,,,0,0,
마라25ba97ba,0,0,0,0,0,,,0,0,
마라25ba97bb,0,0,0,0,0,,,0,0,
마라25ba98aa,0,0,0,0,0,,,0,0,
마라25ba98ab,0,0,0,0,0,,,0,0,
마라25ba98ba,0,0,0,0,0,,,0,0,
마라25ba98bb,0,0,0,0,0,,,0,0,
마라25ba99aa,0,0,0,0,0,,,0,0,
마라25ba99ab,0,0,0,0,0,,,0,0,
마라25ba99ba,5,0,0,0,0,,,0,0,
마라25ba99bb,4,0,0,0,0,,,0,0,
마라25bb85ba,0,0,0,0,0,,,0,0,
마라25bb85bb,0,0,0,0,0,,,0,0,
마라25bb86aa,0,0,0,0,0,,,0,0,
마라25bb87aa,0,0,0,0,0,,,0,0,
마라25bb88aa,0,0,0,0,0,,,0,0,
마라25bb88ab,0,0,0,0,0,,,0,0,
마라25bb91ab,0,0,0,0,0,,,0,0,
마라25bb91ba,0,0,0,0,0,,,0,0,
마라25bb91bb,0,0,0,0,0,,,0,0,
마라25bb92aa,0,0,0,0,0,,,0,0,
마라25bb92ab,0,0,0,0,0,,,0,0,
마라25bb92ba,0,0,0,0,0,,,0,0,
마라25bb92bb,3,0,0,0,0,,,0,0,11.000000000000000
마라25bb93aa,7,4,2,0,0,,1424.0000000000000000000000000000000,0,1,
마라25bb93ab,89,4,0,0,0,,905.0000000000000000000000000000000,0,0,
마라25bb93ba,114,2,0,2,0,,163.0000000000000000000000000000000,0,0,25.092485549999999
마라25bb93bb,81,5,0,1,0,,281.0000000000000000000000000000000,0,0,44.411127170000000
마라25bb94aa,151,3,0,1,0,185.000000,171.0000000000000000000000000000000,0,0,
마라25bb94ab,61,4,0,1,0,28.000000,301.0000000000000000000000000000000,48,0,
마라25bb94ba,28,1,0,1,0,,334.0000000000000000000000000000000,0,0,29.893063580000000
마라25bb94bb,35,3,0,0,0,,554.0000000000000000000000000000000,0,0,
마라25bb95aa,14,5,0,0,0,,362.0000000000000000000000000000000,0,0,
마라25bb95ab,1,0,0,0,0,,0.0000000000000000000000000000000,0,0,
마라25bb95ba,0,0,0,0,0,,,0,0,
마라25bb95bb,0,0,0,0,0,,,0,0,
마라25bb96aa,0,0,0,0,0,,,0,0,
마라25bb96ab,0,0,0,0,0,,,0,0,
마라25bb96ba,0,0,0,0,0,,,0,0,
마라25bb96bb,0,0,0,0,0,,,0,0,
마라25bb97aa,0,0,0,0,0,,,0,0,
마라25bb97ab,0,0,0,0,0,,,0,0,
마라25bb97ba,0,0,0,0,0,,,0,0,
마라25bb97bb,0,0,0,0,0,,,0,0,
마라25bb98aa,0,0,0,0,0,,,0,0,
마라25bb98ab,0,0,0,0,0,,,0,0,
마라25bb98ba,0,0,0,0,0,,,0,0,
마라25bb98bb,0,0,0,0,0,,,0,0,
마라25bb99aa,0,0,0,0,0,,,0,0,
마라25bb99ab,11,0,0,0,0,,0.0000000000000000000000000000000,0,0,
마라25bb99ba,13,0,0,0,0,,14.0000000000000017763568394002505,0,0,
마라25bb99bb,18,0,0,0,0,,7.0000000000000008881784197001252,0,0,
마라26aa91bb,3,0,0,0,0,,,0,0,
마라26aa92aa,1,0,0,0,0,,,0,0,47.000000000000000
마라26aa92ab,2,1,0,0,0,,,0,0,
마라26aa92ba,0,0,0,0,0,,,0,0,
마라26aa92bb,1,0,0,0,0,,,0,0,21.983381500000000
마라26aa93aa,3,2,0,0,0,244.000000,342.0000000000000000000000000000000,0,0,16.033236989999999
마라26aa93ab,79,8,1,1,0,,207.0000000000000000000000000000000,132,0,
마라26aa93ba,80,5,0,2,0,,315.0000000000000000000000000000000,0,0,21.092485549999999
마라26aa93bb,19,1,0,1,0,,322.0000000000000000000000000000000,0,0,32.000000000000000
마라26aa94aa,51,1,0,0,0,,276.0000000000000000000000000000000,0,0,
마라26aa94ab,12,1,0,1,0,,224.0000000000000284217094304040074,0,0,
마라26aa94ba,33,7,1,0,0,,756.0000000000000000000000000000000,0,0,18.203757230000001
마라26aa94bb,14,12,0,0,0,,834.0000000000000000000000000000000,0,0,
마라26aa95aa,8,0,0,0,0,,6.0000000000000000000000000000000,0,0,
마라26aa95ab,0,0,0,0,0,,0.0000000000000000000000000000000,0,0,
마라26aa95ba,0,0,0,0,0,,,0,0,
마라26aa95bb,0,0,0,0,0,,,0,0,
마라26aa96aa,0,0,0,0,0,,,0,0,
마라26aa96ab,0,0,0,0,0,,,0,0,
마라26aa96ba,0,0,0,0,0,,,0,0,
마라26aa96bb,0,0,0,0,0,,,0,0,
마라26aa97aa,0,0,0,0,0,,,0,0,
마라26aa97ab,0,0,0,0,0,,,0,0,
마라26aa97ba,0,0,0,0,0,,,0,0,
마라26aa97bb,0,0,0,0,0,,,0,0,
마라26aa98aa,0,0,0,0,0,,,0,0,
마라26aa98ab,0,0,0,0,0,,0.0000000000000000000000000000000,0,0,
마라26aa98ba,4,0,0,0,0,,8.0000000000000000000000000000000,0,0,
마라26aa98bb,8,0,0,0,0,,13.0000000000000000000000000000000,0,0,
마라26aa99aa,33,0,0,0,0,,0.0000000000000000000000000000000,0,0,
마라26aa99ab,7,1,0,0,0,,0.0000000000000000000000000000000,0,0,
마라26aa99ba,10,0,0,0,0,,,0,0,
마라26aa99bb,2,0,0,0,0,,0.0000000000000000000000000000000,0,0,
마라26ab91bb,7,3,0,0,0,,31.0000000000000000000000000000000,0,0,
마라26ab92aa,16,4,0,0,0,,19.0000000000000000000000000000000,0,0,
마라26ab92ab,2,0,0,0,0,,0.0000000000000000000000000000000,0,0,
마라26ab92ba,0,0,0,0,0,,,0,0,
마라26ab92bb,0,0,0,0,0,,0.0000000000000000000000000000000,0,0,
마라26ab93aa,1,0,0,0,0,455.000000,0.0000000000000000000000000000000,0,0,35.000000000000000
마라26ab93ab,27,0,1,1,0,,108.0000000000000000000000000000000,0,1,
마라26ab93ba,22,4,0,0,0,,765.0000000000000000000000000000000,0,0,33.748554910000003
마라26ab93bb,6,5,0,2,0,,577.0000000000000000000000000000000,0,0,37.000000000000000
마라26ab94aa,30,5,0,0,0,,478.0000000000000000000000000000000,0,0,38.204479769999999
마라26ab94ab,21,6,0,0,0,,713.0000000000000000000000000000000,0,0,
마라26ab94ba,16,1,0,0,0,,480.0000000000000000000000000000000,0,0,32.615606939999999
마라26ab94bb,1,1,0,0,0,,65.0000000000000000000000000000000,0,0,
마라26ab95aa,0,0,0,0,0,,0.0000000000000000000000000000000,0,0,
마라26ab95ab,4,0,0,0,0,,0.0000000000000000000000000000000,0,0,
마라26ab95ba,2,0,0,0,0,,0.0000000000000000000000000000000,0,0,
마라26ab95bb,0,0,0,0,0,,,0,0,
마라26ab96aa,0,0,0,0,0,,,0,0,14.618497110000000
마라26ab96ab,0,0,0,0,0,,,0,0,
마라26ab96ba,0,0,0,0,0,,,0,0,
마라26ab96bb,0,0,0,0,0,,,0,0,
마라26ab97aa,0,0,0,0,0,,,0,0,
마라26ab97ab,0,0,0,0,0,,,0,0,
마라26ab97ba,0,0,0,0,0,,,0,0,
마라26ab97bb,0,0,0,0,0,,,0,0,
마라26ab98aa,0,0,0,0,0,,,0,0,
마라26ab98ab,0,0,0,0,0,,,0,0,
마라26ab98ba,18,0,0,0,0,,19.0000000000000000000000000000000,0,0,
마라26ab98bb,14,0,0,0,0,,0.0000000000000000000000000000000,0,0,
마라26ab99aa,2,1,0,0,0,,0.0000000000000000000000000000000,0,0,
마라26ab99ab,4,0,0,0,0,,0.0000000000000000000000000000000,0,0,
마라26ab99ba,0,0,0,0,0,,17.0000000000000000000000000000000,0,0,
마라26ab99bb,0,0,0,0,0,,0.0000000000000000000000000000000,0,0,
마라26ba91bb,3,0,0,0,0,,,0,0,
마라26ba92aa,0,0,0,0,0,,,0,0,
마라26ba92ab,0,0,0,0,0,,,0,0,
마라26ba92ba,0,0,0,0,0,,,0,0,
마라26ba92bb,0,0,0,0,0,,,0,0,
마라26ba93aa,11,0,0,0,0,,0.0000000000000000000000000000000,0,0,22.874277459999998
마라26ba93ab,50,1,1,1,0,,299.0000000000000000000000000000000,0,2,26.674855489999999
마라26ba93ba,6,4,0,0,0,,249.0000000000000000000000000000000,0,0,
마라26ba93bb,9,1,0,0,0,,427.0000000000000000000000000000000,0,0,
마라26ba94aa,34,1,2,0,0,,653.0000000000000000000000000000000,0,0,
마라26ba94ab,2,0,0,0,0,,61.0000000000000000000000000000000,0,0,
마라26ba94ba,0,0,0,0,0,,,0,0,
마라26ba94bb,0,0,0,0,0,,,0,0,
마라26ba95aa,0,0,0,0,0,,,0,0,
마라26ba95ab,0,0,0,0,0,,0.0000000000000000000000000000000,0,0,
마라26ba95ba,0,0,0,0,0,,,0,0,
마라26ba95bb,0,0,0,0,0,,,0,0,
마라26ba96aa,1,0,0,0,0,,,0,0,
마라26ba96ab,0,0,0,0,0,,,0,0,
마라26ba96ba,0,0,0,0,0,,,0,0,
마라26ba96bb,0,0,0,0,0,,,0,0,
마라26ba97aa,0,0,0,0,0,,,0,0,
마라26ba97ab,0,0,0,0,0,,,0,0,
마라26ba97ba,0,0,0,0,0,,,0,0,
마라26ba97bb,0,0,0,0,0,,,0,0,
마라26ba98aa,0,0,0,0,0,,,0,0,
마라26ba98ab,0,0,0,0,0,,,0,0,
마라26ba98ba,0,0,0,0,0,,,0,0,
마라26ba98bb,0,0,0,0,0,,,0,0,
마라26ba99aa,0,0,0,0,0,,,0,0,
마라26ba99ab,0,0,0,0,0,,,0,0,
마라26ba99ba,23,0,0,0,0,,22.0000000000000000000000000000000,0,0,
마라26ba99bb,2,0,0,0,0,,18.0000000000000000000000000000000,0,0,
마라26bb91bb,0,0,0,0,0,,,0,0,
마라26bb92aa,0,0,0,0,0,,,0,0,
마라26bb92ab,0,0,0,0,0,,,0,0,
마라26bb92ba,0,0,0,0,0,,,0,0,
마라26bb92bb,0,0,0,0,0,,,0,0,
마라26bb93aa,5,0,0,0,0,,0.0000000000000000000000000000000,0,0,
마라26bb93ab,58,1,2,0,0,,277.0000000000000000000000000000000,0,0,49.500867049999997
마라26bb93ba,65,13,5,0,0,,1012.0000000000000000000000000000000,0,0,
마라26bb93bb,41,4,0,0,0,,800.0000000000000000000000000000000,0,0,
마라26bb94aa,38,10,0,0,0,,687.0000000000000000000000000000000,0,0,51.497109829999999
마라26bb94ab,4,0,0,0,0,,138.0000000000000000000000000000000,0,0,
마라26bb94ba,0,0,0,0,0,,,0,0,
마라26bb94bb,0,0,0,0,0,,,0,0,
마라26bb95aa,0,0,0,0,0,,,0,0,
마라26bb95ab,0,0,0,0,0,,,0,0,
마라26bb95ba,0,0,0,0,0,,,0,0,
마라26bb95bb,0,0,0,0,0,,,0,0,
마라26bb96aa,1,0,0,0,0,298.000000,0.0000000000000000000000000000000,0,1,
마라26bb96ab,7,0,0,0,0,,0.0000000000000000000000000000000,0,0,
마라26bb96ba,1,0,0,0,0,,9.0000000000000000000000000000000,0,0,
마라26bb96bb,0,0,0,0,0,,,0,0,
마라26bb97aa,0,0,0,0,0,,,0,0,
마라26bb97ab,3,0,0,0,0,,0.0000000000000000000000000000000,0,0,
마라26bb97ba,13,0,0,0,0,,9.9999999999999982236431605997495,0,0,
마라26bb97bb,2,0,0,0,0,,,0,0,
마라26bb98aa,0,0,0,0,0,,,0,0,
마라26bb98ab,0,0,0,0,0,,,0,0,
마라26bb98ba,0,0,0,0,0,,,0,0,
마라26bb98bb,0,0,0,0,0,,,0,0,
마라26bb99aa,0,0,0,0,0,,,0,0,
마라26bb99ab,0,0,0,0,0,,,0,0,
마라26bb99ba,14,0,0,0,0,,0.0000000000000000000000000000000,0,0,
마라26bb99bb,6,0,0,0,0,,,0,0,
마라27aa91bb,0,0,0,0,0,,,0,0,
마라27aa92aa,3,0,0,0,0,,,0,0,
마라27aa92ab,0,0,0,0,0,,,0,0,
마라27aa92ba,0,0,0,0,0,,,0,0,
마라27aa92bb,0,0,0,0,0,,,0,0,16.000000000000000
마라27aa93aa,0,0,0,0,0,,,0,0,
마라27aa93ab,27,7,0,0,0,,227.0000000000000000000000000000000,0,0,41.000000000000000
마라27aa93ba,35,1,0,0,0,,707.0000000000000000000000000000000,0,0,39.562138730000001
마라27aa93bb,72,1,4,1,0,,475.0000000000000000000000000000000,0,0,
마라27aa94aa,43,7,0,0,0,,1123.0000000000000000000000000000000,0,0,
마라27aa94ab,15,1,0,0,0,,1147.0000000000000000000000000000000,0,0,
마라27aa94ba,2,0,0,0,0,,39.0000000000000000000000000000000,0,0,26.434971099999999
마라27aa94bb,0,0,0,0,0,,0.0000000000000000000000000000000,0,0,
마라27aa95aa,0,0,0,1,0,,,0,0,
마라27aa95ab,0,0,0,0,0,,,0,0,
마라27aa95ba,0,0,0,0,0,,,0,0,
마라27aa95bb,0,0,0,0,0,,,0,0,
마라27aa96aa,0,0,0,0,0,,,0,0,
마라27aa96ab,0,0,0,0,0,,,0,0,
마라27aa96ba,0,0,0,0,0,,,0,0,
마라27aa96bb,0,0,0,0,0,,,0,0,
마라27aa97aa,1,0,0,0,0,,0.0000000000000000000000000000000,0,0,
마라27aa97ab,14,0,0,0,0,,12.0000000000000000000000000000000,0,0,
마라27aa97ba,11,0,0,0,0,,12.0000000000000000000000000000000,0,0,
마라27aa97bb,0,0,0,0,0,,,0,0,
마라27aa98aa,0,0,0,0,0,,,0,0,
마라27aa98ab,0,0,0,0,0,,,0,0,
마라27aa98ba,0,0,0,0,0,,,0,0,
마라27aa98bb,0,0,0,0,0,,,0,0,
마라27aa99aa,0,0,0,0,0,,,0,0,
마라27aa99ab,0,0,0,0,0,,11.0000000000000000000000000000000,0,0,
마라27aa99ba,4,0,0,0,0,,24.0000000000000000000000000000000,0,0,
마라27aa99bb,0,0,0,0,0,,,0,0,
마라27ab91bb,0,0,0,0,0,,,0,0,
마라27ab92aa,0,0,0,0,0,,0.0000000000000000000000000000000,0,0,
마라27ab92ab,5,0,0,0,0,,26.0000000000000000000000000000000,0,0,
마라27ab92ba,0,0,0,0,0,,,0,0,
마라27ab92bb,1,0,0,0,0,,,0,0,22.000000000000000
마라27ab93aa,2,0,1,0,0,,0.0000000000000000000000000000000,0,0,16.718930640000000
마라27ab93ab,34,0,0,0,0,,148.0000000000000000000000000000000,0,0,10.000000000000000
마라27ab93ba,40,3,1,1,0,,949.0000000000000000000000000000000,0,0,29.661849709999998
마라27ab93bb,44,1,3,2,0,,969.0000000000000000000000000000000,0,0,
마라27ab94aa,45,6,0,0,0,,646.0000000000000000000000000000000,0,0,
마라27ab94ab,29,4,0,0,0,,1119.0000000000000000000000000000000,0,0,
마라27ab94ba,27,3,0,1,0,,1075.0000000000000000000000000000000,0,0,31.913294799999999
마라27ab94bb,45,10,0,0,0,,2158.0000000000000000000000000000000,107,0,
마라27ab95aa,16,6,0,1,0,,2999.0000000000000000000000000000000,0,0,
마라27ab95ab,0,2,0,0,0,,172.0000000000000000000000000000000,0,0,
마라27ab95ba,0,1,0,0,0,,,0,0,
마라27ab95bb,0,4,0,0,0,,,0,0,
마라27ab96aa,0,4,0,8,0,,39.9999999999999928945726423989981,0,0,
마라27ab96ab,0,0,0,0,0,,,0,0,
마라27ab96ba,0,0,0,0,0,,,0,0,
마라27ab96bb,0,0,0,0,0,,,0,0,
마라27ab97aa,0,12,0,0,0,,,0,0,
마라27ab97ab,15,0,0,0,0,,9.9999999999999982236431605997495,0,0,
마라27ab97ba,3,0,0,0,0,,18.0000000000000000000000000000000,0,0,
마라27ab97bb,0,0,0,0,0,,,0,0,
마라27ab98aa,0,0,0,0,0,,,0,0,
마라27ab98ab,0,0,0,0,0,,,0,0,
마라27ab98ba,0,0,0,0,0,,,0,0,
마라27ab98bb,0,0,0,0,0,,,0,0,
마라27ab99aa,0,0,0,0,0,,,0,0,
마라27ab99ab,1,0,0,0,0,,7.0000000000000008881784197001252,0,0,
마라27ab99ba,4,1,0,0,0,,22.0000000000000000000000000000000,0,0,
마라27ab99bb,0,0,0,0,0,,,0,0,
마라27ba91bb,0,0,0,0,0,,,0,0,
마라27ba92aa,0,0,0,0,0,,,0,0,
마라27ba92ab,15,0,0,0,0,,16.0000000000000000000000000000000,74,0,
마라27ba92ba,0,0,0,0,0,,,0,0,
마라27ba92bb,0,0,0,0,0,,,0,0,
마라27ba93aa,7,0,0,0,0,,,0,0,24.991329480000001
마라27ba93ab,17,1,1,2,0,,88.0000000000000000000000000000000,0,0,
마라27ba93ba,38,4,0,0,0,,1102.0000000000000000000000000000000,0,0,15.000000000000000
마라27ba93bb,32,2,1,0,0,,924.0000000000000000000000000000000,0,0,10.000000000000000
마라27ba94aa,45,1,1,1,0,,448.0000000000000568434188608080149,0,0,40.552745659999999
마라27ba94ab,65,2,0,0,0,,221.0000000000000000000000000000000,0,0,19.000000000000000
마라27ba94ba,36,4,0,0,0,,886.0000000000000000000000000000000,0,0,13.725433530000000
마라27ba94bb,39,4,0,0,0,,871.0000000000000000000000000000000,0,0,
마라27ba95aa,25,9,0,0,0,,854.0000000000000000000000000000000,0,0,
마라27ba95ab,47,9,0,0,0,,1910.0000000000000000000000000000000,0,0,10.000000000000000
마라27ba95ba,3,8,0,0,0,,6.0000000000000000000000000000000,0,0,
마라27ba95bb,6,7,0,0,0,,233.0000000000000000000000000000000,0,0,
마라27ba96aa,8,0,0,0,0,,681.0000000000000000000000000000000,0,0,29.000000000000000
마라27ba96ab,9,1,0,1,0,,0.0000000000000000000000000000000,0,0,8.000000000000000
마라27ba96ba,21,1,0,0,0,,30.0000000000000000000000000000000,0,0,
마라27ba96bb,0,5,0,0,0,,0.0000000000000000000000000000000,0,0,
마라27ba97aa,0,5,0,0,0,,,0,0,
마라27ba97ab,0,0,0,0,0,,,84,0,
마라27ba97ba,0,0,0,0,0,,0.0000000000000000000000000000000,0,0,
마라27ba97bb,0,0,0,0,0,,,0,0,
마라27ba98aa,0,0,0,0,0,,,0,0,
마라27ba98ab,0,0,0,0,0,,,0,0,
마라27ba98ba,0,0,0,0,0,,,0,0,
마라27ba98bb,0,0,0,0,0,,,0,0,
마라27ba99aa,0,0,0,0,0,,,0,0,
마라27ba99ab,0,0,0,0,0,,,0,0,
마라27ba99ba,0,0,0,0,0,,,0,0,
마라27ba99bb,0,0,0,0,0,,,0,0,
마라27bb91bb,0,0,0,0,0,,,0,0,
마라27bb92aa,0,0,0,0,0,,,0,0,
마라27bb92ab,0,0,0,0,0,,19.9999999999999964472863211994991,0,0,
마라27bb92ba,1,0,0,0,0,,,0,0,
마라27bb92bb,1,0,0,0,0,,,0,0,
마라27bb93aa,1,0,0,0,0,,24.0000000000000000000000000000000,0,0,
마라27bb93ab,11,1,0,0,0,,0.0000000000000000000000000000000,0,0,34.562138730000001
마라27bb93ba,52,4,1,0,0,,274.0000000000000000000000000000000,0,0,28.000000000000000
마라27bb93bb,67,3,4,0,0,,202.0000000000000000000000000000000,0,0,36.002890170000001
마라27bb94aa,66,10,0,1,0,,92.0000000000000000000000000000000,0,0,
마라27bb94ab,57,2,0,0,0,,33.0000000000000000000000000000000,0,0,
마라27bb94ba,79,0,0,0,0,,18.0000000000000000000000000000000,0,0,23.965317920000000
마라27bb94bb,63,6,0,0,0,,86.0000000000000000000000000000000,0,0,
마라27bb95aa,32,4,0,0,0,,266.0000000000000000000000000000000,0,0,
마라27bb95ab,79,3,0,0,0,,589.0000000000000000000000000000000,0,0,
마라27bb95ba,67,1,2,0,0,,977.0000000000000000000000000000000,0,0,
마라27bb95bb,8,0,0,0,0,,1119.0000000000000000000000000000000,0,0,
마라27bb96aa,40,0,0,0,0,,1175.0000000000000000000000000000000,0,0,23.907514450000001
마라27bb96ab,4,0,0,1,0,,89.0000000000000000000000000000000,0,0,15.092485549999999
마라27bb96ba,0,0,0,0,0,,0.0000000000000000000000000000000,0,1,
마라27bb96bb,4,0,0,0,0,,0.0000000000000000000000000000000,0,0,
마라27bb97aa,0,0,0,0,0,,,0,0,
마라27bb97ab,0,0,0,0,0,,,0,0,
마라27bb97ba,0,0,0,0,0,,,0,0,
마라27bb97bb,0,0,0,0,0,,,0,0,
마라27bb98aa,0,0,0,0,0,,,0,0,
마라27bb98ab,0,0,0,0,0,,,0,0,
마라27bb98ba,0,0,0,0,0,,,0,0,
마라27bb98bb,0,0,0,0,0,,,0,0,
마라27bb99aa,0,0,0,0,0,,,0,0,
마라27bb99ab,0,0,0,0,0,,,0,0,
마라27bb99ba,0,0,0,0,0,,,0,0,
마라27bb99bb,0,0,0,0,0,,,0,0,
마라28aa91bb,0,0,0,0,0,,,0,0,
마라28aa92aa,0,0,0,0,0,,,0,0,
마라28aa92ab,0,0,0,0,0,,,0,0,
마라28aa92ba,3,0,0,0,0,,0.0000000000000000000000000000000,0,0,
마라28aa92bb,0,0,0,0,0,,,0,0,
마라28aa93aa,12,0,0,0,0,,,0,0,
마라28aa93ab,7,0,0,0,0,,0.0000000000000000000000000000000,0,0,
마라28aa93ba,45,0,0,0,0,,0.0000000000000000000000000000000,0,0,
마라28aa93bb,73,0,0,0,0,,0.0000000000000000000000000000000,0,0,
마라28aa94aa,53,0,0,0,0,,,0,0,
마라28aa94ab,49,3,0,0,0,,0.0000000000000000000000000000000,0,0,
마라28aa94ba,82,0,0,0,0,,,0,0,
마라28aa94bb,24,0,0,0,0,,,0,0,
마라28aa95aa,27,2,1,1,0,,430.0000000000000000000000000000000,0,0,
마라28aa95ab,82,2,0,0,0,,632.0000000000000000000000000000000,0,0,
마라28aa95ba,66,0,0,2,0,,568.0000000000000000000000000000000,0,0,
마라28aa95bb,54,1,0,0,0,101.000000,552.0000000000000000000000000000000,0,0,
마라28aa96aa,49,0,0,0,0,,673.0000000000000000000000000000000,0,0,
마라28aa96ab,7,0,0,2,0,,56.0000000000000071054273576010019,0,0,
마라28aa96ba,2,0,0,0,0,,14.0000000000000017763568394002505,0,1,
마라28aa96bb,0,0,0,0,0,,,0,0,
마라28aa97aa,0,0,0,0,0,,,0,0,
마라28aa97ab,0,0,0,0,0,,,0,0,
마라28aa97ba,0,0,0,0,0,,,0,0,
마라28aa97bb,0,0,0,0,0,,,0,0,
마라28aa98aa,0,0,0,0,0,,,0,0,
마라28aa98ab,0,0,0,0,0,,,0,0,
마라28aa98ba,0,0,0,0,0,,,0,0,
마라28aa98bb,0,0,0,0,0,,,0,0,
마라28aa99aa,0,0,0,0,0,,,0,0,
마라28aa99ab,0,0,0,0,0,,,0,0,
마라28aa99ba,0,0,0,0,0,,,0,0,
마라28aa99bb,0,0,0,0,0,,,0,0,
마라28ab92aa,0,0,0,0,0,,,0,0,
마라28ab92ba,0,0,0,0,0,,0.0000000000000000000000000000000,0,0,
마라28ab92bb,19,0,0,0,0,,35.0000000000000000000000000000000,0,0,
마라28ab93aa,34,0,0,0,0,,0.0000000000000000000000000000000,0,0,
마라28ab93ab,60,0,3,0,0,,19.0000000000000000000000000000000,0,0,
마라28ab93ba,65,0,0,0,0,,,0,0,
마라28ab93bb,72,0,1,0,0,,0.0000000000000000000000000000000,0,0,27.000000000000000
마라28ab94aa,29,0,0,0,0,,,0,0,
마라28ab94ab,12,3,0,0,0,,942.0000000000000000000000000000000,0,0,
마라28ab94ba,13,4,0,0,0,,895.0000000000000000000000000000000,0,0,
마라28ab94bb,25,3,0,0,0,,39.9999999999999928945726423989981,0,0,
마라28ab95aa,16,3,0,1,0,,462.0000000000000000000000000000000,0,0,13.815028900000000
마라28ab95ab,21,11,0,1,1,,803.0000000000000000000000000000000,0,0,28.000000000000000
마라28ab95ba,48,10,0,0,0,,1484.0000000000000000000000000000000,0,0,37.000000000000000
마라28ab95bb,53,11,0,0,0,,2330.0000000000000000000000000000000,0,0,18.500000000000000
마라28ab96aa,6,9,0,0,0,,1634.0000000000000000000000000000000,0,0,
마라28ab96ab,0,0,0,0,0,,,0,0,
마라28ab96ba,0,0,0,0,0,,,0,0,
마라28ab96bb,0,0,0,0,0,,,0,0,
마라28ab97aa,0,0,0,0,0,,,0,0,
마라28ab97ab,1,0,0,0,0,,,0,0,
마라28ab97ba,0,0,0,0,0,,0.0000000000000000000000000000000,0,0,
마라28ab97bb,0,0,0,0,0,,,0,0,
마라28ab98aa,0,0,0,0,0,,,0,0,
마라28ab98ab,0,0,0,0,0,,,0,0,
마라28ab98ba,0,0,0,0,0,,,0,0,
마라28ab98bb,0,0,0,0,0,,,0,0,
마라28ab99aa,0,0,0,0,0,,,0,0,
마라28ab99ab,0,0,0,0,0,,,0,0,
마라28ab99ba,0,0,0,0,0,,,0,0,
마라28ab99bb,0,0,0,0,0,,,0,0,
마라28ba92ab,0,0,0,0,0,,,0,0,
마라28ba92ba,0,0,0,0,0,,,0,0,
마라28ba92bb,1,0,0,0,0,,,0,0,
마라28ba93aa,7,0,0,0,0,,,0,0,113.000000000000000
마라28ba93ab,94,0,10,0,0,,0.0000000000000000000000000000000,0,0,
마라28ba93ba,69,0,0,0,0,,0.0000000000000000000000000000000,0,0,
마라28ba93bb,9,0,0,0,0,,,0,0,
마라28ba94aa,39,0,0,0,0,,,0,0,
마라28ba94ab,28,3,1,0,0,,1254.0000000000000000000000000000000,0,0,
마라28ba94ba,28,11,0,0,0,,2159.0000000000000000000000000000000,0,0,40.542630060000000
마라28ba94bb,35,6,0,0,0,,772.0000000000000000000000000000000,0,0,
마라28ba95aa,55,3,0,0,0,,730.0000000000000000000000000000000,0,0,
마라28ba95ab,23,0,0,0,0,,574.0000000000000000000000000000000,0,0,
마라28ba95ba,3,2,0,0,0,,393.0000000000000000000000000000000,0,0,
마라28ba95bb,0,0,0,0,0,,,0,0,
마라28ba96aa,3,0,0,0,0,,,0,0,
마라28ba96ab,1,0,0,1,0,,6.0000000000000000000000000000000,0,0,
마라28ba96ba,0,0,0,0,0,,,0,0,
마라28ba96bb,0,0,0,0,0,,,0,0,
마라28ba97aa,0,0,0,0,0,,,0,0,
마라28ba97ab,0,0,0,0,0,,0.0000000000000000000000000000000,0,0,
마라28ba97ba,0,0,0,0,0,,,0,0,
마라28ba97bb,0,0,0,0,0,,,0,0,
마라28ba98aa,0,0,0,0,0,,,0,0,
마라28ba98ab,0,0,0,0,0,,,0,0,
마라28ba98ba,0,0,0,0,0,,,0,0,
마라28ba98bb,0,0,0,0,0,,,0,0,
마라28ba99aa,0,0,0,0,0,,,0,0,
마라28ba99ab,0,0,0,0,0,,,8,0,
마라28ba99ba,0,0,0,0,0,,0.0000000000000000000000000000000,0,0,
마라28ba99bb,0,0,0,0,0,,0.0000000000000000000000000000000,0,0,
마라28bb92aa,0,0,0,0,0,,,0,0,
마라28bb92ab,13,3,0,0,0,,9.0000000000000000000000000000000,0,0,
마라28bb92ba,0,0,0,0,0,,0.0000000000000000000000000000000,0,0,
마라28bb92bb,0,0,0,0,0,,,0,0,
마라28bb93aa,23,0,0,0,0,,0.0000000000000000000000000000000,0,0,16.000000000000000
마라28bb93ab,104,1,2,0,0,,0.0000000000000000000000000000000,0,0,
마라28bb93ba,63,5,2,0,0,,0.0000000000000000000000000000000,0,0,70.179190750000004
마라28bb93bb,53,0,0,0,0,,0.0000000000000000000000000000000,76,0,
마라28bb94aa,71,0,0,0,0,,0.0000000000000000000000000000000,0,0,
마라28bb94ab,57,2,2,1,0,,140.0000000000000000000000000000000,0,0,
마라28bb94ba,13,15,0,1,0,,2364.0000000000000000000000000000000,0,0,9.690751445000000
마라28bb94bb,23,0,0,0,0,,879.0000000000000000000000000000000,0,0,
마라28bb95aa,0,0,0,0,0,,326.0000000000000000000000000000000,0,0,
마라28bb95ab,0,0,0,0,0,,,0,0,
마라28bb95ba,0,0,0,0,0,,,0,0,
마라28bb95bb,0,0,0,0,0,,,0,0,
마라28bb96aa,0,0,0,0,0,,,0,0,
마라28bb96ab,0,0,0,0,0,,,0,0,
마라28bb96ba,0,0,0,0,0,,,0,0,
마라28bb96bb,0,0,0,0,0,,,0,0,
마라28bb97aa,0,0,0,0,0,,,0,0,
마라28bb97ab,0,0,0,0,0,,,0,0,
마라28bb97ba,0,0,0,0,0,,,0,0,
마라28bb97bb,0,0,0,0,0,,0.0000000000000000000000000000000,0,0,
마라28bb98aa,0,0,0,0,0,,,0,0,
마라28bb98ab,0,0,0,0,0,,,0,0,
마라28bb98ba,0,0,0,0,0,,,0,0,
마라28bb98bb,0,0,0,0,0,,,0,0,
마라28bb99aa,0,0,0,0,0,,,0,0,
마라28bb99ab,0,0,0,0,0,,,0,0,
마라28bb99ba,0,0,0,0,0,,,0,0,
마라28bb99bb,12,0,0,0,0,,9.0000000000000000000000000000000,0,0,
마라29aa92aa,0,0,0,0,0,,,0,0,
마라29aa92ab,7,0,0,0,0,,19.9999999999999964472863211994991,0,0,
마라29aa92ba,1,0,0,0,0,,0.0000000000000000000000000000000,0,0,
마라29aa92bb,0,0,0,0,0,,,0,0,
마라29aa93aa,38,0,0,0,0,,,0,0,18.000000000000000
마라29aa93ab,62,0,0,0,0,,0.0000000000000000000000000000000,0,0,
마라29aa93ba,78,2,0,0,0,,32.0000000000000000000000000000000,0,0,
마라29aa93bb,51,0,0,1,0,,169.0000000000000000000000000000000,0,0,45.460260120000001
마라29aa94aa,97,0,0,0,0,,195.0000000000000000000000000000000,0,0,46.699421970000003
마라29aa94ab,26,3,0,0,0,,19.9999999999999964472863211994991,0,0,
마라29aa94ba,4,0,0,0,0,,59.0000000000000000000000000000000,0,0,
마라29aa94bb,4,0,0,0,0,,11.0000000000000000000000000000000,0,0,
마라29aa95aa,0,0,0,0,0,,,0,0,
마라29aa95ab,0,0,0,0,0,,,0,0,
마라29aa95ba,0,0,0,0,0,,,0,0,
마라29aa95bb,0,0,0,0,0,,,0,0,
마라29aa96aa,0,0,0,0,0,,,0,0,
마라29aa96ab,0,0,0,0,0,,,0,0,
마라29aa96ba,0,0,0,0,0,,,0,0,
마라29aa96bb,0,0,0,0,0,,,0,0,
마라29aa97aa,0,0,0,0,0,,,0,0,
마라29aa97ab,0,0,0,0,0,,,0,0,
마라29aa97ba,0,0,0,0,0,,,0,0,
마라29aa97bb,0,0,0,0,0,,,0,0,
마라29aa98aa,0,0,0,0,0,,,0,0,
마라29aa98ab,0,0,0,0,0,,,0,0,
마라29aa98ba,0,0,0,0,0,,,0,0,
마라29aa98bb,0,0,0,0,0,,,0,0,
마라29aa99aa,0,0,0,0,0,,,0,0,
마라29aa99ab,0,0,0,0,0,,0.0000000000000000000000000000000,0,0,
마라29aa99ba,2,0,0,0,0,,,0,0,
마라29aa99bb,4,0,0,0,0,,19.0000000000000000000000000000000,0,0,
마라29ab92aa,0,0,0,0,0,,,0,0,
마라29ab92ab,15,0,0,0,0,,55.0000000000000000000000000000000,0,0,
마라29ab92ba,2,0,0,0,0,,0.0000000000000000000000000000000,0,0,
마라29ab92bb,0,0,0,0,0,,,0,0,
마라29ab93aa,51,1,0,0,0,,0.0000000000000000000000000000000,0,0,39.000000000000000
마라29ab93ab,94,0,0,0,0,,0.0000000000000000000000000000000,0,2,20.000000000000000
마라29ab93ba,63,0,3,0,0,,21.0000000000000000000000000000000,0,0,15.000000000000000
마라29ab93bb,61,4,1,0,0,,746.0000000000000000000000000000000,0,0,48.453034680000002
마라29ab94aa,42,8,0,1,0,,526.0000000000000000000000000000000,0,0,
마라29ab94ab,6,1,0,0,0,,222.0000000000000000000000000000000,0,0,
마라29ab94ba,0,0,0,0,0,,,0,0,
마라29ab94bb,2,0,0,0,0,,6.0000000000000000000000000000000,0,1,
마라29ab95aa,0,0,0,0,0,,,0,0,
마라29ab95ab,0,0,0,0,0,,,0,0,
마라29ab95ba,0,0,0,0,0,,,0,0,
마라29ab95bb,0,0,0,0,0,,,0,0,
마라29ab96aa,0,0,0,0,0,,,0,0,
마라29ab96ab,0,0,0,0,0,,,0,0,
마라29ab96ba,0,0,0,0,0,,,0,0,
마라29ab96bb,0,0,0,0,0,,,0,0,
마라29ab97aa,0,0,0,0,0,,,0,0,
마라29ab97ab,0,0,0,0,0,,,0,0,
마라29ab97ba,0,0,0,0,0,,,0,0,
마라29ab97bb,0,0,0,0,0,,,0,0,
마라29ab98aa,0,0,0,0,0,,,0,0,
마라29ab98ab,0,0,0,0,0,,,0,0,
마라29ab98ba,0,0,0,0,0,,,0,0,
마라29ab98bb,0,0,0,0,0,,,0,0,
마라29ab99aa,0,0,0,0,0,,0.0000000000000000000000000000000,0,0,
마라29ab99ab,11,0,0,0,0,,0.0000000000000000000000000000000,0,0,
마라29ab99ba,0,0,0,0,0,,,0,0,
마라29ab99bb,1,0,0,0,0,,,0,0,
마라29ba92ab,9,0,0,0,0,,50.0000000000000000000000000000000,0,0,
마라29ba92ba,28,0,0,0,0,,26.0000000000000000000000000000000,0,0,
마라29ba92bb,7,0,0,0,0,,7.0000000000000008881784197001252,0,0,
마라29ba93aa,12,0,0,0,0,,,0,0,17.874277459999998
마라29ba93ab,17,4,0,0,0,,81.0000000000000000000000000000000,0,0,33.962427750000003
마라29ba93ba,24,11,0,0,0,,1424.0000000000000000000000000000000,0,0,
마라29ba93bb,7,5,0,0,0,,690.0000000000000000000000000000000,65,0,36.682080919999997
마라29ba94aa,0,0,0,0,0,,50.0000000000000000000000000000000,0,0,
마라29ba94ab,0,0,0,0,0,,,0,0,
마라29ba94ba,0,0,0,0,0,,,0,0,
마라29ba94bb,0,0,0,0,0,,,0,0,
마라29ba95aa,0,0,0,0,0,,0.0000000000000000000000000000000,0,0,
마라29ba95ab,0,0,0,0,0,,,0,0,
마라29ba95ba,0,0,0,0,0,,,0,0,
마라29ba95bb,0,0,0,0,0,,,0,0,
마라29ba96aa,0,0,0,0,0,,,0,0,
마라29ba96ab,0,0,0,0,0,,,0,0,
마라29ba96ba,0,0,0,0,0,,,0,0,
마라29ba96bb,0,0,0,0,0,,,0,0,
마라29ba97aa,0,0,0,0,0,,,0,0,
마라29ba97ab,0,0,0,0,0,,,0,0,
마라29ba97ba,0,0,0,0,0,,,0,0,
마라29ba97bb,0,0,0,0,0,,,0,0,
마라29ba98aa,0,0,0,0,0,,,0,0,
마라29ba98ab,0,0,0,0,0,,,0,0,
마라29ba98ba,0,0,0,0,0,,,0,0,
마라29ba98bb,1,0,0,0,0,,0.0000000000000000000000000000000,0,0,
마라29ba99aa,0,0,0,0,0,,,0,0,
마라29ba99ab,0,0,0,0,0,,,0,0,
마라29ba99ba,0,0,0,0,0,,,0,0,
마라29ba99bb,0,0,0,0,0,,,0,0,
마라29bb92ab,0,0,0,0,0,,,0,0,
마라29bb92ba,21,0,0,0,0,,34.0000000000000000000000000000000,0,0,
마라29bb92bb,52,2,0,1,0,,41.0000000000000000000000000000000,4,1,
마라29bb93aa,15,3,0,0,0,,114.0000000000000000000000000000000,0,0,22.718208090000001
마라29bb93ab,1,0,0,0,0,,12.0000000000000000000000000000000,0,0,12.546242769999999
마라29bb93ba,0,0,0,0,0,,,0,0,
마라29bb93bb,0,0,0,0,0,,,0,0,
마라29bb94aa,0,0,0,0,0,,,0,0,
마라29bb94ab,0,0,0,0,0,,,0,0,
마라29bb94ba,0,0,0,0,0,,,0,0,
마라29bb94bb,0,0,0,0,0,,,0,0,
마라29bb95aa,0,0,0,0,0,,,0,0,
마라29bb95ab,0,0,0,0,0,,,0,0,
마라29bb95ba,0,0,0,0,0,,,0,0,
마라29bb95bb,0,0,0,0,0,,,0,0,
마라29bb96aa,0,0,0,0,0,,,0,0,
마라29bb96ab,0,0,0,0,0,,,0,0,
마라29bb96ba,0,0,0,0,0,,,0,0,
마라29bb96bb,0,0,0,0,0,,,0,0,
마라29bb97aa,0,0,0,0,0,,,0,0,
마라29bb97ab,0,0,0,0,0,,,0,0,
마라29bb97ba,0,0,0,0,0,,,0,0,
마라29bb97bb,0,0,0,0,0,,,0,0,
마라29bb98aa,0,0,0,0,0,,,0,0,
마라29bb98ab,1,0,0,0,0,,,0,0,
마라29bb98ba,0,0,0,0,0,,,0,0,
마라29bb98bb,0,0,0,0,0,,,0,0,
마라29bb99aa,1,0,0,0,0,,0.0000000000000000000000000000000,0,0,
마라29bb99ab,0,0,0,0,0,,,0,0,
마라29bb99ba,0,0,0,0,0,,,0,0,
마라29bb99bb,0,0,0,0,0,,,0,0,
마라30aa92ba,0,0,0,0,0,,,0,0,19.329479769999999
마라30aa92bb,49,0,0,0,0,,48.0000000000000000000000000000000,0,0,32.119942199999997
마라30aa93aa,0,0,0,0,0,,,0,0,
마라30aa93ab,0,0,0,0,0,,,0,0,
마라30aa93ba,0,0,0,0,0,,,0,0,
마라30aa93bb,0,0,0,0,0,,,0,0,
마라30aa94aa,0,0,0,0,0,,,0,0,
마라30aa94ab,0,0,0,0,0,,,0,0,
마라30aa94ba,0,0,0,0,0,,,0,0,
마라30aa94bb,0,0,0,0,0,,,0,0,
마라30aa95aa,0,0,0,0,0,,,0,0,
마라30aa95ab,0,0,0,0,0,,,0,0,
마라30aa95ba,0,0,0,0,0,,,0,0,
마라30aa95bb,0,0,0,0,0,,,0,0,
마라30aa96aa,0,0,0,0,0,,,0,0,
마라30aa96ab,0,0,0,0,0,,,0,0,
마라30aa96ba,0,0,0,0,0,,,0,0,
마라30aa96bb,0,0,0,0,0,,,0,0,
마라30aa97aa,0,0,0,0,0,,,0,0,
마라30aa97ab,0,0,0,0,0,,,0,0,
마라30aa97ba,0,0,0,0,0,,,0,0,
마라30aa97bb,0,0,0,0,0,,,0,0,
마라30aa98aa,0,0,0,0,0,,,0,0,
마라30aa98ab,5,0,0,0,0,,0.0000000000000000000000000000000,0,0,
마라30aa98ba,0,0,0,0,0,,,0,0,
마라30aa98bb,0,0,0,0,0,,,0,0,
마라30aa99aa,0,0,0,0,0,,,0,0,
마라30aa99ab,0,0,0,0,0,,,0,0,
마라30aa99ba,0,0,0,0,0,,,0,0,
마라30aa99bb,0,0,0,0,0,,,0,0,
마라30ab92ba,0,0,0,0,0,,,0,0,
마라30ab92bb,4,0,0,0,0,,9.9999999999999982236431605997495,0,0,
마라30ab93aa,8,0,0,0,0,,19.0000000000000000000000000000000,0,0,
마라30ab93ab,0,0,0,0,0,,,0,0,
마라30ab93ba,0,0,0,0,0,,0.0000000000000000000000000000000,0,0,
마라30ab93bb,0,0,0,0,0,,9.9999999999999982236431605997495,0,0,
마라30ab94aa,0,0,0,0,0,,,0,0,
마라30ab94ab,0,0,0,0,0,,,0,0,
마라30ab94ba,0,0,0,0,0,,,0,0,
마라30ab94bb,0,0,0,0,0,,,0,0,
마라30ab95aa,0,0,0,0,0,,,0,0,
마라30ab95ab,0,0,0,0,0,,,0,0,
마라30ab95ba,0,0,0,0,0,,,0,0,
마라30ab95bb,1,0,0,0,0,,,0,0,
마라30ab96aa,0,0,0,0,0,,,0,0,
마라30ab96ab,0,0,0,0,0,,,0,0,
마라30ab96ba,0,0,0,0,0,,,0,0,
마라30ab96bb,0,0,0,0,0,,,0,0,
마라30ab97aa,0,0,0,0,0,,,0,0,
마라30ab97ab,0,0,0,0,0,,,0,0,
마라30ab97ba,0,0,0,0,0,,,0,0,
마라30ab97bb,0,0,0,0,0,,,0,0,
마라30ab98aa,0,0,0,0,0,,,0,0,
마라30ab98ab,0,0,0,0,0,,,0,0,
마라30ab98ba,0,0,0,0,0,,,0,0,
마라30ab98bb,0,0,0,0,0,,,0,0,
마라30ab99aa,0,0,0,0,0,,,0,0,
마라30ab99ab,0,0,0,0,0,,,0,0,
마라30ab99ba,0,0,0,0,0,,,0,0,
마라30ab99bb,0,0,0,0,0,,,0,0,
마라30ba92bb,0,0,0,0,0,,,0,0,
마라30ba93aa,0,0,0,0,0,,,0,0,
마라30ba93ab,2,2,0,0,0,,,0,0,27.000000000000000
마라30ba93ba,7,1,0,0,0,,16.0000000000000000000000000000000,0,0,
마라30ba93bb,2,0,0,0,0,,19.9999999999999964472863211994991,5,0,20.000000000000000
마라30ba94aa,1,0,0,0,0,,0.0000000000000000000000000000000,0,0,
마라30ba94ab,0,0,0,0,0,,,0,0,
마라30ba94ba,0,0,0,0,0,,,0,0,
마라30ba94bb,0,0,0,0,0,,,0,0,
마라30ba95aa,0,0,0,0,0,,,0,0,
마라30ba95ab,0,0,0,0,0,,,0,0,
마라30ba95ba,0,0,0,0,0,,,0,0,
마라30ba95bb,0,0,0,0,0,,,0,0,
마라30ba96aa,0,0,0,0,0,,,0,0,
마라30ba96ab,0,0,0,0,0,,,0,0,
마라30ba96ba,0,0,0,0,0,,,0,0,
마라30ba96bb,0,0,0,0,0,,,0,0,
마라30ba97aa,0,0,0,0,0,,,0,0,
마라30ba97ab,0,0,0,0,0,,,0,0,
마라30ba97ba,0,0,0,0,0,,,0,0,
마라30ba97bb,0,0,0,0,0,,,0,0,
마라30ba98aa,0,0,0,0,0,,,0,0,
마라30ba98ab,0,0,0,0,0,,,0,0,
마라30ba98ba,0,0,0,0,0,,,0,0,
마라30ba98bb,0,0,0,0,0,,,0,0,
마라30ba99aa,0,0,0,0,0,,,0,0,
마라30ba99ab,0,0,0,0,0,,,0,0,
마라30ba99ba,0,0,0,0,0,,,0,0,
마라30ba99bb,0,0,0,0,0,,,0,0,
마라30bb93aa,0,0,0,0,0,,,0,0,
마라30bb93ab,1,0,0,0,0,,,0,0,
마라30bb93ba,10,0,0,0,0,,12.0000000000000000000000000000000,0,0,
마라30bb93bb,0,0,0,0,0,,0.0000000000000000000000000000000,0,0,
마라30bb94aa,0,0,0,0,0,,,0,0,
마라30bb94ab,0,0,0,0,0,,,0,0,
마라30bb94ba,0,0,0,0,0,,,0,0,
마라30bb94bb,0,0,0,0,0,,,0,0,
마라30bb95aa,3,0,0,0,0,,0.0000000000000000000000000000000,0,0,
마라30bb95ab,0,0,0,0,0,,,0,0,
마라30bb95ba,0,0,0,0,0,,0.0000000000000000000000000000000,0,0,
마라30bb95bb,0,0,0,0,0,,,0,0,
마라30bb96aa,0,0,0,0,0,,,0,0,
마라30bb96ab,0,0,0,0,0,,,0,0,
마라30bb96ba,0,0,0,0,0,,,0,0,
마라30bb96bb,0,0,0,0,0,,,0,0,
마라30bb97aa,0,0,0,0,0,,,0,0,
마라30bb97ab,0,0,0,0,0,,,0,0,
마라30bb97ba,0,0,0,0,0,,,0,0,
마라30bb97bb,0,0,0,0,0,,,0,0,
마라30bb98aa,0,0,0,0,0,,,0,0,
마라30bb98ab,0,0,0,0,0,,,0,0,
마라30bb98ba,0,0,0,0,0,,,0,0,
마라30bb98bb,0,0,0,0,0,,,0,0,
마라30bb99aa,0,0,0,0,0,,,0,0,
마라30bb99ab,0,0,0,0,0,,,0,0,
마라30bb99ba,0,0,0,0,0,,,0,0,
마라30bb99bb,0,0,0,0,0,,,0,0,
마라31aa93ab,0,0,0,0,0,,,0,0,
마라31aa93ba,1,0,0,0,0,,,0,0,
마라31aa93bb,0,0,0,0,0,,,0,0,
마라31aa94aa,0,0,0,0,0,,,4,0,
마라31aa94ab,0,0,0,0,0,,0.0000000000000000000000000000000,0,0,
마라31aa94ba,0,0,0,0,0,,,0,0,
마라31aa94bb,1,0,0,0,0,,,0,0,15.713872830000000
마라31aa95aa,1,0,0,0,0,,0.0000000000000000000000000000000,0,0,
마라31aa95ab,3,0,0,0,0,,24.0000000000000000000000000000000,0,0,
마라31aa95ba,2,0,0,0,0,,0.0000000000000000000000000000000,0,0,
마라31aa95bb,0,0,0,0,0,,,0,0,
마라31aa96aa,0,0,0,0,0,,,0,0,
마라31aa96ab,0,0,0,0,0,,,0,0,
마라31aa96ba,0,0,0,0,0,,,0,0,
마라31aa96bb,0,0,0,0,0,,,0,0,
마라31aa97aa,0,0,0,0,0,,,0,0,
마라31aa97ab,0,0,0,0,0,,,0,0,
마라31aa97ba,0,0,0,0,0,,,0,0,
마라31aa97bb,0,0,0,0,0,,,0,0,
마라31aa98aa,0,0,0,0,0,,,0,0,
마라31aa98ab,0,0,0,0,0,,,0,0,
마라31aa98ba,0,0,0,0,0,,,0,0,
마라31aa98bb,0,0,0,0,0,,,0,0,
마라31aa99aa,0,0,0,0,0,,,0,0,
마라31aa99ab,0,0,0,0,0,,,0,0,
마라31aa99ba,0,0,0,0,0,,,0,0,
마라31aa99bb,0,0,0,0,0,,,0,0,
마라31ab93ab,0,0,0,0,0,,,0,0,
마라31ab93ba,1,0,0,0,0,,0.0000000000000000000000000000000,0,0,
마라31ab93bb,0,0,0,0,0,,,0,0,
마라31ab94aa,1,0,0,0,0,,,0,0,
마라31ab94ab,2,0,0,0,0,,24.0000000000000000000000000000000,0,0,
마라31ab94ba,5,0,0,0,0,,64.0000000000000000000000000000000,0,0,
마라31ab94bb,0,0,0,0,0,,29.0000000000000000000000000000000,0,0,
마라31ab95aa,0,0,0,0,0,,0.0000000000000000000000000000000,0,0,
마라31ab95ab,0,0,0,0,0,,0.0000000000000000000000000000000,0,0,
마라31ab95ba,1,0,0,0,0,,0.0000000000000000000000000000000,0,0,
마라31ab95bb,0,0,0,0,0,,,0,0,
마라31ab96aa,0,0,0,0,0,,,1,0,
마라31ab96ab,2,0,0,0,0,,0.0000000000000000000000000000000,0,0,
마라31ab96ba,0,0,0,0,0,,,0,0,
마라31ab96bb,0,0,0,0,0,,,0,0,
마라31ab97aa,0,0,0,0,0,,,0,0,
마라31ab97ab,0,0,0,0,0,,,0,0,
마라31ab97ba,0,0,0,0,0,,,0,0,
마라31ab97bb,0,0,0,0,0,,,0,0,
마라31ab98aa,0,0,0,0,0,,,0,0,
마라31ab98ab,0,0,0,0,0,,,0,0,
마라31ab98ba,0,0,0,0,0,,,0,0,
마라31ab98bb,0,0,0,0,0,,,0,0,
마라31ab99aa,0,0,0,0,0,,,0,0,
마라31ab99ab,0,0,0,0,0,,,0,0,
마라31ab99ba,0,0,0,0,0,,,0,0,
마라31ab99bb,0,0,0,0,0,,,0,0,
마라31ba93aa,0,0,0,0,0,,,0,0,
마라31ba93ab,0,0,0,0,0,,,0,0,
마라31ba93ba,0,0,0,0,0,,,0,0,
마라31ba93bb,4,0,0,0,0,,0.0000000000000000000000000000000,0,0,
마라31ba94aa,7,1,0,0,0,,0.0000000000000000000000000000000,0,0,
마라31ba94ab,12,0,0,0,0,,16.0000000000000000000000000000000,0,0,52.064306360000003
마라31ba94ba,1,0,0,0,0,,52.0000000000000000000000000000000,0,0,
마라31ba94bb,2,0,0,0,0,,7.0000000000000008881784197001252,0,0,18.000000000000000
마라31ba95aa,0,0,0,0,0,,0.0000000000000000000000000000000,0,0,26.001445090000001
마라31ba95ab,0,0,0,0,0,,0.0000000000000000000000000000000,0,0,51.565028900000001
마라31ba95ba,0,0,0,0,0,,,0,0,
마라31ba95bb,0,0,0,0,0,,,0,0,
마라31ba96aa,0,0,0,0,0,,,0,0,
마라31ba96ab,0,0,0,0,0,,,0,0,
마라31ba96ba,0,0,0,0,0,,,0,0,
마라31ba96bb,0,0,0,0,0,,,0,0,
마라31ba97aa,0,0,0,0,0,,,0,0,
마라31ba97ab,0,0,0,0,0,,,0,0,
마라31ba97ba,0,0,0,0,0,,,0,0,
마라31ba97bb,0,0,0,0,0,,,0,0,
마라31ba98aa,0,0,0,0,0,,,0,0,
마라31ba98ab,0,0,0,0,0,,,0,0,
마라31ba98ba,0,0,0,0,0,,,0,0,
마라31ba98bb,0,0,0,0,0,,,0,0,
마라31ba99aa,0,0,0,0,0,,,0,0,
마라31ba99ab,0,0,0,0,0,,,0,0,
마라31ba99ba,0,0,0,0,0,,,0,0,
마라31ba99bb,0,0,0,0,0,,,0,0,
마라31bb93aa,0,0,0,0,0,,,0,0,
마라31bb93ab,0,0,0,0,0,,,0,0,
마라31bb93ba,5,0,0,0,0,,0.0000000000000000000000000000000,0,0,
마라31bb93bb,1,0,0,0,0,,0.0000000000000000000000000000000,0,0,
마라31bb94aa,6,1,0,0,0,,9.0000000000000000000000000000000,0,0,
마라31bb94ab,22,0,0,1,0,,9.9999999999999982236431605997495,0,0,
마라31bb94ba,4,0,0,0,0,,21.0000000000000000000000000000000,0,0,
마라31bb94bb,0,0,0,0,0,,,0,0,
마라31bb95aa,0,0,0,0,0,,,0,0,
마라31bb95ab,0,0,0,0,0,,,0,0,
마라31bb95ba,0,0,0,0,0,,,0,0,
마라31bb95bb,0,0,0,0,0,,,0,0,
마라31bb96aa,0,0,0,0,0,,,0,0,
마라31bb96ab,0,0,0,0,0,,,0,0,
마라31bb96ba,0,0,0,0,0,,,0,0,
마라31bb96bb,0,0,0,0,0,,,0,0,
마라31bb97aa,0,0,0,0,0,,,0,0,
마라31bb97ab,0,0,0,0,0,,,0,0,
마라31bb97ba,0,0,0,0,0,,,0,0,
마라31bb97bb,0,0,0,0,0,,,0,0,
마라31bb98aa,0,0,0,0,0,,,0,0,
마라31bb98ab,0,0,0,0,0,,,0,0,
마라31bb98ba,0,0,0,0,0,,,0,0,
마라31bb98bb,0,0,0,0,0,,,0,0,
마라31bb99aa,0,0,0,0,0,,,0,0,
마라31bb99ab,0,0,0,0,0,,,0,0,
마라31bb99ba,0,0,0,0,0,,,0,0,
마라31bb99bb,0,0,0,0,0,,,0,0,
마라32aa93aa,0,0,0,0,0,,,0,0,
마라32aa93ab,0,0,0,0,0,,0.0000000000000000000000000000000,0,0,
마라32aa93ba,4,0,0,0,0,,12.0000000000000000000000000000000,0,0,
마라32aa93bb,3,0,0,0,0,,21.0000000000000000000000000000000,0,0,
마라32aa94aa,2,0,0,0,0,,0.0000000000000000000000000000000,0,0,
마라32aa94ab,7,2,0,0,0,,0.0000000000000000000000000000000,0,0,
마라32aa94ba,3,0,0,0,0,,21.0000000000000000000000000000000,0,0,
마라32aa94bb,0,0,0,0,0,,,0,0,
마라32aa95aa,0,0,0,0,0,,,0,0,
마라32aa95ab,0,0,0,0,0,,,0,0,
마라32aa95ba,0,0,0,0,0,,,0,0,
마라32aa95bb,0,0,0,0,0,,,0,0,
마라32aa96aa,0,0,0,0,0,,,0,0,
마라32aa96ab,0,0,0,0,0,,,0,0,
마라32aa96ba,0,0,0,0,0,,,0,0,
마라32aa96bb,0,0,0,0,0,,,0,0,
마라32aa97aa,0,0,0,0,0,,,0,0,
마라32aa97ab,0,0,0,0,0,,,0,0,
마라32aa97ba,0,0,0,0,0,,,0,0,
마라32aa97bb,0,0,0,0,0,,,0,0,
마라32aa98aa,0,0,0,0,0,,,0,0,
마라32aa98ab,0,0,0,0,0,,,0,0,
마라32aa98ba,0,0,0,0,0,,,0,0,
마라32aa98bb,0,0,0,0,0,,,0,0,
마라32aa99aa,0,0,0,0,0,,,0,0,
마라32aa99ab,0,0,0,0,0,,,0,0,
마라32aa99ba,0,0,0,0,0,,,0,0,
마라32aa99bb,0,0,0,0,0,,,0,0,
마라32ab93aa,0,0,0,0,0,,,0,0,
마라32ab93ab,0,0,0,0,0,,,0,0,
마라32ab93ba,0,0,0,0,0,,0.0000000000000000000000000000000,0,0,
마라32ab93bb,1,0,0,0,0,,8.0000000000000000000000000000000,0,0,
마라32ab94aa,0,0,0,0,0,,0.0000000000000000000000000000000,0,0,
마라32ab94ab,1,0,0,0,0,,0.0000000000000000000000000000000,0,0,
마라32ab94ba,2,0,0,0,0,,,0,0,
마라32ab94bb,0,0,0,0,0,,,0,0,
마라32ab95aa,0,0,0,0,0,,,0,0,
마라32ab95ab,0,0,0,0,0,,,0,0,
마라32ab95ba,0,0,0,0,0,,,0,0,
마라32ab95bb,0,0,0,0,0,,,0,0,
마라32ab96aa,1,0,0,0,0,,,0,0,30.432080920000001
마라32ab96ab,0,0,0,0,0,,,0,0,
마라32ab96ba,0,0,0,0,0,,,0,0,
마라32ab96bb,0,0,0,0,0,,,0,0,
마라32ab97aa,0,0,0,0,0,,,0,0,
마라32ab97ab,0,0,0,0,0,,,0,0,
마라32ab97ba,0,0,0,0,0,,,0,0,
마라32ab97bb,0,0,0,0,0,,,0,0,
마라32ab98aa,0,0,0,0,0,,,0,0,
마라32ab98ab,0,0,0,0,0,,,0,0,
마라32ab98ba,0,0,0,0,0,,,0,0,
마라32ab98bb,0,0,0,0,0,,,0,0,
마라32ab99aa,0,0,0,0,0,,,0,0,
마라32ab99ab,0,0,0,0,0,,,0,0,
마라32ab99ba,0,0,0,0,0,,,0,0,
마라32ab99bb,0,0,0,0,0,,,0,0,
마라32ba93aa,0,0,0,0,0,,,0,0,
마라32ba93ab,0,0,0,0,0,,0.0000000000000000000000000000000,0,0,
마라32ba93ba,0,0,0,0,0,,0.0000000000000000000000000000000,0,0,
마라32ba93bb,7,0,0,0,0,,13.0000000000000000000000000000000,0,0,
마라32ba94aa,0,0,0,0,0,,,0,0,
마라32ba94ab,0,0,0,0,0,,,0,0,
마라32ba94ba,0,0,0,0,0,,,0,0,
마라32ba94bb,0,0,0,0,0,,,0,0,
마라32ba95aa,0,0,0,0,0,,,0,0,
마라32ba95ab,0,0,0,0,0,,,0,0,
마라32ba95ba,1,0,0,0,0,,6.0000000000000000000000000000000,0,0,
마라32ba95bb,2,0,0,0,0,,19.0000000000000000000000000000000,0,0,
마라32ba96aa,0,0,0,0,0,,0.0000000000000000000000000000000,12,0,
마라32ba96ab,0,0,0,0,0,,,0,0,34.560549129999998
마라32ba96ba,4,0,0,0,0,,,0,0,
마라32ba96bb,1,0,0,0,0,,,0,0,
마라32ba97aa,3,0,0,0,0,,0.0000000000000000000000000000000,0,0,
마라32ba97ab,0,0,0,0,0,,0.0000000000000000000000000000000,0,0,
마라32ba97ba,0,0,0,0,0,,,0,0,
마라32ba97bb,0,0,0,0,0,,,0,0,
마라32ba98aa,0,0,0,0,0,,,0,0,
마라32ba98ab,0,0,0,0,0,,,0,0,
마라32ba98ba,0,0,0,0,0,,,0,0,
마라32ba98bb,0,0,0,0,0,,,0,0,
마라32ba99aa,0,0,0,0,0,,,0,0,
마라32ba99ab,0,0,0,0,0,,,0,0,
마라32ba99ba,0,0,0,0,0,,,0,0,
마라32ba99bb,0,0,0,0,0,,,0,0,
마라32bb93aa,0,0,0,0,0,,,0,0,
마라32bb93ab,0,0,0,0,0,,,0,0,
마라32bb93ba,0,0,0,0,0,,0.0000000000000000000000000000000,0,0,
마라32bb93bb,3,0,0,0,0,,0.0000000000000000000000000000000,0,0,
마라32bb94aa,0,0,0,0,0,,0.0000000000000000000000000000000,0,0,
마라32bb94ab,0,0,0,0,0,,,0,0,
마라32bb94ba,1,0,0,0,0,,,0,0,
마라32bb94bb,1,0,0,0,0,,,0,0,
마라32bb95aa,11,0,0,0,0,,13.0000000000000000000000000000000,0,0,
마라32bb95ab,7,0,0,0,0,,25.0000000000000000000000000000000,0,0,
마라32bb95ba,14,0,0,0,0,,0.0000000000000000000000000000000,0,0,
마라32bb95bb,5,0,0,0,0,,18.0000000000000000000000000000000,0,0,
마라32bb96aa,3,0,0,0,0,,14.0000000000000017763568394002505,0,0,
마라32bb96ab,0,0,0,0,0,,,0,0,
마라32bb96ba,0,0,0,0,0,,,0,0,
마라32bb96bb,0,0,0,0,0,,,0,0,
마라32bb97aa,1,0,0,0,0,,0.0000000000000000000000000000000,0,0,
마라32bb97ab,0,0,0,0,0,,0.0000000000000000000000000000000,0,0,31.343930640000000
마라32bb97ba,0,0,0,0,0,,,0,0,
마라32bb97bb,0,0,0,0,0,,,0,0,
마라32bb98aa,0,0,0,0,0,,,0,0,
마라32bb98ab,0,0,0,0,0,,,0,0,
마라32bb98ba,0,0,0,0,0,,,0,0,
마라32bb98bb,0,0,0,0,0,,,0,0,
마라32bb99aa,0,0,0,0,0,,,0,0,
마라32bb99ab,0,0,0,0,0,,,0,0,
마라32bb99ba,0,0,0,0,0,,,0,0,
마라32bb99bb,0,0,0,0,0,,,0,0,
마라33aa93ab,0,0,0,0,0,,,0,0,
마라33aa93ba,0,0,0,0,0,,6.0000000000000000000000000000000,0,0,
마라33aa93bb,2,0,0,0,0,,12.0000000000000000000000000000000,0,0,
마라33aa94aa,0,0,0,0,0,,0.0000000000000000000000000000000,0,0,
마라33aa94ab,0,0,0,0,0,,0.0000000000000000000000000000000,0,0,
마라33aa94ba,2,0,0,0,0,,6.0000000000000000000000000000000,0,0,14.200867049999999
마라33aa94bb,0,0,0,0,0,,0.0000000000000000000000000000000,0,0,
마라33aa95aa,1,0,0,0,0,,,0,0,
마라33aa95ab,2,0,0,0,0,,0.0000000000000000000000000000000,0,0,
마라33aa95ba,2,0,0,0,0,,,0,0,
마라33aa95bb,0,0,0,0,0,,0.0000000000000000000000000000000,0,0,
마라33aa96aa,0,0,0,0,0,,,0,0,
마라33aa96ab,0,0,0,0,0,,0.0000000000000000000000000000000,0,0,
마라33aa96ba,0,0,0,0,0,,,0,0,
마라33aa96bb,0,0,0,0,0,,,0,0,
마라33aa97aa,0,0,0,0,0,,,0,0,
마라33aa97ab,1,0,0,0,0,,,0,0,
마라33aa97ba,0,0,0,0,0,,,0,0,
마라33aa97bb,0,0,0,0,0,,,0,0,
마라33aa98aa,0,0,0,0,0,,,0,0,
마라33aa98ab,0,0,0,0,0,,,0,0,
마라33aa98ba,0,0,0,0,0,,,0,0,
마라33aa98bb,0,0,0,0,0,,,0,0,
마라33aa99aa,0,0,0,0,0,,,0,0,
마라33aa99ab,0,0,0,0,0,,,0,0,
마라33aa99ba,0,0,0,0,0,,,0,0,
마라33aa99bb,0,0,0,0,0,,,0,0,
마라33ab93ab,0,0,0,0,0,,,0,0,
마라33ab93ba,2,0,0,0,0,,14.0000000000000017763568394002505,0,0,
마라33ab93bb,0,0,0,0,0,,0.0000000000000000000000000000000,0,0,16.874277459999998
마라33ab94aa,0,0,0,0,0,,0.0000000000000000000000000000000,0,0,
마라33ab94ab,4,0,0,0,0,,0.0000000000000000000000000000000,0,0,
마라33ab94ba,5,0,0,0,0,,0.0000000000000000000000000000000,0,0,40.919075139999997
마라33ab94bb,0,0,0,0,0,,0.0000000000000000000000000000000,0,0,
마라33ab95aa,0,0,0,0,0,,,0,0,
마라33ab95ab,0,0,0,0,0,,,0,0,
마라33ab95ba,0,0,0,0,0,,,0,0,
마라33ab95bb,0,0,0,0,0,,,0,0,
마라33ab96aa,0,0,0,0,0,,,0,0,
마라33ab96ab,0,0,0,0,0,,,0,0,
마라33ab96ba,0,0,0,0,0,,,0,0,
마라33ab96bb,0,0,0,0,0,,,0,0,
마라33ab97aa,0,0,0,0,0,,,0,0,
마라33ab97ab,0,0,0,0,0,,,0,0,
마라33ab97ba,0,0,0,0,0,,,0,0,
마라33ab97bb,0,0,0,0,0,,,0,0,
마라33ab98aa,0,0,0,0,0,,,0,0,
마라33ab98ab,0,0,0,0,0,,,0,0,
마라33ab98ba,0,0,0,0,0,,,0,0,
마라33ab98bb,0,0,0,0,0,,,0,0,
마라33ab99aa,0,0,0,0,0,,,0,0,
마라33ab99ab,0,0,0,0,0,,,0,0,
마라33ab99ba,0,0,0,0,0,,,0,0,
마라33ab99bb,0,0,0,0,0,,,0,0,
마라33ba93ab,0,0,0,0,0,,,0,0,
마라33ba93ba,3,0,0,0,0,,18.0000000000000000000000000000000,0,0,
마라33ba93bb,9,0,0,0,0,,28.0000000000000035527136788005009,0,0,43.000000000000000
마라33ba94aa,1,0,0,0,0,,8.0000000000000000000000000000000,0,0,
마라33ba94ab,0,0,0,0,0,,,0,0,
마라33ba94ba,0,0,0,0,0,,,0,0,
마라33ba94bb,2,0,0,0,0,,0.0000000000000000000000000000000,0,0,
마라33ba95aa,0,0,0,0,0,,,0,0,
마라33ba95ab,1,0,0,0,0,,0.0000000000000000000000000000000,0,0,
마라33ba95ba,0,0,0,0,0,,,0,0,
마라33ba95bb,0,0,0,0,0,,,0,0,
마라33ba96aa,0,0,0,0,0,,,0,0,
마라33ba96ab,0,0,0,0,0,,,0,0,
마라33ba96ba,0,0,0,0,0,,,0,0,
마라33ba96bb,0,0,0,0,0,,,0,0,
마라33ba97aa,0,0,0,0,0,,,0,0,
마라33ba97ab,0,0,0,0,0,,,0,0,
마라33ba97ba,0,0,0,0,0,,,0,0,
마라33ba97bb,0,0,0,0,0,,,0,0,
마라33ba98aa,0,0,0,0,0,,,0,0,
마라33ba98ab,1,0,0,0,0,,,0,0,
마라33ba98ba,0,0,0,0,0,,,0,0,
마라33ba98bb,0,0,0,0,0,,,0,0,
마라33ba99aa,0,0,0,0,0,,,0,0,
마라33ba99ab,0,0,0,0,0,,,0,0,
마라33ba99ba,0,0,0,0,0,,,0,0,
마라33ba99bb,0,0,0,0,0,,,0,0,
마라33bb93ab,0,0,0,0,0,,,0,0,
마라33bb93ba,0,0,0,0,0,,18.0000000000000000000000000000000,0,0,
마라33bb93bb,0,0,0,0,0,,6.0000000000000000000000000000000,0,0,
마라33bb94aa,0,0,0,0,0,,12.0000000000000000000000000000000,0,0,
마라33bb94ab,4,0,0,0,0,,11.0000000000000000000000000000000,0,0,
마라33bb94ba,1,0,0,0,0,,,0,0,
마라33bb94bb,3,0,0,0,0,,0.0000000000000000000000000000000,0,0,22.000000000000000
마라33bb95aa,21,0,0,0,0,,22.0000000000000000000000000000000,0,0,
마라33bb95ab,15,0,0,0,0,,92.0000000000000000000000000000000,0,0,24.000000000000000
마라33bb95ba,0,0,0,0,0,,,0,0,
마라33bb95bb,0,0,0,0,0,,,0,0,
마라33bb96aa,0,0,0,0,0,,,0,0,
마라33bb96ab,0,0,0,0,0,,,0,0,
마라33bb96ba,0,0,0,0,0,,,0,0,
마라33bb96bb,0,0,0,0,0,,,0,0,
마라33bb97aa,0,0,0,0,0,,,0,0,
마라33bb97ab,0,0,0,0,0,,,0,0,
마라33bb97ba,0,0,0,0,0,,,0,0,
마라33bb97bb,0,0,0,0,0,,,0,0,
마라33bb98aa,0,0,0,0,0,,,0,0,
마라33bb98ab,1,0,0,0,0,,0.0000000000000000000000000000000,0,0,27.606936420000000
마라33bb98ba,0,0,0,0,0,,0.0000000000000000000000000000000,0,0,
마라33bb98bb,0,0,0,0,0,,0.0000000000000000000000000000000,0,0,
마라33bb99aa,0,0,0,0,0,,,0,0,
마라33bb99ab,0,0,0,0,0,,,0,0,
마라33bb99ba,0,0,0,0,0,,,0,0,
마라33bb99bb,0,0,0,0,0,,,0,0,
마라34aa93ab,0,0,0,0,0,,,0,0,
마라34aa93ba,1,0,0,0,0,,0.0000000000000000000000000000000,0,0,33.218930640000004
마라34aa93bb,2,0,0,0,0,,9.0000000000000000000000000000000,0,0,
마라34aa94aa,0,0,0,0,0,,0.0000000000000000000000000000000,0,0,
마라34aa94ab,7,0,0,0,0,,28.0000000000000035527136788005009,0,0,
마라34aa94ba,9,0,0,0,0,,18.0000000000000000000000000000000,0,0,
마라34aa94bb,0,0,0,0,0,,,0,0,
마라34aa95aa,8,0,0,0,0,,9.9999999999999982236431605997495,0,0,
마라34aa95ab,1,0,0,0,0,,0.0000000000000000000000000000000,0,0,
마라34aa95ba,0,0,0,0,0,,,0,0,
마라34aa95bb,4,0,0,0,0,,0.0000000000000000000000000000000,0,0,
마라34aa96aa,0,0,0,0,0,,,0,0,
마라34aa96ab,0,0,0,0,0,,,0,0,
마라34aa96ba,0,0,0,0,0,,,0,0,
마라34aa96bb,0,0,0,0,0,,,0,0,
마라34aa97aa,0,0,0,0,0,,,0,0,
마라34aa97ab,0,0,0,0,0,,,0,0,
마라34aa97ba,0,0,0,0,0,,,0,0,
마라34aa97bb,0,0,0,0,0,,,0,0,
마라34aa98aa,0,0,0,0,0,,,0,0,
마라34aa98ab,1,0,0,0,0,,22.0000000000000000000000000000000,0,0,
마라34aa98ba,0,0,0,0,0,,0.0000000000000000000000000000000,0,0,
마라34aa98bb,0,0,0,0,0,,,0,0,
마라34aa99aa,2,0,0,0,0,,0.0000000000000000000000000000000,0,0,
마라34aa99ab,1,0,0,0,0,,,0,0,
마라34aa99ba,0,0,0,0,0,,,0,0,
마라34aa99bb,0,0,0,0,0,,,0,0,
마라34ab93ab,0,0,0,0,0,,,0,0,
마라34ab93ba,1,0,0,0,0,,0.0000000000000000000000000000000,0,0,
마라34ab93bb,4,0,0,0,0,,18.0000000000000000000000000000000,0,0,
마라34ab94aa,2,0,0,0,0,,0.0000000000000000000000000000000,0,0,
마라34ab94ab,1,0,0,0,0,,0.0000000000000000000000000000000,0,0,
마라34ab94ba,0,0,0,0,0,,,0,0,
마라34ab94bb,0,0,0,0,0,,0.0000000000000000000000000000000,0,0,
마라34ab95aa,0,0,0,0,0,,0.0000000000000000000000000000000,0,0,
마라34ab95ab,6,0,0,0,0,,,0,0,
마라34ab95ba,0,0,0,0,0,,,0,0,
마라34ab95bb,0,0,0,0,0,,,0,0,
마라34ab96aa,0,0,0,0,0,,,0,0,
마라34ab96ab,0,0,0,0,0,,,0,0,
마라34ab96ba,0,0,0,0,0,,,0,0,
마라34ab96bb,0,0,0,0,0,,,0,0,
마라34ab97aa,0,0,0,0,0,,,0,0,
마라34ab97ab,0,0,0,0,0,,27.0000000000000000000000000000000,0,0,
마라34ab97ba,1,0,0,0,0,,0.0000000000000000000000000000000,0,0,
마라34ab97bb,2,0,0,0,0,,,10,0,
마라34ab98aa,0,0,0,0,0,,,0,0,
마라34ab98ab,2,0,0,0,0,,8.0000000000000000000000000000000,0,0,
마라34ab98ba,0,0,0,0,0,,17.0000000000000000000000000000000,0,0,
마라34ab98bb,0,0,0,0,0,,12.0000000000000000000000000000000,0,0,
마라34ab99aa,3,0,0,0,0,,0.0000000000000000000000000000000,0,0,
마라34ab99ab,2,0,0,0,0,,7.0000000000000008881784197001252,0,0,
마라34ab99ba,0,0,0,0,0,,,0,0,
마라34ab99bb,0,0,0,0,0,,,0,0,
마라34ba93ba,4,0,0,0,0,,7.0000000000000008881784197001252,0,0,
마라34ba93bb,7,0,0,0,0,,16.0000000000000000000000000000000,0,0,
마라34ba94aa,0,0,0,0,0,,0.0000000000000000000000000000000,0,0,19.500000000000000
마라34ba94ab,0,0,0,0,0,,0.0000000000000000000000000000000,0,0,
마라34ba94ba,0,0,0,0,0,,0.0000000000000000000000000000000,0,0,
마라34ba94bb,0,0,0,0,0,,0.0000000000000000000000000000000,0,0,
마라34ba95aa,15,0,0,3,0,,37.0000000000000000000000000000000,15,0,
마라34ba95ab,0,0,0,0,0,,,0,0,
마라34ba95ba,0,0,0,0,0,,,0,0,
마라34ba95bb,0,0,0,0,0,,,0,0,
마라34ba96aa,11,0,0,0,0,,39.0000000000000000000000000000000,0,0,
마라34ba96ab,0,0,0,0,0,,0.0000000000000000000000000000000,0,0,
마라34ba96ba,0,0,0,0,0,,,8,0,
마라34ba96bb,2,0,0,0,0,,,0,0,
마라34ba97aa,1,0,0,0,0,,0.0000000000000000000000000000000,0,0,
마라34ba97ab,30,0,0,0,0,,19.9999999999999964472863211994991,0,0,
마라34ba97ba,6,0,0,0,0,,0.0000000000000000000000000000000,0,0,
마라34ba97bb,14,2,0,0,0,,0.0000000000000000000000000000000,0,0,
마라34ba98aa,2,0,0,0,0,,0.0000000000000000000000000000000,0,0,
마라34ba98ab,6,0,0,0,0,,9.9999999999999982236431605997495,0,0,
마라34ba98ba,0,0,0,1,0,,0.0000000000000000000000000000000,0,0,
마라34ba98bb,0,0,0,0,0,,0.0000000000000000000000000000000,0,0,
마라34ba99aa,5,0,0,0,0,,9.0000000000000000000000000000000,0,0,
마라34ba99ab,16,0,0,0,0,,50.0000000000000000000000000000000,0,0,
마라34ba99ba,8,0,0,0,0,,9.9999999999999982236431605997495,0,0,
마라34ba99bb,0,0,0,0,0,,,0,0,
마라34bb93ba,0,0,0,0,0,,6.0000000000000000000000000000000,0,0,
마라34bb93bb,11,0,0,0,0,,9.9999999999999982236431605997495,0,0,
마라34bb94aa,4,0,0,0,0,,0.0000000000000000000000000000000,0,0,
마라34bb94ab,1,0,0,0,0,,0.0000000000000000000000000000000,0,0,25.000000000000000
마라34bb94ba,3,0,0,0,0,,8.0000000000000000000000000000000,0,0,26.000000000000000
마라34bb94bb,0,0,0,0,0,,0.0000000000000000000000000000000,0,0,
마라34bb95aa,19,2,0,1,0,,17.0000000000000000000000000000000,13,0,17.343930640000000
마라34bb95ab,12,0,0,0,0,,12.0000000000000000000000000000000,0,0,
마라34bb95ba,4,0,0,0,0,,0.0000000000000000000000000000000,0,0,
마라34bb95bb,7,2,0,0,0,,0.0000000000000000000000000000000,0,0,
마라34bb96aa,9,0,0,0,0,,9.0000000000000000000000000000000,0,0,
마라34bb96ab,1,0,0,0,0,,,0,0,
마라34bb96ba,1,0,0,0,0,,,0,0,
마라34bb96bb,2,0,0,0,0,,0.0000000000000000000000000000000,0,0,
마라34bb97aa,10,0,0,0,0,,9.9999999999999982236431605997495,0,0,
마라34bb97ab,8,0,0,0,0,,,0,0,
마라34bb97ba,0,0,0,0,0,,,0,0,
마라34bb97bb,0,0,0,0,0,,,0,0,
마라34bb98aa,0,0,0,0,0,,,0,0,
마라34bb98ab,5,0,0,0,0,,0.0000000000000000000000000000000,0,0,
마라34bb98ba,5,3,0,0,0,,14.0000000000000017763568394002505,0,0,
마라34bb98bb,0,0,0,0,0,,,0,0,
마라34bb99aa,2,0,0,0,0,,,0,0,31.158236989999999
마라34bb99ab,1,0,0,0,0,,,0,0,
마라34bb99ba,0,0,0,0,0,,0.0000000000000000000000000000000,0,0,31.573699420000001
마라34bb99bb,1,0,0,0,0,,,0,0,
마라35aa93ba,0,0,0,0,0,,,0,0,
마라35aa93bb,2,0,0,0,0,,12.0000000000000000000000000000000,0,0,7.000000000000000
마라35aa94aa,2,0,0,0,0,,9.0000000000000000000000000000000,0,0,
마라35aa94ab,17,0,1,0,0,,0.0000000000000000000000000000000,0,0,
마라35aa94ba,16,0,0,0,0,,18.0000000000000000000000000000000,0,0,
마라35aa94bb,2,0,0,0,0,,0.0000000000000000000000000000000,0,0,
마라35aa95aa,3,0,0,0,0,,0.0000000000000000000000000000000,0,0,
마라35aa95ab,5,0,0,0,0,,0.0000000000000000000000000000000,0,0,
마라35aa95ba,0,0,0,0,0,,,0,0,
마라35aa95bb,0,0,0,0,0,,,0,0,
마라35aa96aa,0,0,0,0,0,,,0,0,
마라35aa96ab,1,0,0,0,0,,,0,0,
마라35aa96ba,3,0,0,0,0,,0.0000000000000000000000000000000,0,0,
마라35aa96bb,0,0,0,0,0,,,0,0,
마라35aa97aa,2,0,0,0,0,,0.0000000000000000000000000000000,0,0,
마라35aa97ab,1,0,0,0,0,,,0,0,
마라35aa97ba,0,0,0,0,0,,,0,0,
마라35aa97bb,0,0,0,0,0,,0.0000000000000000000000000000000,0,0,
마라35aa98aa,0,0,0,0,0,,0.0000000000000000000000000000000,0,0,
마라35aa98ab,0,0,0,0,0,,,0,0,
마라35aa98ba,10,0,0,0,0,,,0,0,
마라35aa98bb,2,0,0,0,0,,,0,0,
마라35aa99aa,2,0,0,0,0,,,0,0,
마라35aa99ab,3,0,0,0,0,,,0,0,19.000000000000000
마라35aa99ba,0,0,0,0,0,,,0,0,
마라35aa99bb,0,0,0,0,0,,,0,0,25.236994220000000
마라35ab93bb,5,0,0,0,0,,11.0000000000000000000000000000000,0,0,33.599132949999998
마라35ab94aa,7,0,0,0,0,,13.0000000000000000000000000000000,0,0,
마라35ab94ab,7,0,0,0,0,,15.0000000000000000000000000000000,0,0,
마라35ab94ba,8,0,0,0,0,,28.0000000000000035527136788005009,0,0,
마라35ab94bb,0,0,0,0,0,,11.0000000000000000000000000000000,0,0,
마라35ab95aa,1,0,0,0,0,,,0,0,
마라35ab95ab,0,0,0,0,0,,0.0000000000000000000000000000000,0,0,
마라35ab95ba,0,0,0,0,0,,0.0000000000000000000000000000000,0,0,
마라35ab95bb,0,0,0,0,0,,0.0000000000000000000000000000000,0,0,
마라35ab96aa,1,0,0,0,0,,0.0000000000000000000000000000000,0,0,
마라35ab96ab,0,0,0,0,0,,,0,0,
마라35ab96ba,0,0,0,0,0,,0.0000000000000000000000000000000,0,0,
마라35ab96bb,0,0,0,0,0,,,0,0,
마라35ab97aa,0,0,0,0,0,,,0,0,
마라35ab97ab,0,0,0,0,0,,,0,0,
마라35ab97ba,1,0,0,0,0,,,0,0,
마라35ab97bb,10,0,0,0,0,,44.0000000000000000000000000000000,0,0,
마라35ab98aa,3,0,0,0,0,,19.9999999999999964472863211994991,0,0,
마라35ab98ab,0,0,0,0,0,,,0,0,
마라35ab98ba,5,0,0,0,0,,,0,0,
마라35ab98bb,7,0,0,0,0,,,0,0,
마라35ab99aa,5,0,0,0,0,,,0,0,
마라35ab99ab,14,0,0,0,0,,,0,0,
마라35ab99ba,2,0,0,0,0,,,0,0,
마라35ab99bb,0,0,0,0,0,,,0,0,
마라35ba93bb,1,0,0,0,0,,,0,0,
마라35ba94aa,4,0,0,0,0,,12.0000000000000000000000000000000,0,0,
마라35ba94ab,6,0,0,0,0,,6.0000000000000000000000000000000,0,0,
마라35ba94ba,24,0,0,0,0,,39.9999999999999928945726423989981,0,0,
마라35ba94bb,0,0,0,0,0,,6.0000000000000000000000000000000,0,0,
마라35ba95aa,0,0,0,0,0,,0.0000000000000000000000000000000,0,0,
마라35ba95ab,0,0,0,0,0,,,0,0,
마라35ba95ba,0,0,0,0,0,,,0,0,
마라35ba95bb,0,0,0,0,0,,,0,0,
마라35ba96aa,0,0,0,0,0,,,0,0,
마라35ba96ab,0,0,0,0,0,,,0,0,
마라35ba96ba,0,0,0,0,0,,,0,0,
마라35ba96bb,2,0,0,0,0,,,0,0,
마라35ba97aa,3,0,0,0,0,,0.0000000000000000000000000000000,0,0,
마라35ba97ab,0,0,0,0,0,,0.0000000000000000000000000000000,0,0,
마라35ba97ba,0,0,0,0,0,,,0,0,
마라35ba97bb,4,0,0,0,0,,23.0000000000000000000000000000000,0,0,
마라35ba98aa,0,0,0,0,0,,0.0000000000000000000000000000000,0,0,
마라35ba98ab,11,0,0,0,0,,,0,0,
마라35ba98ba,1,0,0,0,0,,,0,0,
마라35ba98bb,1,0,0,0,0,,,0,0,
마라35ba99aa,4,0,0,0,0,,,0,0,
마라35ba99ab,9,0,0,0,0,,,0,0,
마라35ba99ba,0,0,0,0,0,,,0,0,
마라35ba99bb,0,0,0,0,0,,,0,0,
마라35bb94aa,4,0,0,0,0,,,0,0,
마라35bb94ab,22,0,0,1,0,,58.0000000000000000000000000000000,0,0,16.530346819999998
마라35bb94ba,88,0,0,1,0,,64.0000000000000000000000000000000,0,0,
마라35bb94bb,20,0,0,0,0,,34.0000000000000000000000000000000,0,0,
마라35bb95aa,3,0,0,0,0,,0.0000000000000000000000000000000,0,0,
마라35bb95ab,3,0,0,0,0,,,0,0,
마라35bb95ba,0,0,0,0,0,,,0,0,
마라35bb95bb,0,0,0,0,0,,,0,0,
마라35bb96aa,0,0,0,0,0,,,0,0,
마라35bb96ab,1,0,0,0,0,,0.0000000000000000000000000000000,0,0,
마라35bb96ba,0,0,0,0,0,,,0,0,
마라35bb96bb,0,0,0,0,0,,0.0000000000000000000000000000000,0,0,
마라35bb97aa,0,0,0,0,0,,,0,0,
마라35bb97ab,0,0,0,0,0,,,0,0,
마라35bb97ba,0,0,0,0,0,,,0,0,
마라35bb97bb,1,0,0,0,0,,0.0000000000000000000000000000000,0,0,19.924277459999999
마라35bb98aa,1,0,0,0,0,,8.0000000000000000000000000000000,0,0,
마라35bb98ab,14,0,0,0,0,,,0,0,
마라35bb98ba,13,0,0,0,0,,,0,0,
마라35bb98bb,0,0,0,0,0,,,0,0,23.000000000000000
마라35bb99aa,13,0,0,0,0,,,0,0,
마라35bb99ab,13,0,0,0,0,,0.0000000000000000000000000000000,0,0,
마라35bb99ba,3,0,0,0,0,,39.9999999999999928945726423989981,0,0,
마라35bb99bb,2,0,0,0,0,,0.0000000000000000000000000000000,0,0,
마라36aa94aa,0,0,0,0,0,,,0,0,
마라36aa94ab,0,0,0,0,0,,,0,0,
마라36aa94ba,1,0,0,0,0,,9.0000000000000000000000000000000,0,0,31.000000000000000
마라36aa94bb,5,0,0,0,0,,26.0000000000000000000000000000000,0,0,
마라36aa95aa,9,0,0,0,0,,0.0000000000000000000000000000000,0,0,
마라36aa95ab,11,0,0,0,0,,25.0000000000000000000000000000000,0,0,
마라36aa95ba,10,0,0,0,0,,0.0000000000000000000000000000000,0,0,
마라36aa95bb,2,0,0,0,0,,0.0000000000000000000000000000000,0,0,
마라36aa96aa,12,0,0,0,0,,26.0000000000000000000000000000000,0,0,
마라36aa96ab,0,0,0,0,0,,0.0000000000000000000000000000000,0,0,
마라36aa96ba,0,0,0,0,0,,,0,0,
마라36aa96bb,0,0,0,0,0,,,0,0,
마라36aa97aa,0,0,0,0,0,,,0,0,
마라36aa97ab,0,0,0,0,0,,,0,0,
마라36aa97ba,0,0,0,0,0,,,0,0,
마라36aa97bb,1,0,0,0,0,,,0,0,
마라36aa98aa,0,0,0,0,0,,,0,0,
마라36aa98ab,15,0,0,0,0,,,0,0,
마라36aa98ba,17,0,0,0,0,,,0,0,
마라36aa98bb,2,7,0,0,0,,,0,0,
마라36aa99aa,4,0,0,0,0,,,0,0,
마라36aa99ab,7,0,0,0,0,,,0,0,
마라36aa99ba,18,0,0,0,0,,49.0000000000000000000000000000000,0,0,
마라36aa99bb,2,0,0,0,0,,0.0000000000000000000000000000000,0,0,
마라36ab94ba,0,0,0,0,0,,,0,0,
마라36ab94bb,0,0,0,0,0,,,0,0,
마라36ab95aa,0,0,0,0,0,,,0,0,
마라36ab95ab,0,0,0,0,0,,,0,0,
마라36ab95ba,0,0,0,0,0,,,0,0,
마라36ab95bb,1,0,0,0,0,,6.0000000000000000000000000000000,0,0,
마라36ab96aa,12,0,0,0,0,,11.0000000000000000000000000000000,0,0,
마라36ab96ab,11,0,0,0,0,,,0,0,
마라36ab96ba,3,0,0,0,0,,38.0000000000000000000000000000000,0,0,
마라36ab96bb,6,0,0,0,0,,16.0000000000000000000000000000000,0,0,
마라36ab97aa,2,0,0,0,0,,35.0000000000000000000000000000000,0,0,
마라36ab97ab,2,0,0,0,0,,27.0000000000000000000000000000000,0,0,
마라36ab97ba,0,0,0,0,0,,,0,0,
마라36ab97bb,0,0,0,0,0,,,0,0,
마라36ab98aa,0,0,0,0,0,,,0,0,
마라36ab98ab,14,0,0,0,0,,,0,0,
마라36ab98ba,20,0,0,0,0,,,0,0,
마라36ab98bb,6,0,0,0,0,,0.0000000000000000000000000000000,0,0,
마라36ab99aa,11,0,0,0,0,,,0,0,
마라36ab99ab,5,0,0,0,0,,,4,0,
마라36ab99ba,0,0,0,0,0,,0.0000000000000000000000000000000,0,0,
마라36ab99bb,0,0,0,0,0,,,0,0,
마라36ba94bb,0,0,0,0,0,,,0,0,
마라36ba95aa,0,0,0,0,0,,,0,0,
마라36ba95ab,0,0,0,0,0,,,0,0,
마라36ba95ba,0,0,0,0,0,,,0,0,
마라36ba95bb,0,0,0,0,0,,,0,0,
마라36ba96aa,0,0,0,0,0,,,0,0,
마라36ba96ab,0,0,0,0,0,,,0,0,
마라36ba96ba,0,0,0,0,0,,,10,0,
마라36ba96bb,1,0,0,0,0,,0.0000000000000000000000000000000,0,0,
마라36ba97aa,3,0,0,0,0,,0.0000000000000000000000000000000,0,0,
마라36ba97ab,0,0,0,0,0,,0.0000000000000000000000000000000,0,0,
마라36ba97ba,0,0,0,0,0,,,0,0,
마라36ba97bb,1,0,0,0,0,,,0,0,19.000000000000000
마라36ba98aa,0,1,0,0,0,,,0,6,
마라36ba98ab,1,0,0,0,0,,,0,0,
마라36ba98ba,9,0,0,0,0,,,0,0,
마라36ba98bb,13,0,0,0,0,,,0,0,
마라36ba99aa,7,0,0,0,0,,,0,0,
마라36ba99ab,6,0,0,0,0,,,0,0,
마라36ba99ba,0,0,0,0,0,,,0,0,
마라36ba99bb,0,0,0,0,0,,,0,0,
마라36bb95ba,0,0,0,0,0,,,0,0,
마라36bb95bb,0,0,0,0,0,,,0,0,
마라36bb96aa,0,0,0,0,0,,,0,0,
마라36bb96ab,0,0,0,0,0,,,0,0,
마라36bb96ba,0,0,0,0,0,,,0,0,
마라36bb96bb,0,0,0,0,0,,,0,0,
마라36bb97aa,0,0,0,0,0,,,0,0,
마라36bb97ab,0,0,0,0,0,,,0,0,
마라36bb97ba,0,0,0,0,0,,,0,0,
마라36bb97bb,0,0,0,0,0,,,0,0,
마라36bb98aa,1,0,0,0,0,,,0,0,
마라36bb98ab,0,1,0,0,0,,,0,0,28.125722540000002
마라36bb98ba,2,0,0,0,0,,,0,0,
마라36bb98bb,1,0,0,0,0,,,0,0,
마라36bb99aa,0,0,0,0,0,,,0,0,
마라36bb99ab,0,0,0,0,0,,,0,0,
마라36bb99ba,0,0,0,0,0,,,0,0,
마라36bb99bb,0,0,0,0,0,,,0,0,
마라37aa96aa,0,0,0,0,0,,,0,0,
마라37aa96ab,0,0,0,0,0,,,0,0,
마라37aa96ba,0,0,0,0,0,,,0,0,
마라37aa96bb,0,0,0,0,0,,,0,0,
마라37aa97aa,0,0,0,0,0,,,0,0,
마라37aa97ab,0,0,0,0,0,,,0,0,
마라37aa97ba,0,0,0,0,0,,,0,0,
마라37aa97bb,0,0,0,0,0,,,0,0,
마라37aa98aa,0,0,0,0,0,,,0,0,
마라37aa98ab,0,0,0,0,0,,,0,0,
마라37aa98ba,0,0,0,0,0,,,0,0,
마라37aa98bb,0,0,0,0,0,,,0,0,
마라37aa99aa,0,0,0,0,0,,,0,0,
마라37aa99ab,0,0,0,0,0,,,0,0,
마라37aa99ba,0,0,0,0,0,,,0,0,
마라37ab96bb,0,0,0,0,0,,,0,0,
마라37ab97aa,0,0,0,0,0,,,0,0,
마라37ab97ab,0,0,0,0,0,,,0,0,
마라37ab97ba,0,0,0,0,0,,,0,0,
마라37ab97bb,0,0,0,0,0,,,0,0,
마라37ab98aa,0,0,0,0,0,,,0,0,
마라37ab98ab,0,0,0,0,0,,,0,0,
마라37ab98ba,0,0,0,0,0,,,0,0,
마라37ab98bb,0,0,0,0,0,,,0,0,
마라37ab99aa,0,0,0,0,0,,,0,0,
마라37ab99ab,0,0,0,0,0,,,0,0,
마라37ba97ab,0,0,0,0,0,,,0,0,
마라37ba97ba,0,0,0,0,0,,,0,0,
마라37ba97bb,0,0,0,0,0,,,0,0,
마라37ba98aa,0,0,0,0,0,,,0,0,
마라37ba98ab,0,0,0,0,0,,,0,0,
마라37ba98ba,0,0,0,0,0,,,0,0,
마라37ba98bb,0,0,0,0,0,,,0,0,
마라37ba99aa,0,0,0,0,0,,,0,0,
마라37bb98aa,0,0,0,0,0,,,0,0,
마라37bb98ab,0,0,0,0,0,,,0,0,
마마08ab01ba,0,0,0,0,0,,,0,0,
마마08ab01bb,0,0,0,0,0,,,0,0,
마마08ab02aa,0,0,0,0,0,,,0,0,
마마08ba01ab,0,0,0,0,0,,,0,0,
마마08ba01ba,0,0,0,0,0,,,0,0,
마마08ba01bb,0,0,0,0,0,,,0,0,
마마08ba02aa,0,0,0,0,0,,,0,0,
마마08bb01aa,0,0,0,0,0,,,0,0,
마마08bb01ab,0,0,0,0,0,,,0,0,
마마08bb01ba,0,0,0,0,0,,,0,0,
마마08bb01bb,0,0,0,0,0,,,0,0,
마마08bb02aa,0,0,0,0,0,,,0,0,
마마08bb02ab,0,0,0,0,0,,,0,0,
마마09aa00bb,0,0,0,0,0,,,0,0,
마마09aa01aa,0,0,0,0,0,,,0,0,
마마09aa01ab,0,0,0,0,0,,,0,0,
마마09aa01ba,0,0,0,0,0,,0.0000000000000000000000000000000,0,0,
마마09aa01bb,0,0,0,0,0,,,0,0,
마마09aa02aa,0,0,0,0,0,,,0,0,
마마09ab00aa,0,0,0,0,0,,,0,0,
마마09ab00ab,0,0,0,0,0,,,0,0,
마마09ab00ba,0,0,0,0,0,,,0,0,
마마09ab00bb,0,0,0,0,0,,,0,0,28.000000000000000
마마09ab01aa,0,0,0,0,0,,,0,0,
마마09ab01ab,0,0,0,0,0,,,0,0,
마마09ab01ba,0,0,0,0,0,,,0,0,
마마09ab01bb,0,0,0,0,0,,,0,0,
마마09ab02aa,7,0,0,0,0,,,0,0,
마마09ba00aa,1,0,0,0,0,,0.0000000000000000000000000000000,0,0,
마마09ba00ab,0,0,0,0,0,,,0,0,
마마09ba00ba,4,0,0,0,0,,8.0000000000000000000000000000000,0,0,
마마09ba00bb,17,0,0,0,0,,0.0000000000000000000000000000000,0,0,
마마09ba01aa,1,0,0,0,0,,,21,0,
마마09ba01ab,0,0,0,0,0,,,0,0,
마마09ba01ba,0,0,0,0,0,,0.0000000000000000000000000000000,0,0,
마마09ba01bb,0,0,0,0,0,,0.0000000000000000000000000000000,0,0,
마마09ba02aa,0,0,0,0,0,,,0,0,
마마09bb00aa,23,0,0,0,0,,0.0000000000000000000000000000000,0,0,
마마09bb00ab,19,4,0,1,0,,402.0000000000000000000000000000000,0,0,
마마09bb00ba,35,4,0,0,0,,38.0000000000000000000000000000000,0,0,
마마09bb00bb,75,3,0,0,0,,0.0000000000000000000000000000000,0,0,
마마09bb01aa,12,7,0,0,0,,0.0000000000000000000000000000000,0,0,
마마09bb01ab,4,0,0,0,0,,14.0000000000000017763568394002505,0,0,
마마09bb01ba,0,2,0,0,0,,134.0000000000000000000000000000000,0,0,
마마09bb01bb,4,0,0,0,0,,9.0000000000000000000000000000000,0,0,
마마09bb02aa,1,0,0,0,0,,,0,0,
마마10aa00aa,11,0,0,0,0,,0.0000000000000000000000000000000,0,0,
마마10aa00ab,0,2,0,0,0,,246.0000000000000000000000000000000,0,0,
마마10aa00ba,34,0,0,0,0,,6.0000000000000000000000000000000,0,0,
마마10aa00bb,16,0,0,0,0,,,0,0,
마마10aa01aa,8,1,0,0,0,,12.0000000000000000000000000000000,0,0,
마마10aa01ab,14,0,0,0,0,,16.0000000000000000000000000000000,0,0,
마마10aa01ba,19,6,0,0,0,,290.0000000000000000000000000000000,0,0,
마마10aa01bb,0,0,0,0,0,,0.0000000000000000000000000000000,0,0,
마마10aa02aa,2,0,0,0,0,,,0,0,
마마10aa02ab,0,0,0,0,0,,,0,0,
마마10aa02ba,0,0,0,0,0,,,0,0,
마마10aa02bb,0,0,0,0,0,,,0,0,
마마10aa03aa,0,0,0,0,0,,,0,0,
마마10ab00aa,0,0,0,0,0,,,0,0,
마마10ab00ab,0,0,0,0,0,,,0,0,
마마10ab00ba,1,0,0,0,0,,,0,0,
마마10ab00bb,0,0,0,0,0,,,0,0,
마마10ab01aa,0,0,0,0,0,,,0,0,
마마10ab01ab,0,0,0,0,0,,,0,0,
마마10ab01ba,6,3,0,0,0,,528.0000000000000000000000000000000,0,0,
마마10ab01bb,1,0,0,0,0,,,0,0,
마마10ab02aa,0,0,0,0,0,,,0,0,
마마10ab02ab,0,0,0,0,0,,0.0000000000000000000000000000000,0,0,
마마10ab02ba,0,0,0,0,0,,0.0000000000000000000000000000000,0,0,
마마10ab02bb,0,0,0,0,0,,,0,0,
마마10ab03aa,0,0,0,0,0,,0.0000000000000000000000000000000,0,0,
마마10ab03ab,3,0,0,0,0,,0.0000000000000000000000000000000,0,0,
마마10ab03ba,8,0,0,0,0,,0.0000000000000000000000000000000,0,0,
마마10ab03bb,6,0,0,0,0,,0.0000000000000000000000000000000,0,0,
마마10ba00aa,0,0,0,0,0,,,0,0,
마마10ba00ab,0,0,0,0,0,,,0,0,
마마10ba00ba,0,0,0,0,0,,,0,0,
마마10ba00bb,0,0,0,0,0,,,0,0,
마마10ba01aa,0,0,0,0,0,,,0,0,
마마10ba01ab,1,0,0,0,0,,23.0000000000000000000000000000000,0,0,
마마10ba01ba,15,0,0,0,0,,89.0000000000000000000000000000000,0,0,
마마10ba01bb,26,6,0,0,0,,694.0000000000000000000000000000000,0,0,
마마10ba02aa,1,0,0,0,0,,,0,2,
마마10ba02ab,1,0,0,0,0,,0.0000000000000000000000000000000,0,0,
마마10ba02ba,4,0,0,0,0,30.000000,14.0000000000000017763568394002505,0,0,
마마10ba02bb,0,0,0,0,0,,,0,0,
마마10ba03aa,0,0,0,0,0,,0.0000000000000000000000000000000,0,0,
마마10ba03ab,0,0,0,0,0,,,0,0,
마마10ba03ba,17,0,0,0,0,,,0,0,
마마10ba03bb,23,1,0,0,0,,9.9999999999999982236431605997495,0,0,
마마10ba04aa,0,0,0,0,0,,,0,0,
마마10bb00aa,0,0,0,0,0,,,0,0,
마마10bb00ab,0,0,0,0,0,,,0,0,
마마10bb00ba,1,0,0,0,0,,,0,0,
마마10bb00bb,0,0,0,0,0,,,0,0,
마마10bb01aa,11,0,0,0,0,,47.0000000000000000000000000000000,0,0,
마마10bb01ab,15,4,0,0,0,,353.0000000000000000000000000000000,0,0,
마마10bb01ba,11,15,0,0,0,,1151.0000000000000000000000000000000,0,0,29.326589599999998
마마10bb01bb,2,14,0,0,0,,1225.0000000000000000000000000000000,0,0,
마마10bb02aa,3,5,0,0,0,,689.0000000000000000000000000000000,0,0,
마마10bb02ab,4,2,0,0,0,,197.0000000000000000000000000000000,0,0,
마마10bb02ba,0,0,0,0,0,,,0,0,
마마10bb02bb,0,0,0,0,0,,,0,0,
마마10bb03aa,2,0,0,0,0,,,0,0,
마마10bb03ab,15,0,0,0,0,,,0,0,
마마10bb03ba,29,0,0,0,0,,0.0000000000000000000000000000000,0,0,
마마10bb03bb,13,0,0,0,0,,,0,0,
마마10bb04aa,0,0,0,0,0,,,0,0,
마마11aa00aa,0,0,0,0,0,,,0,0,
마마11aa00ab,0,0,0,0,0,,,0,0,
마마11aa00ba,0,0,0,0,0,,,0,0,
마마11aa00bb,0,0,0,0,0,,,0,0,
마마11aa01aa,0,0,0,0,0,,,0,0,
마마11aa01ab,0,0,0,0,0,,,0,0,
마마11aa01ba,16,7,0,0,0,,783.0000000000000000000000000000000,0,0,
마마11aa01bb,7,4,0,0,0,,565.0000000000000000000000000000000,0,0,
마마11aa02aa,0,8,0,0,0,,1848.0000000000000000000000000000000,228,0,
마마11aa02ab,1,7,0,0,0,,755.0000000000000000000000000000000,0,0,
마마11aa02ba,1,0,0,0,0,,0.0000000000000000000000000000000,0,0,
마마11aa02bb,0,0,0,0,0,,,0,0,
마마11aa03aa,10,0,0,0,0,,0.0000000000000000000000000000000,0,0,
마마11aa03ab,32,2,0,0,0,,30.0000000000000000000000000000000,0,0,
마마11aa03ba,5,0,0,0,0,,,0,0,
마마11ab00aa,0,0,0,0,0,,,0,0,
마마11ab00ab,0,0,0,0,0,,,0,0,
마마11ab00ba,0,0,0,0,0,,,0,0,
마마11ab00bb,0,0,0,0,0,,,0,0,
마마11ab01aa,0,0,0,0,0,,0.0000000000000000000000000000000,0,0,
마마11ab01ab,4,0,0,0,0,,135.0000000000000000000000000000000,0,0,
마마11ab01ba,30,0,0,1,0,,98.0000000000000000000000000000000,0,0,
마마11ab01bb,33,2,0,0,0,,373.0000000000000000000000000000000,0,0,46.395953759999998
마마11ab02aa,5,0,0,0,0,,435.0000000000000000000000000000000,0,0,22.033236989999999
마마11ab02ab,7,11,0,0,0,,1565.0000000000000000000000000000000,0,0,25.780346819999998
마마11ab02ba,2,1,0,0,0,,0.0000000000000000000000000000000,0,0,
마마11ab02bb,10,0,0,0,0,,,0,0,
마마11ab03aa,36,0,0,0,0,,0.0000000000000000000000000000000,0,0,
마마11ab03ab,18,0,0,0,0,,0.0000000000000000000000000000000,0,0,
마마11ba00aa,0,0,0,0,0,,,0,0,
마마11ba00ab,0,0,0,0,0,,,0,0,
마마11ba00ba,0,0,0,0,0,,,0,0,
마마11ba00bb,0,0,0,0,0,,,0,0,
마마11ba01aa,0,0,0,0,0,,,0,0,
마마11ba01ab,16,0,0,0,0,,217.0000000000000000000000000000000,0,0,
마마11ba01ba,50,0,0,0,0,,111.0000000000000000000000000000000,0,0,
마마11ba01bb,29,6,0,0,0,,98.0000000000000000000000000000000,0,0,
마마11ba02aa,26,6,0,1,0,,733.0000000000000000000000000000000,0,0,31.474277460000000
마마11ba02ab,6,11,0,0,0,,1263.0000000000000000000000000000000,0,0,31.910982659999998
마마11ba02ba,2,0,0,0,0,,51.0000000000000000000000000000000,0,0,30.153179189999999
마마11ba02bb,16,4,0,0,0,,7.0000000000000008881784197001252,0,0,19.973988439999999
마마11ba03aa,17,0,0,0,0,,0.0000000000000000000000000000000,0,0,
마마11ba03ab,0,0,0,0,0,,,0,0,
마마11bb00aa,2,0,0,0,0,,,0,0,
마마11bb00ab,0,0,0,0,0,,,0,0,
마마11bb00ba,0,0,0,0,0,,,0,0,
마마11bb00bb,0,0,0,0,0,,,0,0,
마마11bb01aa,1,0,0,0,0,,0.0000000000000000000000000000000,0,0,
마마11bb01ab,39,0,0,0,0,,175.0000000000000000000000000000000,0,0,
마마11bb01ba,64,0,0,2,0,,163.0000000000000000000000000000000,0,0,
마마11bb01bb,17,3,0,0,0,,123.0000000000000000000000000000000,0,0,
마마11bb02aa,19,8,0,0,0,,1192.0000000000000000000000000000000,0,0,40.837716759999999
마마11bb02ab,13,9,0,0,0,,1412.0000000000000000000000000000000,0,0,40.000000000000000
마마11bb02ba,3,6,0,2,0,,756.0000000000000000000000000000000,0,0,
마마11bb02bb,2,3,0,0,0,,393.0000000000000000000000000000000,0,0,
마마11bb03aa,1,0,0,0,0,,0.0000000000000000000000000000000,0,0,
마마12aa00aa,11,0,0,0,0,,0.0000000000000000000000000000000,0,0,
마마12aa00ab,0,0,0,0,0,,,0,0,
마마12aa00ba,0,0,0,0,0,,,0,0,
마마12aa00bb,0,0,0,0,0,,0.0000000000000000000000000000000,0,0,
마마12aa01aa,0,0,0,0,0,,0.0000000000000000000000000000000,0,0,
마마12aa01ab,50,1,0,0,0,,321.0000000000000000000000000000000,0,0,
마마12aa01ba,82,2,3,2,0,,262.0000000000000000000000000000000,0,0,12.000000000000000
마마12aa01bb,25,0,1,0,0,,111.0000000000000000000000000000000,0,0,
마마12aa02aa,31,5,0,1,0,,739.0000000000000000000000000000000,0,0,
마마12aa02ab,46,14,0,0,0,,1915.0000000000000000000000000000000,0,0,
마마12aa02ba,13,10,1,0,0,,1597.0000000000000000000000000000000,0,0,
마마12aa02bb,0,3,0,0,0,,478.0000000000000000000000000000000,0,0,
마마12aa03aa,0,0,0,0,0,,,0,0,
마마12ab00aa,8,0,0,0,0,,19.0000000000000000000000000000000,0,0,
마마12ab00ab,4,0,7,0,0,,9.9999999999999982236431605997495,0,0,33.213728320000001
마마12ab00ba,6,0,0,0,0,,7.0000000000000008881784197001252,0,0,
마마12ab00bb,3,3,0,0,0,,173.0000000000000000000000000000000,0,0,
마마12ab01aa,2,3,0,0,0,,246.0000000000000000000000000000000,0,0,
마마12ab01ab,72,3,4,0,0,,449.0000000000000000000000000000000,0,0,
마마12ab01ba,47,8,1,0,1,,202.0000000000000000000000000000000,85,0,
마마12ab01bb,31,0,2,1,0,,230.0000000000000000000000000000000,0,0,44.286994219999997
마마12ab02aa,24,0,0,0,0,,126.0000000000000000000000000000000,0,0,31.893063580000000
마마12ab02ab,17,3,0,1,0,,566.0000000000000000000000000000000,0,0,24.687861269999999
마마12ab02ba,20,2,0,0,0,,326.0000000000000000000000000000000,0,0,28.000000000000000
마마12ab02bb,0,10,0,0,0,,781.0000000000000000000000000000000,0,0,
마마12ab03aa,0,0,0,0,0,,,0,0,
마마12ba00aa,0,0,0,0,0,,,0,0,
마마12ba00ab,2,0,0,0,0,,9.9999999999999982236431605997495,0,0,
마마12ba00ba,2,0,0,0,0,90.000000,0.0000000000000000000000000000000,0,0,
마마12ba00bb,2,0,0,0,0,,,0,0,
마마12ba01aa,11,1,1,0,0,,181.0000000000000000000000000000000,0,0,
마마12ba01ab,47,1,0,1,0,,114.0000000000000000000000000000000,0,0,19.421965320000002
마마12ba01ba,1,8,0,0,0,,764.0000000000000000000000000000000,0,0,
마마12ba01bb,6,9,0,0,0,,1222.9999999999997726263245567679405,0,0,
마마12ba02aa,12,2,0,0,0,,215.0000000000000000000000000000000,0,0,
마마12ba02ab,53,0,0,0,0,,0.0000000000000000000000000000000,0,0,
마마12ba02ba,5,1,0,0,0,,77.0000000000000000000000000000000,0,0,
마마12ba02bb,17,1,0,0,0,,175.0000000000000000000000000000000,0,0,
마마12ba03aa,0,0,0,0,0,,28.0000000000000035527136788005009,0,0,
마마12bb00aa,0,0,0,0,0,,,0,0,
마마12bb00ab,0,0,0,0,0,,,0,0,75.000000000000000
마마12bb00ba,0,0,0,0,0,,,0,0,
마마12bb00bb,0,0,0,0,0,,,0,0,
마마12bb01aa,1,0,0,0,0,,0.0000000000000000000000000000000,0,0,
마마12bb01ab,55,10,0,0,0,,1479.0000000000000000000000000000000,0,0,
마마12bb01ba,9,1,0,1,1,,,0,0,
마마12bb01bb,0,3,0,0,0,,305.0000000000000000000000000000000,0,0,
마마12bb02aa,0,5,0,0,0,,701.0000000000000000000000000000000,0,0,
마마12bb02ab,31,2,0,0,0,,0.0000000000000000000000000000000,0,0,
마마12bb02ba,36,0,0,0,0,,0.0000000000000000000000000000000,0,0,
마마12bb02bb,36,5,0,0,0,,50.0000000000000000000000000000000,0,0,
마마12bb03aa,23,0,0,0,0,,9.9999999999999982236431605997495,0,0,
마마12bb03ab,5,0,0,0,0,,0.0000000000000000000000000000000,0,0,
마마12bb03ba,0,0,0,0,0,,,0,0,
마마12bb03bb,0,0,0,0,0,,,0,0,
마마12bb04aa,0,0,0,0,0,,,0,0,
마마12bb04ab,0,0,0,0,0,,,0,0,
마마12bb04ba,0,0,0,0,0,,,0,0,
마마13aa00aa,0,0,0,0,0,,,0,0,
마마13aa00ab,0,0,0,0,0,,,0,0,
마마13aa00ba,0,0,0,0,0,,,0,0,
마마13aa00bb,0,0,0,0,0,,,0,0,
마마13aa01aa,0,0,0,0,0,,0.0000000000000000000000000000000,0,0,
마마13aa01ab,10,10,0,0,0,,1000.0000000000000000000000000000000,0,0,
마마13aa01ba,6,0,0,1,0,,135.0000000000000000000000000000000,0,0,
마마13aa01bb,1,1,0,0,0,,327.0000000000000000000000000000000,0,0,
마마13aa02aa,0,3,0,0,0,,350.0000000000000000000000000000000,0,0,
마마13aa02ab,36,0,0,0,0,,0.0000000000000000000000000000000,0,0,
마마13aa02ba,93,0,0,0,0,,,0,0,
마마13aa02bb,48,0,0,0,0,,0.0000000000000000000000000000000,0,0,32.000000000000000
마마13aa03aa,11,0,0,0,0,,0.0000000000000000000000000000000,0,0,
마마13aa03ab,16,0,0,0,0,,0.0000000000000000000000000000000,0,0,
마마13aa03ba,0,0,0,0,0,,,0,0,
마마13aa03bb,14,0,0,0,0,,,0,0,
마마13aa04aa,5,0,0,0,0,,0.0000000000000000000000000000000,0,0,
마마13aa04ab,0,0,0,0,0,,,0,0,
마마13aa04ba,0,0,0,0,0,,,0,0,
마마13aa04bb,0,0,0,0,0,,,0,0,
마마13ab00aa,0,0,0,0,0,,0.0000000000000000000000000000000,0,0,
마마13ab00ab,0,0,0,0,0,,,0,0,
마마13ab00ba,0,0,0,0,0,,,0,0,
마마13ab00bb,0,0,0,0,0,,6.0000000000000000000000000000000,0,0,
마마13ab01aa,4,0,0,0,0,,25.0000000000000000000000000000000,0,0,
마마13ab01ab,18,2,0,0,0,,299.0000000000000000000000000000000,0,0,
마마13ab01ba,4,1,0,0,0,,31.0000000000000000000000000000000,0,0,
마마13ab01bb,0,0,0,0,0,,,69,0,
마마13ab02aa,0,0,0,0,0,,,0,0,
마마13ab02ab,37,0,0,0,0,,0.0000000000000000000000000000000,0,0,21.281791909999999
마마13ab02ba,47,0,0,0,0,,,0,0,16.000000000000000
마마13ab02bb,46,0,0,0,0,,8.0000000000000000000000000000000,0,0,28.000000000000000
마마13ab03aa,13,0,0,0,0,,70.0000000000000000000000000000000,0,0,
마마13ab03ab,10,0,0,0,0,,0.0000000000000000000000000000000,0,0,
마마13ab03ba,35,0,0,0,0,,0.0000000000000000000000000000000,0,0,
마마13ab03bb,25,0,0,0,0,,0.0000000000000000000000000000000,0,0,
마마13ab04aa,1,0,0,0,0,,0.0000000000000000000000000000000,0,0,
마마13ab04ab,0,0,0,0,0,,,0,0,
마마13ab04ba,0,0,0,0,0,,,0,0,
마마13ab04bb,0,0,0,0,0,,,0,0,
마마13ba00aa,2,0,0,0,0,,,0,0,
마마13ba00ab,0,0,0,0,0,,,0,0,
마마13ba00ba,0,0,0,0,0,,,0,0,
마마13ba00bb,0,0,0,0,0,,0.0000000000000000000000000000000,0,0,
마마13ba01aa,8,0,0,0,0,,0.0000000000000000000000000000000,0,0,
마마13ba01ab,20,0,0,0,0,,79.9999999999999857891452847979963,0,0,
마마13ba01ba,5,0,0,0,0,,101.0000000000000000000000000000000,0,0,
마마13ba01bb,4,0,0,0,0,,0.0000000000000000000000000000000,0,0,
마마13ba02aa,0,0,0,0,0,,,0,0,
마마13ba02ab,12,0,0,0,0,,,0,0,17.966763010000001
마마13ba02ba,36,0,0,0,0,,0.0000000000000000000000000000000,0,0,120.000000000000000
마마13ba02bb,40,0,0,0,0,,6.0000000000000000000000000000000,0,0,
마마13ba03aa,16,3,0,0,0,,0.0000000000000000000000000000000,0,0,
마마13ba03ab,11,0,0,0,0,,45.0000000000000000000000000000000,0,0,
마마13ba03ba,17,0,0,0,0,,0.0000000000000000000000000000000,8,0,
마마13ba03bb,11,0,0,0,0,,,0,0,
마마13ba04aa,2,0,0,0,0,,0.0000000000000000000000000000000,0,0,
마마13ba04ab,1,0,0,0,0,,0.0000000000000000000000000000000,0,0,
마마13ba04ba,6,0,0,0,0,,7.0000000000000008881784197001252,0,0,
마마13ba04bb,0,0,0,0,0,,,0,0,
마마13ba05aa,0,0,0,0,0,,,0,0,
마마13ba05ab,0,0,0,0,0,,,0,0,
마마13ba05ba,0,0,0,0,0,,,0,0,
마마13bb00aa,2,0,0,0,0,,8.0000000000000000000000000000000,0,0,
마마13bb00ab,2,3,0,0,0,,0.0000000000000000000000000000000,0,0,
마마13bb00ba,0,0,0,0,0,,,0,0,23.437861269999999
마마13bb00bb,0,0,0,0,0,,,0,0,
마마13bb01aa,9,2,0,0,0,,21.0000000000000000000000000000000,0,0,
마마13bb01ab,12,0,0,0,0,,0.0000000000000000000000000000000,0,0,
마마13bb01ba,8,6,0,0,0,,19.9999999999999964472863211994991,0,0,
마마13bb01bb,5,3,0,0,0,,7.0000000000000008881784197001252,0,0,
마마13bb02aa,0,0,0,0,0,,0.0000000000000000000000000000000,0,0,
마마13bb02ab,0,0,0,0,0,,,0,0,
마마13bb02ba,54,0,0,0,0,,,0,0,
마마13bb02bb,58,0,0,0,0,,0.0000000000000000000000000000000,0,0,
마마13bb03aa,35,0,0,0,0,,0.0000000000000000000000000000000,0,0,
마마13bb03ab,8,0,0,0,0,,11.0000000000000000000000000000000,0,0,
마마13bb03ba,3,0,0,0,0,,,0,0,
마마13bb03bb,0,0,0,0,0,,,0,0,
마마13bb04aa,5,0,0,0,0,,,0,0,
마마13bb04ab,14,0,0,0,0,,0.0000000000000000000000000000000,0,0,21.562138730000001
마마13bb04ba,0,0,0,0,0,,,0,0,
마마13bb04bb,2,0,0,0,0,,0.0000000000000000000000000000000,0,0,
마마13bb05aa,0,0,0,0,0,,,0,0,
마마13bb05ab,0,0,0,0,0,,,0,0,
마마13bb05ba,0,0,0,0,0,,,0,0,
마마14aa00aa,46,0,0,0,0,,30.0000000000000000000000000000000,0,0,
마마14aa00ab,25,0,0,0,0,,0.0000000000000000000000000000000,0,0,22.436416179999998
마마14aa00ba,10,0,0,0,0,,,0,0,
마마14aa00bb,0,0,0,0,0,,,0,0,
마마14aa01aa,23,5,0,0,0,,34.0000000000000000000000000000000,0,0,
마마14aa01ab,2,0,0,0,0,,0.0000000000000000000000000000000,0,0,26.000000000000000
마마14aa01ba,0,0,0,0,0,,0.0000000000000000000000000000000,0,0,
마마14aa01bb,0,0,0,0,0,,,0,0,
마마14aa02aa,0,0,0,0,0,,,0,0,
마마14aa02ab,1,0,0,0,0,,,0,0,
마마14aa02ba,33,0,0,0,0,,0.0000000000000000000000000000000,0,0,22.874277459999998
마마14aa02bb,57,0,0,0,0,,0.0000000000000000000000000000000,0,0,34.657514450000001
마마14aa03aa,45,0,0,0,0,,0.0000000000000000000000000000000,0,0,
마마14aa03ab,29,0,0,0,0,,0.0000000000000000000000000000000,0,0,15.562138729999999
마마14aa03ba,20,0,0,0,0,,,0,0,41.000000000000000
마마14aa03bb,6,0,0,0,0,,,0,0,
마마14aa04aa,17,0,0,0,0,,0.0000000000000000000000000000000,0,0,
마마14aa04ab,12,0,0,0,0,,35.0000000000000000000000000000000,0,0,
마마14aa04ba,2,0,0,0,0,,9.0000000000000000000000000000000,0,0,6.000000000000000
마마14aa04bb,11,0,0,0,0,,,0,0,
마마14aa05aa,2,0,0,0,0,,,0,0,
마마14aa05ab,0,0,0,0,0,,,0,0,
마마14ab00aa,29,0,0,0,0,,6.0000000000000000000000000000000,0,0,
마마14ab00ab,1,0,0,0,0,,9.0000000000000000000000000000000,0,0,
마마14ab00ba,11,0,0,0,0,,19.9999999999999964472863211994991,0,0,
마마14ab00bb,12,0,0,0,0,,50.0000000000000000000000000000000,0,0,30.437861269999999
마마14ab01aa,36,0,0,0,0,,59.0000000000000000000000000000000,0,0,
마마14ab01ab,0,0,0,0,0,,,0,0,33.092485549999999
마마14ab01ba,1,0,0,0,0,,,0,0,
마마14ab01bb,0,0,0,0,0,,0.0000000000000000000000000000000,0,0,
마마14ab02aa,0,0,0,0,0,,,0,0,
마마14ab02ab,11,0,0,0,0,,15.0000000000000000000000000000000,0,0,
마마14ab02ba,35,0,0,0,0,,0.0000000000000000000000000000000,0,0,78.000000000000000
마마14ab02bb,21,0,0,0,0,,,0,0,45.000000000000000
마마14ab03aa,4,0,0,0,0,,,0,0,
마마14ab03ab,12,0,0,0,0,,,0,0,
마마14ab03ba,36,0,0,0,0,,,0,0,
마마14ab03bb,34,0,0,0,0,,0.0000000000000000000000000000000,0,0,
마마14ab04aa,2,0,0,0,0,,,0,0,
마마14ab04ab,1,0,0,0,0,,13.0000000000000000000000000000000,4,0,
마마14ab04ba,8,0,0,0,0,,22.0000000000000000000000000000000,0,0,
마마14ab04bb,18,0,0,0,0,,6.0000000000000000000000000000000,0,0,20.563583820000002
마마14ab05aa,2,0,0,0,0,,,0,0,
마마14ab05ab,1,0,0,0,0,,,0,0,
마마14ab05ba,0,0,0,0,0,,,0,0,
마마14ab05bb,0,0,0,0,0,,,0,0,
마마14ba00aa,22,0,0,0,0,,0.0000000000000000000000000000000,0,0,
마마14ba00ab,20,0,0,0,0,,9.0000000000000000000000000000000,0,0,
마마14ba00ba,9,0,0,0,0,,26.0000000000000000000000000000000,0,0,33.000000000000000
마마14ba00bb,17,3,0,0,0,,16.0000000000000000000000000000000,0,0,
마마14ba01aa,9,2,0,0,0,,0.0000000000000000000000000000000,0,0,
마마14ba01ab,1,0,0,0,0,,,0,0,32.484393060000002
마마14ba01ba,0,0,0,0,0,,12.0000000000000000000000000000000,2,0,
마마14ba01bb,3,0,0,0,0,,27.0000000000000000000000000000000,0,0,
마마14ba02aa,0,0,0,0,0,,,0,0,
마마14ba02ab,6,0,0,0,0,,8.0000000000000000000000000000000,0,0,
마마14ba02ba,6,0,0,0,0,,,0,0,
마마14ba02bb,4,0,0,0,0,,,0,2,19.000000000000000
마마14ba03aa,14,0,0,0,0,,0.0000000000000000000000000000000,0,0,
마마14ba03ab,40,0,0,0,0,,0.0000000000000000000000000000000,0,0,
마마14ba03ba,15,0,0,0,0,,0.0000000000000000000000000000000,0,0,
마마14ba03bb,4,0,0,0,0,,,0,0,
마마14ba04aa,0,0,0,0,0,,,0,0,
마마14ba04ab,2,0,0,0,0,,7.0000000000000008881784197001252,0,0,
마마14ba04ba,8,0,0,0,0,,0.0000000000000000000000000000000,0,0,
마마14ba04bb,5,0,0,0,0,,9.9999999999999982236431605997495,0,0,
마마14ba05aa,8,0,0,0,0,,28.0000000000000035527136788005009,0,0,
마마14ba05ab,0,0,0,0,0,,0.0000000000000000000000000000000,0,0,
마마14ba05ba,0,0,0,0,0,,,0,0,
마마14ba05bb,0,0,0,0,0,,,0,0,
마마14ba06aa,0,0,0,0,0,,,0,0,
마마14bb00aa,18,3,0,0,0,,7.0000000000000008881784197001252,0,0,
마마14bb00ab,17,1,0,0,0,,11.0000000000000000000000000000000,0,0,
마마14bb00ba,27,2,0,0,0,,0.0000000000000000000000000000000,0,0,
마마14bb00bb,20,0,0,0,0,,8.0000000000000000000000000000000,7,0,
마마14bb01aa,1,0,0,0,0,,,0,0,12.000000000000000
마마14bb01ab,2,0,0,0,0,,,0,0,
마마14bb01ba,0,0,0,0,0,,0.0000000000000000000000000000000,0,0,
마마14bb01bb,3,0,0,0,0,,11.0000000000000000000000000000000,0,0,
마마14bb02aa,0,0,0,0,0,,0.0000000000000000000000000000000,0,0,
마마14bb02ab,3,0,0,0,0,,0.0000000000000000000000000000000,0,0,
마마14bb02ba,0,0,0,0,0,,,0,0,
마마14bb02bb,0,0,0,0,0,,,0,0,
마마14bb03aa,0,0,0,0,0,,,0,0,
마마14bb03ab,31,0,0,0,0,,,0,0,23.000000000000000
마마14bb03ba,35,0,0,0,0,,0.0000000000000000000000000000000,0,0,
마마14bb03bb,9,0,0,0,0,,0.0000000000000000000000000000000,0,0,
마마14bb04aa,16,0,0,0,0,,0.0000000000000000000000000000000,0,0,
마마14bb04ab,12,0,0,0,0,,0.0000000000000000000000000000000,0,0,
마마14bb04ba,12,0,0,0,0,,14.0000000000000017763568394002505,0,0,
마마14bb04bb,6,0,0,0,0,,0.0000000000000000000000000000000,0,0,
마마14bb05aa,17,0,0,0,0,,9.9999999999999982236431605997495,0,0,
마마14bb05ab,16,0,0,0,0,,19.9999999999999964472863211994991,0,0,
마마14bb05ba,0,0,0,0,0,,,0,0,
마마14bb05bb,0,0,0,0,0,,,0,0,
마마14bb06aa,0,0,0,0,0,,,0,0,
마마14bb06ab,0,0,0,0,0,,,0,0,
마마15aa00aa,2,0,0,0,0,,,0,0,
마마15aa00ab,0,0,0,0,0,,,0,0,
마마15aa00ba,4,0,0,0,0,,23.0000000000000000000000000000000,0,0,
마마15aa00bb,23,0,0,0,0,,32.0000000000000000000000000000000,0,0,
마마15aa01aa,0,0,0,0,0,,,0,0,
마마15aa01ab,0,0,0,0,0,,,0,0,21.436416179999998
마마15aa01ba,0,0,0,0,0,,,0,0,
마마15aa01bb,1,0,0,0,0,,0.0000000000000000000000000000000,0,0,
마마15aa02aa,0,0,0,0,0,,,0,0,
마마15aa02ab,3,0,0,0,0,,0.0000000000000000000000000000000,0,0,
마마15aa02ba,0,0,0,0,0,,,0,0,
마마15aa02bb,1,0,0,0,0,,,0,0,
마마15aa03aa,0,0,0,0,0,,,0,0,
마마15aa03ab,10,0,0,0,0,,,0,0,
마마15aa03ba,17,2,0,0,0,,14.0000000000000017763568394002505,0,0,
마마15aa03bb,9,0,0,0,0,,0.0000000000000000000000000000000,0,0,
마마15aa04aa,26,0,0,0,0,,0.0000000000000000000000000000000,0,0,
마마15aa04ab,8,0,0,0,0,,,0,0,
마마15aa04ba,0,0,0,0,0,,,0,0,
마마15aa04bb,5,0,0,0,0,,0.0000000000000000000000000000000,0,0,
마마15aa05aa,9,0,0,0,0,,0.0000000000000000000000000000000,0,0,
마마15aa05ab,14,0,0,0,0,,,0,0,
마마15aa05ba,0,0,0,0,0,,,0,0,
마마15aa05bb,0,0,0,0,0,,,0,0,
마마15aa06aa,0,0,0,0,0,,,0,0,
마마15aa06ab,0,0,0,0,0,,,0,0,
마마15ab00aa,10,0,0,0,0,,,0,0,
마마15ab00ab,0,0,0,0,0,,,0,0,
마마15ab00ba,1,0,0,0,0,,,0,0,
마마15ab00bb,18,0,0,0,0,,12.0000000000000000000000000000000,0,0,
마마15ab01aa,0,0,0,0,0,,,0,0,
마마15ab01ab,4,0,0,0,0,,8.0000000000000000000000000000000,0,0,
마마15ab01ba,1,0,0,0,0,,0.0000000000000000000000000000000,0,0,
마마15ab01bb,3,0,0,0,0,,0.0000000000000000000000000000000,0,0,
마마15ab02aa,1,0,0,0,0,,,0,0,
마마15ab02ab,0,0,0,0,0,,,0,0,
마마15ab02ba,1,0,0,0,0,,,0,0,
마마15ab02bb,8,0,0,0,0,55.000000,23.0000000000000000000000000000000,0,1,
마마15ab03aa,0,0,0,0,0,,,0,0,
마마15ab03ab,0,0,0,0,0,,,0,0,
마마15ab03ba,8,0,0,0,0,,,0,0,
마마15ab03bb,9,0,0,0,0,,,0,0,
마마15ab04aa,26,0,0,0,0,,,0,0,
마마15ab04ab,4,0,0,0,0,,0.0000000000000000000000000000000,0,0,
마마15ab04ba,1,0,0,0,0,,,0,0,
마마15ab04bb,2,0,0,0,0,,0.0000000000000000000000000000000,0,0,
마마15ab05aa,2,0,0,0,0,,,0,0,
마마15ab05ab,0,0,0,0,0,,,0,0,
마마15ab05ba,0,0,0,0,0,,,0,0,
마마15ab05bb,0,0,0,0,0,,,0,0,
마마15ab06aa,0,0,0,0,0,,,0,0,
마마15ab06ab,0,0,0,0,0,,,0,0,
마마15ba00aa,31,0,0,0,0,,,0,0,
마마15ba00ab,0,0,0,0,0,,,0,0,
마마15ba00ba,2,0,0,0,0,,,0,0,
마마15ba00bb,10,2,0,0,0,,,0,0,
마마15ba01aa,0,0,0,0,0,,,0,0,
마마15ba01ab,0,0,0,0,0,,16.0000000000000000000000000000000,0,0,22.530346819999998
마마15ba01ba,1,0,0,0,0,,,0,0,
마마15ba01bb,0,0,0,0,0,,,0,0,
마마15ba02aa,0,0,0,0,0,,,0,0,
마마15ba02ab,0,0,0,0,0,,0.0000000000000000000000000000000,0,0,
마마15ba02ba,1,0,0,0,0,,0.0000000000000000000000000000000,0,0,
마마15ba02bb,2,0,0,0,0,,,0,0,
마마15ba03aa,0,0,0,0,0,,,0,0,
마마15ba03ab,0,0,0,0,0,,,0,0,
마마15ba03ba,1,0,0,0,0,,,0,0,
마마15ba03bb,8,0,0,0,0,,0.0000000000000000000000000000000,0,0,
마마15ba04aa,12,0,0,0,0,,,0,0,
마마15ba04ab,1,0,0,0,0,,,0,0,
마마15ba04ba,0,0,0,0,0,,,0,0,
마마15ba04bb,0,0,0,0,0,,,0,0,
마마15ba05aa,0,0,0,0,0,,,0,0,
마마15ba05ab,0,0,0,0,0,,,0,0,
마마15ba05ba,0,0,0,0,0,,,0,0,
마마15ba05bb,0,0,0,0,0,,,0,0,
마마15ba06aa,0,0,0,0,0,,,0,0,
마마15ba06ab,0,0,0,0,0,,,0,0,
마마15bb00aa,44,0,0,0,0,,0.0000000000000000000000000000000,0,0,
마마15bb00ab,3,0,0,0,0,,,0,0,
마마15bb00ba,4,0,0,0,0,,,0,0,
마마15bb00bb,0,0,0,0,0,,,0,0,
마마15bb01aa,1,0,0,0,0,,,0,0,
마마15bb01ab,8,0,0,0,0,,0.0000000000000000000000000000000,0,0,
마마15bb01ba,0,0,0,0,0,,,0,0,
마마15bb01bb,1,0,0,0,0,,,0,0,
마마15bb02aa,0,0,0,0,0,,,0,0,
마마15bb02ab,1,0,0,0,0,,,0,0,
마마15bb02ba,2,0,0,0,0,,0.0000000000000000000000000000000,0,0,
마마15bb02bb,0,0,0,0,0,,,0,0,
마마15bb03aa,0,0,0,0,0,,0.0000000000000000000000000000000,0,0,
마마15bb03ab,0,0,0,0,0,,,0,0,
마마15bb03ba,2,0,0,0,0,,0.0000000000000000000000000000000,0,0,
마마15bb03bb,3,0,0,0,0,,,0,0,
마마15bb04aa,18,0,0,0,0,,0.0000000000000000000000000000000,0,0,
마마15bb04ab,0,0,0,0,0,,,0,0,
마마15bb04ba,0,0,0,0,0,,,0,0,
마마15bb04bb,0,0,0,0,0,,,0,0,
마마15bb05aa,0,0,0,0,0,,,0,0,
마마15bb05ab,0,0,0,0,0,,,0,0,
마마15bb05ba,1,0,0,0,0,,,0,0,
마마15bb05bb,0,0,0,0,0,,,0,0,
마마15bb06aa,0,0,0,0,0,,,0,0,
마마15bb06ab,0,0,0,0,0,,,0,0,
마마16aa00aa,25,0,0,0,0,,,0,0,
마마16aa00ab,2,0,0,0,0,,,0,0,
마마16aa00ba,2,0,0,0,0,,,0,0,
마마16aa00bb,2,0,0,0,0,,,0,0,
마마16aa01aa,6,0,0,0,0,,,0,0,28.000000000000000
마마16aa01ab,4,0,0,0,0,,,0,0,
마마16aa01ba,0,0,0,0,0,,,0,0,
마마16aa01bb,0,0,0,0,0,,,0,0,
마마16aa02aa,2,0,0,0,0,,,0,0,
마마16aa02ab,0,0,0,0,0,,,0,0,
마마16aa02ba,0,0,0,0,0,,0.0000000000000000000000000000000,0,0,
마마16aa02bb,0,0,0,0,0,,0.0000000000000000000000000000000,0,0,
마마16aa03aa,0,0,0,0,0,,,0,0,
마마16aa03ab,0,0,0,0,0,,,0,0,
마마16aa03ba,0,0,0,0,0,,0.0000000000000000000000000000000,0,0,
마마16aa03bb,1,0,0,0,0,,23.0000000000000000000000000000000,0,0,
마마16aa04aa,20,0,0,0,0,,8.0000000000000000000000000000000,0,0,
마마16aa04ab,28,0,0,0,0,,9.9999999999999982236431605997495,0,0,
마마16aa04ba,1,0,1,0,0,,0.0000000000000000000000000000000,0,0,
마마16aa04bb,0,0,0,0,0,,,0,0,
마마16aa05aa,0,0,0,0,0,,0.0000000000000000000000000000000,0,0,
마마16aa05ab,2,0,0,0,0,,0.0000000000000000000000000000000,0,0,
마마16aa05ba,0,0,0,0,0,,,0,0,
마마16aa05bb,0,0,0,0,0,,,0,0,
마마16aa06aa,0,0,0,0,0,,,0,0,
마마16aa06ab,0,0,0,0,0,,,0,0,
마마16aa06ba,0,0,0,0,0,,,0,0,
마마16ab00aa,46,0,0,0,0,,,0,0,
마마16ab00ab,32,0,0,0,0,,,0,0,
마마16ab00ba,3,0,0,0,0,,,0,0,
마마16ab00bb,19,0,0,0,0,,0.0000000000000000000000000000000,0,0,
마마16ab01aa,5,0,0,0,0,,,0,0,
마마16ab01ab,0,0,0,0,0,,,0,0,
마마16ab01ba,0,0,0,0,0,,,0,0,
마마16ab01bb,0,0,0,0,0,,,0,0,
마마16ab02aa,0,0,0,0,0,,,0,0,
마마16ab02ab,0,0,0,0,0,,,0,0,
마마16ab02ba,0,0,0,0,0,,,0,0,
마마16ab02bb,0,0,0,0,0,,,0,0,
마마16ab03aa,0,0,0,0,0,,,0,0,
마마16ab03ab,0,0,0,0,0,,,0,0,
마마16ab03ba,3,0,0,0,0,,,0,0,
마마16ab03bb,9,0,0,0,0,,12.0000000000000000000000000000000,0,0,
마마16ab04aa,12,0,0,0,0,,9.0000000000000000000000000000000,0,0,
마마16ab04ab,8,0,0,0,0,,0.0000000000000000000000000000000,0,0,
마마16ab04ba,42,0,0,0,0,,11.0000000000000000000000000000000,0,0,
마마16ab04bb,8,0,0,0,0,,7.0000000000000008881784197001252,0,0,
마마16ab05aa,3,0,0,0,0,,0.0000000000000000000000000000000,0,0,
마마16ab05ab,8,0,0,0,0,,0.0000000000000000000000000000000,0,0,
마마16ab05ba,3,3,0,0,0,,25.0000000000000000000000000000000,0,0,
마마16ab05bb,0,0,0,0,0,,,0,0,
마마16ab06aa,0,0,0,0,0,,,0,0,
마마16ab06ab,0,0,0,0,0,,,0,0,
마마16ab06ba,0,0,0,0,0,,,0,0,
마마16ba00aa,24,0,0,0,0,,6.0000000000000000000000000000000,0,0,
마마16ba00ab,73,0,0,0,0,,7.0000000000000008881784197001252,0,0,
마마16ba00ba,14,0,0,0,0,,9.9999999999999982236431605997495,0,0,44.760115610000000
마마16ba00bb,39,0,0,0,0,,0.0000000000000000000000000000000,0,0,
마마16ba01aa,19,0,0,0,0,,0.0000000000000000000000000000000,0,0,
마마16ba01ab,1,0,0,0,0,,0.0000000000000000000000000000000,0,0,
마마16ba01ba,12,0,0,0,0,,0.0000000000000000000000000000000,0,0,
마마16ba01bb,0,0,0,0,0,,,0,0,
마마16ba02aa,0,0,0,0,0,,,0,0,
마마16ba02ab,0,0,0,0,0,,,0,0,
마마16ba02ba,1,0,0,0,0,,,0,0,
마마16ba02bb,0,0,0,0,0,,,0,0,
마마16ba03aa,0,0,0,0,0,,,0,0,
마마16ba03ab,0,0,0,0,0,,,0,0,
마마16ba03ba,2,0,0,0,0,,0.0000000000000000000000000000000,0,0,
마마16ba03bb,10,0,0,0,0,,0.0000000000000000000000000000000,0,0,
마마16ba04aa,2,0,0,0,0,,0.0000000000000000000000000000000,0,0,39.000000000000000
마마16ba04ab,3,0,0,0,0,,8.0000000000000000000000000000000,0,0,
마마16ba04ba,12,0,0,0,0,,0.0000000000000000000000000000000,0,0,
마마16ba04bb,12,0,0,0,0,,49.0000000000000000000000000000000,0,0,
마마16ba05aa,3,0,0,0,0,,0.0000000000000000000000000000000,0,0,
마마16ba05ab,9,0,0,0,0,,0.0000000000000000000000000000000,0,0,
마마16ba05ba,6,0,0,0,0,,51.0000000000000000000000000000000,0,0,
마마16ba05bb,3,0,0,0,0,,7.0000000000000008881784197001252,0,0,
마마16ba06aa,0,0,0,0,0,,,0,0,
마마16ba06ab,0,0,0,0,0,,,0,0,
마마16ba06ba,0,0,0,0,0,,,0,0,
마마16ba06bb,0,0,0,0,0,,,0,0,
마마16bb00aa,33,0,0,0,0,,9.9999999999999982236431605997495,0,0,
마마16bb00ab,37,2,0,0,0,,0.0000000000000000000000000000000,0,0,38.992052020000003
마마16bb00ba,11,0,0,0,0,,6.0000000000000000000000000000000,0,0,
마마16bb00bb,10,0,0,0,0,,,0,0,
마마16bb01aa,14,0,0,0,0,,0.0000000000000000000000000000000,0,0,18.734826590000001
마마16bb01ab,2,0,0,0,0,,0.0000000000000000000000000000000,0,0,
마마16bb01ba,10,0,0,0,0,,,0,0,
마마16bb01bb,0,0,0,0,0,,,0,0,
마마16bb02aa,0,0,0,0,0,,,0,0,
마마16bb02ab,0,0,0,0,0,,,0,0,
마마16bb02ba,0,0,0,0,0,,,0,0,
마마16bb02bb,0,0,0,0,0,,,0,0,
마마16bb03aa,0,0,0,0,0,,,0,0,
마마16bb03ab,0,0,0,0,0,,,0,0,
마마16bb03ba,3,0,0,0,0,,,0,0,
마마16bb03bb,23,0,0,0,0,,0.0000000000000000000000000000000,0,0,
마마16bb04aa,1,0,0,0,0,,,0,0,
마마16bb04ab,2,0,0,0,0,,,0,0,
마마16bb04ba,0,0,0,0,0,,,0,0,
마마16bb04bb,5,0,0,0,0,,17.0000000000000000000000000000000,0,0,
마마16bb05aa,9,0,0,0,0,,,0,0,
마마16bb05ab,0,0,0,0,0,,12.0000000000000000000000000000000,0,0,
마마16bb05ba,8,0,0,0,0,,44.0000000000000000000000000000000,0,0,
마마16bb05bb,11,0,0,0,0,,17.0000000000000000000000000000000,0,0,
마마16bb06aa,0,0,0,0,0,,,0,0,
마마16bb06ab,0,0,0,0,0,,,0,0,
마마16bb06ba,0,0,0,0,0,,,0,0,
마마16bb06bb,0,0,0,0,0,,,0,0,
마마16bb07aa,0,0,0,0,0,,,0,0,
마마17aa00aa,4,0,0,0,0,,0.0000000000000000000000000000000,0,0,
마마17aa00ab,12,0,0,0,0,,0.0000000000000000000000000000000,0,0,
마마17aa00ba,1,0,0,0,0,,,0,0,
마마17aa00bb,0,0,0,0,0,,,0,0,
마마17aa01aa,0,0,0,0,0,,0.0000000000000000000000000000000,0,0,
마마17aa01ab,11,0,0,0,0,,,0,0,
마마17aa01ba,15,0,0,0,0,,9.0000000000000000000000000000000,0,0,
마마17aa01bb,5,0,0,0,0,,,0,0,
마마17aa02aa,4,0,0,0,0,,0.0000000000000000000000000000000,0,0,
마마17aa02ab,4,0,0,0,0,,0.0000000000000000000000000000000,0,1,
마마17aa02ba,1,0,0,0,0,,,0,0,
마마17aa02bb,0,0,0,0,0,,0.0000000000000000000000000000000,0,0,
마마17aa03aa,0,0,0,0,0,,,0,0,
마마17aa03ab,0,0,0,0,0,,,0,0,
마마17aa03ba,5,0,0,0,0,,,0,0,
마마17aa03bb,3,0,0,0,0,,,0,0,
마마17aa04aa,2,0,0,0,0,,7.0000000000000008881784197001252,0,0,
마마17aa04ab,0,0,0,0,0,,,0,0,
마마17aa04ba,0,0,0,0,0,,,0,0,
마마17aa04bb,4,0,0,0,0,,,0,0,
마마17aa05aa,4,0,0,0,0,,,0,0,
마마17aa05ab,5,0,0,0,0,,0.0000000000000000000000000000000,0,0,
마마17aa05ba,3,0,0,0,0,,0.0000000000000000000000000000000,0,0,
마마17aa05bb,3,0,0,0,0,,0.0000000000000000000000000000000,0,0,
마마17aa06aa,0,0,0,0,0,,,0,0,
마마17aa06ab,0,0,0,0,0,,,0,0,
마마17aa06ba,0,0,0,0,0,,,0,0,
마마17aa06bb,0,0,0,0,0,,,0,0,
마마17aa07aa,0,0,0,0,0,,,0,0,
마마17aa07ab,0,0,0,0,0,,,0,0,
마마17ab00aa,15,0,0,0,0,,,0,0,
마마17ab00ab,19,0,0,0,0,,25.0000000000000000000000000000000,0,0,
마마17ab00ba,7,0,0,0,0,,7.0000000000000008881784197001252,0,0,
마마17ab00bb,0,0,0,0,0,,0.0000000000000000000000000000000,0,0,
마마17ab01aa,0,0,0,0,0,,,0,0,
마마17ab01ab,6,0,0,0,0,,0.0000000000000000000000000000000,0,0,
마마17ab01ba,16,0,0,0,0,,0.0000000000000000000000000000000,0,0,
마마17ab01bb,3,0,0,0,0,,0.0000000000000000000000000000000,0,0,
마마17ab02aa,13,0,0,0,0,,0.0000000000000000000000000000000,0,0,
마마17ab02ab,0,0,0,0,0,,,0,0,
마마17ab02ba,1,0,0,0,0,,0.0000000000000000000000000000000,0,0,
마마17ab02bb,0,0,0,0,0,,,0,0,
마마17ab03aa,0,0,0,0,0,,,0,0,
마마17ab03ab,0,0,0,0,0,,0.0000000000000000000000000000000,0,0,
마마17ab03ba,0,0,0,0,0,,,0,0,
마마17ab03bb,7,0,0,0,0,,11.0000000000000000000000000000000,0,0,
마마17ab04aa,9,0,0,0,0,,0.0000000000000000000000000000000,25,0,
마마17ab04ab,1,0,0,0,0,,0.0000000000000000000000000000000,0,0,
마마17ab04ba,0,0,0,0,0,,,0,0,
마마17ab04bb,2,0,0,0,0,,,0,0,
마마17ab05aa,1,0,0,0,0,,,0,0,
마마17ab05ab,1,0,0,0,0,,0.0000000000000000000000000000000,0,0,
마마17ab05ba,6,0,0,0,0,,0.0000000000000000000000000000000,0,0,
마마17ab05bb,0,0,0,0,0,,,0,0,
마마17ab06aa,0,0,0,0,0,,,0,0,
마마17ab06ab,0,0,0,0,0,,,0,0,
마마17ab06ba,0,0,0,0,0,,,0,0,
마마17ab06bb,0,0,0,0,0,,,0,0,
마마17ab07aa,0,0,0,0,0,,,0,0,
마마17ab07ab,0,0,0,0,0,,,0,0,
마마17ab07ba,0,0,0,0,0,,,0,0,
마마17ab07bb,0,0,0,0,0,,,0,0,
마마17ba00aa,6,0,0,0,0,,0.0000000000000000000000000000000,0,0,
마마17ba00ab,27,0,0,0,0,,0.0000000000000000000000000000000,0,0,
마마17ba00ba,14,0,0,0,0,,19.0000000000000000000000000000000,0,0,
마마17ba00bb,0,0,0,0,0,,0.0000000000000000000000000000000,0,0,
마마17ba01aa,1,0,0,0,0,,,0,0,
마마17ba01ab,41,0,0,0,0,,7.0000000000000008881784197001252,6,0,
마마17ba01ba,20,0,0,0,0,,7.0000000000000008881784197001252,0,0,
마마17ba01bb,33,0,0,0,0,,6.0000000000000000000000000000000,0,0,
마마17ba02aa,1,0,0,0,0,,,0,0,
마마17ba02ab,0,0,0,0,0,,,0,0,
마마17ba02ba,1,0,0,0,0,,,0,0,
마마17ba02bb,0,0,0,0,0,,0.0000000000000000000000000000000,0,0,23.000000000000000
마마17ba03aa,2,0,0,0,0,,,0,0,
마마17ba03ab,4,0,0,0,0,,0.0000000000000000000000000000000,0,0,
마마17ba03ba,1,0,0,0,0,,0.0000000000000000000000000000000,0,0,
마마17ba03bb,3,0,0,0,0,,0.0000000000000000000000000000000,0,0,
마마17ba04aa,2,0,0,0,0,,0.0000000000000000000000000000000,0,0,
마마17ba04ab,1,0,0,0,0,,8.0000000000000000000000000000000,0,0,
마마17ba04ba,2,0,0,0,0,,0.0000000000000000000000000000000,0,0,
마마17ba04bb,1,0,0,0,0,,,0,0,
마마17ba05aa,0,0,0,0,0,,,0,0,
마마17ba05ab,2,0,0,0,0,,,0,0,
마마17ba05ba,0,0,0,0,0,,,0,0,
마마17ba05bb,0,0,0,0,0,,,0,0,
마마17ba06aa,1,0,0,0,0,,,2,0,
마마17ba06ab,5,0,0,0,0,,0.0000000000000000000000000000000,0,0,
마마17ba06ba,0,0,0,0,0,,,0,0,
마마17ba06bb,0,0,0,0,0,,,0,0,
마마17ba07aa,0,0,0,0,0,,,0,0,
마마17ba07ab,0,0,0,0,0,,,0,0,
마마17ba07ba,0,0,0,0,0,,,0,0,
마마17ba07bb,0,0,0,0,0,,,0,0,
마마17ba08aa,0,0,0,0,0,,,0,0,
마마17bb00aa,3,0,0,0,0,,8.0000000000000000000000000000000,0,0,
마마17bb00ab,15,0,0,0,0,,7.0000000000000008881784197001252,0,0,
마마17bb00ba,24,4,0,0,0,,17.0000000000000000000000000000000,0,0,
마마17bb00bb,18,0,0,0,0,,8.0000000000000000000000000000000,0,0,
마마17bb01aa,16,0,0,0,0,,0.0000000000000000000000000000000,0,0,
마마17bb01ab,26,0,0,0,0,,24.0000000000000000000000000000000,0,0,14.437861270000001
마마17bb01ba,21,0,0,0,0,,9.0000000000000000000000000000000,0,0,
마마17bb01bb,23,0,0,0,0,,0.0000000000000000000000000000000,0,0,
마마17bb02aa,4,0,0,0,0,,,0,0,
마마17bb02ab,0,0,0,0,0,,,0,0,
마마17bb02ba,2,0,0,0,0,,,0,0,
마마17bb02bb,1,0,0,0,0,,,0,0,
마마17bb03aa,26,0,0,0,0,,0.0000000000000000000000000000000,0,0,
마마17bb03ab,22,0,0,0,0,,0.0000000000000000000000000000000,0,0,
마마17bb03ba,1,0,0,0,0,,0.0000000000000000000000000000000,0,0,
마마17bb03bb,1,0,0,0,0,,0.0000000000000000000000000000000,0,0,
마마17bb04aa,11,0,0,0,0,,18.0000000000000000000000000000000,0,0,22.563583820000002
마마17bb04ab,8,0,0,0,0,,57.0000000000000000000000000000000,0,0,22.437861269999999
마마17bb04ba,8,0,0,0,0,,7.0000000000000008881784197001252,0,0,
마마17bb04bb,0,0,0,0,0,,,0,0,
마마17bb05aa,4,0,0,0,0,,,0,0,
마마17bb05ab,0,0,0,0,0,,,0,0,
마마17bb05ba,0,0,0,0,0,,,0,0,
마마17bb05bb,0,0,0,0,0,,,0,0,
마마17bb06aa,0,0,0,0,0,,,0,0,
마마17bb06ab,3,0,0,0,0,,,0,0,
마마17bb06ba,0,0,0,0,0,,,0,0,
마마17bb06bb,0,0,0,0,0,,,0,0,
마마17bb07aa,0,0,0,0,0,,,0,0,
마마17bb07ab,0,0,0,0,0,,,0,0,
마마17bb07ba,0,0,0,0,0,,,0,0,
마마17bb07bb,0,0,0,0,0,,,0,0,
마마17bb08aa,0,0,0,0,0,,,0,0,
마마17bb08ab,0,0,0,0,0,,,0,0,
마마17bb08ba,0,0,0,0,0,,,0,0,
마마17bb08bb,0,0,0,0,0,,,0,0,
마마18aa00aa,19,0,0,0,0,,0.0000000000000000000000000000000,0,0,16.000000000000000
마마18aa00ab,25,0,0,0,0,,,0,0,
마마18aa00ba,25,0,0,0,0,,,0,0,
마마18aa00bb,18,0,0,0,0,,0.0000000000000000000000000000000,0,0,
마마18aa01aa,37,0,0,0,0,,0.0000000000000000000000000000000,0,0,42.033236989999999
마마18aa01ab,24,0,0,0,0,,0.0000000000000000000000000000000,0,0,25.000000000000000
마마18aa01ba,53,0,0,0,0,,0.0000000000000000000000000000000,0,0,
마마18aa01bb,21,0,0,0,0,,0.0000000000000000000000000000000,0,0,
마마18aa02aa,0,0,0,0,0,,,0,0,
마마18aa02ab,0,0,0,0,0,,,0,0,
마마18aa02ba,0,0,0,0,0,,,0,0,
마마18aa02bb,4,0,0,0,0,,,0,0,
마마18aa03aa,32,0,0,0,0,,0.0000000000000000000000000000000,0,0,
마마18aa03ab,31,0,0,0,0,,0.0000000000000000000000000000000,0,0,
마마18aa03ba,8,0,0,1,0,,21.0000000000000000000000000000000,0,0,31.000000000000000
마마18aa03bb,19,3,0,2,0,,102.0000000000000000000000000000000,0,0,
마마18aa04aa,19,0,0,1,0,,66.0000000000000000000000000000000,0,0,
마마18aa04ab,2,0,0,0,0,,,0,0,
마마18aa04ba,2,0,0,0,0,,,0,0,
마마18aa04bb,1,0,0,0,0,,,0,0,
마마18aa05aa,0,0,0,0,0,,,0,0,
마마18aa05ab,0,0,0,0,0,,,0,0,
마마18aa05ba,0,0,0,0,0,,,0,0,
마마18aa05bb,0,0,0,0,0,,,0,0,
마마18aa06aa,0,0,0,0,0,,,0,0,
마마18aa06ab,0,0,0,0,0,,,0,0,
마마18aa06ba,0,0,0,0,0,,0.0000000000000000000000000000000,0,0,22.000000000000000
마마18aa06bb,0,0,0,0,0,,,0,0,
마마18aa07aa,0,0,0,0,0,,,0,0,
마마18aa07ab,0,0,0,0,0,,,0,0,
마마18aa07ba,0,0,0,0,0,,,0,0,
마마18aa07bb,0,0,0,0,0,,,0,0,
마마18aa08aa,0,0,0,0,0,,,0,0,
마마18aa08ab,0,0,0,0,0,,,0,0,
마마18aa08ba,0,0,0,0,0,,,0,0,
마마18aa08bb,0,0,0,0,0,,,0,0,
마마18aa09aa,0,0,0,0,0,,,0,0,
마마18aa09ab,0,0,0,0,0,,,0,0,
마마18ab00aa,18,0,0,0,0,,0.0000000000000000000000000000000,0,0,89.000000000000000
마마18ab00ab,27,0,0,0,0,,0.0000000000000000000000000000000,0,0,
마마18ab00ba,10,0,0,0,0,,0.0000000000000000000000000000000,0,0,
마마18ab00bb,8,0,0,0,0,,0.0000000000000000000000000000000,0,0,
마마18ab01aa,18,0,0,0,0,,7.0000000000000008881784197001252,0,0,
마마18ab01ab,40,0,0,0,0,,7.0000000000000008881784197001252,0,0,
마마18ab01ba,9,0,0,0,0,,0.0000000000000000000000000000000,0,0,
마마18ab01bb,9,0,0,0,0,,,0,0,
마마18ab02aa,4,0,0,0,0,,,0,0,
마마18ab02ab,0,0,0,0,0,,,0,0,
마마18ab02ba,0,0,0,0,0,,,0,0,
마마18ab02bb,0,0,0,0,0,,,0,0,
마마18ab03aa,1,0,0,0,0,,,0,0,37.125722539999998
마마18ab03ab,18,0,0,0,0,,37.0000000000000000000000000000000,0,0,16.000000000000000
마마18ab03ba,54,0,0,2,0,10.000000,117.0000000000000000000000000000000,0,0,28.000000000000000
마마18ab03bb,32,1,4,0,0,,66.0000000000000000000000000000000,0,0,56.907514450000001
마마18ab04aa,19,0,0,0,0,,44.0000000000000000000000000000000,0,0,
마마18ab04ab,3,0,0,0,0,,,0,0,17.000000000000000
마마18ab04ba,0,0,0,0,0,,,0,0,
마마18ab04bb,0,0,0,0,0,,0.0000000000000000000000000000000,0,0,
마마18ab05aa,7,0,0,0,0,,0.0000000000000000000000000000000,0,0,
마마18ab05ab,0,0,0,0,0,,,0,0,
마마18ab05ba,0,0,0,0,0,,,0,0,
마마18ab05bb,0,0,0,0,0,,,0,0,
마마18ab06aa,0,0,0,0,0,,,0,0,
마마18ab06ab,0,0,0,0,0,,,0,0,
마마18ab06ba,1,0,0,0,0,,19.0000000000000000000000000000000,0,0,
마마18ab06bb,3,0,0,0,0,,0.0000000000000000000000000000000,0,0,15.046242769999999
마마18ab07aa,0,0,0,0,0,,,0,0,
마마18ab07ab,0,0,0,0,0,,,0,0,
마마18ab07ba,0,0,0,0,0,,,0,0,
마마18ab07bb,0,0,0,0,0,,,0,0,
마마18ab08aa,0,0,0,0,0,,,0,0,
마마18ab08ab,0,0,0,0,0,,,0,0,
마마18ab08ba,0,0,0,0,0,,,0,0,
마마18ab08bb,0,0,0,0,0,,,0,0,
마마18ab09aa,0,0,0,0,0,,,0,0,
마마18ab09ab,0,0,0,0,0,,,0,0,
마마18ab09ba,0,0,0,0,0,,,0,0,
마마18ba00aa,6,0,0,0,0,,0.0000000000000000000000000000000,0,0,
마마18ba00ab,6,0,0,0,0,,,0,0,
마마18ba00ba,27,0,0,0,0,,0.0000000000000000000000000000000,0,0,
마마18ba00bb,16,0,0,0,0,,0.0000000000000000000000000000000,0,0,
마마18ba01aa,6,0,0,0,0,,8.0000000000000000000000000000000,0,0,
마마18ba01ab,15,0,0,0,0,,0.0000000000000000000000000000000,0,0,
마마18ba01ba,0,0,0,0,0,,,0,0,
마마18ba01bb,0,0,0,0,0,,,0,0,
마마18ba02aa,7,0,0,0,0,,,0,0,
마마18ba02ab,18,0,0,0,0,,,0,0,
마마18ba02ba,0,0,0,0,0,,,0,0,
마마18ba02bb,0,0,0,0,0,,,0,0,
마마18ba03aa,0,0,0,0,0,,,0,0,
마마18ba03ab,11,0,0,0,0,,8.0000000000000000000000000000000,0,0,29.242052019999999
마마18ba03ba,1,1,0,0,0,,179.0000000000000000000000000000000,0,0,
마마18ba03bb,2,0,0,0,0,,,0,0,
마마18ba04aa,4,0,0,0,0,,,0,0,21.500000000000000
마마18ba04ab,1,0,0,0,0,,,0,0,18.000000000000000
마마18ba04ba,2,0,0,0,0,,,0,0,
마마18ba04bb,1,0,0,0,0,,,0,0,
마마18ba05aa,6,0,0,0,0,,9.0000000000000000000000000000000,0,0,
마마18ba05ab,3,0,0,0,0,,7.0000000000000008881784197001252,0,0,
마마18ba05ba,0,0,0,0,0,,,0,0,
마마18ba05bb,0,0,0,0,0,,9.9999999999999982236431605997495,0,0,
마마18ba06aa,0,0,0,0,0,,0.0000000000000000000000000000000,0,0,
마마18ba06ab,0,0,0,0,0,,,0,0,17.000000000000000
마마18ba06ba,0,0,0,0,0,,,0,0,
마마18ba06bb,0,0,0,0,0,,,0,0,12.000000000000000
마마18ba07aa,0,0,0,0,0,,,0,0,13.000000000000000
마마18ba07ab,0,0,0,0,0,,,0,0,
마마18ba07ba,0,0,0,0,0,,,0,0,
마마18ba07bb,0,0,0,0,0,,0.0000000000000000000000000000000,0,0,
마마18ba08aa,0,0,0,0,0,,,0,0,
마마18ba08ab,1,0,0,0,0,,,0,0,
마마18ba08ba,0,0,0,0,0,,,0,0,
마마18ba08bb,0,0,0,0,0,,,0,0,
마마18ba09aa,0,0,0,0,0,,,0,0,
마마18ba09ab,0,0,0,0,0,,,0,0,
마마18ba09ba,0,0,0,0,0,,,0,0,
마마18ba09bb,0,0,0,0,0,,,0,0,
마마18bb00aa,1,0,0,0,0,,0.0000000000000000000000000000000,0,0,
마마18bb00ab,17,0,0,0,0,,0.0000000000000000000000000000000,0,0,
마마18bb00ba,39,1,0,0,0,,0.0000000000000000000000000000000,0,0,
마마18bb00bb,12,0,0,0,0,,0.0000000000000000000000000000000,0,0,
마마18bb01aa,9,0,0,0,0,,,0,0,
마마18bb01ab,17,0,0,0,0,,0.0000000000000000000000000000000,0,0,
마마18bb01ba,16,0,0,0,0,,6.0000000000000000000000000000000,0,0,
마마18bb01bb,6,2,0,0,0,,55.0000000000000000000000000000000,0,0,
마마18bb02aa,0,0,0,0,0,,48.0000000000000000000000000000000,0,0,
마마18bb02ab,13,0,0,0,0,,0.0000000000000000000000000000000,0,0,
마마18bb02ba,9,2,0,0,0,,0.0000000000000000000000000000000,0,0,60.000000000000000
마마18bb02bb,0,0,0,0,0,,,0,0,20.500000000000000
마마18bb03aa,0,0,0,0,0,,,0,0,
마마18bb03ab,0,0,0,0,0,,,0,0,
마마18bb03ba,0,0,0,0,0,,,0,0,
마마18bb03bb,0,0,0,0,0,,,0,0,
마마18bb04aa,0,0,0,0,0,,,0,0,
마마18bb04ab,0,0,0,0,0,,,0,0,
마마18bb04ba,0,0,0,0,0,,,0,0,
마마18bb04bb,0,0,0,0,0,,,0,0,
마마18bb05aa,0,0,0,0,0,,,0,0,15.000000000000000
마마18bb05ab,0,0,1,0,0,,,0,0,
마마18bb05ba,1,0,0,0,0,,9.0000000000000000000000000000000,0,0,
마마18bb05bb,2,0,0,0,0,,18.0000000000000000000000000000000,0,0,
마마18bb06aa,0,0,0,0,0,,0.0000000000000000000000000000000,0,0,37.000000000000000
마마18bb06ab,0,0,0,0,0,,,0,0,
마마18bb06ba,0,0,0,0,0,,0.0000000000000000000000000000000,0,0,
마마18bb06bb,7,0,0,0,0,,27.0000000000000000000000000000000,0,0,17.000000000000000
마마18bb07aa,1,0,0,0,0,,17.0000000000000000000000000000000,0,0,29.000000000000000
마마18bb07ab,0,0,0,0,0,,,0,0,
마마18bb07ba,1,0,0,0,0,,0.0000000000000000000000000000000,0,0,
마마18bb07bb,1,0,0,0,0,,0.0000000000000000000000000000000,0,0,
마마18bb08aa,0,0,0,0,0,,,0,0,
마마18bb08ab,0,0,0,0,0,,0.0000000000000000000000000000000,0,0,
마마18bb08ba,0,0,0,0,0,,,0,0,
마마18bb08bb,0,0,0,0,0,,,0,0,
마마18bb09aa,0,0,0,0,0,,,0,0,
마마18bb09ab,0,0,0,0,0,,,0,0,
마마18bb09ba,0,0,0,0,0,,,0,0,
마마18bb09bb,0,0,0,0,0,,,0,0,
마마19aa00aa,10,0,0,0,0,,0.0000000000000000000000000000000,0,0,
마마19aa00ab,30,0,0,0,0,,0.0000000000000000000000000000000,0,0,
마마19aa00ba,11,1,0,0,0,,9.0000000000000000000000000000000,0,0,39.578034680000002
마마19aa00bb,12,0,0,0,0,,0.0000000000000000000000000000000,0,0,
마마19aa01aa,47,0,0,0,0,,62.0000000000000000000000000000000,0,0,11.000000000000000
마마19aa01ab,36,0,0,0,0,,0.0000000000000000000000000000000,0,0,29.310693640000000
마마19aa01ba,10,0,0,1,0,,19.0000000000000000000000000000000,0,0,
마마19aa01bb,0,0,0,0,0,,8.0000000000000000000000000000000,0,0,
마마19aa02aa,0,0,0,0,0,,,0,0,
마마19aa02ab,2,0,0,0,0,,,0,0,
마마19aa02ba,2,0,0,0,0,,0.0000000000000000000000000000000,0,0,
마마19aa02bb,7,1,0,0,0,,11.0000000000000000000000000000000,0,0,22.125722540000002
마마19aa03aa,0,0,0,0,0,,,0,0,
마마19aa03ab,0,0,0,0,0,,0.0000000000000000000000000000000,0,0,
마마19aa03ba,0,0,0,0,0,,,0,0,
마마19aa03bb,2,0,0,0,0,,0.0000000000000000000000000000000,0,0,
마마19aa04aa,4,0,0,0,0,,0.0000000000000000000000000000000,0,0,
마마19aa04ab,1,0,0,0,0,,,0,0,
마마19aa04ba,0,0,0,0,0,,,0,0,
마마19aa04bb,1,0,0,0,0,,,0,0,
마마19aa05aa,0,0,0,0,0,,,0,0,
마마19aa05ab,2,0,2,0,0,,,0,0,
마마19aa05ba,0,0,0,0,0,,,0,0,
마마19aa05bb,0,0,0,0,0,,,0,0,
마마19aa06aa,1,0,0,0,0,,0.0000000000000000000000000000000,0,0,
마마19aa06ab,0,0,0,0,0,,0.0000000000000000000000000000000,0,0,
마마19aa06ba,0,0,0,0,0,,0.0000000000000000000000000000000,0,0,
마마19aa06bb,1,0,0,0,0,,0.0000000000000000000000000000000,0,0,
마마19aa07aa,3,0,0,0,0,,6.0000000000000000000000000000000,0,0,17.436416179999998
마마19aa07ab,0,0,0,0,0,,,0,0,
마마19aa07ba,0,0,0,0,0,,0.0000000000000000000000000000000,0,0,
마마19aa07bb,0,0,0,0,0,,0.0000000000000000000000000000000,0,0,
마마19aa08aa,0,0,0,0,0,,,0,0,
마마19aa08ab,1,0,0,0,0,,9.9999999999999982236431605997495,0,0,
마마19aa08ba,0,0,0,0,0,,,0,0,
마마19aa08bb,0,0,0,0,0,,,0,0,37.000000000000000
마마19aa09aa,0,0,0,0,0,,,0,0,
마마19aa09ab,0,0,0,0,0,,,0,0,
마마19aa09ba,0,0,0,0,0,,,0,0,
마마19aa09bb,0,0,0,0,0,,,0,0,
마마19aa10aa,0,0,0,0,0,,,0,0,
마마19ab00aa,27,0,0,0,0,,,0,0,
마마19ab00ab,0,0,0,0,0,,,0,0,
마마19ab00ba,0,0,0,0,0,,0.0000000000000000000000000000000,0,0,
마마19ab00bb,38,0,0,0,0,,9.0000000000000000000000000000000,0,0,
마마19ab01aa,45,0,0,0,0,,31.0000000000000000000000000000000,0,0,
마마19ab01ab,22,0,0,0,0,,0.0000000000000000000000000000000,0,0,
마마19ab01ba,14,0,0,0,0,,0.0000000000000000000000000000000,0,0,
마마19ab01bb,0,0,0,0,0,,,0,0,
마마19ab02aa,0,0,0,0,0,,,0,0,
마마19ab02ab,0,0,0,0,0,,,0,0,
마마19ab02ba,0,0,0,0,0,,,0,0,
마마19ab02bb,7,0,0,0,0,,9.9999999999999982236431605997495,0,0,
마마19ab03aa,0,0,0,0,0,,0.0000000000000000000000000000000,0,0,
마마19ab03ab,0,0,0,0,0,,,0,0,
마마19ab03ba,0,0,0,0,0,,,0,0,
마마19ab03bb,4,0,0,0,0,,7.0000000000000008881784197001252,0,0,
마마19ab04aa,1,0,0,0,0,,,0,0,
마마19ab04ab,2,0,0,0,0,,,0,0,
마마19ab04ba,0,0,0,0,0,,,0,0,
마마19ab04bb,13,0,0,0,0,,0.0000000000000000000000000000000,0,0,
마마19ab05aa,0,0,0,0,0,,,0,0,
마마19ab05ab,0,0,0,0,0,,,0,0,19.034682080000000
마마19ab05ba,0,0,0,0,0,,,0,0,
마마19ab05bb,0,0,0,0,0,,,0,0,
마마19ab06aa,1,0,0,0,0,,7.0000000000000008881784197001252,0,0,
마마19ab06ab,0,0,0,0,0,,,0,0,
마마19ab06ba,0,0,0,0,0,,,0,0,
마마19ab06bb,0,0,0,0,0,,,0,0,
마마19ab07aa,0,0,0,0,0,,,0,0,
마마19ab07ab,0,0,0,0,0,,0.0000000000000000000000000000000,0,0,
마마19ab07ba,0,0,0,0,0,,,0,0,
마마19ab07bb,4,0,0,0,0,,0.0000000000000000000000000000000,0,0,
마마19ab08aa,1,0,0,0,0,,9.9999999999999982236431605997495,0,0,
마마19ab08ab,0,0,0,0,0,,0.0000000000000000000000000000000,0,0,
마마19ab08ba,0,0,0,0,0,,,0,0,
마마19ab08bb,0,0,0,0,0,,,0,0,26.453757230000001
마마19ab09aa,0,0,0,0,0,,,0,0,
마마19ab09ab,0,0,0,0,0,,,0,0,
마마19ab09ba,0,0,0,0,0,,,0,0,
마마19ab09bb,0,0,0,0,0,,,0,0,
마마19ab10aa,0,0,0,0,0,,,0,0,
마마19ba00aa,4,0,0,0,0,,0.0000000000000000000000000000000,0,0,
마마19ba00ab,4,0,0,0,0,,9.0000000000000000000000000000000,0,0,
마마19ba00ba,1,0,0,0,0,,,0,0,40.343930640000004
마마19ba00bb,38,0,0,0,0,,7.0000000000000008881784197001252,0,0,17.000000000000000
마마19ba01aa,38,0,0,0,0,,9.0000000000000000000000000000000,0,0,
마마19ba01ab,43,0,0,0,0,,0.0000000000000000000000000000000,0,0,
마마19ba01ba,17,0,0,0,0,,0.0000000000000000000000000000000,0,0,
마마19ba01bb,7,0,0,0,0,,17.0000000000000000000000000000000,0,0,
마마19ba02aa,0,0,0,0,0,,,0,0,
마마19ba02ab,0,0,0,0,0,,,0,0,
마마19ba02ba,1,0,0,0,0,,,0,0,
마마19ba02bb,3,0,0,0,0,,0.0000000000000000000000000000000,0,0,
마마19ba03aa,0,0,0,0,0,,0.0000000000000000000000000000000,0,0,
마마19ba03ab,0,0,0,0,0,,,0,0,
마마19ba03ba,4,0,0,0,0,,,0,0,
마마19ba03bb,7,0,0,0,0,,19.9999999999999964472863211994991,0,0,
마마19ba04aa,0,0,0,0,0,,0.0000000000000000000000000000000,0,0,
마마19ba04ab,0,0,0,0,0,,,0,0,
마마19ba04ba,0,0,0,0,0,,,0,0,
마마19ba04bb,0,0,0,0,0,,,0,0,
마마19ba05aa,0,0,0,0,0,,,0,0,
마마19ba05ab,1,0,0,0,0,,9.9999999999999982236431605997495,0,0,18.437861269999999
마마19ba05ba,2,0,0,0,0,,0.0000000000000000000000000000000,0,0,
마마19ba05bb,0,0,0,0,0,,0.0000000000000000000000000000000,0,0,
마마19ba06aa,0,0,0,0,0,,,0,0,
마마19ba06ab,0,0,0,0,0,,,0,0,
마마19ba06ba,0,0,0,0,0,,,0,0,
마마19ba06bb,0,0,0,0,0,,,0,0,
마마19ba07aa,0,0,0,0,0,,,0,0,
마마19ba07ab,0,0,0,0,0,,,0,0,
마마19ba07ba,0,0,0,0,0,,,0,0,
마마19ba07bb,3,0,0,0,0,,0.0000000000000000000000000000000,0,0,
마마19ba08aa,0,0,0,0,0,,0.0000000000000000000000000000000,0,0,
마마19ba08ab,0,0,0,0,0,,,0,0,
마마19ba08ba,0,0,0,0,0,,,0,0,
마마19ba08bb,0,0,0,0,0,,,0,0,
마마19ba09aa,0,0,0,0,0,,,0,0,
마마19ba09ab,0,0,0,0,0,,,0,0,
마마19ba09ba,0,0,0,0,0,,,0,0,
마마19ba09bb,0,0,0,0,0,,,0,0,
마마19ba10aa,0,0,0,0,0,,,0,0,
마마19ba10ab,0,0,0,0,0,,,0,0,
마마19bb00aa,4,0,0,0,0,,0.0000000000000000000000000000000,0,0,
마마19bb00ab,2,0,0,0,0,,7.0000000000000008881784197001252,0,0,
마마19bb00ba,0,0,0,0,0,,,0,0,
마마19bb00bb,5,0,0,0,0,,,0,0,
마마19bb01aa,4,0,0,0,0,,,0,0,
마마19bb01ab,7,0,0,0,0,,,0,0,
마마19bb01ba,31,0,0,0,0,,12.0000000000000000000000000000000,0,0,
마마19bb01bb,1,0,0,0,0,,19.0000000000000000000000000000000,0,0,
마마19bb02aa,0,0,0,0,0,,,0,0,
마마19bb02ab,2,0,0,0,0,,0.0000000000000000000000000000000,0,0,
마마19bb02ba,4,0,0,0,0,,,0,0,8.000000000000000
마마19bb02bb,0,0,0,0,0,,,0,0,
마마19bb03aa,0,0,0,0,0,,0.0000000000000000000000000000000,0,0,
마마19bb03ab,0,0,0,0,0,,,0,0,
마마19bb03ba,15,0,0,0,0,,,0,0,
마마19bb03bb,7,0,0,0,0,,23.0000000000000000000000000000000,0,0,
마마19bb04aa,0,0,0,0,0,,,0,0,
마마19bb04ab,0,0,0,0,0,,,0,0,
마마19bb04ba,0,0,0,0,0,,0.0000000000000000000000000000000,0,0,
마마19bb04bb,1,0,0,0,0,,13.0000000000000000000000000000000,0,0,
마마19bb05aa,0,0,0,0,0,,,0,0,
마마19bb05ab,0,0,0,0,0,,11.0000000000000000000000000000000,0,0,
마마19bb05ba,0,0,0,0,0,,,0,0,
마마19bb05bb,0,0,0,0,0,,0.0000000000000000000000000000000,0,0,
마마19bb06aa,0,0,0,0,0,,0.0000000000000000000000000000000,0,0,36.000000000000000
마마19bb06ab,0,0,0,0,0,,,0,0,
마마19bb06ba,0,0,0,0,0,,,0,0,
마마19bb06bb,0,0,0,0,0,,,0,0,
마마19bb07aa,0,0,0,0,0,,,0,0,
마마19bb07ab,0,0,0,0,0,,,0,0,
마마19bb07ba,0,0,0,0,0,,,0,0,
마마19bb07bb,0,0,0,0,0,,8.0000000000000000000000000000000,0,0,
마마19bb08aa,0,0,0,0,0,,0.0000000000000000000000000000000,0,0,
마마19bb08ab,0,0,0,0,0,,,0,0,
마마19bb08ba,0,0,0,0,0,,,0,0,
마마19bb08bb,0,0,0,0,0,,,4,0,
마마19bb09aa,0,0,0,0,0,,0.0000000000000000000000000000000,0,0,
마마19bb09ab,4,0,0,0,0,,9.0000000000000000000000000000000,0,0,
마마19bb09ba,0,0,0,0,0,,,0,0,
마마19bb09bb,0,0,0,0,0,,0.0000000000000000000000000000000,0,0,
마마19bb10aa,0,0,0,0,0,,,0,0,
마마19bb10ab,0,0,0,0,0,,,0,0,
마마20aa00aa,0,0,0,0,0,,,0,0,
마마20aa00ab,0,0,0,0,0,,,0,0,
마마20aa00ba,2,0,0,0,0,,,0,0,
마마20aa00bb,22,0,0,0,0,,0.0000000000000000000000000000000,0,0,
마마20aa01aa,2,0,0,0,0,,12.0000000000000000000000000000000,0,0,
마마20aa01ab,0,0,0,0,0,,0.0000000000000000000000000000000,0,0,
마마20aa01ba,19,0,0,0,0,,11.0000000000000000000000000000000,0,0,
마마20aa01bb,5,0,0,0,0,,,0,0,
마마20aa02aa,19,0,0,0,0,,0.0000000000000000000000000000000,0,0,
마마20aa02ab,2,0,0,0,0,,0.0000000000000000000000000000000,10,0,
마마20aa02ba,0,0,0,0,0,,,0,0,
마마20aa02bb,1,0,0,0,0,,0.0000000000000000000000000000000,0,0,
마마20aa03aa,5,0,0,0,0,,0.0000000000000000000000000000000,0,0,
마마20aa03ab,1,0,0,0,0,,,0,0,
마마20aa03ba,8,0,0,0,0,,,0,0,
마마20aa03bb,11,0,0,0,0,,0.0000000000000000000000000000000,0,0,
마마20aa04aa,0,0,0,0,0,,,0,0,
마마20aa04ab,0,0,0,0,0,,,0,0,
마마20aa04ba,0,0,0,0,0,,,0,0,
마마20aa04bb,1,0,0,0,0,,0.0000000000000000000000000000000,0,0,
마마20aa05aa,0,0,0,0,0,,9.0000000000000000000000000000000,0,0,
마마20aa05ab,0,0,0,0,0,,6.0000000000000000000000000000000,0,0,
마마20aa05ba,0,0,0,0,0,,0.0000000000000000000000000000000,6,0,
마마20aa05bb,0,0,0,0,0,,,0,0,
마마20aa06aa,0,0,0,0,0,,6.0000000000000000000000000000000,0,0,
마마20aa06ab,1,0,0,0,0,,21.0000000000000000000000000000000,0,0,
마마20aa06ba,1,0,0,0,0,,,0,0,
마마20aa06bb,0,0,0,0,0,,,0,0,
마마20aa07aa,0,0,0,0,0,,,0,0,
마마20aa07ab,0,0,0,0,0,,,0,0,
마마20aa07ba,0,0,0,0,0,,,0,0,
마마20aa07bb,1,0,0,0,0,,,0,0,
마마20aa08aa,0,0,0,0,0,,,0,0,
마마20aa08ab,0,0,0,0,0,,0.0000000000000000000000000000000,0,0,
마마20aa08ba,0,0,0,0,0,,,0,0,
마마20aa08bb,0,0,0,0,0,,7.0000000000000008881784197001252,0,0,
마마20aa09aa,0,0,0,0,0,,6.0000000000000000000000000000000,0,0,
마마20aa09ab,1,0,0,0,0,,12.0000000000000000000000000000000,0,0,
마마20aa09ba,0,0,0,0,0,,,0,0,
마마20aa09bb,0,0,0,0,0,,,0,0,
마마20aa10aa,0,0,0,0,0,,,0,0,
마마20aa10ab,0,0,0,0,0,,,0,0,
마마20ab00aa,1,0,0,0,0,,,0,0,
마마20ab00ab,5,0,0,0,0,,0.0000000000000000000000000000000,0,0,
마마20ab00ba,1,0,0,0,0,,,0,0,31.000000000000000
마마20ab00bb,20,0,0,0,0,,0.0000000000000000000000000000000,0,0,
마마20ab01aa,4,0,0,0,0,,12.0000000000000000000000000000000,0,0,
마마20ab01ab,6,0,0,0,0,,,0,0,
마마20ab01ba,7,0,0,0,0,,7.0000000000000008881784197001252,0,0,
마마20ab01bb,10,1,0,0,0,,7.0000000000000008881784197001252,0,0,48.894508670000000
마마20ab02aa,10,1,0,0,0,,6.0000000000000000000000000000000,0,0,
마마20ab02ab,14,0,0,0,0,,0.0000000000000000000000000000000,0,0,
마마20ab02ba,1,0,0,0,0,,,0,0,8.000000000000000
마마20ab02bb,8,0,0,0,0,,,0,0,
마마20ab03aa,9,0,0,0,0,,7.0000000000000008881784197001252,0,0,
마마20ab03ab,18,0,0,0,0,,,0,0,
마마20ab03ba,0,0,0,0,0,,,0,0,
마마20ab03bb,8,0,0,0,0,,0.0000000000000000000000000000000,0,0,
마마20ab04aa,6,0,0,0,0,,0.0000000000000000000000000000000,0,0,
마마20ab04ab,0,0,0,0,0,,,0,0,
마마20ab04ba,0,0,0,0,0,,,0,0,
마마20ab04bb,0,0,0,0,0,,,0,0,
마마20ab05aa,0,0,0,0,0,,,0,0,
마마20ab05ab,0,0,0,0,0,,,0,0,
마마20ab05ba,0,0,0,0,0,,,0,0,
마마20ab05bb,0,0,0,0,0,,,0,0,
마마20ab06aa,1,0,0,0,0,,0.0000000000000000000000000000000,0,0,
마마20ab06ab,0,0,0,0,0,,0.0000000000000000000000000000000,0,0,
마마20ab06ba,0,0,0,0,0,,,0,0,
마마20ab06bb,0,0,0,0,0,,,0,0,
마마20ab07aa,0,0,0,0,0,,,0,0,
마마20ab07ab,0,0,0,0,0,,,0,0,
마마20ab07ba,0,0,0,0,0,,,0,0,
마마20ab07bb,0,0,0,0,0,,,0,0,
마마20ab08aa,0,0,0,0,0,,,0,0,
마마20ab08ab,0,0,0,0,0,,,0,0,
마마20ab08ba,0,0,0,0,0,,,0,0,
마마20ab08bb,0,0,0,0,0,,0.0000000000000000000000000000000,0,0,
마마20ab09aa,0,0,0,0,0,,0.0000000000000000000000000000000,0,0,26.033236989999999
마마20ab09ab,24,0,0,0,0,,23.0000000000000000000000000000000,0,0,
마마20ab09ba,3,0,0,0,0,,37.0000000000000000000000000000000,0,0,
마마20ab09bb,0,0,0,0,0,,,0,0,
마마20ab10aa,0,0,0,0,0,,,0,0,
마마20ab10ab,0,0,0,0,0,,,0,0,
마마20ba00aa,6,0,0,0,0,,0.0000000000000000000000000000000,0,0,
마마20ba00ab,8,0,0,0,0,,17.0000000000000000000000000000000,0,0,
마마20ba00ba,17,0,0,0,0,,9.0000000000000000000000000000000,0,0,
마마20ba00bb,26,0,0,0,0,,0.0000000000000000000000000000000,18,0,
마마20ba01aa,11,0,0,0,0,,6.0000000000000000000000000000000,0,0,
마마20ba01ab,2,0,0,0,0,,0.0000000000000000000000000000000,0,0,
마마20ba01ba,0,0,0,0,0,,0.0000000000000000000000000000000,0,0,
마마20ba01bb,7,0,0,1,0,,0.0000000000000000000000000000000,0,0,
마마20ba02aa,1,0,0,0,0,,,0,0,
마마20ba02ab,35,0,0,0,0,,7.0000000000000008881784197001252,0,0,
마마20ba02ba,2,0,0,0,0,,,0,0,
마마20ba02bb,0,0,0,0,0,,,0,0,
마마20ba03aa,0,0,0,0,0,,,0,0,
마마20ba03ab,17,0,0,0,0,,0.0000000000000000000000000000000,0,0,
마마20ba03ba,1,0,0,0,0,,,0,0,
마마20ba03bb,5,0,0,0,0,,,0,0,
마마20ba04aa,17,0,0,0,0,,0.0000000000000000000000000000000,0,0,
마마20ba04ab,0,0,0,0,0,,,0,0,
마마20ba04ba,0,0,0,0,0,,,0,0,
마마20ba04bb,0,0,0,0,0,,,0,0,
마마20ba05aa,0,0,0,0,0,,,0,0,
마마20ba05ab,1,0,0,0,0,,,0,0,
마마20ba05ba,1,0,0,0,0,,0.0000000000000000000000000000000,0,0,
마마20ba05bb,0,0,0,0,0,,,0,0,
마마20ba06aa,1,0,0,0,0,,,0,0,
마마20ba06ab,0,0,0,0,0,,,0,0,
마마20ba06ba,0,0,0,0,0,,,0,0,
마마20ba06bb,0,0,0,0,0,,,0,0,
마마20ba07aa,0,0,0,0,0,,,0,0,
마마20ba07ab,0,0,0,0,0,,,0,0,
마마20ba07ba,0,0,0,0,0,,,0,0,
마마20ba07bb,0,0,0,0,0,,,0,0,
마마20ba08aa,0,0,0,0,0,,,0,0,
마마20ba08ab,1,0,0,0,0,,7.0000000000000008881784197001252,0,0,
마마20ba08ba,2,1,0,0,0,,23.0000000000000000000000000000000,0,0,
마마20ba08bb,2,0,0,0,0,,19.9999999999999964472863211994991,0,0,18.656069360000000
마마20ba09aa,3,0,0,0,0,,0.0000000000000000000000000000000,0,0,
마마20ba09ab,2,0,0,0,0,,,0,0,
마마20ba09ba,0,0,0,0,0,,,0,0,
마마20ba09bb,1,0,0,0,0,,13.0000000000000000000000000000000,0,0,
마마20ba10aa,0,0,0,0,0,,,0,0,
마마20ba10ab,0,0,0,0,0,,,0,0,
마마20bb00aa,30,0,0,0,0,,0.0000000000000000000000000000000,0,0,
마마20bb00ab,3,0,0,0,0,,0.0000000000000000000000000000000,0,0,
마마20bb00ba,30,0,0,0,0,,9.9999999999999982236431605997495,0,0,
마마20bb00bb,14,0,0,0,0,,9.0000000000000000000000000000000,0,0,
마마20bb01aa,33,2,0,0,0,,7.0000000000000008881784197001252,0,0,
마마20bb01ab,15,0,0,0,0,,0.0000000000000000000000000000000,0,0,
마마20bb01ba,18,0,0,0,0,,7.0000000000000008881784197001252,0,0,
마마20bb01bb,9,0,0,0,0,,25.0000000000000000000000000000000,0,0,
마마20bb02aa,19,0,0,0,0,,0.0000000000000000000000000000000,0,0,
마마20bb02ab,22,0,0,0,0,,0.0000000000000000000000000000000,0,0,
마마20bb02ba,4,0,0,0,0,,,0,0,
마마20bb02bb,0,0,0,0,0,,,0,0,
마마20bb03aa,0,0,0,0,0,,,0,0,
마마20bb03ab,2,0,0,0,0,,,0,0,
마마20bb03ba,0,0,0,0,0,,,0,0,
마마20bb03bb,3,0,0,0,0,,0.0000000000000000000000000000000,0,0,
마마20bb04aa,2,0,0,0,0,,,0,0,
마마20bb04ab,0,0,0,0,0,,,0,0,
마마20bb04ba,0,0,0,0,0,,,0,0,
마마20bb04bb,0,0,0,0,0,,,0,0,
마마20bb05aa,0,0,0,0,0,,,0,0,
마마20bb05ab,0,0,0,0,0,,,0,0,
마마20bb05ba,0,0,0,0,0,,,0,0,
마마20bb05bb,0,0,0,0,0,,,0,0,
마마20bb06aa,0,0,0,0,0,,,0,0,
마마20bb06ab,0,0,0,0,0,,,0,0,
마마20bb06ba,0,0,0,0,0,,,0,0,
마마20bb06bb,0,0,0,0,0,,,0,0,
마마20bb07aa,0,0,0,0,0,,,0,0,
마마20bb07ab,0,0,0,0,0,,,0,0,
마마20bb07ba,0,0,0,0,0,,,0,0,
마마20bb07bb,0,0,0,0,0,,,0,0,
마마20bb08aa,0,0,0,0,0,,,0,0,
마마20bb08ab,0,0,0,0,0,,,0,0,
마마20bb08ba,0,0,0,0,0,,0.0000000000000000000000000000000,0,0,
마마20bb08bb,0,0,0,0,0,,0.0000000000000000000000000000000,0,0,
마마20bb09aa,1,0,0,0,0,,12.0000000000000000000000000000000,0,0,
마마20bb09ab,0,0,0,0,0,,,0,0,
마마20bb09ba,0,0,0,0,0,,,0,0,
마마20bb09bb,2,0,0,0,0,,0.0000000000000000000000000000000,0,0,
마마20bb10aa,0,0,0,0,0,,,0,0,
마마20bb10ab,0,0,0,0,0,,,0,0,
마마20bb10ba,0,0,0,0,0,,,0,0,
마마21aa00aa,51,0,0,0,0,,17.0000000000000000000000000000000,0,0,
마마21aa00ab,20,0,0,0,0,,0.0000000000000000000000000000000,0,0,
마마21aa00ba,12,0,0,0,0,,0.0000000000000000000000000000000,0,0,25.500000000000000
마마21aa00bb,1,0,0,0,0,,0.0000000000000000000000000000000,0,0,
마마21aa01aa,15,0,0,0,0,,9.0000000000000000000000000000000,0,0,
마마21aa01ab,32,0,0,0,0,,0.0000000000000000000000000000000,0,0,
마마21aa01ba,27,0,0,0,0,,0.0000000000000000000000000000000,0,0,
마마21aa01bb,7,0,0,0,0,,29.0000000000000000000000000000000,0,0,
마마21aa02aa,2,0,0,0,0,,0.0000000000000000000000000000000,0,0,
마마21aa02ab,0,0,0,0,0,,,0,0,
마마21aa02ba,0,0,0,0,0,,,0,0,
마마21aa02bb,0,0,0,0,0,,,0,0,
마마21aa03aa,0,0,0,0,0,,,0,0,
마마21aa03ab,6,0,0,0,0,,,0,0,
마마21aa03ba,0,0,0,0,0,,,0,0,
마마21aa03bb,1,0,0,0,0,,0.0000000000000000000000000000000,0,0,
마마21aa04aa,7,0,0,0,0,,13.0000000000000000000000000000000,0,0,
마마21aa04ab,2,0,0,0,0,,0.0000000000000000000000000000000,0,0,
마마21aa04ba,0,0,0,0,0,,,0,0,
마마21aa04bb,0,0,0,0,0,,,0,0,
마마21aa05aa,0,0,0,0,0,,,0,0,
마마21aa05ab,0,0,0,0,0,,,0,0,
마마21aa05ba,0,0,0,0,0,,,0,0,
마마21aa05bb,0,0,0,0,0,,,0,0,
마마21aa06aa,0,0,0,0,0,,,0,0,
마마21aa06ab,0,0,0,0,0,,,0,0,
마마21aa06ba,0,0,0,0,0,,,0,0,
마마21aa06bb,0,0,0,0,0,,,0,0,
마마21aa07aa,0,0,0,0,0,,,0,0,
마마21aa07ab,0,0,0,0,0,,0.0000000000000000000000000000000,0,0,
마마21aa07ba,0,0,0,0,0,,,0,0,
마마21aa07bb,0,0,0,0,0,,,0,0,
마마21aa08aa,0,0,0,0,0,,,0,0,
마마21aa08ab,0,0,0,0,0,,,0,0,
마마21aa08ba,0,0,0,0,0,,,0,0,
마마21aa08bb,0,0,0,0,0,,0.0000000000000000000000000000000,0,0,
마마21aa09aa,1,0,0,0,0,,,0,0,
마마21aa09ab,0,0,0,0,0,,0.0000000000000000000000000000000,0,0,
마마21aa09ba,1,0,0,0,0,,,0,0,
마마21aa09bb,1,0,0,0,0,,0.0000000000000000000000000000000,0,0,
마마21aa10aa,3,0,0,0,0,,0.0000000000000000000000000000000,0,0,23.310693640000000
마마21aa10ab,0,0,0,0,0,,,0,0,
마마21aa10ba,0,0,0,0,0,,,0,0,
마마21ab00aa,27,0,0,0,0,,15.0000000000000000000000000000000,0,0,
마마21ab00ab,0,0,0,0,0,,,0,0,
마마21ab00ba,0,0,0,0,0,,,0,0,
마마21ab00bb,0,0,0,0,0,,,0,0,
마마21ab01aa,0,0,0,0,0,,,0,0,
마마21ab01ab,14,0,0,0,0,,0.0000000000000000000000000000000,0,0,
마마21ab01ba,26,0,0,0,0,,0.0000000000000000000000000000000,0,0,
마마21ab01bb,22,0,0,0,0,,0.0000000000000000000000000000000,0,0,
마마21ab02aa,0,0,0,0,0,,0.0000000000000000000000000000000,0,0,
마마21ab02ab,1,0,0,0,0,,,0,0,
마마21ab02ba,0,0,0,0,0,,0.0000000000000000000000000000000,0,0,
마마21ab02bb,0,0,0,0,0,,,0,0,
마마21ab03aa,0,0,0,0,0,,,0,0,
마마21ab03ab,11,0,0,0,0,,,0,0,
마마21ab03ba,0,0,0,0,0,,,0,0,
마마21ab03bb,0,0,0,0,0,,,0,0,
마마21ab04aa,8,0,0,0,0,,0.0000000000000000000000000000000,0,0,
마마21ab04ab,0,0,0,0,0,,,0,0,
마마21ab04ba,0,0,0,0,0,,,0,0,
마마21ab04bb,0,0,0,0,0,,,0,0,
마마21ab05aa,0,0,0,0,0,,,0,0,
마마21ab05ab,0,0,0,0,0,,,0,0,
마마21ab05ba,0,0,0,0,0,,,0,0,
마마21ab05bb,0,0,0,0,0,,,0,0,
마마21ab06aa,0,0,0,0,0,,,0,0,
마마21ab06ab,0,0,0,0,0,,,0,0,
마마21ab06ba,0,0,0,0,0,,,0,0,
마마21ab06bb,0,0,0,0,0,,,0,0,
마마21ab07aa,0,0,0,0,0,,,0,0,
마마21ab07ab,0,0,0,0,0,,0.0000000000000000000000000000000,0,0,
마마21ab07ba,1,0,0,0,0,,7.0000000000000008881784197001252,0,0,
마마21ab07bb,1,0,0,0,0,,14.0000000000000017763568394002505,0,0,
마마21ab08aa,0,0,0,1,0,,,0,0,
마마21ab08ab,0,0,0,0,0,,,0,0,
마마21ab08ba,0,0,0,0,0,,,0,0,
마마21ab08bb,1,0,0,0,0,,,0,0,
마마21ab09aa,0,0,0,0,0,,,0,0,
마마21ab09ab,0,0,0,0,0,,,0,0,
마마21ab09ba,1,0,0,0,0,,,0,0,
마마21ab09bb,0,0,0,0,0,,0.0000000000000000000000000000000,0,0,
마마21ab10aa,2,0,0,0,0,,0.0000000000000000000000000000000,0,0,
마마21ab10ab,0,0,0,0,0,,0.0000000000000000000000000000000,0,0,
마마21ab10ba,0,0,0,0,0,,,0,0,
마마21ab10bb,0,0,0,0,0,,,0,0,
마마21ba00aa,0,0,0,0,0,,0.0000000000000000000000000000000,0,0,
마마21ba00ab,0,0,0,0,0,,,0,0,
마마21ba00ba,0,0,0,0,0,,,0,0,
마마21ba00bb,0,0,0,0,0,,,0,0,
마마21ba01aa,0,0,0,0,0,,,0,0,
마마21ba01ab,6,0,0,0,0,,,0,0,
마마21ba01ba,38,0,0,0,0,,0.0000000000000000000000000000000,0,0,
마마21ba01bb,3,0,0,0,0,,0.0000000000000000000000000000000,0,0,
마마21ba02aa,0,0,0,0,0,,,0,0,
마마21ba02ab,0,0,0,0,0,,,0,0,
마마21ba02ba,0,0,0,0,0,,,0,0,
마마21ba02bb,0,0,0,0,0,,,0,0,
마마21ba03aa,2,0,0,0,0,,0.0000000000000000000000000000000,0,0,
마마21ba03ab,0,0,0,0,0,,,0,0,
마마21ba03ba,0,0,0,0,0,,0.0000000000000000000000000000000,0,0,
마마21ba03bb,0,0,0,0,0,,,3,0,
마마21ba04aa,0,0,0,0,0,,0.0000000000000000000000000000000,0,0,
마마21ba04ab,0,0,0,0,0,,,0,0,
마마21ba04ba,0,0,0,0,0,,,0,0,
마마21ba04bb,4,0,0,0,0,,0.0000000000000000000000000000000,0,0,
마마21ba05aa,0,0,0,0,0,,,0,0,
마마21ba05ab,0,0,0,0,0,,,0,0,
마마21ba05ba,0,0,0,0,0,,,0,0,
마마21ba05bb,0,0,0,0,0,,,0,0,
마마21ba06aa,0,0,0,0,0,,,0,0,
마마21ba06ab,0,0,0,0,0,,,0,0,
마마21ba06ba,0,0,0,0,0,,,0,0,
마마21ba06bb,0,0,0,0,0,,,0,0,
마마21ba07aa,0,0,0,0,0,,,0,0,
마마21ba07ab,0,0,0,0,0,,0.0000000000000000000000000000000,0,0,
마마21ba07ba,1,0,0,0,0,,21.0000000000000000000000000000000,0,0,12.000000000000000
마마21ba07bb,1,0,0,0,0,,39.0000000000000000000000000000000,0,0,
마마21ba08aa,4,0,0,0,0,,9.0000000000000000000000000000000,0,0,
마마21ba08ab,7,2,0,0,0,,0.0000000000000000000000000000000,0,0,
마마21ba08ba,0,0,0,0,0,,,0,0,
마마21ba08bb,0,0,0,0,0,,,0,0,
마마21ba09aa,0,0,0,0,0,,,0,0,
마마21ba09ab,0,0,0,0,0,,,0,0,
마마21ba09ba,1,0,0,0,0,,,0,0,20.962283240000001
마마21ba09bb,0,0,0,0,0,,0.0000000000000000000000000000000,0,0,
마마21ba10aa,2,0,0,0,0,,0.0000000000000000000000000000000,0,0,
마마21ba10ab,0,0,0,0,0,,,0,0,
마마21ba10ba,0,0,0,0,0,,,0,0,
마마21ba10bb,0,0,0,0,0,,,0,0,22.000000000000000
마마21bb00aa,0,0,0,0,0,,,0,0,
마마21bb00ab,0,0,0,0,0,,,0,0,
마마21bb00ba,0,0,0,0,0,,,0,0,
마마21bb00bb,0,0,0,0,0,,,0,0,
마마21bb01aa,2,0,0,0,0,,,0,0,
마마21bb01ab,24,0,0,0,0,,0.0000000000000000000000000000000,0,0,
마마21bb01ba,37,0,0,0,0,,9.0000000000000000000000000000000,0,0,
마마21bb01bb,11,0,0,0,0,,0.0000000000000000000000000000000,0,0,
마마21bb02aa,0,0,0,0,0,,,0,0,
마마21bb02ab,0,0,0,0,0,,,0,0,
마마21bb02ba,0,0,0,0,0,,,0,0,
마마21bb02bb,0,0,0,0,0,,,0,0,
마마21bb03aa,0,0,0,0,0,,0.0000000000000000000000000000000,0,0,
마마21bb03ab,0,0,0,0,0,,,0,0,
마마21bb03ba,0,0,0,0,0,,0.0000000000000000000000000000000,0,0,
마마21bb03bb,11,0,0,0,0,,0.0000000000000000000000000000000,0,0,36.125722539999998
마마21bb04aa,9,0,0,0,0,,12.0000000000000000000000000000000,0,0,
마마21bb04ab,1,0,0,0,0,,8.0000000000000000000000000000000,0,0,
마마21bb04ba,2,0,0,0,0,,7.0000000000000008881784197001252,0,0,
마마21bb04bb,5,0,0,0,0,,0.0000000000000000000000000000000,0,0,
마마21bb05aa,1,0,0,0,0,,,0,0,
마마21bb05ab,0,0,0,0,0,,,0,0,
마마21bb05ba,0,0,0,0,0,,,0,0,
마마21bb05bb,2,0,0,0,0,,,0,0,
마마21bb06aa,0,0,0,0,0,,,0,0,
마마21bb06ab,0,0,0,0,0,,,0,0,
마마21bb06ba,0,0,0,0,0,,,0,0,
마마21bb06bb,0,0,0,0,0,,,0,0,
마마21bb07aa,0,0,0,0,0,,,0,0,
마마21bb07ab,0,0,0,0,0,,,0,0,
마마21bb07ba,3,0,0,0,0,,0.0000000000000000000000000000000,0,0,
마마21bb07bb,0,0,0,0,0,,0.0000000000000000000000000000000,0,0,
마마21bb08aa,1,0,0,0,0,,0.0000000000000000000000000000000,0,0,27.033236989999999
마마21bb08ab,0,0,0,0,0,,,0,0,
마마21bb08ba,0,0,0,0,0,,,0,0,
마마21bb08bb,0,0,0,0,0,,,0,0,
마마21bb09aa,0,0,0,0,0,,,0,0,
마마21bb09ab,0,0,0,0,0,,0.0000000000000000000000000000000,0,0,
마마21bb09ba,3,0,0,0,0,,0.0000000000000000000000000000000,0,0,
마마21bb09bb,3,0,0,0,0,,0.0000000000000000000000000000000,0,0,36.938728320000003
마마21bb10aa,16,0,0,0,0,,15.0000000000000000000000000000000,0,0,
마마21bb10ab,8,0,0,0,0,,0.0000000000000000000000000000000,0,0,
마마21bb10ba,0,0,0,0,0,,,0,0,
마마21bb10bb,0,0,0,0,0,,,0,0,
마마21bb11aa,0,0,0,0,0,,,0,0,
마마22aa00aa,21,0,0,0,0,,0.0000000000000000000000000000000,0,0,
마마22aa00ab,3,0,0,0,0,,0.0000000000000000000000000000000,0,0,
마마22aa00ba,0,0,0,0,0,,0.0000000000000000000000000000000,0,0,34.000000000000000
마마22aa00bb,5,0,0,0,0,,0.0000000000000000000000000000000,0,0,
마마22aa01aa,41,0,0,0,0,,0.0000000000000000000000000000000,0,0,
마마22aa01ab,34,0,0,0,0,,8.0000000000000000000000000000000,0,0,
마마22aa01ba,8,0,0,0,0,,6.0000000000000000000000000000000,0,0,
마마22aa01bb,0,0,0,0,0,,,0,0,
마마22aa02aa,0,0,0,0,0,,,0,0,
마마22aa02ab,0,0,0,0,0,,,0,0,
마마22aa02ba,0,0,0,0,0,,,0,0,
마마22aa02bb,0,0,0,0,0,,,0,0,
마마22aa03aa,0,0,0,0,0,,,0,0,
마마22aa03ab,0,0,0,0,0,,,0,0,
마마22aa03ba,18,0,0,0,0,,,0,0,
마마22aa03bb,6,0,0,0,0,,8.0000000000000000000000000000000,0,0,
마마22aa04aa,0,0,0,0,0,,0.0000000000000000000000000000000,0,0,
마마22aa04ab,0,0,0,0,0,,,0,0,
마마22aa04ba,0,0,0,0,0,,,0,0,
마마22aa04bb,0,0,0,0,0,,,0,0,
마마22aa05aa,12,0,0,0,0,,0.0000000000000000000000000000000,0,0,
마마22aa05ab,0,0,0,0,0,,,0,0,
마마22aa05ba,8,0,0,0,0,,,0,0,
마마22aa05bb,2,0,0,0,0,,0.0000000000000000000000000000000,0,0,
마마22aa06aa,0,0,0,0,0,,,0,0,
마마22aa06ab,0,0,0,0,0,,,0,0,
마마22aa06ba,0,0,0,0,0,,,0,0,
마마22aa06bb,0,0,0,0,0,,,0,0,
마마22aa07aa,0,0,0,0,0,,,0,0,
마마22aa07ab,1,0,0,0,0,,,0,0,
마마22aa07ba,0,0,0,0,0,,,0,0,28.000000000000000
마마22aa07bb,8,0,0,0,0,,0.0000000000000000000000000000000,0,0,
마마22aa08aa,0,0,0,0,0,,,0,0,
마마22aa08ab,0,0,0,0,0,,,0,0,
마마22aa08ba,0,0,0,0,0,,,0,0,
마마22aa08bb,2,0,0,0,0,,0.0000000000000000000000000000000,0,0,
마마22aa09aa,0,0,0,0,0,,,0,0,
마마22aa09ab,3,0,0,0,0,,0.0000000000000000000000000000000,0,0,
마마22aa09ba,20,0,0,0,0,,0.0000000000000000000000000000000,0,0,
마마22aa09bb,10,0,0,0,0,,,0,0,
마마22aa10aa,0,0,0,0,0,,9.0000000000000000000000000000000,0,0,
마마22aa10ab,0,0,0,0,0,,,0,0,
마마22aa10ba,0,0,0,0,0,,,0,0,
마마22aa10bb,0,0,0,0,0,,0.0000000000000000000000000000000,0,0,
마마22aa11aa,0,0,0,0,0,,,0,0,
마마22ab00aa,16,0,0,0,0,,0.0000000000000000000000000000000,0,0,
마마22ab00ab,24,0,0,0,0,,28.0000000000000035527136788005009,0,0,
마마22ab00ba,1,0,0,0,0,,0.0000000000000000000000000000000,0,0,
마마22ab00bb,4,0,0,0,0,,7.0000000000000008881784197001252,0,0,
마마22ab01aa,5,0,0,0,0,,0.0000000000000000000000000000000,0,0,
마마22ab01ab,6,0,0,0,0,,6.0000000000000000000000000000000,0,0,
마마22ab01ba,0,0,0,0,0,,,0,0,
마마22ab01bb,0,0,0,0,0,,,0,0,
마마22ab02aa,0,0,0,0,0,,,0,0,
마마22ab02ab,0,0,0,0,0,,,0,0,
마마22ab02ba,0,0,0,0,0,,,0,0,
마마22ab02bb,0,0,0,0,0,,,0,0,
마마22ab03aa,0,0,0,0,0,,,0,0,
마마22ab03ab,1,0,0,0,0,,,0,0,
마마22ab03ba,37,0,0,0,0,,0.0000000000000000000000000000000,0,0,
마마22ab03bb,32,0,0,0,0,,0.0000000000000000000000000000000,0,0,
마마22ab04aa,20,0,0,0,0,,79.0000000000000000000000000000000,0,0,
마마22ab04ab,0,0,0,0,0,,7.0000000000000008881784197001252,0,0,
마마22ab04ba,16,0,0,0,0,,8.0000000000000000000000000000000,0,0,
마마22ab04bb,13,0,0,1,0,,19.9999999999999964472863211994991,0,0,22.262283239999999
마마22ab05aa,34,2,0,1,0,,13.0000000000000000000000000000000,0,0,
마마22ab05ab,12,0,0,0,0,,0.0000000000000000000000000000000,0,0,
마마22ab05ba,14,0,0,0,0,,0.0000000000000000000000000000000,0,0,
마마22ab05bb,16,0,0,0,0,,8.0000000000000000000000000000000,0,0,
마마22ab06aa,5,0,0,0,0,,6.0000000000000000000000000000000,0,0,
마마22ab06ab,5,0,0,0,0,,,0,0,
마마22ab06ba,0,0,0,0,0,,,0,0,
마마22ab06bb,0,0,0,0,0,,,0,0,
마마22ab07aa,2,0,0,0,0,,0.0000000000000000000000000000000,0,0,
마마22ab07ab,1,0,0,0,0,,0.0000000000000000000000000000000,0,0,35.260115610000000
마마22ab07ba,3,0,0,0,0,,0.0000000000000000000000000000000,0,0,27.360549129999999
마마22ab07bb,2,0,0,0,0,,0.0000000000000000000000000000000,0,0,
마마22ab08aa,0,0,0,0,0,,0.0000000000000000000000000000000,0,0,
마마22ab08ab,0,0,0,0,0,,,0,0,
마마22ab08ba,6,0,0,0,0,,,0,0,
마마22ab08bb,4,0,0,0,0,,0.0000000000000000000000000000000,0,0,
마마22ab09aa,5,0,0,0,0,,8.0000000000000000000000000000000,0,0,
마마22ab09ab,3,0,0,0,0,,12.0000000000000000000000000000000,0,0,
마마22ab09ba,37,0,0,0,0,,6.0000000000000000000000000000000,0,0,25.000000000000000
마마22ab09bb,2,0,0,0,0,,,0,0,
마마22ab10aa,1,0,0,0,0,,,0,0,
마마22ab10ab,0,0,0,0,0,,,0,0,
마마22ab10ba,0,0,0,0,0,,0.0000000000000000000000000000000,0,0,
마마22ab10bb,0,0,0,0,0,,0.0000000000000000000000000000000,0,0,
마마22ab11aa,0,0,0,0,0,,,0,0,
마마22ab11ab,0,0,0,0,0,,,0,0,
마마22ba00aa,22,0,0,0,0,,7.0000000000000008881784197001252,0,0,
마마22ba00ab,13,0,0,0,0,,6.0000000000000000000000000000000,0,0,
마마22ba00ba,0,0,0,0,0,,,0,0,32.299999999999997
마마22ba00bb,0,0,0,0,0,,,0,0,
마마22ba01aa,0,0,0,0,0,,,3,0,
마마22ba01ab,0,0,0,0,0,,,0,0,
마마22ba01ba,2,0,0,0,0,,,0,0,
마마22ba01bb,0,0,0,0,0,,,0,0,
마마22ba02aa,0,0,0,0,0,,,0,0,
마마22ba02ab,0,0,0,0,0,,,0,0,
마마22ba02ba,0,0,0,0,0,,,0,0,
마마22ba02bb,0,0,0,0,0,,,0,0,
마마22ba03aa,8,0,0,0,0,,,0,0,
마마22ba03ab,0,0,0,0,0,,,0,0,
마마22ba03ba,0,0,0,0,0,,,0,0,
마마22ba03bb,13,0,0,0,0,,32.0000000000000000000000000000000,0,0,
마마22ba04aa,28,0,0,0,0,,37.0000000000000000000000000000000,0,0,
마마22ba04ab,20,2,0,2,0,,69.0000000000000000000000000000000,27,0,
마마22ba04ba,1,0,0,0,0,,,0,0,
마마22ba04bb,1,0,0,0,0,,16.0000000000000000000000000000000,0,0,
마마22ba05aa,6,1,0,0,0,,9.0000000000000000000000000000000,0,0,
마마22ba05ab,2,1,0,0,0,,,0,0,
마마22ba05ba,14,0,0,0,0,,,0,0,
마마22ba05bb,30,0,0,0,0,,0.0000000000000000000000000000000,0,0,
마마22ba06aa,23,0,0,0,0,,8.0000000000000000000000000000000,0,0,
마마22ba06ab,0,0,0,0,0,,,0,0,
마마22ba06ba,2,0,0,0,0,,,0,0,
마마22ba06bb,1,2,0,0,0,,,0,0,
마마22ba07aa,15,0,0,1,0,,27.0000000000000000000000000000000,0,0,
마마22ba07ab,9,0,0,1,0,,22.0000000000000000000000000000000,0,0,
마마22ba07ba,14,0,0,0,0,,9.9999999999999982236431605997495,10,0,
마마22ba07bb,3,0,0,0,0,,6.0000000000000000000000000000000,0,0,
마마22ba08aa,12,0,0,0,0,,0.0000000000000000000000000000000,0,0,
마마22ba08ab,14,0,0,0,0,,9.0000000000000000000000000000000,0,0,
마마22ba08ba,10,0,0,0,0,,0.0000000000000000000000000000000,0,0,
마마22ba08bb,4,0,0,0,0,,17.0000000000000000000000000000000,0,0,
마마22ba09aa,1,0,0,0,0,,13.0000000000000000000000000000000,0,0,
마마22ba09ab,1,0,0,0,0,,12.0000000000000000000000000000000,0,0,
마마22ba09ba,0,0,0,0,0,,,0,0,
마마22ba09bb,10,0,0,0,0,,,0,0,
마마22ba10aa,4,0,0,0,0,,0.0000000000000000000000000000000,0,0,
마마22ba10ab,0,0,0,0,0,,,0,0,
마마22ba10ba,0,0,0,0,0,,,0,0,
마마22ba10bb,1,0,0,0,0,,0.0000000000000000000000000000000,0,0,
마마22ba11aa,0,0,0,0,0,,,0,0,
마마22ba11ab,0,0,0,0,0,,,0,0,
마마22ba11ba,0,0,0,0,0,,,0,0,
마마22bb00aa,0,0,0,0,0,,,0,0,
마마22bb00ab,0,0,0,0,0,,,0,0,
마마22bb00ba,0,0,0,0,0,,,0,0,
마마22bb00bb,0,0,0,0,0,,,0,0,
마마22bb01aa,0,0,0,0,0,,,0,0,
마마22bb01ab,0,0,0,0,0,,,0,0,
마마22bb01ba,0,0,0,0,0,,,0,0,
마마22bb01bb,0,0,0,0,0,,,0,0,
마마22bb02aa,0,0,0,0,0,,,0,0,
마마22bb02ab,0,0,0,0,0,,,0,0,
마마22bb02ba,0,0,0,0,0,,,0,0,
마마22bb02bb,7,0,0,0,0,,,0,0,
마마22bb03aa,10,0,0,0,0,,,0,0,
마마22bb03ab,12,0,0,0,0,,0.0000000000000000000000000000000,0,0,
마마22bb03ba,8,0,0,0,0,,0.0000000000000000000000000000000,0,0,
마마22bb03bb,7,0,0,0,0,,8.0000000000000000000000000000000,0,0,
마마22bb04aa,2,4,0,0,0,,0.0000000000000000000000000000000,0,0,
마마22bb04ab,1,0,0,0,0,,0.0000000000000000000000000000000,0,0,
마마22bb04ba,0,0,0,0,0,,,0,0,
마마22bb04bb,0,0,0,0,0,,,0,0,
마마22bb05aa,0,0,0,0,0,,0.0000000000000000000000000000000,0,0,
마마22bb05ab,0,0,0,0,0,,,0,0,
마마22bb05ba,0,0,0,0,0,,,0,0,
마마22bb05bb,9,0,0,0,0,,,0,0,
마마22bb06aa,29,0,0,0,0,,0.0000000000000000000000000000000,0,0,
마마22bb06ab,26,0,0,0,0,,0.0000000000000000000000000000000,0,0,
마마22bb06ba,23,2,0,0,0,,0.0000000000000000000000000000000,0,0,
마마22bb06bb,18,0,0,0,0,,18.0000000000000000000000000000000,0,0,
마마22bb07aa,12,0,0,0,0,,35.0000000000000000000000000000000,0,0,
마마22bb07ab,1,0,0,0,0,,14.0000000000000017763568394002505,0,0,
마마22bb07ba,7,0,0,0,0,,8.0000000000000000000000000000000,0,0,14.000000000000000
마마22bb07bb,3,0,0,0,0,,12.0000000000000000000000000000000,0,0,
마마22bb08aa,1,0,0,0,0,,,0,0,
마마22bb08ab,14,0,0,0,0,,13.0000000000000000000000000000000,0,0,
마마22bb08ba,2,0,0,0,0,,0.0000000000000000000000000000000,0,0,
마마22bb08bb,0,0,0,0,0,,0.0000000000000000000000000000000,3,0,
마마22bb09aa,0,0,0,0,0,,0.0000000000000000000000000000000,0,0,
마마22bb09ab,0,0,0,0,0,,,0,0,
마마22bb09ba,0,0,0,0,0,,,0,0,
마마22bb09bb,1,0,0,0,0,,,0,0,
마마22bb10aa,0,0,0,0,0,,,0,0,
마마22bb10ab,0,0,0,0,0,,,0,0,
마마22bb10ba,1,0,0,0,0,,,0,0,
마마22bb10bb,11,0,0,0,0,,0.0000000000000000000000000000000,0,0,
마마22bb11aa,0,0,0,0,0,,,0,0,
마마22bb11ab,0,0,0,0,0,,,0,0,
마마22bb11ba,0,0,0,0,0,,,0,0,
마마23aa00aa,0,0,0,0,0,,,0,0,
마마23aa00ab,0,0,0,0,0,,,0,0,
마마23aa00ba,0,0,0,0,0,,,0,0,
마마23aa00bb,0,0,0,0,0,,,0,0,
마마23aa01aa,0,0,0,0,0,,,0,0,
마마23aa01ab,0,0,0,0,0,,,0,0,
마마23aa01ba,0,0,0,0,0,,,0,0,
마마23aa01bb,0,0,0,0,0,,,0,0,
마마23aa02aa,0,0,0,0,0,,,0,0,
마마23aa02ab,0,0,0,0,0,,,0,0,
마마23aa02ba,2,0,0,0,0,,,0,0,
마마23aa02bb,2,0,0,0,0,,,0,0,
마마23aa03aa,0,0,0,0,0,,,0,0,
마마23aa03ab,1,0,0,0,0,,,0,0,
마마23aa03ba,25,0,0,0,0,,0.0000000000000000000000000000000,0,0,
마마23aa03bb,26,0,0,0,0,,0.0000000000000000000000000000000,0,0,
마마23aa04aa,0,0,0,0,0,,,12,0,
마마23aa04ab,0,0,0,0,0,,,0,0,
마마23aa04ba,0,0,0,0,0,,,0,0,
마마23aa04bb,0,0,0,0,0,,,0,0,
마마23aa05aa,10,0,0,0,0,,0.0000000000000000000000000000000,0,0,
마마23aa05ab,0,0,0,0,0,,,0,0,
마마23aa05ba,0,0,0,0,0,,,0,0,
마마23aa05bb,14,0,0,0,0,,,0,0,
마마23aa06aa,16,0,0,0,0,,0.0000000000000000000000000000000,0,0,
마마23aa06ab,15,0,0,0,0,,,0,0,
마마23aa06ba,7,0,0,0,0,,0.0000000000000000000000000000000,0,2,
마마23aa06bb,0,0,0,0,0,,0.0000000000000000000000000000000,0,0,
마마23aa07aa,2,0,0,0,0,,12.0000000000000000000000000000000,0,0,
마마23aa07ab,0,0,0,0,0,,0.0000000000000000000000000000000,0,0,
마마23aa07ba,2,0,0,0,0,,,0,0,
마마23aa07bb,0,0,0,0,0,,,0,0,
마마23aa08aa,0,0,0,0,0,,,0,0,
마마23aa08ab,1,0,0,0,0,,19.0000000000000000000000000000000,0,0,
마마23aa08ba,2,0,0,0,0,,,0,0,
마마23aa08bb,0,0,0,0,0,,,0,0,
마마23aa09aa,0,0,0,0,0,,,0,0,
마마23aa09ab,0,0,0,0,0,,,0,0,
마마23aa09ba,0,0,0,0,0,,,0,0,
마마23aa09bb,0,0,0,0,0,,,0,0,
마마23aa10aa,0,0,0,0,0,,,0,0,
마마23aa10ab,0,0,0,0,0,,,0,0,
마마23aa10ba,0,0,0,0,0,,0.0000000000000000000000000000000,0,0,
마마23aa10bb,0,0,0,0,0,,,0,0,
마마23aa11aa,0,0,0,0,0,,,0,0,
마마23aa11ab,0,0,0,0,0,,,0,0,
마마23aa11ba,0,0,0,0,0,,,0,0,
마마23aa11bb,0,0,0,0,0,,,0,0,
마마23ab00aa,0,0,0,0,0,,,0,0,
마마23ab00ab,0,0,0,0,0,,,0,0,
마마23ab00ba,0,0,0,0,0,,,0,0,
마마23ab00bb,0,0,0,0,0,,,0,0,
마마23ab01aa,0,0,0,0,0,,,0,0,
마마23ab01ab,0,0,0,0,0,,,0,0,
마마23ab01ba,0,0,0,0,0,,,0,0,
마마23ab01bb,0,0,0,0,0,,,0,0,
마마23ab02aa,0,0,0,0,0,,,0,0,
마마23ab02ab,0,0,0,0,0,,,0,0,
마마23ab02ba,0,0,0,0,0,,,0,0,
마마23ab02bb,0,0,0,0,0,,,0,0,
마마23ab03aa,0,0,0,0,0,,,0,0,
마마23ab03ab,7,0,0,0,0,,,0,0,
마마23ab03ba,33,0,0,0,0,,6.0000000000000000000000000000000,0,0,
마마23ab03bb,9,0,0,0,0,,0.0000000000000000000000000000000,0,0,
마마23ab04aa,0,0,0,0,0,,,0,0,
마마23ab04ab,0,0,0,0,0,,,0,0,
마마23ab04ba,0,0,0,0,0,,,0,0,
마마23ab04bb,0,0,0,0,0,,,0,0,
마마23ab05aa,12,0,0,0,0,,0.0000000000000000000000000000000,0,0,
마마23ab05ab,0,0,0,0,0,,,0,0,
마마23ab05ba,0,0,0,0,0,,,0,0,
마마23ab05bb,0,0,0,0,0,,,0,0,
마마23ab06aa,0,0,0,0,0,,,0,0,
마마23ab06ab,0,0,0,0,0,,,0,0,
마마23ab06ba,0,0,0,0,0,,,0,0,
마마23ab06bb,0,0,0,0,0,,,0,0,
마마23ab07aa,0,0,0,0,0,,0.0000000000000000000000000000000,0,0,
마마23ab07ab,0,0,0,0,0,,0.0000000000000000000000000000000,0,0,
마마23ab07ba,0,0,0,0,0,,,0,0,
마마23ab07bb,0,0,0,0,0,,,0,0,
마마23ab08aa,0,0,0,0,0,,,0,0,
마마23ab08ab,1,0,0,0,0,,0.0000000000000000000000000000000,0,0,50.000000000000000
마마23ab08ba,0,0,0,0,0,,,0,0,
마마23ab08bb,0,0,0,0,0,,,0,0,
마마23ab09aa,0,0,0,0,0,,,0,0,
마마23ab09ab,0,0,0,0,0,,,0,0,
마마23ab09ba,0,0,0,0,0,,,0,0,
마마23ab09bb,0,0,0,0,0,,,0,0,
마마23ab10aa,0,0,0,0,0,,,0,0,
마마23ab10ab,0,0,0,0,0,,,0,0,
마마23ab10ba,0,0,0,0,0,,,0,0,
마마23ab10bb,0,0,0,0,0,,,0,0,
마마23ab11aa,0,0,0,0,0,,0.0000000000000000000000000000000,0,0,
마마23ab11ab,0,0,0,0,0,,8.0000000000000000000000000000000,0,0,
마마23ab11ba,0,0,0,0,0,,,0,0,
마마23ab11bb,0,0,0,0,0,,,0,0,
마마23ba00aa,0,0,0,0,0,,,0,0,
마마23ba00ab,0,0,0,0,0,,,0,0,
마마23ba00ba,0,0,0,0,0,,,0,0,
마마23ba00bb,0,0,0,0,0,,,0,0,
마마23ba01aa,0,0,0,0,0,,,0,0,
마마23ba01ab,0,0,0,0,0,,,0,0,
마마23ba01ba,0,0,0,0,0,,,0,0,
마마23ba01bb,0,0,0,0,0,,,0,0,
마마23ba02aa,0,0,0,0,0,,,0,0,
마마23ba02ab,0,0,0,0,0,,,0,0,
마마23ba02ba,0,0,0,0,0,,,0,0,
마마23ba02bb,0,0,0,0,0,,,0,0,
마마23ba03aa,0,0,0,0,0,,,0,0,
마마23ba03ab,1,0,0,0,0,,,0,0,
마마23ba03ba,19,0,0,0,0,,0.0000000000000000000000000000000,0,0,
마마23ba03bb,5,0,0,0,0,,0.0000000000000000000000000000000,0,0,
마마23ba04aa,0,0,0,0,0,,,0,0,
마마23ba04ab,0,0,0,0,0,,,0,0,
마마23ba04ba,0,0,0,0,0,,,0,0,
마마23ba04bb,0,0,0,0,0,,,0,0,
마마23ba05aa,0,0,0,0,0,,,0,0,
마마23ba05ab,0,0,0,0,0,,,0,0,
마마23ba05ba,0,0,0,0,0,,,0,0,
마마23ba05bb,0,0,0,0,0,,,0,0,
마마23ba06aa,0,0,0,0,0,,,0,0,
마마23ba06ab,0,0,0,0,0,,,0,0,
마마23ba06ba,0,0,0,0,0,,,0,0,
마마23ba06bb,0,0,0,0,0,,0.0000000000000000000000000000000,0,0,
마마23ba07aa,0,0,0,0,0,,0.0000000000000000000000000000000,0,0,
마마23ba07ab,0,0,0,0,0,,,0,0,
마마23ba07ba,0,0,0,0,0,,,0,0,
마마23ba07bb,0,0,0,0,0,,,0,0,
마마23ba08aa,0,0,0,0,0,,0.0000000000000000000000000000000,0,0,
마마23ba08ab,0,0,0,0,0,,,0,0,
마마23ba08ba,0,0,0,0,0,,,0,0,
마마23ba08bb,0,0,0,0,0,,,0,0,
마마23ba09aa,0,0,0,0,0,,,0,0,
마마23ba09ab,0,0,0,0,0,,,0,0,
마마23ba09ba,0,0,0,0,0,,,0,0,
마마23ba09bb,0,0,0,0,0,,,0,0,
마마23ba10aa,0,0,0,0,0,,,0,0,
마마23ba10ab,0,0,0,0,0,,,0,0,
마마23ba10ba,0,0,0,0,0,,,0,0,
마마23ba10bb,0,0,0,0,0,,0.0000000000000000000000000000000,0,0,
마마23ba11aa,7,0,0,0,0,,0.0000000000000000000000000000000,0,0,
마마23ba11ab,0,0,0,0,0,,,0,0,
마마23ba11ba,0,0,0,0,0,,,0,0,
마마23ba11bb,0,0,0,0,0,,,0,0,
마마23bb00aa,0,0,0,0,0,,,0,0,
마마23bb00ab,0,0,0,0,0,,,0,0,
마마23bb00ba,0,0,0,0,0,,0.0000000000000000000000000000000,0,0,
마마23bb00bb,0,0,0,0,0,,,0,0,
마마23bb01aa,0,0,0,0,0,,,0,0,
마마23bb01ab,0,0,0,0,0,,,0,0,
마마23bb01ba,0,0,0,0,0,,,0,0,
마마23bb01bb,0,0,0,0,0,,,0,0,
마마23bb02aa,0,0,0,0,0,,,0,0,
마마23bb02ab,0,0,0,0,0,,,0,0,
마마23bb02ba,0,0,0,0,0,,,0,0,
마마23bb02bb,0,0,0,0,0,,,0,0,
마마23bb03aa,0,0,0,0,0,,,0,0,
마마23bb03ab,1,0,0,0,0,,0.0000000000000000000000000000000,0,0,
마마23bb03ba,17,0,0,0,0,,0.0000000000000000000000000000000,0,0,
마마23bb03bb,1,0,0,0,0,,,0,0,
마마23bb04aa,0,0,0,0,0,,,0,0,
마마23bb04ab,0,0,0,0,0,,,0,0,
마마23bb04ba,0,0,0,0,0,,,0,0,
마마23bb04bb,0,0,0,0,0,,,0,0,
마마23bb05aa,0,0,0,0,0,,,0,0,
마마23bb05ab,0,0,0,0,0,,,0,0,
마마23bb05ba,0,0,0,0,0,,,0,0,
마마23bb05bb,0,0,0,0,0,,,0,0,
마마23bb06aa,0,0,0,0,0,,,0,0,
마마23bb06ab,0,0,0,0,0,,,0,0,
마마23bb06ba,0,0,0,0,0,,,0,0,
마마23bb06bb,0,0,0,0,0,,,0,0,
마마23bb07aa,0,0,0,0,0,,,0,0,
마마23bb07ab,0,0,0,0,0,,,0,0,
마마23bb07ba,0,0,0,0,0,,,0,0,
마마23bb07bb,0,0,0,0,0,,,0,0,
마마23bb08aa,0,0,0,0,0,,,0,0,
마마23bb08ab,0,0,0,0,0,,,0,0,
마마23bb08ba,0,0,0,0,0,,,0,0,
마마23bb08bb,0,0,0,0,0,,,0,0,
마마23bb09aa,0,0,0,0,0,,,0,0,
마마23bb09ab,0,0,0,0,0,,,0,0,
마마23bb09ba,0,0,0,0,0,,,0,0,
마마23bb09bb,0,0,0,0,0,,,0,0,
마마23bb10aa,0,0,0,0,0,,,1,0,
마마23bb10ab,0,0,0,0,0,,0.0000000000000000000000000000000,0,0,
마마23bb10ba,2,0,0,0,0,,0.0000000000000000000000000000000,0,0,
마마23bb10bb,2,0,0,0,0,,8.0000000000000000000000000000000,0,0,20.033236989999999
마마23bb11aa,0,0,0,0,0,,,0,0,
마마23bb11ab,0,0,0,0,0,,,0,0,
마마23bb11ba,0,0,0,0,0,,,0,0,
마마23bb11bb,0,0,0,0,0,,,0,0,
마마24aa00aa,0,0,0,0,0,,,0,0,
마마24aa00ab,0,0,0,0,0,,,0,0,
마마24aa00ba,0,0,0,0,0,,,0,0,
마마24aa00bb,1,0,0,0,0,,,0,0,
마마24aa01aa,0,0,0,0,0,,,0,0,
마마24aa01ab,0,0,0,0,0,,,0,0,
마마24aa01ba,0,0,0,0,0,,,0,0,
마마24aa01bb,0,0,0,0,0,,,0,0,
마마24aa02aa,0,0,0,0,0,,,0,0,
마마24aa02ab,0,0,0,0,0,,,0,0,
마마24aa02ba,1,0,0,0,0,,,0,0,
마마24aa02bb,0,0,0,0,0,,,0,0,
마마24aa03aa,0,0,0,0,0,,,0,0,
마마24aa03ab,12,0,0,0,0,,9.0000000000000000000000000000000,0,0,
마마24aa03ba,1,0,0,0,0,,52.0000000000000000000000000000000,0,0,
마마24aa03bb,2,0,0,0,0,,6.0000000000000000000000000000000,0,0,
마마24aa04aa,0,0,0,0,0,,,0,0,
마마24aa04ab,0,0,0,0,0,,,0,0,
마마24aa04ba,0,0,0,0,0,,,0,0,
마마24aa04bb,0,0,0,0,0,,,0,0,
마마24aa05aa,0,0,0,0,0,,,0,0,
마마24aa05ab,0,0,0,0,0,,,0,0,
마마24aa05ba,0,0,0,0,0,,,0,0,
마마24aa05bb,0,0,0,0,0,,,0,0,
마마24aa06aa,0,0,0,0,0,,,0,0,
마마24aa06ab,0,0,0,0,0,,,0,0,
마마24aa06ba,0,0,0,0,0,,,0,0,
마마24aa06bb,0,0,0,0,0,,,0,0,
마마24aa07aa,0,0,0,0,0,,,0,0,
마마24aa07ab,0,0,0,0,0,,,0,0,
마마24aa07ba,0,0,0,0,0,,,0,0,
마마24aa07bb,0,0,0,0,0,,,0,0,
마마24aa08aa,0,0,0,0,0,,,0,0,
마마24aa08ab,0,0,0,0,0,,,0,0,
마마24aa08ba,0,0,0,0,0,,,0,0,
마마24aa08bb,0,0,0,0,0,,,0,0,
마마24aa09aa,0,0,0,0,0,,,0,0,
마마24aa09ab,0,0,0,0,0,,,0,0,
마마24aa09ba,0,0,0,0,0,,,0,0,
마마24aa09bb,0,0,0,0,0,,,0,0,
마마24aa10aa,0,0,0,0,0,,0.0000000000000000000000000000000,0,0,
마마24aa10ab,0,0,0,0,0,,,0,0,
마마24aa10ba,1,0,0,0,0,,0.0000000000000000000000000000000,0,0,
마마24aa10bb,2,0,0,0,0,,0.0000000000000000000000000000000,0,0,
마마24aa11aa,0,0,0,0,0,,,0,0,
마마24aa11ab,0,0,0,0,0,,,0,0,
마마24aa11ba,0,0,0,0,0,,,0,0,
마마24aa11bb,0,0,0,0,0,,,0,0,
마마24ab00aa,2,0,0,0,0,,0.0000000000000000000000000000000,0,0,
마마24ab00ab,0,0,0,0,0,,,0,0,23.563583820000002
마마24ab00ba,6,0,0,0,0,,,0,0,
마마24ab00bb,4,0,0,0,0,,,0,0,28.500000000000000
마마24ab01aa,11,0,0,0,0,,0.0000000000000000000000000000000,0,0,
마마24ab01ab,2,0,0,0,0,,11.0000000000000000000000000000000,0,0,
마마24ab01ba,0,0,0,0,0,,,0,0,
마마24ab01bb,0,0,0,0,0,,,0,0,
마마24ab02aa,0,0,0,0,0,,,0,0,
마마24ab02ab,2,0,0,0,0,,,0,0,
마마24ab02ba,17,0,0,0,0,,,0,0,
마마24ab02bb,12,0,0,0,0,,0.0000000000000000000000000000000,0,0,
마마24ab03aa,13,2,0,0,0,,0.0000000000000000000000000000000,0,0,
마마24ab03ab,10,0,0,0,0,,0.0000000000000000000000000000000,0,0,
마마24ab03ba,3,0,0,0,0,,30.0000000000000000000000000000000,0,0,
마마24ab03bb,2,0,0,0,0,,18.0000000000000000000000000000000,0,0,
마마24ab04aa,0,0,0,0,0,,,0,0,
마마24ab04ab,0,0,0,0,0,,,0,0,
마마24ab04ba,0,0,0,0,0,,,0,0,
마마24ab04bb,0,0,0,0,0,,,0,0,
마마24ab05aa,0,0,0,0,0,,,0,0,
마마24ab05ab,0,0,0,0,0,,,0,0,
마마24ab05ba,0,0,0,0,0,,,0,0,
마마24ab05bb,0,0,0,0,0,,,0,0,
마마24ab06aa,0,0,0,0,0,,,0,0,
마마24ab06ab,0,0,0,0,0,,,0,0,
마마24ab06ba,0,0,0,0,0,,,0,0,
마마24ab06bb,0,0,0,0,0,,,0,0,
마마24ab07aa,0,0,0,0,0,,,0,0,
마마24ab07ab,0,0,0,0,0,,,0,0,
마마24ab07ba,0,0,0,0,0,,,0,0,
마마24ab07bb,0,0,0,0,0,,,0,0,
마마24ab08aa,0,0,0,0,0,,,0,0,
마마24ab08ab,0,0,0,0,0,,,0,0,
마마24ab08ba,0,0,0,0,0,,,0,0,
마마24ab08bb,0,0,0,0,0,,,0,0,
마마24ab09aa,0,0,0,0,0,,,0,0,
마마24ab09ab,0,0,0,0,0,,,0,0,
마마24ab09ba,0,0,0,0,0,,,0,0,
마마24ab09bb,0,0,0,0,0,,,0,0,
마마24ab10aa,0,0,0,0,0,,,0,0,
마마24ab10ab,0,0,0,0,0,,,0,0,
마마24ab10ba,0,0,0,0,0,,,0,0,
마마24ab10bb,0,0,0,0,0,,,0,0,
마마24ab11aa,0,0,0,0,0,,,0,0,
마마24ab11ab,0,0,0,0,0,,,0,0,
마마24ab11ba,0,0,0,0,0,,,0,0,
마마24ba00aa,0,0,0,0,0,,,0,0,
마마24ba00ab,1,0,0,0,0,,9.9999999999999982236431605997495,0,0,
마마24ba00ba,26,3,0,0,0,,0.0000000000000000000000000000000,0,0,38.276589600000001
마마24ba00bb,15,2,0,0,0,,,0,0,
마마24ba01aa,19,0,0,0,0,,0.0000000000000000000000000000000,0,0,
마마24ba01ab,5,0,0,0,0,,19.0000000000000000000000000000000,0,0,
마마24ba01ba,0,0,0,0,0,,,0,0,
마마24ba01bb,0,0,0,0,0,,7.0000000000000008881784197001252,0,0,
마마24ba02aa,0,0,0,0,0,,0.0000000000000000000000000000000,0,0,
마마24ba02ab,0,0,0,0,0,,,0,0,
마마24ba02ba,2,3,0,0,0,,,0,0,
마마24ba02bb,13,0,0,0,0,,0.0000000000000000000000000000000,0,0,
마마24ba03aa,41,1,0,0,0,,7.0000000000000008881784197001252,0,0,
마마24ba03ab,15,0,0,0,0,,9.9999999999999982236431605997495,0,0,
마마24ba03ba,3,0,0,0,0,,0.0000000000000000000000000000000,0,0,
마마24ba03bb,0,0,0,0,0,,6.0000000000000000000000000000000,9,0,
마마24ba04aa,0,0,0,0,0,,,0,0,
마마24ba04ab,0,0,0,0,0,,,0,0,
마마24ba04ba,0,0,0,0,0,,,0,0,
마마24ba04bb,0,0,0,0,0,,,0,0,
마마24ba05aa,0,0,0,0,0,,,0,0,
마마24ba05ab,0,0,0,0,0,,,0,0,
마마24ba05ba,0,0,0,0,0,,,0,0,
마마24ba05bb,0,0,0,0,0,,,0,0,
마마24ba06aa,0,0,0,0,0,,,0,0,
마마24ba06ab,0,0,0,0,0,,,0,0,
마마24ba06ba,0,0,0,0,0,,,0,0,
마마24ba06bb,0,0,0,0,0,,,0,0,
마마24ba07aa,0,0,0,0,0,,,0,0,
마마24ba07ab,0,0,0,0,0,,,0,0,
마마24ba07ba,0,0,0,0,0,,,0,0,16.000000000000000
마마24ba07bb,0,0,0,0,0,,,0,0,
마마24ba08aa,0,0,0,0,0,,,0,0,
마마24ba08ab,0,0,0,0,0,,,0,0,
마마24ba08ba,0,0,0,0,0,,,0,0,
마마24ba08bb,0,0,0,0,0,,,0,0,
마마24ba09aa,0,0,0,0,0,,,0,0,
마마24ba09ab,0,0,0,0,0,,,0,0,
마마24ba09ba,0,0,0,0,0,,,0,0,
마마24ba09bb,0,0,0,0,0,,,0,0,
마마24ba10aa,0,0,0,0,0,,,0,0,
마마24ba10ab,0,0,0,0,0,,,0,0,
마마24ba10ba,0,0,0,0,0,,,0,0,
마마24ba10bb,0,0,0,0,0,,,0,0,
마마24ba11aa,0,0,0,0,0,,,0,0,
마마24bb00aa,0,0,0,0,0,,,0,0,
마마24bb00ab,0,0,0,0,0,,,0,0,
마마24bb00ba,11,0,0,0,0,,,0,0,
마마24bb00bb,20,0,0,0,0,,0.0000000000000000000000000000000,0,0,
마마24bb01aa,19,0,0,0,0,,0.0000000000000000000000000000000,0,0,
마마24bb01ab,24,0,0,0,0,,,0,0,23.267341040000002
마마24bb01ba,11,0,0,0,0,,,0,0,
마마24bb01bb,39,0,0,0,0,,0.0000000000000000000000000000000,0,0,
마마24bb02aa,23,0,0,0,0,,6.0000000000000000000000000000000,0,0,46.940028900000001
마마24bb02ab,7,0,0,0,0,,0.0000000000000000000000000000000,0,0,
마마24bb02ba,17,2,0,0,0,,0.0000000000000000000000000000000,0,0,
마마24bb02bb,24,0,0,0,0,,0.0000000000000000000000000000000,0,0,
마마24bb03aa,18,0,0,0,0,,,0,0,
마마24bb03ab,20,0,0,0,0,,7.0000000000000008881784197001252,0,0,
마마24bb03ba,2,0,0,0,0,,,0,0,
마마24bb03bb,0,0,0,0,0,,,0,0,
마마24bb04aa,0,0,0,0,0,,,0,0,
마마24bb04ab,0,0,0,0,0,,,0,0,
마마24bb04ba,0,0,0,0,0,,,0,0,
마마24bb04bb,0,0,0,0,0,,,0,0,
마마24bb05aa,0,0,0,0,0,,,0,0,
마마24bb05ab,0,0,0,0,0,,,0,0,
마마24bb05ba,0,0,0,0,0,,,0,0,
마마24bb05bb,0,0,0,0,0,,,0,0,
마마24bb06aa,0,0,0,0,0,,,0,0,
마마24bb06ab,0,0,0,0,0,,,0,0,
마마24bb06ba,0,0,0,0,0,,,0,0,
마마24bb06bb,0,0,0,0,0,,,0,0,
마마24bb07aa,0,0,0,0,0,,,0,0,
마마24bb07ab,0,0,0,0,0,,,0,0,
마마24bb07ba,0,0,0,0,0,,,0,0,
마마24bb07bb,0,0,0,0,0,,,0,0,
마마24bb08aa,0,0,0,0,0,,,0,0,
마마24bb08ab,0,0,0,0,0,,,0,0,
마마24bb08ba,0,0,0,0,0,,,0,0,
마마24bb08bb,0,0,0,0,0,,,0,0,
마마24bb09aa,0,0,0,0,0,,,0,0,
마마24bb09ab,0,0,0,0,0,,,0,0,
마마24bb09ba,0,0,0,0,0,,,0,0,
마마24bb09bb,0,0,0,0,0,,,0,0,
마마24bb10aa,0,0,0,0,0,,,0,0,
마마24bb10ab,0,0,0,0,0,,,0,0,
마마25aa00aa,1,0,0,0,0,,,0,0,
마마25aa00ab,0,0,0,0,0,,,0,0,
마마25aa00ba,0,0,0,0,0,,,0,0,
마마25aa00bb,0,0,0,0,0,,,0,0,
마마25aa01aa,17,0,0,0,0,,0.0000000000000000000000000000000,0,0,
마마25aa01ab,39,0,0,0,0,,12.0000000000000000000000000000000,0,0,21.000000000000000
마마25aa01ba,34,0,0,0,0,,0.0000000000000000000000000000000,0,0,
마마25aa01bb,35,0,0,0,0,,0.0000000000000000000000000000000,0,0,
마마25aa02aa,44,0,0,0,0,,0.0000000000000000000000000000000,0,0,51.961705199999997
마마25aa02ab,20,0,0,0,0,,0.0000000000000000000000000000000,0,0,
마마25aa02ba,18,1,0,0,0,,0.0000000000000000000000000000000,0,0,
마마25aa02bb,5,0,0,0,0,,6.0000000000000000000000000000000,0,0,
마마25aa03aa,0,0,0,0,0,,,0,0,
마마25aa03ab,0,0,0,0,0,,,0,0,
마마25aa03ba,0,0,0,0,0,,,0,0,
마마25aa03bb,0,0,0,0,0,,,0,0,
마마25aa04aa,0,0,0,0,0,,,0,0,
마마25aa04ab,0,0,0,0,0,,,0,0,
마마25aa04ba,0,0,0,0,0,,,0,0,
마마25aa04bb,0,0,0,0,0,,,0,0,
마마25aa05aa,0,0,0,0,0,,,0,0,
마마25aa05ab,0,0,0,0,0,,,0,0,
마마25aa05ba,0,0,0,0,0,,,0,0,
마마25aa05bb,0,0,0,0,0,,,0,0,
마마25aa06aa,0,0,0,0,0,,,0,0,
마마25aa06ab,0,0,0,0,0,,,0,0,
마마25aa06ba,0,0,0,0,0,,,0,0,
마마25aa06bb,0,0,0,0,0,,,0,0,
마마25aa07aa,0,0,0,0,0,,,0,0,
마마25aa07ab,0,0,0,0,0,,,0,0,
마마25aa07ba,0,0,0,0,0,,,0,0,
마마25aa07bb,0,0,0,0,0,,,0,0,
마마25aa08aa,0,0,0,0,0,,,0,0,
마마25aa08ab,0,0,0,0,0,,,0,0,
마마25aa08ba,0,0,0,0,0,,,0,0,
마마25aa08bb,0,0,0,0,0,,,0,0,
마마25aa09aa,0,0,0,0,0,,,0,0,
마마25aa09ab,0,0,0,0,0,,,0,0,
마마25ab00aa,1,0,0,0,0,,,0,0,
마마25ab00ab,0,0,0,0,0,,,0,0,
마마25ab00ba,0,0,0,0,0,,,0,0,15.530346820000000
마마25ab00bb,21,0,0,0,0,,0.0000000000000000000000000000000,6,0,
마마25ab01aa,9,0,0,0,0,,,0,0,23.593208090000001
마마25ab01ab,1,0,0,0,0,,0.0000000000000000000000000000000,0,0,
마마25ab01ba,7,0,0,0,0,,,0,0,
마마25ab01bb,4,0,0,0,0,,,0,0,
마마25ab02aa,13,0,0,0,0,,,0,0,
마마25ab02ab,20,0,0,0,0,,,0,0,
마마25ab02ba,4,0,0,0,0,,,0,0,
마마25ab02bb,6,0,0,0,0,,,0,0,
마마25ab03aa,0,0,0,0,0,,,0,0,
마마25ab03ab,0,0,0,0,0,,,0,0,
마마25ab03ba,0,0,0,0,0,,,0,0,
마마25ab03bb,0,0,0,0,0,,,0,0,
마마25ab04aa,0,0,0,0,0,,,0,0,
마마25ab04ab,0,0,0,0,0,,,0,0,
마마25ab04ba,0,0,0,0,0,,,0,0,
마마25ab04bb,0,0,0,0,0,,,0,0,
마마25ab05aa,0,0,0,0,0,,,0,0,
마마25ab05ab,0,0,0,0,0,,,0,0,
마마25ab05ba,0,0,0,0,0,,,0,0,
마마25ab05bb,0,0,0,0,0,,,0,0,
마마25ab06aa,0,0,0,0,0,,,0,0,
마마25ab06ab,0,0,0,0,0,,,0,0,
마마25ab06ba,0,0,0,0,0,,,0,0,
마마25ab06bb,0,0,0,0,0,,,0,0,
마마25ab07aa,0,0,0,0,0,,,0,0,
마마25ab07ab,0,0,0,0,0,,,0,0,
마마25ab07ba,0,0,0,0,0,,,0,0,
마마25ab07bb,0,0,0,0,0,,,0,0,
마마25ab08aa,0,0,0,0,0,,,0,0,
마마25ab08ab,0,0,0,0,0,,,0,0,
마마25ab08ba,0,0,0,0,0,,,0,0,
마마25ab08bb,0,0,0,0,0,,,0,0,
마마25ab09aa,0,0,0,0,0,,,0,0,
마마25ba00aa,3,0,0,0,0,,0.0000000000000000000000000000000,0,0,
마마25ba00ab,15,0,0,0,0,,,0,0,
마마25ba00ba,13,0,0,0,0,,0.0000000000000000000000000000000,0,0,
마마25ba00bb,10,0,0,0,0,,0.0000000000000000000000000000000,0,0,16.016618500000000
마마25ba01aa,0,0,0,0,0,,,0,0,
마마25ba01ab,0,0,0,0,0,,,0,0,
마마25ba01ba,0,0,0,0,0,,,0,0,
마마25ba01bb,0,0,0,0,0,,,0,0,
마마25ba02aa,0,0,0,0,0,,,0,0,
마마25ba02ab,0,0,0,0,0,,,0,0,
마마25ba02ba,0,0,0,0,0,,,0,0,
마마25ba02bb,0,0,0,0,0,,,0,0,
마마25ba03aa,0,0,0,0,0,,,0,0,
마마25ba03ab,0,0,0,0,0,,,0,0,
마마25ba03ba,0,0,0,0,0,,,0,0,
마마25ba03bb,1,0,0,0,0,,,0,0,
마마25ba04aa,6,0,0,0,0,,0.0000000000000000000000000000000,0,0,
마마25ba04ab,1,0,0,0,0,,,0,0,
마마25ba04ba,0,0,0,0,0,,,0,0,
마마25ba04bb,0,0,0,0,0,,,0,0,
마마25ba05aa,0,0,0,0,0,,,0,0,
마마25ba05ab,0,0,0,0,0,,,0,0,
마마25ba05ba,0,0,0,0,0,,,0,0,
마마25ba05bb,0,0,0,0,0,,,0,0,
마마25ba06aa,0,0,0,0,0,,,0,0,
마마25ba06ab,0,0,0,0,0,,,0,0,
마마25ba06ba,0,0,0,0,0,,,0,0,
마마25ba06bb,0,0,0,0,0,,,0,0,
마마25ba07aa,0,0,0,0,0,,,0,0,
마마25ba07ab,0,0,0,0,0,,,0,0,
마마25ba07ba,1,0,0,0,0,,,0,0,
마마25ba07bb,0,0,0,0,0,,,0,0,
마마25ba08aa,0,0,0,0,0,,,0,0,
마마25ba08ab,0,0,0,0,0,,,0,0,
마마25ba08ba,0,0,0,0,0,,,0,0,
마마25ba08bb,0,0,0,0,0,,,0,0,
마마25bb00aa,24,3,0,0,0,,7.0000000000000008881784197001252,0,0,
마마25bb00ab,28,1,0,0,0,,8.0000000000000000000000000000000,0,0,
마마25bb00ba,16,1,0,0,0,,58.0000000000000000000000000000000,0,0,
마마25bb00bb,21,0,0,0,0,,0.0000000000000000000000000000000,0,0,
마마25bb01aa,11,0,0,0,0,,,0,0,
마마25bb01ab,0,0,0,0,0,,,0,0,
마마25bb01ba,1,0,0,0,0,,0.0000000000000000000000000000000,0,0,
마마25bb01bb,0,0,0,0,0,,,0,0,
마마25bb02aa,0,0,0,0,0,,0.0000000000000000000000000000000,0,0,
마마25bb02ab,0,0,0,0,0,,0.0000000000000000000000000000000,0,0,
마마25bb02ba,0,0,0,0,0,,,0,0,
마마25bb02bb,0,0,0,0,0,,,0,0,
마마25bb03aa,0,0,0,0,0,,,0,0,
마마25bb03ab,0,0,0,0,0,,,0,0,
마마25bb03ba,0,0,0,0,0,,,0,0,
마마25bb03bb,0,0,0,0,0,,,0,0,
마마25bb04aa,3,0,0,0,0,,,0,0,
마마25bb04ab,2,0,0,0,0,,0.0000000000000000000000000000000,0,0,
마마25bb04ba,8,0,0,0,0,,0.0000000000000000000000000000000,0,0,
마마25bb04bb,0,0,0,0,0,,0.0000000000000000000000000000000,0,0,
마마25bb05aa,0,0,0,0,0,,,0,0,
마마25bb05ab,0,0,0,0,0,,,0,0,
마마25bb05ba,0,0,0,0,0,,,0,0,
마마25bb05bb,0,0,0,0,0,,,0,0,
마마25bb06aa,0,0,0,0,0,,,0,0,
마마25bb06ab,0,0,0,0,0,,,0,0,
마마25bb06ba,0,0,0,0,0,,,0,0,
마마25bb06bb,0,0,0,0,0,,,0,0,
마마25bb07aa,0,0,0,0,0,,,0,0,
마마25bb07ab,0,0,0,0,0,,,0,0,
마마25bb07ba,0,0,0,0,0,,,0,0,
마마25bb07bb,0,0,0,0,0,,,0,0,
마마25bb08aa,0,0,0,0,0,,,0,0,
마마25bb08ab,0,0,0,0,0,,,0,0,
마마25bb08ba,0,0,0,0,0,,,0,0,
마마25bb08bb,0,0,0,0,0,,,0,0,
마마26aa00aa,10,0,0,0,0,,9.0000000000000000000000000000000,0,0,
마마26aa00ab,1,0,0,0,0,,0.0000000000000000000000000000000,0,0,
마마26aa00ba,10,0,0,0,0,,0.0000000000000000000000000000000,0,0,
마마26aa00bb,28,0,0,0,0,,0.0000000000000000000000000000000,0,0,
마마26aa01aa,30,2,0,0,0,,0.0000000000000000000000000000000,0,0,
마마26aa01ab,25,0,0,0,0,,0.0000000000000000000000000000000,0,0,
마마26aa01ba,0,0,0,0,0,,,0,0,22.142341040000002
마마26aa01bb,0,0,0,0,0,,,0,0,
마마26aa02aa,2,0,0,0,0,,0.0000000000000000000000000000000,0,0,
마마26aa02ab,0,0,0,0,0,,0.0000000000000000000000000000000,0,0,
마마26aa02ba,0,0,0,0,0,,,0,0,
마마26aa02bb,0,0,0,0,0,,,0,0,
마마26aa03aa,0,0,0,0,0,,,0,0,
마마26aa03ab,0,0,0,0,0,,,0,0,
마마26aa03ba,0,0,0,0,0,,,0,0,
마마26aa03bb,0,0,0,0,0,,,0,0,
마마26aa04aa,0,0,0,0,0,,,0,0,
마마26aa04ab,0,0,0,0,0,,,0,0,
마마26aa04ba,0,0,0,0,0,,,0,0,
마마26aa04bb,0,0,0,0,0,,0.0000000000000000000000000000000,0,0,
마마26aa05aa,1,0,0,0,0,,0.0000000000000000000000000000000,0,0,
마마26aa05ab,0,0,0,0,0,,,0,0,
마마26aa05ba,0,0,0,0,0,,,0,0,
마마26aa05bb,0,0,0,0,0,,,0,0,
마마26aa06aa,0,0,0,0,0,,,0,0,
마마26aa06ab,0,0,0,0,0,,,0,0,
마마26aa06ba,0,0,0,0,0,,,0,0,
마마26aa06bb,0,0,0,0,0,,,0,0,
마마26aa07aa,0,0,0,0,0,,,0,0,
마마26aa07ab,0,0,0,0,0,,,0,0,
마마26aa07ba,0,0,0,0,0,,,0,0,
마마26aa07bb,0,0,0,0,0,,,0,0,
마마26aa08aa,0,0,0,0,0,,,0,0,
마마26aa08ab,0,0,0,0,0,,,0,0,
마마26aa08ba,0,0,0,0,0,,,0,0,
마마26ab00aa,0,0,0,0,0,,0.0000000000000000000000000000000,0,0,
마마26ab00ab,0,0,0,0,0,,,0,0,
마마26ab00ba,7,0,0,0,0,,,0,0,
마마26ab00bb,23,0,0,0,0,,0.0000000000000000000000000000000,0,0,
마마26ab01aa,11,0,0,0,0,,,0,0,
마마26ab01ab,34,0,0,0,0,,7.0000000000000008881784197001252,0,0,
마마26ab01ba,14,0,0,0,0,,,0,0,
마마26ab01bb,7,0,0,0,0,,11.0000000000000000000000000000000,0,0,
마마26ab02aa,1,0,0,0,0,,25.0000000000000000000000000000000,0,0,
마마26ab02ab,0,0,0,0,0,,,0,0,
마마26ab02ba,0,0,0,0,0,,,0,0,
마마26ab02bb,0,0,0,0,0,,,0,0,
마마26ab03aa,0,0,0,0,0,,,0,0,
마마26ab03ab,0,0,0,0,0,,,0,0,
마마26ab03ba,0,0,0,0,0,,,0,0,
마마26ab03bb,0,0,0,0,0,,,0,0,
마마26ab04aa,0,0,0,0,0,,,0,0,
마마26ab04ab,0,0,0,0,0,,,0,0,
마마26ab04ba,0,0,0,0,0,,,0,0,
마마26ab04bb,0,0,0,0,0,,,0,0,
마마26ab05aa,2,0,0,0,0,,0.0000000000000000000000000000000,0,0,
마마26ab05ab,0,0,0,0,0,,,0,0,
마마26ab05ba,1,0,0,0,0,,9.0000000000000000000000000000000,0,0,
마마26ab05bb,1,0,0,0,0,,0.0000000000000000000000000000000,0,0,
마마26ab06aa,2,0,0,0,0,,14.0000000000000017763568394002505,0,0,
마마26ab06ab,5,0,0,0,0,,7.0000000000000008881784197001252,0,0,
마마26ab06ba,1,0,0,0,0,,7.0000000000000008881784197001252,0,0,
마마26ab06bb,0,0,0,0,0,,,0,0,
마마26ab07aa,0,0,0,0,0,,,0,0,
마마26ab07ab,0,0,0,0,0,,,0,0,
마마26ab07ba,0,0,0,0,0,,,0,0,
마마26ab07bb,8,0,0,0,0,,,0,0,
마마26ab08aa,0,0,0,0,0,,,0,0,
마마26ab08ab,0,0,0,0,0,,,0,0,
마마26ab08ba,0,0,0,0,0,,,0,0,
마마26ba00aa,3,0,0,0,0,,12.0000000000000000000000000000000,0,0,
마마26ba00ab,0,0,0,0,0,,,0,0,
마마26ba00ba,0,0,0,0,0,,,0,0,
마마26ba00bb,1,0,0,0,0,,,0,0,
마마26ba01aa,1,0,0,0,0,,,0,0,
마마26ba01ab,0,0,0,0,0,,0.0000000000000000000000000000000,0,0,
마마26ba01ba,14,1,0,0,0,,9.0000000000000000000000000000000,0,0,24.530346819999998
마마26ba01bb,14,0,0,0,0,,0.0000000000000000000000000000000,0,0,
마마26ba02aa,0,0,0,0,0,,,0,0,
마마26ba02ab,0,0,0,0,0,,0.0000000000000000000000000000000,0,0,
마마26ba02ba,0,0,0,0,0,,,0,0,
마마26ba02bb,0,0,0,0,0,,,0,0,
마마26ba03aa,0,0,0,0,0,,,0,0,
마마26ba03ab,0,0,0,0,0,,,0,0,
마마26ba03ba,0,0,0,0,0,,,0,0,
마마26ba03bb,0,0,0,0,0,,,0,0,
마마26ba04aa,0,0,0,0,0,,,0,0,
마마26ba04ab,0,0,0,0,0,,,0,0,
마마26ba04ba,0,0,0,0,0,,,0,0,
마마26ba04bb,0,0,0,0,0,,,0,0,
마마26ba05aa,1,0,0,0,0,,,0,0,
마마26ba05ab,4,0,0,0,0,,9.9999999999999982236431605997495,0,0,
마마26ba05ba,4,0,0,0,0,,25.0000000000000000000000000000000,0,0,
마마26ba05bb,3,0,0,0,0,,0.0000000000000000000000000000000,0,0,
마마26ba06aa,3,0,0,0,0,,30.0000000000000000000000000000000,6,0,
마마26ba06ab,1,0,0,0,0,,32.0000000000000000000000000000000,0,0,
마마26ba06ba,1,0,0,0,0,,12.0000000000000000000000000000000,0,0,21.000000000000000
마마26ba06bb,0,0,0,0,0,,0.0000000000000000000000000000000,0,0,
마마26ba07aa,0,0,0,0,0,,,0,0,
마마26ba07ab,0,0,0,0,0,,,0,0,
마마26ba07ba,0,0,0,0,0,,,0,0,
마마26ba07bb,5,0,0,0,0,,0.0000000000000000000000000000000,0,0,15.874277460000000
마마26ba08aa,0,0,0,0,0,,,0,0,
마마26ba08ab,0,0,0,0,0,,,0,0,
마마26ba08ba,0,0,0,0,0,,,0,0,
마마26bb00aa,2,0,0,0,0,,,0,0,
마마26bb00ab,0,0,0,0,0,,,0,0,
마마26bb00ba,0,0,0,0,0,,,0,0,
마마26bb00bb,0,0,0,0,0,,,0,0,
마마26bb01aa,0,0,0,0,0,,,0,0,
마마26bb01ab,15,0,0,0,0,,,0,0,
마마26bb01ba,35,0,0,0,0,,6.0000000000000000000000000000000,0,0,
마마26bb01bb,14,0,0,0,0,,0.0000000000000000000000000000000,0,0,
마마26bb02aa,0,0,0,0,0,,,0,0,
마마26bb02ab,0,0,0,0,0,,,0,0,
마마26bb02ba,0,0,0,0,0,,,0,0,
마마26bb02bb,0,0,0,0,0,,,0,0,
마마26bb03aa,0,0,0,0,0,,,0,0,
마마26bb03ab,0,0,0,0,0,,,0,0,
마마26bb03ba,0,0,0,0,0,,,0,0,
마마26bb03bb,0,0,0,0,0,,,0,0,
마마26bb04aa,0,0,0,0,0,,,0,0,
마마26bb04ab,0,0,0,0,0,,,0,0,
마마26bb04ba,0,0,0,0,0,,,0,0,
마마26bb04bb,0,0,0,0,0,,0.0000000000000000000000000000000,0,0,
마마26bb05aa,1,0,0,0,0,,9.9999999999999982236431605997495,0,0,
마마26bb05ab,0,0,0,0,0,,,0,0,
마마26bb05ba,0,0,0,0,0,,6.0000000000000000000000000000000,0,0,
마마26bb05bb,0,0,0,0,0,,,0,0,
마마26bb06aa,4,0,0,0,0,,8.0000000000000000000000000000000,0,0,
마마26bb06ab,7,0,0,0,0,,0.0000000000000000000000000000000,0,0,
마마26bb06ba,2,0,0,0,0,,12.0000000000000000000000000000000,0,0,
마마26bb06bb,1,0,0,0,0,,0.0000000000000000000000000000000,0,0,
마마26bb07aa,0,0,0,0,0,,,0,0,
마마26bb07ab,0,0,0,0,0,,,0,0,
마마26bb07ba,1,0,0,0,0,,,0,0,
마마26bb07bb,0,0,0,0,0,,,0,0,13.000000000000000
마마26bb08aa,0,0,0,0,0,,,0,0,
마마26bb08ab,0,0,0,0,0,,,0,0,
마마26bb08ba,0,0,0,0,0,,,0,0,
마마27aa00aa,4,0,0,0,0,,,0,0,
마마27aa00ab,6,0,0,0,0,,,0,0,
마마27aa00ba,1,0,0,0,0,,,0,0,
마마27aa00bb,0,0,0,0,0,,,0,0,
마마27aa01aa,0,0,0,0,0,,,0,0,
마마27aa01ab,5,0,0,0,0,,,0,0,
마마27aa01ba,21,0,0,0,0,,,0,0,
마마27aa01bb,11,0,0,0,0,,0.0000000000000000000000000000000,0,0,
마마27aa02aa,0,0,0,0,0,,,0,0,
마마27aa02ab,0,0,0,0,0,,,0,0,
마마27aa02ba,0,0,0,0,0,,,0,0,
마마27aa02bb,0,0,0,0,0,,,0,0,
마마27aa03aa,0,0,0,0,0,,,0,0,
마마27aa03ab,0,0,0,0,0,,,0,0,
마마27aa03ba,0,0,0,0,0,,,0,0,
마마27aa03bb,0,0,0,0,0,,,0,0,
마마27aa04aa,0,0,0,0,0,,,0,0,
마마27aa04ab,0,0,0,0,0,,,0,0,
마마27aa04ba,7,0,0,0,0,,,0,0,
마마27aa04bb,1,0,0,0,0,,0.0000000000000000000000000000000,0,0,
마마27aa05aa,0,0,0,0,0,,,0,0,
마마27aa05ab,0,0,0,0,0,,,0,0,
마마27aa05ba,0,0,0,0,0,,,0,0,
마마27aa05bb,0,0,0,0,0,,,0,0,
마마27aa06aa,0,0,0,0,0,,,0,0,
마마27aa06ab,0,0,0,0,0,,,0,0,
마마27aa06ba,0,0,0,0,0,,,0,0,45.725433529999997
마마27aa06bb,0,0,0,0,0,,,0,0,
마마27aa07aa,1,0,0,0,0,,,0,0,
마마27aa07ab,0,0,0,0,0,,,0,0,
마마27aa07ba,0,0,0,0,0,,,0,0,
마마27aa07bb,0,0,0,0,0,,,0,0,16.000000000000000
마마27aa08aa,1,0,0,0,0,,0.0000000000000000000000000000000,0,0,26.000000000000000
마마27aa08ab,0,0,0,0,0,,,0,0,
마마27aa08ba,0,0,0,0,0,,,0,0,
마마27ab00aa,0,0,0,0,0,,,0,0,
마마27ab00ab,8,0,0,0,0,,6.0000000000000000000000000000000,0,0,
마마27ab00ba,17,0,0,0,0,,0.0000000000000000000000000000000,0,0,
마마27ab00bb,20,0,0,0,0,,0.0000000000000000000000000000000,0,0,
마마27ab01aa,48,0,0,0,0,,0.0000000000000000000000000000000,0,0,
마마27ab01ab,30,0,0,0,0,,9.0000000000000000000000000000000,0,0,
마마27ab01ba,14,0,0,0,0,,0.0000000000000000000000000000000,0,0,
마마27ab01bb,31,0,0,0,0,,0.0000000000000000000000000000000,0,0,
마마27ab02aa,0,0,0,0,0,,,0,0,
마마27ab02ab,0,0,0,0,0,,,8,0,
마마27ab02ba,0,0,0,0,0,,,0,0,
마마27ab02bb,0,0,0,0,0,,,0,0,
마마27ab03aa,8,0,0,0,0,,0.0000000000000000000000000000000,0,0,
마마27ab03ab,15,0,0,0,0,,0.0000000000000000000000000000000,0,0,
마마27ab03ba,0,0,0,0,0,,,0,0,
마마27ab03bb,0,0,0,0,0,,,0,0,
마마27ab04aa,0,0,0,0,0,,,0,0,
마마27ab04ab,0,0,0,0,0,,,0,0,
마마27ab04ba,0,0,0,0,0,,,0,0,
마마27ab04bb,0,0,0,0,0,,,0,0,
마마27ab05aa,0,0,0,0,0,,,0,0,
마마27ab05ab,0,0,0,0,0,,,0,0,
마마27ab05ba,0,0,0,0,0,,,0,0,
마마27ab05bb,0,0,0,0,0,,,0,0,
마마27ab06aa,0,0,0,0,0,,,0,0,
마마27ab06ab,0,0,0,0,0,,,0,0,
마마27ab06ba,0,0,0,0,0,,,0,0,
마마27ab06bb,0,0,0,0,0,,,0,0,
마마27ab07aa,0,0,0,0,0,,,0,0,
마마27ab07ab,4,0,0,1,0,,0.0000000000000000000000000000000,0,0,37.292485550000002
마마27ab07ba,3,0,0,0,0,,58.0000000000000000000000000000000,0,0,
마마27ab07bb,0,0,0,0,0,,0.0000000000000000000000000000000,0,0,
마마27ab08aa,0,0,0,0,0,,0.0000000000000000000000000000000,0,0,
마마27ab08ab,2,0,0,0,0,,,0,0,21.000000000000000
마마27ab08ba,0,0,0,0,0,,,0,0,
마마27ba00aa,0,0,0,0,0,,,0,0,
마마27ba00ab,0,0,0,0,0,,,0,0,
마마27ba00ba,0,0,0,0,0,,,0,0,
마마27ba00bb,6,0,0,0,0,,0.0000000000000000000000000000000,0,0,
마마27ba01aa,22,0,0,0,0,,0.0000000000000000000000000000000,0,0,
마마27ba01ab,3,0,0,0,0,,,0,0,
마마27ba01ba,8,0,0,0,0,,,0,0,
마마27ba01bb,29,3,0,0,0,,0.0000000000000000000000000000000,0,0,
마마27ba02aa,0,0,0,0,0,,,0,0,
마마27ba02ab,0,0,0,0,0,,,0,0,
마마27ba02ba,7,0,0,0,0,,0.0000000000000000000000000000000,0,0,
마마27ba02bb,7,0,0,0,0,,,0,0,
마마27ba03aa,18,0,0,0,0,,0.0000000000000000000000000000000,0,0,
마마27ba03ab,15,0,0,0,0,,,0,0,
마마27ba03ba,0,0,0,0,0,,,0,0,
마마27ba03bb,0,0,0,0,0,,,0,0,
마마27ba04aa,0,0,0,0,0,,,0,0,
마마27ba04ab,0,0,0,0,0,,,0,0,
마마27ba04ba,0,0,0,0,0,,,0,0,
마마27ba04bb,0,0,0,0,0,,,0,0,
마마27ba05aa,0,0,0,0,0,,,0,0,
마마27ba05ab,0,0,0,0,0,,,0,0,
마마27ba05ba,0,0,0,0,0,,,0,0,
마마27ba05bb,0,0,0,0,0,,,0,0,
마마27ba06aa,0,0,0,0,0,,,0,0,
마마27ba06ab,0,0,0,0,0,,,0,0,
마마27ba06ba,0,0,0,0,0,,,0,0,
마마27ba06bb,0,0,0,0,0,,,0,0,
마마27ba07aa,0,0,0,0,0,,,0,0,
마마27ba07ab,0,0,0,0,0,,,0,0,
마마27ba07ba,0,0,0,0,0,,,0,0,
마마27ba07bb,0,0,0,0,0,,,0,0,
마마27ba08aa,0,0,0,0,0,,,0,0,
마마27ba08ab,1,0,0,0,0,,0.0000000000000000000000000000000,0,0,
마마27ba08ba,0,0,0,0,0,,,0,0,
마마27bb00aa,0,0,0,0,0,,,0,0,
마마27bb00ab,0,0,0,0,0,,,0,0,
마마27bb00ba,0,0,0,0,0,,,0,0,
마마27bb00bb,0,0,0,0,0,,,0,0,
마마27bb01aa,0,0,0,0,0,,,0,0,
마마27bb01ab,2,0,0,0,0,,,0,0,
마마27bb01ba,10,0,0,0,0,,,0,0,
마마27bb01bb,7,0,0,0,0,,0.0000000000000000000000000000000,0,0,
마마27bb02aa,0,0,0,0,0,,,0,0,
마마27bb02ab,0,0,0,0,0,,,0,0,
마마27bb02ba,1,0,0,0,0,,0.0000000000000000000000000000000,0,0,
마마27bb02bb,23,0,0,0,0,4.000000,23.0000000000000000000000000000000,0,0,33.000000000000000
마마27bb03aa,13,0,0,0,0,,0.0000000000000000000000000000000,0,0,
마마27bb03ab,0,0,0,0,0,,,0,0,
마마27bb03ba,0,0,0,0,0,,,0,0,
마마27bb03bb,0,0,0,0,0,,,0,0,
마마27bb04aa,0,0,0,0,0,,,0,0,
마마27bb04ab,0,0,0,0,0,,,0,0,
마마27bb04ba,0,0,0,0,0,,,0,0,
마마27bb04bb,0,0,0,0,0,,,0,0,
마마27bb05aa,0,0,0,0,0,,,0,0,
마마27bb05ab,0,0,0,0,0,,,0,0,
마마27bb05ba,0,0,0,0,0,,,0,0,
마마27bb05bb,0,0,0,0,0,,,0,0,
마마27bb06aa,0,0,0,0,0,,,0,0,
마마27bb06ab,0,0,0,0,0,,,0,0,
마마27bb06ba,0,0,0,0,0,,,0,0,
마마27bb06bb,0,0,0,0,0,,,0,0,
마마27bb07aa,0,0,0,0,0,,,0,0,
마마27bb07ab,0,0,0,0,0,,,0,0,
마마27bb07ba,0,0,0,0,0,,,0,0,
마마27bb07bb,0,0,0,0,0,,,0,0,
마마27bb08aa,2,0,0,0,0,,,0,0,
마마27bb08ab,0,0,0,0,0,,,0,0,
마마27bb08ba,0,0,0,0,0,,,0,0,
마마28aa00aa,5,0,0,0,0,,0.0000000000000000000000000000000,0,0,
마마28aa00ab,1,0,0,0,0,,,0,0,
마마28aa00ba,5,0,0,0,0,,0.0000000000000000000000000000000,0,0,
마마28aa00bb,5,0,0,0,0,,,0,0,
마마28aa01aa,13,0,0,0,0,,0.0000000000000000000000000000000,0,0,
마마28aa01ab,4,0,0,0,0,,0.0000000000000000000000000000000,0,0,
마마28aa01ba,11,0,0,0,0,,0.0000000000000000000000000000000,0,0,15.563583820000000
마마28aa01bb,56,2,0,0,0,,7.0000000000000008881784197001252,0,0,
마마28aa02aa,6,0,0,0,0,,0.0000000000000000000000000000000,0,0,
마마28aa02ab,0,0,0,0,0,,,0,0,
마마28aa02ba,55,0,0,0,0,,6.0000000000000000000000000000000,0,0,
마마28aa02bb,25,0,0,0,0,,0.0000000000000000000000000000000,0,0,
마마28aa03aa,0,0,0,0,0,,,0,0,
마마28aa03ab,0,0,0,0,0,,,0,0,
마마28aa03ba,0,0,0,0,0,,,0,0,
마마28aa03bb,0,0,0,0,0,,,0,0,
마마28aa04aa,0,0,0,0,0,,,0,0,
마마28aa04ab,0,0,0,0,0,,,0,0,
마마28aa04ba,0,0,0,0,0,,,0,0,
마마28aa04bb,0,0,0,0,0,,,0,0,
마마28aa05aa,0,0,0,0,0,,,0,0,
마마28aa05ab,0,0,0,0,0,,,0,0,
마마28aa05ba,0,0,0,0,0,,,0,0,
마마28aa05bb,0,0,0,0,0,,,0,0,
마마28aa06aa,0,0,0,0,0,,,0,0,
마마28aa06ab,0,0,0,0,0,,,0,0,
마마28aa06ba,0,0,0,0,0,,,0,0,
마마28aa06bb,0,0,0,0,0,,,0,0,
마마28aa07aa,0,0,0,0,0,,,0,0,
마마28aa07ab,0,0,0,0,0,,,0,0,
마마28aa07ba,0,0,0,0,0,,,0,0,
마마28aa07bb,0,0,0,0,0,,,0,0,
마마28aa08aa,3,0,0,0,0,,,0,0,
마마28aa08ab,0,0,0,0,0,,,0,0,
마마28aa08ba,0,0,0,0,0,,,0,0,
마마28ab00aa,2,0,0,0,0,,0.0000000000000000000000000000000,0,0,
마마28ab00ab,31,0,0,0,0,,0.0000000000000000000000000000000,0,0,
마마28ab00ba,6,0,0,0,0,,0.0000000000000000000000000000000,0,0,
마마28ab00bb,24,0,0,0,0,,,0,0,
마마28ab01aa,31,0,0,0,0,,,0,0,24.437861269999999
마마28ab01ab,17,0,0,0,0,,0.0000000000000000000000000000000,0,0,
마마28ab01ba,45,0,0,0,0,,27.0000000000000000000000000000000,0,0,
마마28ab01bb,41,0,0,0,0,,0.0000000000000000000000000000000,0,0,
마마28ab02aa,63,0,0,0,0,,9.9999999999999982236431605997495,0,0,41.297687860000003
마마28ab02ab,26,0,0,0,0,,0.0000000000000000000000000000000,0,0,
마마28ab02ba,31,0,0,0,0,,,0,0,
마마28ab02bb,0,0,0,0,0,,,0,0,
마마28ab03aa,0,0,0,0,0,,,0,0,
마마28ab03ab,0,0,0,0,0,,,0,0,
마마28ab03ba,0,0,0,0,0,,,0,0,
마마28ab03bb,0,0,0,0,0,,,0,0,
마마28ab04aa,0,0,0,0,0,,,0,0,
마마28ab04ab,0,0,0,0,0,,,0,0,
마마28ab04ba,0,0,0,0,0,,,0,0,
마마28ab04bb,0,0,0,0,0,,,0,0,
마마28ab05aa,0,0,0,0,0,,,0,0,
마마28ab05ab,0,0,0,0,0,,,0,0,
마마28ab05ba,0,0,0,0,0,,,0,0,
마마28ab05bb,0,0,0,0,0,,,0,0,
마마28ab06aa,0,0,0,0,0,,,0,0,
마마28ab06ab,0,0,0,0,0,,0.0000000000000000000000000000000,0,0,
마마28ab06ba,0,0,0,0,0,,,0,0,
마마28ab06bb,0,0,0,0,0,,,0,0,
마마28ab07aa,0,0,0,0,0,,,0,0,
마마28ab07ab,0,0,0,0,0,,,0,0,
마마28ab07ba,0,0,0,0,0,,0.0000000000000000000000000000000,0,0,
마마28ab07bb,0,0,0,0,0,,,0,0,
마마28ab08aa,0,0,0,0,0,,,0,0,
마마28ab08ab,0,0,0,0,0,,,0,0,
마마28ab08ba,0,0,0,0,0,,,0,0,
마마28ba00aa,3,0,0,0,0,,6.0000000000000000000000000000000,0,0,
마마28ba00ab,6,0,0,0,0,,0.0000000000000000000000000000000,0,0,
마마28ba00ba,2,0,0,0,0,,0.0000000000000000000000000000000,0,0,
마마28ba00bb,26,0,0,0,0,,0.0000000000000000000000000000000,0,0,
마마28ba01aa,16,0,0,0,0,,,0,0,
마마28ba01ab,1,0,0,0,0,,,0,0,
마마28ba01ba,0,0,0,0,0,,,0,0,
마마28ba01bb,0,0,0,0,0,,,0,0,
마마28ba02aa,17,0,0,0,0,,0.0000000000000000000000000000000,0,0,
마마28ba02ab,5,0,0,0,0,,,0,0,
마마28ba02ba,7,0,0,0,0,,,0,0,
마마28ba02bb,0,0,0,0,0,,,0,0,
마마28ba03aa,0,0,0,0,0,,,0,0,
마마28ba03ab,0,0,0,0,0,,,0,0,
마마28ba03ba,0,0,0,0,0,,,0,0,
마마28ba03bb,0,0,0,0,0,,,0,0,
마마28ba04aa,0,0,0,0,0,,,0,0,
마마28ba04ab,0,0,0,0,0,,,0,0,
마마28ba04ba,0,0,0,0,0,,,0,0,
마마28ba04bb,0,0,0,0,0,,,0,0,
마마28ba05aa,0,0,0,0,0,,,0,0,
마마28ba05ab,0,0,0,0,0,,,0,0,
마마28ba05ba,0,0,0,0,0,,,0,0,
마마28ba05bb,0,0,0,0,0,,,0,0,
마마28ba06aa,0,0,0,0,0,,,0,0,
마마28ba06ab,4,0,0,0,0,,,0,0,
마마28ba06ba,1,0,0,0,0,,0.0000000000000000000000000000000,0,0,
마마28ba06bb,0,0,0,0,0,,,0,0,
마마28ba07aa,0,0,0,0,0,,,0,0,
마마28ba07ab,0,0,0,0,0,,,0,0,
마마28ba07ba,0,0,0,0,0,,,0,0,
마마28ba07bb,0,0,0,0,0,,,0,0,
마마28ba08aa,0,0,0,0,0,,,0,0,
마마28ba08ab,0,0,0,0,0,,,0,0,
마마28bb00aa,7,0,0,0,0,,15.0000000000000000000000000000000,0,0,
마마28bb00ab,0,0,0,0,0,,,0,0,
마마28bb00ba,1,0,0,0,0,,0.0000000000000000000000000000000,0,0,
마마28bb00bb,0,0,0,0,0,,,0,0,
마마28bb01aa,0,0,0,0,0,,,0,0,
마마28bb01ab,0,0,0,0,0,,,0,0,
마마28bb01ba,0,0,0,0,0,,,0,0,
마마28bb01bb,4,0,0,0,0,,,0,0,
마마28bb02aa,10,0,0,0,0,,,0,0,
마마28bb02ab,0,0,0,0,0,,,0,0,
마마28bb02ba,0,0,0,0,0,,,0,0,
마마28bb02bb,0,0,0,0,0,,,0,0,
마마28bb03aa,0,0,0,0,0,,,0,0,
마마28bb03ab,0,0,0,0,0,,,0,0,
마마28bb03ba,0,0,0,0,0,,,0,0,
마마28bb03bb,0,0,0,0,0,,,0,0,
마마28bb04aa,0,0,0,0,0,,,0,0,
마마28bb04ab,0,0,0,0,0,,,0,0,
마마28bb04ba,0,0,0,0,0,,,0,0,
마마28bb04bb,0,0,0,0,0,,,0,0,
마마28bb05aa,0,0,0,0,0,,,0,0,
마마28bb05ab,0,0,0,0,0,,,0,0,
마마28bb05ba,0,0,0,0,0,,,0,0,
마마28bb05bb,0,0,0,0,0,,,0,0,
마마28bb06aa,0,0,0,0,0,,0.0000000000000000000000000000000,0,0,
마마28bb06ab,13,0,0,0,0,,,0,0,
마마28bb06ba,27,0,0,0,0,,0.0000000000000000000000000000000,0,0,
마마28bb06bb,34,1,0,0,0,,0.0000000000000000000000000000000,0,0,
마마28bb07aa,2,0,0,0,0,,14.0000000000000017763568394002505,0,0,
마마28bb07ab,0,0,0,0,0,,,0,0,
마마28bb07ba,0,0,0,0,0,,,0,0,
마마28bb07bb,0,0,0,0,0,,,0,0,
마마28bb08aa,0,0,0,0,0,,,0,0,
마마29aa00aa,1,0,0,0,0,,0.0000000000000000000000000000000,0,0,
마마29aa00ab,0,0,0,0,0,,,0,0,
마마29aa00ba,0,0,0,0,0,,,0,0,
마마29aa00bb,0,0,0,0,0,,,0,0,
마마29aa01aa,0,0,0,0,0,,,0,0,
마마29aa01ab,0,0,0,0,0,,,0,0,
마마29aa01ba,0,0,0,0,0,,,0,0,
마마29aa01bb,10,0,0,0,0,,0.0000000000000000000000000000000,0,0,
마마29aa02aa,5,2,0,0,0,,0.0000000000000000000000000000000,0,0,
마마29aa02ab,0,0,0,0,0,,,0,0,
마마29aa02ba,0,0,0,0,0,,,0,0,
마마29aa02bb,1,0,0,0,0,,0.0000000000000000000000000000000,0,0,
마마29aa03aa,3,0,0,0,0,,,0,0,
마마29aa03ab,0,0,0,0,0,,,0,0,
마마29aa03ba,0,0,0,0,0,,,0,0,
마마29aa03bb,0,0,0,0,0,,,0,0,
마마29aa04aa,0,0,0,0,0,,,0,0,
마마29aa04ab,0,0,0,0,0,,,0,0,
마마29aa04ba,0,0,0,0,0,,,0,0,
마마29aa04bb,0,0,0,0,0,,,0,0,
마마29aa05aa,0,0,0,0,0,,,0,0,
마마29aa05ab,0,0,0,0,0,,,0,0,
마마29aa05ba,0,0,0,0,0,,,0,0,
마마29aa05bb,0,0,0,0,0,,,0,0,
마마29aa06aa,0,0,0,0,0,,0.0000000000000000000000000000000,0,0,
마마29aa06ab,4,0,0,0,0,,,0,0,
마마29aa06ba,3,0,0,0,0,,,0,0,
마마29aa06bb,2,0,0,0,0,,,0,0,
마마29aa07aa,2,0,0,0,0,,,0,0,
마마29aa07ab,0,0,0,0,0,,,0,0,
마마29aa07ba,0,0,0,0,0,,,0,0,
마마29aa07bb,0,0,0,0,0,,,0,0,
마마29aa08aa,0,0,0,0,0,,,0,0,
마마29ab00aa,3,0,0,0,0,,7.0000000000000008881784197001252,0,0,
마마29ab00ab,0,0,0,0,0,,,0,0,
마마29ab00ba,0,0,0,0,0,,,0,0,
마마29ab00bb,0,0,0,0,0,,,0,0,
마마29ab01aa,0,0,0,0,0,,,0,0,
마마29ab01ab,0,0,0,0,0,,,0,0,
마마29ab01ba,0,0,0,0,0,,,0,0,
마마29ab01bb,0,0,0,0,0,,,0,0,
마마29ab02aa,14,0,0,0,0,,,0,0,
마마29ab02ab,0,0,0,0,0,,,0,0,
마마29ab02ba,2,0,0,0,0,,,0,0,
마마29ab02bb,1,0,0,0,0,,,0,0,
마마29ab03aa,0,0,0,0,0,,,0,0,
마마29ab03ab,0,0,0,0,0,,,0,0,
마마29ab03ba,0,0,0,0,0,,,0,0,
마마29ab03bb,0,0,0,0,0,,,0,0,
마마29ab04aa,0,0,0,0,0,,,0,0,
마마29ab04ab,0,0,0,0,0,,,0,0,
마마29ab04ba,0,0,0,0,0,,,0,0,
마마29ab04bb,0,0,0,0,0,,,0,0,
마마29ab05aa,0,0,0,0,0,,,0,0,
마마29ab05ab,0,0,0,0,0,,,0,0,
마마29ab05ba,0,0,0,0,0,,,0,0,
마마29ab05bb,0,0,0,0,0,,,0,0,
마마29ab06aa,17,0,0,0,0,,9.9999999999999982236431605997495,0,0,
마마29ab06ab,19,0,0,0,0,,21.0000000000000000000000000000000,0,0,
마마29ab06ba,0,0,0,0,0,,,0,0,
마마29ab06bb,0,0,0,0,0,,0.0000000000000000000000000000000,0,0,
마마29ab07aa,0,0,0,0,0,,,0,0,
마마29ab07ab,0,0,0,0,0,,,0,0,
마마29ab07ba,0,0,0,0,0,,,0,0,
마마29ab07bb,0,0,0,0,0,,,0,0,
마마29ba00aa,5,0,0,0,0,,0.0000000000000000000000000000000,0,0,
마마29ba00ab,10,0,0,0,0,,0.0000000000000000000000000000000,0,0,
마마29ba00ba,1,0,0,0,0,,,0,0,
마마29ba00bb,1,0,0,0,0,,53.0000000000000000000000000000000,0,0,
마마29ba01aa,0,0,0,0,0,,,0,0,
마마29ba01ab,0,0,0,0,0,,,0,0,
마마29ba01ba,0,0,0,0,0,,,0,0,
마마29ba01bb,0,0,0,0,0,,,0,0,
마마29ba02aa,6,2,0,0,0,,0.0000000000000000000000000000000,0,0,
마마29ba02ab,10,0,0,0,0,,0.0000000000000000000000000000000,0,0,
마마29ba02ba,32,0,0,0,0,,24.0000000000000000000000000000000,0,0,
마마29ba02bb,6,0,0,0,0,,0.0000000000000000000000000000000,0,0,
마마29ba03aa,2,0,0,0,0,,,0,0,
마마29ba03ab,2,0,0,0,0,,,0,0,
마마29ba03ba,0,0,0,0,0,,,0,0,
마마29ba03bb,0,0,0,0,0,,,0,0,
마마29ba04aa,0,0,0,0,0,,,0,0,
마마29ba04ab,0,0,0,0,0,,,0,0,
마마29ba04ba,0,0,0,0,0,,,0,0,
마마29ba04bb,0,0,0,0,0,,,0,0,
마마29ba05aa,0,0,0,0,0,,,0,0,
마마29ba05ab,0,0,0,0,0,,,0,0,
마마29ba05ba,0,0,0,0,0,,,0,0,
마마29ba05bb,0,0,0,0,0,,,0,0,
마마29ba06aa,14,0,0,0,0,,0.0000000000000000000000000000000,0,0,
마마29ba06ab,43,0,0,0,0,,6.0000000000000000000000000000000,0,0,
마마29ba06ba,4,0,0,0,0,,0.0000000000000000000000000000000,0,0,
마마29ba06bb,0,0,0,0,0,,,0,0,
마마29ba07aa,0,0,0,0,0,,,0,0,
마마29ba07ab,0,0,0,0,0,,,0,0,
마마29ba07ba,0,0,0,0,0,,,0,0,
마마29bb00aa,0,0,0,0,0,,,0,0,
마마29bb00ab,0,0,0,0,0,,,0,0,
마마29bb00ba,5,0,0,0,0,,,0,0,
마마29bb00bb,10,0,0,0,0,,0.0000000000000000000000000000000,0,0,
마마29bb01aa,2,0,0,0,0,,0.0000000000000000000000000000000,0,0,
마마29bb01ab,1,0,0,0,0,,0.0000000000000000000000000000000,0,0,
마마29bb01ba,8,0,0,0,0,,8.0000000000000000000000000000000,0,0,
마마29bb01bb,5,0,0,0,0,,0.0000000000000000000000000000000,0,0,
마마29bb02aa,14,0,0,0,0,,9.9999999999999982236431605997495,0,0,
마마29bb02ab,16,0,0,1,0,,17.0000000000000000000000000000000,0,0,18.500000000000000
마마29bb02ba,13,0,0,0,0,,26.0000000000000000000000000000000,0,0,
마마29bb02bb,2,0,0,0,0,,0.0000000000000000000000000000000,0,0,
마마29bb03aa,0,0,0,0,0,,,0,0,
마마29bb03ab,0,0,0,0,0,,,0,0,
마마29bb03ba,0,0,0,0,0,,,0,0,
마마29bb03bb,0,0,0,0,0,,,0,0,
마마29bb04aa,0,0,0,0,0,,,0,0,
마마29bb04ab,0,0,0,0,0,,,0,0,
마마29bb04ba,0,0,0,0,0,,,0,0,
마마29bb04bb,0,0,0,0,0,,,0,0,
마마29bb05aa,0,0,0,0,0,,,2,0,
마마29bb05ab,0,0,0,0,0,,,0,0,
마마29bb05ba,0,0,0,0,0,,,0,0,
마마29bb05bb,0,0,0,0,0,,,0,0,
마마29bb06aa,0,0,0,0,0,,,0,0,
마마29bb06ab,6,0,0,0,0,,0.0000000000000000000000000000000,0,0,
마마29bb06ba,0,0,0,0,0,,,0,0,
마마29bb06bb,0,0,0,0,0,,,0,0,
마마29bb07aa,0,0,0,0,0,,,0,0,
마마29bb07ab,0,0,0,0,0,,,0,0,
마마30aa00aa,0,0,0,0,0,,,0,0,
마마30aa00ab,0,0,0,0,0,,,0,0,
마마30aa00ba,0,0,0,0,0,,,0,0,
마마30aa00bb,0,0,0,0,0,,0.0000000000000000000000000000000,0,0,
마마30aa01aa,0,0,0,0,0,,,0,0,
마마30aa01ab,4,0,0,0,0,,,0,0,
마마30aa01ba,14,0,0,0,0,,6.0000000000000000000000000000000,0,0,
마마30aa01bb,18,0,0,0,0,,15.0000000000000000000000000000000,0,0,
마마30aa02aa,37,0,0,0,0,,61.0000000000000000000000000000000,0,0,
마마30aa02ab,33,1,4,3,0,,92.0000000000000000000000000000000,47,0,34.134393060000001
마마30aa02ba,1,0,0,0,0,,,0,0,
마마30aa02bb,0,0,0,0,0,,,0,0,
마마30aa03aa,0,0,0,0,0,,,0,0,
마마30aa03ab,0,0,0,0,0,,,0,0,
마마30aa03ba,0,0,0,0,0,,,0,0,
마마30aa03bb,0,0,0,0,0,,,0,0,
마마30aa04aa,0,0,0,0,0,,,0,0,
마마30aa04ab,0,0,0,0,0,,,0,0,
마마30aa04ba,0,0,0,0,0,,,0,0,
마마30aa04bb,0,0,0,0,0,,,0,0,
마마30aa05aa,0,0,0,0,0,,,0,0,
마마30aa05ab,0,0,0,0,0,,,0,0,
마마30aa05ba,0,0,0,0,0,,,0,0,
마마30aa05bb,2,0,0,0,0,,,0,0,
마마30aa06aa,0,0,0,0,0,,,0,0,
마마30aa06ab,0,0,0,0,0,,,0,0,
마마30aa06ba,0,0,0,0,0,,,0,0,
마마30aa06bb,0,0,0,0,0,,,0,0,
마마30aa07aa,0,0,0,0,0,,,0,0,
마마30ab00aa,0,0,0,0,0,,,0,0,
마마30ab00ab,0,0,0,0,0,,,0,0,
마마30ab00ba,0,0,0,0,0,,,0,0,
마마30ab00bb,0,0,0,0,0,,,0,0,
마마30ab01aa,0,0,0,0,0,,,12,0,
마마30ab01ab,0,0,0,0,0,,,0,0,
마마30ab01ba,0,0,0,0,0,,,0,0,
마마30ab01bb,0,0,0,0,0,,,0,0,
마마30ab02aa,2,0,0,0,0,,13.0000000000000000000000000000000,0,0,
마마30ab02ab,18,2,0,0,0,,21.0000000000000000000000000000000,0,0,
마마30ab02ba,9,0,0,0,0,,,0,0,
마마30ab02bb,0,0,0,0,0,,,0,0,
마마30ab03aa,0,0,0,0,0,,0.0000000000000000000000000000000,0,0,
마마30ab03ab,0,0,0,0,0,,,0,0,
마마30ab03ba,0,0,0,0,0,,,0,0,
마마30ab03bb,0,0,0,0,0,,,0,0,
마마30ab04aa,0,0,0,0,0,,,0,0,
마마30ab04ab,17,0,0,0,0,,0.0000000000000000000000000000000,0,0,
마마30ab04ba,2,0,0,0,0,,,0,0,
마마30ab04bb,0,0,0,0,0,,,0,0,
마마30ab05aa,0,0,0,0,0,,,0,0,
마마30ab05ab,0,0,0,0,0,,0.0000000000000000000000000000000,0,0,
마마30ab05ba,12,0,0,0,0,,15.0000000000000000000000000000000,0,0,
마마30ab05bb,0,0,0,0,0,,,0,0,
마마30ab06aa,0,0,0,0,0,,,0,0,
마마30ab06ab,0,0,0,0,0,,,0,0,
마마30ab06ba,0,0,0,0,0,,,0,0,
마마30ab06bb,0,0,0,0,0,,,0,0,
마마30ba00aa,0,0,0,0,0,,,0,0,
마마30ba00ab,0,0,0,0,0,,,0,0,
마마30ba00ba,0,0,0,0,0,,,0,0,
마마30ba00bb,0,0,0,0,0,,,0,0,
마마30ba01aa,0,0,0,0,0,,,0,0,
마마30ba01ab,0,0,0,0,0,,,0,0,
마마30ba01ba,0,0,0,0,0,,,0,0,
마마30ba01bb,0,0,0,0,0,,,0,0,
마마30ba02aa,0,0,0,0,0,,,0,0,
마마30ba02ab,0,0,0,0,0,,,0,0,
마마30ba02ba,0,0,0,0,0,,,0,0,
마마30ba02bb,2,0,0,1,0,,0.0000000000000000000000000000000,0,0,
마마30ba03aa,0,0,0,0,0,,,0,0,
마마30ba03ab,11,0,0,0,0,,7.0000000000000008881784197001252,0,0,
마마30ba03ba,0,0,0,0,0,,,0,0,
마마30ba03bb,0,0,0,0,0,,,0,0,
마마30ba04aa,3,0,0,0,0,,,0,0,
마마30ba04ab,23,0,0,0,0,,0.0000000000000000000000000000000,0,0,
마마30ba04ba,1,0,0,0,0,,,0,0,
마마30ba04bb,0,0,0,0,0,,,0,0,
마마30ba05aa,0,0,0,0,0,,,0,0,
마마30ba05ab,7,0,0,0,0,,,0,0,
마마30ba05ba,12,0,0,0,0,,0.0000000000000000000000000000000,0,0,
마마30ba05bb,0,0,0,0,0,,,0,0,
마마30ba06aa,0,0,0,0,0,,,0,0,
마마30ba06ab,0,0,0,0,0,,,0,0,
마마30ba06ba,0,0,0,0,0,,,0,0,
마마30bb00aa,0,0,0,0,0,,,0,0,
마마30bb00ab,0,0,0,0,0,,,0,0,
마마30bb00ba,0,0,0,0,0,,,0,0,
마마30bb00bb,0,0,0,0,0,,,0,0,
마마30bb01aa,0,0,0,0,0,,,0,0,
마마30bb01ab,0,0,0,0,0,,,0,0,
마마30bb01ba,0,0,0,0,0,,,0,0,
마마30bb01bb,0,0,0,0,0,,,0,0,
마마30bb02aa,0,0,0,0,0,,,0,0,
마마30bb02ab,0,0,0,0,0,,,0,0,
마마30bb02ba,1,0,0,0,0,,,0,0,
마마30bb02bb,15,0,0,0,0,,,0,0,
마마30bb03aa,5,0,0,0,0,,0.0000000000000000000000000000000,0,0,16.000000000000000
마마30bb03ab,4,0,0,0,0,,,0,0,
마마30bb03ba,5,0,0,0,0,,,0,0,
마마30bb03bb,18,0,0,0,0,,0.0000000000000000000000000000000,0,0,
마마30bb04aa,68,0,0,0,0,,9.9999999999999982236431605997495,0,0,
마마30bb04ab,53,0,0,0,0,,9.9999999999999982236431605997495,0,0,
마마30bb04ba,0,0,0,0,0,,,0,0,
마마30bb04bb,0,0,0,0,0,,,0,0,
마마30bb05aa,3,0,0,0,0,,,0,0,
마마30bb05ab,4,0,0,0,0,,0.0000000000000000000000000000000,0,0,
마마30bb05ba,0,0,0,0,0,,,0,0,
마마30bb05bb,0,0,0,0,0,,,0,0,
마마30bb06aa,0,0,0,0,0,,,0,0,
마마31aa00aa,1,0,0,0,0,,,0,0,
마마31aa00ab,32,0,0,0,0,,0.0000000000000000000000000000000,0,0,
마마31aa00ba,18,0,0,0,0,,0.0000000000000000000000000000000,0,0,
마마31aa00bb,38,0,0,0,0,,0.0000000000000000000000000000000,0,0,
마마31aa01aa,7,0,0,0,0,,,0,0,
마마31aa01ab,0,0,0,0,0,,,0,0,
마마31aa01ba,0,0,0,0,0,,,0,0,
마마31aa01bb,0,0,0,0,0,,,0,0,
마마31aa02aa,0,0,0,0,0,,,0,0,
마마31aa02ab,0,0,0,0,0,,,0,0,
마마31aa02ba,4,0,0,0,0,,0.0000000000000000000000000000000,0,0,
마마31aa02bb,4,0,0,0,0,,,0,0,
마마31aa03aa,14,1,0,0,0,,0.0000000000000000000000000000000,0,0,
마마31aa03ab,2,0,0,0,0,,0.0000000000000000000000000000000,0,0,
마마31aa03ba,1,0,0,0,0,,,0,0,
마마31aa03bb,18,0,0,0,0,,26.0000000000000000000000000000000,0,0,
마마31aa04aa,2,0,0,0,0,,21.0000000000000000000000000000000,0,0,
마마31aa04ab,0,0,0,0,0,,,0,0,
마마31aa04ba,0,0,0,0,0,,,0,0,
마마31aa04bb,0,0,0,0,0,,,0,0,
마마31aa05aa,0,0,0,0,0,,,0,0,
마마31aa05ab,5,0,0,0,0,,0.0000000000000000000000000000000,0,0,
마마31aa05ba,0,0,0,0,0,,,0,0,
마마31aa05bb,0,0,0,0,0,,,0,0,
마마31ab00aa,29,0,0,0,0,,0.0000000000000000000000000000000,0,0,
마마31ab00ab,66,0,0,0,0,,9.0000000000000000000000000000000,0,0,
마마31ab00ba,35,0,0,0,0,,14.0000000000000017763568394002505,0,0,
마마31ab00bb,57,0,0,0,0,,8.0000000000000000000000000000000,0,0,
마마31ab01aa,68,0,0,0,0,,6.0000000000000000000000000000000,0,0,
마마31ab01ab,76,0,0,0,0,,9.0000000000000000000000000000000,0,0,
마마31ab01ba,53,0,0,0,0,,7.0000000000000008881784197001252,0,0,
마마31ab01bb,14,0,0,0,0,,8.0000000000000000000000000000000,0,0,
마마31ab02aa,0,0,0,0,0,,,0,0,
마마31ab02ab,0,0,0,0,0,,,0,0,
마마31ab02ba,3,0,0,0,0,,,0,0,
마마31ab02bb,0,0,0,0,0,,,0,0,
마마31ab03aa,15,1,0,0,0,,6.0000000000000000000000000000000,0,0,
마마31ab03ab,0,0,0,0,0,,,0,0,
마마31ab03ba,5,0,0,0,0,,,0,0,
마마31ab03bb,0,0,0,0,0,,0.0000000000000000000000000000000,0,0,
마마31ab04aa,0,0,0,0,0,,,0,0,
마마31ab04ab,0,0,0,0,0,,,0,0,
마마31ab04ba,0,0,0,0,0,,,0,0,
마마31ab04bb,0,0,0,0,0,,,0,0,
마마31ab05aa,0,0,0,0,0,,,0,0,
마마31ab05ab,2,0,0,0,0,,0.0000000000000000000000000000000,0,0,
마마31ab05ba,0,0,0,0,0,,,0,0,
마마31ba00aa,9,0,0,0,0,,0.0000000000000000000000000000000,0,0,
마마31ba00ab,0,0,0,0,0,,,0,0,
마마31ba00ba,0,0,0,0,0,,,0,0,
마마31ba00bb,0,0,0,0,0,,,0,0,
마마31ba01aa,0,0,0,0,0,,,0,0,
마마31ba01ab,18,0,0,0,0,,0.0000000000000000000000000000000,0,0,
마마31ba01ba,52,0,0,0,0,,7.0000000000000008881784197001252,0,0,15.000000000000000
마마31ba01bb,34,0,0,0,0,,,0,0,
마마31ba02aa,13,0,0,0,0,,0.0000000000000000000000000000000,0,0,
마마31ba02ab,0,0,0,0,0,,,0,0,
마마31ba02ba,0,0,0,0,0,,,0,0,
마마31ba02bb,0,0,0,0,0,,,0,0,
마마31ba03aa,37,0,0,0,0,,0.0000000000000000000000000000000,0,0,
마마31ba03ab,0,0,0,0,0,,,0,0,
마마31ba03ba,0,0,0,0,0,,,0,0,
마마31ba03bb,0,0,0,0,0,,,0,0,
마마31ba04aa,0,0,0,0,0,,,0,0,
마마31ba04ab,0,0,0,0,0,,,0,0,
마마31ba04ba,0,0,0,0,0,,,0,0,
마마31ba04bb,0,0,0,0,0,,,0,0,
마마31ba05aa,0,0,0,0,0,,,0,0,
마마31ba05ab,0,0,0,0,0,,,0,0,
마마31ba05ba,0,0,0,0,0,,,0,0,
마마31bb00aa,0,0,0,0,0,,,0,0,
마마31bb00ab,0,0,0,0,0,,,0,0,
마마31bb00ba,0,0,0,0,0,,,0,0,
마마31bb00bb,0,0,0,0,0,,,0,0,
마마31bb01aa,0,0,0,0,0,,,0,0,
마마31bb01ab,0,0,0,0,0,,,0,0,
마마31bb01ba,1,0,0,0,0,,,0,0,
마마31bb01bb,42,0,0,0,0,,,0,0,
마마31bb02aa,33,0,0,0,0,,0.0000000000000000000000000000000,0,0,
마마31bb02ab,0,0,0,0,0,,,0,0,
마마31bb02ba,0,0,0,0,0,,,0,0,
마마31bb02bb,3,0,0,0,0,,,0,0,
마마31bb03aa,34,0,0,0,0,,0.0000000000000000000000000000000,0,0,
마마31bb03ab,0,0,0,0,0,,,0,0,
마마31bb03ba,3,0,0,0,0,,0.0000000000000000000000000000000,0,0,
마마31bb03bb,1,0,0,0,0,,0.0000000000000000000000000000000,0,0,
마마31bb04aa,0,0,0,0,0,,,0,0,
마마31bb04ab,0,0,0,0,0,,,0,0,
마마31bb04ba,0,0,0,0,0,,,0,0,
마마31bb04bb,0,0,0,0,0,,,0,0,
마마31bb05aa,0,0,0,0,0,,,0,0,
마마31bb05ab,0,0,0,0,0,,,0,0,
마마31bb05ba,0,0,0,0,0,,,0,0,
마마32aa00aa,0,0,0,0,0,,,0,0,
마마32aa00ab,0,0,0,0,0,,,0,0,
마마32aa00ba,0,0,0,0,0,,,0,0,
마마32aa00bb,0,0,0,0,0,,,0,0,
마마32aa01aa,0,0,0,0,0,,,0,0,
마마32aa01ab,0,0,0,0,0,,,0,0,
마마32aa01ba,0,0,0,0,0,,,0,0,
마마32aa01bb,2,0,0,0,0,,,0,0,
마마32aa02aa,31,0,0,0,0,,0.0000000000000000000000000000000,0,0,
마마32aa02ab,1,0,0,0,0,,,0,0,
마마32aa02ba,0,0,0,0,0,,,0,0,
마마32aa02bb,4,0,0,0,0,,0.0000000000000000000000000000000,0,0,
마마32aa03aa,18,1,0,0,0,,0.0000000000000000000000000000000,0,0,
마마32aa03ab,0,0,0,0,0,,0.0000000000000000000000000000000,0,0,
마마32aa03ba,0,0,0,0,0,,7.0000000000000008881784197001252,0,0,
마마32aa03bb,12,0,0,0,0,,0.0000000000000000000000000000000,0,0,
마마32aa04aa,0,0,0,0,0,,,0,0,
마마32aa04ab,0,0,0,0,0,,,0,0,
마마32aa04ba,0,0,0,0,0,,,0,0,
마마32aa04bb,0,0,0,0,0,,,0,0,
마마32aa05aa,0,0,0,0,0,,,0,0,
마마32aa05ab,0,0,0,0,0,,,0,0,
마마32aa05ba,0,0,0,0,0,,,0,0,
마마32ab00aa,0,0,0,0,0,,,0,0,
마마32ab00ab,0,0,0,0,0,,,0,0,
마마32ab00ba,0,0,0,0,0,,,0,0,
마마32ab00bb,0,0,0,0,0,,,0,0,
마마32ab01aa,0,0,0,0,0,,,0,0,
마마32ab01ab,0,0,0,0,0,,,0,0,
마마32ab01ba,0,0,0,0,0,,0.0000000000000000000000000000000,0,0,
마마32ab01bb,2,0,0,0,0,,0.0000000000000000000000000000000,0,0,
마마32ab02aa,17,0,0,0,0,,24.0000000000000000000000000000000,7,0,
마마32ab02ab,6,0,0,0,0,,0.0000000000000000000000000000000,0,0,36.000000000000000
마마32ab02ba,0,0,0,0,0,,,0,0,
마마32ab02bb,0,0,0,0,0,,,0,0,
마마32ab03aa,21,0,0,0,0,,0.0000000000000000000000000000000,0,0,
마마32ab03ab,0,0,0,0,0,,,0,0,
마마32ab03ba,0,0,0,0,0,,,0,0,
마마32ab03bb,0,0,0,0,0,,,0,0,
마마32ab04aa,0,0,0,0,0,,,0,0,
마마32ab04ab,0,0,0,0,0,,,0,0,
마마32ab04ba,0,0,0,0,0,,,0,0,
마마32ab04bb,2,0,0,0,0,,,0,0,
마마32ab05aa,0,0,0,0,0,,,0,0,
마마32ab05ab,0,0,0,0,0,,,0,0,
마마32ba00aa,0,0,0,0,0,,,0,0,
마마32ba00ab,0,0,0,0,0,,,0,0,
마마32ba00ba,0,0,0,0,0,,,0,0,
마마32ba00bb,0,0,0,0,0,,,0,0,
마마32ba01aa,3,0,0,0,0,,,0,0,
마마32ba01ab,10,0,0,0,0,,,0,0,
마마32ba01ba,11,0,0,0,0,,0.0000000000000000000000000000000,0,0,
마마32ba01bb,21,0,0,0,0,,,0,0,
마마32ba02aa,4,0,0,0,0,,0.0000000000000000000000000000000,0,0,
마마32ba02ab,39,0,0,0,0,,0.0000000000000000000000000000000,0,0,55.000000000000000
마마32ba02ba,1,0,0,0,0,,,0,0,
마마32ba02bb,0,0,0,0,0,,,0,0,
마마32ba03aa,17,0,0,0,0,,0.0000000000000000000000000000000,0,0,
마마32ba03ab,6,0,0,0,0,,,0,0,
마마32ba03ba,0,0,0,0,0,,,0,0,
마마32ba03bb,11,0,0,0,0,,0.0000000000000000000000000000000,0,0,
마마32ba04aa,0,0,0,0,0,,,0,0,
마마32ba04ab,0,0,0,0,0,,,0,0,
마마32ba04ba,0,0,0,0,0,,0.0000000000000000000000000000000,0,0,
마마32ba04bb,0,0,0,0,0,,0.0000000000000000000000000000000,0,0,
마마32ba05aa,0,0,0,0,0,,,0,0,
마마32ba05ab,0,0,0,0,0,,,0,0,
마마32bb00aa,0,0,0,0,0,,,0,0,
마마32bb00ab,0,0,0,0,0,,,0,0,
마마32bb00ba,0,0,0,0,0,,,0,0,
마마32bb00bb,0,0,0,0,0,,,0,0,
마마32bb01aa,0,0,0,0,0,,,0,0,
마마32bb01ab,0,0,0,0,0,,,0,0,
마마32bb01ba,18,0,0,0,0,,0.0000000000000000000000000000000,0,0,
마마32bb01bb,19,0,0,0,0,,0.0000000000000000000000000000000,0,0,
마마32bb02aa,16,0,0,0,0,,,0,0,
마마32bb02ab,27,2,0,0,0,,0.0000000000000000000000000000000,0,0,
마마32bb02ba,42,0,0,0,0,,0.0000000000000000000000000000000,0,0,
마마32bb02bb,1,0,0,0,0,,,0,0,
마마32bb03aa,1,0,0,0,0,,,0,0,
마마32bb03ab,13,0,0,0,0,,,0,0,
마마32bb03ba,6,0,0,0,0,,0.0000000000000000000000000000000,0,0,
마마32bb03bb,17,0,0,0,0,,6.0000000000000000000000000000000,0,0,
마마32bb04aa,0,0,0,0,0,,0.0000000000000000000000000000000,0,0,
마마32bb04ab,0,0,0,0,0,,11.0000000000000000000000000000000,0,0,
마마32bb04ba,1,0,0,0,0,,26.0000000000000000000000000000000,0,0,
마마32bb04bb,6,0,0,0,0,,,0,0,
마마32bb05aa,0,0,0,0,0,,,0,0,
마마33aa00aa,0,0,0,0,0,,,0,0,
마마33aa00ab,0,0,0,0,0,,,0,0,
마마33aa00ba,0,0,0,0,0,,,0,0,
마마33aa00bb,0,0,0,0,0,,,0,0,
마마33aa01aa,0,0,0,0,0,,,0,0,
마마33aa01ab,0,0,0,0,0,,,0,0,
마마33aa01ba,0,0,0,0,0,,,0,0,
마마33aa01bb,0,0,0,0,0,,,0,0,
마마33aa02aa,0,0,0,0,0,,,0,0,
마마33aa02ab,33,0,0,0,0,,0.0000000000000000000000000000000,0,0,
마마33aa02ba,35,0,0,0,0,,0.0000000000000000000000000000000,0,0,
마마33aa02bb,12,0,0,0,0,,,0,0,
마마33aa03aa,1,0,0,0,0,,,0,0,
마마33aa03ab,26,0,0,0,0,,,0,0,
마마33aa03ba,13,0,0,0,0,,,0,0,
마마33aa03bb,0,0,0,0,0,,,0,0,
마마33aa04aa,1,0,0,0,0,,14.0000000000000017763568394002505,0,0,
마마33aa04ab,5,0,0,0,0,,11.0000000000000000000000000000000,0,0,
마마33aa04ba,0,0,0,0,0,,,0,0,
마마33aa04bb,0,0,0,0,0,,,0,0,
마마33aa05aa,0,0,0,0,0,,,0,0,
마마33ab00aa,0,0,0,0,0,,,0,0,
마마33ab00ab,0,0,0,0,0,,,0,0,
마마33ab00ba,0,0,0,0,0,,,0,0,
마마33ab00bb,0,0,0,0,0,,,0,0,
마마33ab01aa,0,0,0,0,0,,,0,0,
마마33ab01ab,0,0,0,0,0,,,0,0,
마마33ab01ba,0,0,0,0,0,,,0,0,
마마33ab01bb,0,0,0,0,0,,,0,0,
마마33ab02aa,0,0,0,0,0,,,0,0,
마마33ab02ab,0,0,0,0,0,,,0,0,
마마33ab02ba,25,0,0,0,0,,0.0000000000000000000000000000000,0,0,
마마33ab02bb,30,0,0,0,0,,0.0000000000000000000000000000000,0,0,
마마33ab03aa,31,0,0,0,0,,18.0000000000000000000000000000000,0,0,
마마33ab03ab,29,1,0,0,0,,0.0000000000000000000000000000000,0,0,
마마33ab03ba,6,0,0,0,0,,15.0000000000000000000000000000000,0,0,22.608381500000000
마마33ab03bb,0,0,0,0,0,,0.0000000000000000000000000000000,0,0,
마마33ab04aa,0,0,0,0,0,,,0,0,
마마33ab04ab,0,0,0,0,0,,,0,0,
마마33ab04ba,0,0,0,0,0,,,0,0,
마마33ab04bb,0,0,0,0,0,,,0,0,
마마33ba00aa,0,0,0,0,0,,,0,0,
마마33ba00ab,0,0,0,0,0,,,0,0,
마마33ba00ba,0,0,0,0,0,,,0,0,
마마33ba00bb,0,0,0,0,0,,,0,0,
마마33ba01aa,0,0,0,0,0,,,0,0,
마마33ba01ab,0,0,0,0,0,,,0,0,
마마33ba01ba,0,0,0,0,0,,,0,0,
마마33ba01bb,0,0,0,0,0,,,0,0,
마마33ba02aa,0,0,0,0,0,,,0,0,
마마33ba02ab,6,0,0,0,0,,8.0000000000000000000000000000000,0,0,
마마33ba02ba,3,0,0,0,0,,7.0000000000000008881784197001252,0,0,
마마33ba02bb,4,0,0,0,0,,0.0000000000000000000000000000000,0,0,17.000000000000000
마마33ba03aa,0,0,0,0,0,,,0,0,
마마33ba03ab,0,0,0,0,0,,,0,0,
마마33ba03ba,0,0,0,0,0,,,0,0,
마마33ba03bb,0,0,0,0,0,,,0,0,
마마33ba04aa,0,0,0,0,0,,,0,0,
마마33ba04ab,0,0,0,0,0,,,0,0,
마마33ba04ba,0,0,0,0,0,,,0,0,
마마33bb00aa,0,0,0,0,0,,,0,0,
마마33bb00ab,0,0,0,0,0,,,0,0,
마마33bb00ba,0,0,0,0,0,,,0,0,
마마33bb00bb,0,0,0,0,0,,,0,0,
마마33bb01aa,0,0,0,0,0,,,0,0,
마마33bb01ab,0,0,0,0,0,,,0,0,
마마33bb01ba,0,0,0,0,0,,,0,0,
마마33bb01bb,0,0,0,0,0,,,0,0,
마마33bb02aa,2,0,0,0,0,,0.0000000000000000000000000000000,0,0,
마마33bb02ab,8,0,0,0,0,,0.0000000000000000000000000000000,0,0,
마마33bb02ba,0,0,0,0,0,,,0,0,
마마33bb02bb,0,0,0,0,0,,,0,0,
마마33bb03aa,0,0,0,0,0,,,0,0,
마마33bb03ab,0,0,0,0,0,,,0,0,
마마33bb03ba,0,0,0,0,0,,,0,0,
마마33bb03bb,0,0,0,0,0,,,0,0,
마마33bb04aa,0,0,0,0,0,,,0,0,
마마34aa00aa,0,0,0,0,0,,,0,0,
마마34aa00ab,0,0,0,0,0,,,0,0,
마마34aa00ba,0,0,0,0,0,,,8,0,
마마34aa00bb,24,0,0,0,0,,,0,0,
마마34aa01aa,1,0,0,0,0,,,0,0,
마마34aa01ab,0,0,0,0,0,,,0,0,
마마34aa01ba,3,0,0,0,0,,,0,0,
마마34aa01bb,3,0,0,0,0,,0.0000000000000000000000000000000,0,0,
마마34aa02aa,0,0,0,0,0,,,0,0,
마마34aa02ab,0,0,0,0,0,,,0,0,
마마34aa02ba,0,0,0,0,0,,,0,0,
마마34ab00aa,0,0,0,0,0,,,0,0,
마마34ab00ab,0,0,0,0,0,,,0,0,
마마34ab00ba,9,0,0,0,0,,,0,0,
마마34ab00bb,59,0,0,0,0,,24.0000000000000000000000000000000,0,0,
마마34ab01aa,27,0,0,0,0,,14.0000000000000017763568394002505,0,0,
마마34ab01ab,9,0,0,0,0,,,0,0,
마마34ab01ba,1,0,0,0,0,,,0,0,
마마34ab01bb,0,0,0,0,0,,,0,0,
마마34ab02aa,0,0,0,0,0,,,0,0,
마마34ab02ab,0,0,0,0,0,,,0,0,
마마34ba00aa,0,0,0,0,0,,,0,0,
마마34ba00ab,11,0,0,0,0,,,0,0,
마마34ba00ba,32,0,0,0,0,,16.0000000000000000000000000000000,0,0,
마마34ba00bb,8,0,0,0,0,,0.0000000000000000000000000000000,0,0,
마마34ba01aa,0,0,0,0,0,,,0,0,
마마34ba01ab,0,0,0,0,0,,,0,0,
마마34ba01ba,0,0,0,0,0,,,0,0,
마마34ba01bb,0,0,0,0,0,,,0,0,
마마34bb00aa,2,0,0,0,0,,,0,0,
마마34bb00ab,8,0,0,0,0,,,0,0,
마마34bb00ba,0,0,0,0,0,,0.0000000000000000000000000000000,0,0,
마마34bb00bb,0,0,0,0,0,,,0,0,
마마34bb01aa,0,0,0,0,0,,,0,0,
마마34bb01ab,0,0,0,0,0,,,0,0,
마마35aa00aa,0,0,0,0,0,,,0,0,
마마35aa00ab,0,0,0,0,0,,,0,0,
마마35aa00ba,0,0,0,0,0,,,0,0,
마마35aa00bb,0,0,0,0,0,,,0,0,
마마35ab00aa,0,0,0,0,0,,,0,0,
마마35ab00ab,1,0,0,0,0,,,0,0,
마마35ab00ba,0,0,0,0,0,,,0,0,
마마35ab00bb,0,0,0,0,0,,,0,0,
마마35ba00aa,0,0,0,0,0,,,0,0,
마마35ba00ab,1,0,0,0,0,,0.0000000000000000000000000000000,0,0,
마마35ba00ba,0,0,0,0,0,,,0,0,
마마35bb00aa,8,0,0,0,0,,15.0000000000000000000000000000000,0,0,
마마35bb00ab,0,0,0,0,0,,0.0000000000000000000000000000000,0,0,
마마35bb00ba,0,0,0,0,0,,,0,0,
마마36aa00aa,0,0,0,0,0,,,0,0,
마마36aa00ab,0,0,0,0,0,,,0,0,
마마36ab00aa,0,0,0,0,0,,,0,0,
마마36ab00ab,0,0,0,0,0,,,0,0,
마마36ba00aa,0,0,0,0,0,,,0,0,
